brakePressureFL_bar,brakePressureFR_bar,brakePressureRL_bar,brakePressureRR_bar,engineTorque_Nm,roadWheelAngle_rad
0.0,0.0,0.0,0.0,2,0.008732796116391642
0.0,0.0,0.0,0.0,2,0.008732796116391642
0.0,0.0,0.0,0.0,2,0.008732796116391642
0.0,0.0,0.0,0.0,2,0.008732796116391642
0.0,0.0,0.0,0.0,2,0.008732796116391642
0.0,0.0,0.0,0.0,2,0.008732796116391642
0.0,0.0,0.0,0.0,2,0.008732796116391642
0.0,0.0,0.0,0.0,2,0.008732796116391642
0.0,0.0,0.0,0.0,2,0.008732796116391642
0.0,0.0,0.0,0.0,2,0.008732796116391642
0.0,0.0,0.0,0.0,2,0.008732796116391642
0.0,0.0,0.0,0.0,2,0.008732796116391642
0.0,0.0,0.0,0.0,2,0.008732796116391642
0.0,0.0,0.0,0.0,2,0.008732796116391642
0.0,0.0,0.0,0.0,2,0.008732796116391642
0.0,0.0,0.0,0.0,2,0.008732796116391642
0.0,0.0,0.0,0.0,2,0.008732796116391642
0.0,0.0,0.0,0.0,3,0.008732796116391642
0.0,0.0,0.0,0.0,3,0.008732796116391642
0.0,0.0,0.0,0.0,3,0.008732796116391642
0.0,0.0,0.0,0.0,3,0.008732796116391642
0.0,0.0,0.0,0.0,3,0.008732796116391642
0.0,0.0,0.0,0.0,3,0.008732796116391642
0.0,0.0,0.0,0.0,3,0.008732796116391642
0.0,0.0,0.0,0.0,3,0.008732796116391642
0.0,0.0,0.0,0.0,3,0.008732796116391642
0.0,0.0,0.0,0.0,3,0.008732796116391642
0.0,0.0,0.0,0.0,3,0.008732796116391642
0.0,0.0,0.0,0.0,3,0.008732796116391642
0.0,0.0,0.0,0.0,3,0.008732796116391642
0.0,0.0,0.0,0.0,3,0.008732796116391642
0.0,0.0,0.0,0.0,3,0.008732796116391642
0.0,0.0,0.0,0.0,3,0.008732796116391642
0.0,0.0,0.0,0.0,3,0.008732796116391642
0.0,0.0,0.0,0.0,3,0.008732796116391642
0.0,0.0,0.0,0.0,3,0.008732796116391642
0.0,0.0,0.0,0.0,3,0.008732796116391642
0.0,0.0,0.0,0.0,3,0.008732796116391642
0.0,0.0,0.0,0.0,3,0.008732796116391642
0.0,0.0,0.0,0.0,3,0.008732796116391642
0.0,0.0,0.0,0.0,3,0.008732796116391642
0.0,0.0,0.0,0.0,3,0.008732796116391642
0.0,0.0,0.0,0.0,3,0.008732796116391642
0.0,0.0,0.0,0.0,2,0.008732796116391642
0.0,0.0,0.0,0.0,2,0.008732796116391642
0.0,0.0,0.0,0.0,3,0.008732796116391642
0.0,0.0,0.0,0.0,2,0.008732796116391642
0.0,0.0,0.0,0.0,2,0.008732796116391642
0.0,0.0,0.0,0.0,2,0.008732796116391642
0.0,0.0,0.0,0.0,2,0.008732796116391642
0.0,0.0,0.0,0.0,2,0.008732796116391642
0.0,0.0,0.0,0.0,2,0.008732796116391642
0.0,0.0,0.0,0.0,2,0.008732796116391642
0.0,0.0,0.0,0.0,2,0.008732796116391642
0.0,0.0,0.0,0.0,2,0.008732796116391642
0.0,0.0,0.0,0.0,2,0.008732796116391642
0.0,0.0,0.0,0.0,3,0.008732796116391642
0.0,0.0,0.0,0.0,3,0.008732796116391642
0.0,0.0,0.0,0.0,2,0.008732796116391642
0.0,0.0,0.0,0.0,2,0.008732796116391642
0.0,0.0,0.0,0.0,2,0.008732796116391642
0.0,0.0,0.0,0.0,2,0.008732796116391642
0.0,0.0,0.0,0.0,3,0.008732796116391642
0.0,0.0,0.0,0.0,3,0.008732796116391642
0.0,0.0,0.0,0.0,3,0.008732796116391642
0.0,0.0,0.0,0.0,3,0.008732796116391642
0.0,0.0,0.0,0.0,3,0.008732796116391642
0.0,0.0,0.0,0.0,3,0.008732796116391642
0.0,0.0,0.0,0.0,3,0.008732796116391642
0.0,0.0,0.0,0.0,2,0.008732796116391642
0.0,0.0,0.0,0.0,2,0.008732796116391642
0.0,0.0,0.0,0.0,3,0.008732796116391642
0.0,0.0,0.0,0.0,2,0.008732796116391642
0.0,0.0,0.0,0.0,2,0.008732796116391642
0.0,0.0,0.0,0.0,2,0.008732796116391642
0.0,0.0,0.0,0.0,2,0.008732796116391642
0.0,0.0,0.0,0.0,2,0.008732796116391642
0.0,0.0,0.0,0.0,2,0.008732796116391642
0.0,0.0,0.0,0.0,2,0.008732796116391642
0.0,0.0,0.0,0.0,2,0.008732796116391642
0.0,0.0,0.0,0.0,2,0.008732796116391642
0.0,0.0,0.0,0.0,2,0.008732796116391642
0.0,0.0,0.0,0.0,2,0.008732796116391642
0.0,0.0,0.0,0.0,2,0.008732796116391642
0.0,0.0,0.0,0.0,2,0.008732796116391642
0.0,0.0,0.0,0.0,2,0.008732796116391642
0.0,0.0,0.0,0.0,2,0.008732796116391642
0.0,0.0,0.0,0.0,2,0.008732796116391642
0.0,0.0,0.0,0.0,2,0.008732796116391642
0.0,0.0,0.0,0.0,2,0.008732796116391642
0.0,0.0,0.0,0.0,1,0.008732796116391642
0.0,0.0,0.0,0.0,2,0.008732796116391642
0.0,0.0,0.0,0.0,2,0.008732796116391642
0.0,0.0,0.0,0.0,2,0.008732796116391642
0.0,0.0,0.0,0.0,2,0.008732796116391642
0.0,0.0,0.0,0.0,2,0.008732796116391642
0.0,0.0,0.0,0.0,1,0.008732796116391642
0.0,0.0,0.0,0.0,1,0.008732796116391642
0.0,0.0,0.0,0.0,1,0.008732796116391642
0.0,0.0,0.0,0.0,1,0.008732796116391642
0.0,0.0,0.0,0.0,1,0.008732796116391642
0.0,0.0,0.0,0.0,1,0.008732796116391642
0.0,0.0,0.0,0.0,1,0.008732796116391642
0.0,0.0,0.0,0.0,1,0.008732796116391642
0.0,0.0,0.0,0.0,1,0.008732796116391642
0.0,0.0,0.0,0.0,1,0.008732796116391642
0.0,0.0,0.0,0.0,1,0.008732796116391642
0.0,0.0,0.0,0.0,1,0.008732796116391642
0.0,0.0,0.0,0.0,1,0.008732796116391642
0.0,0.0,0.0,0.0,1,0.008732796116391642
0.0,0.0,0.0,0.0,1,0.008732796116391642
0.0,0.0,0.0,0.0,1,0.008732796116391642
0.0,0.0,0.0,0.0,1,0.008732796116391642
0.0,0.0,0.0,0.0,1,0.008732796116391642
0.0,0.0,0.0,0.0,1,0.008732796116391642
0.0,0.0,0.0,0.0,1,0.008732796116391642
0.0,0.0,0.0,0.0,1,0.008732796116391642
0.0,0.0,0.0,0.0,1,0.008732796116391642
0.0,0.0,0.0,0.0,1,0.008732796116391642
0.0,0.0,0.0,0.0,1,0.008732796116391642
0.0,0.0,0.0,0.0,1,0.008732796116391642
0.0,0.0,0.0,0.0,1,0.008732796116391642
0.0,0.0,0.0,0.0,1,0.008732796116391642
0.0,0.0,0.0,0.0,1,0.008732796116391642
0.0,0.0,0.0,0.0,1,0.008732796116391642
0.0,0.0,0.0,0.0,1,0.008732796116391642
0.0,0.0,0.0,0.0,1,0.008732796116391642
0.0,0.0,0.0,0.0,1,0.008732796116391642
0.0,0.0,0.0,0.0,1,0.008732796116391642
0.0,0.0,0.0,0.0,1,0.008732796116391642
0.0,0.0,0.0,0.0,1,0.008732796116391642
0.0,0.0,0.0,0.0,1,0.008732796116391642
0.0,0.0,0.0,0.0,1,0.008732796116391642
0.0,0.0,0.0,0.0,1,0.008732796116391642
0.0,0.0,0.0,0.0,1,0.008732796116391642
0.0,0.0,0.0,0.0,1,0.008732796116391642
0.0,0.0,0.0,0.0,1,0.008732796116391642
0.0,0.0,0.0,0.0,1,0.008732796116391642
0.0,0.0,0.0,0.0,1,0.008732796116391642
0.0,0.0,0.0,0.0,1,0.008732796116391642
0.0,0.0,0.0,0.0,1,0.008732796116391642
0.0,0.0,0.0,0.0,1,0.008732796116391642
0.0,0.0,0.0,0.0,1,0.008732796116391642
0.0,0.0,0.0,0.0,1,0.008732796116391642
0.0,0.0,0.0,0.0,1,0.008732796116391642
0.0,0.0,0.0,0.0,1,0.008732796116391642
0.0,0.0,0.0,0.0,0,0.008732796116391642
0.0,0.0,0.0,0.0,0,0.008732796116391642
0.0,0.0,0.0,0.0,0,0.008732796116391642
0.0,0.0,0.0,0.0,0,0.008732796116391642
0.0,0.0,0.0,0.0,0,0.008732796116391642
0.0,0.0,0.0,0.0,1,0.008732796116391642
0.0,0.0,0.0,0.0,0,0.008732796116391642
0.0,0.0,0.0,0.0,0,0.008732796116391642
0.0,0.0,0.0,0.0,0,0.008732796116391642
0.0,0.0,0.0,0.0,0,0.008732796116391642
0.0,0.0,0.0,0.0,0,0.008732796116391642
0.0,0.0,0.0,0.0,0,0.008732796116391642
0.0,0.0,0.0,0.0,1,0.008732796116391642
0.0,0.0,0.0,0.0,1,0.008732796116391642
0.0,0.0,0.0,0.0,1,0.008732796116391642
0.0,0.0,0.0,0.0,1,0.008732796116391642
0.0,0.0,0.0,0.0,1,0.008732796116391642
0.0,0.0,0.0,0.0,1,0.008732796116391642
0.0,0.0,0.0,0.0,1,0.008732796116391642
0.0,0.0,0.0,0.0,1,0.008732796116391642
0.0,0.0,0.0,0.0,1,0.008732796116391642
0.0,0.0,0.0,0.0,1,0.008732796116391642
0.0,0.0,0.0,0.0,1,0.008732796116391642
0.0,0.0,0.0,0.0,1,0.008732796116391642
0.0,0.0,0.0,0.0,2,0.008732796116391642
0.0,0.0,0.0,0.0,1,0.008732796116391642
0.0,0.0,0.0,0.0,2,0.008732796116391642
0.0,0.0,0.0,0.0,2,0.008732796116391642
0.0,0.0,0.0,0.0,2,0.008732796116391642
0.0,0.0,0.0,0.0,2,0.008732796116391642
0.0,0.0,0.0,0.0,2,0.008732796116391642
0.0,0.0,0.0,0.0,2,0.008732796116391642
0.0,0.0,0.0,0.0,2,0.008732796116391642
0.0,0.0,0.0,0.0,3,0.008732796116391642
0.0,0.0,0.0,0.0,3,0.008732796116391642
0.0,0.0,0.0,0.0,3,0.008732796116391642
0.0,0.0,0.0,0.0,3,0.008732796116391642
0.0,0.0,0.0,0.0,3,0.008732796116391642
0.0,0.0,0.0,0.0,3,0.008732796116391642
0.0,0.0,0.0,0.0,3,0.008732796116391642
0.0,0.0,0.0,0.0,3,0.008732796116391642
0.0,0.0,0.0,0.0,3,0.008732796116391642
0.0,0.0,0.0,0.0,3,0.008732796116391642
0.0,0.0,0.0,0.0,3,0.008732796116391642
0.0,0.0,0.0,0.0,3,0.008732796116391642
0.0,0.0,0.0,0.0,3,0.008732796116391642
0.0,0.0,0.0,0.0,3,0.008732796116391642
0.0,0.0,0.0,0.0,3,0.008732796116391642
0.0,0.0,0.0,0.0,3,0.008732796116391642
0.0,0.0,0.0,0.0,3,0.008732796116391642
0.0,0.0,0.0,0.0,3,0.008732796116391642
0.0,0.0,0.0,0.0,3,0.008732796116391642
0.0,0.0,0.0,0.0,3,0.008732796116391642
0.0,0.0,0.0,0.0,3,0.008732796116391642
0.0,0.0,0.0,0.0,3,0.008732796116391642
0.0,0.0,0.0,0.0,3,0.008732796116391642
0.0,0.0,0.0,0.0,3,0.00860979898799176
0.0,0.0,0.0,0.0,3,0.00860979898799176
0.0,0.0,0.0,0.0,3,0.00860979898799176
0.0,0.0,0.0,0.0,3,0.00860979898799176
0.0,0.0,0.0,0.0,3,0.008732796116391642
0.0,0.0,0.0,0.0,3,0.008732796116391642
0.0,0.0,0.0,0.0,3,0.00860979898799176
0.0,0.0,0.0,0.0,3,0.00860979898799176
0.0,0.0,0.0,0.0,3,0.00860979898799176
0.0,0.0,0.0,0.0,3,0.008732796116391642
0.0,0.0,0.0,0.0,3,0.00860979898799176
0.0,0.0,0.0,0.0,3,0.00860979898799176
0.0,0.0,0.0,0.0,3,0.00860979898799176
0.0,0.0,0.0,0.0,3,0.00860979898799176
0.0,0.0,0.0,0.0,3,0.00860979898799176
0.0,0.0,0.0,0.0,3,0.00860979898799176
0.0,0.0,0.0,0.0,3,0.008732796116391642
0.0,0.0,0.0,0.0,3,0.00860979898799176
0.0,0.0,0.0,0.0,3,0.00860979898799176
0.0,0.0,0.0,0.0,3,0.00860979898799176
0.0,0.0,0.0,0.0,3,0.00860979898799176
0.0,0.0,0.0,0.0,3,0.00860979898799176
0.0,0.0,0.0,0.0,3,0.00860979898799176
0.0,0.0,0.0,0.0,3,0.00860979898799176
0.0,0.0,0.0,0.0,3,0.00860979898799176
0.0,0.0,0.0,0.0,3,0.00860979898799176
0.0,0.0,0.0,0.0,3,0.00860979898799176
0.0,0.0,0.0,0.0,3,0.00860979898799176
0.0,0.0,0.0,0.0,3,0.00860979898799176
0.0,0.0,0.0,0.0,3,0.00860979898799176
0.0,0.0,0.0,0.0,3,0.00860979898799176
0.0,0.0,0.0,0.0,3,0.00860979898799176
0.0,0.0,0.0,0.0,3,0.00860979898799176
0.0,0.0,0.0,0.0,3,0.00860979898799176
0.0,0.0,0.0,0.0,3,0.00860979898799176
0.0,0.0,0.0,0.0,3,0.00860979898799176
0.0,0.0,0.0,0.0,2,0.00860979898799176
0.0,0.0,0.0,0.0,2,0.00860979898799176
0.0,0.0,0.0,0.0,2,0.00860979898799176
0.0,0.0,0.0,0.0,2,0.00860979898799176
0.0,0.0,0.0,0.0,2,0.00860979898799176
0.0,0.0,0.0,0.0,2,0.00860979898799176
0.0,0.0,0.0,0.0,2,0.00860979898799176
0.0,0.0,0.0,0.0,2,0.00860979898799176
0.0,0.0,0.0,0.0,2,0.00860979898799176
0.0,0.0,0.0,0.0,2,0.00860979898799176
0.0,0.0,0.0,0.0,2,0.00860979898799176
0.0,0.0,0.0,0.0,2,0.00860979898799176
0.0,0.0,0.0,0.0,2,0.00860979898799176
0.0,0.0,0.0,0.0,2,0.00860979898799176
0.0,0.0,0.0,0.0,2,0.00860979898799176
0.0,0.0,0.0,0.0,2,0.00860979898799176
0.0,0.0,0.0,0.0,2,0.00860979898799176
0.0,0.0,0.0,0.0,2,0.00860979898799176
0.0,0.0,0.0,0.0,2,0.00860979898799176
0.0,0.0,0.0,0.0,2,0.00860979898799176
0.0,0.0,0.0,0.0,2,0.00860979898799176
0.0,0.0,0.0,0.0,2,0.00860979898799176
0.0,0.0,0.0,0.0,2,0.00860979898799176
0.0,0.0,0.0,0.0,2,0.00860979898799176
0.0,0.0,0.0,0.0,2,0.00860979898799176
0.0,0.0,0.0,0.0,2,0.00860979898799176
0.0,0.0,0.0,0.0,2,0.00860979898799176
0.0,0.0,0.0,0.0,2,0.00860979898799176
0.0,0.0,0.0,0.0,2,0.00860979898799176
0.0,0.0,0.0,0.0,2,0.00860979898799176
0.0,0.0,0.0,0.0,2,0.00860979898799176
0.0,0.0,0.0,0.0,2,0.00860979898799176
0.0,0.0,0.0,0.0,2,0.00860979898799176
0.0,0.0,0.0,0.0,2,0.00860979898799176
0.0,0.0,0.0,0.0,2,0.00860979898799176
0.0,0.0,0.0,0.0,2,0.00860979898799176
0.0,0.0,0.0,0.0,2,0.00860979898799176
0.0,0.0,0.0,0.0,2,0.00860979898799176
0.0,0.0,0.0,0.0,2,0.00860979898799176
0.0,0.0,0.0,0.0,2,0.00860979898799176
0.0,0.0,0.0,0.0,1,0.00860979898799176
0.0,0.0,0.0,0.0,2,0.00860979898799176
0.0,0.0,0.0,0.0,2,0.00860979898799176
0.0,0.0,0.0,0.0,2,0.00860979898799176
0.0,0.0,0.0,0.0,2,0.00860979898799176
0.0,0.0,0.0,0.0,1,0.00860979898799176
0.0,0.0,0.0,0.0,1,0.00860979898799176
0.0,0.0,0.0,0.0,1,0.00860979898799176
0.0,0.0,0.0,0.0,1,0.00860979898799176
0.0,0.0,0.0,0.0,1,0.00860979898799176
0.0,0.0,0.0,0.0,1,0.00860979898799176
0.0,0.0,0.0,0.0,1,0.00860979898799176
0.0,0.0,0.0,0.0,1,0.00860979898799176
0.0,0.0,0.0,0.0,1,0.00860979898799176
0.0,0.0,0.0,0.0,1,0.00860979898799176
0.0,0.0,0.0,0.0,1,0.00860979898799176
0.0,0.0,0.0,0.0,1,0.00860979898799176
0.1,0.1,0.0,0.0,1,0.00860979898799176
0.1,0.1,0.0,0.0,1,0.00860979898799176
1.0,1.0,0.2,0.2,1,0.00860979898799176
1.9000000000000001,1.9000000000000001,0.6000000000000001,0.6000000000000001,1,0.00860979898799176
3.4000000000000004,3.4000000000000004,1.1,1.1,1,0.00860979898799176
4.9,4.9,1.7000000000000002,1.7000000000000002,1,0.00860979898799176
6.9,6.9,2.8000000000000003,2.8000000000000003,1,0.00860979898799176
8.700000000000001,8.700000000000001,3.9000000000000004,3.9000000000000004,1,0.00860979898799176
10.3,10.3,5.1000000000000005,5.1000000000000005,1,0.00860979898799176
11.9,11.9,6.7,6.7,1,0.00860979898799176
13.3,13.3,8.200000000000001,8.200000000000001,1,0.00860979898799176
14.4,14.4,9.700000000000001,9.700000000000001,1,0.00860979898799176
15.700000000000001,15.700000000000001,11.200000000000001,11.200000000000001,1,0.00860979898799176
17.1,17.1,12.8,12.8,1,0.00860979898799176
18.400000000000002,18.400000000000002,14.3,14.3,1,0.00860979898799176
19.6,19.6,15.8,15.8,1,0.00860979898799176
20.700000000000003,20.700000000000003,17.3,17.3,2,0.00860979898799176
21.6,21.6,18.5,18.5,2,0.00860979898799176
22.3,22.3,19.6,19.6,2,0.00860979898799176
22.900000000000002,22.900000000000002,20.700000000000003,20.700000000000003,2,0.00860979898799176
23.400000000000002,23.400000000000002,21.6,21.6,2,0.00860979898799176
23.700000000000003,23.700000000000003,22.3,22.3,2,0.00860979898799176
24.0,24.0,22.900000000000002,22.900000000000002,2,0.00860979898799176
24.0,24.0,22.900000000000002,22.900000000000002,2,0.00860979898799176
24.3,24.3,23.6,23.6,2,0.00860979898799176
24.5,24.5,23.900000000000002,23.900000000000002,2,0.00860979898799176
24.6,24.6,24.200000000000003,24.200000000000003,2,0.00860979898799176
24.8,24.8,24.400000000000002,24.400000000000002,2,0.00860979898799176
25.1,25.1,24.700000000000003,24.700000000000003,2,0.00860979898799176
25.5,25.5,25.1,25.1,2,0.00860979898799176
25.900000000000002,25.900000000000002,25.5,25.5,2,0.00860979898799176
25.900000000000002,25.900000000000002,25.5,25.5,2,0.00860979898799176
26.900000000000002,26.900000000000002,26.400000000000002,26.400000000000002,2,0.00860979898799176
26.900000000000002,26.900000000000002,26.400000000000002,26.400000000000002,2,0.00860979898799176
28.0,28.0,27.5,27.5,2,0.00860979898799176
28.6,28.6,28.1,28.1,2,0.00860979898799176
29.200000000000003,29.200000000000003,28.700000000000003,28.700000000000003,2,0.00860979898799176
29.8,29.8,29.200000000000003,29.200000000000003,2,0.00860979898799176
30.3,30.3,29.700000000000003,29.700000000000003,2,0.00860979898799176
30.900000000000002,30.900000000000002,30.3,30.3,2,0.00860979898799176
31.3,31.3,30.8,30.8,2,0.00860979898799176
31.700000000000003,31.700000000000003,31.200000000000003,31.200000000000003,2,0.00860979898799176
32.1,32.1,31.6,31.6,3,0.00860979898799176
32.4,32.4,32.0,32.0,3,0.00860979898799176
32.800000000000004,32.800000000000004,32.4,32.4,2,0.00860979898799176
33.1,33.1,32.800000000000004,32.800000000000004,3,0.00860979898799176
33.5,33.5,33.2,33.2,2,0.00860979898799176
33.800000000000004,33.800000000000004,33.5,33.5,3,0.00860979898799176
34.2,34.2,33.9,33.9,3,0.00860979898799176
34.5,34.5,34.2,34.2,3,0.00860979898799176
34.9,34.9,34.6,34.6,3,0.00860979898799176
35.2,35.2,34.9,34.9,3,0.00860979898799176
35.6,35.6,35.300000000000004,35.300000000000004,3,0.00860979898799176
35.6,35.6,35.300000000000004,35.300000000000004,3,0.00860979898799176
36.2,36.2,35.9,35.9,3,0.00860979898799176
36.5,36.5,36.2,36.2,3,0.00860979898799176
36.7,36.7,36.4,36.4,2,0.00860979898799176
36.9,36.9,36.6,36.6,2,0.00860979898799176
37.0,37.0,36.800000000000004,36.800000000000004,2,0.00860979898799176
37.1,37.1,37.0,37.0,3,0.00860979898799176
37.2,37.2,37.1,37.1,3,0.00860979898799176
37.300000000000004,37.300000000000004,37.2,37.2,3,0.00860979898799176
37.4,37.4,37.300000000000004,37.300000000000004,2,0.00860979898799176
37.4,37.4,37.300000000000004,37.300000000000004,2,0.00860979898799176
37.5,37.5,37.300000000000004,37.300000000000004,2,0.00860979898799176
37.6,37.6,37.5,37.5,2,0.00860979898799176
37.6,37.6,37.5,37.5,2,0.00860979898799176
37.6,37.6,37.5,37.5,2,0.00860979898799176
37.6,37.6,37.6,37.6,2,0.00860979898799176
37.6,37.6,37.6,37.6,2,0.00860979898799176
37.6,37.6,37.6,37.6,2,0.00860979898799176
37.6,37.6,37.6,37.6,2,0.00860979898799176
37.6,37.6,37.5,37.5,2,0.00860979898799176
37.6,37.6,37.5,37.5,2,0.00860979898799176
37.6,37.6,37.5,37.5,2,0.00860979898799176
37.6,37.6,37.5,37.5,2,0.00860979898799176
37.5,37.5,37.5,37.5,2,0.00860979898799176
37.5,37.5,37.5,37.5,2,0.00860979898799176
37.5,37.5,37.4,37.4,2,0.00860979898799176
37.5,37.5,37.4,37.4,2,0.00860979898799176
37.5,37.5,37.4,37.4,2,0.00860979898799176
37.5,37.5,37.300000000000004,37.300000000000004,2,0.00860979898799176
37.5,37.5,37.300000000000004,37.300000000000004,2,0.00860979898799176
37.4,37.4,37.300000000000004,37.300000000000004,2,0.00860979898799176
37.4,37.4,37.300000000000004,37.300000000000004,2,0.00860979898799176
37.4,37.4,37.300000000000004,37.300000000000004,2,0.00860979898799176
37.4,37.4,37.300000000000004,37.300000000000004,1,0.00860979898799176
37.4,37.4,37.2,37.2,2,0.00860979898799176
37.4,37.4,37.2,37.2,2,0.00860979898799176
37.300000000000004,37.300000000000004,37.2,37.2,2,0.00860979898799176
37.300000000000004,37.300000000000004,37.2,37.2,2,0.00860979898799176
37.300000000000004,37.300000000000004,37.2,37.2,2,0.00860979898799176
37.300000000000004,37.300000000000004,37.2,37.2,2,0.00860979898799176
37.300000000000004,37.300000000000004,37.1,37.1,2,0.00860979898799176
37.300000000000004,37.300000000000004,37.1,37.1,2,0.00860979898799176
37.2,37.2,37.1,37.1,2,0.00860979898799176
37.2,37.2,37.1,37.1,2,0.00860979898799176
37.2,37.2,37.1,37.1,2,0.00860979898799176
37.2,37.2,37.1,37.1,2,0.00860979898799176
37.2,37.2,37.1,37.1,1,0.00860979898799176
37.2,37.2,37.1,37.1,1,0.00860979898799176
37.2,37.2,37.2,37.2,1,0.00860979898799176
37.4,37.4,37.300000000000004,37.300000000000004,1,0.00860979898799176
37.4,37.4,37.300000000000004,37.300000000000004,1,0.00860979898799176
37.800000000000004,37.800000000000004,37.7,37.7,1,0.00860979898799176
38.2,38.2,38.0,38.0,1,0.00860979898799176
38.7,38.7,38.5,38.5,1,0.00860979898799176
39.300000000000004,39.300000000000004,38.900000000000006,38.900000000000006,1,0.00860979898799176
39.800000000000004,39.800000000000004,39.400000000000006,39.400000000000006,1,0.00860979898799176
40.400000000000006,40.400000000000006,39.900000000000006,39.900000000000006,1,0.00860979898799176
40.800000000000004,40.800000000000004,40.400000000000006,40.400000000000006,1,0.00860979898799176
40.800000000000004,40.800000000000004,40.400000000000006,40.400000000000006,1,0.00860979898799176
41.6,41.6,41.300000000000004,41.300000000000004,1,0.00860979898799176
41.6,41.6,41.300000000000004,41.300000000000004,1,0.00860979898799176
42.2,42.2,41.900000000000006,41.900000000000006,0,0.00860979898799176
42.2,42.2,41.900000000000006,41.900000000000006,1,0.00860979898799176
42.800000000000004,42.800000000000004,42.5,42.5,1,0.00860979898799176
42.800000000000004,42.800000000000004,42.5,42.5,1,0.00860979898799176
43.400000000000006,43.400000000000006,43.1,43.1,1,0.00860979898799176
43.400000000000006,43.400000000000006,43.1,43.1,1,0.00860979898799176
43.900000000000006,43.900000000000006,43.6,43.6,1,0.00860979898799176
43.900000000000006,43.900000000000006,43.6,43.6,1,0.00860979898799176
44.2,44.2,44.0,44.0,0,0.00860979898799176
44.300000000000004,44.300000000000004,44.1,44.1,0,0.00860979898799176
44.400000000000006,44.400000000000006,44.300000000000004,44.300000000000004,0,0.00860979898799176
44.5,44.5,44.400000000000006,44.400000000000006,0,0.00860979898799176
44.5,44.5,44.400000000000006,44.400000000000006,0,0.00860979898799176
44.6,44.6,44.5,44.5,0,0.00860979898799176
44.7,44.7,44.6,44.6,1,0.00860979898799176
44.7,44.7,44.7,44.7,0,0.00860979898799176
44.800000000000004,44.800000000000004,44.7,44.7,0,0.00860979898799176
44.900000000000006,44.900000000000006,44.800000000000004,44.800000000000004,0,0.00860979898799176
44.900000000000006,44.900000000000006,44.800000000000004,44.800000000000004,0,0.00860979898799176
45.0,45.0,44.900000000000006,44.900000000000006,0,0.00860979898799176
45.1,45.1,45.0,45.0,0,0.00860979898799176
45.1,45.1,45.0,45.0,1,0.00860979898799176
45.300000000000004,45.300000000000004,45.2,45.2,1,0.00860979898799176
45.5,45.5,45.400000000000006,45.400000000000006,1,0.00860979898799176
45.6,45.6,45.5,45.5,1,0.00860979898799176
45.7,45.7,45.6,45.6,1,0.00860979898799176
45.900000000000006,45.900000000000006,45.800000000000004,45.800000000000004,1,0.00860979898799176
46.0,46.0,45.900000000000006,45.900000000000006,1,0.00860979898799176
46.1,46.1,46.0,46.0,1,0.00860979898799176
46.1,46.1,46.0,46.0,1,0.00860979898799176
46.400000000000006,46.400000000000006,46.300000000000004,46.300000000000004,1,0.00860979898799176
46.5,46.5,46.400000000000006,46.400000000000006,1,0.00860979898799176
46.7,46.7,46.5,46.5,1,0.00860979898799176
46.800000000000004,46.800000000000004,46.6,46.6,1,0.00860979898799176
46.900000000000006,46.900000000000006,46.7,46.7,1,0.00860979898799176
47.0,47.0,46.800000000000004,46.800000000000004,1,0.00860979898799176
47.1,47.1,46.900000000000006,46.900000000000006,1,0.00860979898799176
47.1,47.1,46.900000000000006,46.900000000000006,1,0.00860979898799176
47.300000000000004,47.300000000000004,47.1,47.1,1,0.00860979898799176
47.300000000000004,47.300000000000004,47.1,47.1,1,0.00860979898799176
47.5,47.5,47.400000000000006,47.400000000000006,1,0.00860979898799176
47.6,47.6,47.5,47.5,1,0.00860979898799176
47.7,47.7,47.6,47.6,1,0.00860979898799176
47.800000000000004,47.800000000000004,47.7,47.7,1,0.00860979898799176
47.900000000000006,47.900000000000006,47.800000000000004,47.800000000000004,1,0.00860979898799176
48.0,48.0,47.900000000000006,47.900000000000006,1,0.00860979898799176
48.1,48.1,48.0,48.0,1,0.00860979898799176
48.300000000000004,48.300000000000004,48.2,48.2,1,0.00860979898799176
48.5,48.5,48.300000000000004,48.300000000000004,1,0.00860979898799176
48.5,48.5,48.300000000000004,48.300000000000004,1,0.00860979898799176
48.800000000000004,48.800000000000004,48.7,48.7,1,0.00860979898799176
49.0,49.0,48.900000000000006,48.900000000000006,1,0.00860979898799176
49.2,49.2,49.1,49.1,1,0.00860979898799176
49.400000000000006,49.400000000000006,49.300000000000004,49.300000000000004,1,0.00860979898799176
49.6,49.6,49.5,49.5,1,0.00860979898799176
49.800000000000004,49.800000000000004,49.7,49.7,1,0.00860979898799176
50.0,50.0,49.900000000000006,49.900000000000006,1,0.00860979898799176
50.2,50.2,50.0,50.0,1,0.00860979898799176
50.300000000000004,50.300000000000004,50.2,50.2,1,0.00860979898799176
50.400000000000006,50.400000000000006,50.300000000000004,50.300000000000004,1,0.00860979898799176
50.6,50.6,50.5,50.5,1,0.00860979898799176
50.6,50.6,50.5,50.5,1,0.00860979898799176
50.800000000000004,50.800000000000004,50.7,50.7,1,0.00860979898799176
50.900000000000006,50.900000000000006,50.800000000000004,50.800000000000004,1,0.00860979898799176
51.0,51.0,50.900000000000006,50.900000000000006,1,0.00860979898799176
51.2,51.2,51.0,51.0,1,0.00860979898799176
51.2,51.2,51.1,51.1,1,0.00860979898799176
51.300000000000004,51.300000000000004,51.2,51.2,1,0.00860979898799176
51.400000000000006,51.400000000000006,51.300000000000004,51.300000000000004,2,0.00860979898799176
51.400000000000006,51.400000000000006,51.300000000000004,51.300000000000004,2,0.00860979898799176
51.5,51.5,51.400000000000006,51.400000000000006,2,0.00860979898799176
51.6,51.6,51.5,51.5,2,0.00860979898799176
51.6,51.6,51.5,51.5,2,0.00860979898799176
51.6,51.6,51.6,51.6,2,0.00860979898799176
51.6,51.6,51.6,51.6,2,0.00860979898799176
51.6,51.6,51.6,51.6,2,0.00860979898799176
51.6,51.6,51.6,51.6,2,0.00860979898799176
51.6,51.6,51.6,51.6,2,0.00860979898799176
51.6,51.6,51.6,51.6,2,0.00860979898799176
51.6,51.6,51.6,51.6,2,0.00860979898799176
51.6,51.6,51.6,51.6,2,0.00860979898799176
51.6,51.6,51.6,51.6,2,0.00860979898799176
51.6,51.6,51.6,51.6,2,0.00860979898799176
51.6,51.6,51.6,51.6,2,0.00860979898799176
51.6,51.6,51.6,51.6,2,0.00860979898799176
51.6,51.6,51.6,51.6,2,0.00860979898799176
51.6,51.6,51.6,51.6,2,0.00860979898799176
51.6,51.6,51.6,51.6,2,0.00860979898799176
51.6,51.6,51.5,51.5,2,0.00860979898799176
51.6,51.6,51.5,51.5,2,0.00860979898799176
51.6,51.6,51.5,51.5,2,0.00860979898799176
51.6,51.6,51.5,51.5,2,0.00860979898799176
51.5,51.5,51.5,51.5,2,0.00860979898799176
51.5,51.5,51.5,51.5,2,0.00860979898799176
51.5,51.5,51.5,51.5,2,0.00860979898799176
51.5,51.5,51.5,51.5,2,0.00860979898799176
51.5,51.5,51.5,51.5,2,0.00860979898799176
51.5,51.5,51.5,51.5,2,0.00860979898799176
51.5,51.5,51.5,51.5,2,0.00860979898799176
51.5,51.5,51.5,51.5,2,0.00860979898799176
51.5,51.5,51.5,51.5,1,0.00860979898799176
51.5,51.5,51.5,51.5,1,0.00860979898799176
51.5,51.5,51.400000000000006,51.400000000000006,1,0.00860979898799176
51.5,51.5,51.400000000000006,51.400000000000006,2,0.00860979898799176
51.5,51.5,51.400000000000006,51.400000000000006,2,0.00860979898799176
51.5,51.5,51.400000000000006,51.400000000000006,1,0.00860979898799176
51.400000000000006,51.400000000000006,51.400000000000006,51.400000000000006,1,0.00860979898799176
51.400000000000006,51.400000000000006,51.400000000000006,51.400000000000006,1,0.00860979898799176
51.400000000000006,51.400000000000006,51.400000000000006,51.400000000000006,2,0.00860979898799176
51.400000000000006,51.400000000000006,51.400000000000006,51.400000000000006,1,0.00860979898799176
51.400000000000006,51.400000000000006,51.400000000000006,51.400000000000006,1,0.00860979898799176
51.400000000000006,51.400000000000006,51.400000000000006,51.400000000000006,1,0.00860979898799176
51.400000000000006,51.400000000000006,51.400000000000006,51.400000000000006,2,0.00860979898799176
51.400000000000006,51.400000000000006,51.300000000000004,51.300000000000004,2,0.00860979898799176
51.400000000000006,51.400000000000006,51.300000000000004,51.300000000000004,1,0.00860979898799176
51.400000000000006,51.400000000000006,51.300000000000004,51.300000000000004,1,0.00860979898799176
51.300000000000004,51.300000000000004,51.300000000000004,51.300000000000004,1,0.00860979898799176
51.300000000000004,51.300000000000004,51.300000000000004,51.300000000000004,1,0.00860979898799176
51.300000000000004,51.300000000000004,51.300000000000004,51.300000000000004,0,0.00860979898799176
51.300000000000004,51.300000000000004,51.300000000000004,51.300000000000004,2,0.00860979898799176
51.300000000000004,51.300000000000004,51.300000000000004,51.300000000000004,2,0.00860979898799176
51.300000000000004,51.300000000000004,51.2,51.2,2,0.00860979898799176
51.300000000000004,51.300000000000004,51.2,51.2,2,0.00860979898799176
51.300000000000004,51.300000000000004,51.2,51.2,3,0.00860979898799176
51.300000000000004,51.300000000000004,51.2,51.2,6,0.00860979898799176
51.300000000000004,51.300000000000004,51.2,51.2,5,0.00860979898799176
51.2,51.2,51.2,51.2,5,0.00860979898799176
51.2,51.2,51.2,51.2,5,0.00860979898799176
51.2,51.2,51.2,51.2,4,0.00860979898799176
51.2,51.2,51.2,51.2,5,0.00860979898799176
51.2,51.2,51.2,51.2,6,0.00860979898799176
51.2,51.2,51.2,51.2,6,0.00860979898799176
51.2,51.2,51.1,51.1,6,0.00860979898799176
51.2,51.2,51.1,51.1,7,0.00860979898799176
51.2,51.2,51.1,51.1,7,0.00860979898799176
51.1,51.1,51.1,51.1,7,0.00860979898799176
51.1,51.1,51.1,51.1,7,0.00860979898799176
51.1,51.1,51.1,51.1,7,0.00860979898799176
51.1,51.1,51.1,51.1,6,0.00860979898799176
51.1,51.1,51.1,51.1,6,0.00860979898799176
51.1,51.1,51.1,51.1,5,0.00860979898799176
51.1,51.1,51.1,51.1,5,0.00860979898799176
51.1,51.1,51.0,51.0,4,0.00860979898799176
51.1,51.1,51.0,51.0,3,0.00860979898799176
51.1,51.1,51.0,51.0,3,0.00860979898799176
51.0,51.0,51.0,51.0,2,0.00860979898799176
51.0,51.0,51.0,51.0,2,0.00860979898799176
51.0,51.0,51.0,51.0,1,0.00860979898799176
51.0,51.0,51.0,51.0,0,0.00860979898799176
51.0,51.0,51.0,51.0,0,0.00860979898799176
51.0,51.0,51.0,51.0,-1,0.00860979898799176
51.0,51.0,51.0,51.0,-1,0.00860979898799176
51.0,51.0,51.0,51.0,-1,0.00860979898799176
51.0,51.0,51.0,51.0,-2,0.00860979898799176
51.0,51.0,50.900000000000006,50.900000000000006,-2,0.00860979898799176
51.0,51.0,50.900000000000006,50.900000000000006,-2,0.00860979898799176
51.0,51.0,50.900000000000006,50.900000000000006,-3,0.00860979898799176
51.0,51.0,50.900000000000006,50.900000000000006,-3,0.00860979898799176
50.900000000000006,50.900000000000006,50.900000000000006,50.900000000000006,-4,0.00860979898799176
50.900000000000006,50.900000000000006,50.900000000000006,50.900000000000006,-4,0.00860979898799176
50.900000000000006,50.900000000000006,50.900000000000006,50.900000000000006,-3,0.00860979898799176
50.900000000000006,50.900000000000006,50.900000000000006,50.900000000000006,-3,0.00860979898799176
50.900000000000006,50.900000000000006,50.900000000000006,50.900000000000006,-3,0.00860979898799176
50.900000000000006,50.900000000000006,50.900000000000006,50.900000000000006,-3,0.00860979898799176
50.900000000000006,50.900000000000006,50.900000000000006,50.900000000000006,-3,0.00860979898799176
50.900000000000006,50.900000000000006,50.900000000000006,50.900000000000006,-2,0.00860979898799176
50.900000000000006,50.900000000000006,50.900000000000006,50.900000000000006,-3,0.00860979898799176
50.900000000000006,50.900000000000006,50.900000000000006,50.900000000000006,-2,0.00860979898799176
50.900000000000006,50.900000000000006,50.800000000000004,50.800000000000004,-2,0.00860979898799176
50.900000000000006,50.900000000000006,50.800000000000004,50.800000000000004,-2,0.00860979898799176
50.900000000000006,50.900000000000006,50.800000000000004,50.800000000000004,-2,0.00860979898799176
50.900000000000006,50.900000000000006,50.800000000000004,50.800000000000004,-2,0.00860979898799176
50.800000000000004,50.800000000000004,50.800000000000004,50.800000000000004,-2,0.00860979898799176
50.800000000000004,50.800000000000004,50.800000000000004,50.800000000000004,-2,0.00860979898799176
50.800000000000004,50.800000000000004,50.800000000000004,50.800000000000004,-3,0.00860979898799176
50.800000000000004,50.800000000000004,50.800000000000004,50.800000000000004,-3,0.00860979898799176
50.800000000000004,50.800000000000004,50.800000000000004,50.800000000000004,-3,0.00860979898799176
50.800000000000004,50.800000000000004,50.800000000000004,50.800000000000004,-3,0.00860979898799176
50.800000000000004,50.800000000000004,50.800000000000004,50.800000000000004,-3,0.00860979898799176
50.800000000000004,50.800000000000004,50.800000000000004,50.800000000000004,-3,0.00860979898799176
50.800000000000004,50.800000000000004,50.800000000000004,50.800000000000004,-3,0.00860979898799176
50.800000000000004,50.800000000000004,50.800000000000004,50.800000000000004,-3,0.00860979898799176
50.800000000000004,50.800000000000004,50.7,50.7,-3,0.00860979898799176
50.800000000000004,50.800000000000004,50.7,50.7,-3,0.00860979898799176
50.800000000000004,50.800000000000004,50.7,50.7,-3,0.00860979898799176
50.800000000000004,50.800000000000004,50.7,50.7,-3,0.00860979898799176
50.7,50.7,50.7,50.7,-3,0.00860979898799176
50.7,50.7,50.7,50.7,-3,0.00860979898799176
50.7,50.7,50.7,50.7,-3,0.00860979898799176
50.7,50.7,50.7,50.7,-3,0.00860979898799176
50.7,50.7,50.6,50.6,-3,0.00860979898799176
50.7,50.7,50.6,50.6,-3,0.00860979898799176
50.7,50.7,50.6,50.6,-3,0.00860979898799176
50.6,50.6,50.6,50.6,-2,0.00860979898799176
50.6,50.6,50.5,50.5,-3,0.00860979898799176
50.6,50.6,50.5,50.5,-2,0.00860979898799176
50.6,50.6,50.5,50.5,-2,0.00860979898799176
50.6,50.6,50.5,50.5,-2,0.00860979898799176
50.6,50.6,50.400000000000006,50.400000000000006,-2,0.00860979898799176
50.5,50.5,50.400000000000006,50.400000000000006,-1,0.00860979898799176
50.5,50.5,50.400000000000006,50.400000000000006,-2,0.00860979898799176
50.5,50.5,50.400000000000006,50.400000000000006,-1,0.00860979898799176
50.400000000000006,50.400000000000006,50.2,50.2,-1,0.00860979898799176
50.400000000000006,50.400000000000006,50.2,50.2,-1,0.00860979898799176
50.400000000000006,50.400000000000006,50.2,50.2,-1,0.00860979898799176
50.300000000000004,50.300000000000004,50.1,50.1,0,0.00860979898799176
50.2,50.2,49.900000000000006,49.900000000000006,0,0.00860979898799176
50.1,50.1,49.7,49.7,0,0.00860979898799176
50.0,50.0,49.5,49.5,0,0.00860979898799176
49.800000000000004,49.800000000000004,49.300000000000004,49.300000000000004,0,0.00860979898799176
49.6,49.6,48.900000000000006,48.900000000000006,0,0.00860979898799176
49.400000000000006,49.400000000000006,48.6,48.6,0,0.00860979898799176
49.1,49.1,48.2,48.2,0,0.00860979898799176
48.900000000000006,48.900000000000006,47.800000000000004,47.800000000000004,0,0.00860979898799176
48.400000000000006,48.400000000000006,47.800000000000004,47.800000000000004,0,0.00860979898799176
48.2,48.2,47.5,47.5,0,0.00860979898799176
48.0,48.0,47.2,47.2,0,0.00860979898799176
48.0,48.0,47.2,47.2,0,0.00860979898799176
47.6,47.6,46.7,46.7,0,0.00860979898799176
47.400000000000006,47.400000000000006,46.6,46.6,0,0.00860979898799176
47.300000000000004,47.300000000000004,46.400000000000006,46.400000000000006,0,0.00860979898799176
47.300000000000004,47.300000000000004,46.400000000000006,46.400000000000006,0,0.00860979898799176
47.0,47.0,46.2,46.2,0,0.00860979898799176
46.900000000000006,46.900000000000006,46.1,46.1,0,0.00860979898799176
46.7,46.7,46.0,46.0,0,0.00860979898799176
46.7,46.7,46.0,46.0,0,0.00860979898799176
46.5,46.5,45.900000000000006,45.900000000000006,0,0.00860979898799176
46.400000000000006,46.400000000000006,45.800000000000004,45.800000000000004,0,0.00860979898799176
46.300000000000004,46.300000000000004,45.7,45.7,-1,0.00860979898799176
46.300000000000004,46.300000000000004,45.7,45.7,-1,0.00860979898799176
46.1,46.1,45.6,45.6,-1,0.00860979898799176
46.0,46.0,45.5,45.5,-1,0.00860979898799176
45.900000000000006,45.900000000000006,45.5,45.5,-2,0.00860979898799176
45.900000000000006,45.900000000000006,45.400000000000006,45.400000000000006,-2,0.00860979898799176
45.800000000000004,45.800000000000004,45.400000000000006,45.400000000000006,-2,0.00860979898799176
45.7,45.7,45.300000000000004,45.300000000000004,-2,0.00860979898799176
45.7,45.7,45.300000000000004,45.300000000000004,-2,0.00860979898799176
45.7,45.7,45.300000000000004,45.300000000000004,-2,0.00860979898799176
45.6,45.6,45.300000000000004,45.300000000000004,-2,0.00860979898799176
45.6,45.6,45.2,45.2,-2,0.00860979898799176
45.5,45.5,45.2,45.2,-2,0.00860979898799176
45.5,45.5,45.2,45.2,-2,0.00860979898799176
45.5,45.5,45.2,45.2,-2,0.00860979898799176
45.400000000000006,45.400000000000006,45.2,45.2,-2,0.00860979898799176
45.400000000000006,45.400000000000006,45.2,45.2,-2,0.00860979898799176
45.400000000000006,45.400000000000006,45.2,45.2,-2,0.00860979898799176
45.400000000000006,45.400000000000006,45.2,45.2,-1,0.00860979898799176
45.400000000000006,45.400000000000006,45.2,45.2,-1,0.00860979898799176
45.300000000000004,45.300000000000004,45.2,45.2,-1,0.00860979898799176
45.300000000000004,45.300000000000004,45.2,45.2,-1,0.00860979898799176
45.300000000000004,45.300000000000004,45.2,45.2,-1,0.00860979898799176
45.300000000000004,45.300000000000004,45.2,45.2,-2,0.00860979898799176
45.300000000000004,45.300000000000004,45.2,45.2,-2,0.00860979898799176
45.300000000000004,45.300000000000004,45.2,45.2,-1,0.00860979898799176
45.300000000000004,45.300000000000004,45.2,45.2,-2,0.00860979898799176
45.300000000000004,45.300000000000004,45.2,45.2,-2,0.00860979898799176
45.300000000000004,45.300000000000004,45.2,45.2,-2,0.00860979898799176
45.300000000000004,45.300000000000004,45.2,45.2,-2,0.00860979898799176
45.2,45.2,45.2,45.2,-2,0.00860979898799176
45.2,45.2,45.2,45.2,-2,0.00860979898799176
45.2,45.2,45.2,45.2,-2,0.00860979898799176
45.2,45.2,45.2,45.2,-2,0.00860979898799176
45.2,45.2,45.2,45.2,-2,0.00860979898799176
45.2,45.2,45.2,45.2,-2,0.00860979898799176
45.2,45.2,45.2,45.2,-1,0.00860979898799176
45.2,45.2,45.2,45.2,-1,0.00860979898799176
45.2,45.2,45.2,45.2,-2,0.00860979898799176
45.2,45.2,45.2,45.2,-2,0.00860979898799176
45.2,45.2,45.2,45.2,-2,0.00860979898799176
45.2,45.2,45.2,45.2,-2,0.00860979898799176
45.2,45.2,45.2,45.2,-2,0.00860979898799176
45.2,45.2,45.2,45.2,-2,0.00860979898799176
45.2,45.2,45.2,45.2,-2,0.00860979898799176
45.2,45.2,45.2,45.2,-2,0.00860979898799176
45.2,45.2,45.2,45.2,-2,0.00860979898799176
45.2,45.2,45.2,45.2,-2,0.00860979898799176
45.2,45.2,45.2,45.2,-2,0.00860979898799176
45.2,45.2,45.2,45.2,-2,0.00860979898799176
45.2,45.2,45.2,45.2,-2,0.00860979898799176
45.2,45.2,45.2,45.2,-2,0.00860979898799176
45.2,45.2,45.2,45.2,-2,0.00860979898799176
45.2,45.2,45.2,45.2,-2,0.00860979898799176
45.2,45.2,45.2,45.2,-2,0.00860979898799176
45.2,45.2,45.2,45.2,-2,0.00860979898799176
45.2,45.2,45.2,45.2,-2,0.00860979898799176
45.2,45.2,45.2,45.2,-2,0.00860979898799176
45.2,45.2,45.2,45.2,-2,0.00860979898799176
45.2,45.2,45.2,45.2,-2,0.00860979898799176
45.2,45.2,45.2,45.2,-2,0.00860979898799176
45.2,45.2,45.2,45.2,-2,0.00860979898799176
45.2,45.2,45.2,45.2,-2,0.00860979898799176
45.2,45.2,45.2,45.2,-2,0.00860979898799176
45.2,45.2,45.1,45.1,-2,0.00860979898799176
45.2,45.2,45.1,45.1,-2,0.00860979898799176
45.2,45.2,45.1,45.1,-1,0.008486801859591877
45.2,45.2,45.1,45.1,-1,0.008486801859591877
45.2,45.2,45.1,45.1,-1,0.008486801859591877
45.2,45.2,45.1,45.1,-1,0.008486801859591877
45.2,45.2,45.1,45.1,-1,0.008486801859591877
45.1,45.1,45.1,45.1,-1,0.008486801859591877
45.1,45.1,45.1,45.1,0,0.008486801859591877
45.1,45.1,45.1,45.1,0,0.008486801859591877
45.1,45.1,45.1,45.1,0,0.008486801859591877
45.1,45.1,45.1,45.1,-1,0.008486801859591877
45.1,45.1,45.1,45.1,0,0.008486801859591877
45.1,45.1,45.1,45.1,0,0.008486801859591877
45.1,45.1,45.1,45.1,0,0.008486801859591877
45.2,45.2,45.2,45.2,0,0.008486801859591877
45.2,45.2,45.1,45.1,0,0.008486801859591877
45.2,45.2,45.1,45.1,0,0.008486801859591877
45.1,45.1,45.1,45.1,0,0.008486801859591877
45.1,45.1,45.1,45.1,0,0.008486801859591877
45.1,45.1,45.1,45.1,0,0.008486801859591877
45.1,45.1,45.1,45.1,0,0.008486801859591877
45.1,45.1,45.1,45.1,0,0.00860979898799176
45.1,45.1,45.1,45.1,0,0.008486801859591877
45.1,45.1,45.1,45.1,0,0.008486801859591877
45.1,45.1,45.1,45.1,0,0.008486801859591877
45.1,45.1,45.1,45.1,0,0.008486801859591877
45.1,45.1,45.1,45.1,0,0.008486801859591877
45.1,45.1,45.1,45.1,0,0.008486801859591877
45.1,45.1,45.1,45.1,-1,0.008486801859591877
45.1,45.1,45.1,45.1,-1,0.008486801859591877
45.1,45.1,45.1,45.1,-1,0.008486801859591877
45.1,45.1,45.1,45.1,-1,0.008486801859591877
45.1,45.1,45.1,45.1,0,0.008486801859591877
45.1,45.1,45.1,45.1,0,0.008486801859591877
45.1,45.1,45.1,45.1,0,0.008486801859591877
45.1,45.1,45.1,45.1,0,0.008486801859591877
45.1,45.1,45.1,45.1,-1,0.008486801859591877
45.1,45.1,45.1,45.1,-1,0.008486801859591877
45.1,45.1,45.1,45.1,-1,0.008486801859591877
45.1,45.1,45.1,45.1,-1,0.008486801859591877
45.1,45.1,45.1,45.1,-1,0.008486801859591877
45.1,45.1,45.1,45.1,-1,0.008486801859591877
45.1,45.1,45.1,45.1,-1,0.008486801859591877
45.1,45.1,45.1,45.1,-1,0.008486801859591877
45.1,45.1,45.1,45.1,-1,0.008486801859591877
45.1,45.1,45.1,45.1,-1,0.008486801859591877
45.1,45.1,45.1,45.1,-1,0.008486801859591877
45.1,45.1,45.1,45.1,-1,0.008486801859591877
45.1,45.1,45.1,45.1,-1,0.008486801859591877
45.1,45.1,45.1,45.1,-1,0.008486801859591877
45.1,45.1,45.1,45.1,-1,0.008486801859591877
45.1,45.1,45.1,45.1,-1,0.008486801859591877
45.2,45.2,45.2,45.2,-1,0.00860979898799176
45.2,45.2,45.1,45.1,-1,0.008486801859591877
45.2,45.2,45.1,45.1,-1,0.00860979898799176
45.1,45.1,45.1,45.1,-1,0.008486801859591877
45.1,45.1,45.1,45.1,-1,0.008486801859591877
45.1,45.1,45.1,45.1,0,0.00860979898799176
45.1,45.1,45.1,45.1,0,0.00860979898799176
45.1,45.1,45.1,45.1,0,0.00860979898799176
45.1,45.1,45.1,45.1,0,0.00860979898799176
45.1,45.1,45.1,45.1,0,0.00860979898799176
45.1,45.1,45.1,45.1,0,0.00860979898799176
45.1,45.1,45.1,45.1,0,0.00860979898799176
45.1,45.1,45.1,45.1,0,0.008486801859591877
45.1,45.1,45.1,45.1,-1,0.008486801859591877
45.1,45.1,45.1,45.1,0,0.008486801859591877
45.1,45.1,45.1,45.1,-1,0.008486801859591877
45.1,45.1,45.1,45.1,-1,0.008486801859591877
45.1,45.1,45.1,45.1,-1,0.008486801859591877
45.1,45.1,45.1,45.1,0,0.008486801859591877
45.1,45.1,45.1,45.1,1,0.008486801859591877
45.1,45.1,45.1,45.1,2,0.008486801859591877
45.1,45.1,45.1,45.1,5,0.008486801859591877
45.1,45.1,45.1,45.1,7,0.00860979898799176
45.1,45.1,45.1,45.1,9,0.008486801859591877
45.1,45.1,45.1,45.1,10,0.008486801859591877
45.1,45.1,45.1,45.1,11,0.00860979898799176
45.1,45.1,45.1,45.1,11,0.008486801859591877
45.1,45.1,45.1,45.1,12,0.008486801859591877
45.1,45.1,45.1,45.1,12,0.008486801859591877
45.1,45.1,45.1,45.1,14,0.008486801859591877
45.1,45.1,45.1,45.1,15,0.008486801859591877
45.1,45.1,45.1,45.1,18,0.008486801859591877
45.1,45.1,45.1,45.1,22,0.008486801859591877
45.1,45.1,45.1,45.1,22,0.008486801859591877
45.1,45.1,45.1,45.1,25,0.008486801859591877
45.1,45.1,45.1,45.1,25,0.008486801859591877
45.1,45.1,45.1,45.1,28,0.008486801859591877
45.1,45.1,45.1,45.1,28,0.008486801859591877
45.1,45.1,45.1,45.1,29,0.00860979898799176
45.1,45.1,45.1,45.1,31,0.00860979898799176
45.1,45.1,45.1,45.1,31,0.008486801859591877
45.1,45.1,45.1,45.1,32,0.00860979898799176
45.1,45.1,45.1,45.1,32,0.00860979898799176
45.1,45.1,45.1,45.1,34,0.00860979898799176
45.1,45.1,45.1,45.1,35,0.008486801859591877
45.1,45.1,45.1,45.1,35,0.00860979898799176
45.1,45.1,45.1,45.1,38,0.008486801859591877
45.1,45.1,45.1,45.1,38,0.00860979898799176
45.1,45.1,45.1,45.1,38,0.00860979898799176
45.1,45.1,45.1,45.1,40,0.008486801859591877
45.1,45.1,45.1,45.1,40,0.00860979898799176
45.1,45.1,45.1,45.1,40,0.008486801859591877
45.1,45.1,45.1,45.1,41,0.00860979898799176
45.1,45.1,45.1,45.1,37,0.00860979898799176
45.1,45.1,45.1,45.1,34,0.008486801859591877
45.1,45.1,45.1,45.1,32,0.008486801859591877
45.1,45.1,45.1,45.1,29,0.008486801859591877
45.1,45.1,45.1,45.1,26,0.00860979898799176
45.1,45.1,45.1,45.1,24,0.008486801859591877
45.1,45.1,45.1,45.1,21,0.00860979898799176
45.1,45.1,45.1,45.1,19,0.00860979898799176
45.1,45.1,45.1,45.1,17,0.00860979898799176
45.1,45.1,45.1,45.1,16,0.00860979898799176
45.1,45.1,45.1,45.1,14,0.008486801859591877
45.1,45.1,45.0,45.0,12,0.008486801859591877
45.1,45.1,45.1,45.1,10,0.00860979898799176
45.1,45.1,45.1,45.1,7,0.00860979898799176
45.1,45.1,45.1,45.1,4,0.00860979898799176
45.1,45.1,45.1,45.1,2,0.008486801859591877
45.1,45.1,45.1,45.1,0,0.00860979898799176
45.1,45.1,45.1,45.1,-3,0.00860979898799176
45.1,45.1,45.1,45.1,-5,0.00860979898799176
45.1,45.1,45.1,45.1,-7,0.008486801859591877
45.1,45.1,45.0,45.0,-7,0.00860979898799176
45.1,45.1,45.0,45.0,-8,0.008486801859591877
45.1,45.1,45.1,45.1,-8,0.008486801859591877
45.1,45.1,45.1,45.1,-9,0.00860979898799176
45.1,45.1,45.1,45.1,-9,0.00860979898799176
45.1,45.1,45.1,45.1,-10,0.00860979898799176
45.1,45.1,45.1,45.1,-13,0.00860979898799176
45.1,45.1,45.1,45.1,-13,0.00860979898799176
45.1,45.1,45.1,45.1,-14,0.00860979898799176
45.1,45.1,45.1,45.1,-14,0.00860979898799176
45.1,45.1,45.0,45.0,-14,0.00860979898799176
45.1,45.1,45.0,45.0,-14,0.00860979898799176
45.1,45.1,45.1,45.1,-13,0.00860979898799176
45.1,45.1,45.1,45.1,-12,0.00860979898799176
45.1,45.1,45.1,45.1,-12,0.008486801859591877
45.1,45.1,45.1,45.1,-10,0.00860979898799176
45.1,45.1,45.1,45.1,-9,0.00860979898799176
45.1,45.1,45.1,45.1,-8,0.00860979898799176
45.1,45.1,45.1,45.1,-7,0.00860979898799176
45.1,45.1,45.1,45.1,-6,0.00860979898799176
45.1,45.1,45.0,45.0,-5,0.00860979898799176
45.1,45.1,45.0,45.0,-4,0.00860979898799176
45.0,45.0,45.0,45.0,-3,0.00860979898799176
45.0,45.0,45.0,45.0,-2,0.00860979898799176
45.0,45.0,45.0,45.0,-1,0.00860979898799176
45.0,45.0,45.0,45.0,-1,0.00860979898799176
45.0,45.0,45.0,45.0,0,0.008486801859591877
45.0,45.0,45.0,45.0,1,0.008486801859591877
45.0,45.0,45.0,45.0,1,0.00860979898799176
45.0,45.0,45.0,45.0,2,0.00860979898799176
45.0,45.0,45.0,45.0,2,0.00860979898799176
45.0,45.0,45.0,45.0,2,0.00860979898799176
45.0,45.0,45.0,45.0,3,0.00860979898799176
45.0,45.0,45.0,45.0,3,0.00860979898799176
45.0,45.0,45.0,45.0,3,0.00860979898799176
45.0,45.0,45.0,45.0,4,0.00860979898799176
45.0,45.0,45.0,45.0,4,0.00860979898799176
45.0,45.0,45.0,45.0,4,0.00860979898799176
45.0,45.0,45.0,45.0,4,0.00860979898799176
45.0,45.0,45.0,45.0,3,0.00860979898799176
45.0,45.0,45.0,45.0,4,0.00860979898799176
45.0,45.0,45.0,45.0,4,0.00860979898799176
45.0,45.0,45.0,45.0,3,0.008486801859591877
45.0,45.0,45.0,45.0,3,0.00860979898799176
45.0,45.0,45.0,45.0,3,0.00860979898799176
45.0,45.0,45.0,45.0,3,0.008486801859591877
45.0,45.0,45.0,45.0,2,0.008486801859591877
45.0,45.0,45.0,45.0,2,0.00860979898799176
45.0,45.0,45.0,45.0,2,0.00860979898799176
45.0,45.0,45.0,45.0,2,0.00860979898799176
45.0,45.0,45.0,45.0,1,0.00860979898799176
45.0,45.0,45.0,45.0,1,0.00860979898799176
45.0,45.0,45.0,45.0,1,0.00860979898799176
45.0,45.0,45.0,45.0,1,0.00860979898799176
45.0,45.0,45.0,45.0,0,0.00860979898799176
45.0,45.0,45.0,45.0,0,0.00860979898799176
45.0,45.0,45.0,45.0,0,0.00860979898799176
45.0,45.0,45.0,45.0,-1,0.00860979898799176
45.0,45.0,45.0,45.0,-1,0.008486801859591877
45.0,45.0,45.0,45.0,-1,0.00860979898799176
45.0,45.0,45.0,45.0,-1,0.00860979898799176
45.0,45.0,45.0,45.0,-1,0.00860979898799176
45.0,45.0,45.0,45.0,-2,0.00860979898799176
45.0,45.0,45.0,45.0,-2,0.008486801859591877
45.0,45.0,45.0,45.0,-2,0.00860979898799176
45.0,45.0,45.0,45.0,-2,0.00860979898799176
45.0,45.0,45.0,45.0,-2,0.008486801859591877
45.0,45.0,45.0,45.0,-2,0.00860979898799176
45.0,45.0,45.0,45.0,-2,0.008486801859591877
45.0,45.0,45.0,45.0,-2,0.008486801859591877
45.0,45.0,45.0,45.0,-2,0.00860979898799176
45.0,45.0,45.0,45.0,-2,0.008486801859591877
45.0,45.0,45.0,45.0,-3,0.008486801859591877
45.0,45.0,45.0,45.0,-3,0.008486801859591877
45.0,45.0,45.0,45.0,-3,0.008486801859591877
45.0,45.0,45.0,45.0,-3,0.008486801859591877
45.0,45.0,45.0,45.0,-3,0.008486801859591877
45.0,45.0,45.0,45.0,-2,0.008486801859591877
45.0,45.0,45.0,45.0,-2,0.008486801859591877
45.0,45.0,45.0,45.0,-2,0.008486801859591877
45.0,45.0,45.0,45.0,-2,0.008486801859591877
45.0,45.0,45.0,45.0,-2,0.008486801859591877
45.0,45.0,45.0,45.0,-2,0.008486801859591877
45.0,45.0,45.0,45.0,-2,0.008486801859591877
45.0,45.0,45.0,45.0,-2,0.008486801859591877
45.0,45.0,45.0,45.0,-2,0.008486801859591877
45.0,45.0,45.0,45.0,-2,0.008486801859591877
45.0,45.0,45.0,45.0,-2,0.008486801859591877
45.0,45.0,45.0,45.0,-2,0.008486801859591877
45.0,45.0,45.0,45.0,-2,0.008486801859591877
45.0,45.0,45.0,45.0,-2,0.008486801859591877
45.0,45.0,45.0,45.0,-2,0.008486801859591877
45.0,45.0,45.0,45.0,-2,0.008486801859591877
45.0,45.0,45.0,45.0,-2,0.008486801859591877
45.0,45.0,45.0,45.0,-2,0.008486801859591877
45.0,45.0,45.0,45.0,-2,0.008486801859591877
45.0,45.0,45.0,45.0,-2,0.008486801859591877
45.0,45.0,45.0,45.0,-3,0.008486801859591877
45.0,45.0,45.0,45.0,-3,0.008486801859591877
45.0,45.0,45.0,45.0,-3,0.008486801859591877
45.0,45.0,45.0,45.0,-3,0.008486801859591877
45.0,45.0,45.0,45.0,-2,0.008486801859591877
45.0,45.0,45.0,45.0,-2,0.008486801859591877
45.0,45.0,45.0,45.0,-2,0.008486801859591877
45.0,45.0,45.0,45.0,-2,0.008486801859591877
45.0,45.0,45.0,45.0,-2,0.008486801859591877
45.0,45.0,45.0,45.0,-2,0.008486801859591877
45.0,45.0,45.0,45.0,-2,0.008486801859591877
45.0,45.0,45.0,45.0,-2,0.008486801859591877
45.0,45.0,45.0,45.0,-2,0.008486801859591877
45.0,45.0,45.0,45.0,-2,0.008486801859591877
45.0,45.0,45.0,45.0,-1,0.008486801859591877
45.0,45.0,45.0,45.0,-1,0.008486801859591877
45.0,45.0,45.0,45.0,-1,0.008486801859591877
45.0,45.0,45.0,45.0,-1,0.008486801859591877
45.0,45.0,45.0,45.0,-1,0.008486801859591877
45.0,45.0,45.0,45.0,-1,0.008486801859591877
45.0,45.0,45.0,45.0,0,0.008486801859591877
45.0,45.0,45.0,45.0,-1,0.008486801859591877
45.0,45.0,45.0,45.0,-1,0.008486801859591877
45.0,45.0,45.0,45.0,-1,0.008486801859591877
45.0,45.0,45.0,45.0,-1,0.008486801859591877
45.0,45.0,45.0,45.0,-1,0.008486801859591877
45.0,45.0,45.0,45.0,-2,0.008486801859591877
45.0,45.0,45.0,45.0,-2,0.008486801859591877
45.0,45.0,45.0,45.0,-2,0.008486801859591877
45.0,45.0,45.0,45.0,-2,0.008486801859591877
45.0,45.0,45.0,45.0,-2,0.008486801859591877
45.0,45.0,45.0,45.0,-2,0.008486801859591877
45.0,45.0,45.0,45.0,-2,0.008486801859591877
45.0,45.0,45.0,45.0,-2,0.008486801859591877
45.0,45.0,45.0,45.0,-3,0.008486801859591877
45.0,45.0,45.0,45.0,-3,0.008486801859591877
45.0,45.0,45.0,45.0,-3,0.008486801859591877
45.0,45.0,45.0,45.0,-3,0.008486801859591877
45.0,45.0,45.0,45.0,-3,0.008486801859591877
45.0,45.0,45.0,45.0,-3,0.008486801859591877
45.0,45.0,45.0,45.0,-3,0.008486801859591877
45.0,45.0,45.0,45.0,-3,0.008486801859591877
45.0,45.0,45.0,45.0,-3,0.008486801859591877
45.0,45.0,45.0,45.0,-4,0.008486801859591877
45.0,45.0,45.0,45.0,-3,0.008486801859591877
45.0,45.0,45.0,45.0,-3,0.008486801859591877
45.0,45.0,45.0,45.0,-3,0.008486801859591877
45.0,45.0,45.0,45.0,-3,0.008486801859591877
45.0,45.0,45.0,45.0,-3,0.008486801859591877
45.0,45.0,45.0,45.0,-3,0.008486801859591877
45.0,45.0,45.0,45.0,-3,0.008486801859591877
45.0,45.0,45.0,45.0,-3,0.008486801859591877
45.0,45.0,44.900000000000006,44.900000000000006,-3,0.008486801859591877
45.0,45.0,44.900000000000006,44.900000000000006,-3,0.008486801859591877
45.0,45.0,44.900000000000006,44.900000000000006,-2,0.008486801859591877
45.0,45.0,45.0,45.0,-3,0.008486801859591877
45.0,45.0,44.900000000000006,44.900000000000006,-2,0.008486801859591877
45.0,45.0,44.900000000000006,44.900000000000006,-2,0.008486801859591877
45.0,45.0,44.900000000000006,44.900000000000006,-2,0.008486801859591877
45.0,45.0,44.900000000000006,44.900000000000006,-2,0.008486801859591877
44.900000000000006,44.900000000000006,44.800000000000004,44.800000000000004,-2,0.008486801859591877
44.900000000000006,44.900000000000006,44.800000000000004,44.800000000000004,-2,0.008486801859591877
44.900000000000006,44.900000000000006,44.800000000000004,44.800000000000004,-2,0.008486801859591877
44.7,44.7,44.400000000000006,44.400000000000006,-2,0.008486801859591877
44.5,44.5,44.0,44.0,-2,0.008486801859591877
44.300000000000004,44.300000000000004,43.6,43.6,-2,0.008486801859591877
44.0,44.0,43.2,43.2,-3,0.008486801859591877
43.7,43.7,42.7,42.7,-3,0.008486801859591877
43.1,43.1,42.7,42.7,-3,0.008486801859591877
43.1,43.1,42.7,42.7,-3,0.008486801859591877
42.5,42.5,41.5,41.5,-3,0.008486801859591877
42.2,42.2,41.0,41.0,-3,0.008486801859591877
41.6,41.6,41.0,41.0,-3,0.008486801859591877
41.400000000000006,41.400000000000006,40.6,40.6,-3,0.008486801859591877
41.2,41.2,40.300000000000004,40.300000000000004,-3,0.008486801859591877
41.0,41.0,40.1,40.1,-3,0.008486801859591877
40.800000000000004,40.800000000000004,39.900000000000006,39.900000000000006,-3,0.008486801859591877
40.6,40.6,39.7,39.7,-3,0.008486801859591877
40.400000000000006,40.400000000000006,39.6,39.6,-2,0.008486801859591877
40.300000000000004,40.300000000000004,39.5,39.5,-2,0.008486801859591877
40.2,40.2,39.400000000000006,39.400000000000006,-2,0.008486801859591877
40.1,40.1,39.300000000000004,39.300000000000004,-2,0.008486801859591877
40.0,40.0,39.300000000000004,39.300000000000004,-2,0.008486801859591877
39.900000000000006,39.900000000000006,39.2,39.2,-2,0.008486801859591877
39.800000000000004,39.800000000000004,39.2,39.2,-1,0.008486801859591877
39.7,39.7,39.2,39.2,-2,0.008486801859591877
39.6,39.6,39.2,39.2,-2,0.008486801859591877
39.6,39.6,39.1,39.1,-2,0.008486801859591877
39.5,39.5,39.1,39.1,-1,0.008486801859591877
39.5,39.5,39.1,39.1,-2,0.008486801859591877
39.400000000000006,39.400000000000006,39.1,39.1,-2,0.008486801859591877
39.400000000000006,39.400000000000006,39.0,39.0,-2,0.008486801859591877
39.300000000000004,39.300000000000004,39.0,39.0,-2,0.008486801859591877
39.300000000000004,39.300000000000004,39.0,39.0,-2,0.008486801859591877
39.300000000000004,39.300000000000004,39.0,39.0,-2,0.008486801859591877
39.2,39.2,39.0,39.0,-2,0.008486801859591877
39.2,39.2,39.0,39.0,-2,0.008486801859591877
39.2,39.2,39.0,39.0,-2,0.008486801859591877
39.2,39.2,39.0,39.0,-3,0.008486801859591877
39.2,39.2,39.0,39.0,-3,0.008486801859591877
39.2,39.2,39.0,39.0,-3,0.008486801859591877
39.2,39.2,39.1,39.1,-3,0.008486801859591877
39.1,39.1,39.1,39.1,-3,0.008486801859591877
39.1,39.1,39.1,39.1,-3,0.008486801859591877
39.1,39.1,39.1,39.1,-3,0.008486801859591877
39.1,39.1,39.0,39.0,-3,0.008486801859591877
39.1,39.1,39.1,39.1,-3,0.008486801859591877
39.1,39.1,39.1,39.1,-3,0.008486801859591877
39.1,39.1,39.1,39.1,-3,0.008486801859591877
39.1,39.1,39.1,39.1,-3,0.14232554917608867
39.1,39.1,39.1,39.1,-3,0.14232554917608867
39.1,39.1,39.1,39.1,-3,0.14232554917608867
39.1,39.1,39.1,39.1,-3,0.14232554917608867
39.1,39.1,39.1,39.1,-3,0.14232554917608867
39.1,39.1,39.1,39.1,-3,0.14232554917608867
39.1,39.1,39.1,39.1,-3,0.14232554917608867
39.1,39.1,39.1,39.1,-3,0.14232554917608867
39.1,39.1,39.1,39.1,-3,0.14232554917608867
39.1,39.1,39.1,39.1,-3,0.14232554917608867
39.1,39.1,39.1,39.1,-3,0.14232554917608867
39.1,39.1,39.1,39.1,-3,0.00895755204604754
39.1,39.1,39.1,39.1,-3,0.00895755204604754
39.1,39.1,39.1,39.1,-3,0.00895755204604754
39.1,39.1,39.1,39.1,-2,0.00895755204604754
39.1,39.1,39.1,39.1,-2,0.00895755204604754
39.1,39.1,39.1,39.1,-2,0.008833141600963546
39.1,39.1,39.1,39.1,-3,0.008833141600963546
39.1,39.1,39.1,39.1,-3,0.008833141600963546
39.1,39.1,39.1,39.1,-3,0.008833141600963546
39.1,39.1,39.1,39.1,-2,0.008833141600963546
39.1,39.1,39.1,39.1,-2,0.00895755204604754
39.1,39.1,39.1,39.1,-2,0.009455193826383514
39.1,39.1,39.1,39.1,-2,0.010201656496887474
39.1,39.1,39.1,39.1,-3,0.01107252961247543
39.1,39.1,39.1,39.1,-3,0.011818992282979392
39.1,39.1,39.1,39.1,-2,0.01244104450839936
39.1,39.1,39.0,39.0,-2,0.01281427584365134
39.0,39.0,38.900000000000006,38.900000000000006,-3,0.012938686288735336
39.0,39.0,38.800000000000004,38.800000000000004,-3,0.012938686288735336
38.900000000000006,38.900000000000006,38.6,38.6,-3,0.012938686288735336
38.800000000000004,38.800000000000004,38.5,38.5,-3,0.012938686288735336
38.7,38.7,38.300000000000004,38.300000000000004,-3,0.013063096733819328
38.6,38.6,38.1,38.1,-3,0.013063096733819328
38.400000000000006,38.400000000000006,37.9,37.9,-3,0.013187507178903322
38.300000000000004,38.300000000000004,37.7,37.7,-3,0.013187507178903322
38.1,38.1,37.5,37.5,-3,0.013187507178903322
38.0,38.0,37.2,37.2,-3,0.013187507178903322
37.800000000000004,37.800000000000004,36.9,36.9,-3,0.013187507178903322
37.5,37.5,36.6,36.6,-3,0.013187507178903322
37.300000000000004,37.300000000000004,36.2,36.2,-3,0.013187507178903322
36.6,36.6,36.2,36.2,-3,0.013187507178903322
36.300000000000004,36.300000000000004,35.5,35.5,-2,0.013187507178903322
35.9,35.9,34.7,34.7,-3,0.013187507178903322
34.9,34.9,34.7,34.7,-3,0.013187507178903322
34.4,34.4,33.5,33.5,-2,0.013187507178903322
33.800000000000004,33.800000000000004,32.300000000000004,32.300000000000004,-2,0.013187507178903322
32.4,32.4,32.300000000000004,32.300000000000004,-2,0.013187507178903322
31.6,31.6,30.400000000000002,30.400000000000002,-2,0.013187507178903322
29.8,29.8,30.400000000000002,30.400000000000002,-3,0.013187507178903322
29.0,29.0,28.0,28.0,-2,0.013187507178903322
28.0,28.0,25.6,25.6,-2,0.013187507178903322
25.700000000000003,25.700000000000003,25.6,25.6,-2,0.013187507178903322
24.6,24.6,22.700000000000003,22.700000000000003,-2,0.013187507178903322
22.0,22.0,22.700000000000003,22.700000000000003,-3,0.013187507178903322
20.8,20.8,19.5,19.5,-3,0.013187507178903322
18.3,18.3,19.5,19.5,-3,0.013187507178903322
18.3,18.3,14.3,14.3,-3,0.013187507178903322
15.8,15.8,14.3,14.3,-3,0.013187507178903322
13.700000000000001,13.700000000000001,14.3,14.3,-3,0.013187507178903322
12.8,12.8,12.3,12.3,-2,0.013187507178903322
11.9,11.9,10.4,10.4,-1,0.013187507178903322
10.100000000000001,10.100000000000001,10.4,10.4,0,0.013187507178903322
9.4,9.4,8.8,8.8,0,0.013187507178903322
8.8,8.8,7.5,7.5,1,0.013187507178903322
7.6000000000000005,7.6000000000000005,7.5,7.5,1,0.013187507178903322
7.1000000000000005,7.1000000000000005,6.4,6.4,2,0.013187507178903322
6.6000000000000005,6.6000000000000005,5.4,5.4,2,0.013187507178903322
5.800000000000001,5.800000000000001,5.4,5.4,3,0.013187507178903322
5.4,5.4,4.7,4.7,3,0.013187507178903322
5.0,5.0,4.3,4.3,4,0.013187507178903322
4.7,4.7,3.8000000000000003,3.8000000000000003,4,0.013187507178903322
4.5,4.5,3.5,3.5,4,0.013187507178903322
4.0,4.0,3.5,3.5,5,0.013187507178903322
3.8000000000000003,3.8000000000000003,3.1,3.1,5,0.013187507178903322
3.6,3.6,2.8000000000000003,2.8000000000000003,5,0.013187507178903322
3.4000000000000004,3.4000000000000004,2.5,2.5,6,0.013187507178903322
3.3000000000000003,3.3000000000000003,2.3000000000000003,2.3000000000000003,6,0.013187507178903322
3.1,3.1,2.1,2.1,6,0.013187507178903322
2.8000000000000003,2.8000000000000003,2.1,2.1,7,0.013187507178903322
2.8000000000000003,2.8000000000000003,2.1,2.1,7,0.013187507178903322
2.5,2.5,1.7000000000000002,1.7000000000000002,7,0.013187507178903322
2.4000000000000004,2.4000000000000004,1.5,1.5,7,0.013187507178903322
2.2,2.2,1.4000000000000001,1.4000000000000001,8,0.013187507178903322
2.1,2.1,1.3,1.3,8,0.013187507178903322
2.0,2.0,1.3,1.3,8,0.013187507178903322
1.9000000000000001,1.9000000000000001,1.2000000000000002,1.2000000000000002,8,0.013187507178903322
1.8,1.8,1.2000000000000002,1.2000000000000002,9,0.013187507178903322
1.7000000000000002,1.7000000000000002,1.1,1.1,10,0.013187507178903322
1.6,1.6,1.0,1.0,11,0.013187507178903322
1.6,1.6,1.0,1.0,12,0.013187507178903322
1.5,1.5,0.9,0.9,12,0.013187507178903322
1.4000000000000001,1.4000000000000001,0.9,0.9,14,0.013187507178903322
1.4000000000000001,1.4000000000000001,0.9,0.9,15,0.013187507178903322
1.3,1.3,0.8,0.8,16,0.013187507178903322
1.3,1.3,0.8,0.8,18,0.013187507178903322
1.2000000000000002,1.2000000000000002,0.7000000000000001,0.7000000000000001,19,0.013187507178903322
1.2000000000000002,1.2000000000000002,0.7000000000000001,0.7000000000000001,21,0.013187507178903322
1.2000000000000002,1.2000000000000002,0.7000000000000001,0.7000000000000001,23,0.013187507178903322
1.1,1.1,0.6000000000000001,0.6000000000000001,24,0.013187507178903322
1.1,1.1,0.6000000000000001,0.6000000000000001,26,0.013187507178903322
1.1,1.1,0.6000000000000001,0.6000000000000001,28,0.013187507178903322
1.0,1.0,0.5,0.5,29,0.013187507178903322
1.0,1.0,0.5,0.5,31,0.013187507178903322
1.0,1.0,0.5,0.5,32,0.013187507178903322
0.9,0.9,0.5,0.5,33,0.013187507178903322
0.9,0.9,0.4,0.4,34,0.013187507178903322
0.9,0.9,0.4,0.4,36,0.013311917623987314
0.9,0.9,0.4,0.4,38,0.013311917623987314
0.8,0.8,0.4,0.4,39,0.013311917623987314
0.8,0.8,0.4,0.4,40,0.013436328069071309
0.8,0.8,0.30000000000000004,0.30000000000000004,41,0.013436328069071309
0.8,0.8,0.30000000000000004,0.30000000000000004,43,0.013560738514155303
0.7000000000000001,0.7000000000000001,0.30000000000000004,0.30000000000000004,44,0.013685148959239297
0.7000000000000001,0.7000000000000001,0.30000000000000004,0.30000000000000004,46,0.01380955940432329
0.7000000000000001,0.7000000000000001,0.30000000000000004,0.30000000000000004,47,0.013933969849407283
0.7000000000000001,0.7000000000000001,0.30000000000000004,0.30000000000000004,48,0.014058380294491276
0.7000000000000001,0.7000000000000001,0.30000000000000004,0.30000000000000004,50,0.014307201184659264
0.6000000000000001,0.6000000000000001,0.2,0.2,51,0.014307201184659264
0.6000000000000001,0.6000000000000001,0.2,0.2,52,0.01455602207482725
0.6000000000000001,0.6000000000000001,0.2,0.2,54,0.014680432519911244
0.6000000000000001,0.6000000000000001,0.2,0.2,56,0.014929253410079233
0.6000000000000001,0.6000000000000001,0.2,0.2,57,0.015053663855163225
0.5,0.5,0.2,0.2,58,0.015302484745331212
0.5,0.5,0.2,0.2,60,0.015426895190415206
0.5,0.5,0.2,0.2,60,0.015551305635499202
0.5,0.5,0.2,0.2,62,0.015675716080583196
0.5,0.5,0.1,0.1,64,0.01592453697075118
0.5,0.5,0.1,0.1,66,0.01617335786091917
0.4,0.4,0.1,0.1,67,0.016422178751087157
0.4,0.4,0.1,0.1,68,0.016795410086339134
0.4,0.4,0.1,0.1,70,0.017044230976507122
0.4,0.4,0.1,0.1,71,0.01729305186667511
0.4,0.4,0.1,0.1,73,0.0175418727568431
0.4,0.4,0.1,0.1,75,0.017790693647011083
0.4,0.4,0.1,0.1,76,0.01791510409209508
0.4,0.4,0.1,0.1,77,0.018163924982263067
0.30000000000000004,0.30000000000000004,0.1,0.1,79,0.018537156317515045
0.30000000000000004,0.30000000000000004,0.1,0.1,80,0.018785977207683033
0.30000000000000004,0.30000000000000004,0.1,0.1,82,0.01903479809785102
0.30000000000000004,0.30000000000000004,0.1,0.1,83,0.019283618988019006
0.30000000000000004,0.30000000000000004,0.1,0.1,85,0.019532439878186997
0.30000000000000004,0.30000000000000004,0.1,0.1,86,0.019781260768354982
0.30000000000000004,0.30000000000000004,0.1,0.1,88,0.020030081658522967
0.30000000000000004,0.30000000000000004,0.1,0.1,89,0.020278902548690955
0.30000000000000004,0.30000000000000004,0.1,0.1,91,0.020403312993774948
0.30000000000000004,0.30000000000000004,0.0,0.0,93,0.02065213388394294
0.30000000000000004,0.30000000000000004,0.0,0.0,95,0.02102536521919492
0.2,0.2,0.0,0.0,96,0.021398596554446897
0.2,0.2,0.0,0.0,98,0.02177182788969888
0.2,0.2,0.0,0.0,100,0.02214505922495086
0.2,0.2,0.0,0.0,102,0.022642701005286835
0.2,0.2,0.0,0.0,104,0.023015932340538815
0.2,0.2,0.0,0.0,105,0.023264753230706803
0.2,0.2,0.0,0.0,107,0.023637984565958784
0.2,0.2,0.0,0.0,107,0.02388680545612677
0.2,0.2,0.0,0.0,108,0.02426003679137875
0.2,0.2,0.0,0.0,109,0.024633268126630734
0.2,0.2,0.0,0.0,112,0.02488208901679872
0.2,0.2,0.0,0.0,114,0.0252553203520507
0.2,0.2,0.0,0.0,116,0.02562855168730268
0.2,0.2,0.0,0.0,118,0.026001783022554664
0.2,0.2,0.0,0.0,119,0.02625060391272265
0.2,0.2,0.0,0.0,121,0.026499424802890637
0.1,0.1,0.0,0.0,123,0.02674824569305862
0.1,0.1,0.0,0.0,124,0.02699706658322661
0.1,0.1,0.0,0.0,125,0.0272458874733946
0.1,0.1,0.0,0.0,126,0.027494708363562586
0.1,0.1,0.0,0.0,127,0.027867939698814567
0.1,0.1,0.0,0.0,128,0.02811676058898255
0.1,0.1,0.0,0.0,129,0.028365581479150543
0.1,0.1,0.0,0.0,129,0.028738812814402524
0.1,0.1,0.0,0.0,129,0.028863223259486516
0.1,0.1,0.0,0.0,130,0.02898763370457051
0.1,0.1,0.0,0.0,130,0.029236454594738497
0.1,0.1,0.0,0.0,132,0.029236454594738497
0.1,0.1,0.0,0.0,133,0.02936086503982249
0.1,0.1,0.0,0.0,133,0.02948527548490648
0.1,0.1,0.0,0.0,133,0.029609685929990474
0.1,0.1,0.0,0.0,134,0.029734096375074473
0.1,0.1,0.0,0.0,135,0.029982917265242458
0.1,0.1,0.0,0.0,135,0.03010732771032645
0.1,0.1,0.0,0.0,136,0.030231738155410446
0.1,0.1,0.0,0.0,136,0.03035614860049444
0.1,0.1,0.0,0.0,136,0.03035614860049444
0.1,0.1,0.0,0.0,136,0.03035614860049444
0.1,0.1,0.0,0.0,137,0.03048055904557843
0.1,0.1,0.0,0.0,137,0.03048055904557843
0.1,0.1,0.0,0.0,138,0.030604969490662423
0.1,0.1,0.0,0.0,138,0.030604969490662423
0.1,0.1,0.0,0.0,139,0.03072937993574642
0.1,0.1,0.0,0.0,139,0.03072937993574642
0.1,0.1,0.0,0.0,139,0.03085379038083041
0.1,0.1,0.0,0.0,139,0.03085379038083041
0.1,0.1,0.0,0.0,140,0.03085379038083041
0.0,0.0,0.0,0.0,140,0.03085379038083041
0.0,0.0,0.0,0.0,141,0.03085379038083041
0.0,0.0,0.0,0.0,140,0.03085379038083041
0.0,0.0,0.0,0.0,141,0.030978200825914404
0.0,0.0,0.0,0.0,141,0.031102611270998403
0.0,0.0,0.0,0.0,142,0.031102611270998403
0.0,0.0,0.0,0.0,142,0.031102611270998403
0.0,0.0,0.0,0.0,143,0.031227021716082395
0.0,0.0,0.0,0.0,144,0.031227021716082395
0.0,0.0,0.0,0.0,144,0.03135143216116639
0.0,0.0,0.0,0.0,145,0.03135143216116639
0.0,0.0,0.0,0.0,145,0.03135143216116639
0.0,0.0,0.0,0.0,147,0.03135143216116639
0.0,0.0,0.0,0.0,147,0.03135143216116639
0.0,0.0,0.0,0.0,148,0.03135143216116639
0.0,0.0,0.0,0.0,147,0.03135143216116639
0.0,0.0,0.0,0.0,148,0.03135143216116639
0.0,0.0,0.0,0.0,148,0.03135143216116639
0.0,0.0,0.0,0.0,150,0.03147584260625038
0.0,0.0,0.0,0.0,149,0.03147584260625038
0.0,0.0,0.0,0.0,151,0.03147584260625038
0.0,0.0,0.0,0.0,147,0.03147584260625038
0.0,0.0,0.0,0.0,145,0.03147584260625038
0.0,0.0,0.0,0.0,148,0.03147584260625038
0.0,0.0,0.0,0.0,148,0.03147584260625038
0.0,0.0,0.0,0.0,150,0.03147584260625038
0.0,0.0,0.0,0.0,151,0.03147584260625038
0.0,0.0,0.0,0.0,152,0.03147584260625038
0.0,0.0,0.0,0.0,153,0.03147584260625038
0.0,0.0,0.0,0.0,154,0.03147584260625038
0.0,0.0,0.0,0.0,154,0.03147584260625038
0.0,0.0,0.0,0.0,154,0.03147584260625038
0.0,0.0,0.0,0.0,156,0.03147584260625038
0.0,0.0,0.0,0.0,156,0.03147584260625038
0.0,0.0,0.0,0.0,156,0.03147584260625038
0.0,0.0,0.0,0.0,156,0.03147584260625038
0.0,0.0,0.0,0.0,156,0.03147584260625038
0.0,0.0,0.0,0.0,158,0.03147584260625038
0.0,0.0,0.0,0.0,163,0.03147584260625038
0.0,0.0,0.0,0.0,166,0.03135143216116639
0.0,0.0,0.0,0.0,168,0.03135143216116639
0.0,0.0,0.0,0.0,170,0.03135143216116639
0.0,0.0,0.0,0.0,172,0.03135143216116639
0.0,0.0,0.0,0.0,171,0.03135143216116639
0.0,0.0,0.0,0.0,176,0.03135143216116639
0.0,0.0,0.0,0.0,176,0.03135143216116639
0.0,0.0,0.0,0.0,176,0.03135143216116639
0.0,0.0,0.0,0.0,177,0.03135143216116639
0.0,0.0,0.0,0.0,178,0.031227021716082395
0.0,0.0,0.0,0.0,180,0.031102611270998403
0.0,0.0,0.0,0.0,180,0.031102611270998403
0.0,0.0,0.0,0.0,189,0.030978200825914404
0.0,0.0,0.0,0.0,187,0.03085379038083041
0.0,0.0,0.0,0.0,187,0.030604969490662423
0.0,0.0,0.0,0.0,189,0.03048055904557843
0.0,0.0,0.0,0.0,186,0.030231738155410446
0.0,0.0,0.0,0.0,186,0.029982917265242458
0.0,0.0,0.0,0.0,191,0.029734096375074473
0.0,0.0,0.0,0.0,193,0.02948527548490648
0.0,0.0,0.0,0.0,193,0.0291120441496545
0.0,0.0,0.0,0.0,195,0.028738812814402524
0.0,0.0,0.0,0.0,194,0.028365581479150543
0.0,0.0,0.0,0.0,193,0.027867939698814567
0.0,0.0,0.0,0.0,198,0.027370297918478594
0.0,0.0,0.0,0.0,202,0.026872656138142617
0.0,0.0,0.0,0.0,202,0.026375014357806644
0.0,0.0,0.0,0.0,202,0.026001783022554664
0.0,0.0,0.0,0.0,203,0.02575296213238668
0.0,0.0,0.0,0.0,208,0.025379730797134695
0.0,0.0,0.0,0.0,208,0.0252553203520507
0.0,0.0,0.0,0.0,209,0.025006499461882714
0.0,0.0,0.0,0.0,212,0.024757678571714726
0.0,0.0,0.0,0.0,210,0.024384447236462742
0.0,0.0,0.0,0.0,213,0.024135626346294757
0.0,0.0,0.0,0.0,213,0.024011215901210765
0.0,0.0,0.0,0.0,217,0.02388680545612677
0.0,0.0,0.0,0.0,217,0.023762395011042776
0.0,0.0,0.0,0.0,215,0.023637984565958784
0.0,0.0,0.0,0.0,214,0.02351357412087479
0.0,0.0,0.0,0.0,219,0.0233891636757908
0.0,0.0,0.0,0.0,222,0.023015932340538815
0.0,0.0,0.0,0.0,223,0.022767111450370827
0.0,0.0,0.0,0.0,218,0.022269469670034854
0.0,0.0,0.0,0.0,217,0.021896238334782877
0.0,0.0,0.0,0.0,224,0.021398596554446897
0.0,0.0,0.0,0.0,226,0.02102536521919492
0.0,0.0,0.0,0.0,228,0.02077654432902693
0.0,0.0,0.0,0.0,224,0.020403312993774948
0.0,0.0,0.0,0.0,224,0.020154492103606963
0.0,0.0,0.0,0.0,231,0.019781260768354982
0.0,0.0,0.0,0.0,232,0.01965685032327099
0.0,0.0,0.0,0.0,233,0.019408029433103
0.0,0.0,0.0,0.0,228,0.019159208542935013
0.0,0.0,0.0,0.0,236,0.018785977207683033
0.0,0.0,0.0,0.0,234,0.018537156317515045
0.0,0.0,0.0,0.0,236,0.01828833542734706
0.0,0.0,0.0,0.0,240,0.01803951453717907
0.0,0.0,0.0,0.0,234,0.017790693647011083
0.0,0.0,0.0,0.0,241,0.017417462311759103
0.0,0.0,0.0,0.0,245,0.017044230976507122
0.0,0.0,0.0,0.0,246,0.01667099964125514
0.0,0.0,0.0,0.0,245,0.016422178751087157
0.0,0.0,0.0,0.0,246,0.016048947415835173
0.0,0.0,0.0,0.0,249,0.015675716080583196
0.0,0.0,0.0,0.0,253,0.01517807430024722
0.0,0.0,0.0,0.0,255,0.014804842964995237
0.0,0.0,0.0,0.0,257,0.014431611629743258
0.0,0.0,0.0,0.0,261,0.014182790739575271
0.0,0.0,0.0,0.0,261,0.014058380294491276
0.0,0.0,0.0,0.0,261,0.013933969849407283
0.0,0.0,0.0,0.0,264,0.01380955940432329
0.0,0.0,0.0,0.0,264,0.013560738514155303
0.0,0.0,0.0,0.0,270,0.013560738514155303
0.0,0.0,0.0,0.0,270,0.013436328069071309
0.0,0.0,0.0,0.0,274,0.013311917623987314
0.0,0.0,0.0,0.0,275,0.013187507178903322
0.0,0.0,0.0,0.0,278,0.013063096733819328
0.0,0.0,0.0,0.0,281,0.012938686288735336
0.0,0.0,0.0,0.0,284,0.01281427584365134
0.0,0.0,0.0,0.0,282,0.012689865398567347
0.0,0.0,0.0,0.0,281,0.012316634063315367
0.0,0.0,0.0,0.0,284,0.011943402728063384
0.0,0.0,0.0,0.0,287,0.011818992282979392
0.0,0.0,0.0,0.0,287,0.011570171392811406
0.0,0.0,0.0,0.0,286,0.011196940057559423
0.0,0.0,0.0,0.0,294,0.010823708722307443
0.0,0.0,0.0,0.0,298,0.010574887832139456
0.0,0.0,0.0,0.0,300,0.010077246051803481
0.0,0.0,0.0,0.0,297,0.0097040147165515
0.0,0.0,0.0,0.0,305,0.009455193826383514
0.0,0.0,0.0,0.0,308,0.009206372936215526
0.0,0.0,0.0,0.0,311,0.00895755204604754
0.0,0.0,0.0,0.0,308,0.008833141600963546
0.0,0.0,0.0,0.0,314,0.008708731155879551
0.0,0.0,0.0,0.0,273,0.00833549982062757
0.0,0.0,0.0,0.0,272,0.00796226848537559
0.0,0.0,0.0,0.0,275,0.00758903715012361
0.0,0.0,0.0,0.0,277,0.007340216259955622
0.0,0.0,0.0,0.0,278,0.007091395369787636
0.0,0.0,0.0,0.0,277,0.006966984924703642
0.0,0.0,0.0,0.0,282,0.006966984924703642
0.0,0.0,0.0,0.0,282,0.006966984924703642
0.0,0.0,0.0,0.0,283,0.006842574479619648
0.0,0.0,0.0,0.0,289,0.006593753589451661
0.0,0.0,0.0,0.0,287,0.006469343144367668
0.0,0.0,0.0,0.0,288,0.006344932699283674
0.0,0.0,0.0,0.0,291,0.00622052225419968
0.0,0.0,0.0,0.0,292,0.0060961118091156855
0.0,0.0,0.0,0.0,296,0.005971701364031692
0.0,0.0,0.0,0.0,295,0.0058472909189477
0.0,0.0,0.0,0.0,294,0.0058472909189477
0.0,0.0,0.0,0.0,300,0.005722880473863705
0.0,0.0,0.0,0.0,303,0.005474059583695719
0.0,0.0,0.0,0.0,306,0.005225238693527731
0.0,0.0,0.0,0.0,306,0.005100828248443737
0.0,0.0,0.0,0.0,307,0.005100828248443737
0.0,0.0,0.0,0.0,308,0.005100828248443737
0.0,0.0,0.0,0.0,310,0.004976417803359744
0.0,0.0,0.0,0.0,311,0.004727596913191757
0.0,0.0,0.0,0.0,307,0.00447877602302377
0.0,0.0,0.0,0.0,307,0.004603186468107763
0.0,0.0,0.0,0.0,317,0.00447877602302377
0.0,0.0,0.0,0.0,322,0.004354365577939776
0.0,0.0,0.0,0.0,326,0.004354365577939776
0.0,0.0,0.0,0.0,333,0.004354365577939776
0.0,0.0,0.0,0.0,341,0.004354365577939776
0.0,0.0,0.0,0.0,345,0.0042299551328557825
0.0,0.0,0.0,0.0,353,0.004105544687771789
0.0,0.0,0.0,0.0,350,0.004105544687771789
0.0,0.0,0.0,0.0,353,0.004105544687771789
0.0,0.0,0.0,0.0,350,0.003981134242687795
0.0,0.0,0.0,0.0,354,0.0038567237976038014
0.0,0.0,0.0,0.0,354,0.0038567237976038014
0.0,0.0,0.0,0.0,351,0.0038567237976038014
0.0,0.0,0.0,0.0,351,0.003483492462351821
0.0,0.0,0.0,0.0,366,0.003234671572183834
0.0,0.0,0.0,0.0,363,0.00311026112709984
0.0,0.0,0.0,0.0,364,0.002985850682015846
0.0,0.0,0.0,0.0,364,0.0026126193467638655
0.0,0.0,0.0,0.0,364,0.0019905671213438975
0.0,0.0,0.0,0.0,364,0.001492925341007923
0.0,0.0,0.0,0.0,365,0.001244104450839936
0.0,0.0,0.0,0.0,364,0.0011196940057559425
0.0,0.0,0.0,0.0,360,0.0008708731155879552
0.0,0.0,0.0,0.0,363,0.0007464626705039615
0.0,0.0,0.0,0.0,360,0.0007464626705039615
0.0,0.0,0.0,0.0,360,0.000622052225419968
0.0,0.0,0.0,0.0,367,0.0004976417803359744
0.0,0.0,0.0,0.0,367,0.0002488208901679872
0.0,0.0,0.0,0.0,366,0.0002488208901679872
0.0,0.0,0.0,0.0,366,0.0002488208901679872
0.0,0.0,0.0,0.0,371,0.0002488208901679872
0.0,0.0,0.0,0.0,367,0.0001244104450839936
0.0,0.0,0.0,0.0,370,0.0001244104450839936
0.0,0.0,0.0,0.0,370,0.0001244104450839936
0.0,0.0,0.0,0.0,370,0.0
0.0,0.0,0.0,0.0,370,-0.0001244104450839936
0.0,0.0,0.0,0.0,370,-0.0002488208901679872
0.0,0.0,0.0,0.0,369,-0.00037323133525198076
0.0,0.0,0.0,0.0,373,-0.0004976417803359744
0.0,0.0,0.0,0.0,370,-0.000622052225419968
0.0,0.0,0.0,0.0,370,-0.000622052225419968
0.0,0.0,0.0,0.0,369,-0.000622052225419968
0.0,0.0,0.0,0.0,369,-0.0007464626705039615
0.0,0.0,0.0,0.0,370,-0.0007464626705039615
0.0,0.0,0.0,0.0,370,-0.0007464626705039615
0.0,0.0,0.0,0.0,369,-0.0007464626705039615
0.0,0.0,0.0,0.0,371,-0.0007464626705039615
0.0,0.0,0.0,0.0,371,-0.0008708731155879552
0.0,0.0,0.0,0.0,370,-0.0008708731155879552
0.0,0.0,0.0,0.0,370,-0.0008708731155879552
0.0,0.0,0.0,0.0,369,-0.0008708731155879552
0.0,0.0,0.0,0.0,373,-0.0008708731155879552
0.0,0.0,0.0,0.0,376,-0.0008708731155879552
0.0,0.0,0.0,0.0,376,-0.0008708731155879552
0.0,0.0,0.0,0.0,379,-0.0009952835606719488
0.0,0.0,0.0,0.0,378,-0.0011196940057559425
0.0,0.0,0.0,0.0,379,-0.0011196940057559425
0.0,0.0,0.0,0.0,378,-0.0011196940057559425
0.0,0.0,0.0,0.0,379,-0.0011196940057559425
0.0,0.0,0.0,0.0,379,-0.0011196940057559425
0.0,0.0,0.0,0.0,378,-0.001244104450839936
0.0,0.0,0.0,0.0,375,-0.001244104450839936
0.0,0.0,0.0,0.0,371,-0.0011196940057559425
0.0,0.0,0.0,0.0,370,-0.001244104450839936
0.0,0.0,0.0,0.0,373,-0.001244104450839936
0.0,0.0,0.0,0.0,373,-0.001244104450839936
0.0,0.0,0.0,0.0,372,-0.001244104450839936
0.0,0.0,0.0,0.0,368,-0.001244104450839936
0.0,0.0,0.0,0.0,368,-0.001244104450839936
0.0,0.0,0.0,0.0,364,-0.001244104450839936
0.0,0.0,0.0,0.0,366,-0.0013685148959239298
0.0,0.0,0.0,0.0,361,-0.001492925341007923
0.0,0.0,0.0,0.0,355,-0.0013685148959239298
0.0,0.0,0.0,0.0,355,-0.0013685148959239298
0.0,0.0,0.0,0.0,357,-0.001492925341007923
0.0,0.0,0.0,0.0,356,-0.001492925341007923
0.0,0.0,0.0,0.0,357,-0.001492925341007923
0.0,0.0,0.0,0.0,356,-0.001492925341007923
0.0,0.0,0.0,0.0,352,-0.001492925341007923
0.0,0.0,0.0,0.0,352,-0.001492925341007923
0.0,0.0,0.0,0.0,353,-0.001492925341007923
0.0,0.0,0.0,0.0,351,-0.0013685148959239298
0.0,0.0,0.0,0.0,353,-0.001492925341007923
0.0,0.0,0.0,0.0,356,-0.001492925341007923
0.0,0.0,0.0,0.0,353,-0.001492925341007923
0.0,0.0,0.0,0.0,359,-0.001492925341007923
0.0,0.0,0.0,0.0,356,-0.001492925341007923
0.0,0.0,0.0,0.0,355,-0.001492925341007923
0.0,0.0,0.0,0.0,355,-0.001492925341007923
0.0,0.0,0.0,0.0,356,-0.001492925341007923
0.0,0.0,0.0,0.0,359,-0.001492925341007923
0.0,0.0,0.0,0.0,360,-0.001492925341007923
0.0,0.0,0.0,0.0,360,-0.001492925341007923
0.0,0.0,0.0,0.0,356,-0.001492925341007923
0.0,0.0,0.0,0.0,354,-0.001492925341007923
0.0,0.0,0.0,0.0,355,-0.0013685148959239298
0.0,0.0,0.0,0.0,355,-0.0013685148959239298
0.0,0.0,0.0,0.0,354,-0.0013685148959239298
0.0,0.0,0.0,0.0,354,-0.0013685148959239298
0.0,0.0,0.0,0.0,354,-0.0013685148959239298
0.0,0.0,0.0,0.0,354,-0.0013685148959239298
0.0,0.0,0.0,0.0,356,-0.0013685148959239298
0.0,0.0,0.0,0.0,350,-0.0013685148959239298
0.0,0.0,0.0,0.0,336,-0.0013685148959239298
0.0,0.0,0.0,0.0,339,-0.0013685148959239298
0.0,0.0,0.0,0.0,337,-0.001244104450839936
0.0,0.0,0.0,0.0,337,-0.001244104450839936
0.0,0.0,0.0,0.0,338,-0.001244104450839936
0.0,0.0,0.0,0.0,337,-0.0011196940057559425
0.0,0.0,0.0,0.0,337,-0.0011196940057559425
0.0,0.0,0.0,0.0,342,-0.0008708731155879552
0.0,0.0,0.0,0.0,342,-0.0007464626705039615
0.0,0.0,0.0,0.0,341,-0.0007464626705039615
0.0,0.0,0.0,0.0,341,-0.000622052225419968
0.0,0.0,0.0,0.0,340,-0.0004976417803359744
0.0,0.0,0.0,0.0,340,-0.00037323133525198076
0.0,0.0,0.0,0.0,339,-0.00037323133525198076
0.0,0.0,0.0,0.0,338,-0.00037323133525198076
0.0,0.0,0.0,0.0,338,-0.0002488208901679872
0.0,0.0,0.0,0.0,337,0.0
0.0,0.0,0.0,0.0,337,0.0002488208901679872
0.0,0.0,0.0,0.0,336,0.0004976417803359744
0.0,0.0,0.0,0.0,336,0.000622052225419968
0.0,0.0,0.0,0.0,344,0.0007464626705039615
0.0,0.0,0.0,0.0,344,0.0008708731155879552
0.0,0.0,0.0,0.0,343,0.0007464626705039615
0.0,0.0,0.0,0.0,343,0.0008708731155879552
0.0,0.0,0.0,0.0,342,0.0009952835606719488
0.0,0.0,0.0,0.0,341,0.0011196940057559425
0.0,0.0,0.0,0.0,341,0.0011196940057559425
0.0,0.0,0.0,0.0,340,0.0011196940057559425
0.0,0.0,0.0,0.0,340,0.0011196940057559425
0.0,0.0,0.0,0.0,339,0.001244104450839936
0.0,0.0,0.0,0.0,339,0.001244104450839936
0.0,0.0,0.0,0.0,338,0.0013685148959239298
0.0,0.0,0.0,0.0,336,0.001492925341007923
0.0,0.0,0.0,0.0,341,0.0017417462311759104
0.0,0.0,0.0,0.0,340,0.0021149775664278912
0.0,0.0,0.0,0.0,339,0.0026126193467638655
0.0,0.0,0.0,0.0,338,0.0028614402369318524
0.0,0.0,0.0,0.0,339,0.002985850682015846
0.0,0.0,0.0,0.0,338,0.003359082017267827
0.0,0.0,0.0,0.0,339,0.0036079029074358145
0.0,0.0,0.0,0.0,338,0.0038567237976038014
0.0,0.0,0.0,0.0,337,0.003981134242687795
0.0,0.0,0.0,0.0,338,0.003981134242687795
0.0,0.0,0.0,0.0,336,0.004354365577939776
0.0,0.0,0.0,0.0,339,0.004727596913191757
0.0,0.0,0.0,0.0,339,0.004976417803359744
0.0,0.0,0.0,0.0,334,0.005225238693527731
0.0,0.0,0.0,0.0,335,0.005598470028779712
0.0,0.0,0.0,0.0,332,0.005971701364031692
0.0,0.0,0.0,0.0,329,0.00622052225419968
0.0,0.0,0.0,0.0,332,0.006469343144367668
0.0,0.0,0.0,0.0,329,0.006593753589451661
0.0,0.0,0.0,0.0,328,0.006718164034535654
0.0,0.0,0.0,0.0,331,0.007091395369787636
0.0,0.0,0.0,0.0,332,0.007464626705039616
0.0,0.0,0.0,0.0,326,0.007837858040291598
0.0,0.0,0.0,0.0,332,0.008211089375543578
0.0,0.0,0.0,0.0,330,0.008584320710795559
0.0,0.0,0.0,0.0,333,0.008708731155879551
0.0,0.0,0.0,0.0,333,0.00895755204604754
0.0,0.0,0.0,0.0,335,0.00895755204604754
0.0,0.0,0.0,0.0,335,0.009081962491131534
0.0,0.0,0.0,0.0,337,0.009206372936215526
0.0,0.0,0.0,0.0,334,0.00933078338129952
0.0,0.0,0.0,0.0,337,0.009579604271467507
0.0,0.0,0.0,0.0,336,0.0097040147165515
0.0,0.0,0.0,0.0,333,0.009828425161635495
0.0,0.0,0.0,0.0,339,0.009952835606719487
0.0,0.0,0.0,0.0,339,0.010077246051803481
0.0,0.0,0.0,0.0,335,0.01032606694197147
0.0,0.0,0.0,0.0,335,0.010823708722307443
0.0,0.0,0.0,0.0,338,0.011321350502643417
0.0,0.0,0.0,0.0,334,0.011943402728063384
0.0,0.0,0.0,0.0,338,0.012565454953483353
0.0,0.0,0.0,0.0,337,0.013063096733819328
0.0,0.0,0.0,0.0,337,0.013436328069071309
0.0,0.0,0.0,0.0,336,0.013560738514155303
0.0,0.0,0.0,0.0,333,0.013685148959239297
0.0,0.0,0.0,0.0,341,0.01380955940432329
0.0,0.0,0.0,0.0,337,0.013933969849407283
0.0,0.0,0.0,0.0,331,0.014307201184659264
0.0,0.0,0.0,0.0,334,0.01455602207482725
0.0,0.0,0.0,0.0,337,0.015053663855163225
0.0,0.0,0.0,0.0,337,0.015426895190415206
0.0,0.0,0.0,0.0,337,0.01592453697075118
0.0,0.0,0.0,0.0,334,0.01617335786091917
0.0,0.0,0.0,0.0,336,0.016422178751087157
0.0,0.0,0.0,0.0,336,0.01654658919617115
0.0,0.0,0.0,0.0,332,0.016795410086339134
0.0,0.0,0.0,0.0,335,0.017044230976507122
0.0,0.0,0.0,0.0,336,0.01729305186667511
0.0,0.0,0.0,0.0,340,0.0175418727568431
0.0,0.0,0.0,0.0,337,0.01803951453717907
0.0,0.0,0.0,0.0,333,0.01828833542734706
0.0,0.0,0.0,0.0,338,0.018537156317515045
0.0,0.0,0.0,0.0,336,0.018537156317515045
0.0,0.0,0.0,0.0,338,0.018537156317515045
0.0,0.0,0.0,0.0,334,0.018537156317515045
0.0,0.0,0.0,0.0,333,0.01866156676259904
0.0,0.0,0.0,0.0,335,0.018785977207683033
0.0,0.0,0.0,0.0,335,0.01903479809785102
0.0,0.0,0.0,0.0,334,0.019283618988019006
0.0,0.0,0.0,0.0,336,0.019532439878186997
0.0,0.0,0.0,0.0,335,0.019905671213438975
0.0,0.0,0.0,0.0,335,0.020278902548690955
0.0,0.0,0.0,0.0,332,0.020527723438858947
0.0,0.0,0.0,0.0,328,0.02102536521919492
0.0,0.0,0.0,0.0,330,0.021523006999530893
0.0,0.0,0.0,0.0,328,0.021896238334782877
0.0,0.0,0.0,0.0,328,0.02214505922495086
0.0,0.0,0.0,0.0,329,0.022518290560202842
0.0,0.0,0.0,0.0,332,0.022767111450370827
0.0,0.0,0.0,0.0,334,0.02314034278562281
0.0,0.0,0.0,0.0,333,0.02351357412087479
0.0,0.0,0.0,0.0,332,0.024011215901210765
0.0,0.0,0.0,0.0,330,0.02450885768154674
0.0,0.0,0.0,0.0,326,0.025006499461882714
0.0,0.0,0.0,0.0,328,0.02575296213238668
0.0,0.0,0.0,0.0,333,0.02662383524797463
0.0,0.0,0.0,0.0,331,0.027370297918478594
0.0,0.0,0.0,0.0,330,0.02811676058898255
0.0,0.0,0.0,0.0,323,0.028738812814402524
0.0,0.0,0.0,0.0,325,0.029236454594738497
0.0,0.0,0.0,0.0,323,0.02948527548490648
0.0,0.0,0.0,0.0,324,0.029609685929990474
0.0,0.0,0.0,0.0,325,0.030231738155410446
0.0,0.0,0.0,0.0,328,0.031102611270998403
0.0,0.0,0.0,0.0,326,0.032097894831670346
0.0,0.0,0.0,0.0,323,0.0329687679472583
0.0,0.0,0.0,0.0,326,0.03371523061776227
0.0,0.0,0.0,0.0,325,0.034461693288266225
0.0,0.0,0.0,0.0,325,0.03458610373335022
0.0,0.0,0.0,0.0,324,0.03458610373335022
0.0,0.0,0.0,0.0,320,0.034461693288266225
0.0,0.0,0.0,0.0,322,0.03471051417843421
0.0,0.0,0.0,0.0,322,0.0350837455136862
0.0,0.0,0.0,0.0,322,0.03570579773910616
0.0,0.0,0.0,0.0,321,0.03620343951944213
0.0,0.0,0.0,0.0,321,0.036452260409610124
0.0,0.0,0.0,0.0,322,0.036701081299778116
0.0,0.0,0.0,0.0,320,0.036825491744862104
0.0,0.0,0.0,0.0,323,0.036701081299778116
0.0,0.0,0.0,0.0,320,0.036701081299778116
0.0,0.0,0.0,0.0,321,0.03657667085469412
0.0,0.0,0.0,0.0,319,0.03657667085469412
0.0,0.0,0.0,0.0,316,0.036701081299778116
0.0,0.0,0.0,0.0,315,0.036825491744862104
0.0,0.0,0.0,0.0,317,0.036701081299778116
0.0,0.0,0.0,0.0,314,0.036701081299778116
0.0,0.0,0.0,0.0,312,0.036825491744862104
0.0,0.0,0.0,0.0,313,0.036825491744862104
0.0,0.0,0.0,0.0,312,0.0369499021899461
0.0,0.0,0.0,0.0,312,0.0369499021899461
0.0,0.0,0.0,0.0,312,0.0369499021899461
0.0,0.0,0.0,0.0,311,0.03707431263503009
0.0,0.0,0.0,0.0,311,0.037571954415366066
0.0,0.0,0.0,0.0,314,0.03819400664078604
0.0,0.0,0.0,0.0,313,0.038816058866206
0.0,0.0,0.0,0.0,313,0.03931370064654198
0.0,0.0,0.0,0.0,311,0.03968693198179396
0.0,0.0,0.0,0.0,312,0.040060163317045934
0.0,0.0,0.0,0.0,311,0.040806625987549895
0.0,0.0,0.0,0.0,308,0.04130426776788588
0.0,0.0,0.0,0.0,310,0.04167749910313785
0.0,0.0,0.0,0.0,306,0.04167749910313785
0.0,0.0,0.0,0.0,305,0.04192631999330584
0.0,0.0,0.0,0.0,305,0.042299551328557825
0.0,0.0,0.0,0.0,304,0.042797193108893794
0.0,0.0,0.0,0.0,306,0.04329483488922977
0.0,0.0,0.0,0.0,305,0.04366806622448175
0.0,0.0,0.0,0.0,305,0.04404129755973374
0.0,0.0,0.0,0.0,304,0.04416570800481773
0.0,0.0,0.0,0.0,305,0.04416570800481773
0.0,0.0,0.0,0.0,305,0.04416570800481773
0.0,0.0,0.0,0.0,306,0.04441452889498571
0.0,0.0,0.0,0.0,305,0.04478776023023769
0.0,0.0,0.0,0.0,303,0.045036581120405685
0.0,0.0,0.0,0.0,302,0.045036581120405685
0.0,0.0,0.0,0.0,302,0.04528540201057367
0.0,0.0,0.0,0.0,304,0.045534222900741654
0.0,0.0,0.0,0.0,303,0.04565863334582565
0.0,0.0,0.0,0.0,304,0.04565863334582565
0.0,0.0,0.0,0.0,304,0.045534222900741654
0.0,0.0,0.0,0.0,301,0.04565863334582565
0.0,0.0,0.0,0.0,299,0.04578304379090964
0.0,0.0,0.0,0.0,297,0.04590745423599364
0.0,0.0,0.0,0.0,298,0.04590745423599364
0.0,0.0,0.0,0.0,297,0.04603186468107763
0.0,0.0,0.0,0.0,298,0.046156275126161626
0.0,0.0,0.0,0.0,297,0.04640509601632961
0.0,0.0,0.0,0.0,295,0.04652950646141361
0.0,0.0,0.0,0.0,295,0.04652950646141361
0.0,0.0,0.0,0.0,295,0.046653916906497596
0.0,0.0,0.0,0.0,297,0.046653916906497596
0.0,0.0,0.0,0.0,297,0.0467783273515816
0.0,0.0,0.0,0.0,296,0.04702714824174958
0.0,0.0,0.0,0.0,297,0.04702714824174958
0.0,0.0,0.0,0.0,296,0.04702714824174958
0.0,0.0,0.0,0.0,297,0.04715155868683357
0.0,0.0,0.0,0.0,297,0.04727596913191757
0.0,0.0,0.0,0.0,296,0.04727596913191757
0.0,0.0,0.0,0.0,296,0.04727596913191757
0.0,0.0,0.0,0.0,291,0.04740037957700156
0.0,0.0,0.0,0.0,294,0.047649200467169556
0.0,0.0,0.0,0.0,292,0.04777361091225354
0.0,0.0,0.0,0.0,292,0.04777361091225354
0.0,0.0,0.0,0.0,291,0.04777361091225354
0.0,0.0,0.0,0.0,290,0.04789802135733754
0.0,0.0,0.0,0.0,290,0.048146842247505525
0.0,0.0,0.0,0.0,290,0.048146842247505525
0.0,0.0,0.0,0.0,289,0.048146842247505525
0.0,0.0,0.0,0.0,289,0.04839566313767351
0.0,0.0,0.0,0.0,288,0.04926653625326147
0.0,0.0,0.0,0.0,287,0.050137409368849424
0.0,0.0,0.0,0.0,286,0.051008282484437374
0.0,0.0,0.0,0.0,286,0.05187915560002533
0.0,0.0,0.0,0.0,286,0.052625618270529285
0.0,0.0,0.0,0.0,284,0.052625618270529285
0.0,0.0,0.0,0.0,283,0.052625618270529285
0.0,0.0,0.0,0.0,282,0.05275002871561329
0.0,0.0,0.0,0.0,281,0.05349649138611724
0.0,0.0,0.0,0.0,281,0.05474059583695719
0.0,0.0,0.0,0.0,280,0.0562335211779651
0.0,0.0,0.0,0.0,280,0.057353215183721044
0.0,0.0,0.0,0.0,280,0.05785085696405702
0.0,0.0,0.0,0.0,279,0.05785085696405702
0.0,0.0,0.0,0.0,278,0.05772644651897303
0.0,0.0,0.0,0.0,279,0.05772644651897303
0.0,0.0,0.0,0.0,278,0.05785085696405702
0.0,0.0,0.0,0.0,277,0.05797526740914102
0.0,0.0,0.0,0.0,277,0.05809967785422501
0.0,0.0,0.0,0.0,276,0.05809967785422501
0.0,0.0,0.0,0.0,276,0.05809967785422501
0.0,0.0,0.0,0.0,273,0.058224088299309
0.0,0.0,0.0,0.0,273,0.058224088299309
0.0,0.0,0.0,0.0,273,0.058224088299309
0.0,0.0,0.0,0.0,273,0.05847290918947699
0.0,0.0,0.0,0.0,271,0.05909496141489696
0.0,0.0,0.0,0.0,271,0.060090244975568904
0.0,0.0,0.0,0.0,271,0.06083670764607287
0.0,0.0,0.0,0.0,271,0.061209938981324846
0.0,0.0,0.0,0.0,270,0.061209938981324846
0.0,0.0,0.0,0.0,271,0.06145875987149284
0.0,0.0,0.0,0.0,269,0.06170758076166082
0.0,0.0,0.0,0.0,268,0.06183199120674482
0.0,0.0,0.0,0.0,268,0.062205222541996806
0.0,0.0,0.0,0.0,267,0.06344932699283673
0.0,0.0,0.0,0.0,267,0.06556430455926462
0.0,0.0,0.0,0.0,267,0.0680525134609445
0.0,0.0,0.0,0.0,267,0.07004308058228839
0.0,0.0,0.0,0.0,267,0.07091395369787636
0.0,0.0,0.0,0.0,271,0.07054072236262438
0.0,0.0,0.0,0.0,268,0.0701674910273724
0.0,0.0,0.0,0.0,268,0.07029190147245638
0.0,0.0,0.0,0.0,269,0.07128718503312834
0.0,0.0,0.0,0.0,269,0.07240687903888426
0.0,0.0,0.0,0.0,271,0.07240687903888426
0.0,0.0,0.0,0.0,268,0.0719092372585483
0.0,0.0,0.0,0.0,269,0.07141159547821233
0.0,0.0,0.0,0.0,269,0.07078954325279235
0.0,0.0,0.0,0.0,268,0.06942102835686842
0.0,0.0,0.0,0.0,270,0.06767928212569252
0.0,0.0,0.0,0.0,266,0.06631076722976859
0.0,0.0,0.0,0.0,265,0.06631076722976859
0.0,0.0,0.0,0.0,264,0.06680840901010457
0.0,0.0,0.0,0.0,264,0.06705722990027255
0.0,0.0,0.0,0.0,262,0.06693281945518856
0.0,0.0,0.0,0.0,263,0.06655958811993658
0.0,0.0,0.0,0.0,261,0.06631076722976859
0.0,0.0,0.0,0.0,261,0.06568871500434863
0.0,0.0,0.0,0.0,260,0.06506666277892866
0.0,0.0,0.0,0.0,262,0.06469343144367667
0.0,0.0,0.0,0.0,259,0.06444461055350868
0.0,0.0,0.0,0.0,259,0.06394696877317271
0.0,0.0,0.0,0.0,259,0.06282727476741677
0.0,0.0,0.0,0.0,256,0.06096111809115686
0.0,0.0,0.0,0.0,260,0.058846140524728974
0.0,0.0,0.0,0.0,256,0.05660675251321709
0.0,0.0,0.0,0.0,255,0.0544917749467892
0.0,0.0,0.0,0.0,253,0.052127976490193316
0.0,0.0,0.0,0.0,254,0.04963976758851344
0.0,0.0,0.0,0.0,255,0.04802243180242153
0.0,0.0,0.0,0.0,255,0.047649200467169556
0.0,0.0,0.0,0.0,256,0.04727596913191757
0.0,0.0,0.0,0.0,259,0.04628068557124562
0.0,0.0,0.0,0.0,260,0.045036581120405685
0.0,0.0,0.0,0.0,262,0.043792476669565754
0.0,0.0,0.0,0.0,262,0.04329483488922977
0.0,0.0,0.0,0.0,263,0.043419245334313766
0.0,0.0,0.0,0.0,263,0.04329483488922977
0.0,0.0,0.0,0.0,265,0.04317042444414578
0.0,0.0,0.0,0.0,263,0.04317042444414578
0.0,0.0,0.0,0.0,265,0.04317042444414578
0.0,0.0,0.0,0.0,222,0.043046013999061786
0.0,0.0,0.0,0.0,150,0.04254837221872581
0.0,0.0,0.0,0.0,-1,0.04167749910313785
0.0,0.0,0.0,0.0,-74,0.04093103643263389
0.0,0.0,0.0,0.0,-74,0.040682215542465906
0.0,0.0,0.0,0.0,-74,0.040806625987549895
0.0,0.0,0.0,0.0,-72,0.040806625987549895
0.0,0.0,0.0,0.0,-71,0.040806625987549895
0.0,0.0,0.0,0.0,-69,0.040806625987549895
0.0,0.0,0.0,0.0,-67,0.04093103643263389
0.0,0.0,0.0,0.0,-65,0.04130426776788588
0.0,0.0,0.0,0.0,-63,0.04142867821296987
0.0,0.0,0.0,0.0,-62,0.04142867821296987
0.0,0.0,0.0,0.0,-60,0.04155308865805386
0.0,0.0,0.0,0.0,-57,0.04205073043838984
0.0,0.0,0.0,0.0,74,0.043046013999061786
0.0,0.0,0.0,0.0,133,0.04416570800481773
0.0,0.0,0.0,0.0,199,0.0446633497851537
0.0,0.0,0.0,0.0,193,0.04478776023023769
0.0,0.0,0.0,0.0,191,0.04516099156548968
0.0,0.0,0.0,0.0,204,0.04590745423599364
0.0,0.0,0.0,0.0,214,0.04690273779666559
0.0,0.0,0.0,0.0,213,0.048146842247505525
0.0,0.0,0.0,0.0,213,0.04926653625326147
0.0,0.0,0.0,0.0,213,0.05038623025901741
0.0,0.0,0.0,0.0,225,0.05187915560002533
0.0,0.0,0.0,0.0,225,0.053372080941033254
0.0,0.0,0.0,0.0,241,0.0543673645017052
0.0,0.0,0.0,0.0,249,0.05511382717220916
0.0,0.0,0.0,0.0,259,0.056109110732881114
0.0,0.0,0.0,0.0,264,0.05747762562880505
0.0,0.0,0.0,0.0,286,0.05872173007964498
0.0,0.0,0.0,0.0,297,0.059592603195232935
0.0,0.0,0.0,0.0,308,0.060090244975568904
0.0,0.0,0.0,0.0,313,0.06033906586573689
0.0,0.0,0.0,0.0,320,0.06033906586573689
0.0,0.0,0.0,0.0,325,0.06033906586573689
0.0,0.0,0.0,0.0,328,0.06033906586573689
0.0,0.0,0.0,0.0,328,0.06033906586573689
0.0,0.0,0.0,0.0,327,0.06046347631082089
0.0,0.0,0.0,0.0,325,0.06046347631082089
0.0,0.0,0.0,0.0,325,0.06046347631082089
0.0,0.0,0.0,0.0,322,0.06046347631082089
0.0,0.0,0.0,0.0,325,0.06046347631082089
0.0,0.0,0.0,0.0,323,0.06046347631082089
0.0,0.0,0.0,0.0,323,0.06071229720098888
0.0,0.0,0.0,0.0,325,0.06083670764607287
0.0,0.0,0.0,0.0,322,0.06083670764607287
0.0,0.0,0.0,0.0,327,0.06083670764607287
0.0,0.0,0.0,0.0,329,0.06096111809115686
0.0,0.0,0.0,0.0,332,0.061209938981324846
0.0,0.0,0.0,0.0,329,0.061209938981324846
0.0,0.0,0.0,0.0,328,0.061209938981324846
0.0,0.0,0.0,0.0,328,0.061209938981324846
0.0,0.0,0.0,0.0,326,0.061209938981324846
0.0,0.0,0.0,0.0,329,0.06133434942640885
0.0,0.0,0.0,0.0,330,0.06133434942640885
0.0,0.0,0.0,0.0,328,0.06133434942640885
0.0,0.0,0.0,0.0,331,0.06133434942640885
0.0,0.0,0.0,0.0,332,0.06145875987149284
0.0,0.0,0.0,0.0,332,0.06170758076166082
0.0,0.0,0.0,0.0,330,0.0620808120969128
0.0,0.0,0.0,0.0,327,0.062205222541996806
0.0,0.0,0.0,0.0,331,0.062205222541996806
0.0,0.0,0.0,0.0,335,0.062205222541996806
0.0,0.0,0.0,0.0,330,0.06257845387724878
0.0,0.0,0.0,0.0,334,0.06307609565758475
0.0,0.0,0.0,0.0,334,0.06357373743792073
0.0,0.0,0.0,0.0,332,0.06369814788300472
0.0,0.0,0.0,0.0,333,0.06369814788300472
0.0,0.0,0.0,0.0,298,0.06369814788300472
0.0,0.0,0.0,0.0,333,0.06394696877317271
0.0,0.0,0.0,0.0,334,0.06456902099859267
0.0,0.0,0.0,0.0,299,0.06519107322401264
0.0,0.0,0.0,0.0,337,0.06568871500434863
0.0,0.0,0.0,0.0,336,0.06606194633960061
0.0,0.0,0.0,0.0,336,0.0661863567846846
0.0,0.0,0.0,0.0,335,0.06631076722976859
0.0,0.0,0.0,0.0,300,0.06631076722976859
0.0,0.0,0.0,0.0,334,0.06643517767485257
0.0,0.0,0.0,0.0,336,0.06705722990027255
0.0,0.0,0.0,0.0,302,0.06842574479619648
0.0,0.0,0.0,0.0,333,0.0699186701372044
0.0,0.0,0.0,0.0,334,0.07103836414296034
0.0,0.0,0.0,0.0,295,0.07103836414296034
0.0,0.0,0.0,0.0,325,0.07103836414296034
0.0,0.0,0.0,0.0,324,0.07128718503312834
0.0,0.0,0.0,0.0,321,0.0720336477036323
0.0,0.0,0.0,0.0,318,0.07290452081922025
0.0,0.0,0.0,0.0,285,0.0737753939348082
0.0,0.0,0.0,0.0,311,0.07439744616022817
0.0,0.0,0.0,0.0,313,0.07489508794056414
0.0,0.0,0.0,0.0,278,0.07477067749548015
0.0,0.0,0.0,0.0,305,0.07464626705039616
0.0,0.0,0.0,0.0,302,0.07464626705039616
0.0,0.0,0.0,0.0,302,0.07477067749548015
0.0,0.0,0.0,0.0,296,0.07489508794056414
0.0,0.0,0.0,0.0,277,0.07489508794056414
0.0,0.0,0.0,0.0,298,0.07489508794056414
0.0,0.0,0.0,0.0,299,0.07477067749548015
0.0,0.0,0.0,0.0,299,0.07477067749548015
0.0,0.0,0.0,0.0,295,0.07477067749548015
0.0,0.0,0.0,0.0,270,0.07477067749548015
0.0,0.0,0.0,0.0,290,0.07477067749548015
0.0,0.0,0.0,0.0,286,0.07477067749548015
0.0,0.0,0.0,0.0,264,0.07477067749548015
0.0,0.0,0.0,0.0,285,0.07464626705039616
0.0,0.0,0.0,0.0,283,0.07464626705039616
0.0,0.0,0.0,0.0,284,0.07452185660531217
0.0,0.0,0.0,0.0,283,0.07452185660531217
0.0,0.0,0.0,0.0,262,0.07452185660531217
0.0,0.0,0.0,0.0,281,0.07452185660531217
0.0,0.0,0.0,0.0,280,0.07427303571514418
0.0,0.0,0.0,0.0,260,0.07402421482497619
0.0,0.0,0.0,0.0,279,0.07352657304464022
0.0,0.0,0.0,0.0,273,0.07327775215447223
0.0,0.0,0.0,0.0,271,0.07327775215447223
0.0,0.0,0.0,0.0,268,0.07327775215447223
0.0,0.0,0.0,0.0,251,0.07302893126430424
0.0,0.0,0.0,0.0,268,0.07278011037413626
0.0,0.0,0.0,0.0,268,0.07240687903888426
0.0,0.0,0.0,0.0,246,0.0720336477036323
0.0,0.0,0.0,0.0,264,0.0719092372585483
0.0,0.0,0.0,0.0,264,0.0719092372585483
0.0,0.0,0.0,0.0,263,0.0717848268134643
0.0,0.0,0.0,0.0,262,0.0717848268134643
0.0,0.0,0.0,0.0,242,0.07166041636838032
0.0,0.0,0.0,0.0,259,0.07153600592329633
0.0,0.0,0.0,0.0,259,0.07128718503312834
0.0,0.0,0.0,0.0,258,0.07128718503312834
0.0,0.0,0.0,0.0,256,0.07116277458804433
0.0,0.0,0.0,0.0,238,0.07103836414296034
0.0,0.0,0.0,0.0,254,0.07091395369787636
0.0,0.0,0.0,0.0,253,0.07091395369787636
0.0,0.0,0.0,0.0,236,0.07066513280770836
0.0,0.0,0.0,0.0,250,0.0701674910273724
0.0,0.0,0.0,0.0,248,0.06966984924703641
0.0,0.0,0.0,0.0,247,0.06942102835686842
0.0,0.0,0.0,0.0,246,0.06942102835686842
0.0,0.0,0.0,0.0,232,0.06942102835686842
0.0,0.0,0.0,0.0,243,0.06904779702161645
0.0,0.0,0.0,0.0,241,0.06842574479619648
0.0,0.0,0.0,0.0,239,0.06817692390602849
0.0,0.0,0.0,0.0,235,0.06817692390602849
0.0,0.0,0.0,0.0,220,0.06817692390602849
0.0,0.0,0.0,0.0,225,0.06817692390602849
0.0,0.0,0.0,0.0,221,0.06817692390602849
0.0,0.0,0.0,0.0,204,0.06817692390602849
0.0,0.0,0.0,0.0,212,0.06817692390602849
0.0,0.0,0.0,0.0,207,0.06817692390602849
0.0,0.0,0.0,0.0,204,0.06817692390602849
0.0,0.0,0.0,0.0,199,0.06817692390602849
0.0,0.0,0.0,0.0,191,0.06792810301586051
0.0,0.0,0.0,0.0,191,0.06780369257077651
0.0,0.0,0.0,0.0,184,0.06780369257077651
0.0,0.0,0.0,0.0,180,0.06780369257077651
0.0,0.0,0.0,0.0,175,0.06767928212569252
0.0,0.0,0.0,0.0,171,0.06767928212569252
0.0,0.0,0.0,0.0,171,0.06767928212569252
0.0,0.0,0.0,0.0,169,0.06767928212569252
0.0,0.0,0.0,0.0,164,0.06755487168060853
0.0,0.0,0.0,0.0,165,0.06755487168060853
0.0,0.0,0.0,0.0,162,0.06755487168060853
0.0,0.0,0.0,0.0,160,0.06755487168060853
0.0,0.0,0.0,0.0,157,0.06755487168060853
0.0,0.0,0.0,0.0,154,0.06755487168060853
0.0,0.0,0.0,0.0,153,0.06755487168060853
0.0,0.0,0.0,0.0,152,0.06755487168060853
0.0,0.0,0.0,0.0,149,0.06755487168060853
0.0,0.0,0.0,0.0,149,0.06755487168060853
0.0,0.0,0.0,0.0,148,0.06755487168060853
0.0,0.0,0.0,0.0,147,0.06755487168060853
0.0,0.0,0.0,0.0,147,0.06755487168060853
0.0,0.0,0.0,0.0,145,0.06767928212569252
0.0,0.0,0.0,0.0,148,0.06767928212569252
0.0,0.0,0.0,0.0,153,0.06767928212569252
0.0,0.0,0.0,0.0,153,0.06767928212569252
0.0,0.0,0.0,0.0,152,0.06767928212569252
0.0,0.0,0.0,0.0,151,0.06767928212569252
0.0,0.0,0.0,0.0,154,0.06767928212569252
0.0,0.0,0.0,0.0,154,0.06767928212569252
0.0,0.0,0.0,0.0,155,0.06767928212569252
0.0,0.0,0.0,0.0,157,0.06767928212569252
0.0,0.0,0.0,0.0,158,0.06767928212569252
0.0,0.0,0.0,0.0,157,0.06767928212569252
0.0,0.0,0.0,0.0,158,0.06767928212569252
0.0,0.0,0.0,0.0,156,0.06767928212569252
0.0,0.0,0.0,0.0,155,0.06767928212569252
0.0,0.0,0.0,0.0,155,0.06767928212569252
0.0,0.0,0.0,0.0,154,0.06780369257077651
0.0,0.0,0.0,0.0,154,0.06780369257077651
0.0,0.0,0.0,0.0,152,0.06780369257077651
0.0,0.0,0.0,0.0,153,0.06780369257077651
0.0,0.0,0.0,0.0,153,0.06780369257077651
0.0,0.0,0.0,0.0,153,0.06780369257077651
0.0,0.0,0.0,0.0,156,0.06817692390602849
0.0,0.0,0.0,0.0,158,0.06867456568636447
0.0,0.0,0.0,0.0,158,0.06904779702161645
0.0,0.0,0.0,0.0,160,0.06917220746670044
0.0,0.0,0.0,0.0,157,0.06954543880195242
0.0,0.0,0.0,0.0,157,0.07041631191754039
0.0,0.0,0.0,0.0,158,0.07128718503312834
0.0,0.0,0.0,0.0,157,0.07166041636838032
0.0,0.0,0.0,0.0,157,0.07215805814871629
0.0,0.0,0.0,0.0,156,0.07240687903888426
0.0,0.0,0.0,0.0,157,0.07265569992905227
0.0,0.0,0.0,0.0,156,0.07278011037413626
0.0,0.0,0.0,0.0,156,0.07302893126430424
0.0,0.0,0.0,0.0,157,0.07302893126430424
0.0,0.0,0.0,0.0,157,0.07302893126430424
0.0,0.0,0.0,0.0,156,0.07302893126430424
0.0,0.0,0.0,0.0,157,0.07315334170938824
0.0,0.0,0.0,0.0,156,0.07315334170938824
0.0,0.0,0.0,0.0,157,0.07315334170938824
0.0,0.0,0.0,0.0,159,0.07315334170938824
0.0,0.0,0.0,0.0,159,0.07315334170938824
0.0,0.0,0.0,0.0,160,0.07327775215447223
0.0,0.0,0.0,0.0,158,0.07327775215447223
0.0,0.0,0.0,0.0,159,0.07352657304464022
0.0,0.0,0.0,0.0,159,0.0738998043798922
0.0,0.0,0.0,0.0,159,0.07402421482497619
0.0,0.0,0.0,0.0,160,0.07402421482497619
0.0,0.0,0.0,0.0,159,0.07402421482497619
0.0,0.0,0.0,0.0,160,0.07402421482497619
0.0,0.0,0.0,0.0,160,0.07402421482497619
0.0,0.0,0.0,0.0,159,0.07414862527006018
0.0,0.0,0.0,0.0,161,0.07414862527006018
0.0,0.0,0.0,0.0,161,0.07414862527006018
0.0,0.0,0.0,0.0,161,0.07414862527006018
0.0,0.0,0.0,0.0,162,0.07414862527006018
0.0,0.0,0.0,0.0,160,0.07414862527006018
0.0,0.0,0.0,0.0,162,0.07427303571514418
0.0,0.0,0.0,0.0,162,0.07452185660531217
0.0,0.0,0.0,0.0,163,0.07452185660531217
0.0,0.0,0.0,0.0,163,0.07452185660531217
0.0,0.0,0.0,0.0,161,0.07477067749548015
0.0,0.0,0.0,0.0,163,0.07489508794056414
0.0,0.0,0.0,0.0,164,0.07501949838564814
0.0,0.0,0.0,0.0,161,0.07501949838564814
0.0,0.0,0.0,0.0,163,0.07501949838564814
0.0,0.0,0.0,0.0,163,0.07501949838564814
0.0,0.0,0.0,0.0,163,0.07501949838564814
0.0,0.0,0.0,0.0,164,0.07489508794056414
0.0,0.0,0.0,0.0,161,0.07489508794056414
0.0,0.0,0.0,0.0,164,0.07489508794056414
0.0,0.0,0.0,0.0,165,0.07489508794056414
0.0,0.0,0.0,0.0,165,0.07489508794056414
0.0,0.0,0.0,0.0,167,0.07489508794056414
0.0,0.0,0.0,0.0,163,0.07489508794056414
0.0,0.0,0.0,0.0,167,0.07489508794056414
0.0,0.0,0.0,0.0,168,0.07489508794056414
0.0,0.0,0.0,0.0,169,0.07489508794056414
0.0,0.0,0.0,0.0,170,0.07464626705039616
0.0,0.0,0.0,0.0,167,0.07439744616022817
0.0,0.0,0.0,0.0,170,0.07427303571514418
0.0,0.0,0.0,0.0,171,0.07427303571514418
0.0,0.0,0.0,0.0,168,0.07402421482497619
0.0,0.0,0.0,0.0,170,0.07352657304464022
0.0,0.0,0.0,0.0,168,0.07340216259955623
0.0,0.0,0.0,0.0,171,0.07327775215447223
0.0,0.0,0.0,0.0,171,0.07302893126430424
0.0,0.0,0.0,0.0,169,0.07278011037413626
0.0,0.0,0.0,0.0,173,0.07265569992905227
0.0,0.0,0.0,0.0,175,0.07265569992905227
0.0,0.0,0.0,0.0,176,0.07240687903888426
0.0,0.0,0.0,0.0,178,0.07166041636838032
0.0,0.0,0.0,0.0,174,0.07078954325279235
0.0,0.0,0.0,0.0,179,0.07029190147245638
0.0,0.0,0.0,0.0,180,0.07004308058228839
0.0,0.0,0.0,0.0,181,0.06966984924703641
0.0,0.0,0.0,0.0,183,0.06917220746670044
0.0,0.0,0.0,0.0,179,0.06842574479619648
0.0,0.0,0.0,0.0,183,0.06730605079044054
0.0,0.0,0.0,0.0,183,0.06568871500434863
0.0,0.0,0.0,0.0,185,0.06394696877317271
0.0,0.0,0.0,0.0,189,0.06245404343216479
0.0,0.0,0.0,0.0,184,0.06133434942640885
0.0,0.0,0.0,0.0,189,0.0602146554206529
0.0,0.0,0.0,0.0,190,0.05909496141489696
0.0,0.0,0.0,0.0,187,0.05772644651897303
0.0,0.0,0.0,0.0,187,0.0563579316230491
0.0,0.0,0.0,0.0,193,0.05511382717220916
0.0,0.0,0.0,0.0,196,0.05399413316645322
0.0,0.0,0.0,0.0,196,0.05312326005086527
0.0,0.0,0.0,0.0,191,0.0525012078254453
0.0,0.0,0.0,0.0,192,0.052127976490193316
0.0,0.0,0.0,0.0,199,0.05175474515494134
0.0,0.0,0.0,0.0,199,0.05125710337460536
0.0,0.0,0.0,0.0,196,0.0505106407041014
0.0,0.0,0.0,0.0,196,0.04988858847868143
0.0,0.0,0.0,0.0,196,0.04901771536309348
0.0,0.0,0.0,0.0,204,0.0485200735827575
0.0,0.0,0.0,0.0,205,0.04789802135733754
0.0,0.0,0.0,0.0,201,0.04690273779666559
0.0,0.0,0.0,0.0,201,0.04578304379090964
0.0,0.0,0.0,0.0,209,0.045036581120405685
0.0,0.0,0.0,0.0,209,0.04441452889498571
0.0,0.0,0.0,0.0,212,0.04354365577939776
0.0,0.0,0.0,0.0,207,0.04242396177364182
0.0,0.0,0.0,0.0,206,0.041055446877717894
0.0,0.0,0.0,0.0,216,0.03931370064654198
0.0,0.0,0.0,0.0,216,0.03769636486045006
0.0,0.0,0.0,0.0,209,0.036327849964526135
0.0,0.0,0.0,0.0,211,0.03533256640385418
0.0,0.0,0.0,0.0,215,0.03471051417843421
0.0,0.0,0.0,0.0,224,0.034088461953014244
0.0,0.0,0.0,0.0,227,0.03346640972759428
0.0,0.0,0.0,0.0,220,0.03271994705709032
0.0,0.0,0.0,0.0,221,0.03222230527675434
0.0,0.0,0.0,0.0,232,0.031600253051334376
0.0,0.0,0.0,0.0,233,0.031102611270998403
0.0,0.0,0.0,0.0,237,0.03072937993574642
0.0,0.0,0.0,0.0,230,0.030231738155410446
0.0,0.0,0.0,0.0,230,0.03010732771032645
0.0,0.0,0.0,0.0,243,0.03010732771032645
0.0,0.0,0.0,0.0,244,0.03010732771032645
0.0,0.0,0.0,0.0,238,0.03010732771032645
0.0,0.0,0.0,0.0,238,0.03010732771032645
0.0,0.0,0.0,0.0,238,0.029982917265242458
0.0,0.0,0.0,0.0,248,0.029858506820158465
0.0,0.0,0.0,0.0,251,0.029609685929990474
0.0,0.0,0.0,0.0,241,0.029236454594738497
0.0,0.0,0.0,0.0,239,0.028863223259486516
0.0,0.0,0.0,0.0,242,0.028365581479150543
0.0,0.0,0.0,0.0,254,0.027743529253730574
0.0,0.0,0.0,0.0,254,0.02699706658322661
0.0,0.0,0.0,0.0,244,0.026001783022554664
0.0,0.0,0.0,0.0,246,0.025006499461882714
0.0,0.0,0.0,0.0,247,0.023762395011042776
0.0,0.0,0.0,0.0,258,0.022393880115118846
0.0,0.0,0.0,0.0,259,0.021398596554446897
0.0,0.0,0.0,0.0,248,0.02077654432902693
0.0,0.0,0.0,0.0,252,0.020154492103606963
0.0,0.0,0.0,0.0,250,0.019408029433103
0.0,0.0,0.0,0.0,264,0.01866156676259904
0.0,0.0,0.0,0.0,263,0.01828833542734706
0.0,0.0,0.0,0.0,254,0.01791510409209508
0.0,0.0,0.0,0.0,257,0.01766628320192709
0.0,0.0,0.0,0.0,256,0.01766628320192709
0.0,0.0,0.0,0.0,269,0.01766628320192709
0.0,0.0,0.0,0.0,271,0.0175418727568431
0.0,0.0,0.0,0.0,260,0.0175418727568431
0.0,0.0,0.0,0.0,263,0.0175418727568431
0.0,0.0,0.0,0.0,278,0.0175418727568431
0.0,0.0,0.0,0.0,279,0.017417462311759103
0.0,0.0,0.0,0.0,280,0.01729305186667511
0.0,0.0,0.0,0.0,268,0.01729305186667511
0.0,0.0,0.0,0.0,271,0.01729305186667511
0.0,0.0,0.0,0.0,272,0.01729305186667511
0.0,0.0,0.0,0.0,288,0.01729305186667511
0.0,0.0,0.0,0.0,290,0.017168641421591118
0.0,0.0,0.0,0.0,279,0.01729305186667511
0.0,0.0,0.0,0.0,282,0.017168641421591118
0.0,0.0,0.0,0.0,285,0.017168641421591118
0.0,0.0,0.0,0.0,299,0.017168641421591118
0.0,0.0,0.0,0.0,298,0.017168641421591118
0.0,0.0,0.0,0.0,285,0.017168641421591118
0.0,0.0,0.0,0.0,285,0.01729305186667511
0.0,0.0,0.0,0.0,285,0.01729305186667511
0.0,0.0,0.0,0.0,305,0.01729305186667511
0.0,0.0,0.0,0.0,305,0.01729305186667511
0.0,0.0,0.0,0.0,294,0.01729305186667511
0.0,0.0,0.0,0.0,296,0.01729305186667511
0.0,0.0,0.0,0.0,299,0.01766628320192709
0.0,0.0,0.0,0.0,315,0.01803951453717907
0.0,0.0,0.0,0.0,318,0.018412745872431052
0.0,0.0,0.0,0.0,319,0.01891038765276703
0.0,0.0,0.0,0.0,305,0.019159208542935013
0.0,0.0,0.0,0.0,305,0.019283618988019006
0.0,0.0,0.0,0.0,304,0.019283618988019006
0.0,0.0,0.0,0.0,324,0.01965685032327099
0.0,0.0,0.0,0.0,325,0.020030081658522967
0.0,0.0,0.0,0.0,306,0.020403312993774948
0.0,0.0,0.0,0.0,310,0.02077654432902693
0.0,0.0,0.0,0.0,316,0.020900954774110924
0.0,0.0,0.0,0.0,333,0.020900954774110924
0.0,0.0,0.0,0.0,335,0.020900954774110924
0.0,0.0,0.0,0.0,339,0.020900954774110924
0.0,0.0,0.0,0.0,324,0.020900954774110924
0.0,0.0,0.0,0.0,323,0.020900954774110924
0.0,0.0,0.0,0.0,325,0.020900954774110924
0.0,0.0,0.0,0.0,341,0.020900954774110924
0.0,0.0,0.0,0.0,342,0.020900954774110924
0.0,0.0,0.0,0.0,344,0.020900954774110924
0.0,0.0,0.0,0.0,327,0.020900954774110924
0.0,0.0,0.0,0.0,327,0.021149775664278912
0.0,0.0,0.0,0.0,327,0.021647417444614885
0.0,0.0,0.0,0.0,346,0.02214505922495086
0.0,0.0,0.0,0.0,345,0.022518290560202842
0.0,0.0,0.0,0.0,348,0.022518290560202842
0.0,0.0,0.0,0.0,330,0.022518290560202842
0.0,0.0,0.0,0.0,330,0.022642701005286835
0.0,0.0,0.0,0.0,331,0.022767111450370827
0.0,0.0,0.0,0.0,346,0.022767111450370827
0.0,0.0,0.0,0.0,349,0.022518290560202842
0.0,0.0,0.0,0.0,348,0.022518290560202842
0.0,0.0,0.0,0.0,347,0.022767111450370827
0.0,0.0,0.0,0.0,328,0.02289152189545482
0.0,0.0,0.0,0.0,342,0.02289152189545482
0.0,0.0,0.0,0.0,330,0.022642701005286835
0.0,0.0,0.0,0.0,347,0.022269469670034854
0.0,0.0,0.0,0.0,348,0.02202064877986687
0.0,0.0,0.0,0.0,347,0.02177182788969888
0.0,0.0,0.0,0.0,343,0.021398596554446897
0.0,0.0,0.0,0.0,331,0.02102536521919492
0.0,0.0,0.0,0.0,342,0.02077654432902693
0.0,0.0,0.0,0.0,331,0.020154492103606963
0.0,0.0,0.0,0.0,350,0.019532439878186997
0.0,0.0,0.0,0.0,350,0.01866156676259904
0.0,0.0,0.0,0.0,351,0.01791510409209508
0.0,0.0,0.0,0.0,342,0.0175418727568431
0.0,0.0,0.0,0.0,342,0.01729305186667511
0.0,0.0,0.0,0.0,345,0.017168641421591118
0.0,0.0,0.0,0.0,350,0.017044230976507122
0.0,0.0,0.0,0.0,349,0.01667099964125514
0.0,0.0,0.0,0.0,349,0.01629776830600316
0.0,0.0,0.0,0.0,345,0.01617335786091917
0.0,0.0,0.0,0.0,346,0.016048947415835173
0.0,0.0,0.0,0.0,341,0.015675716080583196
0.0,0.0,0.0,0.0,343,0.01517807430024722
0.0,0.0,0.0,0.0,346,0.014929253410079233
0.0,0.0,0.0,0.0,348,0.014929253410079233
0.0,0.0,0.0,0.0,346,0.014929253410079233
0.0,0.0,0.0,0.0,346,0.01455602207482725
0.0,0.0,0.0,0.0,338,0.013685148959239297
0.0,0.0,0.0,0.0,337,0.01244104450839936
0.0,0.0,0.0,0.0,338,0.01107252961247543
0.0,0.0,0.0,0.0,335,0.009455193826383514
0.0,0.0,0.0,0.0,343,0.007837858040291598
0.0,0.0,0.0,0.0,342,0.006469343144367668
0.0,0.0,0.0,0.0,342,0.005349649138611724
0.0,0.0,0.0,0.0,340,0.004603186468107763
0.0,0.0,0.0,0.0,334,0.003359082017267827
0.0,0.0,0.0,0.0,335,0.001492925341007923
0.0,0.0,0.0,0.0,331,-0.0008708731155879552
0.0,0.0,0.0,0.0,334,-0.00311026112709984
0.0,0.0,0.0,0.0,339,-0.004727596913191757
0.0,0.0,0.0,0.0,341,-0.0058472909189477
0.0,0.0,0.0,0.0,339,-0.006593753589451661
0.0,0.0,0.0,0.0,331,-0.00758903715012361
0.0,0.0,0.0,0.0,334,-0.008584320710795559
0.0,0.0,0.0,0.0,331,-0.009455193826383514
0.0,0.0,0.0,0.0,334,-0.01032606694197147
0.0,0.0,0.0,0.0,339,-0.01144576094772741
0.0,0.0,0.0,0.0,337,-0.012938686288735336
0.0,0.0,0.0,0.0,336,-0.014431611629743258
0.0,0.0,0.0,0.0,338,-0.015426895190415206
0.0,0.0,0.0,0.0,332,-0.016048947415835173
0.0,0.0,0.0,0.0,329,-0.016422178751087157
0.0,0.0,0.0,0.0,332,-0.01691982053142313
0.0,0.0,0.0,0.0,326,-0.01729305186667511
0.0,0.0,0.0,0.0,327,-0.01791510409209508
0.0,0.0,0.0,0.0,332,-0.01866156676259904
0.0,0.0,0.0,0.0,332,-0.019532439878186997
0.0,0.0,0.0,0.0,333,-0.020403312993774948
0.0,0.0,0.0,0.0,330,-0.02077654432902693
0.0,0.0,0.0,0.0,324,-0.02102536521919492
0.0,0.0,0.0,0.0,321,-0.021274186109362905
0.0,0.0,0.0,0.0,322,-0.021398596554446897
0.0,0.0,0.0,0.0,319,-0.021647417444614885
0.0,0.0,0.0,0.0,326,-0.021647417444614885
0.0,0.0,0.0,0.0,326,-0.02177182788969888
0.0,0.0,0.0,0.0,326,-0.021896238334782877
0.0,0.0,0.0,0.0,323,-0.021896238334782877
0.0,0.0,0.0,0.0,324,-0.021896238334782877
0.0,0.0,0.0,0.0,321,-0.021896238334782877
0.0,0.0,0.0,0.0,315,-0.021896238334782877
0.0,0.0,0.0,0.0,319,-0.02177182788969888
0.0,0.0,0.0,0.0,312,-0.021647417444614885
0.0,0.0,0.0,0.0,317,-0.021647417444614885
0.0,0.0,0.0,0.0,318,-0.021647417444614885
0.0,0.0,0.0,0.0,317,-0.021647417444614885
0.0,0.0,0.0,0.0,315,-0.021647417444614885
0.0,0.0,0.0,0.0,313,-0.021523006999530893
0.0,0.0,0.0,0.0,313,-0.021523006999530893
0.0,0.0,0.0,0.0,304,-0.021647417444614885
0.0,0.0,0.0,0.0,308,-0.021647417444614885
0.0,0.0,0.0,0.0,302,-0.02177182788969888
0.0,0.0,0.0,0.0,305,-0.02177182788969888
0.0,0.0,0.0,0.0,305,-0.02177182788969888
0.0,0.0,0.0,0.0,306,-0.021647417444614885
0.0,0.0,0.0,0.0,303,-0.021523006999530893
0.0,0.0,0.0,0.0,305,-0.021523006999530893
0.0,0.0,0.0,0.0,304,-0.021523006999530893
0.0,0.0,0.0,0.0,304,-0.021398596554446897
0.0,0.0,0.0,0.0,304,-0.021149775664278912
0.0,0.0,0.0,0.0,301,-0.020900954774110924
0.0,0.0,0.0,0.0,303,-0.020900954774110924
0.0,0.0,0.0,0.0,300,-0.020900954774110924
0.0,0.0,0.0,0.0,304,-0.020900954774110924
0.0,0.0,0.0,0.0,304,-0.020900954774110924
0.0,0.0,0.0,0.0,304,-0.02077654432902693
0.0,0.0,0.0,0.0,304,-0.02065213388394294
0.0,0.0,0.0,0.0,303,-0.02065213388394294
0.0,0.0,0.0,0.0,303,-0.02077654432902693
0.0,0.0,0.0,0.0,301,-0.02077654432902693
0.0,0.0,0.0,0.0,303,-0.02077654432902693
0.0,0.0,0.0,0.0,298,-0.020900954774110924
0.0,0.0,0.0,0.0,301,-0.021149775664278912
0.0,0.0,0.0,0.0,297,-0.021647417444614885
0.0,0.0,0.0,0.0,301,-0.02214505922495086
0.0,0.0,0.0,0.0,303,-0.023015932340538815
0.0,0.0,0.0,0.0,302,-0.024135626346294757
0.0,0.0,0.0,0.0,300,-0.02488208901679872
0.0,0.0,0.0,0.0,298,-0.02488208901679872
0.0,0.0,0.0,0.0,298,-0.024633268126630734
0.0,0.0,0.0,0.0,299,-0.024757678571714726
0.0,0.0,0.0,0.0,298,-0.025130909906966706
0.0,0.0,0.0,0.0,294,-0.02575296213238668
0.0,0.0,0.0,0.0,297,-0.026001783022554664
0.0,0.0,0.0,0.0,294,-0.02587737257747067
0.0,0.0,0.0,0.0,296,-0.02587737257747067
0.0,0.0,0.0,0.0,293,-0.026001783022554664
0.0,0.0,0.0,0.0,296,-0.026001783022554664
0.0,0.0,0.0,0.0,296,-0.02587737257747067
0.0,0.0,0.0,0.0,295,-0.026001783022554664
0.0,0.0,0.0,0.0,297,-0.026001783022554664
0.0,0.0,0.0,0.0,297,-0.026001783022554664
0.0,0.0,0.0,0.0,293,-0.02587737257747067
0.0,0.0,0.0,0.0,296,-0.02587737257747067
0.0,0.0,0.0,0.0,296,-0.02587737257747067
0.0,0.0,0.0,0.0,293,-0.026001783022554664
0.0,0.0,0.0,0.0,292,-0.026001783022554664
0.0,0.0,0.0,0.0,291,-0.02562855168730268
0.0,0.0,0.0,0.0,292,-0.025379730797134695
0.0,0.0,0.0,0.0,288,-0.025504141242218687
0.0,0.0,0.0,0.0,292,-0.02575296213238668
0.0,0.0,0.0,0.0,288,-0.02562855168730268
0.0,0.0,0.0,0.0,291,-0.025130909906966706
0.0,0.0,0.0,0.0,289,-0.024757678571714726
0.0,0.0,0.0,0.0,292,-0.024633268126630734
0.0,0.0,0.0,0.0,292,-0.024633268126630734
0.0,0.0,0.0,0.0,293,-0.024384447236462742
0.0,0.0,0.0,0.0,293,-0.024011215901210765
0.0,0.0,0.0,0.0,293,-0.02351357412087479
0.0,0.0,0.0,0.0,293,-0.023015932340538815
0.0,0.0,0.0,0.0,293,-0.022767111450370827
0.0,0.0,0.0,0.0,292,-0.022393880115118846
0.0,0.0,0.0,0.0,289,-0.02202064877986687
0.0,0.0,0.0,0.0,290,-0.021398596554446897
0.0,0.0,0.0,0.0,288,-0.020900954774110924
0.0,0.0,0.0,0.0,291,-0.02065213388394294
0.0,0.0,0.0,0.0,290,-0.02065213388394294
0.0,0.0,0.0,0.0,293,-0.02065213388394294
0.0,0.0,0.0,0.0,292,-0.020527723438858947
0.0,0.0,0.0,0.0,292,-0.020403312993774948
0.0,0.0,0.0,0.0,291,-0.020154492103606963
0.0,0.0,0.0,0.0,292,-0.020154492103606963
0.0,0.0,0.0,0.0,292,-0.020154492103606963
0.0,0.0,0.0,0.0,290,-0.019905671213438975
0.0,0.0,0.0,0.0,292,-0.019532439878186997
0.0,0.0,0.0,0.0,290,-0.01866156676259904
0.0,0.0,0.0,0.0,292,-0.017417462311759103
0.0,0.0,0.0,0.0,292,-0.016422178751087157
0.0,0.0,0.0,0.0,291,-0.01592453697075118
0.0,0.0,0.0,0.0,292,-0.015551305635499202
0.0,0.0,0.0,0.0,291,-0.014804842964995237
0.0,0.0,0.0,0.0,290,-0.014058380294491276
0.0,0.0,0.0,0.0,289,-0.013187507178903322
0.0,0.0,0.0,0.0,290,-0.012316634063315367
0.0,0.0,0.0,0.0,291,-0.011818992282979392
0.0,0.0,0.0,0.0,290,-0.0116945818378954
0.0,0.0,0.0,0.0,290,-0.011570171392811406
0.0,0.0,0.0,0.0,289,-0.011570171392811406
0.0,0.0,0.0,0.0,289,-0.011570171392811406
0.0,0.0,0.0,0.0,288,-0.011818992282979392
0.0,0.0,0.0,0.0,289,-0.012067813173147379
0.0,0.0,0.0,0.0,289,-0.012067813173147379
0.0,0.0,0.0,0.0,287,-0.012067813173147379
0.0,0.0,0.0,0.0,287,-0.012067813173147379
0.0,0.0,0.0,0.0,285,-0.012316634063315367
0.0,0.0,0.0,0.0,287,-0.012689865398567347
0.0,0.0,0.0,0.0,286,-0.012938686288735336
0.0,0.0,0.0,0.0,286,-0.013063096733819328
0.0,0.0,0.0,0.0,286,-0.013063096733819328
0.0,0.0,0.0,0.0,284,-0.013187507178903322
0.0,0.0,0.0,0.0,286,-0.013311917623987314
0.0,0.0,0.0,0.0,285,-0.013436328069071309
0.0,0.0,0.0,0.0,284,-0.013436328069071309
0.0,0.0,0.0,0.0,286,-0.013436328069071309
0.0,0.0,0.0,0.0,285,-0.013436328069071309
0.0,0.0,0.0,0.0,283,-0.013436328069071309
0.0,0.0,0.0,0.0,283,-0.013436328069071309
0.0,0.0,0.0,0.0,284,-0.013436328069071309
0.0,0.0,0.0,0.0,283,-0.013436328069071309
0.0,0.0,0.0,0.0,283,-0.013436328069071309
0.0,0.0,0.0,0.0,283,-0.013311917623987314
0.0,0.0,0.0,0.0,283,-0.013311917623987314
0.0,0.0,0.0,0.0,284,-0.013311917623987314
0.0,0.0,0.0,0.0,285,-0.013311917623987314
0.0,0.0,0.0,0.0,284,-0.013311917623987314
0.0,0.0,0.0,0.0,284,-0.013311917623987314
0.0,0.0,0.0,0.0,285,-0.013187507178903322
0.0,0.0,0.0,0.0,284,-0.013187507178903322
0.0,0.0,0.0,0.0,283,-0.013187507178903322
0.0,0.0,0.0,0.0,284,-0.013063096733819328
0.0,0.0,0.0,0.0,283,-0.013063096733819328
0.0,0.0,0.0,0.0,283,-0.012938686288735336
0.0,0.0,0.0,0.0,285,-0.012689865398567347
0.0,0.0,0.0,0.0,285,-0.012565454953483353
0.0,0.0,0.0,0.0,284,-0.012565454953483353
0.0,0.0,0.0,0.0,284,-0.012565454953483353
0.0,0.0,0.0,0.0,284,-0.01244104450839936
0.0,0.0,0.0,0.0,284,-0.012192223618231371
0.0,0.0,0.0,0.0,284,-0.011943402728063384
0.0,0.0,0.0,0.0,284,-0.011818992282979392
0.0,0.0,0.0,0.0,283,-0.0116945818378954
0.0,0.0,0.0,0.0,283,-0.01144576094772741
0.0,0.0,0.0,0.0,283,-0.010948119167391438
0.0,0.0,0.0,0.0,283,-0.01032606694197147
0.0,0.0,0.0,0.0,282,-0.009579604271467507
0.0,0.0,0.0,0.0,282,-0.00895755204604754
0.0,0.0,0.0,0.0,282,-0.008459910265711565
0.0,0.0,0.0,0.0,280,-0.007837858040291598
0.0,0.0,0.0,0.0,280,-0.006842574479619648
0.0,0.0,0.0,0.0,280,-0.0058472909189477
0.0,0.0,0.0,0.0,280,-0.004727596913191757
0.0,0.0,0.0,0.0,280,-0.003981134242687795
0.0,0.0,0.0,0.0,279,-0.003234671572183834
0.0,0.0,0.0,0.0,279,-0.002239388011511885
0.0,0.0,0.0,0.0,280,-0.001244104450839936
0.0,0.0,0.0,0.0,280,-0.0002488208901679872
0.0,0.0,0.0,0.0,280,0.00037323133525198076
0.0,0.0,0.0,0.0,280,0.000622052225419968
0.0,0.0,0.0,0.0,279,0.0007464626705039615
0.0,0.0,0.0,0.0,281,0.0013685148959239298
0.0,0.0,0.0,0.0,281,0.0021149775664278912
0.0,0.0,0.0,0.0,281,0.0028614402369318524
0.0,0.0,0.0,0.0,280,0.003732313352519808
0.0,0.0,0.0,0.0,280,0.0042299551328557825
0.0,0.0,0.0,0.0,279,0.004976417803359744
0.0,0.0,0.0,0.0,279,0.00622052225419968
0.0,0.0,0.0,0.0,278,0.007340216259955622
0.0,0.0,0.0,0.0,278,0.00833549982062757
0.0,0.0,0.0,0.0,277,0.009206372936215526
0.0,0.0,0.0,0.0,277,0.009952835606719487
0.0,0.0,0.0,0.0,277,0.011196940057559423
0.0,0.0,0.0,0.0,277,0.012689865398567347
0.0,0.0,0.0,0.0,277,0.013933969849407283
0.0,0.0,0.0,0.0,277,0.014929253410079233
0.0,0.0,0.0,0.0,276,0.015675716080583196
0.0,0.0,0.0,0.0,276,0.01617335786091917
0.0,0.0,0.0,0.0,277,0.01691982053142313
0.0,0.0,0.0,0.0,277,0.017790693647011083
0.0,0.0,0.0,0.0,276,0.018412745872431052
0.0,0.0,0.0,0.0,276,0.01891038765276703
0.0,0.0,0.0,0.0,276,0.019532439878186997
0.0,0.0,0.0,0.0,276,0.020403312993774948
0.0,0.0,0.0,0.0,276,0.021523006999530893
0.0,0.0,0.0,0.0,275,0.022642701005286835
0.0,0.0,0.0,0.0,275,0.02388680545612677
0.0,0.0,0.0,0.0,275,0.024757678571714726
0.0,0.0,0.0,0.0,275,0.02575296213238668
0.0,0.0,0.0,0.0,275,0.02674824569305862
0.0,0.0,0.0,0.0,274,0.027867939698814567
0.0,0.0,0.0,0.0,275,0.028738812814402524
0.0,0.0,0.0,0.0,275,0.02948527548490648
0.0,0.0,0.0,0.0,274,0.03035614860049444
0.0,0.0,0.0,0.0,273,0.031724663496418365
0.0,0.0,0.0,0.0,273,0.032844357502174314
0.0,0.0,0.0,0.0,273,0.033964051507930255
0.0,0.0,0.0,0.0,273,0.03458610373335022
0.0,0.0,0.0,0.0,273,0.03533256640385418
0.0,0.0,0.0,0.0,275,0.03607902907435814
0.0,0.0,0.0,0.0,272,0.036825491744862104
0.0,0.0,0.0,0.0,273,0.037571954415366066
0.0,0.0,0.0,0.0,272,0.03831841708587003
0.0,0.0,0.0,0.0,271,0.039189290201457984
0.0,0.0,0.0,0.0,271,0.039935752871961945
0.0,0.0,0.0,0.0,270,0.04055780509738191
0.0,0.0,0.0,0.0,269,0.04093103643263389
0.0,0.0,0.0,0.0,269,0.041055446877717894
0.0,0.0,0.0,0.0,267,0.041055446877717894
0.0,0.0,0.0,0.0,267,0.041055446877717894
0.0,0.0,0.0,0.0,266,0.041055446877717894
0.0,0.0,0.0,0.0,265,0.041055446877717894
0.0,0.0,0.0,0.0,257,0.041055446877717894
0.0,0.0,0.0,0.0,250,0.04117985732280188
0.0,0.0,0.0,0.0,245,0.04130426776788588
0.0,0.0,0.0,0.0,238,0.04130426776788588
0.1,0.1,0.0,0.0,205,0.04130426776788588
1.1,1.1,0.0,0.0,181,0.04155308865805386
2.8000000000000003,2.8000000000000003,0.0,0.0,154,0.04217514088347383
4.9,4.9,0.0,0.0,153,0.04317042444414578
6.300000000000001,6.300000000000001,0.0,0.0,131,0.04366806622448175
7.2,7.2,0.0,0.0,106,0.043916887114649736
7.9,7.9,0.0,0.0,83,0.04404129755973374
8.4,8.4,0.0,0.0,65,0.04441452889498571
8.9,8.9,0.0,0.0,50,0.04441452889498571
9.3,9.3,0.0,0.0,39,0.04441452889498571
9.8,9.8,0.0,0.0,29,0.04441452889498571
10.3,10.3,0.0,0.0,19,0.04441452889498571
10.9,10.9,0.0,0.0,12,0.04453893934006971
11.3,11.3,0.9,0.9,6,0.0446633497851537
11.700000000000001,11.700000000000001,2.1,2.1,3,0.04478776023023769
12.200000000000001,12.200000000000001,3.9000000000000004,3.9000000000000004,1,0.04478776023023769
12.700000000000001,12.700000000000001,6.0,6.0,-1,0.04478776023023769
13.4,13.4,8.3,8.3,-2,0.04478776023023769
14.200000000000001,14.200000000000001,10.3,10.3,-3,0.04478776023023769
15.0,15.0,12.100000000000001,12.100000000000001,-4,0.04478776023023769
16.0,16.0,13.700000000000001,13.700000000000001,-5,0.044912170675321696
17.1,17.1,15.3,15.3,-7,0.045409812455657665
18.3,18.3,16.8,16.8,-7,0.04628068557124562
19.5,19.5,18.3,18.3,-8,0.04690273779666559
20.8,20.8,19.700000000000003,19.700000000000003,-9,0.04702714824174958
22.6,22.6,19.700000000000003,19.700000000000003,-10,0.04702714824174958
23.6,24.400000000000002,19.700000000000003,21.8,-10,0.04702714824174958
24.700000000000003,24.400000000000002,14.8,23.6,-11,0.04715155868683357
25.700000000000003,26.0,11.200000000000001,25.0,-11,0.04715155868683357
25.700000000000003,26.0,8.4,28.900000000000002,-12,0.04715155868683357
25.700000000000003,26.0,6.5,31.200000000000003,-12,0.04715155868683357
25.700000000000003,26.0,6.5,31.200000000000003,-13,0.04715155868683357
25.700000000000003,26.0,6.5,31.1,-13,0.04715155868683357
25.700000000000003,26.0,6.5,31.0,-13,0.04702714824174958
27.6,27.200000000000003,6.5,26.1,-12,0.04702714824174958
27.6,27.200000000000003,6.5,28.900000000000002,-12,0.04690273779666559
27.6,27.200000000000003,6.5,29.700000000000003,-12,0.04690273779666559
28.3,28.400000000000002,6.5,27.8,-12,0.04690273779666559
28.700000000000003,28.900000000000002,6.5,28.3,-12,0.0467783273515816
29.0,29.400000000000002,6.5,28.8,-12,0.04628068557124562
29.3,29.900000000000002,6.5,29.200000000000003,-11,0.045409812455657665
29.8,30.400000000000002,6.5,29.200000000000003,-12,0.04478776023023769
30.900000000000002,31.6,6.5,29.200000000000003,-12,0.04429011844990172
32.0,32.7,6.5,29.200000000000003,-12,0.04354365577939776
33.1,33.800000000000004,6.5,29.200000000000003,-11,0.04205073043838984
33.800000000000004,34.4,6.5,29.200000000000003,-11,0.04018457376212993
34.4,35.1,6.5,29.200000000000003,-12,0.037945185750618046
35.1,35.6,6.5,29.200000000000003,-12,0.03583020818419016
36.4,36.4,6.5,29.200000000000003,-11,0.03371523061776227
36.6,36.6,6.5,29.200000000000003,-11,0.032097894831670346
37.2,37.2,6.5,29.200000000000003,-11,0.030231738155410446
37.2,37.2,6.5,29.200000000000003,-11,0.02898763370457051
37.6,37.6,6.5,29.200000000000003,-11,0.02799235014389856
37.6,37.6,6.5,29.200000000000003,-11,0.027867939698814567
38.0,38.0,6.5,29.200000000000003,-11,0.027867939698814567
38.400000000000006,38.400000000000006,6.5,29.200000000000003,-11,0.027867939698814567
38.800000000000004,38.800000000000004,6.5,29.200000000000003,-12,0.027743529253730574
38.800000000000004,38.800000000000004,6.5,29.200000000000003,-11,0.027743529253730574
39.400000000000006,39.400000000000006,6.5,29.200000000000003,-11,0.027743529253730574
39.800000000000004,39.800000000000004,6.5,29.200000000000003,-12,0.027743529253730574
34.4,37.1,9.200000000000001,29.200000000000003,-12,0.027743529253730574
29.5,35.1,12.200000000000001,29.200000000000003,-12,0.027867939698814567
25.6,33.300000000000004,15.5,29.200000000000003,-12,0.027743529253730574
23.400000000000002,34.4,15.5,29.200000000000003,-12,0.027867939698814567
23.400000000000002,34.7,16.7,29.200000000000003,-13,0.02811676058898255
23.400000000000002,36.1,16.7,29.200000000000003,-13,0.028863223259486516
23.400000000000002,37.4,16.7,29.200000000000003,-13,0.02936086503982249
23.400000000000002,38.800000000000004,16.7,29.200000000000003,-14,0.02948527548490648
23.400000000000002,37.300000000000004,20.5,29.200000000000003,-14,0.02948527548490648
23.400000000000002,36.2,25.1,29.200000000000003,-14,0.02948527548490648
23.400000000000002,36.9,25.900000000000002,29.200000000000003,-14,0.029734096375074473
23.400000000000002,38.0,25.900000000000002,29.200000000000003,-15,0.03010732771032645
26.0,38.6,25.900000000000002,24.0,-14,0.030231738155410446
28.400000000000002,41.400000000000006,19.1,17.900000000000002,-15,0.03035614860049444
31.0,44.300000000000004,14.4,13.600000000000001,-15,0.03035614860049444
31.0,47.400000000000006,11.0,10.200000000000001,-15,0.03035614860049444
31.0,50.7,8.3,7.9,-15,0.030231738155410446
31.0,54.1,6.5,6.300000000000001,-15,0.03035614860049444
31.0,52.1,6.5,6.300000000000001,-16,0.030231738155410446
29.0,49.5,9.8,9.0,-15,0.030231738155410446
30.0,48.300000000000004,11.600000000000001,12.0,-16,0.030231738155410446
34.4,47.900000000000006,11.600000000000001,12.0,-16,0.030231738155410446
37.300000000000004,47.7,11.600000000000001,12.0,-16,0.030231738155410446
40.0,50.400000000000006,11.600000000000001,12.0,-16,0.030231738155410446
42.900000000000006,53.300000000000004,11.600000000000001,12.0,-16,0.030231738155410446
42.900000000000006,56.1,11.600000000000001,12.0,-16,0.030231738155410446
42.1,53.5,15.5,15.100000000000001,-14,0.03035614860049444
41.5,52.5,15.5,18.8,-16,0.03035614860049444
41.1,51.6,15.5,23.1,-16,0.03048055904557843
41.7,51.0,15.5,26.5,-16,0.030604969490662423
44.0,50.7,15.5,26.5,-16,0.03072937993574642
46.2,50.5,15.5,26.5,-16,0.03072937993574642
48.0,50.5,15.5,26.5,-16,0.03072937993574642
49.900000000000006,50.400000000000006,15.5,26.5,-17,0.03072937993574642
50.0,50.300000000000004,15.5,26.5,-16,0.03072937993574642
50.1,50.2,15.5,26.5,-16,0.03072937993574642
50.5,50.5,15.5,26.5,-17,0.03072937993574642
50.5,50.5,15.5,26.5,-17,0.03072937993574642
50.800000000000004,50.800000000000004,15.5,26.5,-17,0.03072937993574642
50.800000000000004,50.800000000000004,15.5,26.5,-17,0.03072937993574642
50.900000000000006,50.900000000000006,15.5,26.5,-17,0.030604969490662423
51.0,51.0,15.5,26.5,-17,0.030231738155410446
51.2,51.2,15.5,26.5,-17,0.03035614860049444
51.2,51.2,15.5,26.5,-15,0.030231738155410446
51.2,51.2,15.5,26.5,-17,0.02948527548490648
51.400000000000006,51.400000000000006,15.5,26.5,-16,0.028241171034066544
51.400000000000006,51.400000000000006,11.9,26.5,-17,0.027370297918478594
51.300000000000004,51.300000000000004,8.9,26.5,-17,0.02674824569305862
51.300000000000004,51.300000000000004,7.6000000000000005,26.5,-18,0.02575296213238668
51.2,51.2,7.6000000000000005,26.5,-18,0.02488208901679872
51.2,51.2,7.6000000000000005,26.5,-17,0.02450885768154674
51.6,51.6,7.6000000000000005,26.5,-14,0.024384447236462742
51.7,51.7,7.6000000000000005,26.5,-16,0.02388680545612677
51.800000000000004,51.800000000000004,7.6000000000000005,26.5,-16,0.023264753230706803
52.1,52.1,7.6000000000000005,26.5,-17,0.022642701005286835
52.400000000000006,52.400000000000006,7.6000000000000005,26.5,-16,0.02202064877986687
52.6,52.6,7.6000000000000005,26.5,-17,0.021274186109362905
52.6,52.6,7.6000000000000005,26.5,-17,0.020403312993774948
53.0,53.0,7.6000000000000005,26.5,-17,0.019408029433103
53.300000000000004,53.300000000000004,7.6000000000000005,26.5,-18,0.01903479809785102
47.0,53.300000000000004,7.6000000000000005,26.5,-17,0.01866156676259904
41.1,53.300000000000004,7.6000000000000005,26.5,-17,0.018163924982263067
35.7,54.6,7.6000000000000005,26.5,-17,0.01791510409209508
34.2,55.900000000000006,7.6000000000000005,26.5,-20,0.01803951453717907
34.2,52.900000000000006,10.4,26.5,-20,0.01803951453717907
34.2,50.1,13.5,26.5,-20,0.01803951453717907
34.2,48.400000000000006,16.900000000000002,26.5,-20,0.01803951453717907
34.2,49.900000000000006,16.900000000000002,26.5,-21,0.01803951453717907
35.7,51.5,16.900000000000002,26.5,-21,0.01791510409209508
37.2,53.0,16.900000000000002,26.5,-21,0.01791510409209508
38.5,54.300000000000004,16.900000000000002,26.5,-21,0.017790693647011083
38.5,58.0,16.900000000000002,26.5,-18,0.017417462311759103
38.5,57.7,20.8,26.5,-15,0.016422178751087157
38.5,58.5,25.400000000000002,26.5,-15,0.015551305635499202
38.5,57.6,25.400000000000002,26.5,-15,0.015426895190415206
38.5,56.900000000000006,25.400000000000002,26.5,-15,0.015426895190415206
38.5,56.5,25.400000000000002,26.5,-15,0.015053663855163225
38.5,59.300000000000004,25.400000000000002,26.5,-16,0.014431611629743258
41.300000000000004,62.7,25.400000000000002,26.5,-16,0.01380955940432329
44.2,66.10000000000001,25.400000000000002,26.5,-16,0.013685148959239297
48.400000000000006,63.400000000000006,25.400000000000002,26.5,-17,0.013685148959239297
48.400000000000006,61.300000000000004,25.400000000000002,26.5,-17,0.013685148959239297
52.800000000000004,59.7,25.400000000000002,26.5,-18,0.013685148959239297
54.400000000000006,58.300000000000004,25.400000000000002,26.5,-17,0.013685148959239297
54.2,57.2,25.400000000000002,26.5,-18,0.01380955940432329
53.900000000000006,56.2,25.400000000000002,26.5,-18,0.013933969849407283
53.6,55.300000000000004,25.400000000000002,26.5,-17,0.014182790739575271
53.400000000000006,54.6,25.400000000000002,26.5,-18,0.014431611629743258
53.2,54.1,25.400000000000002,26.5,-18,0.014929253410079233
52.900000000000006,53.6,25.400000000000002,26.5,-18,0.015551305635499202
52.7,53.300000000000004,25.400000000000002,26.5,-19,0.015800126525667188
52.5,52.900000000000006,25.400000000000002,26.5,-19,0.016048947415835173
52.2,52.5,25.400000000000002,26.5,-19,0.01654658919617115
52.2,52.5,25.400000000000002,26.5,-19,0.017417462311759103
51.400000000000006,51.5,25.400000000000002,26.5,-20,0.01803951453717907
51.0,51.5,25.400000000000002,26.5,-20,0.018537156317515045
51.0,51.5,25.400000000000002,26.5,-21,0.01903479809785102
51.0,51.5,25.400000000000002,26.5,-20,0.019781260768354982
51.0,50.800000000000004,25.400000000000002,26.5,-21,0.020900954774110924
50.300000000000004,50.1,25.400000000000002,26.5,-21,0.02177182788969888
49.6,49.5,25.400000000000002,26.5,-21,0.022393880115118846
49.0,48.900000000000006,25.400000000000002,26.5,-22,0.0233891636757908
48.400000000000006,48.300000000000004,25.400000000000002,26.5,-22,0.02426003679137875
47.7,47.7,25.400000000000002,26.5,-22,0.024384447236462742
47.0,47.0,25.400000000000002,26.5,-21,0.024384447236462742
46.400000000000006,46.400000000000006,25.400000000000002,26.5,-21,0.024384447236462742
45.800000000000004,45.800000000000004,25.400000000000002,26.5,-20,0.024384447236462742
45.2,45.2,25.400000000000002,26.5,-20,0.024384447236462742
44.6,44.6,25.400000000000002,22.900000000000002,-21,0.024384447236462742
44.0,43.900000000000006,25.400000000000002,22.900000000000002,-20,0.024633268126630734
43.300000000000004,43.300000000000004,25.400000000000002,22.900000000000002,-21,0.025130909906966706
42.800000000000004,42.800000000000004,25.400000000000002,22.900000000000002,-21,0.025379730797134695
42.300000000000004,42.300000000000004,25.400000000000002,22.900000000000002,-21,0.025379730797134695
41.800000000000004,41.800000000000004,25.400000000000002,22.900000000000002,-22,0.02562855168730268
41.800000000000004,41.2,25.400000000000002,22.900000000000002,-21,0.026375014357806644
41.800000000000004,40.7,25.400000000000002,22.900000000000002,-21,0.027121477028310605
41.800000000000004,40.2,25.400000000000002,22.900000000000002,-21,0.02761911880864658
40.900000000000006,39.7,21.8,22.900000000000002,-21,0.02799235014389856
40.2,39.300000000000004,21.8,22.900000000000002,-21,0.028738812814402524
39.6,38.900000000000006,21.8,22.900000000000002,-21,0.029734096375074473
39.0,38.5,21.8,22.900000000000002,-21,0.03072937993574642
38.5,38.1,21.8,22.900000000000002,-20,0.031600253051334376
37.9,37.6,21.8,22.900000000000002,-21,0.032097894831670346
37.300000000000004,37.1,21.8,22.900000000000002,-20,0.03222230527675434
36.800000000000004,36.6,21.8,22.900000000000002,-20,0.03222230527675434
36.2,36.1,21.8,22.900000000000002,-20,0.03222230527675434
35.7,35.6,21.8,22.900000000000002,-20,0.03222230527675434
35.300000000000004,35.2,21.8,22.900000000000002,-19,0.03222230527675434
34.9,34.9,21.8,22.900000000000002,-19,0.03222230527675434
34.5,34.5,21.8,22.900000000000002,-18,0.03222230527675434
34.2,34.2,21.8,22.900000000000002,-18,0.03222230527675434
33.9,33.800000000000004,21.8,22.900000000000002,-17,0.03222230527675434
33.4,33.4,21.8,22.900000000000002,-17,0.03222230527675434
33.1,33.0,21.8,22.900000000000002,-17,0.03222230527675434
33.1,33.0,21.8,22.900000000000002,-17,0.03222230527675434
32.300000000000004,32.300000000000004,21.8,22.900000000000002,-17,0.03234671572183834
31.900000000000002,31.8,21.8,22.900000000000002,-17,0.03234671572183834
31.5,31.5,21.8,22.900000000000002,-17,0.03234671572183834
31.1,31.1,21.8,19.700000000000003,-17,0.03234671572183834
30.8,30.8,21.8,19.700000000000003,-16,0.03234671572183834
30.5,30.5,21.8,19.700000000000003,-16,0.03234671572183834
30.1,30.1,21.8,19.700000000000003,-16,0.03234671572183834
29.8,29.8,21.8,19.700000000000003,-16,0.03234671572183834
29.400000000000002,29.400000000000002,16.400000000000002,19.700000000000003,-17,0.03234671572183834
29.1,29.1,12.4,19.700000000000003,-17,0.03222230527675434
28.700000000000003,28.700000000000003,9.3,19.700000000000003,-18,0.03234671572183834
28.400000000000002,28.400000000000002,9.3,19.700000000000003,-17,0.03222230527675434
28.1,28.1,9.3,19.700000000000003,-18,0.03234671572183834
27.8,27.8,9.3,19.700000000000003,-19,0.03234671572183834
27.5,27.5,9.3,19.700000000000003,-19,0.03234671572183834
27.3,27.3,9.3,19.700000000000003,-19,0.03234671572183834
27.1,27.1,9.3,19.700000000000003,-18,0.03234671572183834
26.900000000000002,26.900000000000002,9.3,19.700000000000003,-19,0.03234671572183834
26.700000000000003,26.700000000000003,9.3,19.700000000000003,-19,0.03234671572183834
26.5,26.5,9.3,19.700000000000003,-20,0.03234671572183834
26.3,26.3,9.3,19.700000000000003,-20,0.03234671572183834
26.1,26.1,9.3,19.700000000000003,-20,0.03247112616692233
25.900000000000002,25.900000000000002,9.3,19.700000000000003,-20,0.03247112616692233
25.700000000000003,25.700000000000003,9.3,19.700000000000003,-20,0.03247112616692233
25.6,25.6,9.3,19.700000000000003,-20,0.03247112616692233
25.400000000000002,25.400000000000002,9.3,19.700000000000003,-20,0.03247112616692233
25.200000000000003,25.200000000000003,9.3,19.700000000000003,-20,0.03271994705709032
25.0,25.0,9.3,19.700000000000003,-20,0.032844357502174314
24.900000000000002,24.900000000000002,9.3,19.700000000000003,-20,0.03321758883742629
24.700000000000003,24.700000000000003,9.3,19.700000000000003,-20,0.03346640972759428
24.6,24.6,9.3,19.700000000000003,-20,0.03383964106284626
24.6,24.6,9.3,19.700000000000003,-20,0.03458610373335022
24.6,24.6,9.3,19.700000000000003,-20,0.03545697684893818
24.6,24.6,9.3,19.700000000000003,-20,0.03620343951944213
24.6,24.6,9.3,19.700000000000003,-20,0.03707431263503009
24.6,24.6,9.3,19.700000000000003,-20,0.03806959619570204
24.6,24.6,9.3,19.700000000000003,-20,0.03968693198179396
24.6,24.6,9.3,19.700000000000003,-20,0.040806625987549895
24.6,24.6,9.3,19.700000000000003,-20,0.04167749910313785
24.6,24.6,9.3,19.700000000000003,-19,0.04205073043838984
24.6,24.6,9.3,19.700000000000003,-19,0.04242396177364182
24.6,24.6,9.3,19.700000000000003,-18,0.042672782663809805
24.6,24.6,9.3,19.700000000000003,-18,0.042797193108893794
24.6,24.6,9.3,19.700000000000003,-17,0.0429216035539778
24.6,24.6,9.3,19.700000000000003,-17,0.043046013999061786
24.6,22.900000000000002,12.100000000000001,19.700000000000003,-16,0.04317042444414578
24.8,21.900000000000002,14.3,19.700000000000003,-17,0.04317042444414578
24.6,22.3,14.3,19.700000000000003,-17,0.04317042444414578
24.400000000000002,22.6,14.3,19.700000000000003,-17,0.04329483488922977
24.200000000000003,21.700000000000003,16.6,19.700000000000003,-17,0.04329483488922977
24.1,21.3,18.1,19.700000000000003,-17,0.043419245334313766
24.0,21.5,18.1,19.700000000000003,-17,0.043916887114649736
23.8,21.700000000000003,18.1,19.700000000000003,-17,0.04416570800481773
23.8,22.1,18.1,19.700000000000003,-18,0.04453893934006971
23.700000000000003,22.5,18.1,19.700000000000003,-18,0.045036581120405685
23.6,23.0,18.1,19.700000000000003,-18,0.04628068557124562
23.6,23.400000000000002,18.1,19.700000000000003,-18,0.04789802135733754
23.5,23.400000000000002,18.1,19.700000000000003,-17,0.04951535714342945
23.5,23.3,18.1,19.700000000000003,-17,0.0506350511491854
23.5,23.200000000000003,18.1,19.700000000000003,-17,0.051381513819689355
23.5,23.200000000000003,18.1,19.700000000000003,-17,0.05187915560002533
23.5,23.200000000000003,18.1,19.700000000000003,-17,0.05200356604510933
23.5,23.200000000000003,18.1,19.700000000000003,-17,0.052127976490193316
23.5,23.1,18.1,19.700000000000003,-17,0.052127976490193316
23.5,23.1,18.1,19.700000000000003,-17,0.0523767973803613
23.5,23.1,18.1,19.700000000000003,-16,0.052625618270529285
23.5,23.1,18.1,19.700000000000003,-16,0.05275002871561329
23.5,23.1,18.1,19.700000000000003,-16,0.05275002871561329
23.5,23.1,18.1,19.700000000000003,-16,0.05275002871561329
23.5,23.1,18.1,19.700000000000003,-16,0.05275002871561329
23.200000000000003,23.1,18.1,19.700000000000003,-16,0.052874439160697284
23.0,22.900000000000002,18.1,19.700000000000003,-16,0.05299884960578127
23.0,22.8,18.1,19.700000000000003,-16,0.05312326005086527
23.0,22.8,18.1,19.700000000000003,-16,0.05324767049594926
23.0,22.8,18.1,19.700000000000003,-17,0.05386972272136923
23.0,22.8,18.1,19.700000000000003,-17,0.054865006282041176
23.0,22.8,18.1,19.700000000000003,-17,0.056109110732881114
23.0,22.8,18.1,19.700000000000003,-18,0.05809967785422501
23.0,22.8,18.1,19.700000000000003,-18,0.060090244975568904
23.0,22.8,18.1,19.700000000000003,-18,0.06170758076166082
23.0,22.8,18.1,19.700000000000003,-18,0.06245404343216479
22.6,22.8,18.1,19.700000000000003,-18,0.06245404343216479
22.3,22.400000000000002,18.1,19.700000000000003,-18,0.06257845387724878
22.0,22.1,18.1,19.700000000000003,-16,0.06270286432233278
22.0,21.900000000000002,18.1,19.700000000000003,-17,0.06282727476741677
22.0,21.900000000000002,18.1,19.700000000000003,-17,0.06282727476741677
22.0,21.900000000000002,18.1,19.700000000000003,-17,0.06307609565758475
22.0,21.900000000000002,18.1,19.700000000000003,-18,0.06320050610266875
22.0,21.900000000000002,18.1,19.700000000000003,-18,0.06320050610266875
22.0,21.900000000000002,18.1,19.700000000000003,-17,0.06320050610266875
22.0,21.900000000000002,18.1,19.700000000000003,-17,0.06320050610266875
22.0,21.900000000000002,18.1,19.700000000000003,-17,0.06332491654775274
22.0,21.900000000000002,18.1,19.700000000000003,-17,0.06344932699283673
22.0,21.900000000000002,18.1,19.700000000000003,-16,0.0640713792182567
22.0,21.900000000000002,18.1,19.700000000000003,-15,0.06494225233384467
22.0,21.900000000000002,18.1,19.700000000000003,-15,0.06631076722976859
21.700000000000003,21.900000000000002,18.1,19.700000000000003,-15,0.06792810301586051
21.400000000000002,21.900000000000002,18.1,19.700000000000003,-15,0.06966984924703641
21.200000000000003,21.6,18.1,19.700000000000003,-14,0.07103836414296034
21.200000000000003,21.3,18.1,19.700000000000003,-14,0.07228246859380028
21.200000000000003,21.3,18.1,19.700000000000003,-14,0.07302893126430424
21.200000000000003,21.3,18.1,19.700000000000003,-14,0.07315334170938824
21.200000000000003,21.3,18.1,19.700000000000003,-14,0.07327775215447223
21.200000000000003,21.3,18.1,19.700000000000003,-14,0.07352657304464022
21.200000000000003,21.3,18.1,19.700000000000003,-14,0.0738998043798922
21.200000000000003,21.3,18.1,19.700000000000003,-14,0.07402421482497619
21.200000000000003,21.3,18.1,19.700000000000003,-14,0.07414862527006018
21.200000000000003,21.3,18.1,19.700000000000003,-14,0.07477067749548015
21.200000000000003,21.3,18.1,19.700000000000003,-14,0.07514390883073213
21.200000000000003,21.3,18.1,19.700000000000003,-14,0.07526831927581613
21.200000000000003,21.3,18.1,19.700000000000003,-15,0.07539272972090012
21.200000000000003,21.3,18.1,19.700000000000003,-15,0.07564155061106811
21.200000000000003,21.3,18.1,19.700000000000003,-16,0.07613919239140408
21.200000000000003,21.3,18.1,19.700000000000003,-15,0.07676124461682406
21.200000000000003,21.3,18.1,19.700000000000003,-15,0.07725888639716003
21.200000000000003,21.3,18.1,19.700000000000003,-15,0.07750770728732802
21.200000000000003,21.3,18.1,19.700000000000003,-15,0.07788093862258
21.200000000000003,21.3,18.1,19.700000000000003,-1,0.07850299084799996
21.200000000000003,21.3,18.1,19.700000000000003,-1,0.07887622218325194
21.200000000000003,21.3,18.1,19.700000000000003,-2,0.07900063262833593
21.200000000000003,21.3,18.1,19.700000000000003,14,0.07912504307341993
21.200000000000003,21.3,18.1,19.700000000000003,27,0.07912504307341993
21.200000000000003,21.3,18.1,19.700000000000003,39,0.07924945351850393
20.6,20.700000000000003,18.1,19.700000000000003,67,0.07924945351850393
20.5,20.400000000000002,18.1,19.6,80,0.07924945351850393
20.5,20.400000000000002,18.1,19.6,93,0.07937386396358792
20.5,20.400000000000002,18.1,19.6,112,0.07937386396358792
20.5,20.400000000000002,18.1,19.6,116,0.07937386396358792
20.5,20.400000000000002,13.5,19.6,120,0.07937386396358792
20.5,20.400000000000002,10.100000000000001,19.6,119,0.07949827440867191
20.5,20.400000000000002,10.100000000000001,19.6,118,0.0796226848537559
20.5,20.400000000000002,10.100000000000001,19.6,117,0.0796226848537559
20.3,20.0,10.100000000000001,19.5,115,0.0796226848537559
20.1,19.700000000000003,10.100000000000001,19.5,113,0.0796226848537559
19.900000000000002,19.400000000000002,10.100000000000001,19.400000000000002,109,0.0797470952988399
19.700000000000003,19.400000000000002,10.100000000000001,19.200000000000003,108,0.07987150574392389
19.700000000000003,19.400000000000002,10.100000000000001,19.400000000000002,105,0.07987150574392389
19.6,19.400000000000002,10.100000000000001,19.400000000000002,100,0.07987150574392389
19.6,19.400000000000002,10.100000000000001,19.5,97,0.07999591618900788
19.6,19.400000000000002,10.100000000000001,19.5,86,0.07999591618900788
19.6,19.400000000000002,10.100000000000001,19.5,73,0.08024473707917587
19.6,19.400000000000002,10.100000000000001,19.5,59,0.08024473707917587
19.6,19.400000000000002,10.100000000000001,19.5,50,0.08024473707917587
19.6,19.0,10.100000000000001,19.6,40,0.08049355796934386
19.6,18.7,10.100000000000001,19.6,27,0.08061796841442785
19.6,18.5,10.100000000000001,19.6,19,0.08074237885951184
19.6,18.5,10.100000000000001,19.6,7,0.08099119974967983
19.6,18.5,10.100000000000001,19.6,-4,0.08161325197509979
19.6,18.5,10.100000000000001,19.6,-5,0.08260853553577176
19.3,18.5,10.100000000000001,19.3,-7,0.08447469221203166
19.1,18.5,10.100000000000001,19.1,-8,0.08634084888829156
18.8,18.5,10.100000000000001,18.8,-10,0.08820700556455147
18.6,18.1,10.100000000000001,18.6,-9,0.09032198313097936
18.400000000000002,17.900000000000002,10.100000000000001,18.400000000000002,-13,0.09193931891707127
18.400000000000002,17.6,10.100000000000001,18.400000000000002,-14,0.09380547559333118
18.400000000000002,17.6,10.100000000000001,18.400000000000002,-15,0.09592045315975907
18.400000000000002,17.6,10.100000000000001,18.400000000000002,-15,0.09791102028110296
18.400000000000002,17.6,10.100000000000001,18.400000000000002,-17,0.10077246051803482
18.400000000000002,17.6,10.100000000000001,18.400000000000002,-18,0.10375831120005066
18.400000000000002,17.1,11.200000000000001,18.400000000000002,-14,0.10612210965664653
18.400000000000002,17.1,11.200000000000001,18.400000000000002,-14,0.10736621410748648
18.400000000000002,17.1,11.200000000000001,18.400000000000002,-15,0.10761503499765447
18.400000000000002,17.1,11.200000000000001,18.400000000000002,-16,0.10761503499765447
18.400000000000002,17.1,11.200000000000001,18.400000000000002,-17,0.10773944544273846
18.400000000000002,17.1,11.200000000000001,18.400000000000002,-17,0.10786385588782245
18.400000000000002,17.1,11.200000000000001,18.400000000000002,-17,0.10786385588782245
18.400000000000002,17.1,11.200000000000001,18.400000000000002,-17,0.10823708722307443
18.1,16.8,11.200000000000001,18.1,-17,0.10823708722307443
17.900000000000002,16.6,11.200000000000001,17.900000000000002,-16,0.10836149766815842
17.6,16.6,11.200000000000001,17.6,-15,0.10836149766815842
17.400000000000002,16.6,11.200000000000001,17.400000000000002,-15,0.10848590811324242
17.1,16.6,11.200000000000001,17.1,-14,0.1087347290034104
16.900000000000002,16.6,11.200000000000001,16.900000000000002,-14,0.10923237078374638
16.900000000000002,16.6,11.200000000000001,16.900000000000002,-14,0.10985442300916635
16.900000000000002,16.6,11.200000000000001,16.900000000000002,-14,0.11084970656983831
16.900000000000002,16.6,11.200000000000001,16.900000000000002,-13,0.1124670423559302
16.900000000000002,16.2,11.200000000000001,16.900000000000002,-13,0.11445760947727411
16.900000000000002,15.700000000000001,11.200000000000001,16.900000000000002,-13,0.11619935570845003
16.6,15.4,11.200000000000001,16.6,-13,0.11744346015928996
16.3,15.100000000000001,11.200000000000001,16.3,-13,0.11906079594538188
16.0,14.8,11.200000000000001,16.0,-13,0.12055372128638979
15.8,14.700000000000001,11.200000000000001,15.8,-16,0.12154900484706174
15.600000000000001,14.700000000000001,11.200000000000001,15.600000000000001,-14,0.1222954675175657
15.4,14.700000000000001,11.200000000000001,15.4,-12,0.12341516152332165
15.200000000000001,14.700000000000001,11.200000000000001,15.200000000000001,-11,0.12465926597416159
12.700000000000001,12.600000000000001,11.200000000000001,15.0,-9,0.1265254226504215
12.5,12.600000000000001,11.200000000000001,15.8,-13,0.12764511665617745
12.5,12.600000000000001,11.200000000000001,15.200000000000001,-14,0.12839157932668138
12.5,12.600000000000001,11.200000000000001,14.8,-14,0.12888922110701737
11.5,11.4,11.200000000000001,14.5,-14,0.12913804199718534
11.5,11.4,11.200000000000001,14.200000000000001,-14,0.12926245244226933
11.5,11.4,11.200000000000001,14.0,-14,0.12926245244226933
11.5,11.4,11.200000000000001,13.8,-14,0.12951127333243734
10.5,10.5,11.200000000000001,13.600000000000001,-14,0.12951127333243734
10.5,10.5,11.200000000000001,13.5,-14,0.12963568377752133
10.5,10.5,11.200000000000001,13.4,-14,0.12963568377752133
10.5,10.5,11.200000000000001,13.3,-14,0.12976009422260532
9.600000000000001,9.5,11.200000000000001,13.200000000000001,-15,0.12976009422260532
9.600000000000001,9.5,11.200000000000001,13.100000000000001,-14,0.12976009422260532
9.600000000000001,9.5,11.200000000000001,13.0,-14,0.12976009422260532
9.600000000000001,9.5,11.200000000000001,12.9,-14,0.1301333255578573
8.9,8.9,11.200000000000001,12.8,-14,0.13075537778327728
8.9,8.9,11.200000000000001,12.700000000000001,-14,0.13137743000869725
8.3,8.3,11.200000000000001,12.600000000000001,-14,0.13175066134394922
8.3,8.3,11.200000000000001,12.600000000000001,-14,0.1318750717890332
7.6000000000000005,7.6000000000000005,11.200000000000001,12.5,-14,0.13212389267920122
7.6000000000000005,7.6000000000000005,11.200000000000001,12.5,-14,0.13274594490462116
7.0,7.0,11.200000000000001,12.4,-15,0.13386563891037712
7.0,7.0,11.200000000000001,12.3,-14,0.13548297469646903
7.0,7.0,11.200000000000001,12.3,-15,0.13747354181781293
6.5,6.5,11.200000000000001,12.3,-14,0.13909087760390484
6.0,6.0,11.200000000000001,12.3,-14,0.1399617507194928
6.0,6.0,11.200000000000001,12.200000000000001,-14,0.1403349820547448
5.7,5.7,11.200000000000001,12.200000000000001,-14,0.1403349820547448
5.5,5.5,12.100000000000001,12.100000000000001,-13,0.1403349820547448
5.2,5.300000000000001,12.100000000000001,12.100000000000001,-14,0.14058380294491277
5.2,5.300000000000001,12.100000000000001,12.100000000000001,-14,0.14095703428016476
4.9,4.9,12.100000000000001,12.0,-14,0.14170349695066872
4.800000000000001,4.800000000000001,9.0,12.0,-14,0.1419523178408367
4.6000000000000005,4.6000000000000005,7.0,12.3,-15,0.1419523178408367
4.4,4.4,5.5,12.200000000000001,-15,0.1419523178408367
4.2,4.2,4.9,12.100000000000001,-15,0.1419523178408367
4.0,4.0,4.9,12.0,-15,0.1420767282859207
3.9000000000000004,3.9000000000000004,4.9,12.0,-15,0.14220113873100468
3.7,3.7,4.9,12.0,-15,0.14257437006625667
3.5,3.6,4.9,12.0,-15,0.14319642229167664
3.4000000000000004,3.4000000000000004,4.9,12.0,-15,0.14444052674251656
3.3000000000000003,3.3000000000000003,4.9,12.100000000000001,-15,0.1458090416384405
3.2,3.2,4.9,12.100000000000001,-15,0.1475507878696164
3.0,3.1,4.9,12.100000000000001,-15,0.1494169445458763
2.9000000000000004,3.0,4.9,12.100000000000001,-15,0.1511586907770522
2.8000000000000003,2.9000000000000004,4.9,12.100000000000001,-15,0.15252720567297615
2.7,2.8000000000000003,4.9,12.200000000000001,-15,0.1535224892336481
2.7,2.7,4.9,12.4,-15,0.15439336234923606
2.6,2.6,4.9,12.4,-15,0.155264235464824
2.5,2.5,4.9,12.5,-15,0.15588628769024399
2.4000000000000004,2.4000000000000004,4.9,12.600000000000001,-15,0.15650833991566396
2.3000000000000003,2.4000000000000004,4.9,12.600000000000001,-15,0.15713039214108393
2.3000000000000003,2.3000000000000003,4.9,12.700000000000001,-15,0.15775244436650387
2.2,2.2,4.9,12.8,-15,0.15849890703700786
2.2,2.2,4.9,13.0,-15,0.15887213837225983
2.1,2.2,4.9,12.9,-15,0.15887213837225983
2.1,2.1,4.9,13.100000000000001,-15,0.15887213837225983
2.1,2.1,4.9,13.100000000000001,-15,0.15899654881734382
2.0,2.0,4.9,13.100000000000001,-15,0.1592453697075118
2.0,2.0,4.9,13.100000000000001,-15,0.15974301148784778
1.9000000000000001,1.9000000000000001,4.9,13.200000000000001,-15,0.16024065326818374
1.9000000000000001,1.9000000000000001,4.9,13.3,-15,0.1612359368288557
1.8,1.9000000000000001,4.9,13.3,-15,0.16235563083461166
1.8,1.8,4.9,13.4,-15,0.1634753248403676
1.8,1.8,4.9,13.4,-15,0.16471942929120753
1.7000000000000002,1.8,4.9,13.5,-15,0.16621235463221545
1.7000000000000002,1.7000000000000002,4.9,13.5,-15,0.16745645908305537
1.7000000000000002,1.7000000000000002,4.9,13.700000000000001,-13,0.1691982053142313
1.7000000000000002,1.7000000000000002,4.9,13.8,-11,0.17106436199049121
1.6,1.7000000000000002,4.9,14.0,-11,0.17268169777658313
1.6,1.7000000000000002,4.9,14.0,-11,0.17417462311759105
1.6,1.6,4.9,14.100000000000001,-11,0.17554313801351498
1.6,1.6,4.9,14.100000000000001,-11,0.17728488424469085
1.6,1.6,4.9,14.3,-9,0.17902663047586678
1.6,1.6,4.9,14.600000000000001,-9,0.18076837670704268
1.5,1.6,4.9,14.600000000000001,-9,0.1826345333833026
1.5,1.6,4.9,14.700000000000001,-8,0.18375422738905856
1.5,1.5,4.9,15.0,-6,0.18412745872431052
1.5,1.5,4.9,15.200000000000001,-6,0.1847495109497305
1.5,1.5,4.9,15.3,-5,0.18524715273006645
1.5,1.5,4.9,15.4,-5,0.18574479451040246
1.5,1.5,4.9,15.8,-5,0.18599361540057044
1.4000000000000001,1.5,4.9,16.1,-4,0.1867400780710744
1.4000000000000001,1.5,4.9,16.3,-4,0.1871133094063264
1.4000000000000001,1.5,4.9,16.400000000000002,-2,0.18723771985141036
1.4000000000000001,1.5,4.9,16.7,-1,0.18723771985141036
1.4000000000000001,1.5,4.9,16.8,0,0.18748654074157836
1.4000000000000001,1.5,4.9,16.8,0,0.18761095118666235
1.4000000000000001,1.5,4.9,17.2,-1,0.18785977207683036
1.4000000000000001,1.4000000000000001,4.9,17.2,0,0.1883574138571663
1.4000000000000001,1.4000000000000001,4.9,17.2,1,0.18897946608258626
1.4000000000000001,1.4000000000000001,4.9,17.6,2,0.18985033919817423
1.4000000000000001,1.4000000000000001,4.9,17.8,3,0.19109444364901415
1.4000000000000001,1.4000000000000001,4.9,18.0,4,0.19208972720968612
1.4000000000000001,1.4000000000000001,4.9,17.900000000000002,4,0.19308501077035806
1.4000000000000001,1.4000000000000001,4.9,17.8,6,0.194204704776114
1.4000000000000001,1.4000000000000001,4.9,17.7,7,0.19582204056220592
1.4000000000000001,1.4000000000000001,4.9,17.400000000000002,8,0.19706614501304587
1.4000000000000001,1.4000000000000001,4.9,17.2,10,0.19831024946388578
1.4000000000000001,1.4000000000000001,4.9,16.8,11,0.19942994346964174
1.4000000000000001,1.4000000000000001,4.9,16.5,12,0.20042522703031368
1.4000000000000001,1.4000000000000001,4.9,16.1,12,0.20142051059098565
1.4000000000000001,1.4000000000000001,4.9,15.700000000000001,12,0.2020425628164056
1.4000000000000001,1.4000000000000001,4.9,15.200000000000001,12,0.2025402045967416
1.4000000000000001,1.4000000000000001,4.9,14.8,13,0.20278902548690958
1.3,1.4000000000000001,4.9,14.3,14,0.20291343593199357
1.3,1.4000000000000001,4.9,13.9,15,0.20291343593199357
1.3,1.4000000000000001,4.9,14.100000000000001,16,0.20291343593199357
1.2000000000000002,1.4000000000000001,4.9,14.200000000000001,17,0.20303784637707756
1.2000000000000002,1.4000000000000001,4.9,13.3,17,0.20303784637707756
1.2000000000000002,1.4000000000000001,4.9,12.600000000000001,19,0.20316225682216155
1.2000000000000002,1.4000000000000001,4.9,12.8,19,0.20328666726724556
1.2000000000000002,1.4000000000000001,4.6000000000000005,12.8,20,0.20341107771232952
1.2000000000000002,1.4000000000000001,4.3,11.8,21,0.20341107771232952
1.1,1.4000000000000001,4.1000000000000005,10.9,25,0.20353548815741354
1.1,1.4000000000000001,4.1000000000000005,11.100000000000001,26,0.20378430904758152
1.1,1.4000000000000001,4.1000000000000005,11.100000000000001,27,0.20453077171808548
1.1,1.4000000000000001,4.1000000000000005,11.100000000000001,27,0.20515282394350545
1.1,1.4000000000000001,4.1000000000000005,9.8,29,0.2058992866140094
1.1,1.4000000000000001,4.1000000000000005,8.700000000000001,30,0.20664574928451337
1.0,1.4000000000000001,4.1000000000000005,7.9,30,0.20739221195501734
1.0,1.4000000000000001,4.1000000000000005,8.0,31,0.2080142641804373
1.0,1.4000000000000001,4.1000000000000005,8.0,33,0.20863631640585728
1.0,1.4000000000000001,4.1000000000000005,8.200000000000001,33,0.2095071895214452
1.0,1.4000000000000001,4.1000000000000005,7.300000000000001,33,0.2101292417468652
1.0,1.4000000000000001,4.1000000000000005,6.5,33,0.21025365219194916
0.9,1.4000000000000001,4.1000000000000005,5.800000000000001,34,0.21037806263703318
0.9,1.4000000000000001,4.1000000000000005,6.0,34,0.21050247308211714
0.9,1.4000000000000001,4.1000000000000005,6.0,34,0.21075129397228518
0.9,1.4000000000000001,3.9000000000000004,6.1000000000000005,34,0.21100011486245315
0.9,1.4000000000000001,3.6,5.300000000000001,37,0.21137334619770512
0.9,1.4000000000000001,3.4000000000000004,4.7,37,0.21149775664278914
0.8,1.4000000000000001,3.2,4.1000000000000005,38,0.2116221670878731
0.8,1.4000000000000001,3.0,4.2,39,0.2116221670878731
0.8,1.4000000000000001,2.7,4.2,41,0.2116221670878731
0.8,1.4000000000000001,2.5,4.3,42,0.21174657753295711
0.8,1.4000000000000001,2.3000000000000003,3.7,44,0.2119953984231251
0.8,1.4000000000000001,2.2,3.1,49,0.2119953984231251
0.8,1.4000000000000001,2.1,2.6,50,0.2121198088682091
0.8,1.3,1.9000000000000001,2.7,50,0.2121198088682091
1.0,1.3,1.8,2.0,52,0.21224421931329307
1.1,1.2000000000000002,1.6,1.6,54,0.21224421931329307
1.0,1.1,1.4000000000000001,1.4000000000000001,54,0.21249304020346108
0.9,1.0,1.3,1.3,55,0.21249304020346108
0.8,0.9,1.1,1.1,59,0.21261745064854506
0.8,0.8,1.1,1.1,60,0.21261745064854506
0.8,0.8,1.0,1.0,61,0.21286627153871307
0.7000000000000001,0.8,1.0,1.0,62,0.21286627153871307
0.7000000000000001,0.8,0.9,0.9,64,0.21311509242888105
0.7000000000000001,0.7000000000000001,0.9,0.9,65,0.21336391331904903
0.7000000000000001,0.7000000000000001,0.8,0.8,66,0.21398596554446897
0.7000000000000001,0.7000000000000001,0.8,0.8,68,0.214234786434637
0.6000000000000001,0.7000000000000001,0.8,0.7000000000000001,68,0.21460801776988894
0.6000000000000001,0.7000000000000001,0.7000000000000001,0.7000000000000001,70,0.21498124910514094
0.6000000000000001,0.6000000000000001,0.7000000000000001,0.7000000000000001,71,0.21547889088547692
0.6000000000000001,0.6000000000000001,0.7000000000000001,0.6000000000000001,73,0.2158521222207289
0.6000000000000001,0.6000000000000001,0.6000000000000001,0.6000000000000001,74,0.21634976400106484
0.5,0.6000000000000001,0.6000000000000001,0.6000000000000001,76,0.21697181622648484
0.5,0.6000000000000001,0.6000000000000001,0.5,78,0.2174694580068208
0.5,0.5,0.5,0.5,78,0.21771827889698878
0.5,0.5,0.5,0.5,80,0.2182159206773248
0.5,0.5,0.5,0.5,81,0.21858915201257675
0.5,0.5,0.5,0.4,82,0.2190867937929127
0.4,0.5,0.5,0.4,82,0.2197088460183327
0.4,0.5,0.5,0.4,84,0.22033089824375268
0.4,0.4,0.5,0.4,86,0.22057971913392066
0.4,0.4,0.4,0.4,85,0.22095295046917263
0.4,0.4,0.4,0.30000000000000004,87,0.22107736091425664
0.4,0.4,0.5,0.30000000000000004,88,0.22145059224950858
0.4,0.4,0.5,0.30000000000000004,88,0.22182382358476058
0.4,0.4,0.6000000000000001,0.30000000000000004,89,0.22244587581018058
0.30000000000000004,0.4,0.6000000000000001,0.30000000000000004,90,0.2233167489257685
0.30000000000000004,0.4,0.6000000000000001,0.30000000000000004,92,0.22431203248644047
0.30000000000000004,0.30000000000000004,0.6000000000000001,0.30000000000000004,92,0.22518290560202842
0.30000000000000004,0.30000000000000004,0.5,0.2,94,0.22568054738236437
0.30000000000000004,0.30000000000000004,0.5,0.2,94,0.22568054738236437
0.30000000000000004,0.30000000000000004,0.5,0.2,95,0.22592936827253235
0.30000000000000004,0.30000000000000004,0.5,0.2,96,0.22617818916270038
0.30000000000000004,0.30000000000000004,0.6000000000000001,0.2,98,0.22655142049795235
0.30000000000000004,0.30000000000000004,0.6000000000000001,0.2,101,0.22680024138812033
0.30000000000000004,0.30000000000000004,0.6000000000000001,0.2,101,0.2270490622782883
0.30000000000000004,0.30000000000000004,0.7000000000000001,0.2,104,0.2270490622782883
0.30000000000000004,0.30000000000000004,0.7000000000000001,0.2,104,0.2270490622782883
0.2,0.30000000000000004,0.7000000000000001,0.1,105,0.2270490622782883
0.2,0.2,0.7000000000000001,0.1,105,0.22729788316845628
0.2,0.2,0.7000000000000001,0.1,107,0.22729788316845628
0.2,0.2,0.7000000000000001,0.1,108,0.2274222936135403
0.2,0.2,0.7000000000000001,0.1,107,0.2274222936135403
0.2,0.2,0.8,0.1,109,0.22767111450370828
0.2,0.2,0.8,0.1,110,0.22767111450370828
0.2,0.2,0.8,0.1,110,0.2277955249487923
0.2,0.2,0.8,0.1,110,0.2277955249487923
0.2,0.2,0.8,0.1,111,0.22804434583896027
0.2,0.2,0.8,0.1,112,0.22804434583896027
0.2,0.2,0.8,0.1,113,0.22816875628404426
0.2,0.2,0.8,0.1,116,0.22816875628404426
0.2,0.2,0.8,0.1,117,0.22829316672912828
0.2,0.2,0.8,0.1,118,0.22829316672912828
0.1,0.2,0.8,0.1,119,0.22829316672912828
0.1,0.2,0.8,0.1,120,0.22829316672912828
0.1,0.1,0.8,0.1,124,0.22829316672912828
0.1,0.1,0.8,0.1,125,0.22829316672912828
0.1,0.1,0.8,0.1,128,0.22829316672912828
0.1,0.1,0.8,0.0,129,0.22829316672912828
0.1,0.1,0.8,0.0,130,0.22829316672912828
0.1,0.1,0.8,0.0,131,0.22829316672912828
0.1,0.1,0.8,0.0,133,0.22829316672912828
0.1,0.1,0.8,0.0,137,0.22829316672912828
0.1,0.1,0.8,0.0,138,0.22829316672912828
0.1,0.1,0.8,0.0,143,0.22829316672912828
0.1,0.1,0.7000000000000001,0.0,144,0.22829316672912828
0.1,0.1,0.7000000000000001,0.0,145,0.22829316672912828
0.1,0.1,0.6000000000000001,0.0,148,0.22829316672912828
0.1,0.1,0.6000000000000001,0.0,150,0.22829316672912828
0.1,0.1,0.6000000000000001,0.0,152,0.22829316672912828
0.1,0.1,0.6000000000000001,0.0,152,0.22816875628404426
0.1,0.1,0.5,0.0,155,0.22816875628404426
0.1,0.1,0.5,0.0,156,0.22816875628404426
0.1,0.1,0.5,0.0,157,0.22804434583896027
0.1,0.1,0.5,0.0,161,0.22791993539387628
0.1,0.1,0.4,0.0,165,0.2277955249487923
0.1,0.1,0.4,0.0,166,0.22754670405862432
0.1,0.1,0.4,0.0,166,0.2274222936135403
0.1,0.1,0.4,0.0,165,0.2270490622782883
0.1,0.1,0.4,0.0,170,0.22655142049795235
0.1,0.1,0.30000000000000004,0.0,171,0.2255561369372804
0.1,0.1,0.30000000000000004,0.0,169,0.22456085337660844
0.1,0.1,0.30000000000000004,0.0,174,0.2233167489257685
0.1,0.1,0.30000000000000004,0.0,175,0.22232146536509656
0.0,0.1,0.30000000000000004,0.0,174,0.22082854002408864
0.0,0.1,0.30000000000000004,0.0,176,0.21933561468308072
0.0,0.0,0.2,0.0,176,0.21771827889698878
0.0,0.0,0.2,0.0,177,0.21622535355598088
0.0,0.0,0.2,0.0,180,0.21473242821497296
0.0,0.0,0.2,0.0,178,0.21336391331904903
0.0,0.0,0.2,0.0,179,0.21187098797804108
0.0,0.0,0.2,0.0,179,0.21050247308211714
0.0,0.0,0.2,0.0,178,0.20888513729602526
0.0,0.0,0.2,0.0,182,0.20751662240010132
0.0,0.0,0.2,0.0,181,0.2061481075041774
0.0,0.0,0.2,0.0,181,0.20490400305333747
0.0,0.0,0.1,0.0,182,0.2039087194926655
0.0,0.0,0.1,0.0,184,0.20341107771232952
0.0,0.0,0.1,0.0,187,0.20291343593199357
0.0,0.0,0.1,0.0,188,0.2025402045967416
0.0,0.0,0.1,0.0,189,0.20191815237132163
0.0,0.0,0.1,0.0,190,0.20117168970081767
0.0,0.0,0.1,0.0,190,0.19980317480489374
0.0,0.0,0.1,0.0,193,0.1984346599089698
0.0,0.0,0.1,0.0,197,0.19681732412287786
0.0,0.0,0.1,0.0,193,0.19532439878186997
0.0,0.0,0.1,0.0,193,0.19370706299577803
0.0,0.0,0.1,0.0,194,0.1923385480998541
0.0,0.0,0.1,0.0,196,0.19072121231376218
0.0,0.0,0.1,0.0,198,0.18910387652767027
0.0,0.0,0.1,0.0,198,0.18698889896124238
0.0,0.0,0.1,0.0,199,0.18524715273006645
0.0,0.0,0.1,0.0,200,0.1830077647185546
0.0,0.0,0.1,0.0,203,0.18076837670704268
0.0,0.0,0.1,0.0,203,0.17790693647011085
0.0,0.0,0.0,0.0,207,0.17566754845859894
0.0,0.0,0.0,0.0,207,0.17380139178233908
0.0,0.0,0.0,0.0,209,0.17243287688641515
0.0,0.0,0.0,0.0,209,0.1713131828806592
0.0,0.0,0.0,0.0,209,0.17019348887490324
0.0,0.0,0.0,0.0,213,0.16870056353389531
0.0,0.0,0.0,0.0,214,0.1672076381928874
0.0,0.0,0.0,0.0,213,0.16534148151662748
0.0,0.0,0.0,0.0,211,0.1634753248403676
0.0,0.0,0.0,0.0,213,0.16185798905427567
0.0,0.0,0.0,0.0,218,0.16061388460343573
0.0,0.0,0.0,0.0,218,0.1594941905976798
0.0,0.0,0.0,0.0,217,0.15849890703700786
0.0,0.0,0.0,0.0,218,0.1570059816959999
0.0,0.0,0.0,0.0,218,0.155264235464824
0.0,0.0,0.0,0.0,218,0.1532736683434801
0.0,0.0,0.0,0.0,223,0.15128310122213623
0.0,0.0,0.0,0.0,222,0.14854607143028836
0.0,0.0,0.0,0.0,223,0.14643109386386047
0.0,0.0,0.0,0.0,222,0.14419170585234858
0.0,0.0,0.0,0.0,222,0.1420767282859207
0.0,0.0,0.0,0.0,228,0.1399617507194928
0.0,0.0,0.0,0.0,227,0.1382200044883169
0.0,0.0,0.0,0.0,227,0.135980616476805
0.0,0.0,0.0,0.0,228,0.13386563891037712
0.0,0.0,0.0,0.0,229,0.13162625089886523
0.0,0.0,0.0,0.0,233,0.12926245244226933
0.0,0.0,0.0,0.0,233,0.12702306443075745
0.0,0.0,0.0,0.0,229,0.12503249730941357
0.0,0.0,0.0,0.0,233,0.12304193018806968
0.0,0.0,0.0,0.0,233,0.12105136306672577
0.0,0.0,0.0,0.0,233,0.11930961683554986
0.0,0.0,0.0,0.0,239,0.11781669149454194
0.0,0.0,0.0,0.0,237,0.11607494526336602
0.0,0.0,0.0,0.0,238,0.11433319903219011
0.0,0.0,0.0,0.0,237,0.11159616924034226
0.0,0.0,0.0,0.0,235,0.10885913944849439
0.0,0.0,0.0,0.0,243,0.10562446787631057
0.0,0.0,0.0,0.0,240,0.1028874380844627
0.0,0.0,0.0,0.0,240,0.10027481873769885
0.0,0.0,0.0,0.0,241,0.09828425161635494
0.0,0.0,0.0,0.0,240,0.09592045315975907
0.0,0.0,0.0,0.0,249,0.09368106514824719
0.0,0.0,0.0,0.0,248,0.09119285624656731
0.0,0.0,0.0,0.0,245,0.08870464734488744
0.0,0.0,0.0,0.0,247,0.08609202799812357
0.0,0.0,0.0,0.0,245,0.08372822954152769
0.0,0.0,0.0,0.0,253,0.0814888415300158
0.0,0.0,0.0,0.0,256,0.07937386396358792
0.0,0.0,0.0,0.0,254,0.077632117732412
0.0,0.0,0.0,0.0,256,0.07626360283648807
0.0,0.0,0.0,0.0,252,0.07464626705039616
0.0,0.0,0.0,0.0,254,0.07327775215447223
0.0,0.0,0.0,0.0,265,0.07166041636838032
0.0,0.0,0.0,0.0,263,0.0699186701372044
0.0,0.0,0.0,0.0,262,0.06767928212569252
0.0,0.0,0.0,0.0,262,0.06543989411418064
0.0,0.0,0.0,0.0,261,0.06307609565758475
0.0,0.0,0.0,0.0,274,0.061209938981324846
0.0,0.0,0.0,0.0,271,0.05921937185998095
0.0,0.0,0.0,0.0,269,0.05772644651897303
0.0,0.0,0.0,0.0,272,0.05660675251321709
0.0,0.0,0.0,0.0,269,0.05548705850746115
0.0,0.0,0.0,0.0,281,0.05399413316645322
0.0,0.0,0.0,0.0,279,0.05187915560002533
0.0,0.0,0.0,0.0,278,0.04926653625326147
0.0,0.0,0.0,0.0,281,0.04702714824174958
0.0,0.0,0.0,0.0,278,0.04441452889498571
0.0,0.0,0.0,0.0,287,0.04254837221872581
0.0,0.0,0.0,0.0,281,0.040682215542465906
0.0,0.0,0.0,0.0,283,0.03931370064654198
0.0,0.0,0.0,0.0,285,0.037945185750618046
0.0,0.0,0.0,0.0,286,0.036452260409610124
0.0,0.0,0.0,0.0,296,0.033964051507930255
0.0,0.0,0.0,0.0,291,0.031102611270998403
0.0,0.0,0.0,0.0,293,0.028241171034066544
0.0,0.0,0.0,0.0,294,0.026001783022554664
0.0,0.0,0.0,0.0,291,0.02426003679137875
0.0,0.0,0.0,0.0,302,0.0233891636757908
0.0,0.0,0.0,0.0,302,0.023264753230706803
0.0,0.0,0.0,0.0,299,0.02314034278562281
0.0,0.0,0.0,0.0,301,0.022767111450370827
0.0,0.0,0.0,0.0,300,0.02202064877986687
0.0,0.0,0.0,0.0,310,0.020527723438858947
0.0,0.0,0.0,0.0,306,0.01891038765276703
0.0,0.0,0.0,0.0,308,0.01791510409209508
0.0,0.0,0.0,0.0,310,0.0175418727568431
0.0,0.0,0.0,0.0,305,0.01791510409209508
0.0,0.0,0.0,0.0,317,0.018412745872431052
0.0,0.0,0.0,0.0,308,0.018537156317515045
0.0,0.0,0.0,0.0,311,0.01828833542734706
0.0,0.0,0.0,0.0,312,0.01791510409209508
0.0,0.0,0.0,0.0,312,0.01729305186667511
0.0,0.0,0.0,0.0,312,0.016422178751087157
0.0,0.0,0.0,0.0,319,0.01592453697075118
0.0,0.0,0.0,0.0,318,0.015426895190415206
0.0,0.0,0.0,0.0,303,0.015551305635499202
0.0,0.0,0.0,0.0,321,0.015551305635499202
0.0,0.0,0.0,0.0,320,0.015426895190415206
0.0,0.0,0.0,0.0,326,0.01517807430024722
0.0,0.0,0.0,0.0,309,0.014929253410079233
0.0,0.0,0.0,0.0,311,0.01455602207482725
0.0,0.0,0.0,0.0,327,0.013933969849407283
0.0,0.0,0.0,0.0,328,0.013436328069071309
0.0,0.0,0.0,0.0,334,0.012938686288735336
0.0,0.0,0.0,0.0,319,0.012316634063315367
0.0,0.0,0.0,0.0,337,0.011943402728063384
0.0,0.0,0.0,0.0,336,0.011196940057559423
0.0,0.0,0.0,0.0,332,0.010699298277223449
0.0,0.0,0.0,0.0,344,0.010077246051803481
0.0,0.0,0.0,0.0,323,0.009579604271467507
0.0,0.0,0.0,0.0,344,0.00933078338129952
0.0,0.0,0.0,0.0,341,0.009081962491131534
0.0,0.0,0.0,0.0,351,0.008708731155879551
0.0,0.0,0.0,0.0,334,0.008211089375543578
0.0,0.0,0.0,0.0,350,0.007713447595207603
0.0,0.0,0.0,0.0,344,0.007340216259955622
0.0,0.0,0.0,0.0,355,0.006842574479619648
0.0,0.0,0.0,0.0,346,0.006593753589451661
0.0,0.0,0.0,0.0,342,0.006344932699283674
0.0,0.0,0.0,0.0,350,0.006344932699283674
0.0,0.0,0.0,0.0,323,0.006344932699283674
0.0,0.0,0.0,0.0,341,0.00622052225419968
0.0,0.0,0.0,0.0,339,0.0058472909189477
0.0,0.0,0.0,0.0,342,0.005598470028779712
0.0,0.0,0.0,0.0,320,0.004976417803359744
0.0,0.0,0.0,0.0,342,0.00447877602302377
0.0,0.0,0.0,0.0,335,0.003981134242687795
0.0,0.0,0.0,0.0,298,0.0036079029074358145
0.0,0.0,0.0,0.0,326,0.00311026112709984
0.0,0.0,0.0,0.0,323,0.0027370297918478596
0.0,0.0,0.0,0.0,327,0.0021149775664278912
0.0,0.0,0.0,0.0,302,0.001492925341007923
0.0,0.0,0.0,0.0,321,0.0007464626705039615
0.0,0.0,0.0,0.0,328,0.0001244104450839936
0.0,0.0,0.0,0.0,299,-0.00037323133525198076
0.0,0.0,0.0,0.0,319,-0.0011196940057559425
0.0,0.0,0.0,0.0,338,-0.001617335786091917
0.0,0.0,0.0,0.0,304,-0.001866156676259904
0.0,0.0,0.0,0.0,326,-0.002239388011511885
0.0,0.0,0.0,0.0,322,-0.0026126193467638655
0.0,0.0,0.0,0.0,303,-0.0028614402369318524
0.0,0.0,0.0,0.0,331,-0.00311026112709984
0.0,0.0,0.0,0.0,328,-0.003234671572183834
0.0,0.0,0.0,0.0,303,-0.003234671572183834
0.0,0.0,0.0,0.0,328,-0.003359082017267827
0.0,0.0,0.0,0.0,325,-0.003359082017267827
0.0,0.0,0.0,0.0,308,-0.003483492462351821
0.0,0.0,0.0,0.0,331,-0.003483492462351821
0.0,0.0,0.0,0.0,350,-0.003483492462351821
0.0,0.0,0.0,0.0,308,-0.0036079029074358145
0.0,0.0,0.0,0.0,339,-0.0036079029074358145
0.0,0.0,0.0,0.0,350,-0.0036079029074358145
0.0,0.0,0.0,0.0,309,-0.003732313352519808
0.0,0.0,0.0,0.0,339,-0.003732313352519808
0.0,0.0,0.0,0.0,352,-0.003732313352519808
0.0,0.0,0.0,0.0,307,-0.003732313352519808
0.0,0.0,0.0,0.0,325,-0.003732313352519808
0.0,0.0,0.0,0.0,347,-0.003732313352519808
0.0,0.0,0.0,0.0,305,-0.003732313352519808
0.0,0.0,0.0,0.0,325,-0.003732313352519808
0.0,0.0,0.0,0.0,347,-0.003732313352519808
0.0,0.0,0.0,0.0,335,-0.003732313352519808
0.0,0.0,0.0,0.0,327,-0.003732313352519808
0.0,0.0,0.0,0.0,348,-0.003732313352519808
0.0,0.0,0.0,0.0,338,-0.003732313352519808
0.0,0.0,0.0,0.0,330,-0.003732313352519808
0.0,0.0,0.0,0.0,310,-0.003732313352519808
0.0,0.0,0.0,0.0,335,-0.003732313352519808
0.0,0.0,0.0,0.0,338,-0.003732313352519808
0.0,0.0,0.0,0.0,322,-0.0036079029074358145
0.0,0.0,0.0,0.0,342,-0.0036079029074358145
0.0,0.0,0.0,0.0,352,-0.0036079029074358145
0.0,0.0,0.0,0.0,327,-0.0036079029074358145
0.0,0.0,0.0,0.0,341,-0.0036079029074358145
0.0,0.0,0.0,0.0,351,-0.0036079029074358145
0.0,0.0,0.0,0.0,341,-0.003483492462351821
0.0,0.0,0.0,0.0,340,-0.003483492462351821
0.0,0.0,0.0,0.0,327,-0.003483492462351821
0.0,0.0,0.0,0.0,341,-0.003483492462351821
0.0,0.0,0.0,0.0,348,-0.003359082017267827
0.0,0.0,0.0,0.0,316,-0.003359082017267827
0.0,0.0,0.0,0.0,333,-0.003234671572183834
0.0,0.0,0.0,0.0,347,-0.00311026112709984
0.0,0.0,0.0,0.0,340,-0.002985850682015846
0.0,0.0,0.0,0.0,340,-0.0027370297918478596
0.0,0.0,0.0,0.0,322,-0.0026126193467638655
0.0,0.0,0.0,0.0,341,-0.002239388011511885
0.0,0.0,0.0,0.0,351,-0.0021149775664278912
0.0,0.0,0.0,0.0,326,-0.0021149775664278912
0.0,0.0,0.0,0.0,343,-0.0019905671213438975
0.0,0.0,0.0,0.0,348,-0.001866156676259904
0.0,0.0,0.0,0.0,341,-0.001617335786091917
0.0,0.0,0.0,0.0,341,-0.0011196940057559425
0.0,0.0,0.0,0.0,323,-0.0008708731155879552
0.0,0.0,0.0,0.0,339,-0.00037323133525198076
0.0,0.0,0.0,0.0,348,0.0
0.0,0.0,0.0,0.0,341,0.0002488208901679872
0.0,0.0,0.0,0.0,340,0.00037323133525198076
0.0,0.0,0.0,0.0,320,0.0004976417803359744
0.0,0.0,0.0,0.0,336,0.0004976417803359744
0.0,0.0,0.0,0.0,345,0.0004976417803359744
0.0,0.0,0.0,0.0,318,0.0008708731155879552
0.0,0.0,0.0,0.0,337,0.001244104450839936
0.0,0.0,0.0,0.0,323,0.0017417462311759104
0.0,0.0,0.0,0.0,338,0.0021149775664278912
0.0,0.0,0.0,0.0,347,0.002239388011511885
0.0,0.0,0.0,0.0,321,0.002239388011511885
0.0,0.0,0.0,0.0,337,0.0023637984565958786
0.0,0.0,0.0,0.0,318,0.002488208901679872
0.0,0.0,0.0,0.0,334,0.0026126193467638655
0.0,0.0,0.0,0.0,343,0.0028614402369318524
0.0,0.0,0.0,0.0,316,0.00311026112709984
0.0,0.0,0.0,0.0,331,0.003483492462351821
0.0,0.0,0.0,0.0,315,0.003732313352519808
0.0,0.0,0.0,0.0,332,0.003981134242687795
0.0,0.0,0.0,0.0,344,0.003981134242687795
0.0,0.0,0.0,0.0,319,0.003981134242687795
0.0,0.0,0.0,0.0,333,0.003981134242687795
0.0,0.0,0.0,0.0,317,0.003981134242687795
0.0,0.0,0.0,0.0,336,0.003981134242687795
0.0,0.0,0.0,0.0,339,0.003732313352519808
0.0,0.0,0.0,0.0,339,0.003483492462351821
0.0,0.0,0.0,0.0,335,0.003359082017267827
0.0,0.0,0.0,0.0,323,0.003234671572183834
0.0,0.0,0.0,0.0,337,0.0028614402369318524
0.0,0.0,0.0,0.0,345,0.002239388011511885
0.0,0.0,0.0,0.0,342,0.001617335786091917
0.0,0.0,0.0,0.0,344,0.001244104450839936
0.0,0.0,0.0,0.0,322,0.0009952835606719488
0.0,0.0,0.0,0.0,336,0.0007464626705039615
0.0,0.0,0.0,0.0,322,0.0002488208901679872
0.0,0.0,0.0,0.0,341,-0.00037323133525198076
0.0,0.0,0.0,0.0,346,-0.0008708731155879552
0.0,0.0,0.0,0.0,343,-0.001244104450839936
0.0,0.0,0.0,0.0,336,-0.001617335786091917
0.0,0.0,0.0,0.0,322,-0.0021149775664278912
0.0,0.0,0.0,0.0,343,-0.002239388011511885
0.0,0.0,0.0,0.0,342,-0.002239388011511885
0.0,0.0,0.0,0.0,339,-0.0023637984565958786
0.0,0.0,0.0,0.0,340,-0.0026126193467638655
0.0,0.0,0.0,0.0,326,-0.00311026112709984
0.0,0.0,0.0,0.0,340,-0.003483492462351821
0.0,0.0,0.0,0.0,323,-0.0036079029074358145
0.0,0.0,0.0,0.0,337,-0.003732313352519808
0.0,0.0,0.0,0.0,338,-0.003981134242687795
0.0,0.0,0.0,0.0,337,-0.0042299551328557825
0.0,0.0,0.0,0.0,335,-0.004354365577939776
0.0,0.0,0.0,0.0,322,-0.004727596913191757
0.0,0.0,0.0,0.0,335,-0.005225238693527731
0.0,0.0,0.0,0.0,320,-0.0060961118091156855
0.0,0.0,0.0,0.0,335,-0.006842574479619648
0.0,0.0,0.0,0.0,332,-0.007464626705039616
0.0,0.0,0.0,0.0,332,-0.00796226848537559
0.0,0.0,0.0,0.0,329,-0.008459910265711565
0.0,0.0,0.0,0.0,329,-0.00895755204604754
0.0,0.0,0.0,0.0,329,-0.009206372936215526
0.0,0.0,0.0,0.0,317,-0.00933078338129952
0.0,0.0,0.0,0.0,329,-0.009579604271467507
0.0,0.0,0.0,0.0,317,-0.010201656496887474
0.0,0.0,0.0,0.0,328,-0.010823708722307443
0.0,0.0,0.0,0.0,328,-0.011321350502643417
0.0,0.0,0.0,0.0,328,-0.011570171392811406
0.0,0.0,0.0,0.0,328,-0.011570171392811406
0.0,0.0,0.0,0.0,328,-0.011570171392811406
0.0,0.0,0.0,0.0,328,-0.011570171392811406
0.0,0.0,0.0,0.0,316,-0.011570171392811406
0.0,0.0,0.0,0.0,326,-0.011570171392811406
0.0,0.0,0.0,0.0,316,-0.011570171392811406
0.0,0.0,0.0,0.0,328,-0.011570171392811406
0.0,0.0,0.0,0.0,325,-0.011570171392811406
0.0,0.0,0.0,0.0,327,-0.011570171392811406
0.0,0.0,0.0,0.0,325,-0.011570171392811406
0.0,0.0,0.0,0.0,325,-0.011570171392811406
0.0,0.0,0.0,0.0,323,-0.01144576094772741
0.0,0.0,0.0,0.0,313,-0.01144576094772741
0.0,0.0,0.0,0.0,325,-0.01144576094772741
0.0,0.0,0.0,0.0,313,-0.01144576094772741
0.0,0.0,0.0,0.0,322,-0.01144576094772741
0.0,0.0,0.0,0.0,310,-0.01144576094772741
0.0,0.0,0.0,0.0,318,-0.011321350502643417
0.0,0.0,0.0,0.0,317,-0.011321350502643417
0.0,0.0,0.0,0.0,313,-0.011321350502643417
0.0,0.0,0.0,0.0,314,-0.011321350502643417
0.0,0.0,0.0,0.0,314,-0.011321350502643417
0.0,0.0,0.0,0.0,312,-0.011196940057559423
0.0,0.0,0.0,0.0,312,-0.011196940057559423
0.0,0.0,0.0,0.0,312,-0.011196940057559423
0.0,0.0,0.0,0.0,312,-0.011196940057559423
0.0,0.0,0.0,0.0,310,-0.011196940057559423
0.0,0.0,0.0,0.0,297,-0.011196940057559423
0.0,0.0,0.0,0.0,306,-0.011196940057559423
0.0,0.0,0.0,0.0,299,-0.01107252961247543
0.0,0.0,0.0,0.0,310,-0.01107252961247543
0.0,0.0,0.0,0.0,294,-0.01107252961247543
0.0,0.0,0.0,0.0,308,-0.010948119167391438
0.0,0.0,0.0,0.0,297,-0.010948119167391438
0.0,0.0,0.0,0.0,305,-0.010948119167391438
0.0,0.0,0.0,0.0,305,-0.010948119167391438
0.0,0.0,0.0,0.0,308,-0.010948119167391438
0.0,0.0,0.0,0.0,307,-0.010823708722307443
0.0,0.0,0.0,0.0,305,-0.010699298277223449
0.0,0.0,0.0,0.0,305,-0.010823708722307443
0.0,0.0,0.0,0.0,305,-0.010823708722307443
0.0,0.0,0.0,0.0,304,-0.010948119167391438
0.0,0.0,0.0,0.0,304,-0.010948119167391438
0.0,0.0,0.0,0.0,303,-0.010948119167391438
0.0,0.0,0.0,0.0,299,-0.010948119167391438
0.0,0.0,0.0,0.0,304,-0.011321350502643417
0.0,0.0,0.0,0.0,300,-0.0116945818378954
0.0,0.0,0.0,0.0,301,-0.0116945818378954
0.0,0.0,0.0,0.0,299,-0.0116945818378954
0.0,0.0,0.0,0.0,302,-0.011943402728063384
0.0,0.0,0.0,0.0,299,-0.01244104450839936
0.0,0.0,0.0,0.0,301,-0.012938686288735336
0.0,0.0,0.0,0.0,298,-0.013187507178903322
0.0,0.0,0.0,0.0,298,-0.013560738514155303
0.0,0.0,0.0,0.0,297,-0.01380955940432329
0.0,0.0,0.0,0.0,298,-0.013933969849407283
0.0,0.0,0.0,0.0,295,-0.014307201184659264
0.0,0.0,0.0,0.0,297,-0.01455602207482725
0.0,0.0,0.0,0.0,294,-0.01455602207482725
0.0,0.0,0.0,0.0,297,-0.014804842964995237
0.0,0.0,0.0,0.0,293,-0.01517807430024722
0.0,0.0,0.0,0.0,295,-0.015800126525667188
0.0,0.0,0.0,0.0,291,-0.01667099964125514
0.0,0.0,0.0,0.0,294,-0.01729305186667511
0.0,0.0,0.0,0.0,290,-0.01766628320192709
0.0,0.0,0.0,0.0,293,-0.01828833542734706
0.0,0.0,0.0,0.0,289,-0.01866156676259904
0.0,0.0,0.0,0.0,291,-0.01891038765276703
0.0,0.0,0.0,0.0,288,-0.01903479809785102
0.0,0.0,0.0,0.0,291,-0.019532439878186997
0.0,0.0,0.0,0.0,287,-0.02065213388394294
0.0,0.0,0.0,0.0,289,-0.021647417444614885
0.0,0.0,0.0,0.0,285,-0.022393880115118846
0.0,0.0,0.0,0.0,287,-0.022518290560202842
0.0,0.0,0.0,0.0,283,-0.022393880115118846
0.0,0.0,0.0,0.0,286,-0.022518290560202842
0.0,0.0,0.0,0.0,282,-0.022518290560202842
0.0,0.0,0.0,0.0,285,-0.022518290560202842
0.0,0.0,0.0,0.0,281,-0.022518290560202842
0.0,0.0,0.0,0.0,284,-0.02289152189545482
0.0,0.0,0.0,0.0,280,-0.02314034278562281
0.0,0.0,0.0,0.0,282,-0.023264753230706803
0.0,0.0,0.0,0.0,278,-0.02314034278562281
0.0,0.0,0.0,0.0,281,-0.02314034278562281
0.0,0.0,0.0,0.0,277,-0.02314034278562281
0.0,0.0,0.0,0.0,280,-0.023264753230706803
0.0,0.0,0.0,0.0,278,-0.023264753230706803
0.0,0.0,0.0,0.0,280,-0.023264753230706803
0.0,0.0,0.0,0.0,277,-0.023264753230706803
0.0,0.0,0.0,0.0,280,-0.023264753230706803
0.0,0.0,0.0,0.0,276,-0.023264753230706803
0.0,0.0,0.0,0.0,278,-0.023264753230706803
0.0,0.0,0.0,0.0,274,-0.02314034278562281
0.0,0.0,0.0,0.0,279,-0.02314034278562281
0.0,0.0,0.0,0.0,273,-0.02314034278562281
0.0,0.0,0.0,0.0,275,-0.02314034278562281
0.0,0.0,0.0,0.0,276,-0.02314034278562281
0.0,0.0,0.0,0.0,273,-0.02314034278562281
0.0,0.0,0.0,0.0,273,-0.02314034278562281
0.0,0.0,0.0,0.0,272,-0.023015932340538815
0.0,0.0,0.0,0.0,272,-0.023015932340538815
0.0,0.0,0.0,0.0,272,-0.02289152189545482
0.0,0.0,0.0,0.0,271,-0.02289152189545482
0.0,0.0,0.0,0.0,272,-0.02289152189545482
0.0,0.0,0.0,0.0,270,-0.022767111450370827
0.0,0.0,0.0,0.0,271,-0.022767111450370827
0.0,0.0,0.0,0.0,271,-0.022642701005286835
0.0,0.0,0.0,0.0,270,-0.022518290560202842
0.0,0.0,0.0,0.0,270,-0.022393880115118846
0.0,0.0,0.0,0.0,270,-0.022269469670034854
0.0,0.0,0.0,0.0,270,-0.02214505922495086
0.0,0.0,0.0,0.0,272,-0.02202064877986687
0.0,0.0,0.0,0.0,269,-0.021896238334782877
0.0,0.0,0.0,0.0,272,-0.02177182788969888
0.0,0.0,0.0,0.0,268,-0.02177182788969888
0.0,0.0,0.0,0.0,267,-0.021647417444614885
0.0,0.0,0.0,0.0,266,-0.021647417444614885
0.0,0.0,0.0,0.0,265,-0.021523006999530893
0.0,0.0,0.0,0.0,265,-0.021398596554446897
0.0,0.0,0.0,0.0,265,-0.021274186109362905
0.0,0.0,0.0,0.0,264,-0.021274186109362905
0.0,0.0,0.0,0.0,265,-0.021274186109362905
0.0,0.0,0.0,0.0,265,-0.021149775664278912
0.0,0.0,0.0,0.0,266,-0.02102536521919492
0.0,0.0,0.0,0.0,263,-0.02077654432902693
0.0,0.0,0.0,0.0,264,-0.020527723438858947
0.0,0.0,0.0,0.0,266,-0.020527723438858947
0.0,0.0,0.0,0.0,263,-0.020527723438858947
0.0,0.0,0.0,0.0,262,-0.020403312993774948
0.0,0.0,0.0,0.0,261,-0.020403312993774948
0.0,0.0,0.0,0.0,263,-0.020154492103606963
0.0,0.0,0.0,0.0,261,-0.020030081658522967
0.0,0.0,0.0,0.0,262,-0.019781260768354982
0.0,0.0,0.0,0.0,261,-0.019408029433103
0.0,0.0,0.0,0.0,256,-0.01866156676259904
0.0,0.0,0.0,0.0,245,-0.01791510409209508
0.0,0.0,0.0,0.0,242,-0.017417462311759103
0.0,0.0,0.0,0.0,241,-0.0175418727568431
0.0,0.0,0.0,0.0,243,-0.01766628320192709
0.0,0.0,0.0,0.0,245,-0.01766628320192709
0.0,0.0,0.0,0.0,255,-0.01766628320192709
0.0,0.0,0.0,0.0,263,-0.01766628320192709
0.0,0.0,0.0,0.0,262,-0.01766628320192709
0.0,0.0,0.0,0.0,262,-0.01766628320192709
0.0,0.0,0.0,0.0,264,-0.0175418727568431
0.0,0.0,0.0,0.0,263,-0.0175418727568431
0.0,0.0,0.0,0.0,262,-0.0175418727568431
0.0,0.0,0.0,0.0,262,-0.0175418727568431
0.0,0.0,0.0,0.0,217,-0.0175418727568431
0.0,0.0,0.0,0.0,74,-0.01766628320192709
0.0,0.0,0.0,0.0,-69,-0.01766628320192709
0.0,0.0,0.0,0.0,-69,-0.01766628320192709
0.0,0.0,0.0,0.0,-68,-0.01766628320192709
0.0,0.0,0.0,0.0,-67,-0.01766628320192709
0.0,0.0,0.0,0.0,-66,-0.01766628320192709
0.0,0.0,0.0,0.0,-66,-0.01766628320192709
0.0,0.0,0.0,0.0,-65,-0.01766628320192709
0.0,0.0,0.0,0.0,-63,-0.01766628320192709
0.0,0.0,0.0,0.0,-61,-0.01766628320192709
0.0,0.0,0.0,0.0,-60,-0.017790693647011083
0.0,0.0,0.0,0.0,-58,-0.01803951453717907
0.0,0.0,0.0,0.0,-56,-0.01828833542734706
0.0,0.0,0.0,0.0,-55,-0.018537156317515045
0.0,0.0,0.0,0.0,-54,-0.018785977207683033
0.0,0.0,0.0,0.0,28,-0.01891038765276703
0.0,0.0,0.0,0.0,136,-0.01903479809785102
0.0,0.0,0.0,0.0,197,-0.019159208542935013
0.0,0.0,0.0,0.0,197,-0.019283618988019006
0.0,0.0,0.0,0.0,205,-0.019532439878186997
0.0,0.0,0.0,0.0,202,-0.019905671213438975
0.0,0.0,0.0,0.0,205,-0.020403312993774948
0.0,0.0,0.0,0.0,209,-0.020900954774110924
0.0,0.0,0.0,0.0,213,-0.021149775664278912
0.0,0.0,0.0,0.0,217,-0.021398596554446897
0.0,0.0,0.0,0.0,223,-0.021523006999530893
0.0,0.0,0.0,0.0,227,-0.021647417444614885
0.0,0.0,0.0,0.0,237,-0.02202064877986687
0.0,0.0,0.0,0.0,241,-0.022518290560202842
0.0,0.0,0.0,0.0,253,-0.023264753230706803
0.0,0.0,0.0,0.0,254,-0.02426003679137875
0.0,0.0,0.0,0.0,257,-0.025006499461882714
0.0,0.0,0.0,0.0,269,-0.02562855168730268
0.0,0.0,0.0,0.0,274,-0.026001783022554664
0.0,0.0,0.0,0.0,291,-0.026375014357806644
0.0,0.0,0.0,0.0,297,-0.027121477028310605
0.0,0.0,0.0,0.0,307,-0.02811676058898255
0.0,0.0,0.0,0.0,319,-0.02898763370457051
0.0,0.0,0.0,0.0,327,-0.02936086503982249
0.0,0.0,0.0,0.0,343,-0.02948527548490648
0.0,0.0,0.0,0.0,345,-0.029609685929990474
0.0,0.0,0.0,0.0,348,-0.029858506820158465
0.0,0.0,0.0,0.0,348,-0.030231738155410446
0.0,0.0,0.0,0.0,345,-0.03048055904557843
0.0,0.0,0.0,0.0,343,-0.030604969490662423
0.0,0.0,0.0,0.0,344,-0.030604969490662423
0.0,0.0,0.0,0.0,346,-0.03072937993574642
0.0,0.0,0.0,0.0,348,-0.03072937993574642
0.0,0.0,0.0,0.0,347,-0.03085379038083041
0.0,0.0,0.0,0.0,346,-0.030978200825914404
0.0,0.0,0.0,0.0,347,-0.031227021716082395
0.0,0.0,0.0,0.0,321,-0.03135143216116639
0.0,0.0,0.0,0.0,348,-0.03135143216116639
0.0,0.0,0.0,0.0,351,-0.03135143216116639
0.0,0.0,0.0,0.0,352,-0.03135143216116639
0.0,0.0,0.0,0.0,353,-0.03135143216116639
0.0,0.0,0.0,0.0,323,-0.03135143216116639
0.0,0.0,0.0,0.0,354,-0.03135143216116639
0.0,0.0,0.0,0.0,354,-0.03135143216116639
0.0,0.0,0.0,0.0,325,-0.03147584260625038
0.0,0.0,0.0,0.0,356,-0.03147584260625038
0.0,0.0,0.0,0.0,357,-0.03147584260625038
0.0,0.0,0.0,0.0,356,-0.03147584260625038
0.0,0.0,0.0,0.0,320,-0.03147584260625038
0.0,0.0,0.0,0.0,327,-0.031724663496418365
0.0,0.0,0.0,0.0,356,-0.03184907394150236
0.0,0.0,0.0,0.0,354,-0.03184907394150236
0.0,0.0,0.0,0.0,323,-0.03184907394150236
0.0,0.0,0.0,0.0,320,-0.03184907394150236
0.0,0.0,0.0,0.0,357,-0.03184907394150236
0.0,0.0,0.0,0.0,361,-0.032097894831670346
0.0,0.0,0.0,0.0,322,-0.032097894831670346
0.0,0.0,0.0,0.0,331,-0.032097894831670346
0.0,0.0,0.0,0.0,361,-0.032097894831670346
0.0,0.0,0.0,0.0,363,-0.032097894831670346
0.0,0.0,0.0,0.0,332,-0.032097894831670346
0.0,0.0,0.0,0.0,324,-0.03197348438658636
0.0,0.0,0.0,0.0,332,-0.03197348438658636
0.0,0.0,0.0,0.0,363,-0.03197348438658636
0.0,0.0,0.0,0.0,327,-0.03197348438658636
0.0,0.0,0.0,0.0,334,-0.03184907394150236
0.0,0.0,0.0,0.0,327,-0.031724663496418365
0.0,0.0,0.0,0.0,329,-0.031600253051334376
0.0,0.0,0.0,0.0,360,-0.031600253051334376
0.0,0.0,0.0,0.0,323,-0.03147584260625038
0.0,0.0,0.0,0.0,329,-0.03147584260625038
0.0,0.0,0.0,0.0,360,-0.03147584260625038
0.0,0.0,0.0,0.0,329,-0.031102611270998403
0.0,0.0,0.0,0.0,329,-0.03072937993574642
0.0,0.0,0.0,0.0,321,-0.03048055904557843
0.0,0.0,0.0,0.0,328,-0.03048055904557843
0.0,0.0,0.0,0.0,359,-0.03048055904557843
0.0,0.0,0.0,0.0,322,-0.03035614860049444
0.0,0.0,0.0,0.0,328,-0.030231738155410446
0.0,0.0,0.0,0.0,321,-0.030231738155410446
0.0,0.0,0.0,0.0,328,-0.030231738155410446
0.0,0.0,0.0,0.0,358,-0.030231738155410446
0.0,0.0,0.0,0.0,315,-0.03010732771032645
0.0,0.0,0.0,0.0,327,-0.03010732771032645
0.0,0.0,0.0,0.0,356,-0.03010732771032645
0.0,0.0,0.0,0.0,326,-0.03010732771032645
0.0,0.0,0.0,0.0,325,-0.03010732771032645
0.0,0.0,0.0,0.0,318,-0.03010732771032645
0.0,0.0,0.0,0.0,325,-0.029982917265242458
0.0,0.0,0.0,0.0,356,-0.029982917265242458
0.0,0.0,0.0,0.0,326,-0.029982917265242458
0.0,0.0,0.0,0.0,325,-0.029982917265242458
0.0,0.0,0.0,0.0,318,-0.029982917265242458
0.0,0.0,0.0,0.0,325,-0.029858506820158465
0.0,0.0,0.0,0.0,355,-0.029858506820158465
0.0,0.0,0.0,0.0,318,-0.029858506820158465
0.0,0.0,0.0,0.0,328,-0.029858506820158465
0.0,0.0,0.0,0.0,324,-0.029858506820158465
0.0,0.0,0.0,0.0,328,-0.029858506820158465
0.0,0.0,0.0,0.0,358,-0.029858506820158465
0.0,0.0,0.0,0.0,321,-0.029858506820158465
0.0,0.0,0.0,0.0,331,-0.029858506820158465
0.0,0.0,0.0,0.0,358,-0.029734096375074473
0.0,0.0,0.0,0.0,327,-0.029609685929990474
0.0,0.0,0.0,0.0,357,-0.02936086503982249
0.0,0.0,0.0,0.0,320,-0.02936086503982249
0.0,0.0,0.0,0.0,329,-0.02936086503982249
0.0,0.0,0.0,0.0,356,-0.02936086503982249
0.0,0.0,0.0,0.0,326,-0.0291120441496545
0.0,0.0,0.0,0.0,355,-0.028863223259486516
0.0,0.0,0.0,0.0,318,-0.028489991924234535
0.0,0.0,0.0,0.0,328,-0.02799235014389856
0.0,0.0,0.0,0.0,355,-0.027494708363562586
0.0,0.0,0.0,0.0,325,-0.0272458874733946
0.0,0.0,0.0,0.0,354,-0.02699706658322661
0.0,0.0,0.0,0.0,323,-0.026499424802890637
0.0,0.0,0.0,0.0,330,-0.02587737257747067
0.0,0.0,0.0,0.0,356,-0.0252553203520507
0.0,0.0,0.0,0.0,326,-0.024633268126630734
0.0,0.0,0.0,0.0,355,-0.024011215901210765
0.0,0.0,0.0,0.0,323,-0.0233891636757908
0.0,0.0,0.0,0.0,330,-0.022767111450370827
0.0,0.0,0.0,0.0,354,-0.02202064877986687
0.0,0.0,0.0,0.0,324,-0.021523006999530893
0.0,0.0,0.0,0.0,357,-0.020900954774110924
0.0,0.0,0.0,0.0,322,-0.020278902548690955
0.0,0.0,0.0,0.0,328,-0.020030081658522967
0.0,0.0,0.0,0.0,354,-0.019905671213438975
0.0,0.0,0.0,0.0,328,-0.019781260768354982
0.0,0.0,0.0,0.0,356,-0.019532439878186997
0.0,0.0,0.0,0.0,323,-0.019159208542935013
0.0,0.0,0.0,0.0,330,-0.01866156676259904
0.0,0.0,0.0,0.0,359,-0.018163924982263067
0.0,0.0,0.0,0.0,333,-0.017790693647011083
0.0,0.0,0.0,0.0,358,-0.017417462311759103
0.0,0.0,0.0,0.0,325,-0.01729305186667511
0.0,0.0,0.0,0.0,332,-0.017168641421591118
0.0,0.0,0.0,0.0,326,-0.01691982053142313
0.0,0.0,0.0,0.0,332,-0.016422178751087157
0.0,0.0,0.0,0.0,358,-0.016048947415835173
0.0,0.0,0.0,0.0,326,-0.015426895190415206
0.0,0.0,0.0,0.0,333,-0.014929253410079233
0.0,0.0,0.0,0.0,326,-0.014307201184659264
0.0,0.0,0.0,0.0,332,-0.013933969849407283
0.0,0.0,0.0,0.0,357,-0.013685148959239297
0.0,0.0,0.0,0.0,331,-0.013560738514155303
0.0,0.0,0.0,0.0,330,-0.013311917623987314
0.0,0.0,0.0,0.0,316,-0.013187507178903322
0.0,0.0,0.0,0.0,322,-0.013063096733819328
0.0,0.0,0.0,0.0,347,-0.012938686288735336
0.0,0.0,0.0,0.0,324,-0.01281427584365134
0.0,0.0,0.0,0.0,323,-0.01244104450839936
0.0,0.0,0.0,0.0,315,-0.012067813173147379
0.0,0.0,0.0,0.0,321,-0.0116945818378954
0.0,0.0,0.0,0.0,345,-0.011570171392811406
0.0,0.0,0.0,0.0,320,-0.01144576094772741
0.0,0.0,0.0,0.0,344,-0.01144576094772741
0.0,0.0,0.0,0.0,313,-0.011321350502643417
0.0,0.0,0.0,0.0,320,-0.010948119167391438
0.0,0.0,0.0,0.0,313,-0.010574887832139456
0.0,0.0,0.0,0.0,318,-0.010201656496887474
0.0,0.0,0.0,0.0,344,-0.009828425161635495
0.0,0.0,0.0,0.0,312,-0.009579604271467507
0.0,0.0,0.0,0.0,319,-0.00933078338129952
0.0,0.0,0.0,0.0,315,-0.00895755204604754
0.0,0.0,0.0,0.0,321,-0.008708731155879551
0.0,0.0,0.0,0.0,350,-0.00833549982062757
0.0,0.0,0.0,0.0,326,-0.008086678930459584
0.0,0.0,0.0,0.0,329,-0.007713447595207603
0.0,0.0,0.0,0.0,318,-0.00758903715012361
0.0,0.0,0.0,0.0,329,-0.007215805814871629
0.0,0.0,0.0,0.0,350,-0.006966984924703642
0.0,0.0,0.0,0.0,329,-0.006469343144367668
0.0,0.0,0.0,0.0,349,-0.0060961118091156855
0.0,0.0,0.0,0.0,322,-0.0058472909189477
0.0,0.0,0.0,0.0,333,-0.005598470028779712
0.0,0.0,0.0,0.0,321,-0.005225238693527731
0.0,0.0,0.0,0.0,328,-0.004976417803359744
0.0,0.0,0.0,0.0,351,-0.004603186468107763
0.0,0.0,0.0,0.0,326,-0.004354365577939776
0.0,0.0,0.0,0.0,329,-0.004105544687771789
0.0,0.0,0.0,0.0,323,-0.004105544687771789
0.0,0.0,0.0,0.0,332,-0.004105544687771789
0.0,0.0,0.0,0.0,350,-0.004105544687771789
0.0,0.0,0.0,0.0,326,-0.004105544687771789
0.0,0.0,0.0,0.0,350,-0.004105544687771789
0.0,0.0,0.0,0.0,326,-0.004105544687771789
0.0,0.0,0.0,0.0,331,-0.004105544687771789
0.0,0.0,0.0,0.0,326,-0.004105544687771789
0.0,0.0,0.0,0.0,331,-0.004105544687771789
0.0,0.0,0.0,0.0,348,-0.004105544687771789
0.0,0.0,0.0,0.0,324,-0.004105544687771789
0.0,0.0,0.0,0.0,347,-0.004105544687771789
0.0,0.0,0.0,0.0,324,-0.0042299551328557825
0.0,0.0,0.0,0.0,329,-0.0042299551328557825
0.0,0.0,0.0,0.0,323,-0.0042299551328557825
0.0,0.0,0.0,0.0,325,-0.0042299551328557825
0.0,0.0,0.0,0.0,345,-0.0042299551328557825
0.0,0.0,0.0,0.0,325,-0.0042299551328557825
0.0,0.0,0.0,0.0,327,-0.0042299551328557825
0.0,0.0,0.0,0.0,322,-0.0042299551328557825
0.0,0.0,0.0,0.0,328,-0.0042299551328557825
0.0,0.0,0.0,0.0,322,-0.004354365577939776
0.0,0.0,0.0,0.0,325,-0.004354365577939776
0.0,0.0,0.0,0.0,344,-0.004354365577939776
0.0,0.0,0.0,0.0,324,-0.004354365577939776
0.0,0.0,0.0,0.0,323,-0.004354365577939776
0.0,0.0,0.0,0.0,325,-0.004354365577939776
0.0,0.0,0.0,0.0,328,-0.004354365577939776
0.0,0.0,0.0,0.0,322,-0.004354365577939776
0.0,0.0,0.0,0.0,325,-0.004354365577939776
0.0,0.0,0.0,0.0,346,-0.004354365577939776
0.0,0.0,0.0,0.0,324,-0.004354365577939776
0.0,0.0,0.0,0.0,328,-0.00447877602302377
0.0,0.0,0.0,0.0,322,-0.00447877602302377
0.0,0.0,0.0,0.0,328,-0.004603186468107763
0.0,0.0,0.0,0.0,322,-0.00485200735827575
0.0,0.0,0.0,0.0,323,-0.004976417803359744
0.0,0.0,0.0,0.0,346,-0.004976417803359744
0.0,0.0,0.0,0.0,324,-0.005225238693527731
0.0,0.0,0.0,0.0,326,-0.005598470028779712
0.0,0.0,0.0,0.0,322,-0.0060961118091156855
0.0,0.0,0.0,0.0,326,-0.006593753589451661
0.0,0.0,0.0,0.0,318,-0.007091395369787636
0.0,0.0,0.0,0.0,322,-0.007464626705039616
0.0,0.0,0.0,0.0,340,-0.007713447595207603
0.0,0.0,0.0,0.0,321,-0.00796226848537559
0.0,0.0,0.0,0.0,324,-0.00833549982062757
0.0,0.0,0.0,0.0,318,-0.008833141600963546
0.0,0.0,0.0,0.0,325,-0.00933078338129952
0.0,0.0,0.0,0.0,318,-0.0097040147165515
0.0,0.0,0.0,0.0,319,-0.009952835606719487
0.0,0.0,0.0,0.0,341,-0.010201656496887474
0.0,0.0,0.0,0.0,319,-0.010699298277223449
0.0,0.0,0.0,0.0,339,-0.011321350502643417
0.0,0.0,0.0,0.0,315,-0.011818992282979392
0.0,0.0,0.0,0.0,323,-0.01244104450839936
0.0,0.0,0.0,0.0,315,-0.012938686288735336
0.0,0.0,0.0,0.0,323,-0.013560738514155303
0.0,0.0,0.0,0.0,336,-0.014431611629743258
0.0,0.0,0.0,0.0,318,-0.015302484745331212
0.0,0.0,0.0,0.0,338,-0.016048947415835173
0.0,0.0,0.0,0.0,317,-0.01691982053142313
0.0,0.0,0.0,0.0,324,-0.017417462311759103
0.0,0.0,0.0,0.0,317,-0.01766628320192709
0.0,0.0,0.0,0.0,324,-0.018163924982263067
0.0,0.0,0.0,0.0,318,-0.018785977207683033
0.0,0.0,0.0,0.0,318,-0.01965685032327099
0.0,0.0,0.0,0.0,335,-0.02065213388394294
0.0,0.0,0.0,0.0,318,-0.021398596554446897
0.0,0.0,0.0,0.0,335,-0.02214505922495086
0.0,0.0,0.0,0.0,319,-0.02289152189545482
0.0,0.0,0.0,0.0,322,-0.02351357412087479
0.0,0.0,0.0,0.0,318,-0.024135626346294757
0.0,0.0,0.0,0.0,322,-0.024384447236462742
0.0,0.0,0.0,0.0,335,-0.02450885768154674
0.0,0.0,0.0,0.0,319,-0.024757678571714726
0.0,0.0,0.0,0.0,334,-0.025130909906966706
0.0,0.0,0.0,0.0,316,-0.026001783022554664
0.0,0.0,0.0,0.0,333,-0.026872656138142617
0.0,0.0,0.0,0.0,316,-0.027743529253730574
0.0,0.0,0.0,0.0,322,-0.02811676058898255
0.0,0.0,0.0,0.0,316,-0.028241171034066544
0.0,0.0,0.0,0.0,320,-0.028241171034066544
0.0,0.0,0.0,0.0,332,-0.028241171034066544
0.0,0.0,0.0,0.0,317,-0.028489991924234535
0.0,0.0,0.0,0.0,332,-0.028614402369318528
0.0,0.0,0.0,0.0,317,-0.028614402369318528
0.0,0.0,0.0,0.0,335,-0.028738812814402524
0.0,0.0,0.0,0.0,314,-0.028738812814402524
0.0,0.0,0.0,0.0,321,-0.028863223259486516
0.0,0.0,0.0,0.0,315,-0.02898763370457051
0.0,0.0,0.0,0.0,318,-0.02898763370457051
0.0,0.0,0.0,0.0,330,-0.02898763370457051
0.0,0.0,0.0,0.0,318,-0.02898763370457051
0.0,0.0,0.0,0.0,330,-0.0291120441496545
0.0,0.0,0.0,0.0,314,-0.0291120441496545
0.0,0.0,0.0,0.0,331,-0.02936086503982249
0.0,0.0,0.0,0.0,313,-0.029609685929990474
0.0,0.0,0.0,0.0,317,-0.029858506820158465
0.0,0.0,0.0,0.0,313,-0.03010732771032645
0.0,0.0,0.0,0.0,318,-0.030231738155410446
0.0,0.0,0.0,0.0,314,-0.03035614860049444
0.0,0.0,0.0,0.0,316,-0.030604969490662423
0.0,0.0,0.0,0.0,329,-0.03072937993574642
0.0,0.0,0.0,0.0,315,-0.03072937993574642
0.0,0.0,0.0,0.0,331,-0.030978200825914404
0.0,0.0,0.0,0.0,316,-0.031227021716082395
0.0,0.0,0.0,0.0,318,-0.031724663496418365
0.0,0.0,0.0,0.0,311,-0.03234671572183834
0.0,0.0,0.0,0.0,318,-0.03346640972759428
0.0,0.0,0.0,0.0,313,-0.034337282843182236
0.0,0.0,0.0,0.0,317,-0.0349593350686022
0.0,0.0,0.0,0.0,330,-0.03545697684893818
0.0,0.0,0.0,0.0,314,-0.03583020818419016
0.0,0.0,0.0,0.0,325,-0.036452260409610124
0.0,0.0,0.0,0.0,310,-0.037198723080114085
0.0,0.0,0.0,0.0,324,-0.03769636486045006
0.0,0.0,0.0,0.0,309,-0.03806959619570204
0.0,0.0,0.0,0.0,313,-0.03869164842112201
0.0,0.0,0.0,0.0,307,-0.03894046931129
0.0,0.0,0.0,0.0,314,-0.039064879756373995
0.0,0.0,0.0,0.0,307,-0.039064879756373995
0.0,0.0,0.0,0.0,314,-0.039064879756373995
0.0,0.0,0.0,0.0,309,-0.039064879756373995
0.0,0.0,0.0,0.0,311,-0.039064879756373995
0.0,0.0,0.0,0.0,310,-0.03931370064654198
0.0,0.0,0.0,0.0,309,-0.03943811109162597
0.0,0.0,0.0,0.0,311,-0.03943811109162597
0.0,0.0,0.0,0.0,310,-0.03943811109162597
0.0,0.0,0.0,0.0,315,-0.039562521536709964
0.0,0.0,0.0,0.0,306,-0.03968693198179396
0.0,0.0,0.0,0.0,313,-0.04018457376212993
0.0,0.0,0.0,0.0,308,-0.04093103643263389
0.0,0.0,0.0,0.0,312,-0.04217514088347383
0.0,0.0,0.0,0.0,309,-0.043046013999061786
0.0,0.0,0.0,0.0,309,-0.04366806622448175
0.0,0.0,0.0,0.0,304,-0.04404129755973374
0.0,0.0,0.0,0.0,302,-0.04441452889498571
0.0,0.0,0.0,0.0,303,-0.044912170675321696
0.0,0.0,0.0,0.0,302,-0.04565863334582565
0.0,0.0,0.0,0.0,301,-0.046156275126161626
0.0,0.0,0.0,0.0,300,-0.04640509601632961
0.0,0.0,0.0,0.0,302,-0.0467783273515816
0.0,0.0,0.0,0.0,296,-0.04702714824174958
0.0,0.0,0.0,0.0,301,-0.04727596913191757
0.0,0.0,0.0,0.0,295,-0.04752479002208555
0.0,0.0,0.0,0.0,300,-0.04802243180242153
0.0,0.0,0.0,0.0,297,-0.04839566313767351
0.0,0.0,0.0,0.0,302,-0.0485200735827575
0.0,0.0,0.0,0.0,297,-0.048644484027841495
0.0,0.0,0.0,0.0,298,-0.04914212580817747
0.0,0.0,0.0,0.0,299,-0.04951535714342945
0.0,0.0,0.0,0.0,298,-0.04976417803359744
0.0,0.0,0.0,0.0,297,-0.05001299892376543
0.0,0.0,0.0,0.0,300,-0.0505106407041014
0.0,0.0,0.0,0.0,300,-0.05125710337460536
0.0,0.0,0.0,0.0,303,-0.052127976490193316
0.0,0.0,0.0,0.0,306,-0.05299884960578127
0.0,0.0,0.0,0.0,302,-0.05386972272136923
0.0,0.0,0.0,0.0,304,-0.05498941672712517
0.0,0.0,0.0,0.0,300,-0.0562335211779651
0.0,0.0,0.0,0.0,303,-0.056855573403385075
0.0,0.0,0.0,0.0,298,-0.057228804738637055
0.0,0.0,0.0,0.0,295,-0.057353215183721044
0.0,0.0,0.0,0.0,297,-0.05747762562880505
0.0,0.0,0.0,0.0,295,-0.057602036073889036
0.0,0.0,0.0,0.0,295,-0.05785085696405702
0.0,0.0,0.0,0.0,296,-0.05847290918947699
0.0,0.0,0.0,0.0,296,-0.05909496141489696
0.0,0.0,0.0,0.0,295,-0.05921937185998095
0.0,0.0,0.0,0.0,295,-0.05921937185998095
0.0,0.0,0.0,0.0,295,-0.05921937185998095
0.0,0.0,0.0,0.0,300,-0.05921937185998095
0.0,0.0,0.0,0.0,295,-0.05921937185998095
0.0,0.0,0.0,0.0,299,-0.05921937185998095
0.0,0.0,0.0,0.0,294,-0.05921937185998095
0.0,0.0,0.0,0.0,299,-0.059468192750148946
0.0,0.0,0.0,0.0,294,-0.059468192750148946
0.0,0.0,0.0,0.0,297,-0.059468192750148946
0.0,0.0,0.0,0.0,293,-0.059468192750148946
0.0,0.0,0.0,0.0,294,-0.059592603195232935
0.0,0.0,0.0,0.0,291,-0.059592603195232935
0.0,0.0,0.0,0.0,292,-0.059468192750148946
0.0,0.0,0.0,0.0,292,-0.059468192750148946
0.0,0.0,0.0,0.0,295,-0.05934378230506495
0.0,0.0,0.0,0.0,291,-0.05934378230506495
0.0,0.0,0.0,0.0,295,-0.05934378230506495
0.0,0.0,0.0,0.0,293,-0.05921937185998095
0.0,0.0,0.0,0.0,287,-0.05897055096981296
0.0,0.0,0.0,0.0,292,-0.05847290918947699
0.0,0.0,0.0,0.0,284,-0.058348498744393004
0.0,0.0,0.0,0.0,290,-0.058224088299309
0.0,0.0,0.0,0.0,284,-0.058224088299309
0.0,0.0,0.0,0.0,287,-0.05785085696405702
0.0,0.0,0.0,0.0,281,-0.05747762562880505
0.0,0.0,0.0,0.0,287,-0.057228804738637055
0.0,0.0,0.0,0.0,281,-0.05697998384846907
0.0,0.0,0.0,0.0,288,-0.05660675251321709
0.0,0.0,0.0,0.0,282,-0.05648234206813309
0.0,0.0,0.0,0.0,283,-0.0562335211779651
0.0,0.0,0.0,0.0,278,-0.05598470028779712
0.0,0.0,0.0,0.0,281,-0.05586028984271313
0.0,0.0,0.0,0.0,275,-0.05586028984271313
0.0,0.0,0.0,0.0,277,-0.05586028984271313
0.0,0.0,0.0,0.0,271,-0.05598470028779712
0.0,0.0,0.0,0.0,274,-0.05598470028779712
0.0,0.0,0.0,0.0,269,-0.056109110732881114
0.0,0.0,0.0,0.0,270,-0.0562335211779651
0.0,0.0,0.0,0.0,264,-0.0562335211779651
0.0,0.0,0.0,0.0,264,-0.056109110732881114
0.0,0.0,0.0,0.0,265,-0.05598470028779712
0.0,0.0,0.0,0.0,262,-0.05548705850746115
0.0,0.0,0.0,0.0,263,-0.05498941672712517
0.0,0.0,0.0,0.0,257,-0.05386972272136923
0.0,0.0,0.0,0.0,259,-0.05200356604510933
0.0,0.0,0.0,0.0,254,-0.049390946698345456
0.0,0.0,0.0,0.0,257,-0.0467783273515816
0.0,0.0,0.0,0.0,253,-0.04366806622448175
0.0,0.0,0.0,0.0,254,-0.040806625987549895
0.0,0.0,0.0,0.0,249,-0.03744754397028207
0.0,0.0,0.0,0.0,233,-0.03471051417843421
0.0,0.0,0.0,0.0,224,-0.031724663496418365
0.0,0.0,0.0,0.0,204,-0.029236454594738497
0.0,0.0,0.0,0.0,186,-0.026872656138142617
0.0,0.0,0.0,0.0,171,-0.025006499461882714
0.0,0.0,0.0,0.0,156,-0.02351357412087479
0.0,0.0,0.0,0.0,137,-0.02314034278562281
0.0,0.0,0.0,0.0,119,-0.02314034278562281
0.0,0.0,0.0,0.0,111,-0.023015932340538815
0.0,0.0,0.0,0.0,94,-0.023015932340538815
0.0,0.0,0.0,0.0,80,-0.023015932340538815
0.0,0.0,0.0,0.0,74,-0.023015932340538815
0.0,0.0,0.0,0.0,68,-0.023015932340538815
0.0,0.0,0.0,0.0,60,-0.023015932340538815
0.0,0.0,0.0,0.0,55,-0.023015932340538815
0.0,0.0,0.0,0.0,49,-0.023015932340538815
0.0,0.0,0.0,0.0,45,-0.023015932340538815
0.0,0.0,0.0,0.0,42,-0.023015932340538815
0.0,0.0,0.0,0.0,42,-0.02289152189545482
0.0,0.0,0.0,0.0,40,-0.022767111450370827
0.0,0.0,0.0,0.0,40,-0.022642701005286835
0.0,0.0,0.0,0.0,37,-0.022642701005286835
0.0,0.0,0.0,0.0,35,-0.022642701005286835
0.0,0.0,0.0,0.0,33,-0.022642701005286835
0.0,0.0,0.0,0.0,33,-0.022642701005286835
0.0,0.0,0.0,0.0,33,-0.022642701005286835
0.0,0.0,0.0,0.0,33,-0.022767111450370827
0.0,0.0,0.0,0.0,32,-0.02289152189545482
0.0,0.0,0.0,0.0,31,-0.02314034278562281
0.0,0.0,0.0,0.0,31,-0.02351357412087479
0.0,0.0,0.0,0.0,30,-0.02388680545612677
0.0,0.0,0.0,0.0,30,-0.024384447236462742
0.0,0.0,0.0,0.0,28,-0.025379730797134695
0.0,0.0,0.0,0.0,28,-0.026499424802890637
0.0,0.0,0.0,0.0,25,-0.02799235014389856
0.0,0.0,0.0,0.0,24,-0.030231738155410446
0.0,0.0,0.0,0.0,23,-0.03222230527675434
0.0,0.0,0.0,0.0,22,-0.03421287239809824
0.0,0.0,0.0,0.0,20,-0.03607902907435814
0.0,0.0,0.0,0.0,20,-0.037571954415366066
1.3,1.3,0.0,0.0,19,-0.03869164842112201
1.6,1.6,0.0,0.0,18,-0.03981134242687795
1.6,1.6,0.0,0.0,18,-0.04130426776788588
1.6,1.6,0.0,0.0,18,-0.042672782663809805
1.5,1.5,0.0,0.0,18,-0.04404129755973374
1.5,1.5,0.0,0.0,18,-0.045036581120405685
1.5,1.5,0.0,0.0,18,-0.045409812455657665
1.4000000000000001,1.4000000000000001,0.0,0.0,18,-0.045409812455657665
1.3,1.3,0.0,0.0,19,-0.045409812455657665
1.2000000000000002,1.2000000000000002,0.0,0.0,20,-0.045409812455657665
1.1,1.1,0.0,0.0,20,-0.045409812455657665
1.1,1.1,0.0,0.0,19,-0.045534222900741654
1.0,1.0,0.0,0.0,19,-0.04578304379090964
0.9,0.9,0.0,0.0,20,-0.04628068557124562
0.9,0.9,0.0,0.0,22,-0.04702714824174958
0.9,0.9,0.0,0.0,21,-0.04802243180242153
0.9,0.9,0.0,0.0,24,-0.04926653625326147
0.8,0.8,0.0,0.0,24,-0.0505106407041014
0.8,0.8,0.0,0.0,24,-0.052127976490193316
0.8,0.8,0.0,0.0,26,-0.05424295405662121
0.8,0.8,0.0,0.0,27,-0.0563579316230491
0.7000000000000001,0.7000000000000001,0.0,0.0,26,-0.05809967785422501
0.7000000000000001,0.7000000000000001,0.0,0.0,28,-0.05897055096981296
0.7000000000000001,0.7000000000000001,0.0,0.0,30,-0.059468192750148946
0.7000000000000001,0.7000000000000001,0.0,0.0,33,-0.0602146554206529
0.6000000000000001,0.6000000000000001,0.0,0.0,36,-0.061209938981324846
0.6000000000000001,0.6000000000000001,0.0,0.0,37,-0.06195640165182881
0.6000000000000001,0.6000000000000001,0.0,0.0,37,-0.06282727476741677
0.6000000000000001,0.6000000000000001,0.0,0.0,37,-0.06307609565758475
0.6000000000000001,0.6000000000000001,0.0,0.0,38,-0.06282727476741677
0.6000000000000001,0.6000000000000001,0.0,0.0,41,-0.06270286432233278
0.5,0.5,0.0,0.0,41,-0.06270286432233278
0.5,0.5,0.0,0.0,39,-0.06270286432233278
0.5,0.5,0.0,0.0,37,-0.06270286432233278
0.5,0.5,0.0,0.0,36,-0.06257845387724878
0.5,0.5,0.0,0.0,37,-0.06245404343216479
0.5,0.5,0.0,0.0,37,-0.06245404343216479
0.4,0.4,0.0,0.0,38,-0.06245404343216479
0.4,0.4,0.0,0.0,37,-0.06245404343216479
0.4,0.4,0.0,0.0,37,-0.062205222541996806
0.4,0.4,0.0,0.0,38,-0.062205222541996806
0.4,0.4,0.0,0.0,39,-0.0620808120969128
0.4,0.4,0.0,0.0,39,-0.0620808120969128
0.4,0.4,0.0,0.0,38,-0.0620808120969128
0.4,0.4,0.0,0.0,39,-0.06195640165182881
0.30000000000000004,0.30000000000000004,0.0,0.0,43,-0.06170758076166082
0.30000000000000004,0.30000000000000004,0.0,0.0,46,-0.06108552853624086
0.30000000000000004,0.30000000000000004,0.0,0.0,45,-0.06033906586573689
0.30000000000000004,0.30000000000000004,0.0,0.0,43,-0.060090244975568904
0.30000000000000004,0.30000000000000004,0.0,0.0,43,-0.060090244975568904
0.30000000000000004,0.30000000000000004,0.0,0.0,48,-0.05984142408540092
0.30000000000000004,0.30000000000000004,0.0,0.0,50,-0.058846140524728974
0.30000000000000004,0.30000000000000004,0.0,0.0,50,-0.057602036073889036
0.30000000000000004,0.30000000000000004,0.0,0.0,48,-0.056731162958301086
0.30000000000000004,0.30000000000000004,0.0,0.0,48,-0.05660675251321709
0.30000000000000004,0.30000000000000004,0.0,0.0,49,-0.05660675251321709
0.2,0.2,0.0,0.0,52,-0.05660675251321709
0.2,0.2,0.0,0.0,53,-0.05660675251321709
0.2,0.2,0.0,0.0,53,-0.05648234206813309
0.2,0.2,0.0,0.0,55,-0.05598470028779712
0.2,0.2,0.0,0.0,59,-0.05511382717220916
0.2,0.2,0.0,0.0,63,-0.0544917749467892
0.2,0.2,0.0,0.0,65,-0.0543673645017052
0.2,0.2,0.0,0.0,67,-0.05399413316645322
0.2,0.2,0.0,0.0,70,-0.0525012078254453
0.2,0.2,0.0,0.0,71,-0.050137409368849424
0.2,0.2,0.0,0.0,74,-0.04777361091225354
0.2,0.2,0.0,0.0,77,-0.04565863334582565
0.2,0.2,0.0,0.0,77,-0.0446633497851537
0.2,0.2,0.0,0.0,79,-0.04329483488922977
0.2,0.2,0.0,0.0,80,-0.04192631999330584
0.1,0.1,0.0,0.0,82,-0.04093103643263389
0.1,0.1,0.0,0.0,86,-0.040682215542465906
0.1,0.1,0.0,0.0,88,-0.039935752871961945
0.1,0.1,0.0,0.0,88,-0.03856723797603801
0.1,0.1,0.0,0.0,88,-0.03707431263503009
0.1,0.1,0.0,0.0,90,-0.03657667085469412
0.1,0.1,0.0,0.0,94,-0.036327849964526135
0.1,0.1,0.0,0.0,95,-0.036327849964526135
0.1,0.1,0.0,0.0,96,-0.036327849964526135
0.1,0.1,0.0,0.0,97,-0.036701081299778116
0.1,0.1,0.0,0.0,97,-0.03732313352519808
0.1,0.1,0.0,0.0,99,-0.037945185750618046
0.1,0.1,0.0,0.0,102,-0.03819400664078604
0.1,0.1,0.0,0.0,103,-0.03819400664078604
0.1,0.1,0.0,0.0,103,-0.03819400664078604
0.1,0.1,0.0,0.0,103,-0.03819400664078604
0.1,0.1,0.0,0.0,102,-0.03819400664078604
0.1,0.1,0.0,0.0,102,-0.03819400664078604
0.1,0.1,0.0,0.0,103,-0.03819400664078604
0.1,0.1,0.0,0.0,104,-0.03819400664078604
0.1,0.1,0.0,0.0,104,-0.03831841708587003
0.1,0.1,0.0,0.0,103,-0.03844282753095402
0.1,0.1,0.0,0.0,102,-0.03844282753095402
0.1,0.1,0.0,0.0,101,-0.03844282753095402
0.1,0.1,0.0,0.0,104,-0.03844282753095402
0.1,0.1,0.0,0.0,102,-0.03844282753095402
0.1,0.1,0.0,0.0,104,-0.03844282753095402
0.1,0.1,0.0,0.0,109,-0.03831841708587003
0.1,0.1,0.0,0.0,114,-0.037945185750618046
0.1,0.1,0.0,0.0,114,-0.03769636486045006
0.1,0.1,0.0,0.0,118,-0.03769636486045006
0.0,0.0,0.0,0.0,122,-0.03769636486045006
0.0,0.0,0.0,0.0,120,-0.037571954415366066
0.0,0.0,0.0,0.0,122,-0.037571954415366066
0.0,0.0,0.0,0.0,125,-0.037571954415366066
0.0,0.0,0.0,0.0,131,-0.037571954415366066
0.0,0.0,0.0,0.0,130,-0.037571954415366066
0.0,0.0,0.0,0.0,133,-0.037571954415366066
0.0,0.0,0.0,0.0,137,-0.037571954415366066
0.0,0.0,0.0,0.0,141,-0.037571954415366066
0.0,0.0,0.0,0.0,146,-0.037571954415366066
0.0,0.0,0.0,0.0,145,-0.03782077530553406
0.0,0.0,0.0,0.0,149,-0.03782077530553406
0.0,0.0,0.0,0.0,154,-0.03782077530553406
0.0,0.0,0.0,0.0,159,-0.03782077530553406
0.0,0.0,0.0,0.0,161,-0.03819400664078604
0.0,0.0,0.0,0.0,164,-0.038816058866206
0.0,0.0,0.0,0.0,165,-0.039189290201457984
0.0,0.0,0.0,0.0,169,-0.039189290201457984
0.0,0.0,0.0,0.0,169,-0.039189290201457984
0.0,0.0,0.0,0.0,172,-0.039189290201457984
0.0,0.0,0.0,0.0,176,-0.039189290201457984
0.0,0.0,0.0,0.0,181,-0.03931370064654198
0.0,0.0,0.0,0.0,184,-0.039189290201457984
0.0,0.0,0.0,0.0,185,-0.039064879756373995
0.0,0.0,0.0,0.0,187,-0.039064879756373995
0.0,0.0,0.0,0.0,191,-0.039189290201457984
0.0,0.0,0.0,0.0,193,-0.039189290201457984
0.0,0.0,0.0,0.0,196,-0.03894046931129
0.0,0.0,0.0,0.0,198,-0.03856723797603801
0.0,0.0,0.0,0.0,199,-0.03869164842112201
0.0,0.0,0.0,0.0,203,-0.038816058866206
0.0,0.0,0.0,0.0,200,-0.038816058866206
0.0,0.0,0.0,0.0,203,-0.03869164842112201
0.0,0.0,0.0,0.0,205,-0.03869164842112201
0.0,0.0,0.0,0.0,206,-0.039189290201457984
0.0,0.0,0.0,0.0,207,-0.039189290201457984
0.0,0.0,0.0,0.0,207,-0.039064879756373995
0.0,0.0,0.0,0.0,210,-0.03894046931129
0.0,0.0,0.0,0.0,209,-0.03931370064654198
0.0,0.0,0.0,0.0,212,-0.040060163317045934
0.0,0.0,0.0,0.0,212,-0.04055780509738191
0.0,0.0,0.0,0.0,212,-0.04055780509738191
0.0,0.0,0.0,0.0,212,-0.04055780509738191
0.0,0.0,0.0,0.0,213,-0.040806625987549895
0.0,0.0,0.0,0.0,213,-0.041055446877717894
0.0,0.0,0.0,0.0,213,-0.041055446877717894
0.0,0.0,0.0,0.0,214,-0.041055446877717894
0.0,0.0,0.0,0.0,214,-0.041055446877717894
0.0,0.0,0.0,0.0,214,-0.04093103643263389
0.0,0.0,0.0,0.0,216,-0.040806625987549895
0.0,0.0,0.0,0.0,216,-0.040806625987549895
0.0,0.0,0.0,0.0,217,-0.040682215542465906
0.0,0.0,0.0,0.0,217,-0.040060163317045934
0.0,0.0,0.0,0.0,218,-0.039064879756373995
0.0,0.0,0.0,0.0,218,-0.03844282753095402
0.0,0.0,0.0,0.0,219,-0.03844282753095402
0.0,0.0,0.0,0.0,221,-0.03844282753095402
0.0,0.0,0.0,0.0,222,-0.03844282753095402
0.0,0.0,0.0,0.0,222,-0.03831841708587003
0.0,0.0,0.0,0.0,225,-0.03819400664078604
0.0,0.0,0.0,0.0,225,-0.03819400664078604
0.0,0.0,0.0,0.0,225,-0.037945185750618046
0.0,0.0,0.0,0.0,226,-0.037571954415366066
0.0,0.0,0.0,0.0,226,-0.03707431263503009
0.0,0.0,0.0,0.0,226,-0.036701081299778116
0.0,0.0,0.0,0.0,227,-0.03620343951944213
0.0,0.0,0.0,0.0,226,-0.03558138729402217
0.0,0.0,0.0,0.0,227,-0.03471051417843421
0.0,0.0,0.0,0.0,228,-0.03458610373335022
0.0,0.0,0.0,0.0,228,-0.03458610373335022
0.0,0.0,0.0,0.0,228,-0.03421287239809824
0.0,0.0,0.0,0.0,229,-0.03334199928251028
0.0,0.0,0.0,0.0,228,-0.03234671572183834
0.0,0.0,0.0,0.0,228,-0.03147584260625038
0.0,0.0,0.0,0.0,229,-0.03135143216116639
0.0,0.0,0.0,0.0,228,-0.03135143216116639
0.0,0.0,0.0,0.0,228,-0.031227021716082395
0.0,0.0,0.0,0.0,229,-0.031227021716082395
0.0,0.0,0.0,0.0,227,-0.031227021716082395
0.0,0.0,0.0,0.0,227,-0.031227021716082395
0.0,0.0,0.0,0.0,227,-0.031227021716082395
0.0,0.0,0.0,0.0,227,-0.031227021716082395
0.0,0.0,0.0,0.0,226,-0.031227021716082395
0.0,0.0,0.0,0.0,226,-0.031227021716082395
0.0,0.0,0.0,0.0,227,-0.031227021716082395
0.0,0.0,0.0,0.0,228,-0.03135143216116639
0.0,0.0,0.0,0.0,228,-0.031600253051334376
0.0,0.0,0.0,0.0,228,-0.031724663496418365
0.0,0.0,0.0,0.0,227,-0.031724663496418365
0.0,0.0,0.0,0.0,228,-0.03184907394150236
0.0,0.0,0.0,0.0,227,-0.03184907394150236
0.0,0.0,0.0,0.0,228,-0.03197348438658636
0.0,0.0,0.0,0.0,229,-0.03197348438658636
0.0,0.0,0.0,0.0,229,-0.03197348438658636
0.0,0.0,0.0,0.0,228,-0.03197348438658636
0.0,0.0,0.0,0.0,228,-0.03197348438658636
0.0,0.0,0.0,0.0,228,-0.03197348438658636
0.0,0.0,0.0,0.0,228,-0.03184907394150236
0.0,0.0,0.0,0.0,229,-0.03184907394150236
0.0,0.0,0.0,0.0,230,-0.031724663496418365
0.0,0.0,0.0,0.0,231,-0.031600253051334376
0.0,0.0,0.0,0.0,232,-0.03147584260625038
0.0,0.0,0.0,0.0,233,-0.03147584260625038
0.0,0.0,0.0,0.0,234,-0.03147584260625038
0.0,0.0,0.0,0.0,235,-0.03147584260625038
0.0,0.0,0.0,0.0,238,-0.031102611270998403
0.0,0.0,0.0,0.0,237,-0.03085379038083041
0.0,0.0,0.0,0.0,240,-0.03072937993574642
0.0,0.0,0.0,0.0,239,-0.03072937993574642
0.0,0.0,0.0,0.0,242,-0.03072937993574642
0.0,0.0,0.0,0.0,242,-0.03048055904557843
0.0,0.0,0.0,0.0,245,-0.030231738155410446
0.0,0.0,0.0,0.0,245,-0.030231738155410446
0.0,0.0,0.0,0.0,246,-0.030231738155410446
0.0,0.0,0.0,0.0,244,-0.030231738155410446
0.0,0.0,0.0,0.0,246,-0.029734096375074473
0.0,0.0,0.0,0.0,248,-0.029236454594738497
0.0,0.0,0.0,0.0,249,-0.028863223259486516
0.0,0.0,0.0,0.0,250,-0.028365581479150543
0.0,0.0,0.0,0.0,251,-0.02811676058898255
0.0,0.0,0.0,0.0,252,-0.027743529253730574
0.0,0.0,0.0,0.0,253,-0.027370297918478594
0.0,0.0,0.0,0.0,254,-0.02699706658322661
0.0,0.0,0.0,0.0,254,-0.026872656138142617
0.0,0.0,0.0,0.0,256,-0.02674824569305862
0.0,0.0,0.0,0.0,256,-0.02674824569305862
0.0,0.0,0.0,0.0,261,-0.026375014357806644
0.0,0.0,0.0,0.0,259,-0.02575296213238668
0.0,0.0,0.0,0.0,264,-0.025130909906966706
0.0,0.0,0.0,0.0,262,-0.024633268126630734
0.0,0.0,0.0,0.0,263,-0.024135626346294757
0.0,0.0,0.0,0.0,265,-0.02388680545612677
0.0,0.0,0.0,0.0,264,-0.023637984565958784
0.0,0.0,0.0,0.0,267,-0.023264753230706803
0.0,0.0,0.0,0.0,218,-0.023015932340538815
0.0,0.0,0.0,0.0,217,-0.022642701005286835
0.0,0.0,0.0,0.0,218,-0.02214505922495086
0.0,0.0,0.0,0.0,200,-0.021647417444614885
0.7000000000000001,0.7000000000000001,0.0,0.0,196,-0.020900954774110924
1.7000000000000002,1.7000000000000002,0.0,0.0,180,-0.020154492103606963
3.4000000000000004,3.4000000000000004,0.0,0.0,169,-0.019159208542935013
5.5,5.5,0.0,0.0,158,-0.018163924982263067
8.0,8.0,0.0,0.0,140,-0.017168641421591118
10.8,10.8,0.0,0.0,118,-0.01629776830600316
13.4,13.4,0.0,0.0,97,-0.015551305635499202
15.700000000000001,15.700000000000001,0.0,0.0,76,-0.014431611629743258
17.7,17.7,0.0,0.0,68,-0.013311917623987314
19.6,19.6,0.0,0.0,59,-0.012316634063315367
21.400000000000002,21.400000000000002,0.0,0.0,54,-0.011818992282979392
21.3,21.3,0.0,0.0,38,-0.011570171392811406
21.1,21.1,0.0,0.0,29,-0.011570171392811406
21.0,21.0,0.0,0.0,21,-0.011570171392811406
20.8,20.8,0.0,0.0,15,-0.011570171392811406
21.5,21.5,0.0,0.0,10,-0.011196940057559423
22.400000000000002,22.400000000000002,0.0,0.0,6,-0.010574887832139456
23.400000000000002,23.8,0.4,0.4,3,-0.009952835606719487
25.200000000000003,25.6,1.0,1.0,1,-0.009828425161635495
27.0,27.5,1.9000000000000001,1.9000000000000001,-1,-0.009952835606719487
29.0,29.400000000000002,3.0,3.0,-2,-0.010201656496887474
30.900000000000002,31.400000000000002,4.2,4.2,-3,-0.010201656496887474
33.1,33.6,5.800000000000001,5.800000000000001,-4,-0.010077246051803481
35.2,35.7,7.6000000000000005,7.6000000000000005,-5,-0.009952835606719487
37.300000000000004,37.800000000000004,9.700000000000001,9.700000000000001,-6,-0.009952835606719487
39.300000000000004,39.800000000000004,12.0,12.0,-7,-0.009952835606719487
41.1,41.7,14.5,14.5,-7,-0.009952835606719487
43.0,43.5,17.400000000000002,17.400000000000002,-8,-0.009952835606719487
44.6,45.2,20.900000000000002,20.900000000000002,-8,-0.009952835606719487
46.300000000000004,46.800000000000004,25.0,25.0,-9,-0.009952835606719487
50.800000000000004,48.5,28.8,25.0,-9,-0.009952835606719487
55.400000000000006,53.0,28.8,25.0,-10,-0.010077246051803481
59.900000000000006,57.5,28.8,25.0,-10,-0.010201656496887474
65.3,62.400000000000006,28.8,18.3,-10,-0.010201656496887474
70.7,67.8,28.8,17.400000000000002,-11,-0.010201656496887474
74.8,73.10000000000001,28.8,17.400000000000002,-11,-0.010201656496887474
76.2,76.2,28.8,17.400000000000002,-11,-0.010201656496887474
76.2,76.2,28.8,17.400000000000002,-11,-0.010201656496887474
76.10000000000001,76.10000000000001,21.3,17.400000000000002,-11,-0.010201656496887474
76.0,76.0,20.6,17.400000000000002,-11,-0.010077246051803481
75.9,75.9,20.6,17.400000000000002,-11,-0.010077246051803481
75.9,75.9,20.6,13.200000000000001,-11,-0.009952835606719487
75.9,75.9,20.6,9.8,-11,-0.009952835606719487
75.7,75.7,20.6,9.600000000000001,-12,-0.009952835606719487
75.60000000000001,75.60000000000001,20.6,9.600000000000001,-12,-0.009952835606719487
75.4,75.4,20.6,9.600000000000001,-12,-0.009952835606719487
75.2,75.2,20.6,9.600000000000001,-13,-0.0097040147165515
75.10000000000001,75.10000000000001,20.6,9.600000000000001,-13,-0.009579604271467507
75.10000000000001,75.10000000000001,20.6,9.600000000000001,-13,-0.009579604271467507
74.9,74.9,20.6,9.600000000000001,-14,-0.009579604271467507
74.8,74.8,20.6,9.600000000000001,-14,-0.00933078338129952
74.7,74.7,20.6,9.600000000000001,-14,-0.009081962491131534
74.60000000000001,74.60000000000001,20.6,9.600000000000001,-14,-0.009081962491131534
74.60000000000001,74.60000000000001,20.6,9.600000000000001,-14,-0.008833141600963546
74.60000000000001,74.60000000000001,20.6,9.600000000000001,-14,-0.008086678930459584
74.60000000000001,74.60000000000001,20.6,9.600000000000001,-14,-0.007464626705039616
74.60000000000001,74.60000000000001,20.6,9.600000000000001,-14,-0.007091395369787636
74.60000000000001,74.60000000000001,20.6,9.600000000000001,-13,-0.006718164034535654
74.60000000000001,74.60000000000001,20.6,9.600000000000001,-14,-0.00622052225419968
74.60000000000001,74.60000000000001,20.6,9.600000000000001,-14,-0.0060961118091156855
74.60000000000001,74.60000000000001,20.6,9.600000000000001,-14,-0.005971701364031692
74.60000000000001,74.60000000000001,20.6,9.600000000000001,-13,-0.0058472909189477
74.60000000000001,74.60000000000001,20.6,9.600000000000001,-13,-0.005598470028779712
74.60000000000001,74.60000000000001,20.6,9.600000000000001,-13,-0.005225238693527731
75.4,75.4,20.6,9.600000000000001,-14,-0.005100828248443737
76.3,76.3,20.6,9.600000000000001,-14,-0.004976417803359744
77.10000000000001,77.10000000000001,20.6,9.600000000000001,-13,-0.00485200735827575
77.30000000000001,77.30000000000001,20.6,9.600000000000001,-13,-0.00447877602302377
77.5,77.5,20.6,9.600000000000001,-13,-0.004354365577939776
77.7,77.7,20.6,9.600000000000001,-13,-0.004354365577939776
77.7,77.7,20.6,9.600000000000001,-14,-0.004354365577939776
77.7,77.7,20.6,9.600000000000001,-14,-0.0042299551328557825
77.7,77.7,20.6,9.600000000000001,-13,-0.004105544687771789
77.9,77.9,20.6,9.600000000000001,-13,-0.003981134242687795
78.10000000000001,78.10000000000001,20.6,9.600000000000001,-14,-0.003732313352519808
78.2,78.2,20.6,9.600000000000001,-14,-0.003483492462351821
78.7,78.7,20.6,9.600000000000001,-15,-0.003483492462351821
78.60000000000001,78.60000000000001,20.6,9.600000000000001,-15,-0.003732313352519808
78.5,78.5,20.6,9.600000000000001,-15,-0.0036079029074358145
78.4,78.4,20.6,9.600000000000001,-15,-0.0036079029074358145
78.4,78.4,20.6,9.600000000000001,-15,-0.003732313352519808
78.4,78.4,20.6,9.600000000000001,-15,-0.003732313352519808
78.4,78.4,20.6,9.600000000000001,-15,-0.0038567237976038014
78.4,78.4,20.6,9.600000000000001,-15,-0.003981134242687795
78.4,78.4,20.6,9.600000000000001,-15,-0.004105544687771789
78.4,78.4,20.6,9.600000000000001,-15,-0.00485200735827575
78.4,78.4,20.6,9.600000000000001,-15,-0.005474059583695719
78.4,78.4,20.6,9.600000000000001,-15,-0.00622052225419968
78.4,78.4,20.6,9.600000000000001,-15,-0.006718164034535654
78.4,78.4,20.6,9.600000000000001,-15,-0.007464626705039616
78.4,78.4,20.6,9.600000000000001,-15,-0.008211089375543578
73.9,78.4,20.6,12.700000000000001,-15,-0.008584320710795559
72.5,78.4,20.6,14.4,-15,-0.00895755204604754
72.5,78.4,20.6,14.4,-16,-0.009579604271467507
72.5,78.4,20.6,14.4,-15,-0.010201656496887474
72.8,78.60000000000001,20.6,14.4,-16,-0.01107252961247543
73.0,78.5,20.6,14.4,-16,-0.012316634063315367
73.3,78.30000000000001,20.6,14.4,-16,-0.013560738514155303
73.60000000000001,78.10000000000001,20.6,14.4,-15,-0.014307201184659264
74.10000000000001,77.80000000000001,20.6,14.4,-15,-0.014804842964995237
74.7,77.7,20.6,14.4,-15,-0.015302484745331212
75.2,77.4,20.6,14.4,-15,-0.015551305635499202
76.0,77.0,20.6,14.4,-16,-0.015426895190415206
75.8,76.60000000000001,20.6,14.4,-16,-0.015551305635499202
75.60000000000001,76.2,20.6,14.4,-16,-0.01592453697075118
75.3,75.7,20.6,14.4,-15,-0.017044230976507122
75.0,75.3,20.6,14.4,-15,-0.01828833542734706
74.5,74.8,20.6,14.4,-15,-0.019408029433103
74.5,71.7,25.200000000000003,14.4,-16,-0.020154492103606963
74.5,71.7,25.200000000000003,14.4,-16,-0.020278902548690955
74.5,71.7,25.200000000000003,14.4,-15,-0.020403312993774948
73.7,71.5,25.200000000000003,14.4,-16,-0.020900954774110924
73.0,71.4,25.200000000000003,14.4,-16,-0.021398596554446897
72.3,71.10000000000001,25.200000000000003,14.4,-15,-0.02202064877986687
71.60000000000001,70.7,25.200000000000003,14.4,-16,-0.0233891636757908
71.0,70.3,25.200000000000003,14.4,-16,-0.0252553203520507
70.4,69.8,25.200000000000003,14.4,-16,-0.026872656138142617
69.7,69.4,25.200000000000003,14.4,-16,-0.027494708363562586
69.2,68.9,25.200000000000003,14.4,-16,-0.027867939698814567
66.0,68.4,25.200000000000003,18.8,-16,-0.028614402369318528
66.0,67.9,25.200000000000003,18.8,-16,-0.02948527548490648
66.0,67.4,25.200000000000003,18.8,-16,-0.029858506820158465
61.900000000000006,58.5,25.200000000000003,23.1,-17,-0.030604969490662423
60.800000000000004,57.2,25.200000000000003,25.0,-16,-0.03247112616692233
60.800000000000004,57.2,25.200000000000003,25.0,-17,-0.0350837455136862
60.800000000000004,57.2,25.200000000000003,25.0,-17,-0.0369499021899461
62.400000000000006,57.2,18.7,18.400000000000002,-17,-0.03844282753095402
64.10000000000001,58.5,14.100000000000001,13.9,-17,-0.03968693198179396
65.8,59.900000000000006,10.600000000000001,10.5,-18,-0.04043339465229792
64.3,59.900000000000006,8.0,7.9,-15,-0.040308984207213926
63.1,59.900000000000006,8.0,7.9,-15,-0.040308984207213926
59.6,56.400000000000006,10.9,11.9,-16,-0.04043339465229792
57.5,53.900000000000006,14.0,15.0,-16,-0.04043339465229792
57.300000000000004,53.6,15.5,15.0,-16,-0.04055780509738191
56.900000000000006,54.2,15.5,15.0,-15,-0.04093103643263389
56.6,54.900000000000006,15.5,15.0,-17,-0.04117985732280188
56.2,56.300000000000004,15.5,15.0,-17,-0.04117985732280188
53.7,53.2,19.200000000000003,19.3,-17,-0.041055446877717894
53.5,46.900000000000006,19.200000000000003,19.3,-17,-0.040806625987549895
53.1,41.0,19.200000000000003,19.3,-17,-0.04043339465229792
52.7,35.6,19.200000000000003,19.3,-17,-0.040682215542465906
52.300000000000004,35.6,14.600000000000001,14.600000000000001,-17,-0.04205073043838984
51.900000000000006,35.6,11.100000000000001,11.0,-17,-0.044912170675321696
51.300000000000004,38.400000000000006,8.4,8.3,-17,-0.0467783273515816
50.7,41.300000000000004,6.6000000000000005,6.4,-18,-0.04690273779666559
50.0,44.400000000000006,6.6000000000000005,6.4,-18,-0.046653916906497596
49.300000000000004,44.400000000000006,6.6000000000000005,6.4,-18,-0.046653916906497596
46.800000000000004,41.6,9.3,9.600000000000001,-18,-0.04652950646141361
45.300000000000004,42.300000000000004,12.3,11.700000000000001,-18,-0.04652950646141361
44.5,43.400000000000006,15.600000000000001,12.9,-18,-0.04652950646141361
44.5,48.5,15.600000000000001,12.9,-17,-0.04640509601632961
44.5,48.5,15.600000000000001,12.9,-17,-0.045534222900741654
44.1,48.5,15.600000000000001,12.9,-17,-0.04453893934006971
43.6,46.900000000000006,15.600000000000001,12.9,-17,-0.043792476669565754
41.5,44.7,19.3,16.3,-17,-0.043419245334313766
41.300000000000004,43.7,19.3,16.3,-17,-0.04317042444414578
41.1,43.0,19.3,16.3,-16,-0.04317042444414578
40.900000000000006,42.300000000000004,19.3,16.3,-17,-0.04317042444414578
40.6,41.6,19.3,16.3,-16,-0.04317042444414578
40.400000000000006,41.1,19.3,16.3,-16,-0.04317042444414578
40.1,40.7,19.3,16.3,-17,-0.04317042444414578
39.6,40.1,19.3,16.3,-16,-0.04317042444414578
39.1,39.400000000000006,19.3,16.3,-16,-0.04317042444414578
38.400000000000006,38.7,19.3,16.3,-17,-0.04317042444414578
37.800000000000004,38.0,19.3,16.3,-16,-0.04317042444414578
37.0,37.2,19.3,16.3,-16,-0.04317042444414578
36.4,37.2,19.3,16.3,-16,-0.0429216035539778
35.7,37.2,19.3,16.3,-16,-0.042672782663809805
35.1,37.2,19.3,16.3,-16,-0.042797193108893794
34.5,30.8,19.3,16.3,-16,-0.042797193108893794
34.0,28.3,19.3,16.3,-16,-0.042797193108893794
32.300000000000004,28.3,19.3,19.1,-17,-0.042797193108893794
32.1,28.3,19.3,19.1,-17,-0.042797193108893794
31.8,28.3,19.3,19.1,-17,-0.042797193108893794
31.400000000000002,28.3,19.3,19.1,-17,-0.042797193108893794
30.900000000000002,24.5,19.3,19.1,-17,-0.042672782663809805
30.400000000000002,23.5,19.3,19.1,-17,-0.042672782663809805
29.900000000000002,23.5,19.3,19.1,-17,-0.042672782663809805
29.400000000000002,23.5,19.3,19.1,-18,-0.042672782663809805
28.900000000000002,23.5,19.3,19.1,-17,-0.042672782663809805
28.5,24.700000000000003,19.3,19.1,-18,-0.04254837221872581
28.200000000000003,24.700000000000003,19.3,19.1,-18,-0.04254837221872581
27.8,24.700000000000003,19.3,19.1,-18,-0.04254837221872581
27.400000000000002,24.700000000000003,19.3,19.1,-18,-0.04217514088347383
27.0,25.3,19.3,19.1,-17,-0.04205073043838984
26.400000000000002,26.5,19.3,19.1,-17,-0.04205073043838984
25.900000000000002,27.6,19.3,19.1,-17,-0.04205073043838984
25.400000000000002,26.700000000000003,19.3,19.1,-17,-0.04205073043838984
25.0,26.0,19.3,14.200000000000001,-17,-0.04205073043838984
24.700000000000003,25.400000000000002,19.3,12.200000000000001,-17,-0.04192631999330584
24.3,24.900000000000002,19.3,12.200000000000001,-17,-0.04192631999330584
24.0,24.400000000000002,19.3,12.200000000000001,-17,-0.04205073043838984
23.700000000000003,24.0,19.3,12.200000000000001,-17,-0.04205073043838984
23.400000000000002,23.6,19.3,12.200000000000001,-17,-0.04205073043838984
23.1,23.6,19.3,12.200000000000001,-17,-0.04205073043838984
23.1,23.6,19.3,12.200000000000001,-17,-0.04205073043838984
23.1,23.6,19.3,12.200000000000001,-17,-0.04205073043838984
23.1,23.200000000000003,19.3,12.200000000000001,-17,-0.04217514088347383
22.700000000000003,22.8,19.3,12.200000000000001,-17,-0.042299551328557825
22.400000000000002,22.5,19.3,12.200000000000001,-17,-0.042299551328557825
22.1,22.200000000000003,19.3,8.9,-18,-0.042299551328557825
21.8,21.8,19.3,6.9,-18,-0.04242396177364182
21.5,21.5,19.3,5.4,-18,-0.0429216035539778
21.3,21.3,19.3,4.9,-19,-0.04354365577939776
21.1,21.1,19.3,4.6000000000000005,-19,-0.04441452889498571
20.900000000000002,20.900000000000002,19.3,4.3,-19,-0.04516099156548968
20.8,20.900000000000002,19.3,4.0,-19,-0.046156275126161626
20.8,20.900000000000002,19.3,4.0,-19,-0.04740037957700156
20.900000000000002,20.900000000000002,19.3,4.0,-18,-0.048768894472925484
20.8,20.900000000000002,19.3,4.0,-18,-0.050137409368849424
20.8,20.900000000000002,19.3,4.0,-18,-0.05125710337460536
20.8,20.900000000000002,19.3,4.0,-19,-0.05225238693527731
20.8,20.900000000000002,19.3,4.0,-18,-0.05349649138611724
20.8,20.900000000000002,19.3,4.0,-19,-0.05474059583695719
20.8,20.900000000000002,19.3,4.0,-18,-0.05598470028779712
20.8,20.900000000000002,19.3,4.0,-18,-0.05697998384846907
20.8,20.900000000000002,19.3,4.0,-18,-0.05797526740914102
20.8,20.900000000000002,16.8,4.0,-18,-0.05921937185998095
20.8,20.900000000000002,16.8,4.0,-19,-0.06058788675590488
20.8,20.900000000000002,16.8,4.0,-19,-0.0620808120969128
20.8,20.900000000000002,16.8,4.0,-19,-0.06344932699283673
20.8,20.900000000000002,16.8,4.0,-20,-0.06469343144367667
20.8,20.900000000000002,16.8,4.0,-19,-0.06606194633960061
20.8,20.900000000000002,16.8,4.0,-19,-0.06743046123552454
20.8,20.900000000000002,16.8,4.0,-19,-0.06917220746670044
20.8,20.900000000000002,16.8,4.0,-18,-0.07128718503312834
20.8,20.900000000000002,16.8,4.0,-18,-0.07365098348972421
20.6,20.900000000000002,16.8,4.0,-18,-0.0757659610561521
20.5,20.900000000000002,16.8,4.0,-18,-0.07825416995783198
20.5,20.900000000000002,16.8,4.0,-18,-0.08086678930459584
19.200000000000003,20.6,16.8,5.5,-18,-0.08347940865135971
19.200000000000003,20.3,16.8,5.5,-19,-0.08522115488253561
19.200000000000003,20.0,16.8,5.5,-19,-0.08683849066862753
19.200000000000003,19.700000000000003,16.8,5.5,-18,-0.08820700556455147
19.200000000000003,19.5,16.8,5.5,-19,-0.08957552046047539
19.200000000000003,19.5,16.8,5.5,-19,-0.09069521446623133
19.200000000000003,19.5,16.8,5.5,-19,-0.09181490847198728
17.8,19.5,16.8,7.800000000000001,-19,-0.09293460247774321
16.6,19.5,16.8,9.8,-19,-0.09417870692858316
15.700000000000001,19.200000000000003,14.700000000000001,11.3,-19,-0.0950495800441711
15.200000000000001,18.900000000000002,14.700000000000001,12.4,-19,-0.09592045315975907
14.9,18.6,14.700000000000001,13.0,-19,-0.09666691583026303
14.700000000000001,18.400000000000002,14.700000000000001,13.4,-19,-0.09753778894585097
14.700000000000001,18.1,14.700000000000001,13.4,-19,-0.09865748295160692
14.700000000000001,18.1,14.700000000000001,13.4,-19,-0.10027481873769885
14.700000000000001,18.1,14.700000000000001,13.4,-19,-0.10214097541395875
14.700000000000001,18.1,14.700000000000001,13.4,-19,-0.10438036342547063
14.700000000000001,18.1,14.700000000000001,13.4,-19,-0.10699298277223449
14.700000000000001,17.8,14.700000000000001,13.4,-19,-0.10985442300916635
14.700000000000001,17.5,14.700000000000001,13.4,-19,-0.11234263191084622
14.700000000000001,17.3,14.700000000000001,13.4,-18,-0.11470643036744209
14.700000000000001,17.1,14.700000000000001,13.4,-19,-0.11657258704370199
14.700000000000001,17.1,12.9,13.4,-19,-0.11781669149454194
14.700000000000001,17.1,12.9,13.4,-19,-0.1184387437199619
14.700000000000001,17.1,12.9,13.4,-19,-0.11881197505521389
14.700000000000001,16.6,12.9,13.4,-19,-0.11893638550029789
14.700000000000001,16.3,12.9,13.4,-19,-0.11906079594538188
14.700000000000001,15.9,12.9,13.4,-19,-0.11906079594538188
14.700000000000001,15.5,12.9,13.4,-19,-0.11906079594538188
14.5,15.100000000000001,12.9,13.4,-20,-0.11918520639046587
14.200000000000001,14.700000000000001,12.9,13.4,-19,-0.11918520639046587
14.100000000000001,14.3,12.9,13.4,-19,-0.11918520639046587
13.9,13.9,12.9,13.3,-19,-0.11918520639046587
13.700000000000001,13.600000000000001,12.9,13.200000000000001,-18,-0.11918520639046587
13.5,13.4,12.8,13.100000000000001,-18,-0.11918520639046587
13.3,13.200000000000001,12.700000000000001,12.9,-17,-0.11930961683554986
13.100000000000001,13.0,12.5,12.700000000000001,-17,-0.11980725861588583
12.9,12.8,12.4,12.600000000000001,-16,-0.12055372128638979
12.700000000000001,12.600000000000001,12.3,12.4,-15,-0.12142459440197775
10.5,10.4,12.100000000000001,12.3,-15,-0.12204664662739771
9.4,9.5,11.9,12.0,-15,-0.12254428840773368
8.8,8.8,11.700000000000001,11.700000000000001,-15,-0.1226686988528177
8.8,8.8,11.5,11.5,-15,-0.12279310929790169
8.0,7.9,11.3,11.3,-15,-0.12279310929790169
8.0,7.9,11.3,11.3,-15,-0.12304193018806968
7.4,7.4,11.3,11.3,-15,-0.12316634063315367
7.4,7.4,11.3,11.3,-15,-0.12341516152332165
7.0,7.4,11.3,11.3,-15,-0.12403721374874162
7.0,6.6000000000000005,11.3,11.3,-14,-0.12478367641924558
6.4,6.6000000000000005,11.3,11.3,-15,-0.12577895997991753
6.4,6.2,11.3,8.5,-15,-0.12702306443075745
5.800000000000001,6.0,11.3,8.5,-15,-0.1281427584365134
5.5,5.7,11.3,8.5,-15,-0.12926245244226933
5.2,5.300000000000001,11.3,8.5,-14,-0.1301333255578573
5.0,5.0,11.3,8.5,-14,-0.13112860911852925
4.7,4.800000000000001,11.3,8.5,-14,-0.1322483031242852
4.6000000000000005,4.6000000000000005,11.3,8.5,-14,-0.13361681802020914
4.4,4.4,11.3,8.5,-13,-0.13461210158088108
4.2,4.2,11.3,8.5,-13,-0.13548297469646903
4.0,4.0,11.3,8.5,-13,-0.136105026921889
3.9000000000000004,3.9000000000000004,11.3,8.5,-13,-0.13685148959239296
3.8000000000000003,3.7,11.0,8.5,-13,-0.13722472092764496
3.6,3.6,10.700000000000001,8.5,-13,-0.13722472092764496
3.5,3.5,10.4,8.5,-14,-0.13734913137272894
3.4000000000000004,3.4000000000000004,10.4,8.5,-14,-0.13759795226289692
3.3000000000000003,3.3000000000000003,10.4,8.5,-14,-0.1377223627079809
3.2,3.1,10.4,8.5,-14,-0.1378467731530649
3.1,3.1,10.4,8.5,-13,-0.1380955940432329
3.0,3.0,10.4,8.5,-14,-0.13846882537848487
2.9000000000000004,2.9000000000000004,10.4,8.5,-14,-0.13884205671373684
2.8000000000000003,2.8000000000000003,10.4,8.5,-13,-0.13909087760390484
2.8000000000000003,2.7,10.4,8.5,-13,-0.13933969849407282
2.7,2.7,10.4,8.5,-13,-0.1398373402744088
2.6,2.6,10.100000000000001,8.5,-12,-0.14045939249982878
2.6,2.5,9.8,8.5,-9,-0.14145467606050072
2.5,2.5,9.600000000000001,8.5,-9,-0.1420767282859207
2.5,2.4000000000000004,9.600000000000001,8.5,-9,-0.14307201184659266
2.4000000000000004,2.4000000000000004,9.600000000000001,8.5,-9,-0.1440672954072646
2.4000000000000004,2.3000000000000003,9.600000000000001,8.5,-9,-0.14518698941302052
2.4000000000000004,2.3000000000000003,9.600000000000001,8.5,-9,-0.14618227297369246
2.3000000000000003,2.2,9.600000000000001,8.5,-6,-0.1477996087597844
2.3000000000000003,2.2,9.600000000000001,8.5,-5,-0.1494169445458763
2.2,2.2,9.600000000000001,8.5,-4,-0.15090986988688423
2.2,2.1,9.600000000000001,8.5,-4,-0.15215397433772418
2.2,2.1,9.600000000000001,8.5,-4,-0.1537713101238161
2.2,2.1,9.600000000000001,8.5,-4,-0.15476659368448803
2.1,2.0,9.600000000000001,8.5,-3,-0.15588628769024399
2.1,2.0,9.600000000000001,8.4,-3,-0.1570059816959999
2.1,2.0,9.3,8.4,-3,-0.15800126525667185
2.1,2.0,9.0,8.4,-1,-0.15862331748209185
2.0,2.0,8.700000000000001,8.4,0,-0.15899654881734382
2.0,1.9000000000000001,8.5,8.4,1,-0.1592453697075118
2.0,1.9000000000000001,8.5,8.4,1,-0.15936978015259579
2.0,1.9000000000000001,8.5,8.4,2,-0.1594941905976798
2.0,1.9000000000000001,8.5,8.200000000000001,3,-0.1594941905976798
2.0,1.9000000000000001,8.5,7.9,4,-0.1594941905976798
2.0,1.9000000000000001,8.5,7.7,5,-0.1596186010427638
1.9000000000000001,1.8,8.5,7.7,6,-0.1596186010427638
1.9000000000000001,1.8,8.1,7.7,6,-0.15974301148784778
1.9000000000000001,1.8,7.6000000000000005,7.7,7,-0.15974301148784778
1.9000000000000001,1.8,7.300000000000001,7.4,7,-0.15999183237801576
1.9000000000000001,1.8,7.0,7.0,7,-0.15999183237801576
1.9000000000000001,1.8,6.7,6.7,8,-0.15999183237801576
1.9000000000000001,1.8,6.4,6.4,10,-0.15999183237801576
1.9000000000000001,1.8,6.1000000000000005,6.1000000000000005,11,-0.15999183237801576
1.9000000000000001,1.8,5.800000000000001,5.9,11,-0.15999183237801576
1.9000000000000001,1.8,5.6000000000000005,5.6000000000000005,11,-0.15999183237801576
1.9000000000000001,1.8,5.300000000000001,5.300000000000001,12,-0.16011624282309975
1.9000000000000001,1.8,5.0,5.0,13,-0.16024065326818374
1.8,1.7000000000000002,4.800000000000001,4.800000000000001,13,-0.16024065326818374
1.8,1.7000000000000002,4.6000000000000005,4.6000000000000005,13,-0.16024065326818374
1.8,1.7000000000000002,4.4,4.5,14,-0.16036506371326775
1.8,1.7000000000000002,4.4,4.4,14,-0.16086270549360374
1.8,1.7000000000000002,4.4,4.3,15,-0.1611115263837717
1.8,1.7000000000000002,4.4,4.3,15,-0.16148475771902368
1.8,1.7000000000000002,4.4,4.3,15,-0.16185798905427567
1.8,1.7000000000000002,4.4,4.3,17,-0.16272886216986363
1.8,1.7000000000000002,4.4,4.3,18,-0.16384855617561958
1.8,1.7000000000000002,4.4,4.3,22,-0.1655903024067955
1.8,1.7000000000000002,4.4,4.3,25,-0.16733204863797138
1.8,1.7000000000000002,4.4,4.3,26,-0.16857615308881133
1.8,1.7000000000000002,4.4,4.3,27,-0.16957143664948326
1.8,1.7000000000000002,4.2,4.2,28,-0.17006907842981922
1.8,1.7000000000000002,3.8000000000000003,3.8000000000000003,31,-0.17006907842981922
1.8,1.7000000000000002,3.6,3.6,34,-0.17019348887490324
1.8,1.7000000000000002,3.3000000000000003,3.3000000000000003,36,-0.17019348887490324
1.8,1.7000000000000002,3.0,3.0,39,-0.17031789931998725
1.8,1.7000000000000002,2.8000000000000003,2.8000000000000003,41,-0.17031789931998725
1.8,1.7000000000000002,2.6,2.6,44,-0.17031789931998725
1.8,1.7000000000000002,2.5,2.5,49,-0.17031789931998725
1.8,1.7000000000000002,2.4000000000000004,2.4000000000000004,53,-0.17031789931998725
1.7000000000000002,1.6,2.3000000000000003,2.3000000000000003,54,-0.17019348887490324
1.7000000000000002,1.6,2.2,2.2,57,-0.17019348887490324
1.7000000000000002,1.6,2.1,2.1,59,-0.17019348887490324
1.6,1.5,1.9000000000000001,1.9000000000000001,65,-0.17019348887490324
1.6,1.5,1.8,1.8,72,-0.17019348887490324
1.5,1.4000000000000001,1.7000000000000002,1.7000000000000002,75,-0.17019348887490324
1.4000000000000001,1.4000000000000001,1.6,1.6,78,-0.17019348887490324
1.3,1.3,1.5,1.5,81,-0.17019348887490324
1.2000000000000002,1.2000000000000002,1.4000000000000001,1.4000000000000001,84,-0.17031789931998725
1.1,1.1,1.3,1.3,90,-0.17069113065523922
1.0,1.0,1.1,1.1,95,-0.1709399515454072
0.9,0.9,1.0,1.0,97,-0.1713131828806592
0.8,0.8,0.9,0.9,99,-0.1714375933257432
0.8,0.8,0.9,0.9,100,-0.17181082466099515
0.8,0.7000000000000001,0.8,0.8,104,-0.17193523510607917
0.7000000000000001,0.7000000000000001,0.8,0.8,107,-0.17230846644133113
0.7000000000000001,0.7000000000000001,0.7000000000000001,0.7000000000000001,107,-0.17280610822166712
0.7000000000000001,0.7000000000000001,0.7000000000000001,0.7000000000000001,108,-0.17355257089217105
0.7000000000000001,0.7000000000000001,0.7000000000000001,0.7000000000000001,109,-0.17380139178233908
0.7000000000000001,0.6000000000000001,0.6000000000000001,0.6000000000000001,110,-0.17429903356267504
0.6000000000000001,0.6000000000000001,0.6000000000000001,0.6000000000000001,111,-0.17479667534301102
0.6000000000000001,0.6000000000000001,0.6000000000000001,0.6000000000000001,114,-0.17516990667826302
0.6000000000000001,0.6000000000000001,0.5,0.5,115,-0.17516990667826302
0.6000000000000001,0.6000000000000001,0.5,0.5,114,-0.17516990667826302
0.6000000000000001,0.5,0.5,0.5,113,-0.17516990667826302
0.5,0.5,0.5,0.5,114,-0.17529431712334698
0.5,0.5,0.4,0.4,117,-0.17529431712334698
0.5,0.5,0.4,0.4,121,-0.175418727568431
0.5,0.5,0.4,0.4,124,-0.175418727568431
0.5,0.5,0.4,0.4,127,-0.175418727568431
0.5,0.5,0.4,0.4,128,-0.175418727568431
0.4,0.4,0.30000000000000004,0.30000000000000004,128,-0.175418727568431
0.4,0.4,0.30000000000000004,0.30000000000000004,130,-0.175418727568431
0.4,0.4,0.30000000000000004,0.30000000000000004,132,-0.17554313801351498
0.4,0.4,0.30000000000000004,0.30000000000000004,132,-0.17554313801351498
0.4,0.4,0.30000000000000004,0.30000000000000004,133,-0.17566754845859894
0.4,0.4,0.30000000000000004,0.30000000000000004,135,-0.17579195890368296
0.4,0.4,0.30000000000000004,0.30000000000000004,138,-0.17591636934876692
0.4,0.4,0.2,0.2,139,-0.17591636934876692
0.30000000000000004,0.30000000000000004,0.2,0.2,140,-0.17604077979385094
0.30000000000000004,0.30000000000000004,0.2,0.2,142,-0.17616519023893495
0.30000000000000004,0.30000000000000004,0.2,0.2,145,-0.17641401112910293
0.30000000000000004,0.30000000000000004,0.2,0.2,147,-0.17653842157418692
0.30000000000000004,0.30000000000000004,0.2,0.2,147,-0.1766628320192709
0.30000000000000004,0.30000000000000004,0.2,0.2,147,-0.1767872424643549
0.30000000000000004,0.30000000000000004,0.2,0.2,144,-0.17703606335452288
0.30000000000000004,0.30000000000000004,0.2,0.2,143,-0.17740929468977487
0.30000000000000004,0.30000000000000004,0.1,0.1,142,-0.17803134691519484
0.30000000000000004,0.30000000000000004,0.1,0.1,141,-0.1787778095856988
0.30000000000000004,0.2,0.1,0.1,141,-0.17977309314637074
0.2,0.2,0.1,0.1,141,-0.18039514537179072
0.2,0.2,0.1,0.1,143,-0.1808927871521267
0.2,0.2,0.1,0.1,146,-0.18151483937754667
0.2,0.2,0.1,0.1,147,-0.18226130204805063
0.2,0.2,0.1,0.1,147,-0.1827589438283866
0.2,0.2,0.1,0.1,147,-0.18375422738905856
0.2,0.2,0.1,0.2,147,-0.1846251005046465
0.2,0.2,0.1,0.30000000000000004,146,-0.18549597362023443
0.2,0.2,0.1,0.30000000000000004,146,-0.18611802584565443
0.2,0.2,0.1,0.30000000000000004,147,-0.18686448851615836
0.2,0.2,0.1,0.30000000000000004,150,-0.18723771985141036
0.2,0.2,0.1,0.30000000000000004,152,-0.18723771985141036
0.2,0.2,0.1,0.30000000000000004,152,-0.18736213029649437
0.2,0.2,0.1,0.30000000000000004,153,-0.18736213029649437
0.2,0.2,0.1,0.2,154,-0.18736213029649437
0.2,0.1,0.1,0.30000000000000004,158,-0.18736213029649437
0.1,0.1,0.0,0.4,160,-0.18748654074157836
0.1,0.1,0.0,0.4,160,-0.18761095118666235
0.1,0.1,0.0,0.6000000000000001,160,-0.18761095118666235
0.1,0.1,0.0,0.7000000000000001,161,-0.18773536163174634
0.1,0.1,0.0,0.7000000000000001,161,-0.18773536163174634
0.1,0.1,0.0,0.8,161,-0.18773536163174634
0.1,0.1,0.0,0.8,162,-0.18785977207683036
0.1,0.1,0.0,0.8,163,-0.1883574138571663
0.1,0.1,0.0,0.9,163,-0.1886062347473343
0.1,0.1,0.0,0.9,163,-0.18910387652767027
0.1,0.1,0.0,0.9,163,-0.18947710786292227
0.1,0.1,0.0,0.9,164,-0.1903479809785102
0.1,0.1,0.0,0.9,164,-0.19121885409409817
0.1,0.1,0.0,0.9,165,-0.19246295854493808
0.1,0.1,0.0,1.0,165,-0.19345824210561005
0.1,0.1,0.0,1.0,165,-0.19457793611136598
0.1,0.1,0.0,0.9,166,-0.19544880922695393
0.1,0.1,0.0,0.9,165,-0.19644409278762587
0.1,0.1,0.0,0.8,166,-0.19681732412287786
0.1,0.1,0.0,0.8,166,-0.19706614501304587
0.1,0.1,0.0,0.7000000000000001,167,-0.19743937634829786
0.1,0.1,0.0,0.7000000000000001,167,-0.1981858390188018
0.1,0.1,0.0,0.7000000000000001,167,-0.19868348079913778
0.1,0.1,0.0,0.6000000000000001,167,-0.19893230168930576
0.1,0.1,0.0,0.6000000000000001,166,-0.19893230168930576
0.1,0.1,0.0,0.6000000000000001,164,-0.19905671213438977
0.1,0.1,0.0,0.6000000000000001,162,-0.19905671213438977
0.1,0.1,0.0,0.5,160,-0.19905671213438977
0.1,0.1,0.0,0.5,149,-0.19905671213438977
0.1,0.1,0.0,0.5,145,-0.19918112257947376
0.1,0.0,0.0,0.5,142,-0.19918112257947376
0.0,0.0,0.0,0.4,135,-0.19918112257947376
0.0,0.0,0.0,0.4,134,-0.19918112257947376
0.0,0.0,0.0,0.4,133,-0.19918112257947376
0.0,0.0,0.0,0.4,130,-0.19930553302455775
0.0,0.0,0.0,0.4,126,-0.19930553302455775
0.0,0.0,0.0,0.30000000000000004,127,-0.19930553302455775
0.0,0.0,0.0,0.30000000000000004,127,-0.19930553302455775
0.0,0.0,0.0,0.30000000000000004,123,-0.19930553302455775
0.0,0.0,0.0,0.30000000000000004,124,-0.19930553302455775
0.0,0.0,0.0,0.30000000000000004,126,-0.19930553302455775
0.0,0.0,0.0,0.30000000000000004,126,-0.19930553302455775
0.0,0.0,0.0,0.2,123,-0.19930553302455775
0.0,0.0,0.0,0.2,125,-0.19930553302455775
0.0,0.0,0.0,0.2,126,-0.19918112257947376
0.0,0.0,0.0,0.2,124,-0.19918112257947376
0.0,0.0,0.0,0.2,125,-0.19918112257947376
0.0,0.0,0.0,0.2,126,-0.19918112257947376
0.0,0.0,0.0,0.2,127,-0.19918112257947376
0.0,0.0,0.0,0.2,126,-0.19918112257947376
0.0,0.0,0.0,0.2,128,-0.19905671213438977
0.0,0.0,0.0,0.2,130,-0.19905671213438977
0.0,0.0,0.0,0.1,130,-0.1988078912442218
0.0,0.0,0.0,0.1,131,-0.1988078912442218
0.0,0.0,0.0,0.1,133,-0.19868348079913778
0.0,0.0,0.0,0.1,133,-0.19855907035405376
0.0,0.0,0.0,0.1,132,-0.1980614285737178
0.0,0.0,0.0,0.1,135,-0.19756378679338182
0.0,0.0,0.0,0.1,136,-0.19706614501304587
0.0,0.0,0.0,0.1,136,-0.19706614501304587
0.0,0.0,0.0,0.1,135,-0.19681732412287786
0.0,0.0,0.0,0.1,136,-0.19656850323270988
0.0,0.0,0.0,0.1,136,-0.19569763011712193
0.0,0.0,0.0,0.1,135,-0.19495116744661797
0.0,0.0,0.0,0.1,136,-0.19395588388594603
0.0,0.0,0.0,0.1,137,-0.19320942121544207
0.0,0.0,0.0,0.1,136,-0.1923385480998541
0.0,0.0,0.0,0.1,138,-0.19159208542935016
0.0,0.0,0.0,0.1,138,-0.1908456227588462
0.0,0.0,0.0,0.1,139,-0.19022357053342623
0.0,0.0,0.0,0.1,140,-0.1892282869727543
0.0,0.0,0.0,0.0,140,-0.1883574138571663
0.0,0.0,0.0,0.0,141,-0.18723771985141036
0.0,0.0,0.0,0.0,141,-0.18611802584565443
0.0,0.0,0.0,0.0,141,-0.18487392139481448
0.0,0.0,0.0,0.0,140,-0.18400304827922653
0.0,0.0,0.0,0.0,140,-0.1827589438283866
0.0,0.0,0.0,0.0,139,-0.18188807071279864
0.0,0.0,0.0,0.0,141,-0.18076837670704268
0.0,0.0,0.0,0.0,140,-0.17977309314637074
0.0,0.0,0.0,0.0,141,-0.17815575736027883
0.0,0.0,0.0,0.0,140,-0.1771604737996069
0.0,0.0,0.0,0.0,141,-0.17616519023893495
0.0,0.0,0.0,0.0,141,-0.17516990667826302
0.0,0.0,0.0,0.0,140,-0.17405021267250706
0.0,0.0,0.0,0.0,140,-0.17317933955691908
0.0,0.0,0.0,0.0,141,-0.17205964555116315
0.0,0.0,0.0,0.0,140,-0.17118877243557518
0.0,0.0,0.0,0.0,141,-0.16982025753965124
0.0,0.0,0.0,0.0,140,-0.16857615308881133
0.0,0.0,0.0,0.0,141,-0.16733204863797138
0.0,0.0,0.0,0.0,140,-0.16658558596746745
0.0,0.0,0.0,0.0,140,-0.1654658919617115
0.0,0.0,0.0,0.0,140,-0.16471942929120753
0.0,0.0,0.0,0.0,141,-0.16372414573053556
0.0,0.0,0.0,0.0,141,-0.16285327261494764
0.0,0.0,0.0,0.0,147,-0.16185798905427567
0.0,0.0,0.0,0.0,145,-0.16098711593868772
0.0,0.0,0.0,0.0,146,-0.15974301148784778
0.0,0.0,0.0,0.0,148,-0.15887213837225983
0.0,0.0,0.0,0.0,152,-0.1575036234763359
0.0,0.0,0.0,0.0,150,-0.15625951902549598
0.0,0.0,0.0,0.0,151,-0.15464218323940404
0.0,0.0,0.0,0.0,152,-0.1532736683434801
0.0,0.0,0.0,0.0,154,-0.15178074300247218
0.0,0.0,0.0,0.0,155,-0.15041222810654828
0.0,0.0,0.0,0.0,154,-0.14904371321062435
0.0,0.0,0.0,0.0,155,-0.1479240192048684
0.0,0.0,0.0,0.0,155,-0.14680432519911246
0.0,0.0,0.0,0.0,156,-0.1458090416384405
0.0,0.0,0.0,0.0,155,-0.14456493718760055
0.0,0.0,0.0,0.0,155,-0.14344524318184462
0.0,0.0,0.0,0.0,157,-0.1419523178408367
0.0,0.0,0.0,0.0,156,-0.14083262383508077
0.0,0.0,0.0,0.0,159,-0.1398373402744088
0.0,0.0,0.0,0.0,159,-0.13921528804898883
0.0,0.0,0.0,0.0,158,-0.1379711835981489
0.0,0.0,0.0,0.0,157,-0.13697590003747695
0.0,0.0,0.0,0.0,157,-0.13585620603172102
0.0,0.0,0.0,0.0,159,-0.13473651202596507
0.0,0.0,0.0,0.0,158,-0.13336799713004113
0.0,0.0,0.0,0.0,158,-0.13175066134394922
0.0,0.0,0.0,0.0,160,-0.12976009422260532
0.0,0.0,0.0,0.0,158,-0.12776952710126144
0.0,0.0,0.0,0.0,159,-0.12565454953483354
0.0,0.0,0.0,0.0,161,-0.12391280330365761
0.0,0.0,0.0,0.0,159,-0.12217105707248171
0.0,0.0,0.0,0.0,159,-0.12105136306672577
0.0,0.0,0.0,0.0,161,-0.11980725861588583
0.0,0.0,0.0,0.0,159,-0.1184387437199619
0.0,0.0,0.0,0.0,160,-0.11694581837895399
0.0,0.0,0.0,0.0,161,-0.11532848259286207
0.0,0.0,0.0,0.0,161,-0.11383555725185414
0.0,0.0,0.0,0.0,160,-0.1124670423559302
0.0,0.0,0.0,0.0,162,-0.11147175879525827
0.0,0.0,0.0,0.0,160,-0.11072529612475429
0.0,0.0,0.0,0.0,162,-0.11035206478950232
0.0,0.0,0.0,0.0,164,-0.10985442300916635
0.0,0.0,0.0,0.0,163,-0.1087347290034104
0.0,0.0,0.0,0.0,163,-0.10749062455257047
0.0,0.0,0.0,0.0,164,-0.10562446787631057
0.0,0.0,0.0,0.0,165,-0.10388272164513465
0.0,0.0,0.0,0.0,167,-0.10201656496887475
0.0,0.0,0.0,0.0,166,-0.10015040829261485
0.0,0.0,0.0,0.0,166,-0.09815984117127095
0.0,0.0,0.0,0.0,167,-0.09641809494009504
0.0,0.0,0.0,0.0,168,-0.09405429648349917
0.0,0.0,0.0,0.0,169,-0.09231255025232325
0.0,0.0,0.0,0.0,168,-0.09032198313097936
0.0,0.0,0.0,0.0,169,-0.08845582645471946
0.0,0.0,0.0,0.0,171,-0.08646525933337555
0.0,0.0,0.0,0.0,171,-0.08435028176694766
0.0,0.0,0.0,0.0,173,-0.08235971464560377
0.0,0.0,0.0,0.0,173,-0.08074237885951184
0.0,0.0,0.0,0.0,175,-0.07900063262833593
0.0,0.0,0.0,0.0,174,-0.07750770728732802
0.0,0.0,0.0,0.0,175,-0.07601478194632008
0.0,0.0,0.0,0.0,175,-0.07439744616022817
0.0,0.0,0.0,0.0,177,-0.07240687903888426
0.0,0.0,0.0,0.0,178,-0.07066513280770836
0.0,0.0,0.0,0.0,180,-0.06904779702161645
0.0,0.0,0.0,0.0,180,-0.06767928212569252
0.0,0.0,0.0,0.0,181,-0.06631076722976859
0.0,0.0,0.0,0.0,182,-0.06506666277892866
0.0,0.0,0.0,0.0,183,-0.06307609565758475
0.0,0.0,0.0,0.0,186,-0.06133434942640885
0.0,0.0,0.0,0.0,185,-0.059468192750148946
0.0,0.0,0.0,0.0,187,-0.057602036073889036
0.0,0.0,0.0,0.0,187,-0.0562335211779651
0.0,0.0,0.0,0.0,189,-0.05523823761729316
0.0,0.0,0.0,0.0,191,-0.0543673645017052
0.0,0.0,0.0,0.0,190,-0.053745312276285234
0.0,0.0,0.0,0.0,193,-0.05312326005086527
0.0,0.0,0.0,0.0,195,-0.0523767973803613
0.0,0.0,0.0,0.0,196,-0.051630334709857346
0.0,0.0,0.0,0.0,197,-0.05075946159426939
0.0,0.0,0.0,0.0,198,-0.04963976758851344
0.0,0.0,0.0,0.0,199,-0.048768894472925484
0.0,0.0,0.0,0.0,200,-0.04777361091225354
0.0,0.0,0.0,0.0,199,-0.0467783273515816
0.0,0.0,0.0,0.0,205,-0.04565863334582565
0.0,0.0,0.0,0.0,205,-0.04429011844990172
0.0,0.0,0.0,0.0,208,-0.043046013999061786
0.0,0.0,0.0,0.0,213,-0.04142867821296987
0.0,0.0,0.0,0.0,211,-0.03943811109162597
0.0,0.0,0.0,0.0,212,-0.037571954415366066
0.0,0.0,0.0,0.0,213,-0.03458610373335022
0.0,0.0,0.0,0.0,217,-0.03197348438658636
0.0,0.0,0.0,0.0,219,-0.02936086503982249
0.0,0.0,0.0,0.0,226,-0.027867939698814567
0.0,0.0,0.0,0.0,227,-0.026375014357806644
0.0,0.0,0.0,0.0,230,-0.025379730797134695
0.0,0.0,0.0,0.0,234,-0.02426003679137875
0.0,0.0,0.0,0.0,237,-0.023015932340538815
0.0,0.0,0.0,0.0,245,-0.021523006999530893
0.0,0.0,0.0,0.0,245,-0.019781260768354982
0.0,0.0,0.0,0.0,250,-0.01803951453717907
0.0,0.0,0.0,0.0,255,-0.016795410086339134
0.0,0.0,0.0,0.0,257,-0.016048947415835173
0.0,0.0,0.0,0.0,259,-0.015800126525667188
0.0,0.0,0.0,0.0,266,-0.015800126525667188
0.0,0.0,0.0,0.0,270,-0.015800126525667188
0.0,0.0,0.0,0.0,257,-0.015800126525667188
0.0,0.0,0.0,0.0,277,-0.015551305635499202
0.0,0.0,0.0,0.0,257,-0.014929253410079233
0.0,0.0,0.0,0.0,266,-0.014431611629743258
0.0,0.0,0.0,0.0,291,-0.013933969849407283
0.0,0.0,0.0,0.0,268,-0.013685148959239297
0.0,0.0,0.0,0.0,276,-0.013685148959239297
0.0,0.0,0.0,0.0,295,-0.01380955940432329
0.0,0.0,0.0,0.0,279,-0.01380955940432329
0.0,0.0,0.0,0.0,304,-0.013685148959239297
0.0,0.0,0.0,0.0,310,-0.013685148959239297
0.0,0.0,0.0,0.0,291,-0.013436328069071309
0.0,0.0,0.0,0.0,315,-0.013187507178903322
0.0,0.0,0.0,0.0,295,-0.013063096733819328
0.0,0.0,0.0,0.0,300,-0.01281427584365134
0.0,0.0,0.0,0.0,327,-0.01244104450839936
0.0,0.0,0.0,0.0,307,-0.012067813173147379
0.0,0.0,0.0,0.0,327,-0.011818992282979392
0.0,0.0,0.0,0.0,336,-0.01144576094772741
0.0,0.0,0.0,0.0,316,-0.010948119167391438
0.0,0.0,0.0,0.0,343,-0.010201656496887474
0.0,0.0,0.0,0.0,316,-0.009455193826383514
0.0,0.0,0.0,0.0,343,-0.008833141600963546
0.0,0.0,0.0,0.0,345,-0.008459910265711565
0.0,0.0,0.0,0.0,319,-0.008086678930459584
0.0,0.0,0.0,0.0,344,-0.00758903715012361
0.0,0.0,0.0,0.0,316,-0.007215805814871629
0.0,0.0,0.0,0.0,323,-0.006966984924703642
0.0,0.0,0.0,0.0,346,-0.006344932699283674
0.0,0.0,0.0,0.0,320,-0.0058472909189477
0.0,0.0,0.0,0.0,345,-0.005474059583695719
0.0,0.0,0.0,0.0,318,-0.005100828248443737
0.0,0.0,0.0,0.0,321,-0.005100828248443737
0.0,0.0,0.0,0.0,351,-0.005100828248443737
0.0,0.0,0.0,0.0,324,-0.004976417803359744
0.0,0.0,0.0,0.0,345,-0.005100828248443737
0.0,0.0,0.0,0.0,318,-0.005100828248443737
0.0,0.0,0.0,0.0,323,-0.005100828248443737
0.0,0.0,0.0,0.0,348,-0.005100828248443737
0.0,0.0,0.0,0.0,320,-0.005100828248443737
0.0,0.0,0.0,0.0,342,-0.005100828248443737
0.0,0.0,0.0,0.0,316,-0.005349649138611724
0.0,0.0,0.0,0.0,320,-0.005349649138611724
0.0,0.0,0.0,0.0,346,-0.005349649138611724
0.0,0.0,0.0,0.0,323,-0.005349649138611724
0.0,0.0,0.0,0.0,343,-0.005474059583695719
0.0,0.0,0.0,0.0,314,-0.0058472909189477
0.0,0.0,0.0,0.0,337,-0.0060961118091156855
0.0,0.0,0.0,0.0,340,-0.005971701364031692
0.0,0.0,0.0,0.0,314,-0.005971701364031692
0.0,0.0,0.0,0.0,338,-0.0060961118091156855
0.0,0.0,0.0,0.0,313,-0.00622052225419968
0.0,0.0,0.0,0.0,336,-0.00622052225419968
0.0,0.0,0.0,0.0,317,-0.00622052225419968
0.0,0.0,0.0,0.0,320,-0.006593753589451661
0.0,0.0,0.0,0.0,341,-0.006966984924703642
0.0,0.0,0.0,0.0,314,-0.007340216259955622
0.0,0.0,0.0,0.0,338,-0.007713447595207603
0.0,0.0,0.0,0.0,315,-0.007837858040291598
0.0,0.0,0.0,0.0,337,-0.00796226848537559
0.0,0.0,0.0,0.0,339,-0.00796226848537559
0.0,0.0,0.0,0.0,317,-0.00796226848537559
0.0,0.0,0.0,0.0,339,-0.00796226848537559
0.0,0.0,0.0,0.0,313,-0.008086678930459584
0.0,0.0,0.0,0.0,336,-0.00833549982062757
0.0,0.0,0.0,0.0,312,-0.008459910265711565
0.0,0.0,0.0,0.0,313,-0.008584320710795559
0.0,0.0,0.0,0.0,338,-0.008584320710795559
0.0,0.0,0.0,0.0,323,-0.008833141600963546
0.0,0.0,0.0,0.0,337,-0.008833141600963546
0.0,0.0,0.0,0.0,325,-0.008833141600963546
0.0,0.0,0.0,0.0,335,-0.008833141600963546
0.0,0.0,0.0,0.0,324,-0.008833141600963546
0.0,0.0,0.0,0.0,321,-0.008833141600963546
0.0,0.0,0.0,0.0,332,-0.008833141600963546
0.0,0.0,0.0,0.0,322,-0.008833141600963546
0.0,0.0,0.0,0.0,333,-0.008833141600963546
0.0,0.0,0.0,0.0,322,-0.008708731155879551
0.0,0.0,0.0,0.0,332,-0.008708731155879551
0.0,0.0,0.0,0.0,319,-0.008584320710795559
0.0,0.0,0.0,0.0,330,-0.00833549982062757
0.0,0.0,0.0,0.0,331,-0.008086678930459584
0.0,0.0,0.0,0.0,317,-0.00796226848537559
0.0,0.0,0.0,0.0,331,-0.007837858040291598
0.0,0.0,0.0,0.0,317,-0.007713447595207603
0.0,0.0,0.0,0.0,331,-0.007340216259955622
0.0,0.0,0.0,0.0,316,-0.006966984924703642
0.0,0.0,0.0,0.0,328,-0.006718164034535654
0.0,0.0,0.0,0.0,314,-0.006469343144367668
0.0,0.0,0.0,0.0,313,-0.0058472909189477
0.0,0.0,0.0,0.0,324,-0.005100828248443737
0.0,0.0,0.0,0.0,313,-0.0042299551328557825
0.0,0.0,0.0,0.0,326,-0.003234671572183834
0.0,0.0,0.0,0.0,314,-0.0023637984565958786
0.0,0.0,0.0,0.0,325,-0.001617335786091917
0.0,0.0,0.0,0.0,311,-0.0008708731155879552
0.0,0.0,0.0,0.0,322,0.0
0.0,0.0,0.0,0.0,307,0.000622052225419968
0.0,0.0,0.0,0.0,320,0.001492925341007923
0.0,0.0,0.0,0.0,318,0.0023637984565958786
0.0,0.0,0.0,0.0,306,0.003359082017267827
0.0,0.0,0.0,0.0,319,0.003981134242687795
0.0,0.0,0.0,0.0,306,0.004603186468107763
0.0,0.0,0.0,0.0,317,0.005225238693527731
0.0,0.0,0.0,0.0,305,0.005598470028779712
0.0,0.0,0.0,0.0,316,0.0060961118091156855
0.0,0.0,0.0,0.0,304,0.006469343144367668
0.0,0.0,0.0,0.0,316,0.006842574479619648
0.0,0.0,0.0,0.0,304,0.007464626705039616
0.0,0.0,0.0,0.0,314,0.008086678930459584
0.0,0.0,0.0,0.0,301,0.00895755204604754
0.0,0.0,0.0,0.0,300,0.009579604271467507
0.0,0.0,0.0,0.0,298,0.010450477387055462
0.0,0.0,0.0,0.0,301,0.011196940057559423
0.0,0.0,0.0,0.0,295,0.011943402728063384
0.0,0.0,0.0,0.0,301,0.012565454953483353
0.0,0.0,0.0,0.0,294,0.013187507178903322
0.0,0.0,0.0,0.0,296,0.013933969849407283
0.0,0.0,0.0,0.0,307,0.014680432519911244
0.0,0.0,0.0,0.0,295,0.015426895190415206
0.0,0.0,0.0,0.0,305,0.016422178751087157
0.0,0.0,0.0,0.0,297,0.01729305186667511
0.0,0.0,0.0,0.0,306,0.01828833542734706
0.0,0.0,0.0,0.0,295,0.019159208542935013
0.0,0.0,0.0,0.0,305,0.020154492103606963
0.0,0.0,0.0,0.0,296,0.020900954774110924
0.0,0.0,0.0,0.0,306,0.02202064877986687
0.0,0.0,0.0,0.0,294,0.02314034278562281
0.0,0.0,0.0,0.0,298,0.024011215901210765
0.0,0.0,0.0,0.0,290,0.025006499461882714
0.0,0.0,0.0,0.0,294,0.026001783022554664
0.0,0.0,0.0,0.0,290,0.0272458874733946
0.0,0.0,0.0,0.0,294,0.02811676058898255
0.0,0.0,0.0,0.0,289,0.028614402369318528
0.0,0.0,0.0,0.0,293,0.02898763370457051
0.0,0.0,0.0,0.0,289,0.029609685929990474
0.0,0.0,0.0,0.0,290,0.03035614860049444
0.0,0.0,0.0,0.0,288,0.031102611270998403
0.0,0.0,0.0,0.0,295,0.031600253051334376
0.0,0.0,0.0,0.0,298,0.032097894831670346
0.0,0.0,0.0,0.0,294,0.032844357502174314
0.0,0.0,0.0,0.0,296,0.03371523061776227
0.0,0.0,0.0,0.0,292,0.034337282843182236
0.0,0.0,0.0,0.0,296,0.03458610373335022
0.0,0.0,0.0,0.0,291,0.03458610373335022
0.0,0.0,0.0,0.0,294,0.03458610373335022
0.0,0.0,0.0,0.0,290,0.034834924623518206
0.0,0.0,0.0,0.0,293,0.03545697684893818
0.0,0.0,0.0,0.0,288,0.03657667085469412
0.0,0.0,0.0,0.0,291,0.03782077530553406
0.0,0.0,0.0,0.0,288,0.038816058866206
0.0,0.0,0.0,0.0,291,0.03931370064654198
0.0,0.0,0.0,0.0,287,0.039189290201457984
0.0,0.0,0.0,0.0,290,0.039189290201457984
0.0,0.0,0.0,0.0,287,0.039189290201457984
0.0,0.0,0.0,0.0,289,0.03931370064654198
0.0,0.0,0.0,0.0,285,0.03943811109162597
0.0,0.0,0.0,0.0,287,0.040060163317045934
0.0,0.0,0.0,0.0,283,0.040682215542465906
0.0,0.0,0.0,0.0,286,0.04117985732280188
0.0,0.0,0.0,0.0,282,0.04142867821296987
0.0,0.0,0.0,0.0,284,0.04142867821296987
0.0,0.0,0.0,0.0,281,0.04142867821296987
0.0,0.0,0.0,0.0,283,0.04167749910313785
0.0,0.0,0.0,0.0,280,0.04205073043838984
0.0,0.0,0.0,0.0,282,0.04254837221872581
0.0,0.0,0.0,0.0,278,0.043419245334313766
0.0,0.0,0.0,0.0,283,0.0446633497851537
0.0,0.0,0.0,0.0,279,0.04590745423599364
0.0,0.0,0.0,0.0,280,0.046653916906497596
0.0,0.0,0.0,0.0,277,0.0467783273515816
0.0,0.0,0.0,0.0,279,0.04690273779666559
0.0,0.0,0.0,0.0,276,0.04702714824174958
0.0,0.0,0.0,0.0,277,0.04740037957700156
0.0,0.0,0.0,0.0,273,0.04777361091225354
0.0,0.0,0.0,0.0,267,0.04777361091225354
0.0,0.0,0.0,0.0,274,0.04802243180242153
0.0,0.0,0.0,0.0,266,0.048644484027841495
0.0,0.0,0.0,0.0,269,0.04901771536309348
0.0,0.0,0.0,0.0,267,0.04901771536309348
0.0,0.0,0.0,0.0,268,0.04901771536309348
0.0,0.0,0.0,0.0,266,0.04926653625326147
0.0,0.0,0.0,0.0,267,0.04963976758851344
0.0,0.0,0.0,0.0,264,0.05026181981393341
0.0,0.0,0.0,0.0,269,0.050883872039353385
0.0,0.0,0.0,0.0,265,0.051630334709857346
0.0,0.0,0.0,0.0,268,0.052625618270529285
0.0,0.0,0.0,0.0,267,0.05386972272136923
0.0,0.0,0.0,0.0,270,0.05511382717220916
0.0,0.0,0.0,0.0,267,0.056731162958301086
0.0,0.0,0.0,0.0,268,0.05809967785422501
0.0,0.0,0.0,0.0,265,0.059592603195232935
0.0,0.0,0.0,0.0,267,0.06108552853624086
0.0,0.0,0.0,0.0,263,0.06257845387724878
0.0,0.0,0.0,0.0,266,0.06369814788300472
0.0,0.0,0.0,0.0,263,0.06469343144367667
0.0,0.0,0.0,0.0,266,0.06568871500434863
0.0,0.0,0.0,0.0,261,0.06655958811993658
0.0,0.0,0.0,0.0,258,0.06730605079044054
0.0,0.0,0.0,0.0,260,0.06792810301586051
0.0,0.0,0.0,0.0,257,0.06817692390602849
0.0,0.0,0.0,0.0,259,0.06817692390602849
0.0,0.0,0.0,0.0,255,0.06817692390602849
0.0,0.0,0.0,0.0,261,0.06817692390602849
0.0,0.0,0.0,0.0,258,0.06817692390602849
0.0,0.0,0.0,0.0,259,0.06830133435111248
0.0,0.0,0.0,0.0,257,0.06842574479619648
0.0,0.0,0.0,0.0,256,0.06867456568636447
0.0,0.0,0.0,0.0,256,0.06879897613144846
0.0,0.0,0.0,0.0,255,0.06879897613144846
0.0,0.0,0.0,0.0,254,0.06879897613144846
0.0,0.0,0.0,0.0,253,0.06879897613144846
0.0,0.0,0.0,0.0,253,0.06892338657653245
0.0,0.0,0.0,0.0,251,0.06917220746670044
0.0,0.0,0.0,0.0,250,0.06917220746670044
0.0,0.0,0.0,0.0,251,0.06917220746670044
0.0,0.0,0.0,0.0,251,0.06917220746670044
0.0,0.0,0.0,0.0,250,0.06917220746670044
0.0,0.0,0.0,0.0,250,0.06917220746670044
0.0,0.0,0.0,0.0,250,0.06904779702161645
0.0,0.0,0.0,0.0,249,0.06892338657653245
0.0,0.0,0.0,0.0,248,0.06892338657653245
0.0,0.0,0.0,0.0,247,0.06892338657653245
0.0,0.0,0.0,0.0,247,0.06892338657653245
0.0,0.0,0.0,0.0,248,0.06892338657653245
0.0,0.0,0.0,0.0,247,0.06892338657653245
0.0,0.0,0.0,0.0,246,0.06867456568636447
0.0,0.0,0.0,0.0,245,0.06867456568636447
0.0,0.0,0.0,0.0,244,0.06867456568636447
0.0,0.0,0.0,0.0,242,0.06867456568636447
0.0,0.0,0.0,0.0,241,0.06855015524128047
0.0,0.0,0.0,0.0,239,0.06855015524128047
0.0,0.0,0.0,0.0,236,0.06855015524128047
0.0,0.0,0.0,0.0,188,0.06855015524128047
0.0,0.0,0.0,0.0,187,0.06855015524128047
0.0,0.0,0.0,0.0,188,0.06855015524128047
0.0,0.0,0.0,0.0,189,0.06855015524128047
0.0,0.0,0.0,0.0,189,0.06855015524128047
0.0,0.0,0.0,0.0,189,0.06817692390602849
0.0,0.0,0.0,0.0,189,0.06767928212569252
0.0,0.0,0.0,0.0,188,0.06693281945518856
0.0,0.0,0.0,0.0,188,0.06631076722976859
0.0,0.0,0.0,0.0,188,0.06581312544943262
0.0,0.0,0.0,0.0,188,0.06519107322401264
0.0,0.0,0.0,0.0,173,0.06444461055350868
0.0,0.0,0.0,0.0,166,0.06382255832808872
0.0,0.0,0.0,0.0,153,0.06307609565758475
0.0,0.0,0.0,0.0,141,0.062205222541996806
0.0,0.0,0.0,0.0,117,0.06145875987149284
0.0,0.0,0.0,0.0,116,0.06096111809115686
0.0,0.0,0.0,0.0,76,0.06096111809115686
0.0,0.0,0.0,0.0,68,0.06096111809115686
0.0,0.0,0.0,0.0,55,0.06096111809115686
0.0,0.0,0.0,0.0,45,0.06096111809115686
0.0,0.0,0.0,0.0,38,0.06096111809115686
0.0,0.0,0.0,0.0,33,0.06096111809115686
0.0,0.0,0.0,0.0,-8,0.06108552853624086
0.0,0.0,0.0,0.0,-41,0.06108552853624086
0.0,0.0,0.0,0.0,-41,0.06108552853624086
0.0,0.0,0.0,0.0,-42,0.06108552853624086
0.2,0.2,0.0,0.0,-42,0.06108552853624086
0.30000000000000004,0.30000000000000004,0.0,0.0,-41,0.06108552853624086
0.2,0.2,0.0,0.0,-29,0.06108552853624086
0.4,0.4,0.0,0.0,-4,0.06108552853624086
0.4,0.4,0.0,0.0,7,0.06108552853624086
0.4,0.4,0.0,0.0,-7,0.061209938981324846
0.4,0.4,0.0,0.0,-21,0.061209938981324846
0.4,0.4,0.0,0.0,-14,0.061209938981324846
1.0,1.0,0.0,0.0,-7,0.06170758076166082
1.5,1.5,0.0,0.0,-6,0.06270286432233278
1.6,1.6,0.0,0.0,-6,0.06394696877317271
1.6,1.6,0.0,0.0,-6,0.06543989411418064
1.6,1.6,0.0,0.0,-24,0.06680840901010457
1.6,1.6,0.0,0.0,-24,0.06767928212569252
1.8,1.6,0.0,0.0,-24,0.06792810301586051
1.8,1.6,0.0,0.0,-32,0.06792810301586051
1.8,1.6,0.0,0.0,-38,0.06817692390602849
1.8,2.2,0.0,0.0,-31,0.06904779702161645
1.8,2.1,0.0,0.0,-18,0.0701674910273724
1.8,2.1,0.0,0.0,-11,0.07128718503312834
2.5,2.1,0.0,0.0,-10,0.0720336477036323
2.7,2.7,0.0,0.0,-10,0.07265569992905227
2.7,3.0,0.0,0.0,-24,0.07315334170938824
3.2,3.2,0.0,0.0,-37,0.07315334170938824
3.6,3.6,0.0,0.0,-18,0.07327775215447223
3.6,3.6,0.0,0.0,-12,0.0738998043798922
4.0,4.0,0.0,0.0,-11,0.07477067749548015
4.3,4.3,0.0,0.0,-10,0.07526831927581613
5.0,5.0,0.0,0.0,-24,0.0757659610561521
5.6000000000000005,5.6000000000000005,0.0,0.0,-18,0.07676124461682406
6.2,6.2,0.0,0.0,-12,0.077756528177496
6.6000000000000005,6.6000000000000005,0.0,0.0,-23,0.07862740129308396
7.5,7.5,0.0,0.0,-36,0.07912504307341993
7.5,7.5,0.0,0.0,-17,0.07949827440867191
7.0,7.0,0.0,0.0,-24,0.07987150574392389
6.5,6.5,0.0,0.0,-35,0.08036914752425986
6.4,6.4,0.0,0.0,-35,0.08061796841442785
4.9,4.9,0.0,0.0,-35,0.08074237885951184
4.5,4.5,0.0,0.0,-35,0.08111561019476382
4.2,4.2,0.0,0.0,-24,0.08136443108493181
4.5,4.5,0.0,0.0,-29,0.0814888415300158
4.7,4.7,0.0,0.0,-34,0.08198648331035177
4.9,4.9,0.0,0.2,-34,0.08273294598085575
5.1000000000000005,5.1000000000000005,0.0,0.7000000000000001,-24,0.08385263998661167
5.7,5.6000000000000005,0.5,1.3,-14,0.08472351310219964
6.4,6.2,1.1,2.2,-12,0.0854699757727036
6.2,5.9,2.6,4.0,-12,0.0858432071079556
7.0,6.7,3.6,4.800000000000001,-12,0.0858432071079556
7.0,7.4,4.5,7.5,-13,0.0858432071079556
8.1,7.4,7.0,8.1,-24,0.0858432071079556
8.1,8.4,7.9,11.0,-19,0.0858432071079556
8.1,8.4,10.700000000000001,14.100000000000001,-15,0.0858432071079556
10.9,10.0,10.100000000000001,11.0,-24,0.0858432071079556
10.9,10.0,7.7,14.200000000000001,-20,0.0858432071079556
10.9,11.5,6.0,17.7,-25,0.0858432071079556
13.600000000000001,11.5,5.4,14.5,-20,0.0857187966628716
13.600000000000001,12.9,4.9,17.900000000000002,-15,0.08534556532761961
13.600000000000001,12.9,4.9,18.8,-15,0.08484792354728364
13.600000000000001,14.200000000000001,4.9,19.0,-15,0.08397705043169569
16.400000000000002,14.200000000000001,4.9,15.600000000000001,-15,0.0833549982062757
16.400000000000002,15.600000000000001,4.9,18.7,-15,0.08260853553577176
16.400000000000002,15.600000000000001,4.9,18.7,-15,0.08223530420051978
16.400000000000002,16.8,4.6000000000000005,19.5,-15,0.0817376624201838
18.400000000000002,16.8,4.3,17.8,-15,0.08124002063984782
18.400000000000002,18.0,4.0,20.0,-19,0.08024473707917587
18.400000000000002,18.0,3.8000000000000003,20.0,-29,0.07900063262833593
19.700000000000003,19.0,3.6,19.3,-33,0.07750770728732802
20.400000000000002,20.1,3.4000000000000004,20.1,-33,0.0757659610561521
20.6,20.6,3.2,20.6,-24,0.0738998043798922
20.8,20.8,3.0,20.8,-24,0.07240687903888426
21.200000000000003,21.200000000000003,2.9000000000000004,21.200000000000003,-20,0.07054072236262438
21.200000000000003,21.200000000000003,2.9000000000000004,21.200000000000003,-21,0.06954543880195242
22.5,22.5,2.6,21.900000000000002,-16,0.06879897613144846
23.1,23.1,2.5,21.900000000000002,-15,0.06817692390602849
23.700000000000003,23.700000000000003,2.4000000000000004,21.900000000000002,-24,0.06743046123552454
24.3,24.3,2.3000000000000003,21.900000000000002,-28,0.06718164034535654
24.6,24.6,2.2,21.900000000000002,-32,0.06705722990027255
24.6,24.6,2.1,21.900000000000002,-32,0.06705722990027255
24.8,24.8,2.1,21.900000000000002,-25,0.06693281945518856
25.0,25.0,2.0,21.900000000000002,-19,0.06693281945518856
25.0,25.0,1.9000000000000001,21.900000000000002,-16,0.06680840901010457
25.400000000000002,25.400000000000002,1.9000000000000001,21.900000000000002,-16,0.06668399856502057
26.0,26.0,1.9000000000000001,21.900000000000002,-16,0.06655958811993658
26.400000000000002,26.400000000000002,1.9000000000000001,21.900000000000002,-16,0.06655958811993658
26.6,26.6,1.9000000000000001,21.900000000000002,-16,0.06631076722976859
26.8,26.8,1.9000000000000001,21.900000000000002,-17,0.0659375358945166
27.0,27.0,1.9000000000000001,21.900000000000002,-17,0.06519107322401264
27.0,27.0,1.9000000000000001,21.900000000000002,-17,0.06419578966334069
27.0,27.0,1.9000000000000001,21.900000000000002,-17,0.06257845387724878
27.200000000000003,27.200000000000003,1.9000000000000001,21.900000000000002,-17,0.06096111809115686
27.400000000000002,27.400000000000002,1.9000000000000001,21.900000000000002,-17,0.05934378230506495
27.6,27.6,1.9000000000000001,21.900000000000002,-18,0.05809967785422501
27.8,27.8,1.9000000000000001,21.900000000000002,-17,0.05747762562880505
28.0,28.0,1.9000000000000001,21.900000000000002,-17,0.05747762562880505
28.400000000000002,28.400000000000002,1.9000000000000001,21.900000000000002,-18,0.05747762562880505
28.400000000000002,28.400000000000002,1.9000000000000001,21.900000000000002,-18,0.05747762562880505
28.6,28.6,1.9000000000000001,21.900000000000002,-19,0.05747762562880505
28.8,28.8,1.9000000000000001,21.900000000000002,-19,0.05747762562880505
28.8,28.8,1.9000000000000001,21.900000000000002,-18,0.05747762562880505
29.200000000000003,29.200000000000003,1.9000000000000001,21.900000000000002,-18,0.05747762562880505
29.200000000000003,29.200000000000003,1.9000000000000001,21.900000000000002,-18,0.057602036073889036
29.1,29.1,1.9000000000000001,21.900000000000002,-19,0.057602036073889036
29.200000000000003,29.200000000000003,1.9000000000000001,21.900000000000002,-18,0.057602036073889036
29.200000000000003,29.200000000000003,1.9000000000000001,21.900000000000002,-18,0.05772644651897303
29.400000000000002,28.5,3.0,21.900000000000002,-19,0.05785085696405702
29.6,27.5,4.3,21.900000000000002,-19,0.05797526740914102
29.6,27.8,4.3,21.900000000000002,-19,0.05797526740914102
29.6,28.1,4.3,21.900000000000002,-19,0.05797526740914102
29.6,28.3,4.3,21.900000000000002,-19,0.05809967785422501
29.8,28.700000000000003,4.3,21.900000000000002,-20,0.05809967785422501
30.0,29.0,4.3,21.900000000000002,-19,0.05847290918947699
30.200000000000003,29.400000000000002,4.3,21.900000000000002,-20,0.05921937185998095
30.400000000000002,29.6,4.3,21.900000000000002,-20,0.059468192750148946
30.400000000000002,29.8,4.3,21.900000000000002,-20,0.059468192750148946
30.400000000000002,30.1,4.3,21.900000000000002,-19,0.059468192750148946
30.5,30.400000000000002,4.3,21.900000000000002,-20,0.0602146554206529
30.5,30.400000000000002,4.3,21.900000000000002,-19,0.061209938981324846
30.5,30.5,4.3,21.900000000000002,-19,0.06170758076166082
30.5,30.5,4.3,21.900000000000002,-19,0.06195640165182881
30.5,30.5,4.3,21.900000000000002,-19,0.062205222541996806
30.6,30.6,4.3,21.900000000000002,-19,0.06270286432233278
30.8,30.8,4.3,21.900000000000002,-20,0.06332491654775274
30.8,30.8,4.3,21.900000000000002,-19,0.06419578966334069
30.700000000000003,30.700000000000003,4.3,21.900000000000002,-19,0.06568871500434863
30.6,30.6,4.3,21.900000000000002,-19,0.06767928212569252
30.6,30.6,4.3,21.900000000000002,-19,0.06929661791178443
30.6,30.6,4.3,21.900000000000002,-18,0.07103836414296034
30.6,30.6,4.3,21.900000000000002,-19,0.07265569992905227
30.200000000000003,30.200000000000003,4.3,21.900000000000002,-19,0.07501949838564814
30.0,30.0,4.3,21.900000000000002,-19,0.07825416995783198
30.0,27.900000000000002,6.7,21.900000000000002,-18,0.08211089375543579
30.0,27.900000000000002,6.7,21.900000000000002,-19,0.08447469221203166
30.0,26.0,9.5,21.900000000000002,-18,0.08658966977845954
30.0,26.0,9.5,21.900000000000002,-18,0.08895346823505543
30.0,26.0,9.5,21.900000000000002,-19,0.0916904980269033
30.0,26.0,9.5,21.900000000000002,-19,0.09455193826383514
30.0,26.0,9.5,21.900000000000002,-19,0.09778660983601897
30.0,26.0,9.5,21.900000000000002,-19,0.09952835606719489
30.3,26.3,9.5,21.900000000000002,-18,0.1008968709631188
30.0,26.6,9.5,21.900000000000002,-18,0.10189215452379076
29.8,26.900000000000002,9.5,21.900000000000002,-19,0.10301184852954672
29.6,27.200000000000003,9.5,21.900000000000002,-19,0.10438036342547063
25.5,25.8,12.5,21.900000000000002,-19,0.10562446787631057
21.900000000000002,24.6,15.4,21.900000000000002,-19,0.10674416188206651
18.7,23.6,18.1,21.900000000000002,-19,0.10811267677799044
18.7,24.0,18.1,21.900000000000002,-19,0.11035206478950232
18.7,24.400000000000002,18.1,19.0,-19,0.11296468413626617
19.8,25.5,18.1,19.0,-19,0.11545289303794606
21.0,26.700000000000003,18.1,19.0,-20,0.11781669149454194
21.0,27.8,18.1,19.0,-19,0.11918520639046587
21.0,29.0,18.1,19.0,-19,0.11993166906096983
22.200000000000003,29.700000000000003,18.1,19.0,-18,0.12105136306672577
23.200000000000003,29.700000000000003,18.1,19.0,-16,0.12304193018806968
24.3,29.1,18.1,19.0,-16,0.12553013908974955
25.3,29.1,18.1,19.0,-17,0.12888922110701737
26.400000000000002,29.1,18.1,19.0,-17,0.13162625089886523
26.3,29.1,18.1,19.0,-18,0.13324358668495714
22.5,28.200000000000003,18.1,19.0,-16,0.13386563891037712
19.200000000000003,27.400000000000002,18.1,16.6,-18,0.1339900493554611
19.200000000000003,26.8,18.1,16.6,-18,0.13423887024562908
19.200000000000003,26.3,18.1,16.6,-17,0.13486092247104908
20.3,25.700000000000003,18.1,16.6,-18,0.135731795586637
21.5,25.0,18.1,16.6,-19,0.13647825825714097
21.5,25.0,18.1,16.6,-19,0.13747354181781293
21.5,23.700000000000003,15.600000000000001,16.6,-19,0.1377223627079809
21.5,23.0,15.600000000000001,16.6,-19,0.1377223627079809
22.700000000000003,23.200000000000003,15.600000000000001,16.6,-19,0.1377223627079809
23.8,22.3,15.600000000000001,16.6,-19,0.1377223627079809
22.6,21.5,15.600000000000001,16.6,-19,0.1378467731530649
21.6,20.700000000000003,15.600000000000001,16.6,-18,0.1379711835981489
20.700000000000003,20.700000000000003,11.700000000000001,14.4,-18,0.13846882537848487
19.900000000000002,21.6,11.700000000000001,14.4,-19,0.13921528804898883
19.1,20.400000000000002,11.700000000000001,14.4,-19,0.14045939249982878
19.1,19.400000000000002,11.700000000000001,14.4,-19,0.14232554917608867
19.1,18.5,11.700000000000001,14.4,-19,0.14456493718760055
19.1,18.5,11.700000000000001,14.4,-19,0.14643109386386047
18.0,18.5,11.700000000000001,14.4,-19,0.14804842964995238
17.2,18.5,11.700000000000001,14.4,-19,0.15028781766146426
16.400000000000002,17.5,11.700000000000001,14.4,-19,0.15265161611806016
13.200000000000001,16.5,11.700000000000001,14.4,-19,0.15489100412957205
11.100000000000001,15.600000000000001,11.700000000000001,14.0,-20,0.15688157125091592
9.4,14.9,11.700000000000001,14.0,-20,0.15825008614683986
9.4,14.3,11.700000000000001,13.600000000000001,-20,0.15874772792717584
9.4,13.8,11.700000000000001,13.3,-20,0.15974301148784778
9.4,11.3,11.700000000000001,13.100000000000001,-21,0.1612359368288557
9.4,10.5,12.200000000000001,12.9,-21,0.16248004127969565
9.4,10.5,12.200000000000001,12.700000000000001,-21,0.16272886216986363
8.1,9.4,12.200000000000001,12.5,-21,0.16248004127969565
7.1000000000000005,8.8,12.100000000000001,12.3,-21,0.16235563083461166
6.2,8.8,12.0,12.200000000000001,-21,0.16235563083461166
5.800000000000001,8.1,11.9,12.100000000000001,-19,0.16248004127969565
5.800000000000001,7.5,11.8,11.9,-19,0.16235563083461166
7.1000000000000005,7.0,11.600000000000001,8.700000000000001,-19,0.16235563083461166
6.5,6.5,11.5,10.200000000000001,-20,0.16223122038952764
5.9,5.9,11.4,12.200000000000001,-20,0.16223122038952764
5.6000000000000005,5.7,11.200000000000001,12.200000000000001,-20,0.16223122038952764
5.300000000000001,5.300000000000001,11.0,11.700000000000001,-20,0.16185798905427567
5.0,5.0,10.9,11.4,-20,0.16198239949935966
4.7,4.800000000000001,10.700000000000001,11.100000000000001,-21,0.16198239949935966
4.5,4.6000000000000005,10.5,10.8,-21,0.16198239949935966
4.3,4.4,7.800000000000001,10.5,-21,0.16198239949935966
4.1000000000000005,4.2,6.0,10.3,-21,0.16210680994444365
4.0,4.0,6.0,10.100000000000001,-21,0.16210680994444365
3.8000000000000003,3.8000000000000003,6.0,9.8,-21,0.16223122038952764
3.7,3.7,6.0,9.600000000000001,-21,0.16223122038952764
3.7,3.7,6.0,9.600000000000001,-20,0.16223122038952764
3.4000000000000004,3.4000000000000004,6.0,9.200000000000001,0,0.16223122038952764
3.2,3.3000000000000003,6.0,9.0,1,0.16223122038952764
3.1,3.1,6.0,8.9,-1,0.16223122038952764
3.0,3.0,5.4,8.700000000000001,5,0.16223122038952764
2.9000000000000004,2.9000000000000004,4.9,8.6,19,0.16223122038952764
2.8000000000000003,2.8000000000000003,4.9,8.5,40,0.16223122038952764
2.7,2.7,4.9,8.4,68,0.16235563083461166
2.6,2.6,4.9,8.3,106,0.16223122038952764
2.6,2.6,4.9,8.200000000000001,126,0.16235563083461166
2.6,2.6,4.9,8.200000000000001,131,0.16223122038952764
2.4000000000000004,2.3000000000000003,4.9,8.0,135,0.16235563083461166
2.3000000000000003,2.2,4.9,7.9,137,0.16223122038952764
2.1,2.1,4.9,7.800000000000001,139,0.16223122038952764
2.0,2.1,4.9,7.7,140,0.16223122038952764
1.9000000000000001,2.0,4.9,7.6000000000000005,143,0.16223122038952764
1.9000000000000001,2.0,4.9,7.6000000000000005,145,0.16223122038952764
1.9000000000000001,1.9000000000000001,4.9,7.5,147,0.16223122038952764
1.8,1.9000000000000001,4.9,7.4,148,0.16223122038952764
1.8,1.9000000000000001,4.9,7.300000000000001,148,0.16223122038952764
1.8,1.8,4.9,7.1000000000000005,144,0.16223122038952764
1.7000000000000002,1.8,4.9,7.0,144,0.16223122038952764
1.7000000000000002,1.8,4.9,7.0,145,0.16210680994444365
1.7000000000000002,1.7000000000000002,4.9,6.800000000000001,144,0.16210680994444365
1.7000000000000002,1.7000000000000002,4.9,6.7,145,0.16198239949935966
1.6,1.7000000000000002,4.9,6.7,145,0.16198239949935966
1.6,1.7000000000000002,4.9,6.7,144,0.16185798905427567
1.6,1.6,4.9,6.7,144,0.16160916816410767
1.6,1.6,4.9,6.5,142,0.16160916816410767
1.6,1.6,4.9,6.2,145,0.16148475771902368
1.5,1.6,4.9,6.0,143,0.1613603472739397
1.5,1.6,4.9,5.7,141,0.1612359368288557
1.5,1.5,4.800000000000001,5.5,140,0.16098711593868772
1.5,1.5,4.800000000000001,5.2,130,0.16086270549360374
1.5,1.5,4.7,5.1000000000000005,128,0.16073829504851972
1.5,1.5,4.5,4.800000000000001,122,0.16024065326818374
1.5,1.5,4.4,4.5,112,0.1591209592624278
1.4000000000000001,1.5,4.1000000000000005,4.3,96,0.15725480258616792
1.4000000000000001,1.5,3.9000000000000004,4.0,91,0.15501541457465604
1.4000000000000001,1.4000000000000001,3.6,3.6,71,0.15227838478280817
1.4000000000000001,1.4000000000000001,3.2,3.3000000000000003,67,0.15003899677129628
1.4000000000000001,1.4000000000000001,2.9000000000000004,2.9000000000000004,56,0.14717755653436443
1.4000000000000001,1.4000000000000001,2.5,2.6,38,0.14506257896793653
1.4000000000000001,1.4000000000000001,2.3000000000000003,2.4000000000000004,17,0.14332083273676063
1.4000000000000001,1.4000000000000001,2.3000000000000003,2.3000000000000003,9,0.14170349695066872
1.4000000000000001,1.4000000000000001,2.2,2.2,8,0.14045939249982878
1.4000000000000001,1.4000000000000001,2.1,2.1,-1,0.13971292982932482
1.4000000000000001,1.4000000000000001,2.0,2.1,-3,0.13921528804898883
1.4000000000000001,1.4000000000000001,2.0,2.0,-5,0.13921528804898883
1.4000000000000001,1.4000000000000001,1.9000000000000001,1.9000000000000001,-7,0.13921528804898883
1.4000000000000001,1.4000000000000001,1.9000000000000001,1.9000000000000001,-6,0.13921528804898883
1.3,1.4000000000000001,1.8,1.8,-7,0.13933969849407282
1.3,1.3,1.7000000000000002,1.7000000000000002,-7,0.13958851938424083
1.2000000000000002,1.2000000000000002,1.5,1.5,-7,0.1398373402744088
1.1,1.1,1.4000000000000001,1.4000000000000001,-8,0.1398373402744088
1.0,1.0,1.2000000000000002,1.2000000000000002,-8,0.1398373402744088
0.9,0.9,1.1,1.1,-8,0.1398373402744088
0.9,0.9,1.0,1.0,-10,0.13946410893915684
0.9,0.9,1.0,1.0,-10,0.13909087760390484
0.8,0.8,0.9,0.9,-10,0.1382200044883169
0.8,0.8,0.9,0.9,-11,0.13685148959239296
0.8,0.8,0.9,0.9,-12,0.13523415380630102
0.8,0.8,0.8,0.8,-13,0.13336799713004113
0.7000000000000001,0.7000000000000001,0.8,0.8,-13,0.13175066134394922
0.7000000000000001,0.7000000000000001,0.7000000000000001,0.7000000000000001,-14,0.13100419867344526
0.7000000000000001,0.7000000000000001,0.7000000000000001,0.7000000000000001,-14,0.13075537778327728
0.7000000000000001,0.7000000000000001,0.7000000000000001,0.7000000000000001,-14,0.13050655689310928
0.6000000000000001,0.7000000000000001,0.6000000000000001,0.6000000000000001,-14,0.1303821464480253
0.6000000000000001,0.6000000000000001,0.6000000000000001,0.6000000000000001,-14,0.1301333255578573
0.6000000000000001,0.6000000000000001,0.6000000000000001,0.6000000000000001,-14,0.12963568377752133
0.6000000000000001,0.6000000000000001,0.5,0.5,-13,0.12901363155210135
0.6000000000000001,0.6000000000000001,0.5,0.5,-13,0.1282671688815974
0.6000000000000001,0.6000000000000001,0.5,0.5,-11,0.12789393754634543
0.5,0.5,0.5,0.5,-9,0.12752070621109343
0.5,0.5,0.4,0.4,-8,0.12739629576600944
0.5,0.5,0.4,0.4,-6,0.12752070621109343
0.5,0.5,0.4,0.4,-5,0.12739629576600944
0.5,0.5,0.4,0.4,-5,0.12739629576600944
0.5,0.5,0.4,0.4,-5,0.12739629576600944
0.4,0.4,0.30000000000000004,0.30000000000000004,-6,0.12739629576600944
0.4,0.4,0.30000000000000004,0.30000000000000004,-6,0.12739629576600944
0.4,0.4,0.30000000000000004,0.30000000000000004,-5,0.12714747487584147
0.4,0.4,0.30000000000000004,0.30000000000000004,-5,0.12702306443075745
0.4,0.4,0.30000000000000004,0.30000000000000004,-4,0.12702306443075745
0.4,0.4,0.30000000000000004,0.30000000000000004,-4,0.12689865398567346
0.4,0.4,0.30000000000000004,0.30000000000000004,-3,0.12677424354058947
0.4,0.4,0.2,0.2,-4,0.12677424354058947
0.30000000000000004,0.30000000000000004,0.2,0.2,-5,0.12677424354058947
0.30000000000000004,0.30000000000000004,0.2,0.2,-5,0.12677424354058947
0.30000000000000004,0.30000000000000004,0.2,0.2,-5,0.12677424354058947
0.30000000000000004,0.30000000000000004,0.2,0.2,-5,0.12677424354058947
0.30000000000000004,0.30000000000000004,0.2,0.2,-4,0.12677424354058947
0.30000000000000004,0.30000000000000004,0.2,0.2,-5,0.12664983309550548
0.30000000000000004,0.30000000000000004,0.2,0.2,-6,0.12664983309550548
0.30000000000000004,0.30000000000000004,0.2,0.2,-6,0.1265254226504215
0.30000000000000004,0.30000000000000004,0.1,0.1,-6,0.1265254226504215
0.30000000000000004,0.30000000000000004,0.1,0.1,-6,0.1264010122053375
0.30000000000000004,0.30000000000000004,0.1,0.1,-2,0.1264010122053375
0.2,0.2,0.1,0.1,-1,0.12627660176025352
0.2,0.2,0.1,0.1,0,0.1261521913151695
0.2,0.2,0.1,0.1,0,0.12590337042500152
0.2,0.2,0.1,0.1,2,0.12565454953483354
0.2,0.2,0.1,0.1,19,0.12565454953483354
0.2,0.2,0.1,0.1,12,0.12565454953483354
0.2,0.2,0.1,0.1,12,0.12553013908974955
0.2,0.2,0.1,0.1,18,0.12540572864466557
0.2,0.2,0.1,0.1,21,0.12540572864466557
0.2,0.2,0.1,0.1,39,0.12528131819958158
0.2,0.2,0.1,0.1,33,0.12528131819958158
0.2,0.2,0.1,0.1,33,0.12528131819958158
0.2,0.2,0.1,0.1,40,0.12515690775449756
0.2,0.2,0.1,0.1,42,0.12515690775449756
0.2,0.2,0.1,0.1,63,0.12515690775449756
0.1,0.2,0.1,0.1,59,0.12515690775449756
0.1,0.1,0.0,0.1,58,0.12515690775449756
0.1,0.1,0.0,0.0,66,0.12515690775449756
0.1,0.1,0.0,0.0,70,0.12515690775449756
0.1,0.1,0.0,0.0,92,0.12528131819958158
0.1,0.1,0.0,0.0,90,0.12528131819958158
0.1,0.1,0.0,0.0,90,0.12528131819958158
0.1,0.1,0.0,0.0,99,0.12528131819958158
0.1,0.1,0.0,0.0,105,0.12540572864466557
0.1,0.1,0.0,0.0,99,0.12540572864466557
0.1,0.1,0.0,0.0,102,0.12540572864466557
0.1,0.1,0.0,0.0,101,0.12540572864466557
0.1,0.1,0.0,0.0,102,0.12540572864466557
0.1,0.1,0.0,0.0,103,0.12553013908974955
0.1,0.1,0.0,0.0,103,0.12553013908974955
0.1,0.1,0.0,0.0,101,0.12553013908974955
0.1,0.1,0.0,0.0,100,0.12565454953483354
0.1,0.1,0.0,0.0,98,0.1260277808700855
0.1,0.1,0.0,0.0,97,0.1265254226504215
0.1,0.1,0.0,0.0,95,0.12677424354058947
0.1,0.1,0.0,0.0,95,0.12677424354058947
0.1,0.1,0.0,0.0,94,0.12689865398567346
0.1,0.1,0.0,0.0,91,0.12702306443075745
0.1,0.1,0.0,0.0,89,0.12727188532092545
0.1,0.1,0.0,0.0,89,0.12776952710126144
0.1,0.1,0.0,0.0,89,0.1286404002168494
0.1,0.1,0.0,0.0,89,0.12938686288735335
0.1,0.1,0.0,0.0,87,0.13000891511277332
0.1,0.1,0.0,0.0,86,0.13050655689310928
0.1,0.1,0.0,0.0,85,0.13125301956361327
0.1,0.1,0.0,0.0,85,0.13212389267920122
0.0,0.1,0.0,0.0,84,0.13287035534970515
0.0,0.0,0.0,0.0,83,0.13311917623987315
0.0,0.0,0.0,0.0,84,0.13349240757512515
0.0,0.0,0.0,0.0,84,0.1339900493554611
0.0,0.0,0.0,0.0,84,0.13473651202596507
0.0,0.0,0.0,0.0,83,0.13510974336121706
0.0,0.0,0.0,0.0,83,0.135731795586637
0.0,0.0,0.0,0.0,84,0.008486801859591877
0.0,0.0,0.0,0.0,84,0.13505084698307077
0.0,0.0,0.0,0.0,83,0.13382087569907192
0.0,0.0,0.0,0.0,81,0.13049995323227512
0.0,0.0,0.0,0.0,77,0.1277940164074777
0.0,0.0,0.0,0.0,69,0.12668704225187874
0.0,0.0,0.0,0.0,60,0.12447309394068086
0.0,0.0,0.0,0.0,47,0.12213614850108312
0.0,0.0,0.0,0.0,38,0.11967620593308548
0.0,0.0,0.0,0.0,33,0.11660127772308843
0.0,0.0,0.0,0.0,27,0.1131573581278917
0.0,0.0,0.0,0.0,19,0.1098364356610949
0.0,0.0,0.0,0.0,17,0.1062695189374983
0.0,0.0,0.0,0.0,16,0.10270260221390169
0.0,0.0,0.0,0.0,14,0.09950467687550477
0.0,0.0,0.0,0.0,11,0.09667574292230748
0.0,0.0,0.0,0.0,11,0.09421580035430983
0.0,0.0,0.0,0.0,7,0.09212484917151184
0.0,0.0,0.0,0.0,6,0.09064888363071325
0.0,0.0,0.0,0.0,3,0.08941891234671442
0.0,0.0,0.0,0.0,2,0.08868092957631513
0.0,0.0,0.0,0.0,2,0.08831193819111548
0.0,0.0,0.0,0.0,2,0.08831193819111548
0.0,0.0,0.0,0.0,1,0.08831193819111548
0.0,0.0,0.0,0.0,1,0.08843493531951536
0.0,0.0,0.0,0.0,0,0.08855793244791524
0.0,0.0,0.0,0.0,0,0.088803926704715
0.0,0.0,0.0,0.0,-1,0.08892692383311487
0.0,0.0,0.0,0.0,-2,0.08904992096151478
0.0,0.0,0.0,0.0,-2,0.08904992096151478
0.0,0.0,0.0,0.0,-2,0.08892692383311487
0.0,0.0,0.0,0.0,-3,0.08868092957631513
0.0,0.0,0.0,0.0,-3,0.08843493531951536
0.0,0.0,0.0,0.0,-3,0.08806594393431572
0.0,0.0,0.0,0.0,-4,0.0874509582923163
0.0,0.0,0.0,0.0,-4,0.0868359726503169
0.0,0.0,0.0,0.0,-5,0.08634398413671737
0.0,0.0,0.0,0.0,-5,0.08560600136631807
0.0,0.0,0.0,0.0,-5,0.08486801859591876
0.0,0.0,0.0,0.0,-5,0.08425303295391937
0.0,0.0,0.0,0.0,-6,0.08363804731191996
0.0,0.0,0.0,0.0,-6,0.08302306166992053
0.0,0.0,0.0,0.0,-7,0.08253107315632102
0.0,0.0,0.0,0.0,-7,0.08216208177112135
0.0,0.0,0.0,0.0,-7,0.08179309038592171
0.0,0.0,0.0,0.0,-8,0.08142409900072207
0.0,0.0,0.0,0.0,-8,0.0811781047439223
0.0,0.0,0.0,0.0,-8,0.08105510761552243
0.0,0.0,0.0,0.0,-9,0.08080911335872266
0.0,0.0,0.0,0.0,-10,0.08044012197352302
0.0,0.0,0.0,0.0,-10,0.08019412771672324
0.0,0.0,0.0,0.0,-10,0.08007113058832337
0.0,0.0,0.0,0.0,-11,0.07970213920312372
0.0,0.0,0.0,0.0,-11,0.07945614494632397
0.0,0.0,0.0,0.0,-12,0.07933314781792405
0.0,0.0,0.0,0.0,-12,0.07896415643272442
0.0,0.0,0.0,0.0,-12,0.07859516504752478
0.0,0.0,0.0,0.0,-12,0.07822617366232512
0.0,0.0,0.0,0.0,-13,0.07785718227712549
0.0,0.0,0.0,0.0,-13,0.07748819089192584
0.1,0.1,0.0,0.0,-14,0.07724219663512606
0.30000000000000004,0.30000000000000004,0.0,0.0,-14,0.07687320524992643
0.4,0.5,0.0,0.0,-14,0.07662721099312667
0.6000000000000001,0.6000000000000001,0.0,0.0,-14,0.076258219607927
0.7000000000000001,0.7000000000000001,0.0,0.0,-19,0.07601222535112725
0.8,0.9,0.0,0.0,-19,0.07576623109432748
1.0,1.0,0.0,0.0,-19,0.0756432339659276
1.1,1.1,0.0,0.0,-19,0.07552023683752773
1.2000000000000002,1.2000000000000002,0.0,0.0,-22,0.07527424258072796
1.4000000000000001,1.4000000000000001,0.0,0.0,-22,0.07502824832392818
1.6,1.6,0.0,0.0,-26,0.07490525119552831
1.8,1.8,0.0,0.0,-26,0.07465925693872855
2.1,2.1,0.0,0.0,-26,0.07441326268192879
2.3000000000000003,2.3000000000000003,0.1,0.1,-26,0.07416726842512901
2.6,2.6,0.30000000000000004,0.30000000000000004,-26,0.07379827703992936
2.6,2.6,0.30000000000000004,0.30000000000000004,-30,0.07355228278312961
3.1,3.1,0.7000000000000001,0.7000000000000001,-30,0.07318329139792995
3.3000000000000003,3.3000000000000003,0.9,0.9,-30,0.07281430001273032
3.4000000000000004,3.4000000000000004,1.0,1.0,-30,0.07244530862753068
3.6,3.6,1.2000000000000002,1.2000000000000002,-30,0.07207631724233102
3.7,3.8000000000000003,1.3,1.3,-30,0.07170732585713137
3.9000000000000004,3.9000000000000004,1.6,1.6,-30,0.07133833447193172
4.0,4.0,1.9000000000000001,1.9000000000000001,-30,0.07109234021513196
4.0,4.0,2.1,2.1,-30,0.0708463459583322
4.1000000000000005,4.1000000000000005,2.3000000000000003,2.3000000000000003,-30,0.07060035170153244
4.1000000000000005,4.1000000000000005,2.5,2.5,-30,0.07035435744473266
4.2,4.2,2.7,2.7,-30,0.0701083631879329
4.2,4.2,2.9000000000000004,2.9000000000000004,-30,0.06998536605953302
4.2,4.2,3.0,3.0,-30,0.06986236893113314
4.2,4.2,3.1,3.1,-30,0.06973937180273325
4.2,4.2,3.2,3.2,-30,0.06973937180273325
4.2,4.2,3.3000000000000003,3.3000000000000003,-30,0.06961637467433338
4.2,4.2,3.4000000000000004,3.4000000000000004,-30,0.06949337754593349
4.2,4.2,3.5,3.5,-30,0.06937038041753361
4.2,4.2,3.6,3.6,-30,0.06937038041753361
4.2,4.2,3.6,3.6,-30,0.06924738328913373
4.2,4.2,3.7,3.7,-30,0.06912438616073384
4.2,4.2,3.8000000000000003,3.8000000000000003,-30,0.06900138903233397
4.3,4.3,3.8000000000000003,3.8000000000000003,-30,0.0687553947755342
4.3,4.3,3.9000000000000004,3.9000000000000004,-30,0.0687553947755342
4.3,4.3,3.9000000000000004,3.9000000000000004,-30,0.06863239764713432
4.3,4.3,3.9000000000000004,3.9000000000000004,-30,0.06850940051873443
4.2,4.2,3.9000000000000004,3.9000000000000004,-30,0.06826340626193467
4.2,4.2,4.0,4.0,-30,0.0681404091335348
4.2,4.2,4.0,4.0,-30,0.0680174120051349
4.2,4.2,4.0,4.0,-30,0.06777141774833513
4.2,4.2,4.0,4.0,-30,0.06752542349153538
4.2,4.2,4.1000000000000005,4.1000000000000005,-30,0.06727942923473561
4.3,4.3,4.1000000000000005,4.1000000000000005,-30,0.06703343497793585
4.3,4.3,4.1000000000000005,4.1000000000000005,-30,0.06678744072113608
4.3,4.3,4.1000000000000005,4.1000000000000005,-30,0.06654144646433631
4.3,4.3,4.1000000000000005,4.1000000000000005,-30,0.06629545220753655
4.3,4.3,4.1000000000000005,4.1000000000000005,-30,0.06604945795073679
4.3,4.3,4.2,4.2,-30,0.06580346369393701
4.3,4.3,4.2,4.2,-30,0.06555746943713726
4.3,4.3,4.2,4.2,-30,0.06531147518033749
4.3,4.3,4.2,4.2,-30,0.06531147518033749
4.3,4.3,4.2,4.2,-30,0.06506548092353773
4.3,4.3,4.2,4.2,-30,0.06481948666673797
4.3,4.3,4.2,4.2,-30,0.0645734924099382
4.3,4.3,4.2,4.2,-30,0.06432749815313843
4.2,4.2,4.2,4.2,-30,0.06420450102473856
4.2,4.2,4.2,4.2,-30,0.06408150389633867
4.3,4.3,4.2,4.2,-30,0.0638355096395389
4.3,4.3,4.2,4.2,-30,0.06371251251113902
4.2,4.2,4.2,4.2,-30,0.06358951538273915
4.2,4.2,4.2,4.2,-30,0.06346651825433926
4.2,4.2,4.2,4.2,-30,0.06334352112593937
4.2,4.2,4.2,4.2,-30,0.0632205239975395
4.2,4.2,4.2,4.2,-30,0.06309752686913961
4.2,4.2,4.2,4.2,-30,0.06309752686913961
4.2,4.2,4.2,4.2,-30,0.06297452974073972
4.2,4.2,4.1000000000000005,4.1000000000000005,-30,0.06297452974073972
4.2,4.2,4.1000000000000005,4.1000000000000005,-30,0.06297452974073972
4.2,4.2,4.1000000000000005,4.1000000000000005,-30,0.06297452974073972
4.2,4.2,4.1000000000000005,4.1000000000000005,-30,0.06297452974073972
4.2,4.2,4.1000000000000005,4.1000000000000005,-30,0.06297452974073972
4.2,4.2,4.1000000000000005,4.1000000000000005,-30,0.06285153261233985
4.2,4.2,4.1000000000000005,4.1000000000000005,-30,0.06285153261233985
4.2,4.2,4.1000000000000005,4.1000000000000005,-30,0.06272853548393996
4.2,4.2,4.1000000000000005,4.1000000000000005,-30,0.06260553835554009
4.2,4.2,4.1000000000000005,4.1000000000000005,-30,0.06260553835554009
4.1000000000000005,4.1000000000000005,4.1000000000000005,4.1000000000000005,-30,0.062482541227140205
4.1000000000000005,4.1000000000000005,4.1000000000000005,4.1000000000000005,-30,0.06235954409874032
4.1000000000000005,4.1000000000000005,4.1000000000000005,4.1000000000000005,-30,0.06235954409874032
4.1000000000000005,4.1000000000000005,4.1000000000000005,4.1000000000000005,-30,0.06223654697034043
4.1000000000000005,4.1000000000000005,4.1000000000000005,4.1000000000000005,-30,0.061990552713540675
4.1000000000000005,4.1000000000000005,4.0,4.0,-30,0.061867555585140795
4.1000000000000005,4.1000000000000005,4.0,4.0,-30,0.061867555585140795
4.1000000000000005,4.1000000000000005,4.0,4.0,-30,0.06162156132834102
4.1000000000000005,4.1000000000000005,4.0,4.0,-30,0.06149856419994114
4.1000000000000005,4.1000000000000005,4.0,4.0,-30,0.06125256994314138
4.1000000000000005,4.1000000000000005,4.1000000000000005,4.1000000000000005,-30,0.06100657568634161
4.1000000000000005,4.1000000000000005,4.1000000000000005,4.1000000000000005,-30,0.06076058142954185
4.1000000000000005,4.1000000000000005,4.1000000000000005,4.1000000000000005,-30,0.060514587172742086
4.1000000000000005,4.1000000000000005,4.1000000000000005,4.1000000000000005,-30,0.06026859291594231
4.1000000000000005,4.1000000000000005,4.1000000000000005,4.1000000000000005,-30,0.060022598659142556
4.1000000000000005,4.1000000000000005,4.1000000000000005,4.1000000000000005,-30,0.05977660440234279
4.1000000000000005,4.1000000000000005,4.1000000000000005,4.1000000000000005,-30,0.05953061014554303
4.1000000000000005,4.1000000000000005,4.1000000000000005,4.1000000000000005,-30,0.05928461588874326
4.1000000000000005,4.1000000000000005,4.1000000000000005,4.1000000000000005,-31,0.0590386216319435
4.1000000000000005,4.1000000000000005,4.1000000000000005,4.1000000000000005,-31,0.058915624503543616
4.1000000000000005,4.1000000000000005,4.1000000000000005,4.1000000000000005,-31,0.05866963024674385
4.1000000000000005,4.1000000000000005,4.1000000000000005,4.1000000000000005,-31,0.05866963024674385
4.1000000000000005,4.1000000000000005,4.1000000000000005,4.1000000000000005,-31,0.05854663311834397
4.1000000000000005,4.1000000000000005,4.1000000000000005,4.1000000000000005,-31,0.05842363598994409
4.1000000000000005,4.1000000000000005,4.1000000000000005,4.1000000000000005,-31,0.05842363598994409
4.1000000000000005,4.1000000000000005,4.1000000000000005,4.1000000000000005,-31,0.05830063886154421
4.1000000000000005,4.1000000000000005,4.1000000000000005,4.1000000000000005,-31,0.05830063886154421
4.1000000000000005,4.1000000000000005,4.1000000000000005,4.1000000000000005,-31,0.05817764173314432
4.1000000000000005,4.1000000000000005,4.1000000000000005,4.1000000000000005,-31,0.05817764173314432
4.1000000000000005,4.1000000000000005,4.1000000000000005,4.1000000000000005,-31,0.05817764173314432
4.1000000000000005,4.1000000000000005,4.1000000000000005,4.1000000000000005,-30,0.05817764173314432
4.1000000000000005,4.1000000000000005,4.1000000000000005,4.1000000000000005,-30,0.05817764173314432
4.1000000000000005,4.1000000000000005,4.1000000000000005,4.1000000000000005,-30,0.05817764173314432
4.1000000000000005,4.1000000000000005,4.1000000000000005,4.1000000000000005,-30,0.05817764173314432
4.1000000000000005,4.1000000000000005,4.1000000000000005,4.1000000000000005,-30,0.05805464460474444
4.1000000000000005,4.1000000000000005,4.1000000000000005,4.1000000000000005,-30,0.05805464460474444
4.1000000000000005,4.1000000000000005,4.1000000000000005,4.1000000000000005,-31,0.05805464460474444
4.1000000000000005,4.1000000000000005,4.1000000000000005,4.1000000000000005,-31,0.05805464460474444
4.1000000000000005,4.1000000000000005,4.1000000000000005,4.1000000000000005,-31,0.05793164747634456
4.2,4.2,4.1000000000000005,4.1000000000000005,-31,0.05793164747634456
4.2,4.2,4.1000000000000005,4.1000000000000005,-31,0.05793164747634456
4.2,4.2,4.1000000000000005,4.1000000000000005,-31,0.05780865034794467
4.1000000000000005,4.1000000000000005,4.1000000000000005,4.1000000000000005,-31,0.05780865034794467
4.1000000000000005,4.1000000000000005,4.1000000000000005,4.1000000000000005,-31,0.05780865034794467
4.1000000000000005,4.1000000000000005,4.1000000000000005,4.1000000000000005,-31,0.05780865034794467
4.1000000000000005,4.1000000000000005,4.1000000000000005,4.1000000000000005,-31,0.05780865034794467
4.1000000000000005,4.1000000000000005,4.1000000000000005,4.1000000000000005,-31,0.057685653219544795
4.1000000000000005,4.1000000000000005,4.1000000000000005,4.1000000000000005,-31,0.057685653219544795
4.1000000000000005,4.1000000000000005,4.1000000000000005,4.1000000000000005,-31,0.05756265609114491
4.1000000000000005,4.1000000000000005,4.1000000000000005,4.1000000000000005,-31,0.05743965896274503
4.1000000000000005,4.1000000000000005,4.1000000000000005,4.1000000000000005,-31,0.05743965896274503
4.1000000000000005,4.1000000000000005,4.1000000000000005,4.1000000000000005,-31,0.05719366470594526
4.1000000000000005,4.1000000000000005,4.1000000000000005,4.1000000000000005,-31,0.056947670449145504
4.1000000000000005,4.1000000000000005,4.1000000000000005,4.1000000000000005,-31,0.05670167619234573
4.1000000000000005,4.1000000000000005,4.1000000000000005,4.1000000000000005,-31,0.05633268480714609
4.1000000000000005,4.1000000000000005,4.1000000000000005,4.1000000000000005,-31,0.05596369342194644
4.1000000000000005,4.1000000000000005,4.1000000000000005,4.1000000000000005,-31,0.055594702036746796
4.1000000000000005,4.1000000000000005,4.1000000000000005,4.1000000000000005,-31,0.05522571065154715
4.1000000000000005,4.1000000000000005,4.1000000000000005,4.1000000000000005,-31,0.05473372213794761
4.1000000000000005,4.1000000000000005,4.1000000000000005,4.1000000000000005,-31,0.05424173362434809
4.1000000000000005,4.1000000000000005,4.1000000000000005,4.1000000000000005,-31,0.05387274223914844
4.1000000000000005,4.1000000000000005,4.1000000000000005,4.1000000000000005,-31,0.05338075372554891
4.1000000000000005,4.1000000000000005,4.1000000000000005,4.1000000000000005,-31,0.05301176234034927
4.1000000000000005,4.1000000000000005,4.1000000000000005,4.1000000000000005,-31,0.05264277095514962
4.1000000000000005,4.1000000000000005,4.1000000000000005,4.1000000000000005,-31,0.052150782441550095
4.1000000000000005,4.1000000000000005,4.1000000000000005,4.1000000000000005,-31,0.05190478818475032
4.1000000000000005,4.1000000000000005,4.1000000000000005,4.1000000000000005,-31,0.051535796799550684
4.1000000000000005,4.1000000000000005,4.1000000000000005,4.1000000000000005,-31,0.05104380828595115
4.1000000000000005,4.1000000000000005,4.1000000000000005,4.1000000000000005,-31,0.0506748169007515
4.2,4.2,4.1000000000000005,4.1000000000000005,-31,0.05030582551555186
4.2,4.2,4.1000000000000005,4.1000000000000005,-31,0.0499368341303522
4.2,4.2,4.1000000000000005,4.1000000000000005,-31,0.049567842745152565
4.2,4.2,4.1000000000000005,4.1000000000000005,-31,0.049075854231553036
4.2,4.2,4.2,4.2,-31,0.04870686284635339
4.2,4.2,4.2,4.2,-31,0.04821487433275386
4.2,4.2,4.2,4.2,-31,0.04784588294755421
4.2,4.2,4.2,4.2,-31,0.04735389443395468
4.2,4.2,4.2,4.2,-31,0.04686190592035515
4.3,4.3,4.2,4.2,-31,0.04636991740675562
4.4,4.4,4.3,4.3,-31,0.045877928893156096
4.4,4.4,4.3,4.3,-31,0.04550893750795644
4.5,4.5,4.4,4.4,-31,0.0451399461227568
4.6000000000000005,4.6000000000000005,4.4,4.4,-31,0.044647957609157275
4.6000000000000005,4.6000000000000005,4.4,4.4,-31,0.04427896622395762
4.7,4.7,4.5,4.5,-31,0.04390997483875798
4.800000000000001,4.800000000000001,4.6000000000000005,4.6000000000000005,-31,0.04366398058195821
4.9,4.9,4.7,4.7,-31,0.04329498919675857
5.1000000000000005,5.1000000000000005,4.800000000000001,4.800000000000001,-31,0.04292599781155891
5.2,5.2,4.9,4.9,-31,0.042680003554759156
5.300000000000001,5.300000000000001,5.0,5.0,-31,0.04243400929795938
5.5,5.5,5.1000000000000005,5.1000000000000005,-30,0.0423110121695595
5.6000000000000005,5.6000000000000005,5.2,5.2,-30,0.04218801504115963
5.7,5.7,5.300000000000001,5.300000000000001,-30,0.04206501791275974
5.7,5.7,5.300000000000001,5.300000000000001,-30,0.04181902365595998
5.9,5.9,5.6000000000000005,5.6000000000000005,-30,0.04169602652756009
5.9,5.9,5.6000000000000005,5.6000000000000005,-30,0.04157302939916021
6.0,6.0,5.7,5.7,-30,0.04157302939916021
6.1000000000000005,6.1000000000000005,5.800000000000001,5.800000000000001,-30,0.04157302939916021
6.1000000000000005,6.1000000000000005,5.9,5.9,-30,0.04145003227076033
6.1000000000000005,6.1000000000000005,5.9,5.9,-30,0.04145003227076033
6.1000000000000005,6.1000000000000005,6.0,6.0,-30,0.04145003227076033
6.1000000000000005,6.1000000000000005,6.0,6.0,-30,0.04145003227076033
6.2,6.2,6.0,6.0,-30,0.04145003227076033
6.2,6.2,6.0,6.0,-30,0.04145003227076033
6.2,6.2,6.1000000000000005,6.1000000000000005,-30,0.04145003227076033
6.2,6.2,6.1000000000000005,6.1000000000000005,-30,0.04145003227076033
6.2,6.2,6.1000000000000005,6.1000000000000005,-30,0.04145003227076033
6.2,6.2,6.1000000000000005,6.1000000000000005,-30,0.04145003227076033
6.2,6.2,6.1000000000000005,6.1000000000000005,-31,0.04157302939916021
6.2,6.2,6.1000000000000005,6.1000000000000005,-31,0.04157302939916021
6.2,6.2,6.1000000000000005,6.1000000000000005,-31,0.04157302939916021
6.2,6.2,6.1000000000000005,6.1000000000000005,-30,0.04157302939916021
6.2,6.2,6.1000000000000005,6.1000000000000005,-30,0.04169602652756009
6.2,6.2,6.1000000000000005,6.1000000000000005,-30,0.04169602652756009
6.2,6.2,6.1000000000000005,6.1000000000000005,-30,0.04169602652756009
6.2,6.2,6.1000000000000005,6.1000000000000005,-30,0.04169602652756009
6.2,6.2,6.1000000000000005,6.1000000000000005,-30,0.04169602652756009
6.2,6.2,6.1000000000000005,6.1000000000000005,-30,0.04169602652756009
6.2,6.2,6.1000000000000005,6.1000000000000005,-30,0.04169602652756009
6.2,6.2,6.1000000000000005,6.1000000000000005,-30,0.04169602652756009
6.2,6.2,6.1000000000000005,6.1000000000000005,-30,0.04169602652756009
6.2,6.2,6.1000000000000005,6.1000000000000005,-30,0.04169602652756009
6.2,6.2,6.1000000000000005,6.1000000000000005,-30,0.04169602652756009
6.2,6.2,6.1000000000000005,6.1000000000000005,-30,0.04169602652756009
6.2,6.2,6.1000000000000005,6.1000000000000005,-30,0.04169602652756009
6.2,6.2,6.1000000000000005,6.1000000000000005,-30,0.04169602652756009
6.2,6.2,6.2,6.2,-30,0.04169602652756009
6.2,6.2,6.2,6.2,-30,0.04157302939916021
6.2,6.2,6.2,6.2,-30,0.04157302939916021
6.2,6.2,6.2,6.2,-30,0.04157302939916021
