LFwheelSpeed_mps,LRwheelSpeed_mps,RFwheelSpeed_mps,RRwheelSpeed_mps,brakePressureFL_bar,brakePressureFR_bar,brakePressureRL_bar,brakePressureRR_bar,engineTorque_Nm,roadWheelAngle_rad
0.03145193572368044,0.03145193572368044,0.03145193572368044,0.03145193572368044,0.0,0.0,0.0,0.0,1,0.001721959797598352
0.03145193572368044,0.03145193572368044,0.03145193572368044,0.03145193572368044,0.0,0.0,0.0,0.0,2,0.001721959797598352
0.03145193572368044,0.03145193572368044,0.03145193572368044,0.03145193572368044,0.0,0.0,0.0,0.0,2,0.001721959797598352
0.03145193572368044,0.03145193572368044,0.03145193572368044,0.03145193572368044,0.0,0.0,0.0,0.0,2,0.001721959797598352
0.03145193572368044,0.03145193572368044,0.03145193572368044,0.03145193572368044,0.0,0.0,0.0,0.0,2,0.001721959797598352
0.03145193572368044,0.03145193572368044,0.03145193572368044,0.03145193572368044,0.0,0.0,0.0,0.0,2,0.001721959797598352
0.03145193572368044,0.03145193572368044,0.03145193572368044,0.03145193572368044,0.0,0.0,0.0,0.0,2,0.001721959797598352
0.03145193572368044,0.03145193572368044,0.03145193572368044,0.03145193572368044,0.0,0.0,0.0,0.0,1,0.001721959797598352
0.03145193572368044,0.03145193572368044,0.03145193572368044,0.03145193572368044,0.0,0.0,0.0,0.0,1,0.001721959797598352
0.03145193572368044,0.03145193572368044,0.03145193572368044,0.03145193572368044,0.0,0.0,0.0,0.0,2,0.001721959797598352
0.03145193572368044,0.03145193572368044,0.03145193572368044,0.03145193572368044,0.0,0.0,0.0,0.0,2,0.001721959797598352
0.03145193572368044,0.03145193572368044,0.03145193572368044,0.03145193572368044,0.0,0.0,0.0,0.0,2,0.001721959797598352
0.03145193572368044,0.03145193572368044,0.03145193572368044,0.03145193572368044,0.0,0.0,0.0,0.0,2,0.001721959797598352
0.03145193572368044,0.03145193572368044,0.03145193572368044,0.03145193572368044,0.0,0.0,0.0,0.0,1,0.001721959797598352
0.03145193572368044,0.03145193572368044,0.03145193572368044,0.03145193572368044,0.0,0.0,0.0,0.0,1,0.001721959797598352
0.03145193572368044,0.03145193572368044,0.03145193572368044,0.03145193572368044,0.0,0.0,0.0,0.0,1,0.001721959797598352
0.03145193572368044,0.03145193572368044,0.03145193572368044,0.03145193572368044,0.0,0.0,0.0,0.0,2,0.001721959797598352
0.03145193572368044,0.03145193572368044,0.03145193572368044,0.03145193572368044,0.0,0.0,0.0,0.0,2,0.001721959797598352
0.03145193572368044,0.03145193572368044,0.03145193572368044,0.03145193572368044,0.0,0.0,0.0,0.0,2,0.001721959797598352
0.03145193572368044,0.03145193572368044,0.03145193572368044,0.03145193572368044,0.0,0.0,0.0,0.0,1,0.001721959797598352
0.03145193572368044,0.03145193572368044,0.03145193572368044,0.03145193572368044,0.0,0.0,0.0,0.0,2,0.001721959797598352
0.03145193572368044,0.03145193572368044,0.03145193572368044,0.03145193572368044,0.0,0.0,0.0,0.0,2,0.001721959797598352
0.03145193572368044,0.03145193572368044,0.03145193572368044,0.03145193572368044,0.0,0.0,0.0,0.0,2,0.001721959797598352
0.03145193572368044,0.03145193572368044,0.03145193572368044,0.03145193572368044,0.0,0.0,0.0,0.0,2,0.001721959797598352
0.03145193572368044,0.03145193572368044,0.03145193572368044,0.03145193572368044,0.0,0.0,0.0,0.0,2,0.001721959797598352
0.03145193572368044,0.03145193572368044,0.03145193572368044,0.03145193572368044,0.0,0.0,0.0,0.0,2,0.001721959797598352
0.03145193572368044,0.03145193572368044,0.03145193572368044,0.03145193572368044,0.0,0.0,0.0,0.0,2,0.001721959797598352
0.03145193572368044,0.03145193572368044,0.03145193572368044,0.03145193572368044,0.0,0.0,0.0,0.0,2,0.001721959797598352
0.03145193572368044,0.03145193572368044,0.03145193572368044,0.03145193572368044,0.0,0.0,0.0,0.0,2,0.001721959797598352
0.03145193572368044,0.03145193572368044,0.03145193572368044,0.03145193572368044,0.0,0.0,0.0,0.0,2,0.001721959797598352
0.03145193572368044,0.03145193572368044,0.03145193572368044,0.03145193572368044,0.0,0.0,0.0,0.0,2,0.001721959797598352
0.03145193572368044,0.03145193572368044,0.03145193572368044,0.03145193572368044,0.0,0.0,0.0,0.0,2,0.001721959797598352
0.03145193572368044,0.03145193572368044,0.03145193572368044,0.03145193572368044,0.0,0.0,0.0,0.0,2,0.001721959797598352
0.03145193572368044,0.03145193572368044,0.03145193572368044,0.03145193572368044,0.0,0.0,0.0,0.0,2,0.001721959797598352
0.03145193572368044,0.03145193572368044,0.03145193572368044,0.03145193572368044,0.0,0.0,0.0,0.0,2,0.001721959797598352
0.03145193572368044,0.03145193572368044,0.03145193572368044,0.03145193572368044,0.0,0.0,0.0,0.0,2,0.001721959797598352
0.03145193572368044,0.03145193572368044,0.03145193572368044,0.03145193572368044,0.0,0.0,0.0,0.0,2,0.001721959797598352
0.03145193572368044,0.03145193572368044,0.03145193572368044,0.03145193572368044,0.0,0.0,0.0,0.0,2,0.001721959797598352
0.03145193572368044,0.03145193572368044,0.03145193572368044,0.03145193572368044,0.0,0.0,0.0,0.0,2,0.001721959797598352
0.03145193572368044,0.03145193572368044,0.03145193572368044,0.03145193572368044,0.0,0.0,0.0,0.0,2,0.001721959797598352
0.03145193572368044,0.03145193572368044,0.03145193572368044,0.03145193572368044,0.0,0.0,0.0,0.0,2,0.001721959797598352
0.03145193572368044,0.03145193572368044,0.03145193572368044,0.03145193572368044,0.0,0.0,0.0,0.0,2,0.001721959797598352
0.03145193572368044,0.03145193572368044,0.03145193572368044,0.03145193572368044,0.0,0.0,0.0,0.0,2,0.001721959797598352
0.03145193572368044,0.03145193572368044,0.03145193572368044,0.03145193572368044,0.0,0.0,0.0,0.0,2,0.001721959797598352
0.03145193572368044,0.03145193572368044,0.03145193572368044,0.03145193572368044,0.0,0.0,0.0,0.0,2,0.001721959797598352
0.03145193572368044,0.03145193572368044,0.03145193572368044,0.03145193572368044,0.0,0.0,0.0,0.0,2,0.001721959797598352
0.03145193572368044,0.03145193572368044,0.03145193572368044,0.03145193572368044,0.0,0.0,0.0,0.0,2,0.001721959797598352
0.03145193572368044,0.03145193572368044,0.03145193572368044,0.03145193572368044,0.0,0.0,0.0,0.0,2,0.001721959797598352
0.03145193572368044,0.03145193572368044,0.03145193572368044,0.03145193572368044,0.0,0.0,0.0,0.0,2,0.001721959797598352
0.03145193572368044,0.03145193572368044,0.03145193572368044,0.03145193572368044,0.0,0.0,0.0,0.0,2,0.001721959797598352
0.03145193572368044,0.03145193572368044,0.03145193572368044,0.03145193572368044,0.0,0.0,0.0,0.0,2,0.001721959797598352
0.03145193572368044,0.03145193572368044,0.03145193572368044,0.03145193572368044,0.0,0.0,0.0,0.0,2,0.001721959797598352
0.03145193572368044,0.03145193572368044,0.03145193572368044,0.03145193572368044,0.0,0.0,0.0,0.0,2,0.001721959797598352
0.03145193572368044,0.03145193572368044,0.03145193572368044,0.03145193572368044,0.0,0.0,0.0,0.0,2,0.001721959797598352
0.03145193572368044,0.03145193572368044,0.03145193572368044,0.03145193572368044,0.0,0.0,0.0,0.0,2,0.001721959797598352
0.03145193572368044,0.03145193572368044,0.03145193572368044,0.03145193572368044,0.0,0.0,0.0,0.0,2,0.001721959797598352
0.03145193572368044,0.03145193572368044,0.03145193572368044,0.03145193572368044,0.0,0.0,0.0,0.0,2,0.001721959797598352
0.03145193572368044,0.03145193572368044,0.03145193572368044,0.03145193572368044,0.0,0.0,0.0,0.0,2,0.001721959797598352
0.03145193572368044,0.03145193572368044,0.03145193572368044,0.03145193572368044,0.0,0.0,0.0,0.0,2,0.001721959797598352
0.03145193572368044,0.03145193572368044,0.03145193572368044,0.03145193572368044,0.0,0.0,0.0,0.0,2,0.001721959797598352
0.03145193572368044,0.03145193572368044,0.03145193572368044,0.03145193572368044,0.0,0.0,0.0,0.0,2,0.001721959797598352
0.03145193572368044,0.03145193572368044,0.03145193572368044,0.03145193572368044,0.0,0.0,0.0,0.0,2,0.001721959797598352
0.03145193572368044,0.03145193572368044,0.03145193572368044,0.03145193572368044,0.0,0.0,0.0,0.0,2,0.001721959797598352
0.03145193572368044,0.03145193572368044,0.03145193572368044,0.03145193572368044,0.0,0.0,0.0,0.0,2,0.001721959797598352
0.03145193572368044,0.03145193572368044,0.03145193572368044,0.03145193572368044,0.0,0.0,0.0,0.0,2,0.001721959797598352
0.03145193572368044,0.03145193572368044,0.03145193572368044,0.03145193572368044,0.0,0.0,0.0,0.0,2,0.001721959797598352
0.03145193572368044,0.03145193572368044,0.03145193572368044,0.03145193572368044,0.0,0.0,0.0,0.0,2,0.001721959797598352
0.03145193572368044,0.03145193572368044,0.03145193572368044,0.03145193572368044,0.0,0.0,0.0,0.0,2,0.001721959797598352
0.03145193572368044,0.03145193572368044,0.03145193572368044,0.03145193572368044,0.0,0.0,0.0,0.0,2,0.001721959797598352
0.03145193572368044,0.03145193572368044,0.03145193572368044,0.03145193572368044,0.0,0.0,0.0,0.0,2,0.001721959797598352
0.03145193572368044,0.03145193572368044,0.03145193572368044,0.03145193572368044,0.0,0.0,0.0,0.0,1,0.001721959797598352
0.03145193572368044,0.03145193572368044,0.03145193572368044,0.03145193572368044,0.0,0.0,0.0,0.0,1,0.001721959797598352
0.03145193572368044,0.03145193572368044,0.03145193572368044,0.03145193572368044,0.0,0.0,0.0,0.0,1,0.001721959797598352
0.03145193572368044,0.03145193572368044,0.03145193572368044,0.03145193572368044,0.0,0.0,0.0,0.0,1,0.001721959797598352
0.03145193572368044,0.03145193572368044,0.03145193572368044,0.03145193572368044,0.0,0.0,0.0,0.0,2,0.001721959797598352
0.03145193572368044,0.03145193572368044,0.03145193572368044,0.03145193572368044,0.0,0.0,0.0,0.0,2,0.001721959797598352
0.03145193572368044,0.03145193572368044,0.03145193572368044,0.03145193572368044,0.0,0.0,0.0,0.0,2,0.001721959797598352
0.03145193572368044,0.03145193572368044,0.03145193572368044,0.03145193572368044,0.0,0.0,0.0,0.0,1,0.001721959797598352
0.03145193572368044,0.03145193572368044,0.03145193572368044,0.03145193572368044,0.0,0.0,0.0,0.0,1,0.001721959797598352
0.03145193572368044,0.03145193572368044,0.03145193572368044,0.03145193572368044,0.0,0.0,0.0,0.0,2,0.001721959797598352
0.03145193572368044,0.03145193572368044,0.03145193572368044,0.03145193572368044,0.0,0.0,0.0,0.0,2,0.001721959797598352
0.03145193572368044,0.03145193572368044,0.03145193572368044,0.03145193572368044,0.0,0.0,0.0,0.0,2,0.001721959797598352
0.03145193572368044,0.03145193572368044,0.03145193572368044,0.03145193572368044,0.0,0.0,0.0,0.0,2,0.001721959797598352
0.03145193572368044,0.03145193572368044,0.03145193572368044,0.03145193572368044,0.0,0.0,0.0,0.0,2,0.001721959797598352
0.03145193572368044,0.03145193572368044,0.03145193572368044,0.03145193572368044,0.0,0.0,0.0,0.0,2,0.001721959797598352
0.03145193572368044,0.03145193572368044,0.03145193572368044,0.03145193572368044,0.0,0.0,0.0,0.0,2,0.001721959797598352
0.03145193572368044,0.03145193572368044,0.03145193572368044,0.03145193572368044,0.0,0.0,0.0,0.0,2,0.001721959797598352
0.03145193572368044,0.03145193572368044,0.03145193572368044,0.03145193572368044,0.0,0.0,0.0,0.0,2,0.001721959797598352
0.03145193572368044,0.03145193572368044,0.03145193572368044,0.03145193572368044,0.0,0.0,0.0,0.0,2,0.001721959797598352
0.03145193572368044,0.03145193572368044,0.03145193572368044,0.03145193572368044,0.0,0.0,0.0,0.0,2,0.001721959797598352
0.03145193572368044,0.03145193572368044,0.03145193572368044,0.03145193572368044,0.0,0.0,0.0,0.0,2,0.001721959797598352
0.03145193572368044,0.03145193572368044,0.03145193572368044,0.03145193572368044,0.0,0.0,0.0,0.0,2,0.001721959797598352
0.03145193572368044,0.03145193572368044,0.03145193572368044,0.03145193572368044,0.0,0.0,0.0,0.0,2,0.001721959797598352
0.03145193572368044,0.03145193572368044,0.03145193572368044,0.03145193572368044,0.0,0.0,0.0,0.0,2,0.001721959797598352
0.03145193572368044,0.03145193572368044,0.03145193572368044,0.03145193572368044,0.0,0.0,0.0,0.0,2,0.001721959797598352
0.03145193572368044,0.03145193572368044,0.03145193572368044,0.03145193572368044,0.0,0.0,0.0,0.0,2,0.001721959797598352
0.03145193572368044,0.03145193572368044,0.03145193572368044,0.03145193572368044,0.0,0.0,0.0,0.0,2,0.001721959797598352
0.03145193572368044,0.03145193572368044,0.03145193572368044,0.03145193572368044,0.0,0.0,0.0,0.0,2,0.001721959797598352
0.03145193572368044,0.03145193572368044,0.03145193572368044,0.03145193572368044,0.0,0.0,0.0,0.0,2,0.001721959797598352
0.03145193572368044,0.03145193572368044,0.03145193572368044,0.03145193572368044,0.0,0.0,0.0,0.0,2,0.001721959797598352
0.03145193572368044,0.03145193572368044,0.03145193572368044,0.03145193572368044,0.0,0.0,0.0,0.0,2,0.001721959797598352
0.03145193572368044,0.03145193572368044,0.03145193572368044,0.03145193572368044,0.0,0.0,0.0,0.0,2,0.001721959797598352
0.03145193572368044,0.03145193572368044,0.03145193572368044,0.03145193572368044,0.0,0.0,0.0,0.0,2,0.001721959797598352
0.03145193572368044,0.03145193572368044,0.03145193572368044,0.03145193572368044,0.0,0.0,0.0,0.0,2,0.001721959797598352
0.03145193572368044,0.03145193572368044,0.03145193572368044,0.03145193572368044,0.0,0.0,0.0,0.0,2,0.001721959797598352
0.03145193572368044,0.03145193572368044,0.03145193572368044,0.03145193572368044,0.0,0.0,0.0,0.0,2,0.001721959797598352
0.03145193572368044,0.03145193572368044,0.03145193572368044,0.03145193572368044,0.0,0.0,0.0,0.0,2,0.001721959797598352
0.03145193572368044,0.03145193572368044,0.03145193572368044,0.03145193572368044,0.0,0.0,0.0,0.0,2,0.001721959797598352
0.03145193572368044,0.03145193572368044,0.03145193572368044,0.03145193572368044,0.0,0.0,0.0,0.0,2,0.001721959797598352
0.03145193572368044,0.03145193572368044,0.03145193572368044,0.03145193572368044,0.0,0.0,0.0,0.0,2,0.001721959797598352
0.03145193572368044,0.03145193572368044,0.03145193572368044,0.03145193572368044,0.0,0.0,0.0,0.0,2,0.001721959797598352
0.03145193572368044,0.03145193572368044,0.03145193572368044,0.03145193572368044,0.0,0.0,0.0,0.0,2,0.001721959797598352
0.03145193572368044,0.03145193572368044,0.03145193572368044,0.03145193572368044,0.0,0.0,0.0,0.0,2,0.001721959797598352
0.03145193572368044,0.03145193572368044,0.03145193572368044,0.03145193572368044,0.0,0.0,0.0,0.0,2,0.001721959797598352
0.03145193572368044,0.03145193572368044,0.03145193572368044,0.03145193572368044,0.0,0.0,0.0,0.0,2,0.001721959797598352
0.03145193572368044,0.03145193572368044,0.03145193572368044,0.03145193572368044,0.0,0.0,0.0,0.0,2,0.001721959797598352
0.03145193572368044,0.03145193572368044,0.03145193572368044,0.03145193572368044,0.0,0.0,0.0,0.0,2,0.001721959797598352
0.03145193572368044,0.03145193572368044,0.03145193572368044,0.03145193572368044,0.0,0.0,0.0,0.0,2,0.001721959797598352
0.03145193572368044,0.03145193572368044,0.03145193572368044,0.03145193572368044,0.0,0.0,0.0,0.0,2,0.001721959797598352
0.03145193572368044,0.03145193572368044,0.03145193572368044,0.03145193572368044,0.0,0.0,0.0,0.0,2,0.001721959797598352
0.03145193572368044,0.03145193572368044,0.03145193572368044,0.03145193572368044,0.0,0.0,0.0,0.0,2,0.001721959797598352
0.03145193572368044,0.03145193572368044,0.03145193572368044,0.03145193572368044,0.0,0.0,0.0,0.0,2,0.001721959797598352
0.03145193572368044,0.03145193572368044,0.03145193572368044,0.03145193572368044,0.0,0.0,0.0,0.0,2,0.001721959797598352
0.03145193572368044,0.03145193572368044,0.03145193572368044,0.03145193572368044,0.0,0.0,0.0,0.0,2,0.001721959797598352
0.03145193572368044,0.03145193572368044,0.03145193572368044,0.03145193572368044,0.0,0.0,0.0,0.0,2,0.001721959797598352
0.03145193572368044,0.03145193572368044,0.03145193572368044,0.03145193572368044,0.0,0.0,0.0,0.0,2,0.001721959797598352
0.03145193572368044,0.03145193572368044,0.03145193572368044,0.03145193572368044,0.0,0.0,0.0,0.0,2,0.001721959797598352
0.03145193572368044,0.03145193572368044,0.03145193572368044,0.03145193572368044,0.0,0.0,0.0,0.0,2,0.001721959797598352
0.03145193572368044,0.03145193572368044,0.03145193572368044,0.03145193572368044,0.0,0.0,0.0,0.0,2,0.001721959797598352
0.03145193572368044,0.03145193572368044,0.03145193572368044,0.03145193572368044,0.0,0.0,0.0,0.0,2,0.001721959797598352
0.03145193572368044,0.03145193572368044,0.03145193572368044,0.03145193572368044,0.0,0.0,0.0,0.0,2,0.001721959797598352
0.03145193572368044,0.03145193572368044,0.03145193572368044,0.03145193572368044,0.0,0.0,0.0,0.0,2,0.001721959797598352
0.03145193572368044,0.03145193572368044,0.03145193572368044,0.03145193572368044,0.0,0.0,0.0,0.0,2,0.001721959797598352
0.03145193572368044,0.03145193572368044,0.03145193572368044,0.03145193572368044,0.0,0.0,0.0,0.0,2,0.001721959797598352
0.03145193572368044,0.03145193572368044,0.03145193572368044,0.03145193572368044,0.0,0.0,0.0,0.0,2,0.001721959797598352
0.03145193572368044,0.03145193572368044,0.03145193572368044,0.03145193572368044,0.0,0.0,0.0,0.0,2,0.001721959797598352
0.03145193572368044,0.03145193572368044,0.03145193572368044,0.03145193572368044,0.0,0.0,0.0,0.0,2,0.001721959797598352
0.03145193572368044,0.03145193572368044,0.03145193572368044,0.03145193572368044,0.0,0.0,0.0,0.0,2,0.001721959797598352
0.03145193572368044,0.03145193572368044,0.03145193572368044,0.03145193572368044,0.0,0.0,0.0,0.0,2,0.001721959797598352
0.03145193572368044,0.03145193572368044,0.03145193572368044,0.03145193572368044,0.0,0.0,0.0,0.0,2,0.001721959797598352
0.03145193572368044,0.03145193572368044,0.03145193572368044,0.03145193572368044,0.0,0.0,0.0,0.0,2,0.001721959797598352
0.03145193572368044,0.03145193572368044,0.03145193572368044,0.03145193572368044,0.0,0.0,0.0,0.0,2,0.001721959797598352
0.03145193572368044,0.03145193572368044,0.03145193572368044,0.03145193572368044,0.0,0.0,0.0,0.0,2,0.001721959797598352
0.03145193572368044,0.03145193572368044,0.03145193572368044,0.03145193572368044,0.0,0.0,0.0,0.0,2,0.001721959797598352
0.03145193572368044,0.03145193572368044,0.03145193572368044,0.03145193572368044,0.0,0.0,0.0,0.0,2,0.001721959797598352
0.03145193572368044,0.03145193572368044,0.03145193572368044,0.03145193572368044,0.0,0.0,0.0,0.0,2,0.001721959797598352
0.03145193572368044,0.03145193572368044,0.03145193572368044,0.03145193572368044,0.0,0.0,0.0,0.0,2,0.001721959797598352
0.03145193572368044,0.03145193572368044,0.03145193572368044,0.03145193572368044,0.0,0.0,0.0,0.0,2,0.001721959797598352
0.03145193572368044,0.03145193572368044,0.03145193572368044,0.03145193572368044,0.0,0.0,0.0,0.0,2,0.001721959797598352
0.03145193572368044,0.03145193572368044,0.03145193572368044,0.03145193572368044,0.0,0.0,0.0,0.0,2,0.001721959797598352
0.03145193572368044,0.03145193572368044,0.03145193572368044,0.03145193572368044,0.0,0.0,0.0,0.0,2,0.001721959797598352
0.03145193572368044,0.03145193572368044,0.03145193572368044,0.03145193572368044,0.0,0.0,0.0,0.0,2,0.001721959797598352
0.03145193572368044,0.03145193572368044,0.03145193572368044,0.03145193572368044,0.0,0.0,0.0,0.0,2,0.001721959797598352
0.03145193572368044,0.03145193572368044,0.03145193572368044,0.03145193572368044,0.0,0.0,0.0,0.0,2,0.001721959797598352
0.03145193572368044,0.03145193572368044,0.03145193572368044,0.03145193572368044,0.0,0.0,0.0,0.0,2,0.001721959797598352
0.03145193572368044,0.03145193572368044,0.03145193572368044,0.03145193572368044,0.0,0.0,0.0,0.0,2,0.001721959797598352
0.03145193572368044,0.03145193572368044,0.03145193572368044,0.03145193572368044,0.0,0.0,0.0,0.0,2,0.001721959797598352
0.03145193572368044,0.03145193572368044,0.03145193572368044,0.03145193572368044,0.0,0.0,0.0,0.0,2,0.001721959797598352
0.03145193572368044,0.03145193572368044,0.03145193572368044,0.03145193572368044,0.0,0.0,0.0,0.0,2,0.001721959797598352
0.03145193572368044,0.03145193572368044,0.03145193572368044,0.03145193572368044,0.0,0.0,0.0,0.0,2,0.001721959797598352
0.03145193572368044,0.03145193572368044,0.03145193572368044,0.03145193572368044,0.0,0.0,0.0,0.0,2,0.001721959797598352
0.03145193572368044,0.03145193572368044,0.03145193572368044,0.03145193572368044,0.0,0.0,0.0,0.0,2,0.001721959797598352
0.03145193572368044,0.03145193572368044,0.03145193572368044,0.03145193572368044,0.0,0.0,0.0,0.0,2,0.001721959797598352
0.03145193572368044,0.03145193572368044,0.03145193572368044,0.03145193572368044,0.0,0.0,0.0,0.0,2,0.001721959797598352
0.03145193572368044,0.03145193572368044,0.03145193572368044,0.03145193572368044,0.0,0.0,0.0,0.0,1,0.001721959797598352
0.03145193572368044,0.03145193572368044,0.03145193572368044,0.03145193572368044,0.0,0.0,0.0,0.0,1,0.001721959797598352
0.03145193572368044,0.03145193572368044,0.03145193572368044,0.03145193572368044,0.0,0.0,0.0,0.0,1,0.001721959797598352
0.03145193572368044,0.03145193572368044,0.03145193572368044,0.03145193572368044,0.0,0.0,0.0,0.0,2,0.001721959797598352
0.03145193572368044,0.03145193572368044,0.03145193572368044,0.03145193572368044,0.0,0.0,0.0,0.0,2,0.001721959797598352
0.03145193572368044,0.03145193572368044,0.03145193572368044,0.03145193572368044,0.0,0.0,0.0,0.0,2,0.001721959797598352
0.03145193572368044,0.03145193572368044,0.03145193572368044,0.03145193572368044,0.0,0.0,0.0,0.0,2,0.001721959797598352
0.03145193572368044,0.03145193572368044,0.03145193572368044,0.03145193572368044,0.0,0.0,0.0,0.0,2,0.001721959797598352
0.03145193572368044,0.03145193572368044,0.03145193572368044,0.03145193572368044,0.0,0.0,0.0,0.0,2,0.001721959797598352
0.03145193572368044,0.03145193572368044,0.03145193572368044,0.03145193572368044,0.0,0.0,0.0,0.0,1,0.001721959797598352
0.03145193572368044,0.03145193572368044,0.03145193572368044,0.03145193572368044,0.0,0.0,0.0,0.0,2,0.001721959797598352
0.03145193572368044,0.03145193572368044,0.03145193572368044,0.03145193572368044,0.0,0.0,0.0,0.0,2,0.001721959797598352
0.03145193572368044,0.03145193572368044,0.03145193572368044,0.03145193572368044,0.0,0.0,0.0,0.0,2,0.001721959797598352
0.03145193572368044,0.03145193572368044,0.03145193572368044,0.03145193572368044,0.0,0.0,0.0,0.0,2,0.001721959797598352
0.03145193572368044,0.03145193572368044,0.03145193572368044,0.03145193572368044,0.0,0.0,0.0,0.0,2,0.001721959797598352
0.03145193572368044,0.03145193572368044,0.03145193572368044,0.03145193572368044,0.0,0.0,0.0,0.0,2,0.001721959797598352
0.03145193572368044,0.03145193572368044,0.03145193572368044,0.03145193572368044,0.0,0.0,0.0,0.0,2,0.001721959797598352
0.03145193572368044,0.03145193572368044,0.03145193572368044,0.03145193572368044,0.0,0.0,0.0,0.0,2,0.001721959797598352
0.03145193572368044,0.03145193572368044,0.03145193572368044,0.03145193572368044,0.0,0.0,0.0,0.0,2,0.001721959797598352
0.03145193572368044,0.03145193572368044,0.03145193572368044,0.03145193572368044,0.0,0.0,0.0,0.0,2,0.001721959797598352
0.03145193572368044,0.03145193572368044,0.03145193572368044,0.03145193572368044,0.0,0.0,0.0,0.0,2,0.001721959797598352
0.03145193572368044,0.03145193572368044,0.03145193572368044,0.03145193572368044,0.0,0.0,0.0,0.0,2,0.001721959797598352
0.03145193572368044,0.03145193572368044,0.03145193572368044,0.03145193572368044,0.0,0.0,0.0,0.0,2,0.001721959797598352
0.03145193572368044,0.03145193572368044,0.03145193572368044,0.03145193572368044,0.0,0.0,0.0,0.0,2,0.001721959797598352
0.03145193572368044,0.03145193572368044,0.03145193572368044,0.03145193572368044,0.0,0.0,0.0,0.0,2,0.001721959797598352
0.03145193572368044,0.03145193572368044,0.03145193572368044,0.03145193572368044,0.0,0.0,0.0,0.0,2,0.001721959797598352
0.03145193572368044,0.03145193572368044,0.03145193572368044,0.03145193572368044,0.0,0.0,0.0,0.0,2,0.001721959797598352
0.03145193572368044,0.03145193572368044,0.03145193572368044,0.03145193572368044,0.0,0.0,0.0,0.0,2,0.001721959797598352
0.03145193572368044,0.03145193572368044,0.03145193572368044,0.03145193572368044,0.0,0.0,0.0,0.0,2,0.001721959797598352
0.03145193572368044,0.03145193572368044,0.03145193572368044,0.03145193572368044,0.0,0.0,0.0,0.0,3,0.001721959797598352
0.03145193572368044,0.03145193572368044,0.03145193572368044,0.03145193572368044,0.0,0.0,0.0,0.0,2,0.001721959797598352
0.03145193572368044,0.03145193572368044,0.03145193572368044,0.03145193572368044,0.0,0.0,0.0,0.0,2,0.001721959797598352
0.03145193572368044,0.03145193572368044,0.03145193572368044,0.03145193572368044,0.0,0.0,0.0,0.0,2,0.001721959797598352
0.03145193572368044,0.03145193572368044,0.03145193572368044,0.03145193572368044,0.0,0.0,0.0,0.0,2,0.001721959797598352
0.03145193572368044,0.03145193572368044,0.03145193572368044,0.03145193572368044,0.0,0.0,0.0,0.0,2,0.001721959797598352
0.03145193572368044,0.03145193572368044,0.03145193572368044,0.03145193572368044,0.0,0.0,0.0,0.0,2,0.001721959797598352
0.03145193572368044,0.03145193572368044,0.03145193572368044,0.03145193572368044,0.0,0.0,0.0,0.0,2,0.001721959797598352
0.03145193572368044,0.03145193572368044,0.03145193572368044,0.03145193572368044,0.0,0.0,0.0,0.0,2,0.001721959797598352
0.03145193572368044,0.03145193572368044,0.03145193572368044,0.03145193572368044,0.0,0.0,0.0,0.0,2,0.001721959797598352
0.03145193572368044,0.03145193572368044,0.03145193572368044,0.03145193572368044,0.0,0.0,0.0,0.0,2,0.001721959797598352
0.03145193572368044,0.03145193572368044,0.03145193572368044,0.03145193572368044,0.0,0.0,0.0,0.0,2,0.001721959797598352
0.03145193572368044,0.03145193572368044,0.03145193572368044,0.03145193572368044,0.0,0.0,0.0,0.0,2,0.001721959797598352
0.03145193572368044,0.03145193572368044,0.03145193572368044,0.03145193572368044,0.0,0.0,0.0,0.0,2,0.001721959797598352
0.03145193572368044,0.03145193572368044,0.03145193572368044,0.03145193572368044,0.0,0.0,0.0,0.0,2,0.001721959797598352
0.03145193572368044,0.03145193572368044,0.03145193572368044,0.03145193572368044,0.0,0.0,0.0,0.0,2,0.001721959797598352
0.03145193572368044,0.03145193572368044,0.03145193572368044,0.03145193572368044,0.0,0.0,0.0,0.0,2,0.001721959797598352
0.03145193572368044,0.03145193572368044,0.03145193572368044,0.03145193572368044,0.0,0.0,0.0,0.0,2,0.001721959797598352
0.03145193572368044,0.03145193572368044,0.03145193572368044,0.03145193572368044,0.0,0.0,0.0,0.0,2,0.001721959797598352
0.03145193572368044,0.03145193572368044,0.03145193572368044,0.03145193572368044,0.0,0.0,0.0,0.0,2,0.001721959797598352
0.03145193572368044,0.03145193572368044,0.03145193572368044,0.03145193572368044,0.0,0.0,0.0,0.0,2,0.001721959797598352
0.03145193572368044,0.03145193572368044,0.03145193572368044,0.03145193572368044,0.0,0.0,0.0,0.0,2,0.001721959797598352
0.03145193572368044,0.03145193572368044,0.03145193572368044,0.03145193572368044,0.0,0.0,0.0,0.0,2,0.001721959797598352
0.03145193572368044,0.03145193572368044,0.03145193572368044,0.03145193572368044,0.0,0.0,0.0,0.0,2,0.001721959797598352
0.03145193572368044,0.03145193572368044,0.03145193572368044,0.03145193572368044,0.0,0.0,0.0,0.0,2,0.001721959797598352
0.03145193572368044,0.03145193572368044,0.03145193572368044,0.03145193572368044,0.0,0.0,0.0,0.0,2,0.001721959797598352
0.03145193572368044,0.03145193572368044,0.03145193572368044,0.03145193572368044,0.0,0.0,0.0,0.0,2,0.001721959797598352
0.03145193572368044,0.03145193572368044,0.03145193572368044,0.03145193572368044,0.0,0.0,0.0,0.0,2,0.001721959797598352
0.03145193572368044,0.03145193572368044,0.03145193572368044,0.03145193572368044,0.0,0.0,0.0,0.0,2,0.001721959797598352
0.03145193572368044,0.03145193572368044,0.03145193572368044,0.03145193572368044,0.0,0.0,0.0,0.0,2,0.001721959797598352
0.03145193572368044,0.03145193572368044,0.03145193572368044,0.03145193572368044,0.0,0.0,0.0,0.0,2,0.001721959797598352
0.03145193572368044,0.03145193572368044,0.03145193572368044,0.03145193572368044,0.0,0.0,0.0,0.0,2,0.001721959797598352
0.03145193572368044,0.03145193572368044,0.03145193572368044,0.03145193572368044,0.0,0.0,0.0,0.0,2,0.001721959797598352
0.03145193572368044,0.03145193572368044,0.03145193572368044,0.03145193572368044,0.0,0.0,0.0,0.0,2,0.001721959797598352
0.03145193572368044,0.03145193572368044,0.03145193572368044,0.03145193572368044,0.0,0.0,0.0,0.0,2,0.001721959797598352
0.03145193572368044,0.03145193572368044,0.03145193572368044,0.03145193572368044,0.0,0.0,0.0,0.0,2,0.001721959797598352
0.03145193572368044,0.03145193572368044,0.03145193572368044,0.03145193572368044,0.0,0.0,0.0,0.0,2,0.001721959797598352
0.03145193572368044,0.03145193572368044,0.03145193572368044,0.03145193572368044,0.0,0.0,0.0,0.0,2,0.001721959797598352
0.03145193572368044,0.03145193572368044,0.03145193572368044,0.03145193572368044,0.0,0.0,0.0,0.0,2,0.001721959797598352
0.03145193572368044,0.03145193572368044,0.03145193572368044,0.03145193572368044,0.0,0.0,0.0,0.0,2,0.001721959797598352
0.03145193572368044,0.03145193572368044,0.03145193572368044,0.03145193572368044,0.0,0.0,0.0,0.0,2,0.001721959797598352
0.03145193572368044,0.03145193572368044,0.03145193572368044,0.03145193572368044,0.0,0.0,0.0,0.0,2,0.001721959797598352
0.03145193572368044,0.03145193572368044,0.03145193572368044,0.03145193572368044,0.0,0.0,0.0,0.0,2,0.001721959797598352
0.03145193572368044,0.03145193572368044,0.03145193572368044,0.03145193572368044,0.0,0.0,0.0,0.0,2,0.001721959797598352
0.03145193572368044,0.03145193572368044,0.03145193572368044,0.03145193572368044,0.0,0.0,0.0,0.0,2,0.001721959797598352
0.03145193572368044,0.03145193572368044,0.03145193572368044,0.03145193572368044,0.0,0.0,0.0,0.0,2,0.001721959797598352
0.03145193572368044,0.03145193572368044,0.03145193572368044,0.03145193572368044,0.0,0.0,0.0,0.0,2,0.001721959797598352
0.03145193572368044,0.03145193572368044,0.03145193572368044,0.03145193572368044,0.0,0.0,0.0,0.0,2,0.001721959797598352
0.03145193572368044,0.03145193572368044,0.03145193572368044,0.03145193572368044,0.0,0.0,0.0,0.0,2,0.001721959797598352
0.03145193572368044,0.03145193572368044,0.03145193572368044,0.03145193572368044,0.0,0.0,0.0,0.0,2,0.001721959797598352
0.03145193572368044,0.03145193572368044,0.03145193572368044,0.03145193572368044,0.0,0.0,0.0,0.0,2,0.001721959797598352
0.03145193572368044,0.03145193572368044,0.03145193572368044,0.03145193572368044,0.0,0.0,0.0,0.0,2,0.001721959797598352
0.03145193572368044,0.03145193572368044,0.03145193572368044,0.03145193572368044,0.0,0.0,0.0,0.0,2,0.001721959797598352
0.03145193572368044,0.03145193572368044,0.03145193572368044,0.03145193572368044,0.0,0.0,0.0,0.0,2,0.001721959797598352
0.03145193572368044,0.03145193572368044,0.03145193572368044,0.03145193572368044,0.0,0.0,0.0,0.0,2,0.001721959797598352
0.03145193572368044,0.03145193572368044,0.03145193572368044,0.03145193572368044,0.0,0.0,0.0,0.0,2,0.001721959797598352
0.03145193572368044,0.03145193572368044,0.03145193572368044,0.03145193572368044,0.0,0.0,0.0,0.0,2,0.001721959797598352
0.03145193572368044,0.03145193572368044,0.03145193572368044,0.03145193572368044,0.0,0.0,0.0,0.0,2,0.001721959797598352
0.03145193572368044,0.03145193572368044,0.03145193572368044,0.03145193572368044,0.0,0.0,0.0,0.0,2,0.001721959797598352
0.03145193572368044,0.03145193572368044,0.03145193572368044,0.03145193572368044,0.0,0.0,0.0,0.0,2,0.001721959797598352
0.03145193572368044,0.03145193572368044,0.03145193572368044,0.03145193572368044,0.0,0.0,0.0,0.0,2,0.001721959797598352
0.03145193572368044,0.03145193572368044,0.03145193572368044,0.03145193572368044,0.0,0.0,0.0,0.0,2,0.001721959797598352
0.03145193572368044,0.03145193572368044,0.03145193572368044,0.03145193572368044,0.0,0.0,0.0,0.0,2,0.001721959797598352
0.03145193572368044,0.03145193572368044,0.03145193572368044,0.03145193572368044,0.0,0.0,0.0,0.0,2,0.001721959797598352
0.03145193572368044,0.03145193572368044,0.03145193572368044,0.03145193572368044,0.0,0.0,0.0,0.0,2,0.001721959797598352
0.03145193572368044,0.03145193572368044,0.03145193572368044,0.03145193572368044,0.0,0.0,0.0,0.0,2,0.001721959797598352
0.03145193572368044,0.03145193572368044,0.03145193572368044,0.03145193572368044,0.0,0.0,0.0,0.0,2,0.001721959797598352
0.03145193572368044,0.03145193572368044,0.03145193572368044,0.03145193572368044,0.0,0.0,0.0,0.0,2,0.001721959797598352
0.03145193572368044,0.03145193572368044,0.03145193572368044,0.03145193572368044,0.0,0.0,0.0,0.0,2,0.001721959797598352
0.03145193572368044,0.03145193572368044,0.03145193572368044,0.03145193572368044,0.0,0.0,0.0,0.0,2,0.001721959797598352
0.03145193572368044,0.03145193572368044,0.03145193572368044,0.03145193572368044,0.0,0.0,0.0,0.0,2,0.001721959797598352
0.03145193572368044,0.03145193572368044,0.03145193572368044,0.03145193572368044,0.0,0.0,0.0,0.0,2,0.001721959797598352
0.03145193572368044,0.03145193572368044,0.03145193572368044,0.03145193572368044,0.0,0.0,0.0,0.0,2,0.001721959797598352
0.03145193572368044,0.03145193572368044,0.03145193572368044,0.03145193572368044,0.0,0.0,0.0,0.0,2,0.001721959797598352
0.03145193572368044,0.03145193572368044,0.03145193572368044,0.03145193572368044,0.0,0.0,0.0,0.0,2,0.001721959797598352
0.03145193572368044,0.03145193572368044,0.03145193572368044,0.03145193572368044,0.0,0.0,0.0,0.0,2,0.001721959797598352
0.03145193572368044,0.03145193572368044,0.03145193572368044,0.03145193572368044,0.0,0.0,0.0,0.0,2,0.001721959797598352
0.03145193572368044,0.03145193572368044,0.03145193572368044,0.03145193572368044,0.0,0.0,0.0,0.0,2,0.001721959797598352
0.03145193572368044,0.03145193572368044,0.03145193572368044,0.03145193572368044,0.0,0.0,0.0,0.0,2,0.001721959797598352
0.03145193572368044,0.03145193572368044,0.03145193572368044,0.03145193572368044,0.0,0.0,0.0,0.0,2,0.001721959797598352
0.03145193572368044,0.03145193572368044,0.03145193572368044,0.03145193572368044,0.0,0.0,0.0,0.0,2,0.001721959797598352
0.03145193572368044,0.03145193572368044,0.03145193572368044,0.03145193572368044,0.0,0.0,0.0,0.0,2,0.001721959797598352
0.03145193572368044,0.03145193572368044,0.03145193572368044,0.03145193572368044,0.0,0.0,0.0,0.0,2,0.001721959797598352
0.03145193572368044,0.03145193572368044,0.03145193572368044,0.03145193572368044,0.0,0.0,0.0,0.0,2,0.001721959797598352
0.03145193572368044,0.03145193572368044,0.03145193572368044,0.03145193572368044,0.0,0.0,0.0,0.0,2,0.001721959797598352
0.03145193572368044,0.03145193572368044,0.03145193572368044,0.03145193572368044,0.0,0.0,0.0,0.0,2,0.001721959797598352
0.03145193572368044,0.03145193572368044,0.03145193572368044,0.03145193572368044,0.0,0.0,0.0,0.0,2,0.001721959797598352
0.03145193572368044,0.03145193572368044,0.03145193572368044,0.03145193572368044,0.0,0.0,0.0,0.0,2,0.001721959797598352
0.03145193572368044,0.03145193572368044,0.03145193572368044,0.03145193572368044,0.0,0.0,0.0,0.0,2,0.001721959797598352
0.03145193572368044,0.03145193572368044,0.03145193572368044,0.03145193572368044,0.0,0.0,0.0,0.0,2,0.001721959797598352
0.03145193572368044,0.03145193572368044,0.03145193572368044,0.03145193572368044,0.0,0.0,0.0,0.0,2,0.001721959797598352
0.03145193572368044,0.03145193572368044,0.03145193572368044,0.03145193572368044,0.0,0.0,0.0,0.0,2,0.001721959797598352
0.03145193572368044,0.03145193572368044,0.03145193572368044,0.03145193572368044,0.0,0.0,0.0,0.0,2,0.001721959797598352
0.03145193572368044,0.03145193572368044,0.03145193572368044,0.03145193572368044,0.0,0.0,0.0,0.0,2,0.001721959797598352
0.03145193572368044,0.03145193572368044,0.03145193572368044,0.03145193572368044,0.0,0.0,0.0,0.0,2,0.001721959797598352
0.03145193572368044,0.03145193572368044,0.03145193572368044,0.03145193572368044,0.0,0.0,0.0,0.0,2,0.001721959797598352
0.03145193572368044,0.03145193572368044,0.03145193572368044,0.03145193572368044,0.0,0.0,0.0,0.0,2,0.001721959797598352
0.03145193572368044,0.03145193572368044,0.03145193572368044,0.03145193572368044,0.0,0.0,0.0,0.0,2,0.001721959797598352
0.03145193572368044,0.03145193572368044,0.03145193572368044,0.03145193572368044,0.0,0.0,0.0,0.0,2,0.001721959797598352
0.03145193572368044,0.03145193572368044,0.03145193572368044,0.03145193572368044,0.0,0.0,0.0,0.0,2,0.001721959797598352
0.03145193572368044,0.03145193572368044,0.03145193572368044,0.03145193572368044,0.0,0.0,0.0,0.0,2,0.001721959797598352
0.03145193572368044,0.03145193572368044,0.03145193572368044,0.03145193572368044,0.0,0.0,0.0,0.0,2,0.001721959797598352
0.03145193572368044,0.03145193572368044,0.03145193572368044,0.03145193572368044,0.0,0.0,0.0,0.0,2,0.001721959797598352
0.03145193572368044,0.03145193572368044,0.03145193572368044,0.03145193572368044,0.0,0.0,0.0,0.0,2,0.001721959797598352
0.03145193572368044,0.03145193572368044,0.03145193572368044,0.03145193572368044,0.0,0.0,0.0,0.0,2,0.001721959797598352
0.03145193572368044,0.03145193572368044,0.03145193572368044,0.03145193572368044,0.0,0.0,0.0,0.0,2,0.001721959797598352
0.03145193572368044,0.03145193572368044,0.03145193572368044,0.03145193572368044,0.0,0.0,0.0,0.0,2,0.001721959797598352
0.03145193572368044,0.03145193572368044,0.03145193572368044,0.03145193572368044,0.0,0.0,0.0,0.0,2,0.001721959797598352
0.03145193572368044,0.03145193572368044,0.03145193572368044,0.03145193572368044,0.0,0.0,0.0,0.0,2,0.001721959797598352
0.03145193572368044,0.03145193572368044,0.03145193572368044,0.03145193572368044,0.0,0.0,0.0,0.0,2,0.001721959797598352
0.03145193572368044,0.03145193572368044,0.03145193572368044,0.03145193572368044,0.0,0.0,0.0,0.0,2,0.001721959797598352
0.03145193572368044,0.03145193572368044,0.03145193572368044,0.03145193572368044,0.0,0.0,0.0,0.0,2,0.001721959797598352
0.03145193572368044,0.03145193572368044,0.03145193572368044,0.03145193572368044,0.0,0.0,0.0,0.0,2,0.001721959797598352
0.03145193572368044,0.03145193572368044,0.03145193572368044,0.03145193572368044,0.0,0.0,0.0,0.0,2,0.001721959797598352
0.03145193572368044,0.03145193572368044,0.03145193572368044,0.03145193572368044,0.0,0.0,0.0,0.0,2,0.001721959797598352
0.03145193572368044,0.03145193572368044,0.03145193572368044,0.03145193572368044,0.0,0.0,0.0,0.0,2,0.001721959797598352
0.03145193572368044,0.03145193572368044,0.03145193572368044,0.03145193572368044,0.0,0.0,0.0,0.0,2,0.001721959797598352
0.03145193572368044,0.03145193572368044,0.03145193572368044,0.03145193572368044,0.0,0.0,0.0,0.0,1,0.001721959797598352
0.03145193572368044,0.03145193572368044,0.03145193572368044,0.03145193572368044,0.0,0.0,0.0,0.0,2,0.001721959797598352
0.03145193572368044,0.03145193572368044,0.03145193572368044,0.03145193572368044,0.0,0.0,0.0,0.0,2,0.001721959797598352
0.03145193572368044,0.03145193572368044,0.03145193572368044,0.03145193572368044,0.0,0.0,0.0,0.0,1,0.001721959797598352
0.03145193572368044,0.03145193572368044,0.03145193572368044,0.03145193572368044,0.0,0.0,0.0,0.0,1,0.001721959797598352
0.03145193572368044,0.03145193572368044,0.03145193572368044,0.03145193572368044,0.0,0.0,0.0,0.0,2,0.001721959797598352
0.03145193572368044,0.03145193572368044,0.03145193572368044,0.03145193572368044,0.0,0.0,0.0,0.0,1,0.001721959797598352
0.03145193572368044,0.03145193572368044,0.03145193572368044,0.03145193572368044,0.0,0.0,0.0,0.0,2,0.001721959797598352
0.03145193572368044,0.03145193572368044,0.03145193572368044,0.03145193572368044,0.0,0.0,0.0,0.0,2,0.001721959797598352
0.03145193572368044,0.03145193572368044,0.03145193572368044,0.03145193572368044,0.0,0.0,0.0,0.0,1,0.001721959797598352
0.03145193572368044,0.03145193572368044,0.03145193572368044,0.03145193572368044,0.0,0.0,0.0,0.0,2,0.001721959797598352
0.03145193572368044,0.03145193572368044,0.03145193572368044,0.03145193572368044,0.0,0.0,0.0,0.0,2,0.001721959797598352
0.03145193572368044,0.03145193572368044,0.03145193572368044,0.03145193572368044,0.7000000000000001,0.7000000000000001,0.30000000000000004,0.30000000000000004,1,0.001721959797598352
0.03145193572368044,0.03145193572368044,0.03145193572368044,0.03145193572368044,1.7000000000000002,1.7000000000000002,0.7000000000000001,0.7000000000000001,1,0.001721959797598352
0.03145193572368044,0.03145193572368044,0.03145193572368044,0.03145193572368044,3.2,3.2,1.2000000000000002,1.2000000000000002,1,0.001721959797598352
0.03145193572368044,0.03145193572368044,0.03145193572368044,0.03145193572368044,4.2,4.2,1.7000000000000002,1.7000000000000002,1,0.001721959797598352
0.03145193572368044,0.03145193572368044,0.03145193572368044,0.03145193572368044,4.9,4.9,2.3000000000000003,2.3000000000000003,2,0.001721959797598352
0.03145193572368044,0.03145193572368044,0.03145193572368044,0.03145193572368044,5.4,5.4,2.9000000000000004,2.9000000000000004,2,0.001721959797598352
0.03145193572368044,0.03145193572368044,0.03145193572368044,0.03145193572368044,5.800000000000001,5.800000000000001,3.3000000000000003,3.3000000000000003,1,0.001721959797598352
0.03145193572368044,0.03145193572368044,0.03145193572368044,0.03145193572368044,6.1000000000000005,6.1000000000000005,3.6,3.6,1,0.001721959797598352
0.03145193572368044,0.03145193572368044,0.03145193572368044,0.03145193572368044,6.4,6.4,4.0,4.0,1,0.001721959797598352
0.03145193572368044,0.03145193572368044,0.03145193572368044,0.03145193572368044,7.0,7.0,4.5,4.5,1,0.001721959797598352
0.03145193572368044,0.03145193572368044,0.03145193572368044,0.03145193572368044,8.0,8.0,5.300000000000001,5.300000000000001,1,0.001721959797598352
0.03145193572368044,0.03145193572368044,0.03145193572368044,0.03145193572368044,9.3,9.3,6.7,6.7,1,0.001721959797598352
0.03145193572368044,0.03145193572368044,0.03145193572368044,0.03145193572368044,11.100000000000001,11.100000000000001,8.1,8.1,1,0.001721959797598352
0.03145193572368044,0.03145193572368044,0.03145193572368044,0.03145193572368044,13.200000000000001,13.200000000000001,9.700000000000001,9.700000000000001,1,0.001721959797598352
0.03145193572368044,0.03145193572368044,0.03145193572368044,0.03145193572368044,15.5,15.5,11.600000000000001,11.600000000000001,1,0.001721959797598352
0.03145193572368044,0.03145193572368044,0.03145193572368044,0.03145193572368044,18.2,18.2,13.600000000000001,13.600000000000001,1,0.001721959797598352
0.03145193572368044,0.03145193572368044,0.03145193572368044,0.03145193572368044,20.900000000000002,20.900000000000002,15.700000000000001,15.700000000000001,2,0.001721959797598352
0.03145193572368044,0.03145193572368044,0.03145193572368044,0.03145193572368044,23.5,23.5,18.1,18.1,2,0.001721959797598352
0.03145193572368044,0.03145193572368044,0.03145193572368044,0.03145193572368044,25.6,25.6,20.400000000000002,20.400000000000002,2,0.001721959797598352
0.03145193572368044,0.03145193572368044,0.03145193572368044,0.03145193572368044,27.5,27.5,23.1,23.1,2,0.001721959797598352
0.03145193572368044,0.03145193572368044,0.03145193572368044,0.03145193572368044,29.200000000000003,29.200000000000003,25.5,25.5,2,0.001721959797598352
0.03145193572368044,0.03145193572368044,0.03145193572368044,0.03145193572368044,30.900000000000002,30.900000000000002,27.700000000000003,27.700000000000003,2,0.001721959797598352
0.03145193572368044,0.03145193572368044,0.03145193572368044,0.03145193572368044,32.7,32.7,29.700000000000003,29.700000000000003,1,0.001721959797598352
0.03145193572368044,0.03145193572368044,0.03145193572368044,0.03145193572368044,34.4,34.4,31.8,31.8,1,0.001721959797598352
0.03145193572368044,0.03145193572368044,0.03145193572368044,0.03145193572368044,36.0,36.0,33.800000000000004,33.800000000000004,2,0.001721959797598352
0.03145193572368044,0.03145193572368044,0.03145193572368044,0.03145193572368044,37.4,37.4,35.5,35.5,2,0.001721959797598352
0.03145193572368044,0.03145193572368044,0.03145193572368044,0.03145193572368044,38.6,38.6,37.0,37.0,2,0.001721959797598352
0.03145193572368044,0.03145193572368044,0.03145193572368044,0.03145193572368044,39.7,39.7,38.300000000000004,38.300000000000004,2,0.001721959797598352
0.03145193572368044,0.03145193572368044,0.03145193572368044,0.03145193572368044,40.6,40.6,39.400000000000006,39.400000000000006,2,0.001721959797598352
0.03145193572368044,0.03145193572368044,0.03145193572368044,0.03145193572368044,41.5,41.5,40.400000000000006,40.400000000000006,2,0.001721959797598352
0.03145193572368044,0.03145193572368044,0.03145193572368044,0.03145193572368044,42.5,42.5,41.5,41.5,2,0.001721959797598352
0.03145193572368044,0.03145193572368044,0.03145193572368044,0.03145193572368044,43.5,43.5,42.5,42.5,2,0.001721959797598352
0.03145193572368044,0.03145193572368044,0.03145193572368044,0.03145193572368044,44.6,44.6,43.7,43.7,2,0.001721959797598352
0.03145193572368044,0.03145193572368044,0.03145193572368044,0.03145193572368044,45.800000000000004,45.800000000000004,44.800000000000004,44.800000000000004,2,0.001721959797598352
0.03145193572368044,0.03145193572368044,0.03145193572368044,0.03145193572368044,47.0,47.0,46.0,46.0,2,0.001721959797598352
0.03145193572368044,0.03145193572368044,0.03145193572368044,0.03145193572368044,48.2,48.2,47.2,47.2,2,0.001721959797598352
0.03145193572368044,0.03145193572368044,0.03145193572368044,0.03145193572368044,49.400000000000006,49.400000000000006,48.400000000000006,48.400000000000006,2,0.001721959797598352
0.03145193572368044,0.03145193572368044,0.03145193572368044,0.03145193572368044,50.5,50.5,49.5,49.5,2,0.001721959797598352
0.03145193572368044,0.03145193572368044,0.03145193572368044,0.03145193572368044,51.6,51.6,50.6,50.6,2,0.001721959797598352
0.03145193572368044,0.03145193572368044,0.03145193572368044,0.03145193572368044,52.6,52.6,51.7,51.7,2,0.001721959797598352
0.03145193572368044,0.03145193572368044,0.03145193572368044,0.03145193572368044,53.5,53.5,52.6,52.6,3,0.001721959797598352
0.03145193572368044,0.03145193572368044,0.03145193572368044,0.03145193572368044,54.400000000000006,54.400000000000006,53.6,53.6,3,0.001721959797598352
0.03145193572368044,0.03145193572368044,0.03145193572368044,0.03145193572368044,55.2,55.2,54.400000000000006,54.400000000000006,3,0.001721959797598352
0.03145193572368044,0.03145193572368044,0.03145193572368044,0.03145193572368044,55.900000000000006,55.900000000000006,55.1,55.1,3,0.001721959797598352
0.03145193572368044,0.03145193572368044,0.03145193572368044,0.03145193572368044,56.400000000000006,56.400000000000006,55.800000000000004,55.800000000000004,3,0.001721959797598352
0.03145193572368044,0.03145193572368044,0.03145193572368044,0.03145193572368044,56.900000000000006,56.900000000000006,56.300000000000004,56.300000000000004,3,0.001721959797598352
0.03145193572368044,0.03145193572368044,0.03145193572368044,0.03145193572368044,57.400000000000006,57.400000000000006,56.800000000000004,56.800000000000004,3,0.001721959797598352
0.03145193572368044,0.03145193572368044,0.03145193572368044,0.03145193572368044,57.800000000000004,57.800000000000004,57.300000000000004,57.300000000000004,3,0.001721959797598352
0.03145193572368044,0.03145193572368044,0.03145193572368044,0.03145193572368044,58.1,58.1,57.7,57.7,3,0.001721959797598352
0.03145193572368044,0.03145193572368044,0.03145193572368044,0.03145193572368044,58.400000000000006,58.400000000000006,58.0,58.0,3,0.001721959797598352
0.03145193572368044,0.03145193572368044,0.03145193572368044,0.03145193572368044,58.7,58.7,58.400000000000006,58.400000000000006,3,0.001721959797598352
0.03145193572368044,0.03145193572368044,0.03145193572368044,0.03145193572368044,59.0,59.0,58.7,58.7,2,0.001721959797598352
0.03145193572368044,0.03145193572368044,0.03145193572368044,0.03145193572368044,59.2,59.2,58.900000000000006,58.900000000000006,2,0.001721959797598352
0.03145193572368044,0.03145193572368044,0.03145193572368044,0.03145193572368044,59.5,59.5,59.2,59.2,2,0.001721959797598352
0.03145193572368044,0.03145193572368044,0.03145193572368044,0.03145193572368044,59.7,59.7,59.5,59.5,3,0.001721959797598352
0.03145193572368044,0.03145193572368044,0.03145193572368044,0.03145193572368044,59.900000000000006,59.900000000000006,59.7,59.7,3,0.001721959797598352
0.03145193572368044,0.03145193572368044,0.03145193572368044,0.03145193572368044,60.2,60.2,59.900000000000006,59.900000000000006,2,0.001721959797598352
0.03145193572368044,0.03145193572368044,0.03145193572368044,0.03145193572368044,60.5,60.5,60.2,60.2,2,0.001721959797598352
0.03145193572368044,0.03145193572368044,0.03145193572368044,0.03145193572368044,60.7,60.7,60.400000000000006,60.400000000000006,2,0.001721959797598352
0.03145193572368044,0.03145193572368044,0.03145193572368044,0.03145193572368044,60.900000000000006,60.900000000000006,60.7,60.7,2,0.001721959797598352
0.03145193572368044,0.03145193572368044,0.03145193572368044,0.03145193572368044,61.1,61.1,60.900000000000006,60.900000000000006,2,0.001721959797598352
0.03145193572368044,0.03145193572368044,0.03145193572368044,0.03145193572368044,61.300000000000004,61.300000000000004,61.1,61.1,2,0.001721959797598352
0.03145193572368044,0.03145193572368044,0.03145193572368044,0.03145193572368044,61.5,61.5,61.300000000000004,61.300000000000004,2,0.001721959797598352
0.03145193572368044,0.03145193572368044,0.03145193572368044,0.03145193572368044,61.7,61.7,61.5,61.5,2,0.001721959797598352
0.03145193572368044,0.03145193572368044,0.03145193572368044,0.03145193572368044,61.900000000000006,61.900000000000006,61.6,61.6,2,0.001721959797598352
0.03145193572368044,0.03145193572368044,0.03145193572368044,0.03145193572368044,62.0,62.0,61.800000000000004,61.800000000000004,2,0.001721959797598352
0.03145193572368044,0.03145193572368044,0.03145193572368044,0.03145193572368044,62.2,62.2,62.0,62.0,2,0.001721959797598352
0.03145193572368044,0.03145193572368044,0.03145193572368044,0.03145193572368044,62.300000000000004,62.300000000000004,62.1,62.1,2,0.001721959797598352
0.03145193572368044,0.03145193572368044,0.03145193572368044,0.03145193572368044,62.400000000000006,62.400000000000006,62.2,62.2,2,0.001721959797598352
0.03145193572368044,0.03145193572368044,0.03145193572368044,0.03145193572368044,62.5,62.5,62.400000000000006,62.400000000000006,2,0.001721959797598352
0.03145193572368044,0.03145193572368044,0.03145193572368044,0.03145193572368044,62.6,62.6,62.5,62.5,3,0.001721959797598352
0.03145193572368044,0.03145193572368044,0.03145193572368044,0.03145193572368044,62.7,62.7,62.5,62.5,3,0.001721959797598352
0.03145193572368044,0.03145193572368044,0.03145193572368044,0.03145193572368044,62.7,62.7,62.6,62.6,3,0.001721959797598352
0.03145193572368044,0.03145193572368044,0.03145193572368044,0.03145193572368044,62.800000000000004,62.800000000000004,62.7,62.7,3,0.001721959797598352
0.03145193572368044,0.03145193572368044,0.03145193572368044,0.03145193572368044,62.900000000000006,62.900000000000006,62.800000000000004,62.800000000000004,3,0.001721959797598352
0.03145193572368044,0.03145193572368044,0.03145193572368044,0.03145193572368044,62.900000000000006,62.900000000000006,62.800000000000004,62.800000000000004,3,0.001721959797598352
0.03145193572368044,0.03145193572368044,0.03145193572368044,0.03145193572368044,63.0,63.0,62.900000000000006,62.900000000000006,3,0.001721959797598352
0.03145193572368044,0.03145193572368044,0.03145193572368044,0.03145193572368044,63.1,63.1,63.0,63.0,3,0.001721959797598352
0.03145193572368044,0.03145193572368044,0.03145193572368044,0.03145193572368044,63.1,63.1,63.0,63.0,3,0.001721959797598352
0.03145193572368044,0.03145193572368044,0.03145193572368044,0.03145193572368044,63.2,63.2,63.1,63.1,3,0.001721959797598352
0.03145193572368044,0.03145193572368044,0.03145193572368044,0.03145193572368044,63.2,63.2,63.1,63.1,3,0.001721959797598352
0.03145193572368044,0.03145193572368044,0.03145193572368044,0.03145193572368044,63.300000000000004,63.300000000000004,63.2,63.2,3,0.001721959797598352
0.03145193572368044,0.03145193572368044,0.03145193572368044,0.03145193572368044,63.300000000000004,63.300000000000004,63.2,63.2,3,0.001721959797598352
0.03145193572368044,0.03145193572368044,0.03145193572368044,0.03145193572368044,63.400000000000006,63.400000000000006,63.300000000000004,63.300000000000004,3,0.001721959797598352
0.03145193572368044,0.03145193572368044,0.03145193572368044,0.03145193572368044,63.400000000000006,63.400000000000006,63.300000000000004,63.300000000000004,3,0.001721959797598352
0.03145193572368044,0.03145193572368044,0.03145193572368044,0.03145193572368044,63.400000000000006,63.400000000000006,63.300000000000004,63.300000000000004,3,0.001721959797598352
0.03145193572368044,0.03145193572368044,0.03145193572368044,0.03145193572368044,63.5,63.5,63.400000000000006,63.400000000000006,3,0.001721959797598352
0.03145193572368044,0.03145193572368044,0.03145193572368044,0.03145193572368044,63.5,63.5,63.400000000000006,63.400000000000006,3,0.001721959797598352
0.03145193572368044,0.03145193572368044,0.03145193572368044,0.03145193572368044,63.5,63.5,63.400000000000006,63.400000000000006,3,0.001721959797598352
0.03145193572368044,0.03145193572368044,0.03145193572368044,0.03145193572368044,63.5,63.5,63.5,63.5,3,0.001721959797598352
0.03145193572368044,0.03145193572368044,0.03145193572368044,0.03145193572368044,63.5,63.5,63.5,63.5,3,0.001721959797598352
0.03145193572368044,0.03145193572368044,0.03145193572368044,0.03145193572368044,63.6,63.6,63.5,63.5,3,0.001721959797598352
0.03145193572368044,0.03145193572368044,0.03145193572368044,0.03145193572368044,63.6,63.6,63.5,63.5,2,0.001721959797598352
0.03145193572368044,0.03145193572368044,0.03145193572368044,0.03145193572368044,63.6,63.6,63.5,63.5,3,0.001721959797598352
0.03145193572368044,0.03145193572368044,0.03145193572368044,0.03145193572368044,63.6,63.6,63.6,63.6,3,0.001721959797598352
0.03145193572368044,0.03145193572368044,0.03145193572368044,0.03145193572368044,63.6,63.6,63.6,63.6,3,0.001721959797598352
0.03145193572368044,0.03145193572368044,0.03145193572368044,0.03145193572368044,63.6,63.6,63.6,63.6,3,0.001721959797598352
0.03145193572368044,0.03145193572368044,0.03145193572368044,0.03145193572368044,63.6,63.6,63.6,63.6,3,0.001721959797598352
0.03145193572368044,0.03145193572368044,0.03145193572368044,0.03145193572368044,63.6,63.6,63.6,63.6,3,0.001721959797598352
0.03145193572368044,0.03145193572368044,0.03145193572368044,0.03145193572368044,63.7,63.7,63.6,63.6,3,0.001721959797598352
0.03145193572368044,0.03145193572368044,0.03145193572368044,0.03145193572368044,63.7,63.7,63.7,63.7,3,0.001721959797598352
0.03145193572368044,0.03145193572368044,0.03145193572368044,0.03145193572368044,63.7,63.7,63.7,63.7,3,0.001721959797598352
0.03145193572368044,0.03145193572368044,0.03145193572368044,0.03145193572368044,63.7,63.7,63.7,63.7,3,0.001721959797598352
0.03145193572368044,0.03145193572368044,0.03145193572368044,0.03145193572368044,63.7,63.7,63.7,63.7,3,0.001721959797598352
0.03145193572368044,0.03145193572368044,0.03145193572368044,0.03145193572368044,63.800000000000004,63.800000000000004,63.800000000000004,63.800000000000004,3,0.001721959797598352
0.03145193572368044,0.03145193572368044,0.03145193572368044,0.03145193572368044,63.800000000000004,63.800000000000004,63.800000000000004,63.800000000000004,3,0.001721959797598352
0.03145193572368044,0.03145193572368044,0.03145193572368044,0.03145193572368044,63.800000000000004,63.800000000000004,63.800000000000004,63.800000000000004,3,0.001721959797598352
0.03145193572368044,0.03145193572368044,0.03145193572368044,0.03145193572368044,63.900000000000006,63.900000000000006,63.800000000000004,63.800000000000004,3,0.001721959797598352
0.03145193572368044,0.03145193572368044,0.03145193572368044,0.03145193572368044,63.900000000000006,63.900000000000006,63.800000000000004,63.800000000000004,3,0.001721959797598352
0.03145193572368044,0.03145193572368044,0.03145193572368044,0.03145193572368044,64.0,64.0,63.900000000000006,63.900000000000006,3,0.001721959797598352
0.03145193572368044,0.03145193572368044,0.03145193572368044,0.03145193572368044,64.0,64.0,64.0,64.0,3,0.001721959797598352
0.03145193572368044,0.03145193572368044,0.03145193572368044,0.03145193572368044,64.10000000000001,64.10000000000001,64.0,64.0,3,0.001721959797598352
0.03145193572368044,0.03145193572368044,0.03145193572368044,0.03145193572368044,64.2,64.2,64.10000000000001,64.10000000000001,3,0.001721959797598352
0.03145193572368044,0.03145193572368044,0.03145193572368044,0.03145193572368044,64.3,64.3,64.2,64.2,3,0.001721959797598352
0.03145193572368044,0.03145193572368044,0.03145193572368044,0.03145193572368044,64.4,64.4,64.3,64.3,3,0.001721959797598352
0.03145193572368044,0.03145193572368044,0.03145193572368044,0.03145193572368044,64.5,64.5,64.4,64.4,3,0.001721959797598352
0.03145193572368044,0.03145193572368044,0.03145193572368044,0.03145193572368044,64.60000000000001,64.60000000000001,64.5,64.5,2,0.001721959797598352
0.03145193572368044,0.03145193572368044,0.03145193572368044,0.03145193572368044,64.7,64.7,64.60000000000001,64.60000000000001,2,0.001721959797598352
0.03145193572368044,0.03145193572368044,0.03145193572368044,0.03145193572368044,64.7,64.7,64.60000000000001,64.60000000000001,3,0.001721959797598352
0.03145193572368044,0.03145193572368044,0.03145193572368044,0.03145193572368044,64.8,64.8,64.7,64.7,2,0.001721959797598352
0.03145193572368044,0.03145193572368044,0.03145193572368044,0.03145193572368044,64.9,64.9,64.8,64.8,2,0.001721959797598352
0.03145193572368044,0.03145193572368044,0.03145193572368044,0.03145193572368044,64.9,64.9,64.9,64.9,3,0.001721959797598352
0.03145193572368044,0.03145193572368044,0.03145193572368044,0.03145193572368044,65.0,65.0,64.9,64.9,3,0.001721959797598352
0.03145193572368044,0.03145193572368044,0.03145193572368044,0.03145193572368044,65.10000000000001,65.10000000000001,65.0,65.0,2,0.001721959797598352
0.03145193572368044,0.03145193572368044,0.03145193572368044,0.03145193572368044,65.10000000000001,65.10000000000001,65.0,65.0,2,0.001721959797598352
0.03145193572368044,0.03145193572368044,0.03145193572368044,0.03145193572368044,65.10000000000001,65.10000000000001,65.0,65.0,2,0.001721959797598352
0.03145193572368044,0.03145193572368044,0.03145193572368044,0.03145193572368044,65.10000000000001,65.10000000000001,65.10000000000001,65.10000000000001,2,0.001721959797598352
0.03145193572368044,0.03145193572368044,0.03145193572368044,0.03145193572368044,65.2,65.2,65.10000000000001,65.10000000000001,2,0.001721959797598352
0.03145193572368044,0.03145193572368044,0.03145193572368044,0.03145193572368044,65.2,65.2,65.10000000000001,65.10000000000001,2,0.001721959797598352
0.03145193572368044,0.03145193572368044,0.03145193572368044,0.03145193572368044,65.2,65.2,65.10000000000001,65.10000000000001,2,0.001721959797598352
0.03145193572368044,0.03145193572368044,0.03145193572368044,0.03145193572368044,65.2,65.2,65.10000000000001,65.10000000000001,2,0.001721959797598352
0.03145193572368044,0.03145193572368044,0.03145193572368044,0.03145193572368044,65.2,65.2,65.10000000000001,65.10000000000001,2,0.001721959797598352
0.03145193572368044,0.03145193572368044,0.03145193572368044,0.03145193572368044,65.2,65.2,65.10000000000001,65.10000000000001,2,0.001721959797598352
0.03145193572368044,0.03145193572368044,0.03145193572368044,0.03145193572368044,65.2,65.2,65.10000000000001,65.10000000000001,1,0.001721959797598352
0.03145193572368044,0.03145193572368044,0.03145193572368044,0.03145193572368044,65.10000000000001,65.10000000000001,65.10000000000001,65.10000000000001,2,0.001721959797598352
0.03145193572368044,0.03145193572368044,0.03145193572368044,0.03145193572368044,65.10000000000001,65.10000000000001,65.10000000000001,65.10000000000001,1,0.001721959797598352
0.03145193572368044,0.03145193572368044,0.03145193572368044,0.03145193572368044,65.10000000000001,65.10000000000001,65.10000000000001,65.10000000000001,1,0.001721959797598352
0.03145193572368044,0.03145193572368044,0.03145193572368044,0.03145193572368044,65.10000000000001,65.10000000000001,65.10000000000001,65.10000000000001,1,0.001721959797598352
0.03145193572368044,0.03145193572368044,0.03145193572368044,0.03145193572368044,65.10000000000001,65.10000000000001,65.0,65.0,2,0.001721959797598352
0.03145193572368044,0.03145193572368044,0.03145193572368044,0.03145193572368044,65.10000000000001,65.10000000000001,65.0,65.0,2,0.001721959797598352
0.03145193572368044,0.03145193572368044,0.03145193572368044,0.03145193572368044,65.10000000000001,65.10000000000001,65.0,65.0,3,0.001721959797598352
0.03145193572368044,0.03145193572368044,0.03145193572368044,0.03145193572368044,65.0,65.0,65.0,65.0,3,0.001721959797598352
0.03145193572368044,0.03145193572368044,0.03145193572368044,0.03145193572368044,65.0,65.0,64.9,64.9,3,0.001721959797598352
0.03145193572368044,0.03145193572368044,0.03145193572368044,0.03145193572368044,65.0,65.0,64.9,64.9,8,0.001721959797598352
0.03145193572368044,0.03145193572368044,0.03145193572368044,0.03145193572368044,65.0,65.0,64.9,64.9,7,0.001721959797598352
0.03145193572368044,0.03145193572368044,0.03145193572368044,0.03145193572368044,65.0,65.0,64.9,64.9,7,0.001721959797598352
0.03145193572368044,0.03145193572368044,0.03145193572368044,0.03145193572368044,65.0,65.0,64.9,64.9,7,0.001721959797598352
0.03145193572368044,0.03145193572368044,0.03145193572368044,0.03145193572368044,65.0,65.0,64.9,64.9,6,0.001721959797598352
0.03145193572368044,0.03145193572368044,0.03145193572368044,0.03145193572368044,64.9,64.9,64.9,64.9,6,0.001721959797598352
0.03145193572368044,0.03145193572368044,0.03145193572368044,0.03145193572368044,64.9,64.9,64.9,64.9,5,0.001721959797598352
0.03145193572368044,0.03145193572368044,0.03145193572368044,0.03145193572368044,64.9,64.9,64.9,64.9,5,0.001721959797598352
0.03145193572368044,0.03145193572368044,0.03145193572368044,0.03145193572368044,64.9,64.9,64.8,64.8,6,0.001721959797598352
0.03145193572368044,0.03145193572368044,0.03145193572368044,0.03145193572368044,64.9,64.9,64.8,64.8,7,0.001721959797598352
0.03145193572368044,0.03145193572368044,0.03145193572368044,0.03145193572368044,64.9,64.9,64.8,64.8,7,0.001721959797598352
0.03145193572368044,0.03145193572368044,0.03145193572368044,0.03145193572368044,64.9,64.9,64.8,64.8,8,0.001721959797598352
0.03145193572368044,0.03145193572368044,0.03145193572368044,0.03145193572368044,64.9,64.9,64.8,64.8,8,0.001721959797598352
0.03145193572368044,0.03145193572368044,0.03145193572368044,0.03145193572368044,64.8,64.8,64.8,64.8,8,0.001721959797598352
0.03145193572368044,0.03145193572368044,0.03145193572368044,0.03145193572368044,64.8,64.8,64.8,64.8,8,0.001721959797598352
0.03145193572368044,0.03145193572368044,0.03145193572368044,0.03145193572368044,64.8,64.8,64.8,64.8,8,0.001721959797598352
0.03145193572368044,0.03145193572368044,0.03145193572368044,0.03145193572368044,64.8,64.8,64.8,64.8,7,0.001721959797598352
0.03145193572368044,0.03145193572368044,0.03145193572368044,0.03145193572368044,64.8,64.8,64.8,64.8,7,0.001721959797598352
0.03145193572368044,0.03145193572368044,0.03145193572368044,0.03145193572368044,64.8,64.8,64.8,64.8,6,0.001721959797598352
0.03145193572368044,0.03145193572368044,0.03145193572368044,0.03145193572368044,64.8,64.8,64.8,64.8,5,0.001721959797598352
0.03145193572368044,0.03145193572368044,0.03145193572368044,0.03145193572368044,64.8,64.8,64.7,64.7,5,0.001721959797598352
0.03145193572368044,0.03145193572368044,0.03145193572368044,0.03145193572368044,64.8,64.8,64.7,64.7,5,0.001721959797598352
0.03145193572368044,0.03145193572368044,0.03145193572368044,0.03145193572368044,64.8,64.8,64.7,64.7,4,0.001721959797598352
0.03145193572368044,0.03145193572368044,0.03145193572368044,0.03145193572368044,64.7,64.7,64.7,64.7,3,0.001721959797598352
0.03145193572368044,0.03145193572368044,0.03145193572368044,0.03145193572368044,64.7,64.7,64.7,64.7,3,0.001721959797598352
0.03145193572368044,0.03145193572368044,0.03145193572368044,0.03145193572368044,64.7,64.7,64.7,64.7,2,0.001721959797598352
0.03145193572368044,0.03145193572368044,0.03145193572368044,0.03145193572368044,64.7,64.7,64.7,64.7,1,0.001721959797598352
0.03145193572368044,0.03145193572368044,0.03145193572368044,0.03145193572368044,64.7,64.7,64.7,64.7,1,0.001721959797598352
0.03145193572368044,0.03145193572368044,0.03145193572368044,0.03145193572368044,64.7,64.7,64.60000000000001,64.60000000000001,1,0.001721959797598352
0.03145193572368044,0.03145193572368044,0.03145193572368044,0.03145193572368044,64.7,64.7,64.60000000000001,64.60000000000001,1,0.001721959797598352
0.03145193572368044,0.03145193572368044,0.03145193572368044,0.03145193572368044,64.60000000000001,64.60000000000001,64.60000000000001,64.60000000000001,0,0.001721959797598352
0.03145193572368044,0.03145193572368044,0.03145193572368044,0.03145193572368044,64.60000000000001,64.60000000000001,64.60000000000001,64.60000000000001,0,0.001721959797598352
0.03145193572368044,0.03145193572368044,0.03145193572368044,0.03145193572368044,64.60000000000001,64.60000000000001,64.60000000000001,64.60000000000001,0,0.001721959797598352
0.03145193572368044,0.03145193572368044,0.03145193572368044,0.03145193572368044,64.60000000000001,64.60000000000001,64.5,64.5,-1,0.001721959797598352
0.03145193572368044,0.03145193572368044,0.03145193572368044,0.03145193572368044,64.60000000000001,64.60000000000001,64.5,64.5,-1,0.001721959797598352
0.03145193572368044,0.03145193572368044,0.03145193572368044,0.03145193572368044,64.60000000000001,64.60000000000001,64.5,64.5,-1,0.001721959797598352
0.03145193572368044,0.03145193572368044,0.03145193572368044,0.03145193572368044,64.60000000000001,64.60000000000001,64.5,64.5,-2,0.001721959797598352
0.03145193572368044,0.03145193572368044,0.03145193572368044,0.03145193572368044,64.60000000000001,64.60000000000001,64.5,64.5,-2,0.001721959797598352
0.03145193572368044,0.03145193572368044,0.03145193572368044,0.03145193572368044,64.5,64.5,64.5,64.5,-2,0.001721959797598352
0.03145193572368044,0.03145193572368044,0.03145193572368044,0.03145193572368044,64.5,64.5,64.5,64.5,-2,0.001721959797598352
0.03145193572368044,0.03145193572368044,0.03145193572368044,0.03145193572368044,64.5,64.5,64.5,64.5,-2,0.001721959797598352
0.03145193572368044,0.03145193572368044,0.03145193572368044,0.03145193572368044,64.5,64.5,64.5,64.5,-2,0.001721959797598352
0.03145193572368044,0.03145193572368044,0.03145193572368044,0.03145193572368044,64.5,64.5,64.5,64.5,-2,0.001721959797598352
0.03145193572368044,0.03145193572368044,0.03145193572368044,0.03145193572368044,64.5,64.5,64.4,64.4,-2,0.001721959797598352
0.03145193572368044,0.03145193572368044,0.03145193572368044,0.03145193572368044,64.5,64.5,64.4,64.4,-3,0.001721959797598352
0.03145193572368044,0.03145193572368044,0.03145193572368044,0.03145193572368044,64.5,64.5,64.4,64.4,-3,0.001721959797598352
0.03145193572368044,0.03145193572368044,0.03145193572368044,0.03145193572368044,64.4,64.4,64.4,64.4,-2,0.001721959797598352
0.03145193572368044,0.03145193572368044,0.03145193572368044,0.03145193572368044,64.4,64.4,64.4,64.4,-2,0.001721959797598352
0.03145193572368044,0.03145193572368044,0.03145193572368044,0.03145193572368044,64.4,64.4,64.4,64.4,-3,0.001721959797598352
0.03145193572368044,0.03145193572368044,0.03145193572368044,0.03145193572368044,64.4,64.4,64.4,64.4,-3,0.001721959797598352
0.03145193572368044,0.03145193572368044,0.03145193572368044,0.03145193572368044,64.4,64.4,64.4,64.4,-3,0.001721959797598352
0.03145193572368044,0.03145193572368044,0.03145193572368044,0.03145193572368044,64.4,64.4,64.4,64.4,-3,0.001721959797598352
0.03145193572368044,0.03145193572368044,0.03145193572368044,0.03145193572368044,64.4,64.4,64.4,64.4,-3,0.001721959797598352
0.03145193572368044,0.03145193572368044,0.03145193572368044,0.03145193572368044,64.4,64.4,64.4,64.4,-3,0.001721959797598352
0.03145193572368044,0.03145193572368044,0.03145193572368044,0.03145193572368044,64.4,64.4,64.4,64.4,-3,0.001721959797598352
0.03145193572368044,0.03145193572368044,0.03145193572368044,0.03145193572368044,64.4,64.4,64.4,64.4,-3,0.001721959797598352
0.03145193572368044,0.03145193572368044,0.03145193572368044,0.03145193572368044,64.4,64.4,64.4,64.4,-3,0.001721959797598352
0.03145193572368044,0.03145193572368044,0.03145193572368044,0.03145193572368044,64.4,64.4,64.4,64.4,-3,0.001721959797598352
0.03145193572368044,0.03145193572368044,0.03145193572368044,0.03145193572368044,64.4,64.4,64.4,64.4,-3,0.001721959797598352
0.03145193572368044,0.03145193572368044,0.03145193572368044,0.03145193572368044,64.4,64.4,64.3,64.3,-3,0.001721959797598352
0.03145193572368044,0.03145193572368044,0.03145193572368044,0.03145193572368044,64.4,64.4,64.3,64.3,-3,0.001721959797598352
0.03145193572368044,0.03145193572368044,0.03145193572368044,0.03145193572368044,64.4,64.4,64.3,64.3,-3,0.001721959797598352
0.03145193572368044,0.03145193572368044,0.03145193572368044,0.03145193572368044,64.3,64.3,64.3,64.3,-3,0.001721959797598352
0.03145193572368044,0.03145193572368044,0.03145193572368044,0.03145193572368044,64.3,64.3,64.3,64.3,-3,0.001721959797598352
0.03145193572368044,0.03145193572368044,0.03145193572368044,0.03145193572368044,64.3,64.3,64.3,64.3,-3,0.001721959797598352
0.03145193572368044,0.03145193572368044,0.03145193572368044,0.03145193572368044,64.3,64.3,64.3,64.3,-3,0.001721959797598352
0.03145193572368044,0.03145193572368044,0.03145193572368044,0.03145193572368044,64.3,64.3,64.3,64.3,-2,0.001721959797598352
0.03145193572368044,0.03145193572368044,0.03145193572368044,0.03145193572368044,64.3,64.3,64.3,64.3,-2,0.001721959797598352
0.03145193572368044,0.03145193572368044,0.03145193572368044,0.03145193572368044,64.3,64.3,64.3,64.3,-2,0.001721959797598352
0.03145193572368044,0.03145193572368044,0.03145193572368044,0.03145193572368044,64.3,64.3,64.3,64.3,-2,0.001721959797598352
0.03145193572368044,0.03145193572368044,0.03145193572368044,0.03145193572368044,64.3,64.3,64.3,64.3,-2,0.001721959797598352
0.03145193572368044,0.03145193572368044,0.03145193572368044,0.03145193572368044,64.3,64.3,64.3,64.3,-2,0.001721959797598352
0.03145193572368044,0.03145193572368044,0.03145193572368044,0.03145193572368044,64.3,64.3,64.3,64.3,-1,0.001721959797598352
0.03145193572368044,0.03145193572368044,0.03145193572368044,0.03145193572368044,64.3,64.3,64.3,64.3,-1,0.001721959797598352
0.03145193572368044,0.03145193572368044,0.03145193572368044,0.03145193572368044,64.3,64.3,64.3,64.3,-1,0.001721959797598352
0.03145193572368044,0.03145193572368044,0.03145193572368044,0.03145193572368044,64.3,64.3,64.3,64.3,-1,0.001721959797598352
0.03145193572368044,0.03145193572368044,0.03145193572368044,0.03145193572368044,64.3,64.3,64.3,64.3,-1,0.001721959797598352
0.03145193572368044,0.03145193572368044,0.03145193572368044,0.03145193572368044,64.3,64.3,64.3,64.3,-1,0.001721959797598352
0.03145193572368044,0.03145193572368044,0.03145193572368044,0.03145193572368044,64.3,64.3,64.3,64.3,-1,0.001721959797598352
0.03145193572368044,0.03145193572368044,0.03145193572368044,0.03145193572368044,64.3,64.3,64.3,64.3,-1,0.001721959797598352
0.03145193572368044,0.03145193572368044,0.03145193572368044,0.03145193572368044,64.3,64.3,64.3,64.3,-1,0.001721959797598352
0.03145193572368044,0.03145193572368044,0.03145193572368044,0.03145193572368044,64.3,64.3,64.3,64.3,-1,0.001721959797598352
0.03145193572368044,0.03145193572368044,0.03145193572368044,0.03145193572368044,64.3,64.3,64.3,64.3,-1,0.001721959797598352
0.03145193572368044,0.03145193572368044,0.03145193572368044,0.03145193572368044,64.3,64.3,64.3,64.3,-1,0.001721959797598352
0.03145193572368044,0.03145193572368044,0.03145193572368044,0.03145193572368044,64.3,64.3,64.3,64.3,-1,0.001721959797598352
0.03145193572368044,0.03145193572368044,0.03145193572368044,0.03145193572368044,64.3,64.3,64.3,64.3,-1,0.001721959797598352
0.03145193572368044,0.03145193572368044,0.03145193572368044,0.03145193572368044,64.3,64.3,64.3,64.3,-1,0.001721959797598352
0.03145193572368044,0.03145193572368044,0.03145193572368044,0.03145193572368044,64.3,64.3,64.3,64.3,-1,0.001721959797598352
0.03145193572368044,0.03145193572368044,0.03145193572368044,0.03145193572368044,64.3,64.3,64.3,64.3,-1,0.001721959797598352
0.03145193572368044,0.03145193572368044,0.03145193572368044,0.03145193572368044,64.3,64.3,64.3,64.3,-1,0.001721959797598352
0.03145193572368044,0.03145193572368044,0.03145193572368044,0.03145193572368044,64.3,64.3,64.3,64.3,-1,0.001721959797598352
0.03145193572368044,0.03145193572368044,0.03145193572368044,0.03145193572368044,64.3,64.3,64.3,64.3,-1,0.001721959797598352
0.03145193572368044,0.03145193572368044,0.03145193572368044,0.03145193572368044,64.3,64.3,64.3,64.3,-1,0.001721959797598352
0.03145193572368044,0.03145193572368044,0.03145193572368044,0.03145193572368044,64.3,64.3,64.3,64.3,-1,0.001721959797598352
0.03145193572368044,0.03145193572368044,0.03145193572368044,0.03145193572368044,64.3,64.3,64.3,64.3,-1,0.001721959797598352
0.03145193572368044,0.03145193572368044,0.03145193572368044,0.03145193572368044,64.3,64.3,64.3,64.3,-1,0.001721959797598352
0.03145193572368044,0.03145193572368044,0.03145193572368044,0.03145193572368044,64.3,64.3,64.3,64.3,0,0.001721959797598352
0.03145193572368044,0.03145193572368044,0.03145193572368044,0.03145193572368044,64.3,64.3,64.3,64.3,0,0.001721959797598352
0.03145193572368044,0.03145193572368044,0.03145193572368044,0.03145193572368044,64.3,64.3,64.3,64.3,0,0.001721959797598352
0.03145193572368044,0.03145193572368044,0.03145193572368044,0.03145193572368044,64.4,64.4,64.4,64.4,0,0.001721959797598352
0.03145193572368044,0.03145193572368044,0.03145193572368044,0.03145193572368044,64.4,64.4,64.4,64.4,0,0.001721959797598352
0.03145193572368044,0.03145193572368044,0.03145193572368044,0.03145193572368044,64.4,64.4,64.4,64.4,0,0.001721959797598352
0.03145193572368044,0.03145193572368044,0.03145193572368044,0.03145193572368044,64.4,64.4,64.4,64.4,0,0.001721959797598352
0.03145193572368044,0.03145193572368044,0.03145193572368044,0.03145193572368044,64.4,64.4,64.4,64.4,0,0.001721959797598352
0.03145193572368044,0.03145193572368044,0.03145193572368044,0.03145193572368044,64.5,64.5,64.5,64.5,0,0.001721959797598352
0.03145193572368044,0.03145193572368044,0.03145193572368044,0.03145193572368044,64.5,64.5,64.5,64.5,0,0.001721959797598352
0.03145193572368044,0.03145193572368044,0.03145193572368044,0.03145193572368044,64.5,64.5,64.5,64.5,0,0.001721959797598352
0.03145193572368044,0.03145193572368044,0.03145193572368044,0.03145193572368044,64.5,64.5,64.5,64.5,0,0.001721959797598352
0.03145193572368044,0.03145193572368044,0.03145193572368044,0.03145193572368044,64.5,64.5,64.5,64.5,0,0.001721959797598352
0.03145193572368044,0.03145193572368044,0.03145193572368044,0.03145193572368044,64.5,64.5,64.5,64.5,0,0.001721959797598352
0.03145193572368044,0.03145193572368044,0.03145193572368044,0.03145193572368044,64.60000000000001,64.60000000000001,64.60000000000001,64.60000000000001,0,0.001721959797598352
0.03145193572368044,0.03145193572368044,0.03145193572368044,0.03145193572368044,64.60000000000001,64.60000000000001,64.60000000000001,64.60000000000001,0,0.001721959797598352
0.03145193572368044,0.03145193572368044,0.03145193572368044,0.03145193572368044,64.60000000000001,64.60000000000001,64.60000000000001,64.60000000000001,0,0.001721959797598352
0.03145193572368044,0.03145193572368044,0.03145193572368044,0.03145193572368044,64.60000000000001,64.60000000000001,64.60000000000001,64.60000000000001,0,0.001721959797598352
0.03145193572368044,0.03145193572368044,0.03145193572368044,0.03145193572368044,64.60000000000001,64.60000000000001,64.60000000000001,64.60000000000001,0,0.001721959797598352
0.03145193572368044,0.03145193572368044,0.03145193572368044,0.03145193572368044,64.60000000000001,64.60000000000001,64.60000000000001,64.60000000000001,0,0.001721959797598352
0.03145193572368044,0.03145193572368044,0.03145193572368044,0.03145193572368044,64.60000000000001,64.60000000000001,64.60000000000001,64.60000000000001,0,0.001721959797598352
0.03145193572368044,0.03145193572368044,0.03145193572368044,0.03145193572368044,64.60000000000001,64.60000000000001,64.60000000000001,64.60000000000001,0,0.001721959797598352
0.03145193572368044,0.03145193572368044,0.03145193572368044,0.03145193572368044,64.60000000000001,64.60000000000001,64.5,64.5,0,0.001721959797598352
0.03145193572368044,0.03145193572368044,0.03145193572368044,0.03145193572368044,64.60000000000001,64.60000000000001,64.5,64.5,0,0.001721959797598352
0.03145193572368044,0.03145193572368044,0.03145193572368044,0.03145193572368044,64.60000000000001,64.60000000000001,64.5,64.5,0,0.001721959797598352
0.03145193572368044,0.03145193572368044,0.03145193572368044,0.03145193572368044,64.5,64.5,64.5,64.5,0,0.001721959797598352
0.03145193572368044,0.03145193572368044,0.03145193572368044,0.03145193572368044,64.5,64.5,64.5,64.5,0,0.001721959797598352
0.03145193572368044,0.03145193572368044,0.03145193572368044,0.03145193572368044,64.5,64.5,64.5,64.5,0,0.001721959797598352
0.03145193572368044,0.03145193572368044,0.03145193572368044,0.03145193572368044,64.5,64.5,64.5,64.5,1,0.001721959797598352
0.03145193572368044,0.03145193572368044,0.03145193572368044,0.03145193572368044,64.5,64.5,64.5,64.5,3,0.001721959797598352
0.03145193572368044,0.03145193572368044,0.03145193572368044,0.03145193572368044,64.5,64.5,64.5,64.5,4,0.001721959797598352
0.03145193572368044,0.03145193572368044,0.03145193572368044,0.03145193572368044,64.5,64.5,64.5,64.5,6,0.001721959797598352
0.03145193572368044,0.03145193572368044,0.03145193572368044,0.03145193572368044,64.5,64.5,64.5,64.5,9,0.001721959797598352
0.03145193572368044,0.03145193572368044,0.03145193572368044,0.03145193572368044,64.5,64.5,64.5,64.5,10,0.001721959797598352
0.03145193572368044,0.03145193572368044,0.03145193572368044,0.03145193572368044,64.5,64.5,64.4,64.4,11,0.001721959797598352
0.03145193572368044,0.03145193572368044,0.03145193572368044,0.03145193572368044,64.5,64.5,64.4,64.4,11,0.001721959797598352
0.03145193572368044,0.03145193572368044,0.03145193572368044,0.03145193572368044,64.4,64.4,64.4,64.4,13,0.001721959797598352
0.03145193572368044,0.03145193572368044,0.03145193572368044,0.03145193572368044,64.4,64.4,64.4,64.4,15,0.001721959797598352
0.03145193572368044,0.03145193572368044,0.03145193572368044,0.03145193572368044,64.4,64.4,64.4,64.4,15,0.001721959797598352
0.03145193572368044,0.03145193572368044,0.03145193572368044,0.03145193572368044,64.4,64.4,64.4,64.4,17,0.001721959797598352
0.03145193572368044,0.03145193572368044,0.03145193572368044,0.03145193572368044,64.4,64.4,64.4,64.4,17,0.001721959797598352
0.03145193572368044,0.03145193572368044,0.03145193572368044,0.03145193572368044,64.4,64.4,64.4,64.4,19,0.001721959797598352
0.03145193572368044,0.03145193572368044,0.03145193572368044,0.03145193572368044,64.4,64.4,64.4,64.4,22,0.001721959797598352
0.03145193572368044,0.03145193572368044,0.03145193572368044,0.03145193572368044,64.4,64.4,64.4,64.4,22,0.001721959797598352
0.03145193572368044,0.03145193572368044,0.03145193572368044,0.03145193572368044,64.4,64.4,64.4,64.4,25,0.001721959797598352
0.03145193572368044,0.03145193572368044,0.03145193572368044,0.03145193572368044,64.4,64.4,64.3,64.3,25,0.001721959797598352
0.03145193572368044,0.03145193572368044,0.03145193572368044,0.03145193572368044,64.4,64.4,64.3,64.3,27,0.001721959797598352
0.03145193572368044,0.03145193572368044,0.03145193572368044,0.03145193572368044,64.4,64.4,64.3,64.3,29,0.001721959797598352
0.03145193572368044,0.03145193572368044,0.03145193572368044,0.03145193572368044,64.3,64.3,64.3,64.3,29,0.001721959797598352
0.03145193572368044,0.03145193572368044,0.03145193572368044,0.03145193572368044,64.3,64.3,64.3,64.3,31,0.001721959797598352
0.03145193572368044,0.03145193572368044,0.03145193572368044,0.03145193572368044,64.3,64.3,64.3,64.3,31,0.001721959797598352
0.03145193572368044,0.03145193572368044,0.03145193572368044,0.03145193572368044,64.3,64.3,64.3,64.3,32,0.001721959797598352
0.03145193572368044,0.03145193572368044,0.03145193572368044,0.03145193572368044,64.3,64.3,64.3,64.3,33,0.001721959797598352
0.03145193572368044,0.03145193572368044,0.03145193572368044,0.03145193572368044,64.3,64.3,64.3,64.3,33,0.001721959797598352
0.03145193572368044,0.03145193572368044,0.03145193572368044,0.03145193572368044,64.3,64.3,64.3,64.3,35,0.001721959797598352
0.03145193572368044,0.03145193572368044,0.03145193572368044,0.03145193572368044,64.3,64.3,64.3,64.3,35,0.001721959797598352
0.03145193572368044,0.03145193572368044,0.03145193572368044,0.03145193572368044,64.3,64.3,64.3,64.3,36,0.001721959797598352
0.03145193572368044,0.03145193572368044,0.03145193572368044,0.03145193572368044,64.3,64.3,64.3,64.3,37,0.001721959797598352
0.03145193572368044,0.03145193572368044,0.03145193572368044,0.03145193572368044,64.3,64.3,64.3,64.3,37,0.001721959797598352
0.03145193572368044,0.03145193572368044,0.03145193572368044,0.03145193572368044,64.3,64.3,64.3,64.3,37,0.001721959797598352
0.03145193572368044,0.03145193572368044,0.03145193572368044,0.03145193572368044,64.3,64.3,64.3,64.3,38,0.001721959797598352
0.03145193572368044,0.03145193572368044,0.03145193572368044,0.03145193572368044,64.3,64.3,64.3,64.3,35,0.001721959797598352
0.03145193572368044,0.03145193572368044,0.03145193572368044,0.03145193572368044,64.3,64.3,64.3,64.3,32,0.001721959797598352
0.03145193572368044,0.03145193572368044,0.03145193572368044,0.03145193572368044,64.3,64.3,64.3,64.3,30,0.001721959797598352
0.03145193572368044,0.03145193572368044,0.03145193572368044,0.03145193572368044,64.3,64.3,64.3,64.3,27,0.001721959797598352
0.03145193572368044,0.03145193572368044,0.03145193572368044,0.03145193572368044,64.3,64.3,64.3,64.3,24,0.001721959797598352
0.03145193572368044,0.03145193572368044,0.03145193572368044,0.03145193572368044,64.3,64.3,64.3,64.3,22,0.001721959797598352
0.03145193572368044,0.03145193572368044,0.03145193572368044,0.03145193572368044,64.3,64.3,64.2,64.2,20,0.001721959797598352
0.03145193572368044,0.03145193572368044,0.03145193572368044,0.03145193572368044,64.3,64.3,64.2,64.2,18,0.001721959797598352
0.03145193572368044,0.03145193572368044,0.03145193572368044,0.03145193572368044,64.3,64.3,64.2,64.2,16,0.001721959797598352
0.03145193572368044,0.03145193572368044,0.03145193572368044,0.03145193572368044,64.2,64.2,64.2,64.2,14,0.001721959797598352
0.03145193572368044,0.03145193572368044,0.03145193572368044,0.03145193572368044,64.2,64.2,64.2,64.2,12,0.001721959797598352
0.03145193572368044,0.03145193572368044,0.03145193572368044,0.03145193572368044,64.2,64.2,64.2,64.2,9,0.001721959797598352
0.03145193572368044,0.03145193572368044,0.03145193572368044,0.03145193572368044,64.2,64.2,64.2,64.2,7,0.001721959797598352
0.03145193572368044,0.03145193572368044,0.03145193572368044,0.03145193572368044,64.2,64.2,64.2,64.2,4,0.001721959797598352
0.03145193572368044,0.03145193572368044,0.03145193572368044,0.03145193572368044,64.2,64.2,64.2,64.2,2,0.001721959797598352
0.03145193572368044,0.03145193572368044,0.03145193572368044,0.03145193572368044,64.2,64.2,64.2,64.2,-1,0.001721959797598352
0.03145193572368044,0.03145193572368044,0.03145193572368044,0.03145193572368044,64.2,64.2,64.2,64.2,-3,0.001721959797598352
0.03145193572368044,0.03145193572368044,0.03145193572368044,0.03145193572368044,64.2,64.2,64.2,64.2,-4,0.001721959797598352
0.03145193572368044,0.03145193572368044,0.03145193572368044,0.03145193572368044,64.2,64.2,64.2,64.2,-5,0.001721959797598352
0.03145193572368044,0.03145193572368044,0.03145193572368044,0.03145193572368044,64.2,64.2,64.2,64.2,-5,0.001721959797598352
0.03145193572368044,0.03145193572368044,0.03145193572368044,0.03145193572368044,64.2,64.2,64.2,64.2,-5,0.001721959797598352
0.03145193572368044,0.03145193572368044,0.03145193572368044,0.03145193572368044,64.2,64.2,64.2,64.2,-8,0.001721959797598352
0.03145193572368044,0.03145193572368044,0.03145193572368044,0.03145193572368044,64.2,64.2,64.2,64.2,-8,0.001721959797598352
0.03145193572368044,0.03145193572368044,0.03145193572368044,0.03145193572368044,64.2,64.2,64.2,64.2,-10,0.001721959797598352
0.03145193572368044,0.03145193572368044,0.03145193572368044,0.03145193572368044,64.2,64.2,64.2,64.2,-10,0.001721959797598352
0.03145193572368044,0.03145193572368044,0.03145193572368044,0.03145193572368044,64.2,64.2,64.2,64.2,-11,0.001721959797598352
0.03145193572368044,0.03145193572368044,0.03145193572368044,0.03145193572368044,64.2,64.2,64.2,64.2,-12,0.001721959797598352
0.03145193572368044,0.03145193572368044,0.03145193572368044,0.03145193572368044,64.2,64.2,64.2,64.2,-13,0.001721959797598352
0.03145193572368044,0.03145193572368044,0.03145193572368044,0.03145193572368044,64.2,64.2,64.2,64.2,-13,0.001721959797598352
0.03145193572368044,0.03145193572368044,0.03145193572368044,0.03145193572368044,64.2,64.2,64.2,64.2,-14,0.001721959797598352
0.03145193572368044,0.03145193572368044,0.03145193572368044,0.03145193572368044,64.2,64.2,64.2,64.2,-14,0.001721959797598352
0.03145193572368044,0.03145193572368044,0.03145193572368044,0.03145193572368044,64.2,64.2,64.2,64.2,-13,0.001721959797598352
0.03145193572368044,0.03145193572368044,0.03145193572368044,0.03145193572368044,64.2,64.2,64.10000000000001,64.10000000000001,-12,0.001721959797598352
0.03145193572368044,0.03145193572368044,0.03145193572368044,0.03145193572368044,64.2,64.2,64.2,64.2,-11,0.001721959797598352
0.03145193572368044,0.03145193572368044,0.03145193572368044,0.03145193572368044,64.2,64.2,64.2,64.2,-11,0.001721959797598352
0.03145193572368044,0.03145193572368044,0.03145193572368044,0.03145193572368044,64.2,64.2,64.2,64.2,-10,0.001721959797598352
0.03145193572368044,0.03145193572368044,0.03145193572368044,0.03145193572368044,64.2,64.2,64.10000000000001,64.10000000000001,-9,0.001721959797598352
0.03145193572368044,0.03145193572368044,0.03145193572368044,0.03145193572368044,64.2,64.2,64.10000000000001,64.10000000000001,-8,0.001721959797598352
0.03145193572368044,0.03145193572368044,0.03145193572368044,0.03145193572368044,64.2,64.2,64.10000000000001,64.10000000000001,-6,0.001721959797598352
0.03145193572368044,0.03145193572368044,0.03145193572368044,0.03145193572368044,64.10000000000001,64.10000000000001,64.10000000000001,64.10000000000001,-5,0.001721959797598352
0.03145193572368044,0.03145193572368044,0.03145193572368044,0.03145193572368044,64.10000000000001,64.10000000000001,64.10000000000001,64.10000000000001,-4,0.001721959797598352
0.03145193572368044,0.03145193572368044,0.03145193572368044,0.03145193572368044,64.10000000000001,64.10000000000001,64.10000000000001,64.10000000000001,-3,0.001721959797598352
0.03145193572368044,0.03145193572368044,0.03145193572368044,0.03145193572368044,64.10000000000001,64.10000000000001,64.10000000000001,64.10000000000001,-2,0.001721959797598352
0.03145193572368044,0.03145193572368044,0.03145193572368044,0.03145193572368044,64.10000000000001,64.10000000000001,64.10000000000001,64.10000000000001,-2,0.001721959797598352
0.03145193572368044,0.03145193572368044,0.03145193572368044,0.03145193572368044,64.10000000000001,64.10000000000001,64.10000000000001,64.10000000000001,-1,0.001721959797598352
0.03145193572368044,0.03145193572368044,0.03145193572368044,0.03145193572368044,64.10000000000001,64.10000000000001,64.10000000000001,64.10000000000001,0,0.001721959797598352
0.03145193572368044,0.03145193572368044,0.03145193572368044,0.03145193572368044,64.10000000000001,64.10000000000001,64.10000000000001,64.10000000000001,0,0.001721959797598352
0.03145193572368044,0.03145193572368044,0.03145193572368044,0.03145193572368044,64.10000000000001,64.10000000000001,64.10000000000001,64.10000000000001,0,0.001721959797598352
0.03145193572368044,0.03145193572368044,0.03145193572368044,0.03145193572368044,64.10000000000001,64.10000000000001,64.10000000000001,64.10000000000001,1,0.001721959797598352
0.03145193572368044,0.03145193572368044,0.03145193572368044,0.03145193572368044,64.10000000000001,64.10000000000001,64.10000000000001,64.10000000000001,1,0.001721959797598352
0.03145193572368044,0.03145193572368044,0.03145193572368044,0.03145193572368044,64.10000000000001,64.10000000000001,64.10000000000001,64.10000000000001,1,0.001721959797598352
0.03145193572368044,0.03145193572368044,0.03145193572368044,0.03145193572368044,64.10000000000001,64.10000000000001,64.10000000000001,64.10000000000001,2,0.001721959797598352
0.03145193572368044,0.03145193572368044,0.03145193572368044,0.03145193572368044,64.10000000000001,64.10000000000001,64.10000000000001,64.10000000000001,2,0.001721959797598352
0.03145193572368044,0.03145193572368044,0.03145193572368044,0.03145193572368044,64.10000000000001,64.10000000000001,64.10000000000001,64.10000000000001,2,0.001721959797598352
0.03145193572368044,0.03145193572368044,0.03145193572368044,0.03145193572368044,64.10000000000001,64.10000000000001,64.10000000000001,64.10000000000001,2,0.001721959797598352
0.03145193572368044,0.03145193572368044,0.03145193572368044,0.03145193572368044,64.10000000000001,64.10000000000001,64.10000000000001,64.10000000000001,2,0.001721959797598352
0.03145193572368044,0.03145193572368044,0.03145193572368044,0.03145193572368044,64.10000000000001,64.10000000000001,64.10000000000001,64.10000000000001,2,0.001721959797598352
0.03145193572368044,0.03145193572368044,0.03145193572368044,0.03145193572368044,64.10000000000001,64.10000000000001,64.10000000000001,64.10000000000001,2,0.001721959797598352
0.03145193572368044,0.03145193572368044,0.03145193572368044,0.03145193572368044,64.10000000000001,64.10000000000001,64.10000000000001,64.10000000000001,2,0.001721959797598352
0.03145193572368044,0.03145193572368044,0.03145193572368044,0.03145193572368044,64.10000000000001,64.10000000000001,64.10000000000001,64.10000000000001,2,0.001721959797598352
0.03145193572368044,0.03145193572368044,0.03145193572368044,0.03145193572368044,64.10000000000001,64.10000000000001,64.10000000000001,64.10000000000001,2,0.001721959797598352
0.03145193572368044,0.03145193572368044,0.03145193572368044,0.03145193572368044,64.10000000000001,64.10000000000001,64.10000000000001,64.10000000000001,2,0.001721959797598352
0.03145193572368044,0.03145193572368044,0.03145193572368044,0.03145193572368044,64.10000000000001,64.10000000000001,64.10000000000001,64.10000000000001,2,0.001721959797598352
0.03145193572368044,0.03145193572368044,0.03145193572368044,0.03145193572368044,64.10000000000001,64.10000000000001,64.10000000000001,64.10000000000001,2,0.001721959797598352
0.03145193572368044,0.03145193572368044,0.03145193572368044,0.03145193572368044,64.10000000000001,64.10000000000001,64.10000000000001,64.10000000000001,2,0.001721959797598352
0.03145193572368044,0.03145193572368044,0.03145193572368044,0.03145193572368044,64.10000000000001,64.10000000000001,64.10000000000001,64.10000000000001,2,0.001721959797598352
0.03145193572368044,0.03145193572368044,0.03145193572368044,0.03145193572368044,64.10000000000001,64.10000000000001,64.10000000000001,64.10000000000001,2,0.001721959797598352
0.03145193572368044,0.03145193572368044,0.03145193572368044,0.03145193572368044,64.10000000000001,64.10000000000001,64.10000000000001,64.10000000000001,1,0.001721959797598352
0.03145193572368044,0.03145193572368044,0.03145193572368044,0.03145193572368044,64.10000000000001,64.10000000000001,64.10000000000001,64.10000000000001,1,0.001721959797598352
0.03145193572368044,0.03145193572368044,0.03145193572368044,0.03145193572368044,64.10000000000001,64.10000000000001,64.10000000000001,64.10000000000001,1,0.001721959797598352
0.03145193572368044,0.03145193572368044,0.03145193572368044,0.03145193572368044,64.10000000000001,64.10000000000001,64.10000000000001,64.10000000000001,1,0.001721959797598352
0.03145193572368044,0.03145193572368044,0.03145193572368044,0.03145193572368044,64.10000000000001,64.10000000000001,64.10000000000001,64.10000000000001,1,0.001721959797598352
0.03145193572368044,0.03145193572368044,0.03145193572368044,0.03145193572368044,64.10000000000001,64.10000000000001,64.10000000000001,64.10000000000001,1,0.001721959797598352
0.03145193572368044,0.03145193572368044,0.03145193572368044,0.03145193572368044,64.10000000000001,64.10000000000001,64.10000000000001,64.10000000000001,1,0.001721959797598352
0.03145193572368044,0.03145193572368044,0.03145193572368044,0.03145193572368044,64.10000000000001,64.10000000000001,64.10000000000001,64.10000000000001,0,0.001721959797598352
0.03145193572368044,0.03145193572368044,0.03145193572368044,0.03145193572368044,64.10000000000001,64.10000000000001,64.10000000000001,64.10000000000001,0,0.001721959797598352
0.03145193572368044,0.03145193572368044,0.03145193572368044,0.03145193572368044,64.10000000000001,64.10000000000001,64.0,64.0,0,0.001721959797598352
0.03145193572368044,0.03145193572368044,0.03145193572368044,0.03145193572368044,64.10000000000001,64.10000000000001,64.0,64.0,0,0.001721959797598352
0.03145193572368044,0.03145193572368044,0.03145193572368044,0.03145193572368044,64.10000000000001,64.10000000000001,64.0,64.0,0,0.001721959797598352
0.03145193572368044,0.03145193572368044,0.03145193572368044,0.03145193572368044,64.0,64.0,64.0,64.0,0,0.001721959797598352
0.03145193572368044,0.03145193572368044,0.03145193572368044,0.03145193572368044,64.0,64.0,64.0,64.0,0,0.001721959797598352
0.03145193572368044,0.03145193572368044,0.03145193572368044,0.03145193572368044,64.0,64.0,64.0,64.0,0,0.001721959797598352
0.03145193572368044,0.03145193572368044,0.03145193572368044,0.03145193572368044,64.0,64.0,64.0,64.0,0,0.001721959797598352
0.03145193572368044,0.03145193572368044,0.03145193572368044,0.03145193572368044,64.0,64.0,64.0,64.0,-1,0.001721959797598352
0.03145193572368044,0.03145193572368044,0.03145193572368044,0.03145193572368044,64.0,64.0,64.0,64.0,-1,0.001721959797598352
0.03145193572368044,0.03145193572368044,0.03145193572368044,0.03145193572368044,64.0,64.0,64.0,64.0,-1,0.001721959797598352
0.03145193572368044,0.03145193572368044,0.03145193572368044,0.03145193572368044,64.0,64.0,64.0,64.0,-1,0.001721959797598352
0.03145193572368044,0.03145193572368044,0.03145193572368044,0.03145193572368044,64.0,64.0,64.0,64.0,-1,0.001721959797598352
0.03145193572368044,0.03145193572368044,0.03145193572368044,0.03145193572368044,64.0,64.0,64.0,64.0,-2,0.001721959797598352
0.03145193572368044,0.03145193572368044,0.03145193572368044,0.03145193572368044,64.0,64.0,64.0,64.0,-2,0.001721959797598352
0.03145193572368044,0.03145193572368044,0.03145193572368044,0.03145193572368044,64.0,64.0,64.0,64.0,-2,0.001721959797598352
0.03145193572368044,0.03145193572368044,0.03145193572368044,0.03145193572368044,64.0,64.0,64.0,64.0,-2,0.001721959797598352
0.03145193572368044,0.03145193572368044,0.03145193572368044,0.03145193572368044,64.0,64.0,64.0,64.0,-2,0.001721959797598352
0.03145193572368044,0.03145193572368044,0.03145193572368044,0.03145193572368044,64.0,64.0,64.0,64.0,-2,0.001721959797598352
0.03145193572368044,0.03145193572368044,0.03145193572368044,0.03145193572368044,64.0,64.0,64.0,64.0,-2,0.001721959797598352
0.03145193572368044,0.03145193572368044,0.03145193572368044,0.03145193572368044,64.0,64.0,64.0,64.0,-2,0.001721959797598352
0.03145193572368044,0.03145193572368044,0.03145193572368044,0.03145193572368044,64.0,64.0,64.0,64.0,-2,0.001721959797598352
0.03145193572368044,0.03145193572368044,0.03145193572368044,0.03145193572368044,64.0,64.0,64.0,64.0,-2,0.001721959797598352
0.03145193572368044,0.03145193572368044,0.03145193572368044,0.03145193572368044,64.0,64.0,64.0,64.0,-3,0.001721959797598352
0.03145193572368044,0.03145193572368044,0.03145193572368044,0.03145193572368044,64.0,64.0,64.0,64.0,-2,0.001721959797598352
0.03145193572368044,0.03145193572368044,0.03145193572368044,0.03145193572368044,64.0,64.0,64.0,64.0,-2,0.001721959797598352
0.03145193572368044,0.03145193572368044,0.03145193572368044,0.03145193572368044,64.0,64.0,64.0,64.0,-3,0.001721959797598352
0.03145193572368044,0.03145193572368044,0.03145193572368044,0.03145193572368044,64.0,64.0,64.0,64.0,-3,0.001721959797598352
0.03145193572368044,0.03145193572368044,0.03145193572368044,0.03145193572368044,64.0,64.0,64.0,64.0,-3,0.001721959797598352
0.03145193572368044,0.03145193572368044,0.03145193572368044,0.03145193572368044,64.0,64.0,64.0,64.0,-3,0.001721959797598352
0.03145193572368044,0.03145193572368044,0.03145193572368044,0.03145193572368044,64.0,64.0,64.0,64.0,-3,0.001721959797598352
0.03145193572368044,0.03145193572368044,0.03145193572368044,0.03145193572368044,64.0,64.0,64.0,64.0,-3,0.001721959797598352
0.03145193572368044,0.03145193572368044,0.03145193572368044,0.03145193572368044,64.0,64.0,64.0,64.0,-3,0.001721959797598352
0.03145193572368044,0.03145193572368044,0.03145193572368044,0.03145193572368044,64.0,64.0,64.0,64.0,-3,0.001721959797598352
0.03145193572368044,0.03145193572368044,0.03145193572368044,0.03145193572368044,64.0,64.0,64.0,64.0,-3,0.001721959797598352
0.03145193572368044,0.03145193572368044,0.03145193572368044,0.03145193572368044,64.0,64.0,64.0,64.0,-3,0.001721959797598352
0.03145193572368044,0.03145193572368044,0.03145193572368044,0.03145193572368044,64.0,64.0,64.0,64.0,-3,0.001721959797598352
0.03145193572368044,0.03145193572368044,0.03145193572368044,0.03145193572368044,64.0,64.0,64.0,64.0,-3,0.001721959797598352
0.03145193572368044,0.03145193572368044,0.03145193572368044,0.03145193572368044,64.0,64.0,64.0,64.0,-3,0.001721959797598352
0.03145193572368044,0.03145193572368044,0.03145193572368044,0.03145193572368044,64.0,64.0,64.0,64.0,-3,0.001721959797598352
0.03145193572368044,0.03145193572368044,0.03145193572368044,0.03145193572368044,64.0,64.0,64.0,64.0,-3,0.001721959797598352
0.03145193572368044,0.03145193572368044,0.03145193572368044,0.03145193572368044,64.0,64.0,64.0,64.0,-4,0.001721959797598352
0.03145193572368044,0.03145193572368044,0.03145193572368044,0.03145193572368044,64.0,64.0,64.0,64.0,-4,0.001721959797598352
0.03145193572368044,0.03145193572368044,0.03145193572368044,0.03145193572368044,64.0,64.0,64.0,64.0,-4,0.001721959797598352
0.03145193572368044,0.03145193572368044,0.03145193572368044,0.03145193572368044,64.0,64.0,64.0,64.0,-4,0.001721959797598352
0.03145193572368044,0.03145193572368044,0.03145193572368044,0.03145193572368044,64.0,64.0,64.0,64.0,-3,0.001721959797598352
0.03145193572368044,0.03145193572368044,0.03145193572368044,0.03145193572368044,64.0,64.0,64.0,64.0,-3,0.001721959797598352
0.03145193572368044,0.03145193572368044,0.03145193572368044,0.03145193572368044,64.0,64.0,64.0,64.0,-3,0.001721959797598352
0.03145193572368044,0.03145193572368044,0.03145193572368044,0.03145193572368044,64.0,64.0,64.0,64.0,-4,0.001721959797598352
0.03145193572368044,0.03145193572368044,0.03145193572368044,0.03145193572368044,64.0,64.0,64.0,64.0,-3,0.001721959797598352
0.03145193572368044,0.03145193572368044,0.03145193572368044,0.03145193572368044,64.0,64.0,64.0,64.0,-3,0.001721959797598352
0.03145193572368044,0.03145193572368044,0.03145193572368044,0.03145193572368044,64.0,64.0,64.0,64.0,-3,0.001721959797598352
0.03145193572368044,0.03145193572368044,0.03145193572368044,0.03145193572368044,64.0,64.0,64.0,64.0,-3,0.001721959797598352
0.03145193572368044,0.03145193572368044,0.03145193572368044,0.03145193572368044,64.0,64.0,64.0,64.0,-3,0.001721959797598352
0.03145193572368044,0.03145193572368044,0.03145193572368044,0.03145193572368044,64.0,64.0,64.0,64.0,-3,0.001721959797598352
0.03145193572368044,0.03145193572368044,0.03145193572368044,0.03145193572368044,64.0,64.0,64.0,64.0,-3,0.001721959797598352
0.03145193572368044,0.03145193572368044,0.03145193572368044,0.03145193572368044,64.0,64.0,64.0,64.0,-3,0.001721959797598352
0.03145193572368044,0.03145193572368044,0.03145193572368044,0.03145193572368044,64.0,64.0,64.0,64.0,-3,0.001721959797598352
0.03145193572368044,0.03145193572368044,0.03145193572368044,0.03145193572368044,64.0,64.0,64.0,64.0,-3,0.001721959797598352
0.03145193572368044,0.03145193572368044,0.03145193572368044,0.03145193572368044,64.0,64.0,64.0,64.0,-3,0.001721959797598352
0.03145193572368044,0.03145193572368044,0.03145193572368044,0.03145193572368044,64.0,64.0,64.0,64.0,-3,0.001721959797598352
0.03145193572368044,0.03145193572368044,0.03145193572368044,0.03145193572368044,64.0,64.0,64.0,64.0,-3,0.001721959797598352
0.03145193572368044,0.03145193572368044,0.03145193572368044,0.03145193572368044,64.0,64.0,64.0,64.0,-3,0.001721959797598352
0.03145193572368044,0.03145193572368044,0.03145193572368044,0.03145193572368044,64.0,64.0,64.0,64.0,-3,0.001721959797598352
0.03145193572368044,0.03145193572368044,0.03145193572368044,0.03145193572368044,64.0,64.0,64.0,64.0,-3,0.001721959797598352
0.03145193572368044,0.03145193572368044,0.03145193572368044,0.03145193572368044,64.0,64.0,64.0,64.0,-2,0.001721959797598352
0.03145193572368044,0.03145193572368044,0.03145193572368044,0.03145193572368044,64.0,64.0,64.0,64.0,-3,0.001721959797598352
0.03145193572368044,0.03145193572368044,0.03145193572368044,0.03145193572368044,64.0,64.0,64.0,64.0,-3,0.001721959797598352
0.03145193572368044,0.03145193572368044,0.03145193572368044,0.03145193572368044,64.0,64.0,64.0,64.0,-2,0.001721959797598352
0.03145193572368044,0.03145193572368044,0.03145193572368044,0.03145193572368044,64.0,64.0,64.0,64.0,-2,0.001721959797598352
0.03145193572368044,0.03145193572368044,0.03145193572368044,0.03145193572368044,64.0,64.0,64.0,64.0,-2,0.001721959797598352
0.03145193572368044,0.03145193572368044,0.03145193572368044,0.03145193572368044,64.0,64.0,64.0,64.0,-2,0.001721959797598352
0.03145193572368044,0.03145193572368044,0.03145193572368044,0.03145193572368044,64.0,64.0,64.0,64.0,-2,0.001721959797598352
0.03145193572368044,0.03145193572368044,0.03145193572368044,0.03145193572368044,64.0,64.0,64.0,64.0,-2,0.001721959797598352
0.03145193572368044,0.03145193572368044,0.03145193572368044,0.03145193572368044,64.0,64.0,64.0,64.0,-2,0.001721959797598352
0.03145193572368044,0.03145193572368044,0.03145193572368044,0.03145193572368044,64.0,64.0,64.0,64.0,-2,0.001721959797598352
0.03145193572368044,0.03145193572368044,0.03145193572368044,0.03145193572368044,64.0,64.0,64.0,64.0,-2,0.001721959797598352
0.03145193572368044,0.03145193572368044,0.03145193572368044,0.03145193572368044,64.0,64.0,64.0,64.0,-2,0.001721959797598352
0.03145193572368044,0.03145193572368044,0.03145193572368044,0.03145193572368044,64.0,64.0,64.0,64.0,-2,0.001721959797598352
0.03145193572368044,0.03145193572368044,0.03145193572368044,0.03145193572368044,64.0,64.0,64.0,64.0,-2,0.001721959797598352
0.03145193572368044,0.03145193572368044,0.03145193572368044,0.03145193572368044,64.0,64.0,64.0,64.0,-2,0.001721959797598352
0.03145193572368044,0.03145193572368044,0.03145193572368044,0.03145193572368044,64.0,64.0,64.0,64.0,-2,0.001721959797598352
0.03145193572368044,0.03145193572368044,0.03145193572368044,0.03145193572368044,64.0,64.0,64.0,64.0,-2,0.001721959797598352
0.03145193572368044,0.03145193572368044,0.03145193572368044,0.03145193572368044,64.0,64.0,64.0,64.0,-2,0.001721959797598352
0.03145193572368044,0.03145193572368044,0.03145193572368044,0.03145193572368044,64.0,64.0,64.0,64.0,-2,0.001721959797598352
0.03145193572368044,0.03145193572368044,0.03145193572368044,0.03145193572368044,64.0,64.0,64.0,64.0,-2,0.001721959797598352
0.03145193572368044,0.03145193572368044,0.03145193572368044,0.03145193572368044,64.0,64.0,64.0,64.0,-2,0.001721959797598352
0.03145193572368044,0.03145193572368044,0.03145193572368044,0.03145193572368044,64.0,64.0,64.0,64.0,-2,0.001721959797598352
0.03145193572368044,0.03145193572368044,0.03145193572368044,0.03145193572368044,64.0,64.0,63.900000000000006,63.900000000000006,-2,0.001721959797598352
0.03145193572368044,0.03145193572368044,0.03145193572368044,0.03145193572368044,64.0,64.0,64.0,64.0,-2,0.001721959797598352
0.03145193572368044,0.03145193572368044,0.03145193572368044,0.03145193572368044,64.0,64.0,63.900000000000006,63.900000000000006,-2,0.001721959797598352
0.03145193572368044,0.03145193572368044,0.03145193572368044,0.03145193572368044,64.0,64.0,64.0,64.0,-2,0.001721959797598352
0.03145193572368044,0.03145193572368044,0.03145193572368044,0.03145193572368044,64.0,64.0,64.0,64.0,-2,0.001721959797598352
0.03145193572368044,0.03145193572368044,0.03145193572368044,0.03145193572368044,64.0,64.0,64.0,64.0,-2,0.001721959797598352
0.03145193572368044,0.03145193572368044,0.03145193572368044,0.03145193572368044,64.0,64.0,63.900000000000006,63.900000000000006,-3,0.001721959797598352
0.03145193572368044,0.03145193572368044,0.03145193572368044,0.03145193572368044,64.0,64.0,63.900000000000006,63.900000000000006,-3,0.001721959797598352
0.03145193572368044,0.03145193572368044,0.03145193572368044,0.03145193572368044,64.0,64.0,63.900000000000006,63.900000000000006,-3,0.001721959797598352
0.03145193572368044,0.03145193572368044,0.03145193572368044,0.03145193572368044,63.900000000000006,63.900000000000006,63.900000000000006,63.900000000000006,-3,0.001721959797598352
0.03145193572368044,0.03145193572368044,0.03145193572368044,0.03145193572368044,63.900000000000006,63.900000000000006,63.900000000000006,63.900000000000006,-3,0.001721959797598352
0.03145193572368044,0.03145193572368044,0.03145193572368044,0.03145193572368044,63.900000000000006,63.900000000000006,63.900000000000006,63.900000000000006,-3,0.001721959797598352
0.03145193572368044,0.03145193572368044,0.03145193572368044,0.03145193572368044,63.900000000000006,63.900000000000006,63.900000000000006,63.900000000000006,-3,0.001721959797598352
0.03145193572368044,0.03145193572368044,0.03145193572368044,0.03145193572368044,63.900000000000006,63.900000000000006,63.900000000000006,63.900000000000006,-3,0.001721959797598352
0.03145193572368044,0.03145193572368044,0.03145193572368044,0.03145193572368044,63.900000000000006,63.900000000000006,63.900000000000006,63.900000000000006,-3,0.001721959797598352
0.03145193572368044,0.03145193572368044,0.03145193572368044,0.03145193572368044,63.900000000000006,63.900000000000006,63.900000000000006,63.900000000000006,-4,0.001721959797598352
0.03145193572368044,0.03145193572368044,0.03145193572368044,0.03145193572368044,63.900000000000006,63.900000000000006,63.900000000000006,63.900000000000006,-4,0.001721959797598352
0.03145193572368044,0.03145193572368044,0.03145193572368044,0.03145193572368044,63.900000000000006,63.900000000000006,63.900000000000006,63.900000000000006,-4,0.001721959797598352
0.03145193572368044,0.03145193572368044,0.03145193572368044,0.03145193572368044,63.900000000000006,63.900000000000006,63.900000000000006,63.900000000000006,-4,0.001721959797598352
0.03145193572368044,0.03145193572368044,0.03145193572368044,0.03145193572368044,63.900000000000006,63.900000000000006,63.900000000000006,63.900000000000006,-3,0.001721959797598352
0.03145193572368044,0.03145193572368044,0.03145193572368044,0.03145193572368044,63.900000000000006,63.900000000000006,63.900000000000006,63.900000000000006,-4,0.001721959797598352
0.03145193572368044,0.03145193572368044,0.03145193572368044,0.03145193572368044,63.900000000000006,63.900000000000006,63.900000000000006,63.900000000000006,-4,0.001721959797598352
0.03145193572368044,0.03145193572368044,0.03145193572368044,0.03145193572368044,63.900000000000006,63.900000000000006,63.900000000000006,63.900000000000006,-3,0.001721959797598352
0.03145193572368044,0.03145193572368044,0.03145193572368044,0.03145193572368044,63.900000000000006,63.900000000000006,63.900000000000006,63.900000000000006,-3,0.001721959797598352
0.03145193572368044,0.03145193572368044,0.03145193572368044,0.03145193572368044,63.900000000000006,63.900000000000006,63.900000000000006,63.900000000000006,-3,0.001721959797598352
0.03145193572368044,0.03145193572368044,0.03145193572368044,0.03145193572368044,63.900000000000006,63.900000000000006,63.900000000000006,63.900000000000006,-3,0.001721959797598352
0.03145193572368044,0.03145193572368044,0.03145193572368044,0.03145193572368044,63.900000000000006,63.900000000000006,63.900000000000006,63.900000000000006,-3,0.001721959797598352
0.03145193572368044,0.03145193572368044,0.03145193572368044,0.03145193572368044,63.900000000000006,63.900000000000006,63.900000000000006,63.900000000000006,-3,0.001721959797598352
0.03145193572368044,0.03145193572368044,0.03145193572368044,0.03145193572368044,63.900000000000006,63.900000000000006,63.900000000000006,63.900000000000006,-3,0.001721959797598352
0.03145193572368044,0.03145193572368044,0.03145193572368044,0.03145193572368044,63.900000000000006,63.900000000000006,63.900000000000006,63.900000000000006,-2,0.001721959797598352
0.03145193572368044,0.03145193572368044,0.03145193572368044,0.03145193572368044,63.900000000000006,63.900000000000006,63.900000000000006,63.900000000000006,-2,0.001721959797598352
0.03145193572368044,0.03145193572368044,0.03145193572368044,0.03145193572368044,63.900000000000006,63.900000000000006,63.900000000000006,63.900000000000006,-3,0.001721959797598352
0.03145193572368044,0.03145193572368044,0.03145193572368044,0.03145193572368044,63.900000000000006,63.900000000000006,63.900000000000006,63.900000000000006,-2,0.001721959797598352
0.03145193572368044,0.03145193572368044,0.03145193572368044,0.03145193572368044,63.900000000000006,63.900000000000006,63.900000000000006,63.900000000000006,-2,0.001721959797598352
0.03145193572368044,0.03145193572368044,0.03145193572368044,0.03145193572368044,63.900000000000006,63.900000000000006,63.900000000000006,63.900000000000006,-2,0.001721959797598352
0.03145193572368044,0.03145193572368044,0.03145193572368044,0.03145193572368044,63.900000000000006,63.900000000000006,63.900000000000006,63.900000000000006,-2,0.001721959797598352
0.03145193572368044,0.03145193572368044,0.03145193572368044,0.03145193572368044,63.900000000000006,63.900000000000006,63.900000000000006,63.900000000000006,-2,0.001721959797598352
0.03145193572368044,0.03145193572368044,0.03145193572368044,0.03145193572368044,63.900000000000006,63.900000000000006,63.900000000000006,63.900000000000006,-2,0.001721959797598352
0.03145193572368044,0.03145193572368044,0.03145193572368044,0.03145193572368044,63.900000000000006,63.900000000000006,63.900000000000006,63.900000000000006,-2,0.001721959797598352
0.03145193572368044,0.03145193572368044,0.03145193572368044,0.03145193572368044,63.900000000000006,63.900000000000006,63.900000000000006,63.900000000000006,-3,0.001721959797598352
0.03145193572368044,0.03145193572368044,0.03145193572368044,0.03145193572368044,63.900000000000006,63.900000000000006,63.900000000000006,63.900000000000006,-3,0.001721959797598352
0.03145193572368044,0.03145193572368044,0.03145193572368044,0.03145193572368044,63.900000000000006,63.900000000000006,63.900000000000006,63.900000000000006,-3,0.001721959797598352
0.03145193572368044,0.03145193572368044,0.03145193572368044,0.03145193572368044,63.900000000000006,63.900000000000006,63.900000000000006,63.900000000000006,-3,0.001721959797598352
0.03145193572368044,0.03145193572368044,0.03145193572368044,0.03145193572368044,63.900000000000006,63.900000000000006,63.800000000000004,63.800000000000004,-3,0.001721959797598352
0.03145193572368044,0.03145193572368044,0.03145193572368044,0.03145193572368044,63.900000000000006,63.900000000000006,63.900000000000006,63.900000000000006,-3,0.001721959797598352
0.03145193572368044,0.03145193572368044,0.03145193572368044,0.03145193572368044,63.900000000000006,63.900000000000006,63.800000000000004,63.800000000000004,-3,0.001721959797598352
0.03145193572368044,0.03145193572368044,0.03145193572368044,0.03145193572368044,63.900000000000006,63.900000000000006,63.900000000000006,63.900000000000006,-3,0.001721959797598352
0.03145193572368044,0.03145193572368044,0.03145193572368044,0.03145193572368044,63.900000000000006,63.900000000000006,63.800000000000004,63.800000000000004,-3,0.001721959797598352
0.03145193572368044,0.03145193572368044,0.03145193572368044,0.03145193572368044,63.900000000000006,63.900000000000006,63.800000000000004,63.800000000000004,-3,0.001721959797598352
0.03145193572368044,0.03145193572368044,0.03145193572368044,0.03145193572368044,63.900000000000006,63.900000000000006,63.800000000000004,63.800000000000004,-3,0.001721959797598352
0.03145193572368044,0.03145193572368044,0.03145193572368044,0.03145193572368044,63.800000000000004,63.800000000000004,63.800000000000004,63.800000000000004,-3,0.001721959797598352
0.03145193572368044,0.03145193572368044,0.03145193572368044,0.03145193572368044,63.800000000000004,63.800000000000004,63.800000000000004,63.800000000000004,-3,0.001721959797598352
0.03145193572368044,0.03145193572368044,0.03145193572368044,0.03145193572368044,63.800000000000004,63.800000000000004,63.800000000000004,63.800000000000004,-3,0.001721959797598352
0.03145193572368044,0.03145193572368044,0.03145193572368044,0.03145193572368044,63.800000000000004,63.800000000000004,63.800000000000004,63.800000000000004,-3,0.001721959797598352
0.03145193572368044,0.03145193572368044,0.03145193572368044,0.03145193572368044,63.800000000000004,63.800000000000004,63.800000000000004,63.800000000000004,-3,0.001721959797598352
0.03145193572368044,0.03145193572368044,0.03145193572368044,0.03145193572368044,63.800000000000004,63.800000000000004,63.800000000000004,63.800000000000004,-3,0.001721959797598352
0.03145193572368044,0.03145193572368044,0.03145193572368044,0.03145193572368044,63.800000000000004,63.800000000000004,63.800000000000004,63.800000000000004,-3,0.001721959797598352
0.03145193572368044,0.03145193572368044,0.03145193572368044,0.03145193572368044,63.800000000000004,63.800000000000004,63.800000000000004,63.800000000000004,-3,0.001721959797598352
0.03145193572368044,0.03145193572368044,0.03145193572368044,0.03145193572368044,63.800000000000004,63.800000000000004,63.800000000000004,63.800000000000004,-3,0.001721959797598352
0.03145193572368044,0.03145193572368044,0.03145193572368044,0.03145193572368044,63.800000000000004,63.800000000000004,63.800000000000004,63.800000000000004,-3,0.001721959797598352
0.03145193572368044,0.03145193572368044,0.03145193572368044,0.03145193572368044,63.800000000000004,63.800000000000004,63.800000000000004,63.800000000000004,-3,0.001721959797598352
0.03145193572368044,0.03145193572368044,0.03145193572368044,0.03145193572368044,63.800000000000004,63.800000000000004,63.800000000000004,63.800000000000004,-3,0.001721959797598352
0.03145193572368044,0.03145193572368044,0.03145193572368044,0.03145193572368044,63.800000000000004,63.800000000000004,63.800000000000004,63.800000000000004,-3,0.001721959797598352
0.03145193572368044,0.03145193572368044,0.03145193572368044,0.03145193572368044,63.800000000000004,63.800000000000004,63.800000000000004,63.800000000000004,-2,0.001721959797598352
0.03145193572368044,0.03145193572368044,0.03145193572368044,0.03145193572368044,63.800000000000004,63.800000000000004,63.800000000000004,63.800000000000004,-2,0.001721959797598352
0.03145193572368044,0.03145193572368044,0.03145193572368044,0.03145193572368044,63.800000000000004,63.800000000000004,63.800000000000004,63.800000000000004,-2,0.001721959797598352
0.03145193572368044,0.03145193572368044,0.03145193572368044,0.03145193572368044,63.800000000000004,63.800000000000004,63.800000000000004,63.800000000000004,-2,0.001721959797598352
0.03145193572368044,0.03145193572368044,0.03145193572368044,0.03145193572368044,63.800000000000004,63.800000000000004,63.800000000000004,63.800000000000004,-2,0.001721959797598352
0.03145193572368044,0.03145193572368044,0.03145193572368044,0.03145193572368044,63.800000000000004,63.800000000000004,63.800000000000004,63.800000000000004,-3,0.001721959797598352
0.03145193572368044,0.03145193572368044,0.03145193572368044,0.03145193572368044,63.800000000000004,63.800000000000004,63.800000000000004,63.800000000000004,-3,0.001721959797598352
0.03145193572368044,0.03145193572368044,0.03145193572368044,0.03145193572368044,63.800000000000004,63.800000000000004,63.800000000000004,63.800000000000004,-2,0.001721959797598352
0.03145193572368044,0.03145193572368044,0.03145193572368044,0.03145193572368044,63.800000000000004,63.800000000000004,63.800000000000004,63.800000000000004,-3,0.001721959797598352
0.03145193572368044,0.03145193572368044,0.03145193572368044,0.03145193572368044,63.800000000000004,63.800000000000004,63.800000000000004,63.800000000000004,-3,0.001721959797598352
0.03145193572368044,0.03145193572368044,0.03145193572368044,0.03145193572368044,63.800000000000004,63.800000000000004,63.800000000000004,63.800000000000004,-3,0.001721959797598352
0.03145193572368044,0.03145193572368044,0.03145193572368044,0.03145193572368044,63.800000000000004,63.800000000000004,63.800000000000004,63.800000000000004,-3,0.001721959797598352
0.03145193572368044,0.03145193572368044,0.03145193572368044,0.03145193572368044,63.800000000000004,63.800000000000004,63.800000000000004,63.800000000000004,-3,0.001721959797598352
0.03145193572368044,0.03145193572368044,0.03145193572368044,0.03145193572368044,63.800000000000004,63.800000000000004,63.800000000000004,63.800000000000004,-3,0.001721959797598352
0.03145193572368044,0.03145193572368044,0.03145193572368044,0.03145193572368044,63.800000000000004,63.800000000000004,63.800000000000004,63.800000000000004,-3,0.001721959797598352
0.03145193572368044,0.03145193572368044,0.03145193572368044,0.03145193572368044,63.800000000000004,63.800000000000004,63.800000000000004,63.800000000000004,-3,0.001721959797598352
0.03145193572368044,0.03145193572368044,0.03145193572368044,0.03145193572368044,63.800000000000004,63.800000000000004,63.800000000000004,63.800000000000004,-3,0.001721959797598352
0.03145193572368044,0.03145193572368044,0.03145193572368044,0.03145193572368044,63.800000000000004,63.800000000000004,63.800000000000004,63.800000000000004,-3,0.001721959797598352
0.03145193572368044,0.03145193572368044,0.03145193572368044,0.03145193572368044,63.800000000000004,63.800000000000004,63.800000000000004,63.800000000000004,-3,0.001721959797598352
0.03145193572368044,0.03145193572368044,0.03145193572368044,0.03145193572368044,63.800000000000004,63.800000000000004,63.800000000000004,63.800000000000004,-3,0.001721959797598352
0.03145193572368044,0.03145193572368044,0.03145193572368044,0.03145193572368044,63.800000000000004,63.800000000000004,63.800000000000004,63.800000000000004,-3,0.001721959797598352
0.03145193572368044,0.03145193572368044,0.03145193572368044,0.03145193572368044,63.800000000000004,63.800000000000004,63.800000000000004,63.800000000000004,-3,0.001721959797598352
0.03145193572368044,0.03145193572368044,0.03145193572368044,0.03145193572368044,63.800000000000004,63.800000000000004,63.800000000000004,63.800000000000004,-4,0.001721959797598352
0.03145193572368044,0.03145193572368044,0.03145193572368044,0.03145193572368044,63.800000000000004,63.800000000000004,63.800000000000004,63.800000000000004,-4,0.001721959797598352
0.03145193572368044,0.03145193572368044,0.03145193572368044,0.03145193572368044,63.800000000000004,63.800000000000004,63.800000000000004,63.800000000000004,-3,0.001721959797598352
0.03145193572368044,0.03145193572368044,0.03145193572368044,0.03145193572368044,63.800000000000004,63.800000000000004,63.800000000000004,63.800000000000004,-3,0.001721959797598352
0.03145193572368044,0.03145193572368044,0.03145193572368044,0.03145193572368044,63.800000000000004,63.800000000000004,63.7,63.7,-3,0.001721959797598352
0.03145193572368044,0.03145193572368044,0.03145193572368044,0.03145193572368044,63.800000000000004,63.800000000000004,63.7,63.7,-4,0.001721959797598352
0.03145193572368044,0.03145193572368044,0.03145193572368044,0.03145193572368044,63.800000000000004,63.800000000000004,63.800000000000004,63.800000000000004,-4,0.001721959797598352
0.03145193572368044,0.03145193572368044,0.03145193572368044,0.03145193572368044,63.800000000000004,63.800000000000004,63.7,63.7,-4,0.001721959797598352
0.03145193572368044,0.03145193572368044,0.03145193572368044,0.03145193572368044,63.800000000000004,63.800000000000004,63.7,63.7,-4,0.001721959797598352
0.03145193572368044,0.03145193572368044,0.03145193572368044,0.03145193572368044,63.800000000000004,63.800000000000004,63.7,63.7,-3,0.001721959797598352
0.03145193572368044,0.03145193572368044,0.03145193572368044,0.03145193572368044,63.7,63.7,63.7,63.7,-3,0.001721959797598352
0.03145193572368044,0.03145193572368044,0.03145193572368044,0.03145193572368044,63.7,63.7,63.7,63.7,-3,0.001721959797598352
0.03145193572368044,0.03145193572368044,0.03145193572368044,0.03145193572368044,63.7,63.7,63.7,63.7,-3,0.001721959797598352
0.03145193572368044,0.03145193572368044,0.03145193572368044,0.03145193572368044,63.7,63.7,63.7,63.7,-4,0.001721959797598352
0.03145193572368044,0.03145193572368044,0.03145193572368044,0.03145193572368044,63.7,63.7,63.7,63.7,-3,0.001721959797598352
0.03145193572368044,0.03145193572368044,0.03145193572368044,0.03145193572368044,63.7,63.7,63.7,63.7,-3,0.001721959797598352
0.03145193572368044,0.03145193572368044,0.03145193572368044,0.03145193572368044,63.7,63.7,63.7,63.7,-3,0.001721959797598352
0.03145193572368044,0.03145193572368044,0.03145193572368044,0.03145193572368044,63.7,63.7,63.7,63.7,-4,0.001721959797598352
0.03145193572368044,0.03145193572368044,0.03145193572368044,0.03145193572368044,63.7,63.7,63.7,63.7,-3,0.001721959797598352
0.03145193572368044,0.03145193572368044,0.03145193572368044,0.03145193572368044,63.7,63.7,63.7,63.7,-3,0.001721959797598352
0.03145193572368044,0.03145193572368044,0.03145193572368044,0.03145193572368044,63.7,63.7,63.7,63.7,-3,0.001721959797598352
0.03145193572368044,0.03145193572368044,0.03145193572368044,0.03145193572368044,63.7,63.7,63.7,63.7,-4,0.001721959797598352
0.03145193572368044,0.03145193572368044,0.03145193572368044,0.03145193572368044,63.7,63.7,63.7,63.7,-4,0.001721959797598352
0.03145193572368044,0.03145193572368044,0.03145193572368044,0.03145193572368044,63.7,63.7,63.7,63.7,-4,0.001721959797598352
0.03145193572368044,0.03145193572368044,0.03145193572368044,0.03145193572368044,63.7,63.7,63.7,63.7,-4,0.001721959797598352
0.03145193572368044,0.03145193572368044,0.03145193572368044,0.03145193572368044,63.7,63.7,63.7,63.7,-4,0.001721959797598352
0.03145193572368044,0.03145193572368044,0.03145193572368044,0.03145193572368044,63.7,63.7,63.7,63.7,-3,0.001721959797598352
0.03145193572368044,0.03145193572368044,0.03145193572368044,0.03145193572368044,63.7,63.7,63.7,63.7,-4,0.001721959797598352
0.03145193572368044,0.03145193572368044,0.03145193572368044,0.03145193572368044,63.7,63.7,63.7,63.7,-4,0.001721959797598352
0.03145193572368044,0.03145193572368044,0.03145193572368044,0.03145193572368044,63.7,63.7,63.7,63.7,-4,0.001721959797598352
0.03145193572368044,0.03145193572368044,0.03145193572368044,0.03145193572368044,63.7,63.7,63.7,63.7,-4,0.001721959797598352
0.03145193572368044,0.03145193572368044,0.03145193572368044,0.03145193572368044,63.7,63.7,63.7,63.7,-4,0.001721959797598352
0.03145193572368044,0.03145193572368044,0.03145193572368044,0.03145193572368044,63.7,63.7,63.7,63.7,-4,0.001721959797598352
0.03145193572368044,0.03145193572368044,0.03145193572368044,0.03145193572368044,63.7,63.7,63.7,63.7,-3,0.001721959797598352
0.03145193572368044,0.03145193572368044,0.03145193572368044,0.03145193572368044,63.7,63.7,63.7,63.7,-3,0.001721959797598352
0.03145193572368044,0.03145193572368044,0.03145193572368044,0.03145193572368044,63.7,63.7,63.7,63.7,-3,0.001721959797598352
0.03145193572368044,0.03145193572368044,0.03145193572368044,0.03145193572368044,63.7,63.7,63.7,63.7,-3,0.15290043700822814
0.03145193572368044,0.03145193572368044,0.03145193572368044,0.03145193572368044,63.7,63.7,63.7,63.7,-3,0.15290043700822814
0.03145193572368044,0.03145193572368044,0.03145193572368044,0.03145193572368044,63.7,63.7,63.7,63.7,-3,0.15290043700822814
0.03145193572368044,0.03145193572368044,0.03145193572368044,0.03145193572368044,63.7,63.7,63.6,63.6,-3,0.15290043700822814
0.03145193572368044,0.03145193572368044,0.03145193572368044,0.03145193572368044,63.7,63.7,63.6,63.6,-3,0.15290043700822814
0.03145193572368044,0.03145193572368044,0.03145193572368044,0.03145193572368044,63.7,63.7,63.6,63.6,-3,0.15290043700822814
0.03145193572368044,0.03145193572368044,0.03145193572368044,0.03145193572368044,63.6,63.6,63.6,63.6,-3,0.15290043700822814
0.03145193572368044,0.03145193572368044,0.03145193572368044,0.03145193572368044,63.6,63.6,63.6,63.6,-3,0.15290043700822814
0.03145193572368044,0.03145193572368044,0.03145193572368044,0.03145193572368044,63.6,63.6,63.6,63.6,-3,0.15290043700822814
0.03145193572368044,0.03145193572368044,0.03145193572368044,0.03145193572368044,63.6,63.6,63.6,63.6,-3,0.15290043700822814
0.03145193572368044,0.03145193572368044,0.03145193572368044,0.03145193572368044,63.6,63.6,63.6,63.6,-3,0.15290043700822814
0.03145193572368044,0.03145193572368044,0.03145193572368044,0.03145193572368044,63.6,63.6,63.6,63.6,-3,0.15290043700822814
0.03145193572368044,0.03145193572368044,0.03145193572368044,0.03145193572368044,63.6,63.6,63.6,63.6,-3,0.0019905671213438975
0.03145193572368044,0.03145193572368044,0.03145193572368044,0.03145193572368044,63.6,63.6,63.6,63.6,-3,0.0019905671213438975
0.03145193572368044,0.03145193572368044,0.03145193572368044,0.03145193572368044,63.6,63.6,63.6,63.6,-3,0.0019905671213438975
0.03145193572368044,0.03145193572368044,0.03145193572368044,0.03145193572368044,63.6,63.6,63.6,63.6,-3,0.0019905671213438975
0.03145193572368044,0.03145193572368044,0.03145193572368044,0.03145193572368044,63.6,63.6,63.6,63.6,-3,0.0019905671213438975
0.03145193572368044,0.03145193572368044,0.03145193572368044,0.03145193572368044,63.6,63.6,63.6,63.6,-3,0.0019905671213438975
0.03145193572368044,0.03145193572368044,0.03145193572368044,0.03145193572368044,63.6,63.6,63.6,63.6,-3,0.0019905671213438975
0.03145193572368044,0.03145193572368044,0.03145193572368044,0.03145193572368044,63.6,63.6,63.6,63.6,-3,0.0019905671213438975
0.03145193572368044,0.03145193572368044,0.03145193572368044,0.03145193572368044,63.6,63.6,63.6,63.6,-3,0.0019905671213438975
0.03145193572368044,0.03145193572368044,0.03145193572368044,0.03145193572368044,63.6,63.6,63.6,63.6,-3,0.0019905671213438975
0.03145193572368044,0.03145193572368044,0.03145193572368044,0.03145193572368044,63.6,63.6,63.6,63.6,-3,0.0021149775664278912
0.03145193572368044,0.03145193572368044,0.03145193572368044,0.03145193572368044,63.6,63.6,63.6,63.6,-3,0.0023637984565958786
0.03145193572368044,0.03145193572368044,0.03145193572368044,0.03145193572368044,63.6,63.6,63.6,63.6,-3,0.0026126193467638655
0.03145193572368044,0.03145193572368044,0.03145193572368044,0.03145193572368044,63.6,63.6,63.6,63.6,-3,0.0028614402369318524
0.03145193572368044,0.03145193572368044,0.03145193572368044,0.03145193572368044,63.6,63.6,63.6,63.6,-3,0.002985850682015846
0.03145193572368044,0.03145193572368044,0.03145193572368044,0.03145193572368044,63.6,63.6,63.6,63.6,-3,0.002985850682015846
0.03145193572368044,0.03145193572368044,0.03145193572368044,0.03145193572368044,63.6,63.6,63.6,63.6,-3,0.002985850682015846
0.03145193572368044,0.03145193572368044,0.03145193572368044,0.03145193572368044,63.6,63.6,63.6,63.6,-3,0.002985850682015846
0.03145193572368044,0.03145193572368044,0.03145193572368044,0.03145193572368044,63.6,63.6,63.6,63.6,-3,0.002985850682015846
0.03145193572368044,0.03145193572368044,0.03145193572368044,0.03145193572368044,63.6,63.6,63.5,63.5,-3,0.002985850682015846
0.03145193572368044,0.03145193572368044,0.03145193572368044,0.03145193572368044,63.6,63.6,63.5,63.5,-3,0.002985850682015846
0.03145193572368044,0.03145193572368044,0.03145193572368044,0.03145193572368044,63.6,63.6,63.5,63.5,-4,0.002985850682015846
0.03145193572368044,0.03145193572368044,0.03145193572368044,0.03145193572368044,63.5,63.5,63.5,63.5,-3,0.002985850682015846
0.03145193572368044,0.03145193572368044,0.03145193572368044,0.03145193572368044,63.5,63.5,63.5,63.5,-3,0.002985850682015846
0.03145193572368044,0.03145193572368044,0.03145193572368044,0.03145193572368044,63.5,63.5,63.5,63.5,-3,0.002985850682015846
0.03145193572368044,0.03145193572368044,0.03145193572368044,0.03145193572368044,63.5,63.5,63.5,63.5,-3,0.002985850682015846
0.03145193572368044,0.03145193572368044,0.03145193572368044,0.03145193572368044,63.5,63.5,63.5,63.5,-3,0.00311026112709984
0.03145193572368044,0.03145193572368044,0.03145193572368044,0.03145193572368044,63.5,63.5,63.5,63.5,-3,0.00311026112709984
0.03145193572368044,0.03145193572368044,0.03145193572368044,0.03145193572368044,63.5,63.5,63.5,63.5,-4,0.00311026112709984
0.03145193572368044,0.03145193572368044,0.03145193572368044,0.03145193572368044,63.5,63.5,63.5,63.5,-4,0.00311026112709984
0.03145193572368044,0.03145193572368044,0.03145193572368044,0.03145193572368044,63.5,63.5,63.400000000000006,63.400000000000006,-3,0.00311026112709984
0.03145193572368044,0.03145193572368044,0.03145193572368044,0.03145193572368044,63.5,63.5,63.400000000000006,63.400000000000006,-3,0.00311026112709984
0.03145193572368044,0.03145193572368044,0.03145193572368044,0.03145193572368044,63.400000000000006,63.400000000000006,63.400000000000006,63.400000000000006,-3,0.00311026112709984
0.03145193572368044,0.03145193572368044,0.03145193572368044,0.03145193572368044,63.400000000000006,63.400000000000006,63.400000000000006,63.400000000000006,-3,0.00311026112709984
0.03145193572368044,0.03145193572368044,0.03145193572368044,0.03145193572368044,63.400000000000006,63.400000000000006,63.300000000000004,63.300000000000004,-3,0.00311026112709984
0.03145193572368044,0.03145193572368044,0.03145193572368044,0.03145193572368044,63.400000000000006,63.400000000000006,63.300000000000004,63.300000000000004,-3,0.00311026112709984
0.03145193572368044,0.03145193572368044,0.03145193572368044,0.03145193572368044,63.300000000000004,63.300000000000004,63.2,63.2,-3,0.00311026112709984
0.03145193572368044,0.03145193572368044,0.03145193572368044,0.03145193572368044,63.300000000000004,63.300000000000004,63.2,63.2,-3,0.00311026112709984
0.03145193572368044,0.03145193572368044,0.03145193572368044,0.03145193572368044,63.2,63.2,63.1,63.1,-3,0.00311026112709984
0.03145193572368044,0.03145193572368044,0.03145193572368044,0.03145193572368044,63.2,63.2,63.0,63.0,-3,0.00311026112709984
0.03145193572368044,0.03145193572368044,0.03145193572368044,0.03145193572368044,63.1,63.1,62.900000000000006,62.900000000000006,-3,0.00311026112709984
0.03145193572368044,0.03145193572368044,0.03145193572368044,0.03145193572368044,63.1,63.1,62.800000000000004,62.800000000000004,-3,0.00311026112709984
0.03145193572368044,0.03145193572368044,0.03145193572368044,0.03145193572368044,63.0,63.0,62.800000000000004,62.800000000000004,-3,0.00311026112709984
0.03145193572368044,0.03145193572368044,0.03145193572368044,0.03145193572368044,62.900000000000006,62.900000000000006,62.6,62.6,-3,0.00311026112709984
0.03145193572368044,0.03145193572368044,0.03145193572368044,0.03145193572368044,62.800000000000004,62.800000000000004,62.5,62.5,-3,0.00311026112709984
0.03145193572368044,0.03145193572368044,0.03145193572368044,0.03145193572368044,62.7,62.7,62.400000000000006,62.400000000000006,-3,0.00311026112709984
0.03145193572368044,0.03145193572368044,0.03145193572368044,0.03145193572368044,62.6,62.6,62.2,62.2,-3,0.00311026112709984
0.03145193572368044,0.03145193572368044,0.03145193572368044,0.03145193572368044,62.400000000000006,62.400000000000006,62.0,62.0,-3,0.00311026112709984
0.03145193572368044,0.03145193572368044,0.03145193572368044,0.03145193572368044,62.300000000000004,62.300000000000004,61.800000000000004,61.800000000000004,-3,0.00311026112709984
0.03145193572368044,0.03145193572368044,0.03145193572368044,0.03145193572368044,62.1,62.1,61.6,61.6,-3,0.00311026112709984
0.03145193572368044,0.03145193572368044,0.03145193572368044,0.03145193572368044,61.900000000000006,61.900000000000006,61.300000000000004,61.300000000000004,-3,0.00311026112709984
0.03145193572368044,0.03145193572368044,0.03145193572368044,0.03145193572368044,61.7,61.7,61.0,61.0,-3,0.00311026112709984
0.03145193572368044,0.03145193572368044,0.03145193572368044,0.03145193572368044,61.400000000000006,61.400000000000006,60.7,60.7,-3,0.00311026112709984
0.03145193572368044,0.03145193572368044,0.03145193572368044,0.03145193572368044,61.2,61.2,60.300000000000004,60.300000000000004,-3,0.00311026112709984
0.03145193572368044,0.03145193572368044,0.03145193572368044,0.03145193572368044,60.800000000000004,60.800000000000004,59.800000000000004,59.800000000000004,-3,0.00311026112709984
0.03145193572368044,0.03145193572368044,0.03145193572368044,0.03145193572368044,60.400000000000006,60.400000000000006,59.300000000000004,59.300000000000004,-3,0.00311026112709984
0.03145193572368044,0.03145193572368044,0.03145193572368044,0.03145193572368044,59.6,59.6,59.300000000000004,59.300000000000004,-3,0.00311026112709984
0.03145193572368044,0.03145193572368044,0.03145193572368044,0.03145193572368044,59.2,59.2,58.5,58.5,-3,0.00311026112709984
0.03145193572368044,0.03145193572368044,0.03145193572368044,0.03145193572368044,58.800000000000004,58.800000000000004,57.5,57.5,-3,0.00311026112709984
0.03145193572368044,0.03145193572368044,0.03145193572368044,0.03145193572368044,57.6,57.6,57.5,57.5,-3,0.00311026112709984
0.03145193572368044,0.03145193572368044,0.03145193572368044,0.03145193572368044,57.1,57.1,56.1,56.1,-3,0.00311026112709984
0.03145193572368044,0.03145193572368044,0.03145193572368044,0.03145193572368044,56.400000000000006,56.400000000000006,54.6,54.6,-3,0.00311026112709984
0.03145193572368044,0.03145193572368044,0.03145193572368044,0.03145193572368044,54.800000000000004,54.800000000000004,54.6,54.6,-3,0.00311026112709984
0.03145193572368044,0.03145193572368044,0.03145193572368044,0.03145193572368044,54.0,54.0,52.6,52.6,-3,0.00311026112709984
0.03145193572368044,0.03145193572368044,0.03145193572368044,0.03145193572368044,52.2,52.2,52.6,52.6,-4,0.00311026112709984
0.03145193572368044,0.03145193572368044,0.03145193572368044,0.03145193572368044,51.2,51.2,50.2,50.2,-4,0.00311026112709984
0.03145193572368044,0.03145193572368044,0.03145193572368044,0.03145193572368044,49.2,49.2,50.2,50.2,-4,0.00311026112709984
0.03145193572368044,0.03145193572368044,0.03145193572368044,0.03145193572368044,49.2,49.2,44.300000000000004,44.300000000000004,-3,0.00311026112709984
0.03145193572368044,0.03145193572368044,0.03145193572368044,0.03145193572368044,46.7,46.7,44.300000000000004,44.300000000000004,-3,0.00311026112709984
0.03145193572368044,0.03145193572368044,0.03145193572368044,0.03145193572368044,44.2,44.2,44.300000000000004,44.300000000000004,-3,0.00311026112709984
0.03145193572368044,0.03145193572368044,0.03145193572368044,0.03145193572368044,42.900000000000006,42.900000000000006,41.0,41.0,-3,0.00311026112709984
0.03145193572368044,0.03145193572368044,0.03145193572368044,0.03145193572368044,40.2,40.2,41.0,41.0,-4,0.00311026112709984
0.03145193572368044,0.03145193572368044,0.03145193572368044,0.03145193572368044,38.800000000000004,38.800000000000004,37.5,37.5,-3,0.00311026112709984
0.03145193572368044,0.03145193572368044,0.03145193572368044,0.03145193572368044,35.800000000000004,35.800000000000004,37.5,37.5,-3,0.00311026112709984
0.03145193572368044,0.03145193572368044,0.03145193572368044,0.03145193572368044,35.800000000000004,35.800000000000004,29.400000000000002,29.400000000000002,-3,0.003234671572183834
0.03145193572368044,0.03145193572368044,0.03145193572368044,0.03145193572368044,32.4,32.4,29.400000000000002,29.400000000000002,-3,0.00311026112709984
0.03145193572368044,0.03145193572368044,0.03145193572368044,0.03145193572368044,29.1,29.1,29.400000000000002,29.400000000000002,-3,0.003234671572183834
0.03145193572368044,0.03145193572368044,0.03145193572368044,0.03145193572368044,27.700000000000003,27.700000000000003,25.700000000000003,25.700000000000003,-3,0.003234671572183834
0.03145193572368044,0.03145193572368044,0.03145193572368044,0.03145193572368044,24.700000000000003,24.700000000000003,25.700000000000003,25.700000000000003,-3,0.003234671572183834
0.03145193572368044,0.03145193572368044,0.03145193572368044,0.03145193572368044,23.200000000000003,23.200000000000003,21.900000000000002,21.900000000000002,-3,0.003234671572183834
0.03145193572368044,0.03145193572368044,0.03145193572368044,0.03145193572368044,20.3,20.3,21.900000000000002,21.900000000000002,-3,0.003234671572183834
0.03145193572368044,0.03145193572368044,0.03145193572368044,0.03145193572368044,20.3,20.3,15.600000000000001,15.600000000000001,-3,0.003234671572183834
0.03145193572368044,0.03145193572368044,0.03145193572368044,0.03145193572368044,17.7,17.7,15.600000000000001,15.600000000000001,-3,0.003234671572183834
0.03145193572368044,0.03145193572368044,0.03145193572368044,0.03145193572368044,15.3,15.3,15.600000000000001,15.600000000000001,-2,0.003234671572183834
0.03145193572368044,0.03145193572368044,0.03145193572368044,0.03145193572368044,14.3,14.3,13.3,13.3,-2,0.003234671572183834
0.03145193572368044,0.03145193572368044,0.03145193572368044,0.03145193572368044,13.3,13.3,11.3,11.3,-1,0.003234671572183834
0.03145193572368044,0.03145193572368044,0.03145193572368044,0.03145193572368044,11.4,11.4,11.3,11.3,0,0.003234671572183834
0.03145193572368044,0.03145193572368044,0.03145193572368044,0.03145193572368044,10.600000000000001,10.600000000000001,9.5,9.5,1,0.003234671572183834
0.03145193572368044,0.03145193572368044,0.03145193572368044,0.03145193572368044,9.1,9.1,9.5,9.5,1,0.003234671572183834
0.03145193572368044,0.03145193572368044,0.03145193572368044,0.03145193572368044,8.5,8.5,8.1,8.1,2,0.003234671572183834
0.03145193572368044,0.03145193572368044,0.03145193572368044,0.03145193572368044,7.9,7.9,6.9,6.9,2,0.003234671572183834
0.03145193572368044,0.03145193572368044,0.03145193572368044,0.03145193572368044,6.9,6.9,6.9,6.9,3,0.003234671572183834
0.03145193572368044,0.03145193572368044,0.03145193572368044,0.03145193572368044,6.4,6.4,5.9,5.9,3,0.003234671572183834
0.03145193572368044,0.03145193572368044,0.03145193572368044,0.03145193572368044,6.0,6.0,5.0,5.0,4,0.003234671572183834
0.03145193572368044,0.03145193572368044,0.03145193572368044,0.03145193572368044,5.2,5.2,5.0,5.0,4,0.003234671572183834
0.03145193572368044,0.03145193572368044,0.03145193572368044,0.03145193572368044,4.9,4.9,4.5,4.5,5,0.003234671572183834
0.03145193572368044,0.03145193572368044,0.03145193572368044,0.03145193572368044,4.6000000000000005,4.6000000000000005,4.0,4.0,5,0.00311026112709984
0.03145193572368044,0.03145193572368044,0.03145193572368044,0.03145193572368044,4.4,4.4,3.6,3.6,6,0.00311026112709984
0.03145193572368044,0.03145193572368044,0.03145193572368044,0.03145193572368044,4.2,4.2,3.3000000000000003,3.3000000000000003,6,0.00311026112709984
0.03145193572368044,0.03145193572368044,0.03145193572368044,0.03145193572368044,3.9000000000000004,3.9000000000000004,3.0,3.0,7,0.00311026112709984
0.03145193572368044,0.03145193572368044,0.03145193572368044,0.03145193572368044,3.7,3.7,2.7,2.7,7,0.002985850682015846
0.03145193572368044,0.03145193572368044,0.03145193572368044,0.03145193572368044,3.3000000000000003,3.3000000000000003,2.7,2.7,7,0.002985850682015846
0.03145193572368044,0.03145193572368044,0.03145193572368044,0.03145193572368044,3.2,3.2,2.4000000000000004,2.4000000000000004,8,0.0028614402369318524
0.03145193572368044,0.03145193572368044,0.03145193572368044,0.03145193572368044,3.0,3.0,2.2,2.2,8,0.0027370297918478596
0.03145193572368044,0.03145193572368044,0.03145193572368044,0.03145193572368044,2.9000000000000004,2.9000000000000004,2.0,2.0,8,0.0026126193467638655
0.03145193572368044,0.03145193572368044,0.03145193572368044,0.03145193572368044,2.7,2.7,1.8,1.8,9,0.002488208901679872
0.03145193572368044,0.03145193572368044,0.03145193572368044,0.03145193572368044,2.6,2.6,1.6,1.6,9,0.002239388011511885
0.03145193572368044,0.03145193572368044,0.03145193572368044,0.03145193572368044,2.4000000000000004,2.4000000000000004,1.4000000000000001,1.4000000000000001,9,0.0019905671213438975
0.03145193572368044,0.03145193572368044,0.03145193572368044,0.03145193572368044,2.3000000000000003,2.3000000000000003,1.4000000000000001,1.4000000000000001,9,0.001617335786091917
0.03145193572368044,0.03145193572368044,0.03145193572368044,0.03145193572368044,2.2,2.2,1.3,1.3,9,0.0013685148959239298
0.03145193572368044,0.03145193572368044,0.03145193572368044,0.03145193572368044,2.1,2.1,1.2000000000000002,1.2000000000000002,9,0.0011196940057559425
0.03145193572368044,0.03145193572368044,0.03145193572368044,0.03145193572368044,2.0,2.0,1.2000000000000002,1.2000000000000002,9,0.0008708731155879552
0.03145193572368044,0.03145193572368044,0.03145193572368044,0.03145193572368044,1.9000000000000001,1.9000000000000001,1.1,1.1,9,0.000622052225419968
0.03145193572368044,0.03145193572368044,0.03145193572368044,0.03145193572368044,1.8,1.8,1.1,1.1,9,0.0002488208901679872
0.03145193572368044,0.03145193572368044,0.03145193572368044,0.03145193572368044,1.7000000000000002,1.7000000000000002,1.0,1.0,9,0.0
0.03145193572368044,0.03145193572368044,0.03145193572368044,0.03145193572368044,1.6,1.6,1.0,1.0,9,-0.00037323133525198076
0.03145193572368044,0.03145193572368044,0.03145193572368044,0.03145193572368044,1.5,1.5,0.9,0.9,10,-0.0007464626705039615
0.03145193572368044,0.03145193572368044,0.03145193572368044,0.03145193572368044,1.4000000000000001,1.4000000000000001,0.9,0.9,11,-0.001244104450839936
0.03145193572368044,0.03145193572368044,0.03145193572368044,0.03145193572368044,1.4000000000000001,1.4000000000000001,0.8,0.8,13,-0.001617335786091917
0.03145193572368044,0.03145193572368044,0.03145193572368044,0.03145193572368044,1.4000000000000001,1.4000000000000001,0.8,0.8,14,-0.0021149775664278912
0.03145193572368044,0.03145193572368044,0.03145193572368044,0.03145193572368044,1.3,1.3,0.8,0.8,16,-0.002488208901679872
0.03145193572368044,0.03145193572368044,0.03145193572368044,0.03145193572368044,1.3,1.3,0.7000000000000001,0.7000000000000001,19,-0.002985850682015846
0.03145193572368044,0.03145193572368044,0.03145193572368044,0.03145193572368044,1.2000000000000002,1.2000000000000002,0.7000000000000001,0.7000000000000001,21,-0.003359082017267827
0.03145193572368044,0.03145193572368044,0.03145193572368044,0.03145193572368044,1.2000000000000002,1.2000000000000002,0.6000000000000001,0.6000000000000001,23,-0.0038567237976038014
0.03145193572368044,0.03145193572368044,0.03145193572368044,0.03145193572368044,1.2000000000000002,1.2000000000000002,0.6000000000000001,0.6000000000000001,25,-0.004354365577939776
0.03145193572368044,0.03145193572368044,0.03145193572368044,0.03145193572368044,1.1,1.1,0.6000000000000001,0.6000000000000001,27,-0.00485200735827575
0.03145193572368044,0.03145193572368044,0.03145193572368044,0.03145193572368044,1.1,1.1,0.6000000000000001,0.6000000000000001,29,-0.005474059583695719
0.03145193572368044,0.03145193572368044,0.03145193572368044,0.03145193572368044,1.1,1.1,0.5,0.5,31,-0.0060961118091156855
0.03145193572368044,0.03145193572368044,0.03145193572368044,0.03145193572368044,1.0,1.0,0.5,0.5,33,-0.006593753589451661
0.03145193572368044,0.03145193572368044,0.03145193572368044,0.03145193572368044,1.0,1.0,0.5,0.5,35,-0.007091395369787636
0.03145193572368044,0.03145193572368044,0.03145193572368044,0.03145193572368044,1.0,1.0,0.5,0.5,37,-0.00758903715012361
0.03145193572368044,0.03145193572368044,0.03145193572368044,0.03145193572368044,0.9,0.9,0.4,0.4,38,-0.00796226848537559
0.03145193572368044,0.03145193572368044,0.03145193572368044,0.03145193572368044,0.9,0.9,0.4,0.4,40,-0.008459910265711565
0.03145193572368044,0.03145193572368044,0.03145193572368044,0.03145193572368044,0.9,0.9,0.4,0.4,41,-0.00895755204604754
0.03145193572368044,0.03145193572368044,0.03145193572368044,0.03145193572368044,0.9,0.9,0.4,0.4,42,-0.009455193826383514
0.03145193572368044,0.03145193572368044,0.03145193572368044,0.03145193572368044,0.8,0.8,0.4,0.4,44,-0.009952835606719487
0.03145193572368044,0.03145193572368044,0.03145193572368044,0.03145193572368044,0.8,0.8,0.30000000000000004,0.30000000000000004,45,-0.010574887832139456
0.03145193572368044,0.03145193572368044,0.03145193572368044,0.03145193572368044,0.8,0.8,0.30000000000000004,0.30000000000000004,46,-0.01107252961247543
0.03145193572368044,0.03145193572368044,0.03145193572368044,0.03145193572368044,0.8,0.8,0.30000000000000004,0.30000000000000004,48,-0.0116945818378954
0.03145193572368044,0.03145193572368044,0.03145193572368044,0.03145193572368044,0.7000000000000001,0.7000000000000001,0.30000000000000004,0.30000000000000004,49,-0.01244104450839936
0.03145193572368044,0.03145193572368044,0.03145193572368044,0.03145193572368044,0.7000000000000001,0.7000000000000001,0.30000000000000004,0.30000000000000004,50,-0.013187507178903322
0.03145193572368044,0.03145193572368044,0.03145193572368044,0.03145193572368044,0.7000000000000001,0.7000000000000001,0.30000000000000004,0.30000000000000004,52,-0.014058380294491276
0.03145193572368044,0.03145193572368044,0.03145193572368044,0.03145193572368044,0.7000000000000001,0.7000000000000001,0.2,0.2,53,-0.015053663855163225
0.03145193572368044,0.03145193572368044,0.03145193572368044,0.03145193572368044,0.6000000000000001,0.6000000000000001,0.2,0.2,55,-0.016048947415835173
0.03145193572368044,0.03145193572368044,0.03145193572368044,0.03145193572368044,0.6000000000000001,0.6000000000000001,0.2,0.2,56,-0.017168641421591118
0.03145193572368044,0.03145193572368044,0.03145193572368044,0.03145193572368044,0.6000000000000001,0.6000000000000001,0.2,0.2,58,-0.018163924982263067
0.03145193572368044,0.03145193572368044,0.03145193572368044,0.03145193572368044,0.6000000000000001,0.6000000000000001,0.2,0.2,59,-0.019408029433103
0.03145193572368044,0.03145193572368044,0.03145193572368044,0.03145193572368044,0.6000000000000001,0.6000000000000001,0.2,0.2,60,-0.020527723438858947
0.03145193572368044,0.03145193572368044,0.03145193572368044,0.03145193572368044,0.6000000000000001,0.6000000000000001,0.2,0.2,61,-0.02177182788969888
0.03145193572368044,0.03145193572368044,0.03145193572368044,0.03145193572368044,0.5,0.5,0.2,0.2,63,-0.023015932340538815
0.03145193572368044,0.03145193572368044,0.03145193572368044,0.03145193572368044,0.5,0.5,0.2,0.2,65,-0.024135626346294757
0.03145193572368044,0.03145193572368044,0.03145193572368044,0.03145193572368044,0.5,0.5,0.2,0.2,66,-0.025130909906966706
0.03145193572368044,0.03145193572368044,0.03145193572368044,0.03145193572368044,0.5,0.5,0.1,0.1,67,-0.026001783022554664
0.03145193572368044,0.03145193572368044,0.03145193572368044,0.03145193572368044,0.5,0.5,0.1,0.1,69,-0.02674824569305862
0.03145193572368044,0.03145193572368044,0.03145193572368044,0.03145193572368044,0.5,0.5,0.1,0.1,70,-0.02761911880864658
0.03145193572368044,0.03145193572368044,0.03145193572368044,0.03145193572368044,0.4,0.4,0.1,0.1,71,-0.028365581479150543
0.03145193572368044,0.03145193572368044,0.08863727340309943,0.03145193572368044,0.4,0.4,0.1,0.1,73,-0.029236454594738497
0.03145193572368044,0.03145193572368044,0.08863727340309943,0.03145193572368044,0.4,0.4,0.1,0.1,74,-0.03010732771032645
0.03145193572368044,0.03145193572368044,0.08863727340309943,0.03145193572368044,0.4,0.4,0.1,0.1,75,-0.031227021716082395
0.03145193572368044,0.03145193572368044,0.08863727340309943,0.03145193572368044,0.4,0.4,0.1,0.1,77,-0.03234671572183834
0.24875621890547261,0.03145193572368044,0.08863727340309943,0.03145193572368044,0.4,0.4,0.1,0.1,79,-0.03334199928251028
0.24875621890547261,0.16583747927031506,0.08863727340309943,0.03145193572368044,0.4,0.4,0.1,0.1,80,-0.034461693288266225
0.24875621890547261,0.16583747927031506,0.30594155658489164,0.03145193572368044,0.4,0.4,0.1,0.1,82,-0.03570579773910616
0.24875621890547261,0.16583747927031506,0.30594155658489164,0.2659118202092983,0.30000000000000004,0.30000000000000004,0.1,0.1,83,-0.03707431263503009
0.24875621890547261,0.16583747927031506,0.30594155658489164,0.2659118202092983,0.30000000000000004,0.30000000000000004,0.1,0.1,84,-0.03844282753095402
0.3802824955681363,0.16583747927031506,0.30594155658489164,0.2659118202092983,0.30000000000000004,0.30000000000000004,0.1,0.1,86,-0.03981134242687795
0.3802824955681363,0.3574083604963687,0.30594155658489164,0.2659118202092983,0.30000000000000004,0.30000000000000004,0.1,0.1,87,-0.04117985732280188
0.3802824955681363,0.3574083604963687,0.4231714988277005,0.2659118202092983,0.30000000000000004,0.30000000000000004,0.1,0.1,89,-0.042797193108893794
0.3802824955681363,0.3574083604963687,0.4231714988277005,0.397438096871962,0.30000000000000004,0.30000000000000004,0.1,0.1,90,-0.04441452889498571
0.4717790358552067,0.3574083604963687,0.4231714988277005,0.397438096871962,0.30000000000000004,0.30000000000000004,0.1,0.1,91,-0.04590745423599364
0.4717790358552067,0.3574083604963687,0.4231714988277005,0.397438096871962,0.30000000000000004,0.30000000000000004,0.1,0.1,93,-0.04740037957700156
0.4717790358552067,0.4660605020872648,0.5175273059987419,0.397438096871962,0.30000000000000004,0.30000000000000004,0.0,0.0,94,-0.048644484027841495
0.4717790358552067,0.4660605020872648,0.5175273059987419,0.49751243781094523,0.30000000000000004,0.30000000000000004,0.0,0.0,94,-0.04976417803359744
0.5689941099102189,0.4660605020872648,0.5175273059987419,0.49751243781094523,0.2,0.2,0.0,0.0,95,-0.0506350511491854
0.5689941099102189,0.5604163092583061,0.5175273059987419,0.49751243781094523,0.2,0.2,0.0,0.0,95,-0.051381513819689355
0.5689941099102189,0.5604163092583061,0.6033053125178703,0.49751243781094523,0.2,0.2,0.0,0.0,96,-0.05200356604510933
0.5689941099102189,0.5604163092583061,0.6033053125178703,0.5861497112140446,0.2,0.2,0.0,0.0,97,-0.0525012078254453
0.6404757820094927,0.5604163092583061,0.6033053125178703,0.5861497112140446,0.2,0.2,0.0,0.0,97,-0.05299884960578127
0.6404757820094927,0.6461943157774347,0.6633499170812602,0.5861497112140446,0.2,0.2,0.0,0.0,98,-0.053372080941033254
0.6404757820094927,0.6461943157774347,0.6633499170812602,0.6662091839652312,0.2,0.2,0.0,0.0,97,-0.053745312276285234
0.7119574541087665,0.6461943157774347,0.6633499170812602,0.6662091839652312,0.2,0.2,0.0,0.0,98,-0.05399413316645322
0.7119574541087665,0.7233945216446503,0.7405501229484759,0.6662091839652312,0.2,0.2,0.0,0.0,98,-0.05424295405662121
0.7920169268599531,0.7233945216446503,0.7405501229484759,0.7405501229484759,0.2,0.2,0.0,0.0,98,-0.0544917749467892
0.7920169268599531,0.7977354606278949,0.7405501229484759,0.7405501229484759,0.2,0.2,0.0,0.0,99,-0.05461618539187319
0.7920169268599531,0.7977354606278949,0.8120317950477496,0.7405501229484759,0.2,0.2,0.0,0.0,99,-0.054865006282041176
0.8606393320752559,0.7977354606278949,0.8120317950477496,0.8091725281637787,0.2,0.2,0.0,0.0,100,-0.05498941672712517
0.8606393320752559,0.8606393320752559,0.8720763996111397,0.8091725281637787,0.2,0.2,0.0,0.0,100,-0.05523823761729316
0.9149654028707039,0.8606393320752559,0.8720763996111397,0.8692171327271687,0.2,0.2,0.0,0.0,99,-0.05548705850746115
0.9149654028707039,0.9235432035226167,0.8720763996111397,0.8692171327271687,0.2,0.2,0.0,0.0,100,-0.05573587939762913
0.9149654028707039,0.9235432035226167,0.9264024704065877,0.8692171327271687,0.1,0.1,0.0,0.0,100,-0.05598470028779712
0.9692914736661519,0.9235432035226167,0.9264024704065877,0.9235432035226167,0.1,0.1,0.0,0.0,101,-0.0562335211779651
0.9692914736661519,0.9835878080860067,0.9835878080860067,0.9235432035226167,0.1,0.1,0.0,0.0,101,-0.0563579316230491
1.026476811345571,0.9835878080860067,0.9835878080860067,0.9807285412020358,0.1,0.1,0.0,0.0,102,-0.05648234206813309
1.026476811345571,1.0321953451135129,1.0350546119974837,0.9807285412020358,0.1,0.1,0.0,0.0,102,-0.05660675251321709
1.080802882141019,1.0321953451135129,1.0350546119974837,1.0236175444616,0.1,0.1,0.0,0.0,102,-0.056731162958301086
1.080802882141019,1.0836621490249898,1.086521415908961,1.0236175444616,0.1,0.1,0.0,0.0,102,-0.056731162958301086
1.132269686052496,1.0836621490249898,1.086521415908961,1.077943615257048,0.1,0.1,0.0,0.0,102,-0.056731162958301086
1.132269686052496,1.129410419168525,1.1379882198204379,1.077943615257048,0.1,0.1,0.0,0.0,103,-0.056731162958301086
1.1808772230800022,1.129410419168525,1.1379882198204379,1.1265511522845542,0.1,0.1,0.0,0.0,103,-0.056731162958301086
1.1808772230800022,1.1751586893120602,1.1780179561960313,1.1265511522845542,0.1,0.1,0.0,0.0,103,-0.056731162958301086
1.2237662263395666,1.1751586893120602,1.1780179561960313,1.1722994224280892,0.1,0.1,0.0,0.0,104,-0.056731162958301086
1.2237662263395666,1.2294847601075083,1.2237662263395666,1.1722994224280892,0.1,0.1,0.0,0.0,106,-0.056731162958301086
1.2666552295991305,1.2666552295991305,1.2237662263395666,1.2209069594555957,0.1,0.1,0.0,0.0,107,-0.056731162958301086
1.315262766626637,1.2666552295991305,1.2695144964831018,1.2209069594555957,0.1,0.1,0.0,0.0,109,-0.056731162958301086
1.315262766626637,1.303825699090753,1.3095442328586948,1.2637959627151596,0.1,0.1,0.0,0.0,110,-0.056731162958301086
1.35529250300223,1.303825699090753,1.3095442328586948,1.2637959627151596,0.1,0.1,0.0,0.0,111,-0.056731162958301086
1.35529250300223,1.349573969234288,1.349573969234288,1.3095442328586948,0.1,0.1,0.0,0.0,112,-0.056731162958301086
1.3953222393778233,1.349573969234288,1.349573969234288,1.3438554354663463,0.1,0.1,0.0,0.0,113,-0.056731162958301086
1.4382112426373876,1.3838851718419396,1.3924629724938524,1.3438554354663463,0.1,0.1,0.0,0.0,113,-0.056731162958301086
1.4382112426373876,1.423914908217533,1.4353519757534168,1.3724481043060557,0.1,0.1,0.0,0.0,114,-0.05660675251321709
1.4811002458969518,1.423914908217533,1.4353519757534168,1.423914908217533,0.1,0.1,0.0,0.0,115,-0.05660675251321709
1.5354263166923998,1.47538171212901,1.4896780465488646,1.423914908217533,0.1,0.1,0.0,0.0,116,-0.05660675251321709
1.5354263166923998,1.5096929147366613,1.5468633842282837,1.4725224452450392,0.1,0.1,0.0,0.0,117,-0.05660675251321709
1.5954709212557898,1.5096929147366613,1.5468633842282837,1.4725224452450392,0.1,0.1,0.0,0.0,118,-0.05660675251321709
1.6297821238634413,1.5468633842282837,1.589752387487848,1.5011151140847485,0.1,0.1,0.0,0.0,119,-0.05648234206813309
1.649796992051238,1.592611654371819,1.6154857894435866,1.5411448504603418,0.1,0.1,0.0,0.0,119,-0.0563579316230491
1.649796992051238,1.644078458283296,1.644078458283296,1.589752387487848,0.1,0.1,0.0,0.0,120,-0.056109110732881114
1.6783896608909474,1.644078458283296,1.644078458283296,1.589752387487848,0.1,0.1,0.0,0.0,121,-0.05573587939762913
1.7098415966146279,1.6783896608909474,1.6755303940069766,1.6269228569794705,0.1,0.1,0.0,0.0,121,-0.05523823761729316
1.7470120661062503,1.704123062846686,1.7098415966146279,1.6612340595871218,0.1,0.1,0.0,0.0,121,-0.054865006282041176
1.7470120661062503,1.7498713329902211,1.7498713329902211,1.6612340595871218,0.0,0.0,0.0,0.0,122,-0.0543673645017052
1.7956196031337563,1.7498713329902211,1.7498713329902211,1.6984045290787442,0.0,0.0,0.0,0.0,122,-0.05399413316645322
1.8413678732772916,1.7899010693658144,1.801338136901698,1.7355749985703663,0.0,0.0,0.0,0.0,123,-0.053620901831201245
1.875679075884943,1.818493738205524,1.8442271401612624,1.7784640018299305,0.0,0.0,0.0,0.0,123,-0.05312326005086527
1.9128495453765653,1.8470864070452333,1.869960542117001,1.8070566706696403,0.0,0.0,0.0,0.0,123,-0.052625618270529285
1.9414422142162748,1.8842568765368557,1.9014124778406816,1.8070566706696403,0.0,0.0,0.0,0.0,123,-0.052127976490193316
1.9414422142162748,1.8842568765368557,1.9014124778406816,1.8499456739292042,0.0,0.0,0.0,0.0,122,-0.05150592426477336
1.9757534168239261,1.921427346028478,1.9385829473323037,1.878538342768914,0.0,0.0,0.0,0.0,122,-0.050883872039353385
2.0100646194315774,1.9528792817521585,1.9671756161720133,1.9042717447246524,0.0,0.0,0.0,0.0,122,-0.05038623025901741
2.035798021387316,1.9843312174758392,1.9957682850117229,1.9528792817521585,0.0,0.0,0.0,0.0,122,-0.04976417803359744
2.0615314233430544,2.0100646194315774,2.0300794876193744,1.990049751243781,0.0,0.0,0.0,0.0,121,-0.04901771536309348
2.0929833590667353,2.052953622691142,2.0643906902270257,1.990049751243781,0.0,0.0,0.0,0.0,121,-0.04839566313767351
2.1301538285583574,2.087264825298793,2.0901240921827644,2.015783153199519,0.0,0.0,0.0,0.0,122,-0.04777361091225354
2.161605764282038,2.1244352947904153,2.1215760279064444,2.0415165551552583,0.0,0.0,0.0,0.0,123,-0.04702714824174958
2.1901984331217474,2.1530279636301253,2.155887230514096,2.0786870246468805,0.0,0.0,0.0,0.0,123,-0.04652950646141361
2.2159318350774857,2.1644650311660087,2.1787613655858635,2.098701892834677,0.0,0.0,0.0,0.0,124,-0.04590745423599364
2.2473837708011666,2.2044947675416022,2.213072568193515,2.1187167610224735,0.0,0.0,0.0,0.0,123,-0.045409812455657665
2.281694973408818,2.2044947675416022,2.2445245039171957,2.161605764282038,0.0,0.0,0.0,0.0,123,-0.04478776023023769
2.307428375364556,2.2416652370332244,2.270257905872934,2.1873391662377766,0.0,0.0,0.0,0.0,123,-0.04429011844990172
2.330302510436324,2.264539372104992,2.2959913078286722,2.2159318350774857,0.0,0.0,0.0,0.0,124,-0.04366806622448175
2.3560359123920627,2.2845542402927888,2.330302510436324,2.2473837708011666,0.0,0.0,0.0,0.0,124,-0.043046013999061786
2.384628581231772,2.3217247097844114,2.353176645508092,2.2759764396408757,0.0,0.0,0.0,0.0,124,-0.042299551328557825
2.4132212500714814,2.353176645508092,2.384628581231772,2.307428375364556,0.0,0.0,0.0,0.0,123,-0.04142867821296987
2.4446731857951622,2.384628581231772,2.4103619831875105,2.3245839766683822,0.0,0.0,0.0,0.0,124,-0.040682215542465906
2.4646880539829588,2.4103619831875105,2.433236118259278,2.3474581117401496,0.0,0.0,0.0,0.0,123,-0.039935752871961945
2.4904214559386975,2.4418139189111914,2.4618287870989874,2.384628581231772,0.0,0.0,0.0,0.0,123,-0.03931370064654198
2.5190141247784066,2.478984388402813,2.481843655286784,2.4160805169554522,0.0,0.0,0.0,0.0,129,-0.03869164842112201
2.5390289929662035,2.501858523474581,2.513295591010465,2.430376851375307,0.0,0.0,0.0,0.0,140,-0.03819400664078604
2.5676216618059127,2.5247326585463483,2.533310459198261,2.4646880539829588,0.0,0.0,0.0,0.0,147,-0.037571954415366066
2.610510665065477,2.547606793618116,2.559043861154,2.4904214559386975,0.0,0.0,0.0,0.0,144,-0.0369499021899461
2.6362440670212157,2.561903128037971,2.5904957968776805,2.49899925659061,0.0,0.0,0.0,0.0,143,-0.03620343951944213
2.6562589352090122,2.5904957968776805,2.630525533253274,2.550466060502087,0.0,0.0,0.0,0.0,143,-0.03533256640385418
2.67913307028078,2.65054040144107,2.65054040144107,2.5761994624578253,0.0,0.0,0.0,0.0,143,-0.034461693288266225
2.7020072053525475,2.670555269628867,2.670555269628867,2.610510665065477,0.0,0.0,0.0,0.0,144,-0.03346640972759428
2.7163035397724022,2.6905701378166635,2.6877108709326927,2.630525533253274,0.0,0.0,0.0,0.0,144,-0.03259553661200632
2.7591925430319666,2.7020072053525475,2.7048664722365183,2.6676960027448957,0.0,0.0,0.0,0.0,144,-0.03184907394150236
2.7906444787556466,2.7163035397724022,2.727740607308286,2.6905701378166635,0.0,0.0,0.0,0.0,145,-0.031227021716082395
2.8163778807113853,2.7477554754960822,2.7877852118716757,2.681992337164751,0.0,0.0,0.0,0.0,146,-0.030604969490662423
2.8421112826671235,2.804940813175502,2.8135186138274144,2.7563332761479957,0.0,0.0,0.0,0.0,146,-0.03010732771032645
2.8764224852747753,2.8249556813632983,2.836392748899182,2.7649110767999083,0.0,0.0,0.0,0.0,146,-0.02948527548490648
2.882141019042717,2.8449705495510953,2.850689083319037,2.7906444787556466,0.0,0.0,0.0,0.0,149,-0.028863223259486516
2.9078744209984557,2.853548350203008,2.899296620346543,2.8163778807113853,0.0,0.0,0.0,0.0,151,-0.02799235014389856
2.947904157374049,2.905015154114485,2.9193114885343396,2.847829816435066,0.0,0.0,0.0,0.0,153,-0.02699706658322661
2.9907931606336136,2.9421856236061075,2.9393263567221357,2.8621261508549205,0.0,0.0,0.0,0.0,160,-0.026126193467638656
3.0079487619374388,2.95076342425802,2.95076342425802,2.885000285926688,0.0,0.0,0.0,0.0,159,-0.0252553203520507
3.013667295705381,2.9879338937496427,3.013667295705381,2.930748556070223,0.0,0.0,0.0,0.0,164,-0.024633268126630734
3.0451192314290614,2.9936524275175844,3.0222450963572935,2.9736375593297875,0.0,0.0,0.0,0.0,165,-0.024011215901210765
3.0708526333847996,3.0079487619374388,3.0279636301252353,3.005089495053468,0.0,0.0,0.0,0.0,165,-0.02351357412087479
3.0965860353405383,3.0308228970092066,3.0708526333847996,2.9907931606336136,0.0,0.0,0.0,0.0,164,-0.02314034278562281
3.1423343054840736,3.076571167152742,3.0965860353405383,3.053697032080974,0.0,0.0,0.0,0.0,165,-0.022767111450370827
3.170926974323783,3.1080231028764223,3.1280379710642188,3.062274832732887,0.0,0.0,0.0,0.0,166,-0.02202064877986687
3.2109567106993766,3.150912106135986,3.179504774975696,3.0794304340367127,0.0,0.0,0.0,0.0,166,-0.021149775664278912
3.230971578887173,3.1480528392520153,3.2023789100474636,3.125178704180248,0.0,0.0,0.0,0.0,167,-0.020278902548690955
3.253845713958941,3.1652084405558414,3.2395493795390857,3.125178704180248,0.0,0.0,0.0,0.0,168,-0.019408029433103
3.305312517870418,3.219534511351289,3.271001315262766,3.1566306399039283,0.0,0.0,0.0,0.0,170,-0.018785977207683033
3.3167495854063014,3.225253045119231,3.305312517870418,3.1966603762795214,0.0,0.0,0.0,0.0,174,-0.01828833542734706
3.331045919826156,3.2452679133070275,3.3224681191742436,3.219534511351289,0.0,0.0,0.0,0.0,174,-0.01791510409209508
3.353920054897924,3.2595642477268827,3.3424829873620396,3.2910161834505627,0.0,0.0,0.0,0.0,177,-0.0175418727568431
3.3968090581574883,3.285297649682621,3.3767941899696914,3.305312517870418,0.0,0.0,0.0,0.0,177,-0.017044230976507122
3.416823926345285,3.3453422542460114,3.40252759192543,3.3224681191742436,0.0,0.0,0.0,0.0,177,-0.01654658919617115
3.453994395836907,3.3767941899696914,3.4396980614170527,3.356779321781895,0.0,0.0,0.0,0.0,179,-0.015800126525667188
3.476868530908675,3.4111053925773427,3.4597129296048488,3.351060788013953,0.0,0.0,0.0,0.0,179,-0.015053663855163225
3.525476067936181,3.4254017269971975,3.516898267284268,3.408246125693372,0.0,0.0,0.0,0.0,180,-0.014431611629743258
3.5454909361239775,3.4625721964888196,3.536913135472065,3.40252759192543,0.0,0.0,0.0,0.0,182,-0.013933969849407283
3.6112540744553097,3.502601932864413,3.588379939383542,3.465431463372791,0.0,0.0,0.0,0.0,186,-0.013560738514155303
3.634128209527077,3.516898267284268,3.634128209527077,3.476868530908675,0.0,0.0,0.0,0.0,185,-0.013187507178903322
3.6655801452507575,3.5397724023560357,3.6598616114828157,3.525476067936181,0.0,0.0,0.0,0.0,187,-0.01281427584365134
3.6998913478584083,3.574083604963687,3.6970320809744375,3.571224338079716,0.0,0.0,0.0,0.0,189,-0.01244104450839936
3.722765482930176,3.628409675759135,3.7170469491622344,3.576942871847658,0.0,0.0,0.0,0.0,191,-0.011943402728063384
3.7656544861897405,3.654143077714874,3.757076685537828,3.6598616114828157,0.0,0.0,0.0,0.0,190,-0.01144576094772741
3.788528621261508,3.708469148510322,3.7999656887973923,3.6627208783667866,0.0,0.0,0.0,0.0,193,-0.01107252961247543
3.8342768914050436,3.7199062160462053,3.8256990907531305,3.685595013438554,0.0,0.0,0.0,0.0,197,-0.010574887832139456
3.8828844284325497,3.757076685537828,3.8828844284325497,3.6941728140904666,0.0,0.0,0.0,0.0,198,-0.009952835606719487
3.9343512323440266,3.7770915537256244,3.928632698576085,3.754217418653857,0.0,0.0,0.0,0.0,198,-0.00933078338129952
3.9629439011837357,3.79424715502945,3.9915365700234458,3.8142620232172466,0.0,0.0,0.0,0.0,201,-0.008833141600963546
4.022988505747126,3.8514324927088692,4.020129238863155,3.8285583576371014,0.0,0.0,0.0,0.0,202,-0.008459910265711565
4.083033110310517,3.8943214959684336,4.0858923771944875,3.8657288271287236,0.0,0.0,0.0,0.0,203,-0.008086678930459584
4.128781380454051,3.902899296620346,4.1087665122662544,3.917195631040201,0.0,0.0,0.0,0.0,203,-0.007837858040291598
4.143077714873906,3.9629439011837357,4.174529650597586,3.9715217018356492,0.0,0.0,0.0,0.0,203,-0.007464626705039616
4.1831074512495,4.0058329044433005,4.1859667181334705,3.9858180362555036,0.0,0.0,0.0,0.0,206,-0.006718164034535654
4.24601132269686,4.048721907702864,4.2288557213930345,4.014410705095213,0.0,0.0,0.0,0.0,208,-0.0060961118091156855
4.297478126608337,4.097329444730371,4.294618859724366,4.071596042774632,0.0,0.0,0.0,0.0,209,-0.005349649138611724
4.340367129867901,4.128781380454051,4.3289300623320175,4.114485046034196,0.0,0.0,0.0,0.0,209,-0.00485200735827575
4.380396866243495,4.180248184365529,4.391833933779378,4.137359181105964,0.0,0.0,0.0,0.0,210,-0.00447877602302377
4.420426602619088,4.194544518785383,4.4290044032710005,4.197403785669354,0.0,0.0,0.0,0.0,211,-0.004105544687771789
4.466174872762624,4.24601132269686,4.483330474066449,4.225996454509064,0.0,0.0,0.0,0.0,212,-0.0038567237976038014
4.511923142906158,4.30319666037628,4.520500943558071,4.294618859724366,0.0,0.0,0.0,0.0,214,-0.003483492462351821
4.5691084805855775,4.331789329215988,4.557671413049693,4.334648596099959,0.0,0.0,0.0,0.0,213,-0.00311026112709984
4.614856750729112,4.374678332475553,4.603419683193229,4.354663464287756,0.0,0.0,0.0,0.0,214,-0.0027370297918478596
4.640590152684851,4.431863670154971,4.663464287756618,4.403271001315263,0.0,0.0,0.0,0.0,217,-0.0023637984565958786
4.700634757248241,4.4490192714587975,4.714931091668096,4.460456338994681,0.0,0.0,0.0,0.0,218,-0.001866156676259904
4.749242294275747,4.471893406530565,4.749242294275747,4.520500943558071,0.0,0.0,0.0,0.0,221,-0.001244104450839936
4.794990564419282,4.540515811745868,4.772116429347515,4.5490936123977805,0.0,0.0,0.0,0.0,220,-0.000622052225419968
4.820723966375021,4.614856750729112,4.815005432607079,4.574827014353519,0.0,0.0,0.0,0.0,220,-0.0001244104450839936
4.866472236518556,4.663464287756618,4.857894435866644,4.634871618916909,0.0,0.0,0.0,0.0,222,0.0002488208901679872
4.9093612397781206,4.640590152684851,4.880768570938411,4.657745753988676,0.0,0.0,0.0,0.0,224,0.0007464626705039615
4.9522502430376845,4.746383027391777,4.946531709269743,4.712071824784125,0.0,0.0,0.0,0.0,225,0.001244104450839936
5.040887516440784,4.766397895579574,5.023731915136959,4.794990564419282,0.0,0.0,0.0,0.0,224,0.001866156676259904
5.075198719048435,4.794990564419282,5.086635786584319,4.81786469949105,0.0,0.0,0.0,0.0,224,0.0023637984565958786
5.155258191799622,4.835020300794875,5.1323840567278545,4.835020300794875,0.0,0.0,0.0,0.0,225,0.002985850682015846
5.186710127523303,4.886487104706353,5.195287928175215,4.9322353748498875,0.0,0.0,0.0,0.0,227,0.003483492462351821
5.241036198318751,4.963687310573568,5.221021330130954,4.940813175501801,0.0,0.0,0.0,0.0,230,0.004105544687771789
5.292503002230228,4.995139246297248,5.295362269114198,4.983702178761365,0.0,0.0,0.0,0.0,233,0.004603186468107763
5.346829073025676,5.066620918396522,5.346829073025676,5.018013381369016,0.0,0.0,0.0,0.0,234,0.005100828248443737
5.424029278892891,5.069480185280494,5.378281008749355,5.106650654772116,0.0,0.0,0.0,0.0,236,0.005474059583695719
5.4125922113570075,5.100932121004174,5.429747812660834,5.163835992451535,0.0,0.0,0.0,0.0,235,0.005722880473863705
5.475496082804369,5.1695545262194775,5.4726368159203975,5.1695545262194775,0.0,0.0,0.0,0.0,236,0.005971701364031692
5.501229484760107,5.243895465202721,5.504088751644078,5.2524732658546345,0.0,0.0,0.0,0.0,235,0.006344932699283674
5.589866758163207,5.263910333390518,5.584148224395265,5.263910333390518,0.0,0.0,0.0,0.0,240,0.006718164034535654
5.649911362726597,5.30108080288214,5.632755761422771,5.303940069766112,0.0,0.0,0.0,0.0,240,0.007091395369787636
5.692800365986161,5.32967347172185,5.718533767941899,5.3525476067936175,0.0,0.0,0.0,0.0,247,0.007340216259955622
5.767141304969406,5.36112540744553,5.764282038085434,5.42117001200892,0.0,0.0,0.0,0.0,248,0.007713447595207603
5.827185909532795,5.435466346428775,5.838622977068679,5.4326070795448045,0.0,0.0,0.0,0.0,249,0.00796226848537559
5.924400983587807,5.521244352947903,5.892949047864127,5.506948018528049,0.0,0.0,0.0,0.0,248,0.00833549982062757
5.947275118659575,5.538399954251729,5.955852919311488,5.561274089323496,0.0,0.0,0.0,0.0,251,0.008584320710795559
6.004460456338994,5.618459427002916,6.010178990106936,5.587007491279235,0.0,0.0,0.0,0.0,253,0.008833141600963546
6.078801395322239,5.624177960770858,6.0759421284382675,5.649911362726597,0.0,0.0,0.0,0.0,255,0.009206372936215526
6.144564533653571,5.664207697146451,6.141705266769599,5.738548636129695,0.0,0.0,0.0,0.0,257,0.009579604271467507
6.221764739520786,5.7128152341739575,6.193172070681077,5.758563504317492,0.0,0.0,0.0,0.0,259,0.010077246051803481
6.321839080459769,5.784296906273231,6.281809344084175,5.824326642648824,0.0,0.0,0.0,0.0,262,0.010574887832139456
6.421913421398753,5.798593240693086,6.3361354148796245,5.835763710184708,0.0,0.0,0.0,0.0,266,0.01144576094772741
6.4790987590781715,5.87007491279236,6.373305884371247,5.907245382283982,0.0,0.0,0.0,0.0,263,0.012192223618231371
6.5391433636415615,5.927260250471779,6.450506090238462,5.921541716703837,0.0,0.0,0.0,0.0,266,0.01281427584365134
6.542002630525532,5.970149253731343,6.521987762337735,5.987304855035169,0.0,0.0,0.0,0.0,268,0.013063096733819328
6.53342482987362,6.021616057642819,6.5648767655973,6.058786527134442,0.0,0.0,0.0,0.0,269,0.013436328069071309
6.576313833133184,6.084519929090181,6.596328701320981,6.11025333104592,0.0,0.0,0.0,0.0,269,0.014058380294491276
6.664951106536283,6.121690398581803,6.642076971464516,6.147423800537542,0.0,0.0,0.0,0.0,272,0.014804842964995237
6.736432778635557,6.184594270029163,6.702121576027906,6.187453536913135,0.0,0.0,0.0,0.0,274,0.015551305635499202
6.830788585806599,6.187453536913135,6.722136444215703,6.250357408360496,0.0,0.0,0.0,0.0,276,0.01629776830600316
6.867959055298221,6.241779607708583,6.747869846171441,6.313261279807857,0.0,0.0,0.0,0.0,280,0.017044230976507122
6.9394407273974945,6.338994681763595,6.83364785269057,6.401898553210956,0.0,0.0,0.0,0.0,285,0.01791510409209508
6.982329730657059,6.390461485675073,6.922285126093669,6.3961800194430145,0.0,0.0,0.0,0.0,286,0.018412745872431052
6.973751930005146,6.439069022702578,7.008063132612798,6.421913421398753,0.0,0.0,0.0,0.0,287,0.01866156676259904
6.990907531308971,6.450506090238462,7.050952135872362,6.50483216103391,0.0,0.0,0.0,0.0,288,0.01891038765276703
7.113856007319722,6.490535826614055,7.088122605363983,6.567736032481271,0.0,0.0,0.0,0.0,293,0.019159208542935013
7.219648882026648,6.587750900669067,7.173900611883112,6.662091839652312,0.0,0.0,0.0,0.0,295,0.019283618988019006
7.282552753474008,6.62492137016069,7.259678618402241,6.676388174072168,0.0,0.0,0.0,0.0,300,0.019283618988019006
7.3197232229656315,6.6592325727683415,7.362612226225195,6.730714244867615,0.0,0.0,0.0,0.0,297,0.019408029433103
7.34831589180534,6.673528907188196,7.431234631440498,6.765025447475266,0.0,0.0,0.0,0.0,295,0.01965685032327099
7.399782695716817,6.727854977983645,7.488419969119917,6.790758849431005,0.0,0.0,0.0,0.0,306,0.019905671213438975
7.551323840567278,6.827929318922627,7.5427460399153645,6.847944187110424,0.0,0.0,0.0,0.0,308,0.020154492103606963
7.634242580202435,6.86509978841425,7.568479441871103,6.867959055298221,0.0,0.0,0.0,0.0,305,0.020278902548690955
7.6828501172299415,6.905129524789844,7.5999313775947845,6.945159261165436,0.0,0.0,0.0,0.0,309,0.020278902548690955
7.725739120489505,6.928003659861611,7.714302052953622,7.04523360210442,0.0,0.0,0.0,0.0,310,0.020278902548690955
7.794361525704809,7.022359467032652,7.817235660776576,7.0795448047120715,0.0,0.0,0.0,0.0,316,0.020403312993774948
7.911591467947618,7.068107737176187,7.91731000171556,7.113856007319722,0.0,0.0,0.0,0.0,303,0.02065213388394294
7.98021387316292,7.096700406015897,7.974495339394978,7.128152341739577,0.0,0.0,0.0,0.0,308,0.02077654432902693
8.094584548521759,7.133870875507519,8.025962143306455,7.199634013838851,0.0,0.0,0.0,0.0,314,0.021149775664278912
8.1889403556928,7.173900611883112,8.057414079030135,7.271115685938125,0.0,0.0,0.0,0.0,309,0.02177182788969888
8.271859095327956,7.216789615142678,8.1003030822897,7.354034425573282,0.0,0.0,0.0,0.0,314,0.022518290560202842
8.28043689597987,7.273974952822096,8.174644021272945,7.354034425573282,0.0,0.0,0.0,0.0,317,0.023015932340538815
8.254703494024131,7.34831589180534,8.24898496025619,7.40836049636873,0.0,0.0,0.0,0.0,317,0.0233891636757908
8.274718362211928,7.3797678275290215,8.357637101847086,7.451249499628295,0.0,0.0,0.0,0.0,316,0.023637984565958784
8.383370503802825,7.422656830788585,8.534911648653285,7.517012637959626,0.0,0.0,0.0,0.0,316,0.023762395011042776
8.589237719448732,7.491279236003887,8.67215645908389,7.5999313775947845,0.0,0.0,0.0,0.0,316,0.024011215901210765
8.752215931835076,7.528449705495511,8.752215931835076,7.614227712014638,0.0,0.0,0.0,0.0,324,0.024384447236462742
8.88374220849774,7.6027906444787545,8.7893864013267,7.657116715274203,0.0,0.0,0.0,0.0,322,0.024633268126630734
8.923771944873334,7.61708697889861,8.840853205238176,7.679990850345971,0.0,0.0,0.0,0.0,322,0.025006499461882714
8.935209012409217,7.694287184765825,8.82369760393435,7.788642991936867,0.0,0.0,0.0,0.0,321,0.025504141242218687
8.863727340309943,7.748613255561273,8.82655687081832,7.805798593240692,0.0,0.0,0.0,0.0,319,0.026001783022554664
8.82655687081832,7.814376393892606,8.829416137702292,7.888717332875849,0.0,0.0,0.0,0.0,320,0.026001783022554664
8.84943100589009,7.814376393892606,8.955223880597014,7.9230285354835015,0.0,0.0,0.0,0.0,319,0.02587737257747067
9.052438954652025,7.888717332875849,9.172528163778805,8.00594727511866,0.0,0.0,0.0,0.0,312,0.026001783022554664
9.36409904500486,7.94876193743924,9.378395379424713,7.974495339394978,0.0,0.0,0.0,0.0,313,0.026001783022554664
9.609995997026362,7.985932406930862,9.532795791159147,8.063132612798077,0.0,0.0,0.0,0.0,312,0.026126193467638656
9.730085206153142,7.97735460627895,9.589981128838565,8.134614284897351,0.0,0.0,0.0,0.0,313,0.026126193467638656
9.735803739921082,8.057414079030135,9.54995139246297,8.183221821924858,0.0,0.0,0.0,0.0,311,0.02625060391272265
9.67004060158975,8.114599416709554,9.51564018985532,8.186081088808828,0.0,0.0,0.0,0.0,310,0.02625060391272265
9.447017784640018,8.163206953737062,9.54995139246297,8.257562760908103,0.0,0.0,0.0,0.0,316,0.02625060391272265
9.309772974209412,8.16034768685309,9.650025733401955,8.300451764167667,0.0,0.0,0.0,0.0,316,0.02625060391272265
9.412706582032367,8.271859095327956,9.747240807456969,8.349059301195172,0.0,0.0,0.0,0.0,317,0.02625060391272265
9.744381540572995,8.291873963515753,9.781552010064619,8.39766683822268,0.0,0.0,0.0,0.0,318,0.026375014357806644
10.210442042660262,8.357637101847086,9.884485617887572,8.46342997655401,0.0,0.0,0.0,0.0,322,0.026499424802890637
10.613598673300164,8.380511236918855,9.990278492594497,8.523474581117402,0.0,0.0,0.0,0.0,323,0.02662383524797463
10.653628409675758,8.434837307714302,10.124664036141134,8.566363584376965,0.0,0.0,0.0,0.0,322,0.02662383524797463
10.530679933665006,8.46342997655401,10.11894550237319,8.560645050609024,0.0,0.0,0.0,0.0,320,0.026872656138142617
10.344827586206895,8.557785783725052,10.113226968605249,8.626408188940355,0.0,0.0,0.0,0.0,328,0.0272458874733946
10.187567907588495,8.600674786984616,10.264768113455709,8.717904729227426,0.0,0.0,0.0,0.0,328,0.0272458874733946
10.210442042660262,8.649282324012121,10.470635329101617,8.797964201978612,0.0,0.0,0.0,0.0,322,0.027121477028310605
10.384857322582489,8.692171327271687,10.673643277863555,8.775090066906845,0.0,0.0,0.0,0.0,318,0.0272458874733946
10.62789500772002,8.769371533138903,10.759421284382684,8.82655687081832,0.0,0.0,0.0,0.0,329,0.027494708363562586
10.936695831188882,8.775090066906845,10.845199290901812,8.91233487733745,0.0,0.0,0.0,0.0,326,0.02761911880864658
11.208326185166124,8.889460742265682,10.87093269285755,8.955223880597014,0.0,0.0,0.0,0.0,327,0.027743529253730574
11.29124492480128,8.91519414422142,10.80802882141019,8.97237948190084,0.0,0.0,0.0,0.0,325,0.027867939698814567
11.245496654657744,8.955223880597014,10.776576885686508,9.095327957911591,0.0,0.0,0.0,0.0,328,0.02811676058898255
11.148281580602733,8.955223880597014,10.833762223365929,9.1239206267513,0.0,0.0,0.0,0.0,333,0.02811676058898255
11.059644307199633,9.069594555955852,11.045347972779778,9.138216961171155,0.0,0.0,0.0,0.0,329,0.02799235014389856
11.088236976039342,9.101046491679533,11.245496654657744,9.206839366386458,0.0,0.0,0.0,0.0,327,0.02799235014389856
11.262652255961571,9.086750157259678,11.488534339795276,9.272602504717788,0.0,0.0,0.0,0.0,328,0.02811676058898255
11.577171613198376,9.178246697546749,11.73729055870075,9.309772974209412,0.0,0.0,0.0,0.0,330,0.028365581479150543
11.900268771087092,9.221135700806313,11.888831703551208,9.30691370732544,0.0,0.0,0.0,0.0,332,0.028241171034066544
12.111854520500941,9.278321038485732,11.845942700291644,9.412706582032367,0.0,0.0,0.0,0.0,332,0.028365581479150543
12.120432321152855,9.295476639789557,11.680105221021329,9.42414364956825,0.0,0.0,0.0,0.0,330,0.028614402369318528
12.000343112026075,9.378395379424713,11.514267741751015,9.45559558529193,0.0,0.0,0.0,0.0,328,0.02898763370457051
11.931720706810774,9.39841024761251,11.462800937839537,9.51564018985532,0.0,0.0,0.0,0.0,327,0.029236454594738497
11.983187510722251,9.449877051523988,11.62006061645794,9.612855263910332,0.0,0.0,0.0,0.0,325,0.029236454594738497
12.10327671984903,9.489906787899582,11.95745410876651,9.647166466517984,0.0,0.0,0.0,0.0,327,0.0291120441496545
12.22050666209184,9.552810659346944,12.249099330931548,9.632870132098128,0.0,0.0,0.0,0.0,322,0.0291120441496545
12.294847601075084,9.618573797678275,12.457825813461428,9.718648138617258,0.0,0.0,0.0,0.0,322,0.02936086503982249
12.352032938754503,9.609995997026362,12.543603819980556,9.755818608108878,0.0,0.0,0.0,0.0,318,0.02948527548490648
12.40921827643392,9.718648138617258,12.592211357008061,9.818722479556241,0.0,0.0,0.0,0.0,320,0.02936086503982249
12.503574083604963,9.775833476296675,12.543603819980556,9.84731514839595,0.0,0.0,0.0,0.0,318,0.02936086503982249
12.592211357008061,9.775833476296675,12.472122147881281,9.950248756218906,0.0,0.0,0.0,0.0,314,0.02948527548490648
12.752330302510435,9.853033682163892,12.457825813461428,9.975982158174643,0.0,0.0,0.0,0.0,312,0.02948527548490648
12.860982444101332,9.898781952307427,12.5293074855607,10.033167495854062,0.0,0.0,0.0,0.0,310,0.02948527548490648
12.94676045062046,9.973122891290673,12.723737633670725,10.058900897809801,0.0,0.0,0.0,0.0,308,0.02948527548490648
13.049694058443414,9.99599702636244,12.869560244753243,10.138960370560987,0.0,0.0,0.0,0.0,307,0.02948527548490648
13.15834620003431,10.081775032881568,12.995367987647967,10.11894550237319,0.0,0.0,0.0,0.0,307,0.029609685929990474
13.209813003945788,10.09035283353348,13.09830159547092,10.221879110196145,0.0,0.0,0.0,0.0,307,0.029734096375074473
13.184079601990048,10.076056499113626,13.138331331846514,10.250471779035854,0.0,0.0,0.0,0.0,302,0.029734096375074473
13.16406473380225,10.167553039400698,13.13261279807857,10.276205180991592,0.0,0.0,0.0,0.0,300,0.029734096375074473
13.184079601990048,10.227597643964087,13.078286727283123,10.399153657002342,0.0,0.0,0.0,0.0,298,0.029858506820158465
13.204094470177845,10.253331045919825,13.084005261051065,10.396294390118372,0.0,0.0,0.0,0.0,298,0.029982917265242458
13.224109338365642,10.353405386858809,13.152627666266367,10.4134499914222,0.0,0.0,0.0,0.0,295,0.029858506820158465
13.321324412420655,10.356264653742778,13.264139074741236,10.513524332361182,0.0,0.0,0.0,0.0,293,0.029858506820158465
13.498598959226854,10.376279521930575,13.467147023503173,10.54211700120089,0.0,0.0,0.0,0.0,290,0.029858506820158465
13.76737004632012,10.456338994681763,13.695888374220848,10.576428203808543,0.0,0.0,0.0,0.0,290,0.029858506820158465
13.893177789214844,10.507805798593239,13.838851718419395,10.607880139532224,0.0,0.0,0.0,0.0,289,0.029858506820158465
13.850288785955279,10.553554068736776,13.810259049579688,10.662206210327671,0.0,0.0,0.0,0.0,286,0.029858506820158465
13.755932978784237,10.590724538228397,13.718762509292617,10.71653228112312,0.0,0.0,0.0,0.0,285,0.029858506820158465
13.707325441756732,10.636472808371932,13.673014239149081,10.782295419454451,0.0,0.0,0.0,0.0,285,0.029858506820158465
13.718762509292617,10.710813747355177,13.630125235889517,10.848058557785782,0.0,0.0,0.0,0.0,283,0.029858506820158465
13.821696117115572,10.762280551266654,13.664436438497168,10.905243895465201,0.0,0.0,0.0,0.0,284,0.029734096375074473
14.041859667181333,10.813747355178132,13.916051924286611,10.893806827929318,0.0,0.0,0.0,0.0,282,0.029734096375074473
14.342082689998284,10.859495625321667,14.267741751015038,10.982444101332419,0.0,0.0,0.0,0.0,280,0.029734096375074473
14.63372791216332,10.868073425973579,14.530794304340366,11.033910905243895,0.0,0.0,0.0,0.0,278,0.029734096375074473
14.69663178361068,10.956710699376679,14.63372791216332,11.05106650654772,0.0,0.0,0.0,0.0,279,0.029734096375074473
14.459312632241092,10.991021901984329,14.530794304340366,11.13970377995082,0.0,0.0,0.0,0.0,277,0.02948527548490648
14.036141133413393,10.988162635100359,14.201978612683707,11.125407445530966,0.0,0.0,0.0,0.0,276,0.02898763370457051
13.804540515811745,11.042488705895806,13.867444387259106,11.179733516326413,0.0,0.0,0.0,0.0,273,0.028863223259486516
13.838851718419395,11.093955509807286,13.713043975524673,11.23405958712186,0.0,0.0,0.0,0.0,273,0.02898763370457051
14.196260078915763,11.162577915022586,13.876022187911019,11.282667124149366,0.0,0.0,0.0,0.0,270,0.02898763370457051
14.670898381654943,11.23405958712186,14.33636415623034,11.331274661176874,0.0,0.0,0.0,0.0,270,0.028738812814402524
15.096929147366614,11.242637387773774,14.868187796648938,11.405615600160118,0.0,0.0,0.0,0.0,267,0.028489991924234535
15.339966832504144,11.245496654657744,15.342826099388116,11.402756333276148,0.0,0.0,0.0,0.0,268,0.028489991924234535
15.23417395779722,11.342711728712757,15.339966832504144,11.431349002115857,0.0,0.0,0.0,0.0,268,0.028614402369318528
14.879624864184821,11.391319265740265,14.951106536284096,11.49997140733116,0.0,0.0,0.0,0.0,265,0.028489991924234535
14.410705095213585,11.431349002115857,14.476468233544917,11.545719677474695,0.0,0.0,0.0,0.0,265,0.028365581479150543
14.17910447761194,11.491393606679246,14.013266998341622,11.628638417109853,0.0,0.0,0.0,0.0,261,0.028241171034066544
14.196260078915763,11.508549207983071,13.898896322982786,11.68582375478927,0.0,0.0,0.0,0.0,253,0.028241171034066544
14.433579230285355,11.591467947618229,14.190541545147823,11.680105221021329,0.0,0.0,0.0,0.0,248,0.028241171034066544
14.773831989477896,11.65437181906559,14.679476182306855,11.754446160004573,0.0,0.0,0.0,0.0,248,0.02799235014389856
15.122662549322353,11.671527420369417,15.122662549322353,11.80305369703208,0.0,0.0,0.0,0.0,249,0.027867939698814567
15.23703322468119,11.74300909246869,15.405729970835477,11.83450563275576,0.0,0.0,0.0,0.0,253,0.02799235014389856
15.116944015554411,11.77446102819237,15.377137301995766,11.931720706810774,0.0,0.0,0.0,0.0,261,0.02799235014389856
14.690913249842739,11.77446102819237,15.096929147366614,11.966031909418424,0.0,0.0,0.0,0.0,261,0.02761911880864658
14.290615886086806,11.854520500943558,14.547949905644192,11.966031909418424,0.0,0.0,0.0,0.0,261,0.02674824569305862
14.053296734717216,11.888831703551208,14.087607937324869,12.04609138216961,0.0,0.0,0.0,0.0,260,0.02625060391272265
14.127637673700463,11.974609710070338,13.76737004632012,12.07754331789329,0.0,0.0,0.0,0.0,260,0.02625060391272265
14.410705095213585,12.063246983473435,13.815977583347628,12.163321324412419,0.0,0.0,0.0,0.0,259,0.02625060391272265
14.665179847887,12.086121118545204,14.036141133413393,12.231943729627723,0.0,0.0,0.0,0.0,260,0.02625060391272265
14.562246240064045,12.07754331789329,14.21341568021959,12.22336592897581,0.0,0.0,0.0,0.0,259,0.02625060391272265
14.21341568021959,12.177617658832276,14.0647338022531,12.289129067307142,0.0,0.0,0.0,0.0,260,0.02625060391272265
13.67015497226511,12.206210327671982,13.6415623034254,12.360610739406416,0.0,0.0,0.0,0.0,260,0.026375014357806644
13.16406473380225,12.283410533539199,13.261279807857264,12.380625607594213,0.0,0.0,0.0,0.0,260,0.026126193467638656
13.063990392863268,12.363470006290386,13.235546405901525,12.483559215417166,0.0,0.0,0.0,0.0,260,0.025504141242218687
13.178361068222108,12.369188540058326,13.295591010464916,12.537885286212614,0.0,0.0,0.0,0.0,260,0.0252553203520507
13.218390804597702,12.420655343969804,13.264139074741236,12.575055755704238,0.0,0.0,0.0,0.0,260,0.025379730797134695
13.055412592211356,12.480699948533195,13.144049865614454,12.635100360267625,0.0,0.0,0.0,0.0,260,0.0252553203520507
12.88957511294104,12.483559215417166,13.023960656487676,12.612226225195858,0.0,0.0,0.0,0.0,263,0.025006499461882714
12.880997312289129,12.606507691427918,13.00966432206782,12.709441299250871,0.0,0.0,0.0,0.0,260,0.02450885768154674
12.98107165322811,12.580774289472178,13.109738663006803,12.740893234974552,0.0,0.0,0.0,0.0,263,0.024011215901210765
13.075427460399153,12.615085492079828,13.229827872133585,12.732315434322638,0.0,0.0,0.0,0.0,260,0.023637984565958784
13.124034997426659,12.603648424543945,13.229827872133585,12.803797106421912,0.0,0.0,0.0,0.0,263,0.02314034278562281
13.189798135757991,12.620804025847772,13.209813003945788,12.755189569394405,0.0,0.0,0.0,0.0,229,0.022642701005286835
13.224109338365642,12.738033968090582,13.215531537713728,12.82667124149368,0.0,0.0,0.0,0.0,81,0.02214505922495086
13.229827872133585,12.732315434322638,13.235546405901525,12.903871447360896,0.0,0.0,0.0,0.0,80,0.02177182788969888
13.264139074741236,12.775204437582202,13.28129467604506,12.909589981128837,0.0,0.0,0.0,0.0,82,0.021647417444614885
13.289872476696974,12.783782238234116,13.335620746840508,12.958197518156343,0.0,0.0,0.0,0.0,7,0.021647417444614885
13.295591010464916,12.803797106421912,13.321324412420655,12.98107165322811,0.0,0.0,0.0,0.0,83,0.021398596554446897
13.332761479956538,12.880997312289129,13.378509750100072,13.035397724023559,0.0,0.0,0.0,0.0,8,0.02102536521919492
13.367072682564189,12.923886315548692,13.404243152055813,13.075427460399153,0.0,0.0,0.0,0.0,-68,0.020900954774110924
13.378509750100072,12.94676045062046,13.42997655401155,13.078286727283123,0.0,0.0,0.0,0.0,-66,0.02077654432902693
13.378509750100072,13.021101389603704,13.418539486475666,13.149768399382397,0.0,0.0,0.0,0.0,-64,0.020527723438858947
13.398524618287869,13.023960656487676,13.444272888431406,13.149768399382397,0.0,0.0,0.0,0.0,-62,0.020527723438858947
13.46142848973523,13.084005261051065,13.510036026762737,13.238405672785497,0.0,0.0,0.0,0.0,-61,0.020403312993774948
13.512895293646707,13.109738663006803,13.555784296906273,13.24984274032138,0.0,0.0,0.0,0.0,-59,0.020154492103606963
13.567221364442156,13.084005261051065,13.624406702121574,13.244124206553439,0.0,0.0,0.0,0.0,-58,0.020030081658522967
13.647280837193343,13.149768399382397,13.658717904729226,13.275576142277119,0.0,0.0,0.0,0.0,-56,0.019905671213438975
13.684451306684965,13.149768399382397,13.652999370961284,13.275576142277119,0.0,0.0,0.0,0.0,-54,0.019781260768354982
13.684451306684965,13.235546405901525,13.664436438497168,13.352776348144335,0.0,0.0,0.0,0.0,-52,0.019532439878186997
13.695888374220848,13.244124206553439,13.695888374220848,13.392806084519929,0.0,0.0,0.0,0.0,-50,0.019408029433103
13.73305884371247,13.255561274089322,13.738777377480414,13.409961685823752,0.0,0.0,0.0,0.0,-49,0.019283618988019006
13.738777377480414,13.335620746840508,13.755932978784237,13.435695087779493,0.0,0.0,0.0,0.0,-46,0.019283618988019006
13.773088580088064,13.321324412420655,13.798821982043801,13.441413621547433,0.0,0.0,0.0,0.0,-45,0.019283618988019006
13.833133184651455,13.387087550751986,13.833133184651455,13.498598959226854,0.0,0.0,0.0,0.0,32,0.019159208542935013
13.833133184651455,13.435695087779493,13.861725853491164,13.55006576313833,0.0,0.0,0.0,0.0,136,0.019159208542935013
13.838851718419395,13.467147023503173,13.876022187911019,13.561502830674213,0.0,0.0,0.0,0.0,190,0.01903479809785102
13.870303654143076,13.530050894950532,13.91033339051867,13.630125235889517,0.0,0.0,0.0,0.0,190,0.01903479809785102
13.904614856750728,13.510036026762737,13.930348258706466,13.61582890146966,0.0,0.0,0.0,0.0,196,0.01891038765276703
13.961800194430147,13.57865843197804,13.984674329501916,13.678732772917023,0.0,0.0,0.0,0.0,203,0.01866156676259904
14.0647338022531,13.567221364442156,14.099045004860752,13.690169840452906,0.0,0.0,0.0,0.0,204,0.018537156317515045
14.127637673700463,13.598673300165837,14.133356207468404,13.724481043060557,0.0,0.0,0.0,0.0,203,0.018537156317515045
14.167667410076056,13.647280837193343,14.161948876308113,13.773088580088064,0.0,0.0,0.0,0.0,212,0.018537156317515045
14.219134213987534,13.6415623034254,14.196260078915763,13.773088580088064,0.0,0.0,0.0,0.0,213,0.018412745872431052
14.284897352318865,13.73305884371247,14.236289815291357,13.856007319723222,0.0,0.0,0.0,0.0,216,0.018412745872431052
14.402127294561675,13.724481043060557,14.327786355578429,13.856007319723222,0.0,0.0,0.0,0.0,226,0.018412745872431052
14.450734831589179,13.784525647623948,14.422142162749468,13.887459255446903,0.0,0.0,0.0,0.0,237,0.018412745872431052
14.482186767312859,13.867444387259106,14.450734831589179,13.950363126894262,0.0,0.0,0.0,0.0,244,0.018412745872431052
14.519357236804481,13.850288785955279,14.482186767312859,13.956081660662205,0.0,0.0,0.0,0.0,256,0.018412745872431052
14.553668439412133,13.944644593126322,14.519357236804481,14.0647338022531,0.0,0.0,0.0,0.0,276,0.018412745872431052
14.585120375135814,13.921770458054553,14.573683307599929,14.047578200949276,0.0,0.0,0.0,0.0,297,0.018537156317515045
14.625150111511406,14.007548464573683,14.622290844627436,14.104763538628694,0.0,0.0,0.0,0.0,303,0.018412745872431052
14.665179847887,14.076170869788985,14.665179847887,14.127637673700463,0.0,0.0,0.0,0.0,309,0.018412745872431052
14.685194716074797,14.096185737976782,14.69663178361068,14.21341568021959,0.0,0.0,0.0,0.0,326,0.018412745872431052
14.730942986218333,14.144793275004288,14.748098587522158,14.267741751015038,0.0,0.0,0.0,0.0,327,0.018412745872431052
14.790987590781723,14.116200606164579,14.773831989477896,14.230571281523417,0.0,0.0,0.0,0.0,325,0.018412745872431052
14.839595127809227,14.161948876308113,14.81100245896952,14.319208554926515,0.0,0.0,0.0,0.0,329,0.018537156317515045
14.84817292846114,14.156230342540171,14.825298793389374,14.279178818550921,0.0,0.0,0.0,0.0,331,0.018537156317515045
14.90249899925659,14.2420083490593,14.853891462229084,14.373534625721964,0.0,0.0,0.0,0.0,336,0.018537156317515045
14.976839938239834,14.296334419854748,14.93681020186424,14.396408760793731,0.0,0.0,0.0,0.0,331,0.018537156317515045
15.042603076571165,14.3306456224624,15.011151140847485,14.445016297821239,0.0,0.0,0.0,0.0,331,0.018537156317515045
15.128381083090295,14.384971693257848,15.079773546062789,14.490764567964773,0.0,0.0,0.0,0.0,328,0.018537156317515045
15.194144221421626,14.36209755818608,15.148395951278092,14.487905301080803,0.0,0.0,0.0,0.0,324,0.018537156317515045
15.282781494824725,14.470749699776976,15.217018356493393,14.596557442671699,0.0,0.0,0.0,0.0,326,0.018537156317515045
15.29993709612855,14.522216503688453,15.288500028592667,14.613713043975523,0.0,0.0,0.0,0.0,325,0.01866156676259904
15.354263166924,14.63372791216332,15.348544633156058,14.710928118030536,0.0,0.0,0.0,0.0,328,0.01866156676259904
15.440041173443127,14.622290844627436,15.400011437067533,14.722365185566419,0.0,0.0,0.0,0.0,330,0.018785977207683033
15.50866357865843,14.665179847887,15.488648710470635,14.793846857665693,0.0,0.0,0.0,0.0,317,0.018785977207683033
15.557271115685937,14.710928118030536,15.542974781266082,14.796706124549663,0.0,0.0,0.0,0.0,325,0.01891038765276703
15.608737919597415,14.72808371933436,15.565848916337849,14.853891462229084,0.0,0.0,0.0,0.0,334,0.01891038765276703
15.683078858580659,14.779550523245838,15.603019385829471,14.893921198604676,0.0,0.0,0.0,0.0,326,0.019159208542935013
15.754560530679932,14.836735860925257,15.640189855321095,14.93681020186424,0.0,0.0,0.0,0.0,334,0.019532439878186997
15.786012466403612,14.888202664836735,15.711671527420368,14.996854806427631,0.0,0.0,0.0,0.0,331,0.019905671213438975
15.817464402127293,14.862469262880996,15.74884199691199,14.99399553954366,0.0,0.0,0.0,0.0,331,0.020154492103606963
15.83462000343112,14.942528735632182,15.823182935895236,15.102647681134556,0.0,0.0,0.0,0.0,333,0.020403312993774948
15.883227540458625,14.991136272659688,15.90038314176245,15.0883513467147,0.0,0.0,0.0,0.0,333,0.02065213388394294
15.917538743066277,15.054040144107049,15.96042774632584,15.174129353233829,0.0,0.0,0.0,0.0,331,0.020900954774110924
16.000457482701435,15.094069880482643,16.026190884657172,15.214159089609423,0.0,0.0,0.0,0.0,337,0.02102536521919492
16.100531823640416,15.134099616858236,16.071939154800706,15.26848516040487,0.0,0.0,0.0,0.0,336,0.02102536521919492
16.194887630811458,15.202722022073539,16.14056156001601,15.314233430548406,0.0,0.0,0.0,0.0,336,0.021274186109362905
16.274947103562646,15.254188825985016,16.23491736718705,15.374278035111796,0.0,0.0,0.0,0.0,336,0.021398596554446897
16.357865843197803,15.302796363012522,16.280665637330586,15.402870703951507,0.0,0.0,0.0,0.0,344,0.02177182788969888
16.386458512037514,15.29993709612855,16.274947103562646,15.425744839023274,0.0,0.0,0.0,0.0,340,0.022269469670034854
16.40933264710928,15.337107565620174,16.297821238634413,15.488648710470635,0.0,0.0,0.0,0.0,335,0.022642701005286835
16.455080917252815,15.379996568879736,16.392177045805454,15.534396980614169,0.0,0.0,0.0,0.0,338,0.022767111450370827
16.455080917252815,15.47435237605078,16.469377251672668,15.585863784525646,0.0,0.0,0.0,0.0,337,0.022767111450370827
16.44936238348487,15.44575970721107,16.515125521816206,15.588723051409618,0.0,0.0,0.0,0.0,337,0.02289152189545482
16.537999656887973,15.525819179962257,16.569451592611653,15.663063990392862,0.0,0.0,0.0,0.0,333,0.023015932340538815
16.669525933550638,15.57156745010579,16.598044261451363,15.71453079430434,0.0,0.0,0.0,0.0,338,0.023264753230706803
16.778178075141533,15.668782524160804,16.65237033224681,15.803168067707439,0.0,0.0,0.0,0.0,337,0.023637984565958784
16.841081946588893,15.677360324812716,16.729570538114025,15.806027334591409,0.0,0.0,0.0,0.0,337,0.02388680545612677
16.889689483616397,15.737404929376106,16.79819294332933,15.90038314176245,0.0,0.0,0.0,0.0,338,0.024135626346294757
16.92685995310802,15.774575398867729,16.89540801738434,15.911820209298334,0.0,0.0,0.0,0.0,335,0.024384447236462742
16.952593355063758,15.828901469663176,16.952593355063758,16.006176016469375,0.0,0.0,0.0,0.0,331,0.024757678571714726
16.93257848687596,15.851775604734943,16.94687482129582,16.006176016469375,0.0,0.0,0.0,0.0,334,0.02488208901679872
16.995482358323322,15.894664607994509,16.941156287527875,16.054783553496883,0.0,0.0,0.0,0.0,339,0.025130909906966706
17.115571567450104,15.911820209298334,17.026934294047006,16.08337622233659,0.0,0.0,0.0,0.0,338,0.025504141242218687
17.141304969405844,15.994738948933492,17.078401097958483,16.166294961971747,0.0,0.0,0.0,0.0,331,0.02575296213238668
17.115571567450104,16.01475381712129,17.115571567450104,16.217761765883225,0.0,0.0,0.0,0.0,331,0.02575296213238668
17.178475438897465,16.07765768856865,17.172756905129525,16.229198833419108,0.0,0.0,0.0,0.0,336,0.02575296213238668
17.269971979184536,16.157717161319834,17.21278664150512,16.280665637330586,0.0,0.0,0.0,0.0,336,0.026001783022554664
17.341453651283807,16.166294961971747,17.295705381140273,16.329273174358093,0.0,0.0,0.0,0.0,332,0.026001783022554664
17.401498255847198,16.25779150225882,17.361468519471604,16.392177045805454,0.0,0.0,0.0,0.0,332,0.026001783022554664
17.43866872533882,16.274947103562646,17.418653857151025,16.44936238348487,0.0,0.0,0.0,0.0,331,0.026001783022554664
17.3814833876594,16.334991708126037,17.432950191570878,16.50368845428032,0.0,0.0,0.0,0.0,331,0.026001783022554664
17.40721678961514,16.38073997826957,17.42723165780294,16.56373305884371,0.0,0.0,0.0,0.0,328,0.026001783022554664
17.478698461714416,16.455080917252815,17.41293532338308,16.580888660147536,0.0,0.0,0.0,0.0,327,0.026126193467638656
17.538743066277807,16.455080917252815,17.432950191570878,16.629496197175044,0.0,0.0,0.0,0.0,332,0.026126193467638656
17.567335735117513,16.47509578544061,17.49299479613427,16.669525933550638,0.0,0.0,0.0,0.0,333,0.026126193467638656
17.55303940069766,16.492251386744435,17.55303940069766,16.73814833876594,0.0,0.0,0.0,0.0,332,0.026126193467638656
17.533024532509863,16.575170126379593,17.61308400526105,16.76102247383771,0.0,0.0,0.0,0.0,335,0.026126193467638656
17.61308400526105,16.603762795219303,17.67312860982444,16.76102247383771,0.0,0.0,0.0,0.0,340,0.026126193467638656
17.713158346200032,16.695259335506375,17.687424944244295,16.809630010865213,0.0,0.0,0.0,0.0,336,0.026126193467638656
17.76176588322754,16.7124149368102,17.756047349459596,16.903985818036254,0.0,0.0,0.0,0.0,332,0.026001783022554664
17.810373420255043,16.76674100760565,17.781780751415337,16.92685995310802,0.0,0.0,0.0,0.0,334,0.026001783022554664
17.83038828844284,16.786755875793446,17.850403156630637,17.001200892091266,0.0,0.0,0.0,0.0,333,0.026001783022554664
17.899010693658145,16.858237547892717,17.88757362612226,17.001200892091266,0.0,0.0,0.0,0.0,333,0.026001783022554664
17.94189969691771,16.889689483616397,17.88757362612226,17.1355864356379,0.0,0.0,0.0,0.0,332,0.026001783022554664
18.047692571624633,16.96403042259964,17.8932921598902,17.109853033682164,0.0,0.0,0.0,0.0,328,0.026126193467638656
18.13347057814376,16.94687482129582,17.927603362497855,17.178475438897465,0.0,0.0,0.0,0.0,331,0.026126193467638656
18.076285240464344,16.941156287527875,17.97049236575742,17.155601303825698,0.0,0.0,0.0,0.0,333,0.026001783022554664
18.00480356836507,17.026934294047006,18.03339623720478,17.264253445416593,0.0,0.0,0.0,0.0,333,0.026001783022554664
18.00480356836507,17.064104763538626,18.06770743981243,17.24995711099674,0.0,0.0,0.0,0.0,327,0.026001783022554664
18.082003774232284,17.115571567450104,18.110596443071994,17.321438783096013,0.0,0.0,0.0,0.0,327,0.026001783022554664
18.16778178075141,17.16703837136158,18.18207811517127,17.361468519471604,0.0,0.0,0.0,0.0,327,0.026001783022554664
18.21924858466289,17.224223709041002,18.233544919082746,17.447246525990735,0.0,0.0,0.0,0.0,329,0.02587737257747067
18.262137587922457,17.25567564476468,18.299308057414077,17.447246525990735,0.0,0.0,0.0,0.0,330,0.02587737257747067
18.327900726253784,17.355749985703664,18.27643392234231,17.513009664322066,0.0,0.0,0.0,0.0,326,0.02587737257747067
18.342197060673644,17.40721678961514,18.290730256762163,17.567335735117513,0.0,0.0,0.0,0.0,328,0.02587737257747067
18.37078972951335,17.43866872533882,18.31360439183393,17.598787670841194,0.0,0.0,0.0,0.0,328,0.02575296213238668
18.347915594441584,17.432950191570878,18.362211928861438,17.658832275404585,0.0,0.0,0.0,0.0,330,0.02575296213238668
18.342197060673644,17.513009664322066,18.39366386458512,17.67312860982444,0.0,0.0,0.0,0.0,330,0.02562855168730268
18.379367530165265,17.52444673185795,18.430834334076742,17.741751015039743,0.0,0.0,0.0,0.0,328,0.02562855168730268
18.473723337336306,17.627380339680904,18.473723337336306,17.747469548807683,0.0,0.0,0.0,0.0,328,0.025504141242218687
18.539486475667637,17.607365471493107,18.533767941899697,17.79607708583519,0.0,0.0,0.0,0.0,330,0.025504141242218687
18.58523474581117,17.70743981243209,18.608108880882938,17.838966089094754,0.0,0.0,0.0,0.0,329,0.0252553203520507
18.65385715102647,17.70172127866415,18.66529421856236,17.93618116314977,0.0,0.0,0.0,0.0,328,0.025130909906966706
18.699605421170013,17.776062217647393,18.705323954937953,17.927603362497855,0.0,0.0,0.0,0.0,325,0.025130909906966706
18.72819809000972,17.804654886487103,18.668153485446332,17.99908503459713,0.0,0.0,0.0,0.0,323,0.025130909906966706
18.768227826385314,17.873277291702404,18.713901755589866,18.013381369016983,0.0,0.0,0.0,0.0,329,0.025130909906966706
18.85114656602047,17.90758849431006,18.79110196145708,18.10487790930405,0.0,0.0,0.0,0.0,326,0.025130909906966706
18.896894836164005,17.92188482872991,18.836850231600614,18.119174243723908,0.0,0.0,0.0,0.0,326,0.025130909906966706
18.951220906959453,17.961914565105506,18.891176302396065,18.139189111911705,0.0,0.0,0.0,0.0,324,0.025130909906966706
18.99982844398696,17.976210899525363,18.948361640075483,18.204952250243036,0.0,0.0,0.0,0.0,321,0.025130909906966706
19.077028649854174,18.047692571624633,19.0055469777549,18.21067078401098,0.0,0.0,0.0,0.0,316,0.025130909906966706
19.12277691999771,18.03911477097272,19.085606450506088,18.27643392234231,0.0,0.0,0.0,0.0,321,0.025130909906966706
19.197117858980956,18.082003774232284,19.157088122605362,18.290730256762163,0.0,0.0,0.0,0.0,321,0.025130909906966706
19.245725396008464,18.147766912563615,19.225710527820663,18.356493395093498,0.0,0.0,0.0,0.0,322,0.025130909906966706
19.251443929776404,18.224967118430833,19.20569565963287,18.37078972951335,0.0,0.0,0.0,0.0,321,0.025130909906966706
19.20569565963287,18.233544919082746,19.17424372390919,18.473723337336306,0.0,0.0,0.0,0.0,320,0.025130909906966706
19.27717733173214,18.290730256762163,19.188540058329043,18.473723337336306,0.0,0.0,0.0,0.0,322,0.0252553203520507
19.33436266941156,18.342197060673644,19.260021730428317,18.508034539943957,0.0,0.0,0.0,0.0,323,0.0252553203520507
19.365814605135242,18.356493395093498,19.342940470063475,18.556642076971464,0.0,0.0,0.0,0.0,324,0.0252553203520507
19.41442214216275,18.40796019900497,19.405844341510836,18.562360610739404,0.0,0.0,0.0,0.0,322,0.0252553203520507
19.463029679190257,18.399382398353058,19.45731114542231,18.668153485446332,0.0,0.0,0.0,0.0,318,0.0252553203520507
19.505918682449817,18.473723337336306,19.485903814262024,18.65385715102647,0.0,0.0,0.0,0.0,320,0.0252553203520507
19.55166695259335,18.533767941899697,19.51449648310173,18.72819809000972,0.0,0.0,0.0,0.0,319,0.0252553203520507
19.563104020129238,18.576656945159257,19.605993023388802,18.736775890661633,0.0,0.0,0.0,0.0,319,0.0252553203520507
19.617430090924685,18.630983015954705,19.614570824040715,18.782524160805167,0.0,0.0,0.0,0.0,322,0.025379730797134695
19.62886715846057,18.65957568479442,19.57168182078115,18.842568765368558,0.0,0.0,0.0,0.0,321,0.025379730797134695
19.637444959112482,18.751072225081487,19.580259621433065,18.90547263681592,0.0,0.0,0.0,0.0,322,0.025379730797134695
19.605993023388802,18.751072225081487,19.637444959112482,19.03128037971064,0.0,0.0,0.0,0.0,321,0.025379730797134695
19.611711557156745,18.868302167324295,19.697489563675873,18.951220906959453,0.0,0.0,0.0,0.0,320,0.025379730797134695
19.671756161720133,18.813976096528847,19.746097100703377,19.022702579058727,0.0,0.0,0.0,0.0,318,0.025504141242218687
19.74895636758735,18.85400583290444,19.78612683707897,19.016984045290787,0.0,0.0,0.0,0.0,318,0.02562855168730268
19.84045290787442,18.896894836164005,19.82329730657059,19.094184251158,0.0,0.0,0.0,0.0,316,0.02562855168730268
19.883341911133986,18.9369245725396,19.849030708526332,19.12563618688168,0.0,0.0,0.0,0.0,316,0.02562855168730268
19.90907531308972,18.96837650826328,19.917653113741633,19.17424372390919,0.0,0.0,0.0,0.0,318,0.02562855168730268
19.883341911133986,19.034139646594614,19.951964316349287,19.225710527820663,0.0,0.0,0.0,0.0,318,0.02562855168730268
19.857608509178245,19.108480585577855,19.951964316349287,19.228569794704637,0.0,0.0,0.0,0.0,317,0.02562855168730268
19.92909018127752,19.108480585577855,19.943386515697373,19.30862926745582,0.0,0.0,0.0,0.0,313,0.02575296213238668
20.02630525533253,19.20569565963287,19.977697718305027,19.38297020643907,0.0,0.0,0.0,0.0,317,0.02575296213238668
20.049179390404298,19.188540058329043,20.02630525533253,19.400125807742892,0.0,0.0,0.0,0.0,313,0.02575296213238668
20.063475724824155,19.20569565963287,20.10922399496769,19.44587407788643,0.0,0.0,0.0,0.0,312,0.02575296213238668
20.103505461199745,19.245725396008464,20.14067593069137,19.400125807742892,0.0,0.0,0.0,0.0,312,0.02575296213238668
20.17212786641505,19.257162463544343,20.17498713329902,19.505918682449817,0.0,0.0,0.0,0.0,311,0.02575296213238668
20.209298335906674,19.325784868759648,20.217876136558587,19.471607479842163,0.0,0.0,0.0,0.0,313,0.02575296213238668
20.252187339166234,19.328644135643618,20.277920741121974,19.55166695259335,0.0,0.0,0.0,0.0,311,0.02575296213238668
20.309372676845655,19.391548007090982,20.2950763424258,19.614570824040715,0.0,0.0,0.0,0.0,313,0.02587737257747067
20.346543146337275,19.45731114542231,20.309372676845655,19.666037627952193,0.0,0.0,0.0,0.0,313,0.026126193467638656
20.420884085320523,19.500200148681877,20.332246811917422,19.714645164979697,0.0,0.0,0.0,0.0,315,0.026499424802890637
20.489506490535824,19.58883742208498,20.395150683364783,19.746097100703377,0.0,0.0,0.0,0.0,313,0.02674824569305862
20.51238062560759,19.585978155201005,20.43803968662435,19.763252702007204,0.0,0.0,0.0,0.0,311,0.026872656138142617
20.5409732944473,19.620289357808655,20.498084291187737,19.800423171498824,0.0,0.0,0.0,0.0,310,0.027121477028310605
20.62103276719849,19.611711557156745,20.549551095099215,19.84045290787442,0.0,0.0,0.0,0.0,310,0.027494708363562586
20.681077371761877,19.680333962372046,20.61531423343055,19.900497512437813,0.0,0.0,0.0,0.0,310,0.02799235014389856
20.718247841253504,19.76039343512323,20.672499571109963,19.889060444901926,0.0,0.0,0.0,0.0,309,0.028365581479150543
20.763996111397038,19.746097100703377,20.72682564190541,19.93480871504546,0.0,0.0,0.0,0.0,309,0.028614402369318528
20.786870246468805,19.771830502659117,20.732544175673358,19.98627551895694,0.0,0.0,0.0,0.0,305,0.02898763370457051
20.77829244581689,19.794704637730884,20.732544175673358,20.040601589752388,0.0,0.0,0.0,0.0,307,0.02948527548490648
20.82975924972837,19.874764110482072,20.74112197632527,20.103505461199745,0.0,0.0,0.0,0.0,306,0.029982917265242458
20.83833705038028,19.951964316349287,20.792588780236745,20.100646194315775,0.0,0.0,0.0,0.0,303,0.03010732771032645
20.846914851032192,19.951964316349287,20.86978898610396,20.152112998227253,0.0,0.0,0.0,0.0,303,0.030231738155410446
20.875507519871903,19.98627551895694,20.912677989363527,20.209298335906674,0.0,0.0,0.0,0.0,303,0.030231738155410446
20.95842625950706,19.98627551895694,20.975581860810884,20.189283467718873,0.0,0.0,0.0,0.0,304,0.03035614860049444
21.044204266026192,20.02630525533253,21.027048664722365,20.2950763424258,0.0,0.0,0.0,0.0,303,0.030604969490662423
21.089952536169726,20.134957396923426,21.081374735517812,20.266483673586087,0.0,0.0,0.0,0.0,302,0.03072937993574642
21.12998227254532,20.126379596271512,21.121404471893406,20.303654143077715,0.0,0.0,0.0,0.0,301,0.030978200825914404
21.144278606965173,20.18070566706696,21.10424887058958,20.403728484016696,0.0,0.0,0.0,0.0,301,0.03135143216116639
21.16715274203694,20.23217247097844,21.10424887058958,20.432321152856407,0.0,0.0,0.0,0.0,301,0.03197348438658636
21.212901012180474,20.26934294047006,21.158574941385027,20.489506490535824,0.0,0.0,0.0,0.0,299,0.03259553661200632
21.2300566134843,20.360839480757132,21.184308343340767,20.53811402756333,0.0,0.0,0.0,0.0,300,0.0329687679472583
21.244352947904154,20.352261680105222,21.238634414136214,20.526676960027448,0.0,0.0,0.0,0.0,302,0.03346640972759428
21.301538285583575,20.366558014525076,21.292960484931662,20.601017899010692,0.0,0.0,0.0,0.0,302,0.03371523061776227
21.364442157030936,20.409447017784636,21.364442157030936,20.601017899010692,0.0,0.0,0.0,0.0,301,0.03383964106284626
21.404471893406527,20.395150683364783,21.395894092754613,20.672499571109963,0.0,0.0,0.0,0.0,302,0.034088461953014244
21.44450162978212,20.458054554812144,21.41019042717447,20.69537370618173,0.0,0.0,0.0,0.0,299,0.03421287239809824
21.498827700577568,20.455195287928174,21.418768227826384,20.703951506833643,0.0,0.0,0.0,0.0,299,0.03458610373335022
21.50740550122948,20.51238062560759,21.427346028478294,20.769714645164978,0.0,0.0,0.0,0.0,299,0.03533256640385418
21.538857436953162,20.601017899010692,21.467375764853887,20.82975924972837,0.0,0.0,0.0,0.0,296,0.03583020818419016
21.570309372676842,20.62103276719849,21.498827700577568,20.906959455595583,0.0,0.0,0.0,0.0,296,0.03620343951944213
21.58746497398067,20.65248470292217,21.578887173328756,20.967004060158974,0.0,0.0,0.0,0.0,296,0.03620343951944213
21.61319837593641,20.69537370618173,21.61319837593641,20.92983359066735,0.0,0.0,0.0,0.0,296,0.03620343951944213
21.636072511008177,20.72682564190541,21.653228112312004,20.912677989363527,0.0,0.0,0.0,0.0,296,0.03620343951944213
21.701835649339507,20.755418310745124,21.701835649339507,21.052782066678102,0.0,0.0,0.0,0.0,295,0.036327849964526135
21.776176588322752,20.763996111397038,21.76759878767084,21.03562646537428,0.0,0.0,0.0,0.0,293,0.036327849964526135
21.841939726654083,20.786870246468805,21.79047292274261,21.09853033682164,0.0,0.0,0.0,0.0,295,0.036452260409610124
21.86481386172585,20.86121118545205,21.79047292274261,21.158574941385027,0.0,0.0,0.0,0.0,293,0.03657667085469412
21.881969463029677,20.89838165494367,21.816206324698346,21.158574941385027,0.0,0.0,0.0,0.0,295,0.036701081299778116
21.841939726654083,20.952707725739117,21.841939726654083,21.207182478412534,0.0,0.0,0.0,0.0,294,0.036701081299778116
21.86481386172585,21.027048664722365,21.91628066563733,21.270086349859895,0.0,0.0,0.0,0.0,294,0.036701081299778116
21.933436266941158,21.03562646537428,21.982043803968658,21.292960484931662,0.0,0.0,0.0,0.0,291,0.036701081299778116
22.016355006576312,21.075656201749872,22.016355006576312,21.34728655572711,0.0,0.0,0.0,0.0,292,0.036825491744862104
22.084977411791613,21.089952536169726,22.042088408532052,21.338708755075196,0.0,0.0,0.0,0.0,291,0.0369499021899461
22.176473952078684,21.112826671241493,22.084977411791613,21.41019042717447,0.0,0.0,0.0,0.0,291,0.0369499021899461
22.150740550122947,21.175730542688854,22.084977411791613,21.44450162978212,0.0,0.0,0.0,0.0,290,0.0369499021899461
22.084977411791613,21.152856407617087,22.06782181048779,21.467375764853887,0.0,0.0,0.0,0.0,289,0.03707431263503009
22.06782181048779,21.252930748556068,22.10213301309544,21.498827700577568,0.0,0.0,0.0,0.0,290,0.03707431263503009
22.093555212443526,21.338708755075196,22.150740550122947,21.627494710356263,0.0,0.0,0.0,0.0,289,0.03707431263503009
22.176473952078684,21.332990221307256,22.22794075599016,21.653228112312004,0.0,0.0,0.0,0.0,290,0.03707431263503009
22.245096357293985,21.364442157030936,22.270829759249725,21.64465031166009,0.0,0.0,0.0,0.0,290,0.037198723080114085
22.287985360553552,21.418768227826384,22.313718762509293,21.667524446731857,0.0,0.0,0.0,0.0,290,0.037198723080114085
22.339452164465026,21.41019042717447,22.322296563161206,21.68468004803568,0.0,0.0,0.0,0.0,289,0.037198723080114085
22.34802996511694,21.427346028478294,22.385200434608567,21.75902098701893,0.0,0.0,0.0,0.0,287,0.037198723080114085
22.376622633956654,21.53027963630125,22.376622633956654,21.824784125350256,0.0,0.0,0.0,0.0,287,0.03732313352519808
22.385200434608567,21.53027963630125,22.385200434608567,21.85909532795791,0.0,0.0,0.0,0.0,287,0.03732313352519808
22.445245039171954,21.596042774632583,22.4109338365643,21.841939726654083,0.0,0.0,0.0,0.0,289,0.037571954415366066
22.496711843083432,21.661805912963914,22.428089437868127,21.91628066563733,0.0,0.0,0.0,0.0,287,0.037571954415366066
22.525304511923142,21.667524446731857,22.51672671127123,21.950591868244977,0.0,0.0,0.0,0.0,285,0.03782077530553406
22.602504717790357,21.693257848687594,22.559615714530793,22.0077772059244,0.0,0.0,0.0,0.0,285,0.03819400664078604
22.656830788585804,21.7418653857151,22.611082518442267,22.024932807228225,0.0,0.0,0.0,0.0,285,0.03869164842112201
22.71973466003317,21.75902098701893,22.63967518728198,22.050666209183966,0.0,0.0,0.0,0.0,283,0.039064879756373995
22.70257905872934,21.7418653857151,22.68256419054154,22.06782181048779,0.0,0.0,0.0,0.0,282,0.03931370064654198
22.694001258077428,21.807628524046432,22.70257905872934,22.10213301309544,0.0,0.0,0.0,0.0,284,0.03943811109162597
22.711156859381255,21.79047292274261,22.70257905872934,22.142162749471034,0.0,0.0,0.0,0.0,283,0.039935752871961945
22.808371933436263,21.89054726368159,22.73689026133699,22.176473952078684,0.0,0.0,0.0,0.0,282,0.04043339465229792
22.8541202035798,21.933436266941158,22.79121633213244,22.2536741579459,0.0,0.0,0.0,0.0,281,0.041055446877717894
22.928461142563044,21.973466003316748,22.836964602275977,22.270829759249725,0.0,0.0,0.0,0.0,280,0.04180190954822185
23.074283753645563,22.0077772059244,22.908446274375247,22.262251958597812,0.0,0.0,0.0,0.0,279,0.042797193108893794
23.14862469262881,22.024932807228225,22.937038943214958,22.296563161205466,0.0,0.0,0.0,0.0,282,0.043792476669565754
23.111454223137184,22.06782181048779,22.95419454451878,22.313718762509293,0.0,0.0,0.0,0.0,280,0.04429011844990172
23.09143935494939,22.042088408532052,22.982787213358492,22.385200434608567,0.0,0.0,0.0,0.0,280,0.04441452889498571
23.157202493280717,22.10213301309544,23.019957682850116,22.419511637216214,0.0,0.0,0.0,0.0,279,0.0446633497851537
23.288728769943386,22.076399611139703,23.037113284153943,22.445245039171954,0.0,0.0,0.0,0.0,280,0.04528540201057367
23.354491908274717,22.15931835077486,23.082861554297477,22.428089437868127,0.0,0.0,0.0,0.0,279,0.04628068557124562
23.351632641390744,22.16789615142677,23.111454223137184,22.533882312575052,0.0,0.0,0.0,0.0,278,0.04652950646141361
23.325899239435007,22.21936295533825,23.140046891976898,22.55103791387888,0.0,0.0,0.0,0.0,278,0.04652950646141361
23.354491908274717,22.262251958597812,23.20295076342426,22.57677131583462,0.0,0.0,0.0,0.0,278,0.046653916906497596
23.43169211414193,22.30514096185738,23.268713901755586,22.622519585978154,0.0,0.0,0.0,0.0,274,0.0467783273515816
23.50603305312518,22.33087436381312,23.345914107622804,22.631097386630067,0.0,0.0,0.0,0.0,274,0.04727596913191757
23.603248127180187,22.322296563161206,23.325899239435007,22.631097386630067,0.0,0.0,0.0,0.0,274,0.04777361091225354
23.703322468119172,22.4109338365643,23.317321438783093,22.673986389889627,0.0,0.0,0.0,0.0,274,0.04802243180242153
23.8777377480414,22.36804483330474,23.33447704008692,22.711156859381255,0.0,0.0,0.0,0.0,273,0.0485200735827575
23.977812088980382,22.4109338365643,23.33447704008692,22.754045862640815,0.0,0.0,0.0,0.0,273,0.04901771536309348
24.05787156173157,22.48813404243152,23.383084577114424,22.808371933436263,0.0,0.0,0.0,0.0,273,0.04926653625326147
24.066449362383484,22.542460113226966,23.40024017841825,22.899868473723334,0.0,0.0,0.0,0.0,271,0.04914212580817747
24.040715960427743,22.542460113226966,23.46028478298164,22.8541202035798,0.0,0.0,0.0,0.0,270,0.04914212580817747
24.006404757820093,22.57677131583462,23.51747012066106,22.845542402927887,0.0,0.0,0.0,0.0,270,0.04926653625326147
24.00068622405215,22.533882312575052,23.566077657688567,22.91702407502716,0.0,0.0,0.0,0.0,271,0.04951535714342945
24.077886429919367,22.542460113226966,23.57465545834048,22.899868473723334,0.0,0.0,0.0,0.0,270,0.05001299892376543
24.217990507233942,22.602504717790357,23.583233258992394,22.937038943214958,0.0,0.0,0.0,0.0,268,0.0506350511491854
24.352376050780578,22.593926917138443,23.603248127180187,23.019957682850116,0.0,0.0,0.0,0.0,267,0.051008282484437374
24.389546520272198,22.648252987933894,23.64327786355578,23.019957682850116,0.0,0.0,0.0,0.0,266,0.051008282484437374
24.518213530050893,22.728312460685075,23.680448333047405,23.045691084805856,0.0,0.0,0.0,0.0,265,0.05113269292952137
24.72979927946474,22.71973466003317,23.703322468119172,23.10287642248527,0.0,0.0,0.0,0.0,264,0.051381513819689355
24.852747755475495,22.79979413278435,23.709041001887115,23.14862469262881,0.0,0.0,0.0,0.0,263,0.05150592426477336
24.721221478812833,22.8541202035798,23.720478069423,23.140046891976898,0.0,0.0,0.0,0.0,263,0.051381513819689355
24.589695202150168,22.79979413278435,23.743352204494766,23.16578029393263,0.0,0.0,0.0,0.0,262,0.05125710337460536
24.675473208669292,22.79121633213244,23.777663407102416,23.18579516212043,0.0,0.0,0.0,0.0,262,0.051630334709857346
24.89849602561903,22.816949734088176,23.829130211013894,23.24298049979985,0.0,0.0,0.0,0.0,262,0.052625618270529285
25.070052038657288,22.862698004231714,23.834848744781834,23.24298049979985,0.0,0.0,0.0,0.0,262,0.053620901831201245
24.918510893806825,22.891290673071424,23.837708011665807,23.33447704008692,0.0,0.0,0.0,0.0,260,0.053372080941033254
24.78126608337622,22.937038943214958,23.92634528506891,23.317321438783093,0.0,0.0,0.0,0.0,261,0.052625618270529285
24.944244295762562,23.00852061531423,24.040715960427743,23.36306970892663,0.0,0.0,0.0,0.0,260,0.052625618270529285
25.05289643735346,23.00852061531423,24.186538571510262,23.383084577114424,0.0,0.0,0.0,0.0,260,0.05386972272136923
24.952822096414476,23.045691084805856,24.226568307885856,23.423114313490018,0.0,0.0,0.0,0.0,261,0.05548705850746115
24.96139989706639,23.111454223137184,24.23800537542174,23.403099445302225,0.0,0.0,0.0,0.0,257,0.056855573403385075
25.135815176988615,23.057128152341736,24.30376851375307,23.43169211414193,0.0,0.0,0.0,0.0,261,0.058224088299309
25.23303025104363,23.045691084805856,24.412420655343965,23.546062789500773,0.0,0.0,0.0,0.0,257,0.059965834530484916
25.17012637959627,23.09143935494939,24.552524732658544,23.526047921312973,0.0,0.0,0.0,0.0,257,0.06170758076166082
24.772688282724307,23.18007662835249,24.624006404757818,23.591811059644307,0.0,0.0,0.0,0.0,257,0.06282727476741677
24.37239091896837,23.280150969291473,24.644021272945615,23.623262995367988,0.0,0.0,0.0,0.0,256,0.06282727476741677
24.403842854692055,23.24298049979985,24.69262880997312,23.64327786355578,0.0,0.0,0.0,0.0,254,0.06295168521250076
24.589695202150168,23.222965631612052,24.675473208669292,23.69188540058329,0.0,0.0,0.0,0.0,255,0.06357373743792073
24.675473208669292,23.24298049979985,24.64973980671356,23.734774403842852,0.0,0.0,0.0,0.0,255,0.06456902099859267
24.63258420540973,23.297306570595296,24.612569337221935,23.769085606450503,0.0,0.0,0.0,0.0,256,0.06481784188876066
24.561102533310457,23.403099445302225,24.581117401498254,23.749070738262706,0.0,0.0,0.0,0.0,255,0.06419578966334069
24.518213530050893,23.33447704008692,24.56968033396237,23.826270944129924,0.0,0.0,0.0,0.0,255,0.06320050610266875
24.48390232744324,23.383084577114424,24.558243266426487,23.906330416881108,0.0,0.0,0.0,0.0,260,0.06183199120674482
24.320924115056897,23.43169211414193,24.675473208669292,23.997826957168183,0.0,0.0,0.0,0.0,255,0.05971701364031693
24.39240578715617,23.546062789500773,24.789843884028134,23.95779722079259,0.0,0.0,0.0,0.0,253,0.057602036073889036
24.666895408017382,23.50603305312518,24.769829015840333,23.93778235260479,0.0,0.0,0.0,0.0,254,0.056109110732881114
24.835592154171668,23.44884771544576,24.72979927946474,24.009264024704063,0.0,0.0,0.0,0.0,258,0.05548705850746115
24.715502945044886,23.477440384285465,24.69262880997312,24.046434494195687,0.0,0.0,0.0,0.0,256,0.05474059583695719
24.44101332418368,23.51747012066106,24.69262880997312,24.097901298107164,0.0,0.0,0.0,0.0,257,0.053620901831201245
24.32950191570881,23.55464059015268,24.695488076857092,24.140790301366728,0.0,0.0,0.0,0.0,260,0.0525012078254453
24.352376050780578,23.6118259278321,24.684051009321205,24.186538571510262,0.0,0.0,0.0,0.0,261,0.05175474515494134
24.406702121576025,23.651855664207694,24.65831760736547,24.166523703322465,0.0,0.0,0.0,0.0,261,0.05113269292952137
24.486761594327213,23.654714931091668,24.644021272945615,24.20941270658203,0.0,0.0,0.0,0.0,262,0.0505106407041014
24.48390232744324,23.720478069423,24.598273002802078,24.252301709841596,0.0,0.0,0.0,0.0,263,0.049390946698345456
24.44101332418368,23.7891004746383,24.598273002802078,24.289472179333217,0.0,0.0,0.0,0.0,263,0.048271252692589514
24.403842854692055,23.700463201235202,24.621147137873844,24.20941270658203,0.0,0.0,0.0,0.0,267,0.04752479002208555
24.466746726139416,23.703322468119172,24.60685080345399,24.243723909189683,0.0,0.0,0.0,0.0,264,0.04740037957700156
24.47532452679133,23.769085606450503,24.552524732658544,24.34093898324469,0.0,0.0,0.0,0.0,266,0.04727596913191757
24.501057928747066,23.829130211013894,24.53822839823869,24.346657517012638,0.0,0.0,0.0,0.0,224,0.04690273779666559
24.561102533310457,23.834848744781834,24.598273002802078,24.36095385143249,0.0,0.0,0.0,0.0,225,0.04628068557124562
24.684051009321205,23.84628581231772,24.746954880768566,24.37239091896837,0.0,0.0,0.0,0.0,224,0.04578304379090964
24.789843884028134,23.886315548693315,24.84416995482358,24.380968719620284,0.0,0.0,0.0,0.0,226,0.04578304379090964
24.84416995482358,23.88345628180934,24.801280951564014,24.37239091896837,0.0,0.0,0.0,0.0,225,0.04578304379090964
24.8813404243152,23.93778235260479,24.684051009321205,24.36095385143249,0.0,0.0,0.0,0.0,227,0.04578304379090964
24.824155086635788,23.897752616229194,24.675473208669292,24.389546520272198,0.0,0.0,0.0,0.0,224,0.04565863334582565
24.801280951564014,23.949219420140675,24.769829015840333,24.449591124835592,0.0,0.0,0.0,0.0,149,0.04565863334582565
24.84416995482358,23.92634528506891,24.835592154171668,24.463887459255446,0.0,0.0,0.0,0.0,1,0.04590745423599364
24.809858752215927,24.00068622405215,24.861325556127408,24.518213530050893,0.0,0.0,0.0,0.0,-74,0.04590745423599364
24.801280951564014,24.066449362383484,24.81843655286784,24.518213530050893,0.0,0.0,0.0,0.0,-74,0.04590745423599364
24.832732887287698,24.08360496368731,24.78126608337622,24.495339394979126,0.0,0.0,0.0,0.0,4,0.04590745423599364
24.889918224967115,24.077886429919367,24.861325556127408,24.466746726139416,0.0,0.0,0.0,0.0,7,0.04603186468107763
24.969977697718303,24.05787156173157,24.92422942757477,24.486761594327213,0.0,0.0,0.0,0.0,7,0.04652950646141361
24.998570366558013,24.075027163035397,24.915651626922855,24.526791330702807,0.0,0.0,0.0,0.0,-69,0.04702714824174958
25.015725967861837,24.097901298107164,24.872762623663288,24.561102533310457,0.0,0.0,0.0,0.0,-68,0.04715155868683357
25.038600102933607,24.11791616629496,24.918510893806825,24.495339394979126,0.0,0.0,0.0,0.0,-66,0.04727596913191757
25.02430376851375,24.12649396694687,25.041459369817577,24.552524732658544,0.0,0.0,0.0,0.0,-63,0.04752479002208555
25.032881569165664,24.20941270658203,25.107222508148908,24.641162006061645,0.0,0.0,0.0,0.0,-63,0.04839566313767351
25.070052038657288,24.197975639046145,25.08720763996111,24.684051009321205,0.0,0.0,0.0,0.0,-61,0.04926653625326147
25.061474238005374,24.217990507233942,25.02430376851375,24.615428604105904,0.0,0.0,0.0,0.0,148,0.04988858847868143
25.061474238005374,24.20941270658203,25.02430376851375,24.598273002802078,0.0,0.0,0.0,0.0,206,0.05026181981393341
25.061474238005374,24.226568307885856,25.070052038657288,24.589695202150168,0.0,0.0,0.0,0.0,209,0.05038623025901741
25.08720763996111,24.229427574769826,25.124378109452735,24.63258420540973,0.0,0.0,0.0,0.0,205,0.0506350511491854
25.158689312060382,24.243723909189683,25.1272373763367,24.666895408017382,0.0,0.0,0.0,0.0,215,0.051008282484437374
25.198719048435976,24.30948704752101,25.161548578944355,24.746954880768566,0.0,0.0,0.0,0.0,216,0.05150592426477336
25.224452450391716,24.32950191570881,25.198719048435976,24.789843884028134,0.0,0.0,0.0,0.0,215,0.052127976490193316
25.244467318579517,24.36095385143249,25.23303025104363,24.78126608337622,0.0,0.0,0.0,0.0,214,0.05275002871561329
25.307371190026874,24.35523531766455,25.253045119231427,24.738377080116653,0.0,0.0,0.0,0.0,222,0.053620901831201245
25.401726997197915,24.406702121576025,25.307371190026874,24.764110482072393,0.0,0.0,0.0,0.0,220,0.05461618539187319
25.46749013552925,24.352376050780578,25.38171212901012,24.801280951564014,0.0,0.0,0.0,0.0,234,0.055362648062377146
25.550408875164404,24.380968719620284,25.44747526734145,24.827014353519754,0.0,0.0,0.0,0.0,237,0.05586028984271313
25.701950020014866,24.36095385143249,25.521816206324697,24.827014353519754,0.0,0.0,0.0,0.0,241,0.05660675251321709
25.790587293417964,24.449591124835592,25.62760908103162,24.915651626922855,0.0,0.0,0.0,0.0,241,0.05772644651897303
25.8563504317493,24.501057928747066,25.71338708755075,25.032881569165664,0.0,0.0,0.0,0.0,244,0.059592603195232935
25.973580373992107,24.558243266426487,25.721964888202663,25.018585234745807,0.0,0.0,0.0,0.0,244,0.06170758076166082
25.9935952421799,24.561102533310457,25.71338708755075,24.944244295762562,0.0,0.0,0.0,0.0,247,0.06369814788300472
25.953565505804306,24.589695202150168,25.77915022588208,24.952822096414476,0.0,0.0,0.0,0.0,252,0.06519107322401264
25.953565505804306,24.558243266426487,25.827757762909588,25.02430376851375,0.0,0.0,0.0,0.0,264,0.06643517767485257
25.9935952421799,24.60685080345399,25.86778749928518,25.161548578944355,0.0,0.0,0.0,0.0,273,0.06705722990027255
25.884943100589005,24.641162006061645,25.86778749928518,25.198719048435976,0.0,0.0,0.0,0.0,288,0.06705722990027255
25.819179962257675,24.652599073597525,25.904957968776806,25.20729684908789,0.0,0.0,0.0,0.0,291,0.06705722990027255
25.827757762909588,24.641162006061645,25.9249728369646,25.187281980900096,0.0,0.0,0.0,0.0,298,0.06705722990027255
25.86778749928518,24.72979927946474,25.896380168124892,25.247326585463483,0.0,0.0,0.0,0.0,307,0.06705722990027255
25.86778749928518,24.769829015840333,25.86778749928518,25.244467318579517,0.0,0.0,0.0,0.0,313,0.06705722990027255
25.819179962257675,24.81843655286784,25.847772631097385,25.318808257562758,0.0,0.0,0.0,0.0,312,0.06655958811993658
25.819179962257675,24.789843884028134,25.916395036312686,25.32738605821467,0.0,0.0,0.0,0.0,313,0.0659375358945166
25.896380168124892,24.764110482072393,25.9249728369646,25.393149196546002,0.0,0.0,0.0,0.0,312,0.06519107322401264
25.944987705152396,24.78126608337622,26.002173042831814,25.373134328358205,0.0,0.0,0.0,0.0,311,0.06456902099859267
25.916395036312686,24.809858752215927,26.033624978555494,25.418882598501742,0.0,0.0,0.0,0.0,316,0.06369814788300472
25.884943100589005,24.861325556127408,26.002173042831814,25.46749013552925,0.0,0.0,0.0,0.0,311,0.06282727476741677
25.916395036312686,24.932807228226682,25.9935952421799,25.50466060502087,0.0,0.0,0.0,0.0,310,0.062205222541996806
25.944987705152396,24.944244295762562,25.9935952421799,25.550408875164404,0.0,0.0,0.0,0.0,303,0.06195640165182881
25.933550637616513,24.972836964602273,26.033624978555494,25.496082804368957,0.0,0.0,0.0,0.0,306,0.06183199120674482
25.953565505804306,24.952822096414476,26.062217647395208,25.533253273860577,0.0,0.0,0.0,0.0,306,0.06183199120674482
26.002173042831814,24.969977697718303,26.082232515583,25.579001544004118,0.0,0.0,0.0,0.0,303,0.06170758076166082
26.033624978555494,24.998570366558013,26.119402985074625,25.62760908103162,0.0,0.0,0.0,0.0,306,0.06145875987149284
26.033624978555494,25.02430376851375,26.139417853262422,25.644764682335445,0.0,0.0,0.0,0.0,305,0.061209938981324846
26.090810316234915,25.070052038657288,26.139417853262422,25.71338708755075,0.0,0.0,0.0,0.0,302,0.06108552853624086
26.1022473837708,25.161548578944355,26.110825184422712,25.693372219362953,0.0,0.0,0.0,0.0,301,0.06071229720098888
26.070795448047118,25.17012637959627,26.119402985074625,25.721964888202663,0.0,0.0,0.0,0.0,304,0.0602146554206529
26.139417853262422,25.235889517927603,26.159432721450216,25.693372219362953,0.0,0.0,0.0,0.0,305,0.059965834530484916
26.250929261737287,25.178704180248182,26.170869788986103,25.733401955738547,0.0,0.0,0.0,0.0,305,0.05984142408540092
26.299536798764795,25.187281980900096,26.250929261737287,25.77915022588208,0.0,0.0,0.0,0.0,302,0.05984142408540092
26.359581403328182,25.187281980900096,26.308114599416708,25.799165094069878,0.0,0.0,0.0,0.0,302,0.05984142408540092
26.431063075427456,25.244467318579517,26.308114599416708,25.876365299937092,0.0,0.0,0.0,0.0,303,0.05984142408540092
26.479670612454964,25.26162291988334,26.299536798764795,25.836335563561498,0.0,0.0,0.0,0.0,303,0.05984142408540092
26.551152284554238,25.307371190026874,26.299536798764795,25.836335563561498,0.0,0.0,0.0,0.0,281,0.05984142408540092
26.654085892377193,25.307371190026874,26.319551666952588,25.847772631097385,0.0,0.0,0.0,0.0,302,0.05984142408540092
26.73700463201235,25.35597872705438,26.359581403328182,25.884943100589005,0.0,0.0,0.0,0.0,301,0.05984142408540092
26.757019500200144,25.35597872705438,26.37101847086407,25.973580373992107,0.0,0.0,0.0,0.0,279,0.05984142408540092
26.79990850345971,25.335963858866585,26.419626007891576,25.916395036312686,0.0,0.0,0.0,0.0,274,0.05984142408540092
26.73700463201235,25.364556527706295,26.45965574426717,25.944987705152396,0.0,0.0,0.0,0.0,307,0.05984142408540092
26.70555269628867,25.418882598501742,26.479670612454964,25.973580373992107,0.0,0.0,0.0,0.0,282,0.05984142408540092
26.71698976382455,25.496082804368957,26.451077943615257,26.002173042831814,0.0,0.0,0.0,0.0,275,0.059965834530484916
26.745582432664264,25.521816206324697,26.47109281180305,26.022187911019614,0.0,0.0,0.0,0.0,307,0.059965834530484916
26.79990850345971,25.550408875164404,26.47109281180305,25.965002573340193,0.0,0.0,0.0,0.0,307,0.059965834530484916
26.851375307371185,25.50466060502087,26.49110767999085,25.9935952421799,0.0,0.0,0.0,0.0,278,0.059965834530484916
26.851375307371185,25.513238405672784,26.542574483902325,26.05078057985932,0.0,0.0,0.0,0.0,284,0.059965834530484916
26.819923371647505,25.54183107451249,26.6140561560016,26.150854920798306,0.0,0.0,0.0,0.0,307,0.059965834530484916
26.79990850345971,25.513238405672784,26.6140561560016,26.119402985074625,0.0,0.0,0.0,0.0,309,0.059965834530484916
26.70555269628867,25.570423743352205,26.602619088465715,26.110825184422712,0.0,0.0,0.0,0.0,285,0.059965834530484916
26.73700463201235,25.61903128037971,26.594041287813802,26.062217647395208,0.0,0.0,0.0,0.0,276,0.060090244975568904
26.819923371647505,25.693372219362953,26.654085892377193,26.170869788986103,0.0,0.0,0.0,0.0,309,0.0602146554206529
26.914279178818546,25.664779550523246,26.67410076056499,26.179447589638013,0.0,0.0,0.0,0.0,310,0.06058788675590488
26.945731114542227,25.693372219362953,26.67410076056499,26.250929261737287,0.0,0.0,0.0,0.0,279,0.06071229720098888
26.902842111282666,25.673357351175156,26.70555269628867,26.23091439354949,0.0,0.0,0.0,0.0,279,0.06071229720098888
26.902842111282666,25.71338708755075,26.76845656773603,26.210899525361693,0.0,0.0,0.0,0.0,307,0.06071229720098888
26.95430891519414,25.71338708755075,26.777034368387945,26.268084863041114,0.0,0.0,0.0,0.0,307,0.06108552853624086
26.97718305026591,25.750557557042374,26.745582432664264,26.35100360267627,0.0,0.0,0.0,0.0,280,0.061583170316576834
26.98576085091782,25.799165094069878,26.73700463201235,26.33956653514039,0.0,0.0,0.0,0.0,272,0.062205222541996806
27.1258649282324,25.836335563561498,26.788471435923825,26.288099731228908,0.0,0.0,0.0,0.0,308,0.06270286432233278
27.30599874192257,25.836335563561498,26.831360439183392,26.279521930576998,0.0,0.0,0.0,0.0,307,0.06332491654775274
27.328872876994335,25.847772631097385,26.8599531080231,26.379596271515982,0.0,0.0,0.0,0.0,276,0.0640713792182567
27.34030994453022,25.884943100589005,26.8599531080231,26.431063075427456,0.0,0.0,0.0,0.0,280,0.06419578966334069
27.23165780293932,25.8563504317493,26.871390175558986,26.419626007891576,0.0,0.0,0.0,0.0,309,0.06419578966334069
27.23165780293932,25.884943100589005,26.882827243094866,26.431063075427456,0.0,0.0,0.0,0.0,309,0.06444461055350868
27.317435809458452,25.896380168124892,26.95430891519414,26.391033339051862,0.0,0.0,0.0,0.0,281,0.06481784188876066
27.391776748441696,25.904957968776806,26.95430891519414,26.479670612454964,0.0,0.0,0.0,0.0,277,0.06556430455926462
27.503288156916565,25.98215817464402,26.965745982730027,26.45965574426717,0.0,0.0,0.0,0.0,309,0.06606194633960061
27.468976954308914,26.022187911019614,26.98576085091782,26.522559615714528,0.0,0.0,0.0,0.0,309,0.06606194633960061
27.448962086121114,26.0136101103677,27.04008692171327,26.542574483902325,0.0,0.0,0.0,0.0,277,0.06606194633960061
27.391776748441696,26.002173042831814,27.091553725624745,26.551152284554238,0.0,0.0,0.0,0.0,284,0.06606194633960061
27.348887745182132,25.9935952421799,27.082975924972832,26.594041287813802,0.0,0.0,0.0,0.0,310,0.06606194633960061
27.28598387373477,26.033624978555494,27.060101789901065,26.622633956653512,0.0,0.0,0.0,0.0,310,0.06606194633960061
27.294561674386685,26.082232515583,27.082975924972832,26.58260422027792,0.0,0.0,0.0,0.0,311,0.06606194633960061
27.34030994453022,26.119402985074625,27.15731686395608,26.602619088465715,0.0,0.0,0.0,0.0,277,0.0661863567846846
27.348887745182132,26.119402985074625,27.15731686395608,26.654085892377193,0.0,0.0,0.0,0.0,282,0.06631076722976859
27.3717618802539,26.159432721450216,27.22022073540344,26.73700463201235,0.0,0.0,0.0,0.0,310,0.06631076722976859
27.348887745182132,26.150854920798306,27.208783667867554,26.745582432664264,0.0,0.0,0.0,0.0,310,0.06631076722976859
27.348887745182132,26.179447589638013,27.22022073540344,26.745582432664264,0.0,0.0,0.0,0.0,284,0.06643517767485257
27.360324812718016,26.150854920798306,27.208783667867554,26.76845656773603,0.0,0.0,0.0,0.0,278,0.06643517767485257
27.414650883513463,26.179447589638013,27.208783667867554,26.757019500200144,0.0,0.0,0.0,0.0,311,0.06680840901010457
27.53474009264024,26.288099731228908,27.274546806198888,26.831360439183392,0.0,0.0,0.0,0.0,312,0.06705722990027255
27.589066163435696,26.279521930576998,27.28598387373477,26.777034368387945,0.0,0.0,0.0,0.0,278,0.06743046123552454
27.569051295247895,26.3281294676045,27.30599874192257,26.851375307371185,0.0,0.0,0.0,0.0,286,0.06743046123552454
27.569051295247895,26.268084863041114,27.383198947789783,26.8599531080231,0.0,0.0,0.0,0.0,313,0.06743046123552454
27.63481443357923,26.239492194201404,27.40321381597758,26.914279178818546,0.0,0.0,0.0,0.0,312,0.06755487168060853
27.63481443357923,26.319551666952588,27.383198947789783,26.92285697947046,0.0,0.0,0.0,0.0,285,0.06780369257077651
27.67770343683879,26.3281294676045,27.3717618802539,26.914279178818546,0.0,0.0,0.0,0.0,279,0.06780369257077651
27.76634071024189,26.411048207239663,27.40321381597758,26.965745982730027,0.0,0.0,0.0,0.0,313,0.06792810301586051
27.834963115457196,26.419626007891576,27.414650883513463,26.902842111282666,0.0,0.0,0.0,0.0,313,0.06792810301586051
27.78921484531366,26.419626007891576,27.49185108938068,26.997197918453708,0.0,0.0,0.0,0.0,280,0.0680525134609445
27.812088980385425,26.43964087607937,27.53474009264024,27.00863498598959,0.0,0.0,0.0,0.0,288,0.06817692390602849
27.857837250528963,26.431063075427456,27.53474009264024,27.00863498598959,0.0,0.0,0.0,0.0,282,0.06867456568636447
27.923600388860294,26.45965574426717,27.52330302510436,27.060101789901065,0.0,0.0,0.0,0.0,314,0.06917220746670044
27.946474523932064,26.451077943615257,27.511865957568475,27.04008692171327,0.0,0.0,0.0,0.0,317,0.06942102835686842
27.98078572653971,26.47109281180305,27.511865957568475,27.028649854177385,0.0,0.0,0.0,0.0,284,0.06942102835686842
28.037971064219132,26.542574483902325,27.569051295247895,27.091553725624745,0.0,0.0,0.0,0.0,288,0.06954543880195242
28.037971064219132,26.571167152742035,27.623377366043343,27.091553725624745,0.0,0.0,0.0,0.0,313,0.06954543880195242
28.003659861611478,26.622633956653512,27.654829301767023,27.145879796420193,0.0,0.0,0.0,0.0,313,0.06979425969212041
27.946474523932064,26.56258935209012,27.700577571910557,27.145879796420193,0.0,0.0,0.0,0.0,287,0.07004308058228839
28.003659861611478,26.551152284554238,27.654829301767023,27.165894664607993,0.0,0.0,0.0,0.0,280,0.0701674910273724
28.04940813175502,26.6140561560016,27.654829301767023,27.23165780293932,0.0,0.0,0.0,0.0,290,0.07029190147245638
28.078000800594726,26.6140561560016,27.66626636930291,27.177331732143873,0.0,0.0,0.0,0.0,314,0.07041631191754039
28.140904672042087,26.68553782810087,27.743466575170125,27.25167267112712,0.0,0.0,0.0,0.0,314,0.07041631191754039
28.140904672042087,26.73700463201235,27.754903642706008,27.22022073540344,0.0,0.0,0.0,0.0,293,0.07054072236262438
28.083719334362666,26.68553782810087,27.777777777777775,27.274546806198888,0.0,0.0,0.0,0.0,288,0.07066513280770836
28.083719334362666,26.71698976382455,27.846400182993076,27.243094870475208,0.0,0.0,0.0,0.0,314,0.07091395369787636
28.126608337622233,26.70555269628867,27.812088980385425,27.317435809458452,0.0,0.0,0.0,0.0,318,0.07128718503312834
28.175215874649737,26.757019500200144,27.78921484531366,27.328872876994335,0.0,0.0,0.0,0.0,288,0.07141159547821233
28.18665294218562,26.757019500200144,27.777777777777775,27.360324812718016,0.0,0.0,0.0,0.0,293,0.07141159547821233
28.163778807113854,26.76845656773603,27.834963115457196,27.437525018585234,0.0,0.0,0.0,0.0,287,0.07153600592329633
28.15234173957797,26.819923371647505,27.889289186252643,27.348887745182132,0.0,0.0,0.0,0.0,317,0.07166041636838032
28.243838279865038,26.819923371647505,27.935037456396177,27.360324812718016,0.0,0.0,0.0,0.0,316,0.07278011037413626
28.381083090295647,26.8599531080231,27.96934865900383,27.448962086121114,0.0,0.0,0.0,0.0,286,0.07414862527006018
28.486875965002568,26.851375307371185,27.889289186252643,27.468976954308914,0.0,0.0,0.0,0.0,292,0.07551714016598411
28.615542974781263,26.831360439183392,27.866415051180876,27.503288156916565,0.0,0.0,0.0,0.0,314,0.07638801328157208
28.78423972093555,26.79990850345971,27.889289186252643,27.503288156916565,0.0,0.0,0.0,0.0,316,0.07713447595207602
28.924343798250124,26.89140504374678,27.960770858351918,27.480414021844794,0.0,0.0,0.0,0.0,292,0.077756528177496
29.038714473608962,26.914279178818546,27.992222794075598,27.437525018585234,0.0,0.0,0.0,0.0,288,0.07862740129308396
29.101618345056323,26.965745982730027,28.015096929147365,27.448962086121114,0.0,0.0,0.0,0.0,292,0.0797470952988399
29.070166409332643,26.914279178818546,28.106593469434433,27.52330302510436,0.0,0.0,0.0,0.0,316,0.08061796841442785
28.855721393034823,26.871390175558986,28.11803053697032,27.53474009264024,0.0,0.0,0.0,0.0,318,0.08061796841442785
28.60410590724538,26.945731114542227,28.18665294218562,27.57762909589981,0.0,0.0,0.0,0.0,297,0.08061796841442785
28.498313032538455,26.97718305026591,28.243838279865038,27.54617716017613,0.0,0.0,0.0,0.0,292,0.08061796841442785
28.4640018299308,27.00863498598959,28.346771887687993,27.53474009264024,0.0,0.0,0.0,0.0,298,0.08086678930459584
28.515468633842282,27.071538857436952,28.35820895522388,27.623377366043343,0.0,0.0,0.0,0.0,318,0.08136443108493181
28.60410590724538,27.071538857436952,28.355349688339906,27.623377366043343,0.0,0.0,0.0,0.0,317,0.0817376624201838
28.641276376737,27.028649854177385,28.418253559787267,27.700577571910557,0.0,0.0,0.0,0.0,298,0.08186207286526778
28.626980042317147,27.060101789901065,28.36964602275976,27.723451706982328,0.0,0.0,0.0,0.0,288,0.08186207286526778
28.618402241665233,27.060101789901065,28.335334820152113,27.743466575170125,0.0,0.0,0.0,0.0,296,0.08186207286526778
28.555498370217876,27.082975924972832,28.30102361754446,27.73488877451821,0.0,0.0,0.0,0.0,314,0.08186207286526778
28.558357637101842,27.04008692171327,28.3953794247155,27.800651912849542,0.0,0.0,0.0,0.0,314,0.08211089375543579
28.641276376737,27.020072053525475,28.441127694859034,27.777777777777775,0.0,0.0,0.0,0.0,297,0.08285735642593973
28.63555784296906,27.091553725624745,28.4640018299308,27.754903642706008,0.0,0.0,0.0,0.0,288,0.08385263998661167
28.60410590724538,27.071538857436952,28.498313032538455,27.82352604792131,0.0,0.0,0.0,0.0,296,0.08472351310219964
28.626980042317147,27.134442728884313,28.4840166981186,27.800651912849542,0.0,0.0,0.0,0.0,314,0.0854699757727036
28.70132098130039,27.18876879967976,28.498313032538455,27.834963115457196,0.0,0.0,0.0,0.0,318,0.08596761755303958
28.77852118716761,27.165894664607993,28.524046434494196,27.91216332132441,0.0,0.0,0.0,0.0,298,0.08609202799812357
28.94149939955395,27.1258649282324,28.555498370217876,27.846400182993076,0.0,0.0,0.0,0.0,290,0.08621643844320757
29.015840338537195,27.15731686395608,28.641276376737,27.857837250528963,0.0,0.0,0.0,0.0,317,0.08634084888829156
29.08732201063647,27.177331732143873,28.707039515068335,27.81780751415337,0.0,0.0,0.0,0.0,317,0.08683849066862753
29.195974152227365,27.243094870475208,28.74706925144393,27.957911591467944,0.0,0.0,0.0,0.0,315,0.08721172200387951
29.204551952879278,27.23165780293932,28.689883913764508,27.935037456396177,0.0,0.0,0.0,0.0,296,0.0873361324489635
29.210270486647218,27.23165780293932,28.66700977869274,27.900726253788523,0.0,0.0,0.0,0.0,290,0.0873361324489635
29.215989020415165,27.177331732143873,28.712758048836275,27.91216332132441,0.0,0.0,0.0,0.0,294,0.0873361324489635
29.227426087951045,27.165894664607993,28.78995825470349,27.900726253788523,0.0,0.0,0.0,0.0,312,0.0873361324489635
29.098759078172353,27.18876879967976,28.832847257963056,27.98078572653971,0.0,0.0,0.0,0.0,313,0.0873361324489635
28.944358666437925,27.263109738663005,28.881454794990564,27.957911591467944,0.0,0.0,0.0,0.0,294,0.0873361324489635
28.86715846057071,27.294561674386685,28.94149939955395,27.98078572653971,0.0,0.0,0.0,0.0,291,0.0873361324489635
28.74706925144393,27.28598387373477,28.881454794990564,28.020815462915305,0.0,0.0,0.0,0.0,294,0.08696290111371152
28.72419511637216,27.30599874192257,28.832847257963056,28.0608451992909,0.0,0.0,0.0,0.0,312,0.08646525933337555
28.798536055355402,27.294561674386685,28.82141019042717,28.072282266826786,0.0,0.0,0.0,0.0,314,0.0858432071079556
28.855721393034823,27.34030994453022,28.855721393034823,28.095156401898553,0.0,0.0,0.0,0.0,297,0.08534556532761961
28.829987991079083,27.328872876994335,28.850002859266883,28.1294676045062,0.0,0.0,0.0,0.0,290,0.08497233399236763
28.82141019042717,27.328872876994335,28.861439926802763,28.09801566878252,0.0,0.0,0.0,0.0,297,0.08484792354728364
28.80997312289129,27.348887745182132,28.855721393034823,28.15234173957797,0.0,0.0,0.0,0.0,316,0.08410146087677968
28.74706925144393,27.426087951049347,28.82141019042717,28.175215874649737,0.0,0.0,0.0,0.0,316,0.08298176687102372
28.77852118716761,27.3717618802539,28.807113856007316,28.209527077257388,0.0,0.0,0.0,0.0,316,0.0817376624201838
28.86715846057071,27.426087951049347,28.850002859266883,28.232401212329158,0.0,0.0,0.0,0.0,291,0.08099119974967983
29.015840338537195,27.437525018585234,28.892891862526444,28.21524561102533,0.0,0.0,0.0,0.0,296,0.08036914752425986
29.101618345056323,27.414650883513463,28.901469663178357,28.22096414479327,0.0,0.0,0.0,0.0,313,0.08012032663409187
29.098759078172353,27.414650883513463,28.927203065134098,28.209527077257388,0.0,0.0,0.0,0.0,314,0.0796226848537559
29.007262537885282,27.480414021844794,28.984388402813515,28.30102361754446,0.0,0.0,0.0,0.0,311,0.07912504307341993
29.02441813918911,27.49185108938068,28.975810602161605,28.343912620804023,0.0,0.0,0.0,0.0,288,0.07887622218325194
29.164522216503684,27.557614227712012,28.964373534625718,28.312460685080342,0.0,0.0,0.0,0.0,291,0.07887622218325194
29.35609309772974,27.569051295247895,29.012981071653225,28.278149482472692,0.0,0.0,0.0,0.0,306,0.07887622218325194
29.484760107508432,27.54617716017613,29.05872934179676,28.29530508377652,0.0,0.0,0.0,0.0,310,0.07887622218325194
29.647738319894774,27.468976954308914,29.078744209984556,28.346771887687993,0.0,0.0,0.0,0.0,307,0.07912504307341993
29.865042603076567,27.54617716017613,29.12449248012809,28.346771887687993,0.0,0.0,0.0,0.0,285,0.07924945351850393
30.05375421741865,27.600503230971576,29.038714473608962,28.335334820152113,0.0,0.0,0.0,0.0,291,0.07900063262833593
30.156687825241605,27.66626636930291,28.94149939955395,28.335334820152113,0.0,0.0,0.0,0.0,280,0.07875181173816795
30.25676216618059,27.654829301767023,28.955795733973805,28.312460685080342,0.0,0.0,0.0,0.0,299,0.07850299084799996
30.25676216618059,27.53474009264024,29.101618345056323,28.35820895522388,0.0,0.0,0.0,0.0,299,0.07837858040291597
30.1767026934294,27.503288156916565,29.184537084691485,28.343912620804023,0.0,0.0,0.0,0.0,298,0.07825416995783198
30.11093955509807,27.611940298507463,29.227426087951045,28.346771887687993,0.0,0.0,0.0,0.0,285,0.07837858040291597
30.088065420026304,27.654829301767023,29.321781895122086,28.26671241493681,0.0,0.0,0.0,0.0,279,0.07825416995783198
30.02230228169497,27.712014639446444,29.370389432149594,28.335334820152113,0.0,0.0,0.0,0.0,296,0.07825416995783198
29.887916738148334,27.73488877451821,29.364670898381654,28.383942357179613,0.0,0.0,0.0,0.0,295,0.07800534906766399
29.822153599817003,27.66626636930291,29.333218962657973,28.3953794247155,0.0,0.0,0.0,0.0,293,0.077756528177496
29.699205123806255,27.63481443357923,29.47332303997255,28.3953794247155,0.0,0.0,0.0,0.0,278,0.07738329684224401
29.559101046491676,27.700577571910557,29.547663978955793,28.383942357179613,0.0,0.0,0.0,0.0,276,0.07688565506190805
29.42185623606107,27.66626636930291,29.50477497569623,28.429690627323154,0.0,0.0,0.0,0.0,278,0.07651242372665606
29.321781895122086,27.654829301767023,29.493337908160346,28.406816492251387,0.0,0.0,0.0,0.0,285,0.07613919239140408
29.247440956138846,27.723451706982328,29.493337908160346,28.443986961743008,0.0,0.0,0.0,0.0,285,0.07514390883073213
29.233144621718992,27.78921484531366,29.407559901641218,28.45256476239492,0.0,0.0,0.0,0.0,285,0.07402421482497619
29.290329959398406,27.812088980385425,29.344656030193853,28.498313032538455,0.0,0.0,0.0,0.0,269,0.07278011037413626
29.344656030193853,27.82352604792131,29.364670898381654,28.504031566306395,0.0,0.0,0.0,0.0,272,0.0717848268134643
29.344656030193853,27.743466575170125,29.344656030193853,28.486875965002568,0.0,0.0,0.0,0.0,266,0.07041631191754039
29.29604849316635,27.76634071024189,29.321781895122086,28.535483502030075,0.0,0.0,0.0,0.0,283,0.06879897613144846
29.195974152227365,27.800651912849542,29.307485560702233,28.504031566306395,0.0,0.0,0.0,0.0,282,0.06693281945518856
29.110196145708237,27.889289186252643,29.290329959398406,28.535483502030075,0.0,0.0,0.0,0.0,281,0.06506666277892866
29.210270486647218,27.923600388860294,29.247440956138846,28.54406130268199,0.0,0.0,0.0,0.0,269,0.06320050610266875
29.333218962657973,27.923600388860294,29.210270486647218,28.56979470463773,0.0,0.0,0.0,0.0,264,0.06183199120674482
29.333218962657973,27.877852118716756,29.238863155486932,28.592668839709496,0.0,0.0,0.0,0.0,276,0.06046347631082089
29.284611425630466,27.8835706524847,29.313204094470173,28.626980042317147,0.0,0.0,0.0,0.0,275,0.05921937185998095
29.278892891862526,27.900726253788523,29.321781895122086,28.66415051180877,0.0,0.0,0.0,0.0,276,0.05859731963456099
29.301767026934293,27.935037456396177,29.290329959398406,28.63555784296906,0.0,0.0,0.0,0.0,265,0.05859731963456099
29.321781895122086,27.91216332132441,29.301767026934293,28.60410590724538,0.0,0.0,0.0,0.0,257,0.05859731963456099
29.321781895122086,27.935037456396177,29.290329959398406,28.629839309201117,0.0,0.0,0.0,0.0,260,0.05859731963456099
29.430434036712985,27.992222794075598,29.333218962657973,28.66700977869274,0.0,0.0,0.0,0.0,270,0.05859731963456099
29.430434036712985,27.946474523932064,29.35609309772974,28.70132098130039,0.0,0.0,0.0,0.0,271,0.05859731963456099
29.381826499685477,27.98078572653971,29.376107965917537,28.66700977869274,0.0,0.0,0.0,0.0,260,0.05872173007964498
29.430434036712985,28.009378395379425,29.430434036712985,28.652713444272887,0.0,0.0,0.0,0.0,254,0.058846140524728974
29.461885972436665,27.98078572653971,29.444730371132838,28.60410590724538,0.0,0.0,0.0,0.0,259,0.058846140524728974
29.45044890490078,28.026533996683245,29.38754503345342,28.675587579344654,0.0,0.0,0.0,0.0,267,0.05897055096981296
29.50477497569623,28.0608451992909,29.321781895122086,28.652713444272887,0.0,0.0,0.0,0.0,268,0.05909496141489696
29.5962715159833,28.106593469434433,29.42185623606107,28.695602447532448,0.0,0.0,0.0,0.0,267,0.05897055096981296
29.547663978955793,28.106593469434433,29.47332303997255,28.761365585863782,0.0,0.0,0.0,0.0,252,0.05859731963456099
29.376107965917537,28.09801566878252,29.461885972436665,28.687024646880538,0.0,0.0,0.0,0.0,255,0.05797526740914102
29.301767026934293,28.11803053697032,29.45044890490078,28.66415051180877,0.0,0.0,0.0,0.0,252,0.057353215183721044
29.333218962657973,28.0608451992909,29.45044890490078,28.615542974781263,0.0,0.0,0.0,0.0,263,0.056731162958301086
29.333218962657973,28.095156401898553,29.433293303596955,28.712758048836275,0.0,0.0,0.0,0.0,263,0.056109110732881114
29.4189969691771,28.209527077257388,29.38754503345342,28.75850631897981,0.0,0.0,0.0,0.0,262,0.05573587939762913
29.581975181563447,28.195230742837534,29.376107965917537,28.761365585863782,0.0,0.0,0.0,0.0,253,0.055362648062377146
29.47332303997255,28.163778807113854,29.396122834105334,28.738491450792015,0.0,0.0,0.0,0.0,249,0.054865006282041176
29.344656030193853,28.1294676045062,29.45902670555269,28.772802653399665,0.0,0.0,0.0,0.0,261,0.05424295405662121
29.364670898381654,28.175215874649737,29.45044890490078,28.74706925144393,0.0,0.0,0.0,0.0,261,0.05399413316645322
29.407559901641218,28.140904672042087,29.38754503345342,28.77852118716761,0.0,0.0,0.0,0.0,261,0.053745312276285234
29.381826499685477,28.18665294218562,29.35609309772974,28.832847257963056,0.0,0.0,0.0,0.0,250,0.05324767049594926
29.344656030193853,28.232401212329158,29.35895236461371,28.850002859266883,0.0,0.0,0.0,0.0,249,0.0523767973803613
29.4189969691771,28.18665294218562,29.4189969691771,28.844284325498936,0.0,0.0,0.0,0.0,252,0.05187915560002533
29.50477497569623,28.243838279865038,29.45044890490078,28.861439926802763,0.0,0.0,0.0,0.0,261,0.051630334709857346
29.516212043232112,28.283868016240632,29.45044890490078,28.795676788471436,0.0,0.0,0.0,0.0,260,0.051630334709857346
29.484760107508432,28.35820895522388,29.42185623606107,28.829987991079083,0.0,0.0,0.0,0.0,260,0.05125710337460536
29.527649110767996,28.26671241493681,29.4189969691771,28.832847257963056,0.0,0.0,0.0,0.0,248,0.051008282484437374
29.613427117287127,28.255275347400925,29.4189969691771,28.901469663178357,0.0,0.0,0.0,0.0,250,0.05075946159426939
29.57053811402756,28.29530508377652,29.430434036712985,28.87287699433865,0.0,0.0,0.0,0.0,246,0.05038623025901741
29.581975181563447,28.346771887687993,29.47046377308858,28.91576599759821,0.0,0.0,0.0,0.0,257,0.04988858847868143
29.613427117287127,28.36964602275976,29.527649110767996,28.912906730714244,0.0,0.0,0.0,0.0,258,0.04976417803359744
29.673471721850515,28.36392748899182,29.53622691141991,28.892891862526444,0.0,0.0,0.0,0.0,246,0.04976417803359744
29.699205123806255,28.36964602275976,29.493337908160346,28.901469663178357,0.0,0.0,0.0,0.0,248,0.04976417803359744
29.710642191342135,28.346771887687993,29.461885972436665,28.86715846057071,0.0,0.0,0.0,0.0,246,0.04951535714342945
29.764968262137586,28.383942357179613,29.444730371132838,28.932921598902038,0.0,0.0,0.0,0.0,256,0.04926653625326147
29.8421684680048,28.498313032538455,29.461885972436665,28.927203065134098,0.0,0.0,0.0,0.0,257,0.04926653625326147
29.833590667352887,28.406816492251387,29.47332303997255,28.964373534625718,0.0,0.0,0.0,0.0,257,0.04926653625326147
29.822153599817003,28.415394292903294,29.516212043232112,28.99010693658146,0.0,0.0,0.0,0.0,249,0.04914212580817747
29.787842397209353,28.381083090295647,29.57053811402756,28.964373534625718,0.0,0.0,0.0,0.0,246,0.04901771536309348
29.699205123806255,28.498313032538455,29.521930577000052,28.932921598902038,0.0,0.0,0.0,0.0,249,0.04839566313767351
29.636301252358894,28.455424029278888,29.484760107508432,28.94149939955395,0.0,0.0,0.0,0.0,256,0.04752479002208555
29.6849087893864,28.50975010007434,29.493337908160346,28.975810602161605,0.0,0.0,0.0,0.0,255,0.046653916906497596
29.69062732315434,28.558357637101842,29.559101046491676,29.001544004117342,0.0,0.0,0.0,0.0,255,0.04603186468107763
29.656316120546688,28.515468633842282,29.59055298221536,29.02727740607308,0.0,0.0,0.0,0.0,245,0.04565863334582565
29.57053811402756,28.524046434494196,29.60199004975124,29.02441813918911,0.0,0.0,0.0,0.0,248,0.04528540201057367
29.484760107508432,28.524046434494196,29.5962715159833,29.038714473608962,0.0,0.0,0.0,0.0,245,0.04441452889498571
29.45044890490078,28.57551323840567,29.57053811402756,29.007262537885282,0.0,0.0,0.0,0.0,256,0.04354365577939776
29.5076342425802,28.56979470463773,29.527649110767996,29.08732201063647,0.0,0.0,0.0,0.0,257,0.042672782663809805
29.60199004975124,28.57551323840567,29.53622691141991,29.133070280780004,0.0,0.0,0.0,0.0,257,0.04242396177364182
29.69062732315434,28.592668839709496,29.559101046491676,29.141648081431917,0.0,0.0,0.0,0.0,249,0.04242396177364182
29.699205123806255,28.592668839709496,29.610567850403154,29.12449248012809,0.0,0.0,0.0,0.0,247,0.04242396177364182
29.722079258878022,28.626980042317147,29.636301252358894,29.153085148967804,0.0,0.0,0.0,0.0,257,0.04242396177364182
29.69062732315434,28.652713444272887,29.60199004975124,29.158803682735744,0.0,0.0,0.0,0.0,257,0.042299551328557825
29.710642191342135,28.687024646880538,29.581975181563447,29.110196145708237,0.0,0.0,0.0,0.0,257,0.042299551328557825
29.799279464745236,28.652713444272887,29.559101046491676,29.141648081431917,0.0,0.0,0.0,0.0,250,0.042299551328557825
29.865042603076567,28.675587579344654,29.57053811402756,29.195974152227365,0.0,0.0,0.0,0.0,247,0.042299551328557825
29.876479670612454,28.652713444272887,29.62200491793904,29.195974152227365,0.0,0.0,0.0,0.0,251,0.042299551328557825
29.876479670612454,28.72419511637216,29.69062732315434,29.215989020415165,0.0,0.0,0.0,0.0,259,0.042299551328557825
29.876479670612454,28.74706925144393,29.710642191342135,29.184537084691485,0.0,0.0,0.0,0.0,258,0.042299551328557825
29.853605535540684,28.761365585863782,29.667753188082575,29.195974152227365,0.0,0.0,0.0,0.0,260,0.04205073043838984
29.919368673872015,28.78995825470349,29.667753188082575,29.153085148967804,0.0,0.0,0.0,0.0,250,0.04205073043838984
30.088065420026304,28.78423972093555,29.667753188082575,29.247440956138846,0.0,0.0,0.0,0.0,253,0.04205073043838984
30.1767026934294,28.78995825470349,29.733516326413906,29.278892891862526,0.0,0.0,0.0,0.0,250,0.04205073043838984
30.156687825241605,28.807113856007316,29.74495339394979,29.247440956138846,0.0,0.0,0.0,0.0,262,0.04205073043838984
30.156687825241605,28.850002859266883,29.756390461485672,29.233144621718992,0.0,0.0,0.0,0.0,262,0.04205073043838984
30.122376622633954,28.855721393034823,29.802138731629206,29.215989020415165,0.0,0.0,0.0,0.0,262,0.04205073043838984
30.02230228169497,28.84142505861497,29.77640532967347,29.247440956138846,0.0,0.0,0.0,0.0,255,0.04192631999330584
29.95367987647967,28.844284325498936,29.756390461485672,29.258878023674725,0.0,0.0,0.0,0.0,254,0.04192631999330584
29.94224280894378,28.850002859266883,29.787842397209353,29.278892891862526,0.0,0.0,0.0,0.0,258,0.04180190954822185
29.9107908732201,28.927203065134098,29.8421684680048,29.290329959398406,0.0,0.0,0.0,0.0,265,0.04180190954822185
29.853605535540684,28.975810602161605,29.865042603076567,29.321781895122086,0.0,0.0,0.0,0.0,266,0.04180190954822185
29.81357579916509,28.984388402813515,29.89935380568422,29.396122834105334,0.0,0.0,0.0,0.0,268,0.04167749910313785
29.8421684680048,28.99010693658146,29.876479670612454,29.333218962657973,0.0,0.0,0.0,0.0,257,0.04155308865805386
29.876479670612454,28.964373534625718,29.833590667352887,29.301767026934293,0.0,0.0,0.0,0.0,261,0.04130426776788588
29.9308057414079,28.91576599759821,29.822153599817003,29.333218962657973,0.0,0.0,0.0,0.0,259,0.041055446877717894
29.96511694401555,28.955795733973805,29.865042603076567,29.407559901641218,0.0,0.0,0.0,0.0,273,0.04093103643263389
29.95367987647967,29.02441813918911,29.887916738148334,29.47332303997255,0.0,0.0,0.0,0.0,274,0.04093103643263389
29.919368673872015,29.05872934179676,29.94224280894378,29.484760107508432,0.0,0.0,0.0,0.0,276,0.04093103643263389
29.999428146623202,29.047292274260876,29.976554011551436,29.439011837364898,0.0,0.0,0.0,0.0,268,0.04093103643263389
30.076628352490417,29.038714473608962,29.96511694401555,29.433293303596955,0.0,0.0,0.0,0.0,264,0.04093103643263389
30.1767026934294,29.038714473608962,29.9308057414079,29.38754503345342,0.0,0.0,0.0,0.0,270,0.04093103643263389
30.313947503860007,29.061588608680733,29.9107908732201,29.461885972436665,0.0,0.0,0.0,0.0,279,0.040806625987549895
30.39400697661119,29.078744209984556,29.976554011551436,29.484760107508432,0.0,0.0,0.0,0.0,282,0.040806625987549895
30.47406644936238,29.133070280780004,30.030880082346883,29.496197175044315,0.0,0.0,0.0,0.0,284,0.040806625987549895
30.577000057185334,29.173100017155598,30.065191284954537,29.547663978955793,0.0,0.0,0.0,0.0,272,0.04093103643263389
30.728541202035796,29.173100017155598,30.05375421741865,29.484760107508432,0.0,0.0,0.0,0.0,275,0.04093103643263389
30.905815748841995,29.133070280780004,30.02230228169497,29.493337908160346,0.0,0.0,0.0,0.0,272,0.04093103643263389
31.085949562532164,29.147366615199857,29.96511694401555,29.484760107508432,0.0,0.0,0.0,0.0,277,0.040682215542465906
31.10882369760393,29.133070280780004,30.01086521415909,29.559101046491676,0.0,0.0,0.0,0.0,292,0.04043339465229792
31.01446789043289,29.184537084691485,30.099502487562184,29.584834448447413,0.0,0.0,0.0,0.0,289,0.040060163317045934
30.917252816377875,29.195974152227365,30.19957682850117,29.53622691141991,0.0,0.0,0.0,0.0,289,0.03981134242687795
30.754274603991533,29.195974152227365,30.268199233716473,29.547663978955793,0.0,0.0,0.0,0.0,275,0.03943811109162597
30.554125922113567,29.204551952879278,30.29107336878824,29.57053811402756,0.0,0.0,0.0,0.0,280,0.03894046931129
30.47406644936238,29.184537084691485,30.302510436324123,29.581975181563447,0.0,0.0,0.0,0.0,278,0.03831841708587003
30.451192314290612,29.227426087951045,30.313947503860007,29.57053811402756,0.0,0.0,0.0,0.0,285,0.03782077530553406
30.428318179218845,29.227426087951045,30.359695774003544,29.656316120546688,0.0,0.0,0.0,0.0,294,0.03744754397028207
30.371132841539424,29.284611425630466,30.359695774003544,29.699205123806255,0.0,0.0,0.0,0.0,296,0.037198723080114085
30.348258706467657,29.321781895122086,30.38256990907531,29.74495339394979,0.0,0.0,0.0,0.0,303,0.0369499021899461
30.348258706467657,29.344656030193853,30.439755246754732,29.74495339394979,0.0,0.0,0.0,0.0,290,0.036452260409610124
30.348258706467657,29.321781895122086,30.405444044147078,29.74495339394979,0.0,0.0,0.0,0.0,301,0.03570579773910616
30.38256990907531,29.321781895122086,30.371132841539424,29.69062732315434,0.0,0.0,0.0,0.0,291,0.034834924623518206
30.428318179218845,29.333218962657973,30.39400697661119,29.74495339394979,0.0,0.0,0.0,0.0,310,0.03421287239809824
30.451192314290612,29.35609309772974,30.439755246754732,29.799279464745236,0.0,0.0,0.0,0.0,311,0.03383964106284626
30.485503516898266,29.45902670555269,30.485503516898266,29.865042603076567,0.0,0.0,0.0,0.0,311,0.03359082017267827
30.5312517870418,29.50477497569623,30.508377651970033,29.876479670612454,0.0,0.0,0.0,0.0,309,0.03359082017267827
30.614170526676958,29.527649110767996,30.5312517870418,29.833590667352887,0.0,0.0,0.0,0.0,304,0.03346640972759428
30.65991879682049,29.53622691141991,30.519814719505916,29.853605535540684,0.0,0.0,0.0,0.0,309,0.03334199928251028
30.717104134499913,29.516212043232112,30.508377651970033,29.865042603076567,0.0,0.0,0.0,0.0,308,0.0329687679472583
30.728541202035796,29.521930577000052,30.56556298964945,29.96511694401555,0.0,0.0,0.0,0.0,313,0.03271994705709032
30.788585806599187,29.559101046491676,30.62560759421284,29.98799107908732,0.0,0.0,0.0,0.0,313,0.03247112616692233
30.83433407674272,29.613427117287127,30.68279293189226,29.98799107908732,0.0,0.0,0.0,0.0,312,0.03234671572183834
30.882941613770228,29.679190255618455,30.717104134499913,29.976554011551436,0.0,0.0,0.0,0.0,309,0.032097894831670346
30.942986218333616,29.679190255618455,30.648481729284608,29.98799107908732,0.0,0.0,0.0,0.0,304,0.031600253051334376
30.97729742094127,29.636301252358894,30.648481729284608,29.999428146623202,0.0,0.0,0.0,0.0,309,0.03085379038083041
30.97729742094127,29.656316120546688,30.694229999428146,30.030880082346883,0.0,0.0,0.0,0.0,306,0.030231738155410446
30.98873448847715,29.636301252358894,30.788585806599187,30.076628352490417,0.0,0.0,0.0,0.0,314,0.029982917265242458
30.97729742094127,29.722079258878022,30.811459941670954,30.04231714988277,0.0,0.0,0.0,0.0,314,0.029982917265242458
30.965860353405382,29.77640532967347,30.83433407674272,30.065191284954537,0.0,0.0,0.0,0.0,314,0.029982917265242458
30.98873448847715,29.787842397209353,30.822897009206834,30.133813690169838,0.0,0.0,0.0,0.0,310,0.029609685929990474
31.145994167095555,29.81071653228112,30.788585806599187,30.156687825241605,0.0,0.0,0.0,0.0,306,0.02936086503982249
31.25464630868645,29.822153599817003,30.788585806599187,30.099502487562184,0.0,0.0,0.0,0.0,310,0.029236454594738497
31.288957511294104,29.822153599817003,30.83433407674272,30.11093955509807,0.0,0.0,0.0,0.0,304,0.029236454594738497
31.303253845713957,29.822153599817003,30.86006747869846,30.16812489277749,0.0,0.0,0.0,0.0,315,0.0291120441496545
31.314690913249837,29.865042603076567,30.894378681306108,30.22245096357294,0.0,0.0,0.0,0.0,318,0.02898763370457051
31.337565048321608,29.919368673872015,30.928689883913762,30.25676216618059,0.0,0.0,0.0,0.0,317,0.028863223259486516
31.411905987304852,29.9308057414079,30.905815748841995,30.19957682850117,0.0,0.0,0.0,0.0,316,0.028863223259486516
31.55772859838737,29.919368673872015,30.894378681306108,30.16812489277749,0.0,0.0,0.0,0.0,308,0.028863223259486516
31.646365871790472,29.89935380568422,30.954423285869503,30.188139760965285,0.0,0.0,0.0,0.0,312,0.02898763370457051
31.70641047635386,29.9107908732201,31.037342025504657,30.25676216618059,0.0,0.0,0.0,0.0,309,0.02898763370457051
31.746440212729453,29.95367987647967,31.071653228112307,30.302510436324123,0.0,0.0,0.0,0.0,313,0.02898763370457051
31.76931434780122,29.999428146623202,31.120260765139815,30.336821638931777,0.0,0.0,0.0,0.0,320,0.02898763370457051
31.783610682221074,30.030880082346883,31.10882369760393,30.302510436324123,0.0,0.0,0.0,0.0,317,0.028863223259486516
31.79504774975696,30.02230228169497,31.097386630068048,30.302510436324123,0.0,0.0,0.0,0.0,324,0.028863223259486516
31.79504774975696,30.01086521415909,31.145994167095555,30.279636301252356,0.0,0.0,0.0,0.0,323,0.028863223259486516
31.757877280265337,30.030880082346883,31.240349974266596,30.336821638931777,0.0,0.0,0.0,0.0,317,0.02898763370457051
31.7321438783096,30.05375421741865,31.288957511294104,30.416881111682958,0.0,0.0,0.0,0.0,313,0.0291120441496545
31.657802939326352,30.099502487562184,31.363298450277345,30.439755246754732,0.0,0.0,0.0,0.0,320,0.02898763370457051
31.546291530851487,30.133813690169838,31.40046891976897,30.485503516898266,0.0,0.0,0.0,0.0,314,0.028863223259486516
31.46051352433236,30.16812489277749,31.38617258534911,30.451192314290612,0.0,0.0,0.0,0.0,324,0.028738812814402524
31.37473551781323,30.14525075770572,31.40046891976897,30.428318179218845,0.0,0.0,0.0,0.0,325,0.028738812814402524
31.326127980785724,30.156687825241605,31.449076456796476,30.451192314290612,0.0,0.0,0.0,0.0,325,0.028738812814402524
31.288957511294104,30.1767026934294,31.46051352433236,30.5312517870418,0.0,0.0,0.0,0.0,325,0.028614402369318528
31.326127980785724,30.22245096357294,31.46051352433236,30.602733459141074,0.0,0.0,0.0,0.0,315,0.028489991924234535
31.326127980785724,30.279636301252356,31.449076456796476,30.637044661748725,0.0,0.0,0.0,0.0,324,0.02761911880864658
31.288957511294104,30.359695774003544,31.40046891976897,30.648481729284608,0.0,0.0,0.0,0.0,316,0.02625060391272265
31.40046891976897,30.348258706467657,31.37473551781323,30.648481729284608,0.0,0.0,0.0,0.0,319,0.025379730797134695
31.534854463315604,30.348258706467657,31.423343054840736,30.648481729284608,0.0,0.0,0.0,0.0,323,0.025379730797134695
31.609195402298845,30.32538457139589,31.46051352433236,30.717104134499913,0.0,0.0,0.0,0.0,325,0.02575296213238668
31.609195402298845,30.32538457139589,31.509121061359863,30.76571167152742,0.0,0.0,0.0,0.0,324,0.02575296213238668
31.63206953737061,30.39400697661119,31.534854463315604,30.754274603991533,0.0,0.0,0.0,0.0,328,0.025379730797134695
31.7321438783096,30.451192314290612,31.572024932807224,30.7771487390633,0.0,0.0,0.0,0.0,324,0.025006499461882714
31.88368502316006,30.47406644936238,31.58346200034311,30.76571167152742,0.0,0.0,0.0,0.0,321,0.025130909906966706
31.92085549265168,30.4626293818265,31.66924000686224,30.7771487390633,0.0,0.0,0.0,0.0,323,0.0252553203520507
31.820781151712698,30.428318179218845,31.806484817292844,30.754274603991533,0.0,0.0,0.0,0.0,318,0.025130909906966706
31.7321438783096,30.439755246754732,31.895122090695942,30.83433407674272,0.0,0.0,0.0,0.0,328,0.025006499461882714
31.79504774975696,30.5312517870418,31.94658889460742,30.87150454623434,0.0,0.0,0.0,0.0,327,0.02488208901679872
31.92085549265168,30.614170526676958,31.88368502316006,30.905815748841995,0.0,0.0,0.0,0.0,327,0.024757678571714726
32.046663235546404,30.637044661748725,31.85795162120432,30.894378681306108,0.0,0.0,0.0,0.0,326,0.024757678571714726
32.046663235546404,30.614170526676958,31.9094184251158,30.894378681306108,0.0,0.0,0.0,0.0,324,0.024757678571714726
31.98375936409904,30.56556298964945,32.009492766054784,30.882941613770228,0.0,0.0,0.0,0.0,319,0.02450885768154674
31.94658889460742,30.56556298964945,32.06095956996626,30.917252816377875,0.0,0.0,0.0,0.0,315,0.024135626346294757
31.895122090695942,30.59129639160519,32.046663235546404,30.97729742094127,0.0,0.0,0.0,0.0,319,0.0233891636757908
31.820781151712698,30.637044661748725,31.998055698518897,31.025904957968773,0.0,0.0,0.0,0.0,315,0.02202064877986687
31.83221821924858,30.705667066964025,31.94658889460742,31.01446789043289,0.0,0.0,0.0,0.0,319,0.020154492103606963
31.88368502316006,30.74283753645565,31.9094184251158,31.01446789043289,0.0,0.0,0.0,0.0,325,0.01828833542734706
31.869388688740205,30.7771487390633,31.94658889460742,30.98873448847715,0.0,0.0,0.0,0.0,323,0.016795410086339134
31.820781151712698,30.800022874135067,31.932292560187566,31.037342025504657,0.0,0.0,0.0,0.0,326,0.015551305635499202
31.820781151712698,30.811459941670954,31.932292560187566,31.157431234631435,0.0,0.0,0.0,0.0,327,0.01455602207482725
31.85795162120432,30.822897009206834,31.92085549265168,31.180305369703202,0.0,0.0,0.0,0.0,325,0.013311917623987314
31.9094184251158,30.87150454623434,31.895122090695942,31.22891290673071,0.0,0.0,0.0,0.0,324,0.012067813173147379
31.98375936409904,30.954423285869503,31.92085549265168,31.21747583919483,0.0,0.0,0.0,0.0,326,0.01107252961247543
32.009492766054784,30.97729742094127,31.94658889460742,31.266083376222337,0.0,0.0,0.0,0.0,322,0.01032606694197147
32.02378910047464,30.954423285869503,31.97232229656316,31.21747583919483,0.0,0.0,0.0,0.0,326,0.009952835606719487
31.998055698518897,30.97729742094127,32.03522616801052,31.303253845713957,0.0,0.0,0.0,0.0,326,0.0097040147165515
32.06095956996626,31.000171556013036,32.086692971922,31.337565048321608,0.0,0.0,0.0,0.0,324,0.009579604271467507
32.17533024532509,31.060216160576424,32.086692971922,31.351861382741465,0.0,0.0,0.0,0.0,324,0.009455193826383514
32.22679704923657,31.131697832675698,32.06095956996626,31.351861382741465,0.0,0.0,0.0,0.0,326,0.00933078338129952
32.20106364728083,31.145994167095555,32.09813003945788,31.363298450277345,0.0,0.0,0.0,0.0,323,0.00933078338129952
32.189626579744946,31.168868302167322,32.14959684336936,31.351861382741465,0.0,0.0,0.0,0.0,325,0.009206372936215526
32.30399725510379,31.157431234631435,32.215359981700686,31.411905987304852,0.0,0.0,0.0,0.0,322,0.009206372936215526
32.43552353176645,31.19174243723909,32.27826385314805,31.46051352433236,0.0,0.0,0.0,0.0,321,0.009081962491131534
32.59278321038486,31.21747583919483,32.26682678561217,31.471950591868243,0.0,0.0,0.0,0.0,321,0.008833141600963546
32.75004288900326,31.303253845713957,32.215359981700686,31.486246926288096,0.0,0.0,0.0,0.0,320,0.008211089375543578
32.79007262537885,31.314690913249837,32.215359981700686,31.46051352433236,0.0,0.0,0.0,0.0,321,0.007091395369787636
32.78435409161091,31.314690913249837,32.27826385314805,31.46051352433236,0.0,0.0,0.0,0.0,323,0.005722880473863705
32.79007262537885,31.288957511294104,32.381197460971,31.471950591868243,0.0,0.0,0.0,0.0,321,0.00447877602302377
32.764339223423114,31.303253845713957,32.46125693372219,31.534854463315604,0.0,0.0,0.0,0.0,320,0.003234671572183834
32.68427975067193,31.314690913249837,32.46125693372219,31.523417395779717,0.0,0.0,0.0,0.0,319,0.0021149775664278912
32.69571681820781,31.411905987304852,32.421227197346596,31.55772859838737,0.0,0.0,0.0,0.0,318,0.0009952835606719488
32.69285755132384,31.49768399382398,32.48699033567793,31.572024932807224,0.0,0.0,0.0,0.0,318,0.0001244104450839936
32.658546348716186,31.471950591868243,32.59278321038486,31.59489906787899,0.0,0.0,0.0,0.0,316,-0.00037323133525198076
32.538457139589404,31.449076456796476,32.658546348716186,31.62063246983473,0.0,0.0,0.0,0.0,317,-0.0011196940057559425
32.46125693372219,31.46051352433236,32.66998341625207,31.62063246983473,0.0,0.0,0.0,0.0,316,-0.0023637984565958786
32.538457139589404,31.509121061359863,32.64425001429633,31.657802939326352,0.0,0.0,0.0,0.0,316,-0.004105544687771789
32.64425001429633,31.572024932807224,32.62995367987648,31.70641047635386,0.0,0.0,0.0,0.0,314,-0.005722880473863705
32.64425001429633,31.657802939326352,32.658546348716186,31.7321438783096,0.0,0.0,0.0,0.0,316,-0.007091395369787636
32.564190541545145,31.657802939326352,32.69571681820781,31.720706810773713,0.0,0.0,0.0,0.0,316,-0.008211089375543578
32.507005203865724,31.657802939326352,32.71573168639561,31.69497340881798,0.0,0.0,0.0,0.0,315,-0.009206372936215526
32.527020072053524,31.66924000686224,32.71001315262767,31.76931434780122,0.0,0.0,0.0,0.0,315,-0.010077246051803481
32.61851661234059,31.70641047635386,32.69571681820781,31.820781151712698,0.0,0.0,0.0,0.0,314,-0.010948119167391438
32.7357465545834,31.79504774975696,32.66998341625207,31.83221821924858,0.0,0.0,0.0,0.0,312,-0.011818992282979392
32.72430948704752,31.846514553668435,32.69571681820781,31.846514553668435,0.0,0.0,0.0,0.0,313,-0.012938686288735336
32.66998341625207,31.869388688740205,32.79007262537885,31.83221821924858,0.0,0.0,0.0,0.0,312,-0.014182790739575271
32.69285755132384,31.895122090695942,32.832961628638415,31.83221821924858,0.0,0.0,0.0,0.0,312,-0.015551305635499202
32.764339223423114,31.895122090695942,32.88442843254989,31.88368502316006,0.0,0.0,0.0,0.0,311,-0.01667099964125514
32.80436895979871,31.88368502316006,32.870132098130036,31.9094184251158,0.0,0.0,0.0,0.0,310,-0.01766628320192709
32.870132098130036,31.9094184251158,32.81580602733459,31.9094184251158,0.0,0.0,0.0,0.0,310,-0.018537156317515045
32.901584033853716,31.97232229656316,32.844398696174295,31.958025962143303,0.0,0.0,0.0,0.0,309,-0.019283618988019006
32.91016183450563,32.072396637502145,32.938754503345336,31.958025962143303,0.0,0.0,0.0,0.0,307,-0.019905671213438975
32.91016183450563,32.09813003945788,33.05884371247212,31.932292560187566,0.0,0.0,0.0,0.0,306,-0.020403312993774948
32.938754503345336,32.06095956996626,33.138903185223306,31.94658889460742,0.0,0.0,0.0,0.0,306,-0.021149775664278912
32.97306570595299,32.06095956996626,33.08457711442786,32.009492766054784,0.0,0.0,0.0,0.0,307,-0.021896238334782877
33.07314004689197,32.11242637387773,32.99022130725682,32.03522616801052,0.0,0.0,0.0,0.0,306,-0.022642701005286835
33.12746611768742,32.215359981700686,33.018813976096524,32.072396637502145,0.0,0.0,0.0,0.0,306,-0.023264753230706803
33.10173271573168,32.26682678561217,33.15319951964316,32.06095956996626,0.0,0.0,0.0,0.0,305,-0.02388680545612677
33.09887344884771,32.24109338365643,33.20752559043861,32.03522616801052,0.0,0.0,0.0,0.0,303,-0.02426003679137875
33.09887344884771,32.20106364728083,33.24469605993023,32.046663235546404,0.0,0.0,0.0,0.0,302,-0.024384447236462742
33.12746611768742,32.27826385314805,33.22182192485846,32.09813003945788,0.0,0.0,0.0,0.0,301,-0.024384447236462742
33.16749585406301,32.30399725510379,33.12746611768742,32.14959684336936,0.0,0.0,0.0,0.0,301,-0.02450885768154674
33.17321438783095,32.381197460971,33.05884371247212,32.17533024532509,0.0,0.0,0.0,0.0,301,-0.024384447236462742
33.15319951964316,32.43552353176645,33.08457711442786,32.17533024532509,0.0,0.0,0.0,0.0,301,-0.024384447236462742
33.138903185223306,32.46125693372219,33.10173271573168,32.189626579744946,0.0,0.0,0.0,0.0,299,-0.024384447236462742
33.150340252759186,32.421227197346596,33.138903185223306,32.189626579744946,0.0,0.0,0.0,0.0,299,-0.024384447236462742
33.181792188482866,32.46125693372219,33.15319951964316,32.24109338365643,0.0,0.0,0.0,0.0,300,-0.024384447236462742
33.25899239435009,32.48699033567793,33.12746611768742,32.2925601875679,0.0,0.0,0.0,0.0,300,-0.02426003679137875
33.250414593698174,32.552753474009265,33.113169783267566,32.31829358952364,0.0,0.0,0.0,0.0,299,-0.023762395011042776
33.22182192485846,32.5985017441528,33.16177732029507,32.35546405901526,0.0,0.0,0.0,0.0,298,-0.022767111450370827
33.21038485732258,32.552753474009265,33.27614799565391,32.36976039343512,0.0,0.0,0.0,0.0,299,-0.021896238334782877
33.22182192485846,32.564190541545145,33.42768914050437,32.32973065705953,0.0,0.0,0.0,0.0,299,-0.021523006999530893
33.27042946188597,32.61851661234059,33.44198547492423,32.395493795390855,0.0,0.0,0.0,0.0,299,-0.021523006999530893
33.33047406644936,32.68427975067193,33.36764453594098,32.421227197346596,0.0,0.0,0.0,0.0,297,-0.021398596554446897
33.35334820152113,32.7357465545834,33.41339280608452,32.51272373763367,0.0,0.0,0.0,0.0,297,-0.021398596554446897
33.37336306970892,32.807228226682675,33.51060788013953,32.564190541545145,0.0,0.0,0.0,0.0,298,-0.021274186109362905
33.35906673528907,32.81580602733459,33.624978555498366,32.552753474009265,0.0,0.0,0.0,0.0,296,-0.021274186109362905
33.37908160347687,32.775776290958994,33.75650483216103,32.46125693372219,0.0,0.0,0.0,0.0,297,-0.021274186109362905
33.40195573854864,32.83010236175444,33.80797163607251,32.552753474009265,0.0,0.0,0.0,0.0,296,-0.021149775664278912
33.487733745067764,32.901584033853716,33.71933436266941,32.62995367987648,0.0,0.0,0.0,0.0,293,-0.020900954774110924
33.51060788013953,32.938754503345336,33.68216389317779,32.72430948704752,0.0,0.0,0.0,0.0,293,-0.020403312993774948
33.55349688339909,32.95019157088122,33.70789729513353,32.72430948704752,0.0,0.0,0.0,0.0,292,-0.020030081658522967
33.53634128209527,32.97878423972093,33.793675301652655,32.66998341625207,0.0,0.0,0.0,0.0,292,-0.019781260768354982
33.524904214559385,32.99593984102476,33.78223823411677,32.621375879224566,0.0,0.0,0.0,0.0,292,-0.019781260768354982
33.55921541716704,33.03311031051638,33.65071195745411,32.69571681820781,0.0,0.0,0.0,0.0,293,-0.01965685032327099
33.65071195745411,33.044547378052265,33.61068222107851,32.80436895979871,0.0,0.0,0.0,0.0,291,-0.019532439878186997
33.68216389317779,33.0902956481958,33.65071195745411,32.85583576371018,0.0,0.0,0.0,0.0,291,-0.019408029433103
33.68216389317779,33.138903185223306,33.71933436266941,32.844398696174295,0.0,0.0,0.0,0.0,290,-0.019283618988019006
33.624978555498366,33.15319951964316,33.80797163607251,32.807228226682675,0.0,0.0,0.0,0.0,291,-0.019159208542935013
33.6221192886144,33.16177732029507,33.80797163607251,32.775776290958994,0.0,0.0,0.0,0.0,291,-0.01891038765276703
33.69360096071367,33.181792188482866,33.68216389317779,32.870132098130036,0.0,0.0,0.0,0.0,292,-0.018537156317515045
33.75650483216103,33.21038485732258,33.64499342368617,32.95019157088122,0.0,0.0,0.0,0.0,292,-0.01828833542734706
33.77080116658088,33.20752559043861,33.736489963973234,32.99593984102476,0.0,0.0,0.0,0.0,290,-0.018412745872431052
33.736489963973234,33.27614799565391,33.868016240635896,32.99022130725682,0.0,0.0,0.0,0.0,291,-0.018412745872431052
33.73363069708926,33.34191113398524,33.956653514039,32.99022130725682,0.0,0.0,0.0,0.0,291,-0.018412745872431052
33.72219362955338,33.29044433007377,34.03385371990621,32.98450277348887,0.0,0.0,0.0,0.0,290,-0.018537156317515045
33.793675301652655,33.281866529421855,34.03099445302224,33.05884371247212,0.0,0.0,0.0,0.0,291,-0.018785977207683033
33.868016240635896,33.33047406644936,34.093898324469606,33.08457711442786,0.0,0.0,0.0,0.0,289,-0.019283618988019006
33.85657917310001,33.37908160347687,34.1825355978727,33.11602905015154,0.0,0.0,0.0,0.0,291,-0.01965685032327099
33.862297706867956,33.40195573854864,34.311202607651396,33.08457711442786,0.0,0.0,0.0,0.0,289,-0.020154492103606963
33.85657917310001,33.42768914050437,34.528506890833185,33.12746611768742,0.0,0.0,0.0,0.0,289,-0.02077654432902693
33.88231257505575,33.387659404128776,34.71149997140733,33.150340252759186,0.0,0.0,0.0,0.0,291,-0.021398596554446897
33.91948304454737,33.36764453594098,34.63144049865614,33.19608852290273,0.0,0.0,0.0,0.0,289,-0.021523006999530893
34.01955738548636,33.40195573854864,34.53994395836907,33.22182192485846,0.0,0.0,0.0,0.0,289,-0.021398596554446897
34.05672785497798,33.499170812603644,34.59427002916452,33.20752559043861,0.0,0.0,0.0,0.0,288,-0.021398596554446897
34.05672785497798,33.499170812603644,34.72293703894321,33.22182192485846,0.0,0.0,0.0,0.0,286,-0.021523006999530893
34.09103905758563,33.47629667753188,34.84016698118602,33.23325899239435,0.0,0.0,0.0,0.0,285,-0.02177182788969888
34.11963172642534,33.42768914050437,34.802996511694396,33.20752559043861,0.0,0.0,0.0,0.0,284,-0.02177182788969888
34.21970606736433,33.487733745067764,34.63144049865614,33.281866529421855,0.0,0.0,0.0,0.0,283,-0.021647417444614885
34.25973580373992,33.524904214559385,34.72293703894321,33.30474066449362,0.0,0.0,0.0,0.0,283,-0.021647417444614885
34.24543946932006,33.55921541716704,34.90593011951735,33.293303596957735,0.0,0.0,0.0,0.0,283,-0.021896238334782877
34.23400240178418,33.59638588665866,34.920226453937204,33.30474066449362,0.0,0.0,0.0,0.0,285,-0.021896238334782877
34.26545433750786,33.59638588665866,34.85446331560588,33.319036998913475,0.0,0.0,0.0,0.0,285,-0.021647417444614885
34.285469205695655,33.53634128209527,34.802996511694396,33.33047406644936,0.0,0.0,0.0,0.0,283,-0.021398596554446897
34.33407674272316,33.63641562303425,34.84016698118602,33.41339280608452,0.0,0.0,0.0,0.0,284,-0.021523006999530893
34.3998398810545,33.64499342368617,34.802996511694396,33.41339280608452,0.0,0.0,0.0,0.0,283,-0.021647417444614885
34.41127694859038,33.736489963973234,34.802996511694396,33.456281809344084,0.0,0.0,0.0,0.0,284,-0.021647417444614885
34.3998398810545,33.70789729513353,34.85446331560588,33.43912620804026,0.0,0.0,0.0,0.0,283,-0.021523006999530893
34.3998398810545,33.6707268256419,34.802996511694396,33.499170812603644,0.0,0.0,0.0,0.0,283,-0.021523006999530893
34.47704008692171,33.72219362955338,34.64573683307599,33.450563275576144,0.0,0.0,0.0,0.0,283,-0.021647417444614885
34.6057070967004,33.84514210556413,34.6057070967004,33.499170812603644,0.0,0.0,0.0,0.0,283,-0.021647417444614885
34.62000343112025,33.84514210556413,34.579973694744666,33.55349688339909,0.0,0.0,0.0,0.0,283,-0.021647417444614885
34.565677360324806,33.83370503802824,34.62000343112025,33.59638588665866,0.0,0.0,0.0,0.0,283,-0.021647417444614885
34.554240292788926,33.85657917310001,34.682907302567614,33.624978555498366,0.0,0.0,0.0,0.0,283,-0.021523006999530893
34.59427002916452,33.91948304454737,34.65717390061188,33.63355635615028,0.0,0.0,0.0,0.0,283,-0.021398596554446897
34.64573683307599,33.97666838222679,34.47704008692171,33.59638588665866,0.0,0.0,0.0,0.0,281,-0.021149775664278912
34.682907302567614,33.99382398353062,34.46274375250186,33.65928975810602,0.0,0.0,0.0,0.0,284,-0.02077654432902693
34.671470235031734,33.99382398353062,34.62000343112025,33.73363069708926,0.0,0.0,0.0,0.0,283,-0.020278902548690955
34.65717390061188,34.08246125693372,34.65717390061188,33.793675301652655,0.0,0.0,0.0,0.0,283,-0.019408029433103
34.64573683307599,34.13106879396123,34.63144049865614,33.78223823411677,0.0,0.0,0.0,0.0,284,-0.01828833542734706
34.671470235031734,34.07674272316578,34.59427002916452,33.793675301652655,0.0,0.0,0.0,0.0,282,-0.01729305186667511
34.72293703894321,34.093898324469606,34.554240292788926,33.82226797049236,0.0,0.0,0.0,0.0,283,-0.01667099964125514
34.74867044089895,34.14536512838108,34.62000343112025,33.91948304454737,0.0,0.0,0.0,0.0,282,-0.01617335786091917
34.72293703894321,34.17109853033682,34.72293703894321,33.93092011208326,0.0,0.0,0.0,0.0,283,-0.015800126525667188
34.73723337336307,34.23400240178418,34.81443357923028,33.93377937896723,0.0,0.0,0.0,0.0,282,-0.015302484745331212
34.73723337336307,34.25115800308801,34.802996511694396,33.956653514039,0.0,0.0,0.0,0.0,283,-0.014804842964995237
34.78870017727454,34.23400240178418,34.73723337336307,33.98238691599474,0.0,0.0,0.0,0.0,282,-0.014182790739575271
34.85446331560588,34.25973580373992,34.71149997140733,34.01955738548636,0.0,0.0,0.0,0.0,281,-0.013685148959239297
34.85446331560588,34.33407674272316,34.84016698118602,34.048150054326065,0.0,0.0,0.0,0.0,281,-0.013436328069071309
34.85446331560588,34.37410647909876,34.98598959226854,34.093898324469606,0.0,0.0,0.0,0.0,281,-0.013311917623987314
34.85446331560588,34.42557328301024,35.040315663063986,34.13106879396123,0.0,0.0,0.0,0.0,282,-0.013311917623987314
34.920226453937204,34.38554354663464,35.01458226110825,34.105335392005486,0.0,0.0,0.0,0.0,282,-0.013311917623987314
34.97455252473266,34.33407674272316,34.920226453937204,34.15680219591697,0.0,0.0,0.0,0.0,281,-0.013187507178903322
35.01458226110825,34.38554354663464,34.920226453937204,34.16537999656888,0.0,0.0,0.0,0.0,280,-0.013187507178903322
35.00028592668839,34.45130668496597,35.05175273059987,34.19397266540859,0.0,0.0,0.0,0.0,281,-0.013187507178903322
35.00028592668839,34.53136615771716,35.10607880139532,34.23400240178418,0.0,0.0,0.0,0.0,281,-0.013063096733819328
35.02601932864413,34.51421055641333,35.10607880139532,34.2711728712758,0.0,0.0,0.0,0.0,280,-0.01281427584365134
35.066049065019726,34.45130668496597,35.08034539943958,34.311202607651396,0.0,0.0,0.0,0.0,280,-0.012689865398567347
35.13467147023503,34.43701035054612,34.9602561903128,34.311202607651396,0.0,0.0,0.0,0.0,281,-0.012565454953483353
35.12037513581517,34.579973694744666,35.00028592668839,34.32263967518728,0.0,0.0,0.0,0.0,280,-0.012192223618231371
35.12037513581517,34.579973694744666,35.146108537770914,34.311202607651396,0.0,0.0,0.0,0.0,279,-0.011570171392811406
35.13467147023503,34.62000343112025,35.16040487219077,34.33407674272316,0.0,0.0,0.0,0.0,278,-0.010699298277223449
35.13467147023503,34.63144049865614,35.10607880139532,34.42557328301024,0.0,0.0,0.0,0.0,279,-0.009952835606719487
35.146108537770914,34.64573683307599,35.05175273059987,34.45130668496597,0.0,0.0,0.0,0.0,280,-0.00933078338129952
35.214730942986215,34.64573683307599,35.05175273059987,34.41127694859038,0.0,0.0,0.0,0.0,279,-0.00895755204604754
35.214730942986215,34.71149997140733,35.12037513581517,34.45130668496597,0.0,0.0,0.0,0.0,278,-0.008708731155879551
35.18613827414651,34.71149997140733,35.214730942986215,34.46274375250186,0.0,0.0,0.0,0.0,277,-0.008211089375543578
35.20043460856636,34.73723337336307,35.2947904157374,34.51421055641333,0.0,0.0,0.0,0.0,279,-0.007837858040291598
35.2261680105221,34.77440384285469,35.25476067936181,34.579973694744666,0.0,0.0,0.0,0.0,280,-0.007713447595207603
35.266197746897696,34.78870017727454,35.16040487219077,34.64573683307599,0.0,0.0,0.0,0.0,279,-0.007713447595207603
35.334820152113,34.81443357923028,35.214730942986215,34.6057070967004,0.0,0.0,0.0,0.0,279,-0.007713447595207603
35.34911648653285,34.81443357923028,35.334820152113,34.64573683307599,0.0,0.0,0.0,0.0,278,-0.00758903715012361
35.34911648653285,34.84016698118602,35.42917595928404,34.64573683307599,0.0,0.0,0.0,0.0,279,-0.00758903715012361
35.309086750157256,34.88019671756162,35.4720649625436,34.74867044089895,0.0,0.0,0.0,0.0,277,-0.00758903715012361
35.334820152113,34.90593011951735,35.37484988848859,34.73723337336307,0.0,0.0,0.0,0.0,277,-0.007713447595207603
35.457768628123745,34.89449305198147,35.34911648653285,34.74867044089895,0.0,0.0,0.0,0.0,277,-0.007713447595207603
35.49779836449934,34.945959855892944,35.457768628123745,34.74867044089895,0.0,0.0,0.0,0.0,276,-0.00796226848537559
35.457768628123745,34.920226453937204,35.56642076971464,34.828729913650136,0.0,0.0,0.0,0.0,276,-0.008211089375543578
35.44347229370389,34.934522788357064,35.59501343855435,34.84016698118602,0.0,0.0,0.0,0.0,277,-0.00833549982062757
35.4720649625436,35.00028592668839,35.62074684051009,34.88019671756162,0.0,0.0,0.0,0.0,277,-0.008833141600963546
35.552124435294786,35.02601932864413,35.56642076971464,34.86875965002573,0.0,0.0,0.0,0.0,279,-0.00933078338129952
35.63504317492995,35.01458226110825,35.58071710413449,34.85446331560588,0.0,0.0,0.0,0.0,277,-0.010077246051803481
35.63504317492995,35.01458226110825,35.689369245725395,34.86875965002573,0.0,0.0,0.0,0.0,277,-0.010699298277223449
35.63504317492995,35.040315663063986,35.74655458340481,34.88019671756162,0.0,0.0,0.0,0.0,279,-0.010823708722307443
35.6493395093498,35.09178246697547,35.77514725224452,34.920226453937204,0.0,0.0,0.0,0.0,279,-0.010823708722307443
35.689369245725395,35.09178246697547,35.732258248984955,35.00028592668839,0.0,0.0,0.0,0.0,279,-0.010948119167391438
35.76085091782467,35.08034539943958,35.663635843769654,35.00028592668839,0.0,0.0,0.0,0.0,279,-0.011196940057559423
35.80088065420026,35.13467147023503,35.70366558014525,34.9602561903128,0.0,0.0,0.0,0.0,278,-0.011570171392811406
35.7865843197804,35.16040487219077,35.80088065420026,35.040315663063986,0.0,0.0,0.0,0.0,278,-0.011818992282979392
35.76085091782467,35.18613827414651,35.81517698862012,35.066049065019726,0.0,0.0,0.0,0.0,278,-0.011818992282979392
35.732258248984955,35.20043460856636,35.82947332303997,35.12037513581517,0.0,0.0,0.0,0.0,278,-0.011818992282979392
35.80088065420026,35.2261680105221,35.74655458340481,35.09178246697547,0.0,0.0,0.0,0.0,278,-0.011943402728063384
35.87236232629954,35.20043460856636,35.7179619145651,35.066049065019726,0.0,0.0,0.0,0.0,278,-0.011943402728063384
35.85806599187968,35.2947904157374,35.81517698862012,35.066049065019726,0.0,0.0,0.0,0.0,278,-0.011943402728063384
35.81517698862012,35.28049408131755,35.88379939383542,35.16040487219077,0.0,0.0,0.0,0.0,278,-0.011943402728063384
35.84376965745982,35.34911648653285,35.94098473151484,35.25476067936181,0.0,0.0,0.0,0.0,278,-0.011943402728063384
35.87236232629954,35.389146222908444,35.87236232629954,35.28049408131755,0.0,0.0,0.0,0.0,278,-0.012067813173147379
35.926688397094985,35.389146222908444,35.81517698862012,35.240464344941955,0.0,0.0,0.0,0.0,277,-0.012067813173147379
35.9838737347744,35.389146222908444,35.85806599187968,35.214730942986215,0.0,0.0,0.0,0.0,278,-0.012067813173147379
35.95528106593469,35.44347229370389,35.95528106593469,35.240464344941955,0.0,0.0,0.0,0.0,277,-0.012067813173147379
35.926688397094985,35.5406873677589,36.026762738033966,35.309086750157256,0.0,0.0,0.0,0.0,277,-0.012067813173147379
35.95528106593469,35.58071710413449,36.05249613998971,35.37484988848859,0.0,0.0,0.0,0.0,276,-0.012067813173147379
36.026762738033966,35.56642076971464,35.969577400354545,35.4034425573283,0.0,0.0,0.0,0.0,277,-0.012192223618231371
36.10968147766912,35.51209469891919,35.94098473151484,35.41773889174815,0.0,0.0,0.0,0.0,276,-0.012192223618231371
36.10968147766912,35.56642076971464,36.03819980556985,35.37484988848859,0.0,0.0,0.0,0.0,276,-0.012192223618231371
36.06679247440956,35.6493395093498,36.15257048092869,35.457768628123745,0.0,0.0,0.0,0.0,276,-0.012192223618231371
36.08108880882941,35.67793217818951,36.22405215302796,35.526391033339046,0.0,0.0,0.0,0.0,275,-0.012192223618231371
36.138274146508834,35.70366558014525,36.19545948418825,35.56642076971464,0.0,0.0,0.0,0.0,275,-0.01244104450839936
36.22405215302796,35.67793217818951,36.123977812088974,35.56642076971464,0.0,0.0,0.0,0.0,275,-0.012689865398567347
36.281237490707376,35.67793217818951,36.16686681534854,35.56642076971464,0.0,0.0,0.0,0.0,274,-0.012938686288735336
36.25264482186767,35.74655458340481,36.281237490707376,35.58071710413449,0.0,0.0,0.0,0.0,275,-0.012938686288735336
36.22405215302796,35.81517698862012,36.367015497226504,35.63504317492995,0.0,0.0,0.0,0.0,274,-0.012938686288735336
36.26694115628752,35.85806599187968,36.39560816606622,35.67793217818951,0.0,0.0,0.0,0.0,274,-0.012938686288735336
36.29553382512723,35.87236232629954,36.281237490707376,35.70366558014525,0.0,0.0,0.0,0.0,274,-0.013063096733819328
36.39560816606622,35.84376965745982,36.26694115628752,35.732258248984955,0.0,0.0,0.0,0.0,273,-0.013436328069071309
36.39560816606622,35.85806599187968,36.367015497226504,35.67793217818951,0.0,0.0,0.0,0.0,272,-0.013560738514155303
36.35271916280665,35.89809572825527,36.45279350374564,35.732258248984955,0.0,0.0,0.0,0.0,272,-0.013560738514155303
36.32412649396694,35.91239206267513,36.50997884142505,35.732258248984955,0.0,0.0,0.0,0.0,271,-0.013685148959239297
36.367015497226504,35.94098473151484,36.43849716932578,35.81517698862012,0.0,0.0,0.0,0.0,272,-0.013685148959239297
36.45279350374564,35.95528106593469,36.35271916280665,35.77514725224452,0.0,0.0,0.0,0.0,271,-0.013685148959239297
36.4956825070052,35.94098473151484,36.367015497226504,35.77514725224452,0.0,0.0,0.0,0.0,272,-0.013685148959239297
36.46708983816549,35.94098473151484,36.45279350374564,35.80088065420026,0.0,0.0,0.0,0.0,271,-0.013685148959239297
36.424200834905925,35.969577400354545,36.52427517584491,35.84376965745982,0.0,0.0,0.0,0.0,270,-0.013685148959239297
36.45279350374564,36.08108880882941,36.53857151026477,35.88379939383542,0.0,0.0,0.0,0.0,271,-0.013685148959239297
36.4956825070052,36.123977812088974,36.40990450048607,35.94098473151484,0.0,0.0,0.0,0.0,270,-0.013685148959239297
36.598616114828154,36.10968147766912,36.40990450048607,35.91239206267513,0.0,0.0,0.0,0.0,271,-0.013560738514155303
36.598616114828154,36.08108880882941,36.50997884142505,35.88379939383542,0.0,0.0,0.0,0.0,271,-0.013560738514155303
36.55286784468462,36.10968147766912,36.612912449248014,35.926688397094985,0.0,0.0,0.0,0.0,270,-0.013436328069071309
36.53857151026477,36.181163149768395,36.65580145250757,35.99817006919426,0.0,0.0,0.0,0.0,269,-0.013311917623987314
36.598616114828154,36.22405215302796,36.58146051352433,36.08108880882941,0.0,0.0,0.0,0.0,270,-0.013187507178903322
36.67009778692743,36.238348487447816,36.52427517584491,36.06679247440956,0.0,0.0,0.0,0.0,269,-0.013063096733819328
36.698690455767135,36.19545948418825,36.58146051352433,36.05249613998971,0.0,0.0,0.0,0.0,269,-0.013063096733819328
36.68439412134729,36.238348487447816,36.698690455767135,36.05249613998971,0.0,0.0,0.0,0.0,268,-0.012938686288735336
36.65580145250757,36.26694115628752,36.78732772917024,36.10968147766912,0.0,0.0,0.0,0.0,266,-0.012565454953483353
36.67009778692743,36.32412649396694,36.78732772917024,36.138274146508834,0.0,0.0,0.0,0.0,266,-0.012192223618231371
36.72728312460684,36.367015497226504,36.68439412134729,36.19545948418825,0.0,0.0,0.0,0.0,266,-0.011943402728063384
36.830216732429804,36.35271916280665,36.712986790186996,36.19545948418825,0.0,0.0,0.0,0.0,267,-0.011818992282979392
36.81592039800994,36.30983015954709,36.8016240635901,36.181163149768395,0.0,0.0,0.0,0.0,266,-0.0116945818378954
36.77303139475038,36.367015497226504,36.9188540058329,36.2097558186081,0.0,0.0,0.0,0.0,265,-0.011321350502643417
36.77303139475038,36.424200834905925,36.93315034025276,36.25264482186767,0.0,0.0,0.0,0.0,265,-0.010699298277223449
36.830216732429804,36.4956825070052,36.84451306684966,36.367015497226504,0.0,0.0,0.0,0.0,267,-0.010201656496887474
36.93315034025276,36.45279350374564,36.78732772917024,36.30983015954709,0.0,0.0,0.0,0.0,266,-0.0097040147165515
36.95030594155658,36.43849716932578,36.87596500257334,36.30983015954709,0.0,0.0,0.0,0.0,265,-0.00933078338129952
36.89026133699319,36.45279350374564,36.97889861039629,36.32412649396694,0.0,0.0,0.0,0.0,264,-0.008584320710795559
36.87596500257334,36.52427517584491,37.02464688053983,36.32412649396694,0.0,0.0,0.0,0.0,265,-0.007837858040291598
36.9188540058329,36.58146051352433,36.96460227597644,36.367015497226504,0.0,0.0,0.0,0.0,265,-0.006966984924703642
37.007491279236,36.55286784468462,36.89026133699319,36.381311831646364,0.0,0.0,0.0,0.0,265,-0.00622052225419968
37.067535883799394,36.481386172585346,36.904557671413045,36.424200834905925,0.0,0.0,0.0,0.0,265,-0.005722880473863705
37.007491279236,36.52427517584491,37.007491279236,36.367015497226504,0.0,0.0,0.0,0.0,264,-0.004976417803359744
36.95030594155658,36.58146051352433,37.08183221821924,36.424200834905925,0.0,0.0,0.0,0.0,265,-0.004105544687771789
36.97889861039629,36.62720878366786,37.11328415394293,36.46708983816549,0.0,0.0,0.0,0.0,265,-0.002985850682015846
37.05323954937953,36.65580145250757,37.00177274546806,36.4956825070052,0.0,0.0,0.0,0.0,265,-0.0019905671213438975
37.16189169097043,36.62720878366786,36.96460227597644,36.4956825070052,0.0,0.0,0.0,0.0,265,-0.001244104450839936
37.141876822782635,36.598616114828154,37.08183221821924,36.4956825070052,0.0,0.0,0.0,0.0,264,-0.0004976417803359744
37.05323954937953,36.64150511808772,37.20192142734603,36.53857151026477,0.0,0.0,0.0,0.0,265,0.0002488208901679872
37.067535883799394,36.712986790186996,37.24766969748956,36.52427517584491,0.0,0.0,0.0,0.0,264,0.001244104450839936
37.141876822782635,36.7415794590267,37.173328758506315,36.56716417910447,0.0,0.0,0.0,0.0,264,0.0021149775664278912
37.24766969748956,36.712986790186996,37.09898781952307,36.598616114828154,0.0,0.0,0.0,0.0,265,0.0028614402369318524
37.27626236632927,36.64150511808772,37.173328758506315,36.62720878366786,0.0,0.0,0.0,0.0,264,0.003483492462351821
37.20192142734603,36.712986790186996,37.24766969748956,36.56716417910447,0.0,0.0,0.0,0.0,267,0.004354365577939776
37.16189169097043,36.75873506033053,37.333447704008684,36.68439412134729,0.0,0.0,0.0,0.0,265,0.005598470028779712
37.216217761765876,36.830216732429804,37.27626236632927,36.67009778692743,0.0,0.0,0.0,0.0,266,0.007091395369787636
37.35346257219649,36.8016240635901,37.20192142734603,36.75873506033053,0.0,0.0,0.0,0.0,265,0.00833549982062757
37.3820552410362,36.77303139475038,37.216217761765876,36.72728312460684,0.0,0.0,0.0,0.0,265,0.00933078338129952
37.35346257219649,36.75873506033053,37.322010636472804,36.698690455767135,0.0,0.0,0.0,0.0,267,0.010201656496887474
37.2934179676331,36.8016240635901,37.42780351117973,36.72728312460684,0.0,0.0,0.0,0.0,265,0.01144576094772741
37.333447704008684,36.830216732429804,37.44209984559958,36.75873506033053,0.0,0.0,0.0,0.0,266,0.012689865398567347
37.41350717675987,36.87596500257334,37.322010636472804,36.830216732429804,0.0,0.0,0.0,0.0,267,0.014058380294491276
37.5193000514668,36.81592039800994,37.2934179676331,36.89026133699319,0.0,0.0,0.0,0.0,265,0.01517807430024722
37.49070738262709,36.81592039800994,37.41350717675987,36.861668668153484,0.0,0.0,0.0,0.0,266,0.016422178751087157
37.42780351117973,36.861668668153484,37.51072225081489,36.87596500257334,0.0,0.0,0.0,0.0,265,0.01766628320192709
37.41350717675987,36.89026133699319,37.565048321610334,36.9188540058329,0.0,0.0,0.0,0.0,264,0.019159208542935013
37.459255446903406,36.961743009092466,37.49070738262709,36.95030594155658,0.0,0.0,0.0,0.0,265,0.020278902548690955
37.58220392291416,36.96460227597644,37.42780351117973,36.993194944816146,0.0,0.0,0.0,0.0,263,0.020900954774110924
37.60507805798593,36.904557671413045,37.49642591639503,37.03894321495968,0.0,0.0,0.0,0.0,264,0.02102536521919492
37.55075198719048,36.9188540058329,37.627952193057695,36.993194944816146,0.0,0.0,0.0,0.0,264,0.021398596554446897
37.473551781323266,36.93315034025276,37.705152398924916,37.02464688053983,0.0,0.0,0.0,0.0,264,0.021896238334782877
37.49642591639503,37.02464688053983,37.63367072682564,37.067535883799394,0.0,0.0,0.0,0.0,262,0.022518290560202842
37.627952193057695,37.05323954937953,37.55075198719048,37.12758048836278,0.0,0.0,0.0,0.0,262,0.023015932340538815
37.71944873334477,36.993194944816146,37.596500257334014,37.18762509292617,0.0,0.0,0.0,0.0,261,0.02351357412087479
37.67370046320123,36.96460227597644,37.71373019957682,37.141876822782635,0.0,0.0,0.0,0.0,261,0.024135626346294757
37.565048321610334,37.007491279236,37.796648939211984,37.18762509292617,0.0,0.0,0.0,0.0,256,0.025130909906966706
37.58220392291416,37.12758048836278,37.7651970034883,37.16189169097043,0.0,0.0,0.0,0.0,246,0.026126193467638656
37.642248527477555,37.173328758506315,37.61937439240578,37.26196603190941,0.0,0.0,0.0,0.0,236,0.027121477028310605
37.71373019957682,37.09898781952307,37.58220392291416,37.27626236632927,0.0,0.0,0.0,0.0,163,0.027743529253730574
37.642248527477555,37.02464688053983,37.627952193057695,37.27626236632927,0.9,0.9,0.0,0.0,150,0.028738812814402524
37.5193000514668,37.03894321495968,37.63367072682564,37.24766969748956,2.5,2.5,0.0,0.0,139,0.030604969490662423
37.362040372848405,37.173328758506315,37.596500257334014,37.35346257219649,4.5,4.5,0.0,0.0,124,0.03271994705709032
37.2333733630697,37.26768456567736,37.399210842340025,37.38777377480413,7.1000000000000005,7.1000000000000005,0.0,0.0,105,0.034461693288266225
37.216217761765876,37.2333733630697,37.2934179676331,37.399210842340025,8.0,8.0,0.0,0.0,85,0.03558138729402217
37.12758048836278,37.067535883799394,37.2934179676331,37.399210842340025,8.6,8.6,0.0,0.0,63,0.03657667085469412
36.96460227597644,37.02464688053983,37.35346257219649,37.26196603190941,9.0,9.0,0.0,0.0,47,0.037571954415366066
36.75873506033053,37.067535883799394,37.35346257219649,37.333447704008684,9.4,9.4,0.0,0.0,36,0.03831841708587003
36.58146051352433,37.18762509292617,37.26196603190941,37.41350717675987,9.8,9.8,0.0,0.0,24,0.03894046931129
36.53857151026477,37.20192142734603,37.12758048836278,37.42780351117973,10.3,10.3,0.0,0.0,18,0.039562521536709964
36.56716417910447,37.09898781952307,37.08183221821924,37.33916623777663,10.700000000000001,10.700000000000001,0.0,0.0,10,0.04043339465229792
36.55286784468462,36.9188540058329,37.09898781952307,37.24766969748956,11.200000000000001,11.200000000000001,0.0,0.0,1,0.04142867821296987
36.4956825070052,36.9188540058329,37.09898781952307,37.24766969748956,11.600000000000001,11.600000000000001,0.2,0.2,-1,0.04217514088347383
36.39560816606622,36.95030594155658,37.08183221821924,37.253388231257496,12.4,12.4,0.7000000000000001,0.7000000000000001,-3,0.042299551328557825
36.281237490707376,36.96460227597644,36.993194944816146,37.26196603190941,12.9,12.9,1.8,1.8,-4,0.042299551328557825
36.19545948418825,36.830216732429804,36.993194944816146,37.216217761765876,13.3,13.3,3.6,3.6,-4,0.042299551328557825
36.10968147766912,36.7415794590267,37.03894321495968,37.11328415394293,13.700000000000001,13.700000000000001,5.6000000000000005,5.6000000000000005,-5,0.042672782663809805
36.01246640361411,36.612912449248014,37.05323954937953,37.11328415394293,14.3,14.3,8.200000000000001,8.200000000000001,-6,0.04354365577939776
35.82947332303997,36.53857151026477,37.03894321495968,37.11328415394293,15.0,15.0,10.4,10.4,-7,0.04453893934006971
35.74655458340481,36.50997884142505,36.861668668153484,37.067535883799394,16.1,16.1,12.600000000000001,12.600000000000001,-7,0.045534222900741654
35.663635843769654,36.39560816606622,36.78732772917024,36.96460227597644,17.3,17.3,14.5,14.5,-8,0.046653916906497596
35.4720649625436,36.2097558186081,36.78732772917024,36.904557671413045,18.400000000000002,18.400000000000002,16.3,16.3,-9,0.04789802135733754
35.214730942986215,36.01246640361411,36.81592039800994,36.75873506033053,19.6,19.6,18.0,18.0,-9,0.04901771536309348
35.040315663063986,35.80088065420026,36.8016240635901,36.712986790186996,20.900000000000002,20.900000000000002,19.6,19.6,-10,0.04976417803359744
34.9602561903128,35.6493395093498,36.75873506033053,36.65580145250757,22.200000000000003,22.200000000000003,21.200000000000003,21.200000000000003,-11,0.0505106407041014
34.85446331560588,35.44347229370389,36.62720878366786,36.53857151026477,23.6,23.6,22.8,22.8,-12,0.05075946159426939
34.73723337336307,35.12037513581517,36.53857151026477,36.45279350374564,25.0,25.6,22.8,24.400000000000002,-12,0.050883872039353385
34.697203636987474,34.86875965002573,36.481386172585346,36.29553382512723,26.200000000000003,27.3,16.900000000000002,25.700000000000003,-13,0.050883872039353385
34.72293703894321,34.6057070967004,36.52427517584491,36.2097558186081,27.400000000000002,29.0,15.100000000000001,27.0,-14,0.050883872039353385
34.74867044089895,34.554240292788926,36.46708983816549,36.08108880882941,28.6,30.900000000000002,15.100000000000001,28.200000000000003,-14,0.051008282484437374
34.671470235031734,34.682907302567614,36.32412649396694,35.94098473151484,29.700000000000003,32.7,15.100000000000001,29.3,-14,0.051008282484437374
34.64573683307599,34.81443357923028,36.30983015954709,35.91239206267513,31.400000000000002,34.1,15.100000000000001,29.3,-14,0.051008282484437374
34.72293703894321,34.828729913650136,36.3384228283868,35.88379939383542,33.2,35.0,15.100000000000001,29.3,-13,0.051008282484437374
34.802996511694396,34.77440384285469,36.30983015954709,35.82947332303997,34.7,36.2,15.100000000000001,29.3,-20,0.051008282484437374
34.73723337336307,34.7629667753188,36.281237490707376,35.89809572825527,36.2,36.2,11.5,29.3,-20,0.051008282484437374
34.528506890833185,34.802996511694396,36.22405215302796,35.95528106593469,37.2,37.2,8.6,29.3,-20,0.050883872039353385
34.37410647909876,34.920226453937204,36.15257048092869,35.91239206267513,38.0,38.0,7.2,29.3,-27,0.05075946159426939
34.46274375250186,34.97455252473266,36.19545948418825,35.88379939383542,39.2,39.2,7.2,29.3,-27,0.05075946159426939
34.63144049865614,34.97455252473266,36.22405215302796,35.84376965745982,39.800000000000004,39.800000000000004,7.2,29.3,-33,0.0506350511491854
34.65717390061188,34.98598959226854,36.25264482186767,35.82947332303997,40.900000000000006,40.900000000000006,7.2,29.3,-33,0.05026181981393341
34.50277348887745,34.98598959226854,36.2097558186081,35.82947332303997,41.800000000000004,41.800000000000004,7.2,29.3,-33,0.049390946698345456
34.37410647909876,34.945959855892944,36.181163149768395,35.77514725224452,43.0,43.0,7.2,29.3,-39,0.04789802135733754
34.285469205695655,34.88019671756162,36.22405215302796,35.76085091782467,44.1,44.1,7.2,29.3,-39,0.04652950646141361
34.26545433750786,34.78870017727454,36.181163149768395,35.689369245725395,45.2,45.2,5.6000000000000005,29.3,-26,0.045534222900741654
34.1825355978727,34.74867044089895,36.06679247440956,35.59501343855435,46.0,46.0,5.1000000000000005,29.3,-11,0.04478776023023769
33.96809058157488,34.85446331560588,36.01246640361411,35.63504317492995,46.800000000000004,46.800000000000004,4.7,29.3,-11,0.043916887114649736
33.624978555498366,34.84016698118602,35.87236232629954,35.56642076971464,47.7,47.7,4.7,29.3,-10,0.043419245334313766
33.17321438783095,34.88019671756162,35.81517698862012,35.51209469891919,49.400000000000006,49.400000000000006,4.7,29.3,-10,0.04317042444414578
32.7357465545834,34.934522788357064,35.62074684051009,35.3634128209527,51.0,51.0,4.7,29.3,-10,0.04317042444414578
32.14959684336936,34.97455252473266,35.457768628123745,35.240464344941955,52.400000000000006,52.400000000000006,4.7,29.3,-10,0.04317042444414578
31.168868302167322,34.934522788357064,35.34911648653285,35.20043460856636,52.6,52.6,4.7,29.3,-10,0.04317042444414578
30.05375421741865,34.81443357923028,35.16040487219077,35.20043460856636,53.2,53.2,4.7,29.3,-10,0.04317042444414578
28.99010693658146,34.7629667753188,35.01458226110825,35.09178246697547,46.900000000000006,54.0,4.7,29.3,-11,0.04317042444414578
28.175215874649737,34.81443357923028,34.802996511694396,35.01458226110825,41.0,54.800000000000004,4.7,29.3,-11,0.04354365577939776
27.569051295247895,34.86875965002573,34.43701035054612,34.934522788357064,35.6,55.2,4.7,29.3,-11,0.04453893934006971
27.102990793160632,34.81443357923028,34.1825355978727,34.81443357923028,30.6,52.7,7.300000000000001,29.3,-11,0.045409812455657665
26.98576085091782,34.6057070967004,34.19397266540859,34.7629667753188,26.5,49.7,10.0,29.3,-11,0.04590745423599364
26.98576085091782,34.348373077143016,34.21970606736433,34.697203636987474,22.900000000000002,47.2,13.200000000000001,29.3,-10,0.046653916906497596
26.871390175558986,34.15108366214902,34.13106879396123,34.59427002916452,20.5,46.400000000000006,14.600000000000001,29.3,-11,0.04789802135733754
26.831360439183392,33.98238691599474,33.905186710127516,34.48847715445759,20.5,46.400000000000006,14.600000000000001,29.3,-11,0.04951535714342945
26.934294047006347,33.73363069708926,33.779378967232795,34.3598101446789,20.5,50.1,14.600000000000001,29.3,-11,0.051381513819689355
27.22022073540344,33.55349688339909,33.59638588665866,34.2711728712758,20.5,54.0,14.600000000000001,29.3,-12,0.05324767049594926
27.511865957568475,33.30474066449362,33.23611825927832,34.25973580373992,20.5,54.0,14.600000000000001,29.3,-12,0.055362648062377146
27.91216332132441,33.09887344884771,32.95019157088122,34.15680219591697,20.5,51.2,18.2,24.900000000000002,-12,0.05697998384846907
28.36392748899182,32.895865500085776,32.844398696174295,34.12249099330931,20.5,51.6,22.3,24.900000000000002,-12,0.05809967785422501
28.892891862526444,32.552753474009265,32.68427975067193,33.98238691599474,20.5,55.300000000000004,23.1,24.900000000000002,-19,0.05934378230506495
29.461885972436665,32.02378910047464,32.40693086292674,33.942357179619144,20.5,59.5,23.1,24.900000000000002,-19,0.06183199120674482
30.1767026934294,31.314690913249837,31.94658889460742,33.80797163607251,20.5,64.60000000000001,17.2,18.400000000000002,-19,0.06494225233384467
31.206038771658942,30.822897009206834,31.363298450277345,33.88231257505575,20.5,64.60000000000001,13.0,13.9,-13,0.06743046123552454
32.09813003945788,30.56556298964945,30.894378681306108,33.956653514039,24.200000000000003,56.900000000000006,9.8,10.5,-12,0.06879897613144846
32.495568136329844,30.717104134499913,30.86006747869846,34.042431520558125,27.900000000000002,50.5,7.6000000000000005,7.9,-13,0.0680525134609445
32.36976039343512,31.120260765139815,31.546291530851487,34.03385371990621,31.700000000000003,45.7,6.1000000000000005,6.2,-13,0.06469343144367667
32.09813003945788,31.471950591868243,32.564190541545145,34.005261051066505,31.700000000000003,45.7,6.1000000000000005,6.2,-13,0.059468192750148946
32.072396637502145,31.757877280265337,33.138903185223306,33.91948304454737,31.700000000000003,50.0,6.1000000000000005,6.2,-13,0.05648234206813309
32.20106364728083,32.12386344141362,33.23611825927832,33.868016240635896,31.700000000000003,54.300000000000004,6.1000000000000005,6.2,-13,0.05660675251321709
32.34402699147938,32.395493795390855,32.96448790530108,33.76508263281294,29.6,51.2,8.8,8.9,-14,0.056109110732881114
32.5985017441528,32.44696059930234,32.95019157088122,33.63355635615028,28.1,48.2,11.8,11.9,-14,0.053620901831201245
32.60422027792074,32.24109338365643,33.138903185223306,33.51060788013953,28.1,48.2,11.8,11.9,-14,0.05038623025901741
32.25253045119231,31.88368502316006,33.33047406644936,33.41339280608452,28.1,48.2,11.8,11.9,-14,0.04839566313767351
31.895122090695942,31.49768399382398,33.293303596957735,33.344770400869216,32.2,48.2,11.8,11.9,-14,0.04740037957700156
31.657802939326352,31.22891290673071,33.250414593698174,33.40195573854864,34.5,46.800000000000004,14.9,15.0,-15,0.04702714824174958
31.59489906787899,31.01446789043289,33.281866529421855,33.344770400869216,39.1,51.5,14.9,15.0,-15,0.04727596913191757
31.326127980785724,30.694229999428146,33.07314004689197,33.42768914050437,43.7,56.0,14.9,15.0,-15,0.048271252692589514
30.917252816377875,30.4626293818265,32.72430948704752,33.30474066449362,48.2,60.800000000000004,14.9,15.0,-15,0.04988858847868143
30.508377651970033,30.32538457139589,32.35546405901526,33.21038485732258,48.2,60.800000000000004,14.9,15.0,-15,0.052127976490193316
30.211013896037052,30.32538457139589,32.16389317778921,33.12746611768742,48.7,66.2,11.4,18.7,-20,0.05424295405662121
29.8421684680048,30.485503516898266,31.932292560187566,32.938754503345336,50.900000000000006,71.60000000000001,8.5,23.0,-20,0.05648234206813309
29.493337908160346,30.87150454623434,31.423343054840736,32.71001315262767,55.300000000000004,73.5,8.5,23.0,-20,0.058846140524728974
29.301767026934293,31.120260765139815,30.800022874135067,32.564190541545145,59.7,73.5,8.5,23.0,-20,0.06096111809115686
29.210270486647218,31.40046891976897,30.279636301252356,32.40693086292674,65.0,73.7,8.5,23.0,-25,0.06183199120674482
28.87287699433865,31.62063246983473,29.89935380568422,32.30399725510379,70.4,73.7,8.5,23.0,-25,0.06183199120674482
27.91216332132441,31.746440212729453,29.493337908160346,32.27826385314805,73.7,73.7,8.5,23.0,-29,0.06170758076166082
26.67410076056499,31.683536341282093,29.02441813918911,32.22679704923657,73.8,73.8,8.5,23.0,-20,0.06145875987149284
25.521816206324697,31.471950591868243,28.84142505861497,32.14959684336936,64.8,73.8,8.5,23.0,-16,0.061209938981324846
24.684051009321205,31.337565048321608,28.74706925144393,32.03522616801052,57.0,64.8,8.5,23.0,-16,0.061209938981324846
24.166523703322465,31.303253845713957,29.164522216503684,31.846514553668435,50.6,56.2,11.4,23.0,-15,0.06046347631082089
24.066449362383484,31.180305369703202,30.122376622633954,31.70641047635386,44.5,53.2,14.600000000000001,23.0,-14,0.058348498744393004
24.53536913135472,30.822897009206834,31.000171556013036,31.572024932807224,38.900000000000006,51.400000000000006,18.2,23.0,-15,0.05660675251321709
25.335963858866585,30.14525075770572,31.266083376222337,31.471950591868243,38.900000000000006,53.6,18.2,23.0,-15,0.0563579316230491
26.179447589638013,29.210270486647218,31.277520443758217,31.37473551781323,38.900000000000006,57.5,18.2,23.0,-15,0.05586028984271313
27.274546806198888,28.195230742837534,31.168868302167322,31.288957511294104,38.900000000000006,57.5,18.2,23.0,-15,0.0543673645017052
28.415394292903294,27.22022073540344,31.037342025504657,31.25464630868645,38.900000000000006,57.5,13.8,17.2,-15,0.05275002871561329
29.396122834105334,26.8599531080231,31.04877909304054,31.351861382741465,43.1,57.5,10.4,13.100000000000001,-15,0.0506350511491854
29.74495339394979,26.71698976382455,31.01446789043289,31.509121061359863,47.300000000000004,62.2,8.0,9.9,-15,0.04752479002208555
29.865042603076567,26.839938239835305,30.882941613770228,31.720706810773713,51.5,62.2,6.300000000000001,7.7,-15,0.04404129755973374
29.799279464745236,27.165894664607993,30.87150454623434,31.820781151712698,55.7,62.2,5.7,6.1000000000000005,-16,0.04180190954822185
29.47332303997255,27.857837250528963,30.928689883913762,31.85795162120432,55.7,62.2,5.7,6.1000000000000005,-16,0.04130426776788588
29.001544004117342,28.80997312289129,30.882941613770228,31.746440212729453,55.7,62.2,5.7,6.1000000000000005,-20,0.04130426776788588
28.57551323840567,29.710642191342135,30.788585806599187,31.55772859838737,52.7,58.300000000000004,8.4,8.8,-17,0.04117985732280188
28.26671241493681,29.98799107908732,30.822897009206834,31.288957511294104,55.800000000000004,61.1,8.9,8.8,-17,0.04093103643263389
27.957911591467944,30.05375421741865,30.822897009206834,31.314690913249837,58.7,64.8,8.9,8.8,-16,0.04043339465229792
27.557614227712012,30.02230228169497,30.62560759421284,31.277520443758217,63.7,70.10000000000001,8.9,8.8,-16,0.03981134242687795
27.177331732143873,30.02230228169497,30.508377651970033,31.277520443758217,63.7,75.2,8.9,8.8,-16,0.039064879756373995
26.882827243094866,29.9308057414079,30.405444044147078,31.266083376222337,63.7,75.2,8.9,8.8,-16,0.03856723797603801
26.542574483902325,29.710642191342135,30.268199233716473,31.180305369703202,63.7,75.2,8.9,8.8,-17,0.03844282753095402
26.002173042831814,29.484760107508432,30.065191284954537,31.037342025504657,59.6,71.7,12.9,11.700000000000001,-16,0.03844282753095402
25.636186881683532,29.215989020415165,29.865042603076567,30.717104134499913,52.300000000000004,74.9,12.9,13.5,-16,0.03869164842112201
25.656201749871332,29.05872934179676,29.699205123806255,30.519814719505916,46.2,79.9,12.9,13.5,-16,0.039562521536709964
26.033624978555494,28.975810602161605,29.396122834105334,30.32538457139589,45.0,79.9,12.9,13.5,-17,0.04142867821296987
26.53113741636644,28.798536055355402,29.012981071653225,30.268199233716473,45.0,78.10000000000001,12.9,13.5,-17,0.042672782663809805
27.20020586721564,28.558357637101842,28.798536055355402,30.25676216618059,45.0,76.80000000000001,12.9,13.5,-17,0.04254837221872581
27.877852118716756,28.312460685080342,28.652713444272887,30.268199233716473,45.0,75.8,12.9,13.5,-17,0.04205073043838984
28.283868016240632,28.223823411677245,28.555498370217876,30.1767026934294,47.400000000000006,75.0,12.9,13.5,-17,0.04167749910313785
28.475438897466688,28.26671241493681,28.618402241665233,30.076628352490417,51.6,74.3,12.9,13.5,-17,0.04043339465229792
28.535483502030075,28.26671241493681,28.74706925144393,29.95367987647967,51.6,73.8,12.9,13.5,-18,0.03831841708587003
28.60410590724538,28.198090009721504,28.975810602161605,29.853605535540684,49.1,71.2,16.2,16.900000000000002,-18,0.036452260409610124
28.618402241665233,27.743466575170125,29.184537084691485,29.636301252358894,53.300000000000004,76.4,16.2,16.900000000000002,-18,0.03533256640385418
28.498313032538455,27.383198947789783,29.333218962657973,29.516212043232112,53.300000000000004,81.5,16.2,16.900000000000002,-19,0.034337282843182236
28.54406130268199,27.028649854177385,29.35895236461371,29.396122834105334,53.300000000000004,81.5,16.2,16.900000000000002,-19,0.03359082017267827
28.618402241665233,26.725567564476464,29.4189969691771,29.344656030193853,53.300000000000004,78.9,16.2,16.900000000000002,-19,0.03271994705709032
28.615542974781263,26.451077943615257,29.484760107508432,29.35609309772974,53.300000000000004,76.9,16.2,16.900000000000002,-19,0.031724663496418365
28.592668839709496,26.139417853262422,29.376107965917537,29.376107965917537,53.300000000000004,75.3,12.200000000000001,12.8,-19,0.03048055904557843
28.56979470463773,25.896380168124892,29.284611425630466,29.496197175044315,53.300000000000004,74.2,9.1,9.600000000000001,-23,0.029236454594738497
28.504031566306395,25.973580373992107,29.238863155486932,29.547663978955793,55.900000000000006,73.3,7.0,7.300000000000001,-23,0.028365581479150543
28.232401212329158,26.431063075427456,29.153085148967804,29.636301252358894,55.900000000000006,72.60000000000001,5.5,5.7,-24,0.02811676058898255
27.935037456396177,27.25167267112712,29.08732201063647,29.60199004975124,60.0,71.8,5.5,5.7,-21,0.02811676058898255
27.52330302510436,27.834963115457196,28.912906730714244,29.559101046491676,56.5,68.0,9.5,8.5,-21,0.02811676058898255
27.208783667867554,28.04940813175502,28.892891862526444,29.284611425630466,54.900000000000006,73.0,9.5,11.4,-21,0.028489991924234535
26.95430891519414,28.206667810373418,28.687024646880538,29.015840338537195,54.900000000000006,77.30000000000001,11.600000000000001,11.4,-21,0.029734096375074473
26.68553782810087,28.26671241493681,28.418253559787267,28.861439926802763,54.900000000000006,80.2,11.600000000000001,11.4,-20,0.03147584260625038
26.43964087607937,28.163778807113854,28.106593469434433,28.82141019042717,54.900000000000006,76.60000000000001,11.600000000000001,11.4,-21,0.0329687679472583
26.210899525361693,27.96934865900383,27.877852118716756,28.861439926802763,54.900000000000006,73.8,11.600000000000001,11.4,-20,0.034088461953014244
25.904957968776806,27.846400182993076,27.623377366043343,28.86715846057071,54.900000000000006,71.60000000000001,11.600000000000001,11.4,-20,0.03533256640385418
25.550408875164404,27.73488877451821,27.53474009264024,28.829987991079083,54.900000000000006,69.8,11.600000000000001,11.4,-21,0.03607902907435814
25.187281980900096,27.78921484531366,27.66626636930291,28.712758048836275,45.800000000000004,67.7,14.200000000000001,14.5,-21,0.03607902907435814
25.08720763996111,27.700577571910557,27.834963115457196,28.418253559787267,42.900000000000006,66.60000000000001,14.200000000000001,14.5,-22,0.036452260409610124
25.198719048435976,27.569051295247895,27.76634071024189,28.27529021558872,42.1,66.60000000000001,14.200000000000001,17.0,-22,0.03782077530553406
25.29021558872305,27.263109738663005,27.569051295247895,28.083719334362666,42.1,66.60000000000001,14.200000000000001,17.0,-22,0.039562521536709964
25.373134328358205,27.00863498598959,27.3717618802539,28.095156401898553,42.1,66.60000000000001,14.200000000000001,17.0,-22,0.041055446877717894
25.521816206324697,26.839938239835305,27.263109738663005,27.957911591467944,42.1,65.3,14.200000000000001,17.0,-22,0.042299551328557825
25.74197975639046,26.777034368387945,27.243094870475208,27.866415051180876,42.1,64.2,14.200000000000001,17.0,-22,0.04317042444414578
25.876365299937092,26.694115628752783,27.208783667867554,27.800651912849542,42.1,63.2,14.200000000000001,17.0,-21,0.043419245334313766
25.933550637616513,26.56258935209012,27.145879796420193,27.623377366043343,42.1,62.300000000000004,14.200000000000001,17.0,-21,0.043419245334313766
26.110825184422712,26.379596271515982,27.23165780293932,27.52330302510436,42.1,61.400000000000006,14.200000000000001,17.0,-21,0.043419245334313766
26.49110767999085,26.239492194201404,27.360324812718016,27.457539886773027,42.1,60.7,14.200000000000001,17.0,-21,0.043419245334313766
26.808486304111625,26.19946245782581,27.49185108938068,27.40321381597758,42.1,59.900000000000006,14.200000000000001,17.0,-21,0.043419245334313766
26.757019500200144,26.210899525361693,27.22022073540344,27.328872876994335,46.800000000000004,59.1,14.200000000000001,17.0,-21,0.043419245334313766
26.56258935209012,26.159432721450216,27.020072053525475,27.348887745182132,46.800000000000004,58.400000000000006,14.200000000000001,17.0,-20,0.043419245334313766
26.56258935209012,26.082232515583,27.177331732143873,27.328872876994335,46.1,56.400000000000006,17.6,20.8,-21,0.043419245334313766
26.634071024189396,25.896380168124892,27.426087951049347,27.28598387373477,46.1,55.900000000000006,17.6,20.8,-21,0.043419245334313766
26.6140561560016,25.904957968776806,27.457539886773027,27.25167267112712,46.1,55.300000000000004,17.6,20.8,-19,0.043419245334313766
26.602619088465715,25.847772631097385,27.348887745182132,27.165894664607993,50.0,54.800000000000004,17.6,20.8,-20,0.043419245334313766
26.53113741636644,25.656201749871332,27.25167267112712,27.114427860696512,50.0,54.300000000000004,17.6,20.8,-19,0.043419245334313766
26.399611139703776,25.521816206324697,27.134442728884313,27.1258649282324,53.6,53.7,17.6,20.8,-19,0.043419245334313766
26.210899525361693,25.513238405672784,27.114427860696512,27.102990793160632,53.6,53.2,17.6,20.8,-20,0.043419245334313766
26.033624978555494,25.484645736833073,27.051523989249155,27.082975924972832,52.900000000000006,52.7,13.200000000000001,20.8,-20,0.043419245334313766
25.847772631097385,25.550408875164404,26.914279178818546,26.95430891519414,52.400000000000006,52.2,9.8,20.8,-19,0.043419245334313766
25.673357351175156,25.836335563561498,26.757019500200144,26.8599531080231,52.400000000000006,51.7,9.600000000000001,20.8,-20,0.043419245334313766
25.476067936181163,26.159432721450216,26.64264882484131,26.851375307371185,52.400000000000006,51.300000000000004,9.600000000000001,20.8,-20,0.04354365577939776
25.253045119231427,26.35100360267627,26.594041287813802,26.788471435923825,52.400000000000006,50.800000000000004,9.600000000000001,20.8,-20,0.04354365577939776
25.061474238005374,26.308114599416708,26.49110767999085,26.777034368387945,51.5,50.800000000000004,9.600000000000001,20.8,-20,0.04404129755973374
24.8813404243152,26.19946245782581,26.379596271515982,26.64264882484131,50.800000000000004,50.800000000000004,9.600000000000001,20.8,-20,0.045036581120405685
24.69262880997312,26.1022473837708,26.299536798764795,26.58260422027792,50.1,50.800000000000004,9.600000000000001,20.8,-19,0.04603186468107763
24.644021272945615,25.953565505804306,26.288099731228908,26.522559615714528,49.6,50.1,9.600000000000001,20.8,-19,0.04640509601632961
24.589695202150168,25.896380168124892,26.179447589638013,26.47109281180305,49.1,49.400000000000006,9.600000000000001,20.8,-19,0.046653916906497596
24.561102533310457,25.836335563561498,26.119402985074625,26.359581403328182,48.6,48.900000000000006,9.600000000000001,20.8,-19,0.04715155868683357
24.518213530050893,25.827757762909588,26.033624978555494,26.288099731228908,48.1,48.400000000000006,9.600000000000001,20.8,-19,0.04740037957700156
24.48390232744324,25.750557557042374,25.973580373992107,26.139417853262422,47.7,47.800000000000004,9.600000000000001,20.8,-19,0.04740037957700156
24.501057928747066,25.61903128037971,25.904957968776806,26.082232515583,47.2,47.300000000000004,9.600000000000001,20.8,-20,0.047649200467169556
24.455309658603532,25.496082804368957,25.86778749928518,26.022187911019614,46.7,46.800000000000004,9.600000000000001,20.8,-20,0.04839566313767351
24.35523531766455,25.38171212901012,25.80774289472179,26.002173042831814,46.300000000000004,46.400000000000006,9.600000000000001,20.8,-20,0.049390946698345456
24.197975639046145,25.298793389374964,25.733401955738547,25.9249728369646,45.900000000000006,46.0,9.600000000000001,20.8,-20,0.05001299892376543
24.023560359123916,25.187281980900096,25.673357351175156,25.819179962257675,45.6,45.6,9.600000000000001,20.8,-20,0.05038623025901741
23.829130211013894,25.152970778292442,25.68479441871104,25.733401955738547,45.2,45.2,9.600000000000001,20.8,-20,0.0505106407041014
23.67187053239549,25.072911305541254,25.62760908103162,25.644764682335445,44.800000000000004,44.800000000000004,9.600000000000001,20.8,-20,0.05075946159426939
23.497455252473266,24.998570366558013,25.513238405672784,25.636186881683532,44.300000000000004,44.300000000000004,9.600000000000001,20.8,-20,0.050883872039353385
23.360210442042657,24.8813404243152,25.418882598501742,25.521816206324697,43.900000000000006,43.900000000000006,9.600000000000001,20.8,-19,0.05113269292952137
23.30874363813118,24.852747755475495,25.41030479784983,25.46749013552925,43.5,43.5,9.600000000000001,20.8,-19,0.05150592426477336
23.411677245954134,24.78126608337622,25.35597872705438,25.393149196546002,43.0,43.0,9.600000000000001,20.8,-19,0.0523767973803613
23.477440384285465,24.706925144392972,25.29021558872305,25.344541659518498,42.6,42.6,9.600000000000001,20.8,-19,0.05312326005086527
23.440269914793845,24.64973980671356,25.213015382855836,25.26162291988334,42.300000000000004,42.300000000000004,9.600000000000001,20.8,-20,0.053372080941033254
23.46028478298164,24.641162006061645,25.253045119231427,25.215874649739803,42.0,42.0,9.600000000000001,20.8,-25,0.053372080941033254
23.591811059644307,24.56968033396237,25.244467318579517,25.11580030880082,41.800000000000004,41.800000000000004,9.600000000000001,20.8,-24,0.053372080941033254
23.749070738262706,24.48390232744324,25.215874649739803,25.107222508148908,41.6,41.6,9.600000000000001,20.8,-24,0.053372080941033254
23.829130211013894,24.32950191570881,25.11580030880082,25.007148167209927,41.400000000000006,41.400000000000006,9.600000000000001,18.0,-24,0.053372080941033254
23.75764853891462,24.249442442957623,25.007148167209927,25.02430376851375,41.2,41.2,9.600000000000001,18.0,-21,0.053372080941033254
23.623262995367988,24.05787156173157,24.889918224967115,24.984274032138156,41.0,41.0,9.600000000000001,18.0,-22,0.053372080941033254
23.468862583633552,23.866300680505514,24.907073826270942,24.978555498370216,40.800000000000004,40.800000000000004,9.600000000000001,18.0,-22,0.053372080941033254
23.280150969291473,23.749070738262706,24.909933093154912,24.889918224967115,40.6,40.6,9.600000000000001,18.0,-22,0.05349649138611724
23.037113284153943,23.72905587007491,24.84416995482358,24.78126608337622,40.6,40.300000000000004,7.0,18.0,-22,0.05349649138611724
22.828386801624063,23.769085606450503,24.789843884028134,24.72979927946474,40.6,40.1,5.5,18.0,-22,0.05349649138611724
22.622519585978154,23.84628581231772,24.684051009321205,24.74981414765254,40.6,40.0,4.9,18.0,-22,0.05349649138611724
22.376622633956654,24.037856693543773,24.589695202150168,24.69262880997312,40.2,39.800000000000004,4.9,18.0,-21,0.05349649138611724
22.10213301309544,24.140790301366728,24.561102533310457,24.65831760736547,40.0,39.7,4.9,18.0,-21,0.05349649138611724
21.907702864985417,24.137931034482758,24.53536913135472,24.644021272945615,39.7,39.5,4.9,18.0,-21,0.05349649138611724
21.68468004803568,24.075027163035397,24.495339394979126,24.561102533310457,39.7,39.5,4.9,18.0,-21,0.05349649138611724
21.578887173328756,24.006404757820093,24.501057928747066,24.47532452679133,39.7,39.5,4.9,18.0,-20,0.05349649138611724
21.55601303825699,23.974952822096416,24.466746726139416,24.412420655343965,39.7,39.5,4.9,18.0,-21,0.05349649138611724
21.467375764853887,23.997826957168183,24.30948704752101,24.312346314404984,39.7,39.5,4.9,18.0,-20,0.05349649138611724
21.301538285583575,23.95779722079259,24.15794590267055,24.289472179333217,39.7,39.5,4.9,18.0,-23,0.05349649138611724
21.075656201749872,23.866300680505514,24.086464230571277,24.17510150397438,39.7,39.5,4.9,18.0,-22,0.053620901831201245
20.89838165494367,23.777663407102416,24.106479098759078,24.12649396694687,39.7,39.5,4.9,18.0,-21,0.053620901831201245
20.824040715960425,23.67187053239549,24.075027163035397,24.05787156173157,39.7,39.5,4.9,18.0,-21,0.053620901831201245
20.792588780236745,23.63755932978784,24.037856693543773,24.046434494195687,39.7,39.5,4.9,18.0,-21,0.053620901831201245
20.65248470292217,23.497455252473266,23.93206381883685,23.92634528506891,39.7,39.5,4.9,18.0,-20,0.053620901831201245
20.395150683364783,23.468862583633552,23.866300680505514,23.90918968376508,39.7,39.5,4.9,18.0,-21,0.053620901831201245
19.971979184537084,23.440269914793845,23.777663407102416,23.8577228798536,39.7,39.5,4.9,18.0,-21,0.053745312276285234
19.422999942814663,23.374506776462514,23.703322468119172,23.8577228798536,39.7,39.5,4.9,18.0,-21,0.053745312276285234
18.79110196145708,23.288728769943386,23.651855664207694,23.740492937610796,34.4,39.5,4.9,18.0,-17,0.05386972272136923
18.362211928861438,23.23440269914794,23.51747012066106,23.660433464859608,29.400000000000002,39.300000000000004,4.9,18.0,-18,0.0543673645017052
18.305026591182017,23.222965631612052,23.33447704008692,23.651855664207694,25.6,39.2,4.9,18.0,-18,0.056109110732881114
18.58523474581117,23.120032023789097,23.194372962772345,23.54892205638474,22.0,39.2,4.9,18.0,-17,0.05859731963456099
19.13135472064962,23.082861554297477,23.00852061531423,23.477440384285465,22.0,36.9,7.9,18.0,-17,0.061209938981324846
19.86618630983016,22.95419454451878,23.00852061531423,23.411677245954134,22.0,34.800000000000004,10.700000000000001,18.0,-17,0.06295168521250076
20.50380282495568,22.745468061988902,23.037113284153943,23.354491908274717,22.0,33.0,13.8,18.0,-16,0.06357373743792073
21.012752330302508,22.51672671127123,22.982787213358492,23.24298049979985,22.0,33.6,14.200000000000001,18.0,-16,0.06369814788300472
21.28438268427975,22.22794075599016,22.79979413278435,23.18579516212043,25.1,37.2,14.200000000000001,18.0,-15,0.06369814788300472
21.538857436953162,21.873391662377763,22.816949734088176,23.16578029393263,28.400000000000002,39.7,14.200000000000001,18.0,-15,0.06369814788300472
21.67610224738377,21.52456110253331,22.862698004231714,23.074283753645563,32.2,39.800000000000004,14.200000000000001,18.0,-15,0.06369814788300472
21.64465031166009,21.212901012180474,22.816949734088176,23.10287642248527,32.2,39.800000000000004,14.200000000000001,18.0,-15,0.06369814788300472
21.48167209927374,20.846914851032192,22.73689026133699,23.019957682850116,32.2,39.7,10.700000000000001,13.600000000000001,-15,0.06369814788300472
21.37873849145079,20.569565963287012,22.665408589237718,23.02853548350203,32.2,39.6,8.1,10.3,-14,0.06344932699283673
21.270086349859895,20.455195287928174,22.745468061988902,23.074283753645563,32.2,39.400000000000006,6.300000000000001,7.800000000000001,-14,0.06307609565758475
21.270086349859895,20.555269628867155,22.78263853148053,23.12860982444101,32.2,39.300000000000004,4.9,6.1000000000000005,-14,0.062329632987080795
21.324412420655342,20.975581860810884,22.73689026133699,23.18579516212043,35.0,39.2,4.6000000000000005,5.4,-14,0.06195640165182881
21.221478812832387,21.467375764853887,22.728312460685075,23.111454223137184,35.0,39.1,4.6000000000000005,5.4,-14,0.06170758076166082
21.058500600446045,21.750443186367015,22.673986389889627,23.019957682850116,32.5,38.300000000000004,7.2,8.200000000000001,-15,0.06145875987149284
20.92983359066735,21.89054726368159,22.711156859381255,22.899868473723334,32.6,37.5,9.9,11.0,-15,0.06145875987149284
20.912677989363527,21.841939726654083,22.765482930176702,22.68256419054154,34.800000000000004,39.0,9.9,11.0,-15,0.06145875987149284
20.935552124435294,21.724709784411274,22.728312460685075,22.694001258077428,37.0,39.2,9.9,11.0,-15,0.061583170316576834
20.763996111397038,21.61319837593641,22.58534911648653,22.673986389889627,39.1,39.300000000000004,9.9,11.0,-15,0.061583170316576834
20.469491622348027,21.48167209927374,22.470978441127695,22.694001258077428,41.300000000000004,39.400000000000006,9.9,11.0,-14,0.061583170316576834
20.189283467718873,21.427346028478294,22.470978441127695,22.694001258077428,43.400000000000006,40.7,9.9,11.0,-14,0.061583170316576834
19.894778978669866,21.427346028478294,22.46240064047578,22.68256419054154,41.2,40.400000000000006,7.6000000000000005,14.200000000000001,-14,0.061583170316576834
19.505918682449817,21.395894092754613,22.376622633956654,22.46240064047578,39.6,40.1,7.6000000000000005,16.900000000000002,-13,0.061583170316576834
19.022702579058727,21.467375764853887,22.245096357293985,22.210785154686338,39.5,39.900000000000006,7.6000000000000005,16.900000000000002,-14,0.061583170316576834
18.599531080231024,21.48167209927374,22.287985360553552,22.116429347515297,39.5,39.800000000000004,7.6000000000000005,16.900000000000002,-14,0.06145875987149284
18.204952250243036,21.364442157030936,22.27940755990164,22.093555212443526,39.6,39.7,7.6000000000000005,18.3,-14,0.06145875987149284
17.727454680619886,21.252930748556068,22.245096357293985,22.050666209183966,34.300000000000004,39.7,7.6000000000000005,18.3,-15,0.06145875987149284
17.45868359352662,21.26150854920798,22.22794075599016,22.084977411791613,29.400000000000002,39.6,7.6000000000000005,18.3,-15,0.06145875987149284
17.498713329902213,21.212901012180474,22.16789615142677,22.042088408532052,25.6,39.5,7.6000000000000005,18.3,-15,0.06145875987149284
17.693143478012235,21.16715274203694,22.016355006576312,21.899125064333504,24.5,39.5,7.6000000000000005,18.3,-15,0.06145875987149284
18.00480356836507,21.10424887058958,21.85909532795791,21.85909532795791,24.5,39.400000000000006,7.6000000000000005,18.3,3,0.06145875987149284
18.347915594441584,21.052782066678102,21.76759878767084,21.7418653857151,24.5,37.2,10.4,18.3,1,0.06145875987149284
18.593812546463084,21.03562646537428,21.71041344999142,21.667524446731857,24.5,38.0,10.8,18.3,3,0.06170758076166082
18.836850231600614,20.975581860810884,21.636072511008177,21.636072511008177,24.5,38.900000000000006,12.100000000000001,18.3,16,0.0620808120969128
18.96837650826328,20.86121118545205,21.53027963630125,21.578887173328756,24.5,38.900000000000006,12.100000000000001,18.3,32,0.062329632987080795
19.03699891347858,20.72682564190541,21.41019042717447,21.564590838908902,24.5,38.900000000000006,12.100000000000001,18.3,79,0.062329632987080795
19.042717447246524,20.5409732944473,21.355864356379023,21.538857436953162,24.5,38.900000000000006,12.100000000000001,18.3,106,0.062329632987080795
19.085606450506088,20.483787956767884,21.370160690798876,21.435923829130207,24.5,38.800000000000004,12.100000000000001,18.3,133,0.062329632987080795
19.17424372390919,20.489506490535824,21.28438268427975,21.370160690798876,21.0,38.7,12.100000000000001,18.3,132,0.06257845387724878
19.297192199919937,20.51238062560759,21.184308343340767,21.37873849145079,21.0,36.7,15.0,18.3,137,0.06257845387724878
19.342940470063475,20.403728484016696,21.075656201749872,21.275804883627835,21.0,36.5,17.7,18.3,139,0.06257845387724878
19.48876308114599,20.126379596271512,21.12998227254532,21.244352947904154,21.0,37.800000000000004,17.7,18.3,140,0.06257845387724878
19.65745982730028,19.806141705266768,21.16715274203694,21.252930748556068,21.0,38.0,17.7,18.3,142,0.06270286432233278
19.740378566935437,19.59741522273689,21.12998227254532,21.184308343340767,21.0,38.0,17.7,18.3,142,0.06270286432233278
19.82329730657059,19.405844341510836,21.044204266026192,21.10424887058958,21.0,37.9,17.7,18.3,143,0.06270286432233278
19.820438039686625,19.288614399268027,21.03562646537428,21.10424887058958,21.0,38.0,17.7,18.3,145,0.06270286432233278
19.740378566935437,19.12563618688168,21.027048664722365,21.02133013095442,21.0,37.9,17.7,18.3,143,0.06270286432233278
19.677474695488076,18.805398295876934,20.98987819523074,20.975581860810884,21.0,37.9,17.7,18.3,144,0.06270286432233278
19.637444959112482,18.539486475667637,20.92983359066735,20.889803854291756,21.0,37.800000000000004,17.7,18.3,143,0.06295168521250076
19.63172642534454,18.379367530165265,20.8068851146566,20.792588780236745,21.700000000000003,37.6,13.3,13.9,142,0.06295168521250076
19.62886715846057,18.556642076971464,20.74112197632527,20.815462915308512,25.0,37.5,9.9,10.4,139,0.06295168521250076
19.54594841882541,18.85114656602047,20.672499571109963,20.921255790015437,28.400000000000002,37.4,7.6000000000000005,7.9,133,0.06295168521250076
19.342940470063475,19.20569565963287,20.57814376393892,20.975581860810884,32.4,37.300000000000004,7.6000000000000005,7.9,126,0.06320050610266875
19.06273231543432,19.537370618173497,20.460913821696117,20.981300394578827,33.2,35.2,10.3,10.700000000000001,118,0.06332491654775274
18.736775890661633,19.820438039686625,20.469491622348027,20.792588780236745,33.2,36.800000000000004,10.9,10.700000000000001,108,0.06344932699283673
18.37078972951335,19.9605421170012,20.55812889575113,20.65248470292217,33.2,36.800000000000004,10.9,10.700000000000001,96,0.06382255832808872
18.16778178075141,19.740378566935437,20.50380282495568,20.555269628867155,28.5,36.800000000000004,10.9,10.700000000000001,87,0.06469343144367667
18.09630010865214,19.54594841882541,20.360839480757132,20.51238062560759,24.700000000000003,36.9,10.9,10.700000000000001,75,0.06606194633960061
18.299308057414077,19.434437010350543,20.195002001486817,20.57814376393892,21.200000000000003,37.2,10.9,10.700000000000001,62,0.06817692390602849
18.668153485446332,19.448733344770396,20.11208326185166,20.526676960027448,21.200000000000003,37.2,10.9,10.700000000000001,54,0.06966984924703641
18.965517241379306,19.491622348029964,20.10922399496769,20.50380282495568,21.200000000000003,37.2,10.9,10.700000000000001,42,0.07041631191754039
19.197117858980956,19.400125807742892,20.126379596271512,20.432321152856407,23.1,37.2,10.9,10.700000000000001,15,0.07078954325279235
19.085606450506088,19.30862926745582,20.014868187796647,20.26934294047006,26.400000000000002,37.2,10.9,10.700000000000001,-4,0.07116277458804433
18.842568765368558,19.079887916738148,19.926230914393546,20.217876136558587,26.400000000000002,37.0,10.9,10.700000000000001,-5,0.07141159547821233
18.72247955624178,18.9369245725396,19.874764110482072,20.166409332647106,26.400000000000002,37.0,10.9,10.700000000000001,-9,0.07228246859380028
18.70246468805398,18.951220906959453,19.917653113741633,20.18070566706696,26.400000000000002,37.0,10.9,10.700000000000001,-13,0.0737753939348082
18.79682049522502,18.9369245725396,19.943386515697373,20.18070566706696,25.400000000000002,34.5,14.0,13.9,-17,0.07551714016598411
18.868302167324295,18.762509292617374,19.98627551895694,20.034883055984444,26.8,36.800000000000004,14.9,15.8,-13,0.07688565506190805
18.928346771887686,18.40796019900497,19.943386515697373,19.943386515697373,29.1,36.800000000000004,14.9,15.8,-16,0.077756528177496
18.836850231600614,18.124892777491848,19.788986103962944,19.849030708526332,29.400000000000002,34.800000000000004,18.5,19.400000000000002,-17,0.07825416995783198
18.72247955624178,17.8246697546749,19.76039343512323,19.814719505918678,31.900000000000002,36.9,13.9,19.400000000000002,-17,0.07837858040291597
18.556642076971464,17.70743981243209,19.66317836106822,19.83473437410648,34.5,37.2,10.8,19.400000000000002,-11,0.07837858040291597
18.40796019900497,17.693143478012235,19.565963287013208,19.806141705266768,37.0,37.1,10.8,19.400000000000002,-9,0.07862740129308396
18.21924858466289,17.816091954022987,19.523074283753644,19.806141705266768,37.0,37.1,10.8,19.400000000000002,-8,0.07862740129308396
17.984788700177273,17.984788700177273,19.557385486361298,19.763252702007204,37.0,37.0,10.8,19.400000000000002,-8,0.07887622218325194
17.727454680619886,18.147766912563615,19.58883742208498,19.666037627952193,36.800000000000004,36.9,10.8,19.400000000000002,-6,0.0797470952988399
17.432950191570878,18.31360439183393,19.537370618173497,19.62886715846057,36.7,36.7,10.8,19.400000000000002,-5,0.08086678930459584
17.109853033682164,18.282152456110254,19.448733344770396,19.537370618173497,36.6,36.6,10.8,19.400000000000002,-5,0.0814888415300158
16.809630010865213,18.262137587922457,19.380110939555095,19.505918682449817,36.4,36.4,10.8,19.400000000000002,-6,0.0817376624201838
16.586607193915476,18.124892777491848,19.342940470063475,19.440155544118486,36.300000000000004,36.300000000000004,10.8,19.400000000000002,-5,0.08161325197509979
16.386458512037514,18.090581574884197,19.348659003831415,19.400125807742892,36.0,36.0,10.8,19.400000000000002,-3,0.0817376624201838
16.160576428203807,18.053411105392577,19.297192199919937,19.365814605135242,35.800000000000004,35.800000000000004,10.8,19.400000000000002,-2,0.0817376624201838
15.911820209298334,18.03911477097272,19.17996225767713,19.23714759535655,35.6,35.6,10.8,19.400000000000002,-2,0.0817376624201838
15.663063990392862,17.956196031337566,19.094184251158,19.260021730428317,35.300000000000004,35.300000000000004,10.8,19.400000000000002,-2,0.0817376624201838
15.431463372791214,17.88757362612226,19.091324984274028,19.17424372390919,30.0,33.4,13.600000000000001,19.400000000000002,-1,0.08198648331035177
15.402870703951507,17.7360324812718,19.165665923257276,19.134213987533595,26.1,32.2,17.1,19.400000000000002,1,0.08273294598085575
15.577285983873734,17.498713329902213,19.134213987533595,19.085606450506088,25.3,32.800000000000004,18.2,19.400000000000002,-20,0.08447469221203166
15.9547092125579,17.269971979184536,18.951220906959453,18.976954308915193,25.3,34.0,18.2,19.400000000000002,-20,0.08671408022354354
16.28638417109853,16.94687482129582,18.751072225081487,18.985532109567107,25.3,35.1,18.2,19.400000000000002,-19,0.08845582645471946
16.50368845428032,16.7124149368102,18.54806427631955,18.891176302396065,25.3,36.2,18.2,19.400000000000002,-20,0.08907787868013942
16.598044261451363,16.44364384971693,18.556642076971464,18.88259850174415,25.3,35.300000000000004,18.2,19.400000000000002,-20,0.08907787868013942
16.53228112312003,16.25207296849088,18.54806427631955,18.813976096528847,25.3,34.5,13.8,14.600000000000001,-23,0.08907787868013942
16.403614113341337,16.240635900954995,18.496597472408073,18.81969463029679,21.700000000000003,33.800000000000004,10.4,11.100000000000001,-26,0.0893266995703074
16.432206782181048,16.386458512037514,18.45942700291645,18.836850231600614,20.400000000000002,33.300000000000004,7.9,8.4,-28,0.08994875179572738
16.59232572768342,16.70669640304226,18.430834334076742,18.868302167324295,20.400000000000002,32.800000000000004,7.9,8.4,-31,0.09057080402114734
16.749585406301822,17.147023503173784,18.362211928861438,18.836850231600614,20.400000000000002,32.300000000000004,7.9,8.4,-31,0.09081962491131533
16.852519014124777,17.387201921427344,18.267856121690397,18.745353691313547,20.400000000000002,31.8,7.9,8.4,-31,0.09094403535639932
16.82964487905301,17.49299479613427,18.21924858466289,18.61668668153485,20.400000000000002,31.3,7.9,8.4,-31,0.09094403535639932
16.669525933550638,17.43866872533882,18.21067078401098,18.51947160747984,20.400000000000002,31.0,7.9,8.4,-31,0.09094403535639932
16.52656258935209,17.447246525990735,18.15348544633156,18.48230113798822,20.400000000000002,30.6,7.9,8.4,-31,0.09094403535639932
16.403614113341337,17.31572024932807,18.119174243723908,18.42225653342483,20.400000000000002,30.3,7.9,8.4,-26,0.09119285624656731
16.20632469834734,17.301423914908217,18.10487790930405,18.413678732772915,19.700000000000003,28.700000000000003,10.3,11.100000000000001,-24,0.09119285624656731
15.9547092125579,17.07268256419054,18.147766912563615,18.37078972951335,19.5,28.200000000000003,12.700000000000001,13.0,-21,0.09119285624656731
15.78029393263567,16.903985818036254,18.239263452850686,18.21067078401098,20.3,29.0,12.700000000000001,13.0,-20,0.0913172666916513
15.720249328072281,16.663807399782694,18.110596443071994,18.176359581403325,21.200000000000003,29.900000000000002,12.700000000000001,13.0,-20,0.09256137114249124
15.608737919597415,16.48081431920855,17.93618116314977,18.09630010865214,20.6,30.700000000000003,9.5,15.3,-19,0.09467634870891913
15.411448504603417,16.340710241893976,17.77034368387945,18.119174243723908,20.400000000000002,30.200000000000003,7.300000000000001,17.1,-19,0.097040147165515
15.29421856236061,16.48081431920855,17.70743981243209,18.047692571624633,20.400000000000002,29.700000000000003,5.7,18.3,-19,0.0990307142868589
15.425744839023274,16.65808886601475,17.747469548807683,17.961914565105506,21.400000000000002,29.3,5.7,18.3,-19,0.10139451274345479
15.640189855321095,16.852519014124777,17.83038828844284,17.88757362612226,22.3,28.900000000000002,5.7,18.3,-19,0.10375831120005066
15.705952993652426,16.909704351804194,17.61880253902899,17.816091954022987,23.400000000000002,28.6,5.7,18.3,-19,0.10624652010173054
15.683078858580659,17.001200892091266,17.3814833876594,17.741751015039743,24.6,28.3,5.7,18.3,-19,0.10848590811324242
15.634471321553152,16.952593355063758,17.418653857151025,17.721736146851946,25.700000000000003,28.1,5.7,18.3,-19,0.10985442300916635
15.608737919597415,16.915422885572138,17.467261394178532,17.727454680619886,26.8,27.900000000000002,5.7,18.3,-19,0.1109741170149223
15.514382112426372,16.821067078401096,17.367187053239547,17.67312860982444,27.400000000000002,27.8,5.7,18.3,-19,0.11259145280101421
15.365700234459883,16.821067078401096,17.238520043460856,17.638817407216788,27.400000000000002,27.700000000000003,5.7,18.3,-22,0.1145820199223581
15.228455424029276,16.755303940069766,17.155601303825698,17.533024532509863,27.6,27.6,5.7,18.3,-19,0.11632376615353401
15.0883513467147,16.772459541373593,17.147023503173784,17.49299479613427,27.6,27.6,5.7,18.3,-17,0.11719463926912198
14.931091668096299,16.71813347057814,17.178475438897465,17.452965059758675,27.6,27.6,5.7,19.6,-17,0.11756787060437396
14.796706124549663,16.65237033224681,17.238520043460856,17.43866872533882,27.400000000000002,27.5,5.7,19.6,-16,0.11769228104945795
14.730942986218333,16.52656258935209,17.238520043460856,17.372905587007487,27.3,27.3,5.7,19.6,-16,0.11769228104945795
14.81100245896952,16.47509578544061,17.16131983759364,17.367187053239547,27.3,27.200000000000003,5.7,19.6,-15,0.11794110193962593
14.87390633041688,16.37502144450163,17.095556699262307,17.24995711099674,27.3,27.0,5.7,19.6,-15,0.1183143332748779
14.959684336936007,16.329273174358093,17.172756905129525,17.238520043460856,27.3,26.8,5.7,19.6,-15,0.1183143332748779
15.054040144107049,16.212043232115285,17.178475438897465,17.21278664150512,27.0,26.6,5.7,19.6,-14,0.11856315416504591
15.059758677874992,16.123405958712183,17.084119631726423,17.12986790186996,26.700000000000003,26.5,5.7,19.6,-14,0.11930961683554986
14.951106536284096,15.983301881397608,17.078401097958483,17.089838165494367,26.700000000000003,26.5,5.7,19.6,-13,0.12005607950605382
14.839595127809227,15.948990678789956,16.92685995310802,17.089838165494367,26.700000000000003,26.5,5.7,19.6,-13,0.12092695262164178
14.622290844627436,15.860353405386856,16.86681534854463,17.064104763538626,26.700000000000003,26.5,5.7,19.6,-13,0.12204664662739771
14.379253159489904,15.888946074226567,16.83536341282095,16.995482358323322,26.700000000000003,26.5,5.7,19.6,-14,0.12353957196840565
14.319208554926515,15.828901469663176,16.883970949848457,16.96403042259964,26.3,26.1,5.7,19.6,-13,0.12553013908974955
14.390690227025788,15.883227540458625,16.841081946588893,16.889689483616397,25.900000000000002,25.8,5.7,19.6,-13,0.1281427584365134
14.410705095213585,15.84033853719906,16.729570538114025,16.852519014124777,25.5,25.400000000000002,5.7,19.6,-13,0.13112860911852925
14.307771487390632,15.917538743066277,16.640933264710927,16.82964487905301,25.200000000000003,25.1,5.7,19.6,-13,0.13374122846529313
14.110482072396636,15.797449533939496,16.59232572768342,16.786755875793446,24.900000000000002,24.8,5.7,19.6,-13,0.13560738514155302
13.938926059358378,15.774575398867729,16.52656258935209,16.76102247383771,24.700000000000003,23.400000000000002,7.9,19.6,-14,0.13747354181781293
13.798821982043801,15.651626922856979,16.492251386744435,16.7124149368102,24.400000000000002,22.400000000000002,9.3,19.6,-14,0.13971292982932482
13.6415623034254,15.600160118945501,16.515125521816206,16.62091839652313,24.1,22.900000000000002,9.3,19.6,-14,0.1415790865055847
13.55006576313833,15.50866357865843,16.53228112312003,16.586607193915476,23.8,22.900000000000002,9.3,19.6,-14,0.14307201184659266
13.512895293646707,15.431463372791214,16.437925315948988,16.543718190655913,23.5,22.8,9.3,19.6,-14,0.14431611629743257
13.467147023503173,15.371418768227825,16.363584376965747,16.515125521816206,23.3,22.8,9.3,19.6,-14,0.1458090416384405
13.255561274089322,15.29421856236061,16.25779150225882,16.469377251672668,23.3,22.8,9.3,19.6,-15,0.14705314608928044
13.021101389603704,15.29421856236061,16.189169097043518,16.47509578544061,23.1,22.8,9.3,19.6,-15,0.1474263774245324
12.849545376565446,15.274203694172813,16.229198833419108,16.386458512037514,19.3,21.6,11.3,19.6,-14,0.1474263774245324
12.880997312289129,15.179847887001772,16.340710241893976,16.386458512037514,16.400000000000002,20.400000000000002,13.700000000000001,19.6,-14,0.1477996087597844
13.118316463658717,14.93681020186424,16.280665637330586,16.34642877566192,13.9,19.6,15.3,19.6,-15,0.14854607143028836
13.435695087779493,14.710928118030536,16.08337622233659,16.280665637330586,13.9,19.8,17.0,19.6,-15,0.1495413549909603
13.690169840452906,14.410705095213585,15.90038314176245,16.246354434722935,13.9,20.1,18.3,19.6,-14,0.15028781766146426
13.887459255446903,14.24772688282724,15.83462000343112,16.20632469834734,13.9,20.6,19.3,19.6,-14,0.15066104899671626
14.03042259964545,13.938926059358378,15.894664607994509,16.166294961971747,13.9,21.0,19.3,19.6,-14,0.15090986988688423
14.099045004860752,13.684451306684965,15.84033853719906,16.129124492480127,13.9,20.900000000000002,19.3,19.6,-13,0.1516563325573882
14.081889403556927,13.367072682564189,15.640189855321095,16.071939154800706,13.9,20.700000000000003,14.4,14.8,-14,0.15265161611806016
14.018985532109566,13.13261279807857,15.514382112426372,16.071939154800706,11.8,20.6,11.0,11.200000000000001,-14,0.1533980787885641
14.18196374449591,13.184079601990048,15.600160118945501,16.08337622233659,9.9,20.5,8.3,8.4,-15,0.1536468996787321
14.33636415623034,13.467147023503173,15.631612054669182,16.129124492480127,9.9,20.400000000000002,6.4,6.5,-14,0.15402013101398407
14.296334419854748,13.961800194430147,15.603019385829471,16.134843026248067,9.9,18.8,6.4,6.5,-14,0.15426895190415205
14.190541545147823,14.319208554926515,15.57156745010579,16.08337622233659,9.9,18.8,6.4,6.5,-15,0.15426895190415205
14.099045004860752,14.487905301080803,15.671641791044776,15.93183507748613,8.6,18.8,6.4,6.5,-14,0.15439336234923606
14.116200606164579,14.642305712815233,15.648767655973009,15.84033853719906,7.4,18.8,6.4,6.5,-15,0.15501541457465604
14.156230342540171,14.642305712815233,15.711671527420368,15.857494138502886,7.4,17.400000000000002,6.4,6.5,-15,0.155513056354992
14.17910447761194,14.63372791216332,15.803168067707439,15.83462000343112,7.4,17.400000000000002,6.4,6.5,-15,0.155513056354992
14.2420083490593,14.422142162749468,15.754560530679932,15.84033853719906,7.4,17.400000000000002,6.4,6.5,-15,0.15563746680007598
14.219134213987534,14.350660490650196,15.651626922856979,15.806027334591409,7.4,17.400000000000002,6.4,6.5,-17,0.15625951902549598
14.230571281523417,14.207697146451647,15.668782524160804,15.851775604734943,7.4,16.2,9.1,7.9,-17,0.15675716080583194
14.279178818550921,14.104763538628694,15.640189855321095,15.731686395608165,7.9,15.700000000000001,11.0,8.0,-16,0.1575036234763359
14.27060101789901,13.876022187911019,15.557271115685937,15.677360324812716,8.3,15.700000000000001,11.0,8.3,-17,0.15874772792717584
14.190541545147823,13.76737004632012,15.534396980614169,15.608737919597415,9.600000000000001,15.700000000000001,11.0,9.200000000000001,-17,0.1598674219329318
14.116200606164579,13.555784296906273,15.534396980614169,15.694515926116543,11.100000000000001,15.700000000000001,14.100000000000001,10.4,-17,0.16086270549360374
14.05901526848516,13.204094470177845,15.457196774746954,15.663063990392862,12.700000000000001,15.700000000000001,10.700000000000001,11.8,-17,0.16248004127969565
14.053296734717216,13.055412592211356,15.42002630525533,15.705952993652426,14.4,15.700000000000001,8.1,13.4,-17,0.16447060840103955
14.013266998341622,13.175501801338134,15.431463372791214,15.545834048150054,14.4,15.700000000000001,6.300000000000001,16.8,-17,0.16621235463221545
14.018985532109566,13.487161891690969,15.371418768227825,15.482930176702691,14.4,15.700000000000001,5.7,20.6,-17,0.16733204863797138
13.933207525590438,13.724481043060557,15.29421856236061,15.371418768227825,14.4,15.700000000000001,5.7,20.6,-17,0.16857615308881133
13.787384914507918,13.784525647623948,15.208440555841479,15.29421856236061,14.4,14.200000000000001,5.7,20.6,-20,0.1693226157593153
13.604391833933777,13.990392863269856,15.228455424029276,15.248470292217073,14.4,14.200000000000001,5.7,20.700000000000003,-20,0.16969584709456728
13.518613827414649,14.167667410076056,15.208440555841479,15.182707153885742,14.4,14.200000000000001,5.7,20.700000000000003,-20,0.16982025753965124
13.535769428718476,14.15051180877223,15.239892491565163,15.194144221421626,14.4,14.200000000000001,5.7,20.700000000000003,-19,0.17031789931998725
13.541487962486416,14.007548464573683,15.1769886201178,15.29421856236061,13.4,14.200000000000001,5.7,20.700000000000003,-19,0.17056672021015523
13.544347229370388,13.804540515811745,15.11408474867044,15.254188825985016,13.4,13.200000000000001,5.7,20.700000000000003,-19,0.17056672021015523
13.518613827414649,13.827414650883512,15.136958883742206,15.094069880482643,13.4,13.200000000000001,5.7,20.8,-19,0.17056672021015523
13.398524618287869,13.755932978784237,15.168410819465889,15.096929147366614,13.4,13.200000000000001,5.7,20.8,-19,0.17069113065523922
13.235546405901525,13.798821982043801,15.128381083090295,14.97112140447189,13.4,13.200000000000001,5.7,21.0,-19,0.17069113065523922
13.124034997426659,13.787384914507918,15.054040144107049,15.028306742151312,13.4,13.200000000000001,5.7,21.0,-19,0.17069113065523922
13.084005261051065,13.587236232629953,15.016869674615428,14.991136272659688,12.100000000000001,12.0,5.7,21.0,-14,0.17069113065523922
13.09544232858695,13.58151769886201,15.014010407731455,14.945388002516154,12.100000000000001,12.0,5.7,21.0,-14,0.17069113065523922
13.118316463658717,13.621547435237604,14.996854806427631,14.893921198604676,11.200000000000001,12.0,5.7,21.0,-13,0.1708155411003232
13.144049865614454,13.744495911248354,14.979699205123804,14.81100245896952,11.200000000000001,10.8,5.7,20.900000000000002,-14,0.17106436199049121
13.152627666266367,13.718762509292617,14.956825070052037,14.779550523245838,11.200000000000001,10.8,5.7,20.900000000000002,-14,0.17118877243557518
13.175501801338134,13.541487962486416,14.928232401212327,14.7538171212901,10.200000000000001,10.8,5.7,21.0,-14,0.1713131828806592
13.218390804597702,13.530050894950532,14.779550523245838,14.773831989477896,10.200000000000001,9.8,5.7,20.900000000000002,-15,0.1713131828806592
13.189798135757991,13.487161891690969,14.748098587522158,14.722365185566419,9.5,9.8,5.7,21.0,-14,0.17156200377082717
13.144049865614454,13.604391833933777,14.716646651798477,14.75095785440613,9.5,9.200000000000001,5.7,20.900000000000002,-15,0.17156200377082717
13.084005261051065,13.567221364442156,14.72808371933436,14.62800937839538,8.9,9.200000000000001,5.7,20.900000000000002,-16,0.17181082466099515
13.023960656487676,13.541487962486416,14.75095785440613,14.685194716074797,8.3,8.3,5.7,20.8,-16,0.17181082466099515
13.00680505518385,13.398524618287869,14.796706124549663,14.63372791216332,8.3,7.800000000000001,5.7,20.8,-16,0.17193523510607917
12.880997312289129,13.341339280608452,14.765254188825983,14.648024246583175,7.300000000000001,7.800000000000001,5.7,20.700000000000003,-17,0.17193523510607917
12.746611768742493,13.387087550751986,14.768113455709955,14.605135243323609,7.300000000000001,7.1000000000000005,5.7,20.700000000000003,-16,0.17205964555116315
12.738033968090582,13.378509750100072,14.722365185566419,14.530794304340366,6.800000000000001,7.1000000000000005,5.7,20.700000000000003,-20,0.17218405599624714
12.860982444101332,13.384228283868016,14.670898381654943,14.487905301080803,6.800000000000001,6.6000000000000005,5.7,20.6,-17,0.1725572873314991
12.952478984388403,13.347057814376392,14.616572310859496,14.450734831589179,6.800000000000001,6.6000000000000005,5.7,20.8,-17,0.1730549291118351
12.966775318808256,13.269857608509177,14.605135243323609,14.476468233544917,6.2,6.2,5.7,20.8,-17,0.17330375000200307
13.00966432206782,13.295591010464916,14.582261108251842,14.390690227025788,6.0,6.0,5.7,20.8,-17,0.1734281604470871
13.023960656487676,13.275576142277119,14.525075770572425,14.384971693257848,5.800000000000001,5.800000000000001,5.7,20.8,-17,0.17442344400775903
13.055412592211356,13.3070280780008,14.530794304340366,14.373534625721964,5.6000000000000005,5.6000000000000005,5.7,21.0,-17,0.17604077979385094
13.029679190255617,13.264139074741236,14.493623834848743,14.316349288042545,5.300000000000001,5.4,5.7,20.900000000000002,-17,0.17815575736027883
13.023960656487676,13.169783267570194,14.430719963401382,14.313490021158573,5.0,5.0,5.7,21.0,-16,0.18039514537179072
13.049694058443414,13.144049865614454,14.427860696517412,14.262023217247098,4.800000000000001,4.800000000000001,5.7,21.0,-16,0.1826345333833026
13.021101389603704,13.089723794819006,14.410705095213585,14.262023217247098,4.6000000000000005,4.6000000000000005,5.7,21.1,-16,0.1847495109497305
12.952478984388403,13.16406473380225,14.384971693257848,14.207697146451647,4.4,4.4,5.7,21.200000000000003,-16,0.18686448851615836
12.941041916852518,13.104020129238862,14.359238291302109,14.227712014639444,4.2,4.2,5.7,21.400000000000002,-16,0.18873064519241828
12.958197518156343,13.055412592211356,14.36209755818608,14.156230342540171,4.1000000000000005,4.0,5.7,21.400000000000002,-16,0.19059680186867822
12.97535311946017,13.035397724023559,14.30205295362269,14.121919139932519,3.9000000000000004,3.9000000000000004,5.7,21.5,-15,0.1922141376547701
12.94676045062046,13.00966432206782,14.253445416595184,14.121919139932519,3.8000000000000003,3.7,5.7,21.6,-14,0.19370706299577803
12.923886315548692,13.0411162577915,14.236289815291357,14.041859667181333,3.6,3.5,5.7,21.8,-14,0.19532439878186997
12.903871447360896,13.049694058443414,14.204837879567677,14.087607937324869,3.5,3.4000000000000004,5.7,21.8,-14,0.19681732412287786
12.866700977869273,12.952478984388403,14.18482301137988,13.996111397037799,3.4000000000000004,3.3000000000000003,5.7,22.1,-14,0.19768819723846584
12.840967575913535,12.941041916852518,14.161948876308113,13.990392863269856,3.3000000000000003,3.2,5.7,22.1,-14,0.1981858390188018
12.812374907073826,12.926745582432662,14.156230342540171,13.984674329501916,3.2,3.0,5.7,22.3,-14,0.19831024946388578
12.795219305769999,12.85526391033339,14.116200606164579,13.956081660662205,3.1,2.9000000000000004,5.7,22.400000000000002,-14,0.19831024946388578
12.752330302510435,12.812374907073826,14.09332647109281,13.961800194430147,3.0,2.8000000000000003,5.7,22.5,-13,0.19831024946388578
12.766626636930289,12.640818894035569,14.076170869788985,13.913192657402641,2.9000000000000004,2.7,5.7,22.6,-13,0.1984346599089698
12.795219305769999,12.663693029107336,14.05901526848516,13.927488991822495,2.8000000000000003,2.7,5.7,22.8,-13,0.1984346599089698
12.775204437582202,12.672270829759249,14.053296734717216,13.850288785955279,2.8000000000000003,2.6,5.7,22.8,-14,0.19855907035405376
12.746611768742493,12.70372276548293,14.007548464573683,13.856007319723222,2.7,2.5,5.7,23.0,-14,0.19868348079913778
12.732315434322638,12.68084863041116,14.018985532109566,13.833133184651455,2.6,2.4000000000000004,5.7,22.900000000000002,-14,0.19905671213438977
12.732315434322638,12.56075942128438,14.007548464573683,13.798821982043801,2.6,2.4000000000000004,5.7,23.200000000000003,-15,0.19942994346964174
12.718019099902785,12.52644821867673,13.961800194430147,13.778807113856006,2.5,2.3000000000000003,5.7,23.3,-15,0.1999275852499777
12.686567164179102,12.535026019328644,13.927488991822495,13.755932978784237,2.5,2.3000000000000003,5.7,23.3,-15,0.20067404792048166
12.649396694687482,12.552181620632467,13.916051924286611,13.73305884371247,2.4000000000000004,2.2,5.7,23.400000000000002,-14,0.20154492103606964
12.603648424543945,12.56075942128438,13.876022187911019,13.750214445016297,2.4000000000000004,2.1,5.7,23.5,-12,0.20229138370657357
12.592211357008061,12.49785554983702,13.850288785955279,13.718762509292617,2.3000000000000003,2.1,5.7,23.700000000000003,-10,0.20328666726724556
12.589352090124091,12.412077543317894,13.821696117115572,13.690169840452906,2.3000000000000003,2.1,5.7,23.700000000000003,-7,0.2042819508279175
12.56075942128438,12.443529479041572,13.844570252187339,13.664436438497168,2.3000000000000003,2.0,5.7,23.700000000000003,-5,0.20527723438858944
12.5293074855607,12.426373877737747,13.833133184651455,13.664436438497168,2.2,2.0,5.7,23.700000000000003,-3,0.2062725179492614
12.52644821867673,12.452107279693486,13.815977583347628,13.635843769657457,2.2,1.9000000000000001,5.7,23.8,-1,0.20739221195501734
12.535026019328644,12.40349974266598,13.793103448275861,13.624406702121574,2.1,1.9000000000000001,5.7,23.8,0,0.20826308507060529
12.515011151140847,12.329158803682734,13.784525647623948,13.630125235889517,2.1,1.9000000000000001,5.7,24.0,0,0.20925836863127723
12.5293074855607,12.332018070566706,13.724481043060557,13.592954766397893,2.1,1.8,5.7,24.0,1,0.2101292417468652
12.503574083604963,12.294847601075084,13.727340309944529,13.621547435237604,2.0,1.8,5.7,24.200000000000003,2,0.21112452530753714
12.483559215417166,12.283410533539199,13.695888374220848,13.518613827414649,2.0,1.8,5.7,24.200000000000003,2,0.21187098797804108
12.472122147881281,12.283410533539199,13.690169840452906,13.530050894950532,2.0,1.8,5.7,24.3,3,0.21261745064854506
12.474981414765253,12.237662263395665,13.664436438497168,13.535769428718476,1.9000000000000001,1.7000000000000002,5.7,24.3,4,0.213239502873965
12.443529479041572,12.194773260136099,13.621547435237604,13.487161891690969,1.9000000000000001,1.7000000000000002,5.7,24.200000000000003,6,0.21398596554446897
12.412077543317894,12.177617658832276,13.587236232629953,13.530050894950532,1.9000000000000001,1.7000000000000002,5.7,24.200000000000003,7,0.21435919687972096
12.417796077085834,12.146165723108595,13.57865843197804,13.444272888431406,1.8,1.7000000000000002,5.7,24.200000000000003,10,0.21498124910514094
12.412077543317894,12.180476925716246,13.572939898210096,13.487161891690969,1.8,1.7000000000000002,5.1000000000000005,24.3,11,0.2157277117756449
12.394921942014067,12.186195459484185,13.61582890146966,13.441413621547433,1.8,1.7000000000000002,4.7,24.3,13,0.21659858489123288
12.354892205638473,12.163321324412419,13.592954766397893,13.444272888431406,1.7000000000000002,1.6,4.7,24.3,14,0.21684740578140085
12.314862469262879,12.231943729627723,13.58151769886201,13.45570995596729,1.7000000000000002,1.6,4.7,24.3,15,0.21722063711665282
12.280551266655229,12.214788128323896,13.541487962486416,13.42997655401155,1.6,1.6,4.7,24.400000000000002,16,0.21771827889698878
12.283410533539199,12.22050666209184,13.567221364442156,13.46142848973523,1.6,1.6,4.7,24.400000000000002,18,0.21871356245766074
12.354892205638473,12.206210327671982,13.561502830674213,13.409961685823752,1.6,1.6,4.7,24.5,20,0.2195844355732487
12.417796077085834,12.108995253616971,13.544347229370388,13.398524618287869,1.5,1.6,4.7,24.5,21,0.22082854002408864
12.460685080345398,12.117573054268885,13.561502830674213,13.309887344884771,1.5,1.6,4.7,24.5,25,0.22182382358476058
12.43495167838966,12.100417452965058,13.504317492994796,13.215531537713728,1.5,1.6,4.7,24.5,29,0.22281910714543252
12.386344141362153,12.07754331789329,13.42425802024361,13.195516669525931,1.5,1.6,4.4,24.400000000000002,33,0.22356556981593648
12.360610739406416,12.094698919197118,13.409961685823752,13.209813003945788,1.5,1.6,4.2,24.400000000000002,37,0.22431203248644047
12.360610739406416,12.086121118545204,13.361354148796249,13.204094470177845,1.5,1.5,3.9000000000000004,24.3,42,0.22480967426677645
12.354892205638473,12.057528449705494,13.384228283868016,13.169783267570194,1.5,1.5,3.7,24.200000000000003,47,0.2249340847118604
12.34631440498656,12.108995253616971,13.347057814376392,13.058271859095328,1.5,1.5,3.5,24.1,51,0.2249340847118604
12.34631440498656,12.117573054268885,13.361354148796249,13.075427460399153,1.4000000000000001,1.5,3.5,24.0,56,0.2253073160471124
12.323440269914792,12.108995253616971,13.321324412420655,13.015382855835764,1.4000000000000001,1.5,3.5,23.900000000000002,62,0.2255561369372804
12.297706867959054,12.091839652313146,13.315605878652711,13.023960656487676,1.4000000000000001,1.5,3.5,23.8,66,0.2258049578274484
12.297706867959054,12.028935780865785,13.309887344884771,13.001086521415907,1.4000000000000001,1.5,3.5,23.700000000000003,71,0.2258049578274484
12.297706867959054,12.083261851661232,13.3070280780008,12.941041916852518,1.4000000000000001,1.5,3.5,23.5,77,0.22592936827253235
12.283410533539199,12.083261851661232,13.309887344884771,12.94676045062046,1.4000000000000001,1.5,3.5,23.400000000000002,82,0.22592936827253235
12.34059587121862,12.003202378910046,13.284153942929033,12.952478984388403,1.4000000000000001,1.5,3.5,23.3,86,0.22592936827253235
12.37776634071024,12.003202378910046,13.309887344884771,12.961056785040313,1.4000000000000001,1.5,3.5,23.1,89,0.22592936827253235
12.40921827643392,11.986046777606221,13.301309544232858,12.995367987647967,1.4000000000000001,1.5,3.5,23.0,93,0.22605377871761637
12.429233144621717,11.940298507462686,13.28129467604506,12.895293646708982,1.4000000000000001,1.5,3.4000000000000004,22.8,95,0.22605377871761637
12.4406702121576,11.95745410876651,13.261279807857264,12.898152913592954,1.4000000000000001,1.5,3.2,22.6,99,0.22605377871761637
12.443529479041572,11.89169097043518,13.229827872133585,12.88957511294104,1.4000000000000001,1.5,3.0,22.400000000000002,102,0.22605377871761637
12.449248012809514,11.937439240578714,13.218390804597702,12.88957511294104,1.4000000000000001,1.5,2.9000000000000004,22.3,99,0.22630259960778434
12.460685080345398,11.917424372390917,13.209813003945788,12.938182649968546,1.4000000000000001,1.5,2.8000000000000003,22.1,102,0.22642701005286836
12.474981414765253,11.880253902899296,13.215531537713728,12.883856579173099,1.4000000000000001,1.5,2.7,21.900000000000002,105,0.22667583094303634
12.503574083604963,11.854520500943558,13.204094470177845,12.88957511294104,1.4000000000000001,1.5,2.6,21.700000000000003,110,0.2270490622782883
12.512151884256875,11.80305369703208,13.184079601990048,12.88957511294104,1.4000000000000001,1.5,2.5,21.6,113,0.22754670405862432
12.520729684908789,11.794475896380167,13.209813003945788,12.866700977869273,1.4000000000000001,1.5,2.4000000000000004,21.200000000000003,120,0.22791993539387628
12.566477955052324,11.817350031451934,13.178361068222108,12.938182649968546,1.4000000000000001,1.5,2.3000000000000003,20.8,124,0.22841757717421224
12.580774289472178,11.823068565219877,13.16406473380225,12.883856579173099,1.4000000000000001,1.5,2.3000000000000003,20.200000000000003,125,0.22891521895454822
12.580774289472178,11.765883227540456,13.184079601990048,12.88957511294104,1.4000000000000001,1.5,2.2,19.6,128,0.22941286073488418
12.635100360267625,11.77732029507634,13.16406473380225,12.846686109681476,1.4000000000000001,1.5,2.2,18.900000000000002,131,0.23003491296030415
12.686567164179102,11.765883227540456,13.184079601990048,12.832389775261623,1.4000000000000001,1.5,2.1,18.1,133,0.2307813756308081
12.689426431063074,11.74586835935266,13.195516669525931,12.898152913592954,1.4000000000000001,1.5,2.1,17.3,134,0.23140342785622808
12.709441299250871,11.811631497683994,13.15834620003431,12.849545376565446,1.4000000000000001,1.5,2.0,16.5,136,0.23190106963656407
12.740893234974552,11.783038828844283,13.152627666266367,12.812374907073826,1.3,1.5,2.0,15.600000000000001,139,0.23239871141690005
12.789500772002059,11.77446102819237,13.1297535311946,12.846686109681476,1.3,1.5,1.9000000000000001,15.9,141,0.23302076364232002
12.860982444101332,11.734431291816776,13.104020129238862,12.835249042145593,1.3,1.5,1.9000000000000001,15.9,141,0.23351840542265598
12.849545376565446,11.705838622977067,13.09830159547092,12.818093440841766,1.3,1.5,1.9000000000000001,14.600000000000001,144,0.23389163675790797
12.898152913592954,11.814490764567964,13.078286727283123,12.869560244753243,1.2000000000000002,1.5,1.9000000000000001,13.3,144,0.23401604720299196
13.001086521415907,11.791616629496197,13.09544232858695,12.818093440841766,1.2000000000000002,1.5,1.9000000000000001,12.100000000000001,146,0.23426486809315994
12.926745582432662,11.74586835935266,13.09544232858695,12.875278778521187,1.2000000000000002,1.5,1.9000000000000001,11.0,147,0.23426486809315994
12.909589981128837,11.717275690512952,13.09544232858695,12.875278778521187,1.2000000000000002,1.5,1.9000000000000001,11.200000000000001,148,0.23438927853824396
12.961056785040313,11.731572024932806,13.104020129238862,12.869560244753243,1.2000000000000002,1.5,3.6,11.200000000000001,149,0.23438927853824396
12.98107165322811,11.702979356093095,13.09544232858695,12.860982444101332,1.2000000000000002,1.5,5.1000000000000005,9.700000000000001,150,0.23463809942841193
12.966775318808256,11.694401555441184,13.109738663006803,12.812374907073826,1.1,1.5,4.9,8.3,151,0.23463809942841193
12.952478984388403,11.65437181906559,13.09830159547092,12.869560244753243,1.1,1.5,4.5,8.5,152,0.23476250987349592
12.941041916852518,11.577171613198376,13.118316463658717,12.85526391033339,1.1,1.5,3.9000000000000004,8.5,155,0.23476250987349592
12.972493852576198,11.611482815806026,13.138331331846514,12.875278778521187,1.1,1.5,3.3000000000000003,7.800000000000001,158,0.2348869203185799
12.972493852576198,11.65437181906559,13.124034997426659,12.88957511294104,2.1,1.5,2.6,4.5,159,0.2350113307636639
13.0411162577915,11.734431291816776,13.1297535311946,12.895293646708982,2.1,1.5,2.1,3.6,161,0.2353845620989159
13.109738663006803,11.783038828844283,13.09830159547092,12.941041916852518,2.1,1.4000000000000001,1.9000000000000001,2.9000000000000004,160,0.23600661432433587
13.104020129238862,11.725853491164864,13.084005261051065,12.961056785040313,2.0,1.4000000000000001,1.7000000000000002,2.6,165,0.23650425610467185
13.058271859095328,11.74300909246869,13.089723794819006,12.989649453880023,1.9000000000000001,1.3,1.5,2.3000000000000003,166,0.2366286665497558
13.015382855835764,11.74586835935266,13.078286727283123,12.995367987647967,1.8,1.3,1.4000000000000001,2.1,166,0.2368774874399238
12.989649453880023,11.725853491164864,13.115457196774745,12.903871447360896,1.7000000000000002,1.3,1.3,1.9000000000000001,167,0.2368774874399238
13.0411162577915,11.757305426888543,13.124034997426659,12.938182649968546,1.6,1.2000000000000002,1.3,1.7000000000000002,165,0.2373751292202598
13.09544232858695,11.722994224280892,13.138331331846514,12.918167781780749,1.5,1.2000000000000002,1.2000000000000002,1.5,168,0.23762395011042778
13.078286727283123,11.705838622977067,13.149768399382397,12.912449248012809,1.4000000000000001,1.2000000000000002,1.2000000000000002,1.4000000000000001,169,0.23799718144567975
13.109738663006803,11.74300909246869,13.124034997426659,12.97535311946017,1.4000000000000001,1.1,1.1,1.4000000000000001,170,0.23824600233584772
13.13261279807857,11.83164636587179,13.118316463658717,12.903871447360896,1.4000000000000001,1.1,1.0,1.3,172,0.23824600233584772
13.09830159547092,11.765883227540456,13.124034997426659,12.98107165322811,1.3,1.0,1.0,1.2000000000000002,173,0.23824600233584772
13.055412592211356,11.794475896380167,13.149768399382397,12.97535311946017,1.3,1.0,0.9,1.2000000000000002,172,0.23837041278093174
13.04397552467547,11.77446102819237,13.175501801338134,12.932464116200606,1.2000000000000002,1.0,0.9,1.1,177,0.23837041278093174
13.04397552467547,11.757305426888543,13.175501801338134,12.986790186996053,1.2000000000000002,1.0,0.9,1.0,178,0.23849482322601573
13.063990392863268,11.814490764567964,13.169783267570194,12.938182649968546,1.2000000000000002,0.9,0.8,1.0,179,0.23849482322601573
13.063990392863268,11.80305369703208,13.13261279807857,12.958197518156343,1.1,0.9,0.8,1.0,181,0.23849482322601573
13.058271859095328,11.83164636587179,13.138331331846514,12.98107165322811,1.1,0.9,0.7000000000000001,0.9,180,0.23849482322601573
13.09830159547092,11.80305369703208,13.16406473380225,12.958197518156343,1.1,0.8,0.7000000000000001,0.9,184,0.23849482322601573
13.124034997426659,11.73729055870075,13.16406473380225,13.023960656487676,1.0,0.8,0.7000000000000001,0.8,184,0.23849482322601573
13.115457196774745,11.794475896380167,13.198375936409905,13.015382855835764,1.0,0.8,0.6000000000000001,0.8,186,0.23849482322601573
13.078286727283123,11.791616629496197,13.198375936409905,13.035397724023559,1.0,0.8,0.6000000000000001,0.7000000000000001,187,0.23849482322601573
13.049694058443414,11.80305369703208,13.215531537713728,13.0411162577915,0.9,0.7000000000000001,0.6000000000000001,0.7000000000000001,184,0.23849482322601573
13.023960656487676,11.83450563275576,13.215531537713728,13.015382855835764,0.9,0.7000000000000001,0.5,0.7000000000000001,187,0.23849482322601573
13.04397552467547,11.83164636587179,13.204094470177845,13.069708926631211,0.9,0.7000000000000001,0.5,0.6000000000000001,187,0.23849482322601573
13.04397552467547,11.80591296391605,13.229827872133585,13.029679190255617,0.9,0.7000000000000001,0.5,0.6000000000000001,190,0.23849482322601573
13.049694058443414,11.791616629496197,13.229827872133585,13.069708926631211,0.8,0.7000000000000001,0.5,0.6000000000000001,190,0.23849482322601573
13.078286727283123,11.797335163264137,13.244124206553439,13.055412592211356,0.8,0.6000000000000001,0.4,0.5,194,0.23837041278093174
13.138331331846514,11.840224166523702,13.28129467604506,13.0411162577915,0.8,0.6000000000000001,0.4,0.5,190,0.23837041278093174
13.184079601990048,11.880253902899296,13.275576142277119,13.084005261051065,0.8,0.6000000000000001,0.4,0.5,194,0.23837041278093174
13.184079601990048,11.845942700291644,13.28129467604506,13.035397724023559,0.7000000000000001,0.6000000000000001,0.4,0.5,193,0.23837041278093174
13.218390804597702,11.871676102247383,13.238405672785497,13.055412592211356,0.7000000000000001,0.6000000000000001,0.4,0.4,194,0.23812159189076376
13.184079601990048,11.871676102247383,13.24984274032138,13.084005261051065,0.7000000000000001,0.5,0.30000000000000004,0.4,198,0.23787277100059578
13.1297535311946,11.843083433407674,13.284153942929033,13.084005261051065,0.7000000000000001,0.5,0.30000000000000004,0.4,198,0.2374995396653438
13.1297535311946,11.865957568479441,13.275576142277119,13.109738663006803,0.6000000000000001,0.5,0.30000000000000004,0.4,197,0.23725071877517578
13.138331331846514,11.880253902899296,13.3070280780008,13.115457196774745,0.6000000000000001,0.5,0.30000000000000004,0.4,198,0.2368774874399238
13.144049865614454,11.845942700291644,13.3070280780008,13.104020129238862,0.6000000000000001,0.5,0.30000000000000004,0.30000000000000004,196,0.23637984565958783
13.144049865614454,11.900268771087092,13.321324412420655,13.144049865614454,0.6000000000000001,0.5,0.30000000000000004,0.30000000000000004,205,0.2357577934341679
13.195516669525931,11.880253902899296,13.332761479956538,13.1297535311946,0.6000000000000001,0.5,0.30000000000000004,0.30000000000000004,204,0.23513574120874792
13.321324412420655,11.900268771087092,13.335620746840508,13.189798135757991,0.6000000000000001,0.4,0.2,0.30000000000000004,204,0.23426486809315994
13.372791216332132,11.903128037971063,13.367072682564189,13.15834620003431,0.5,0.4,0.2,0.30000000000000004,207,0.23339399497757202
13.378509750100072,11.883113169783266,13.358494881912275,13.16406473380225,0.5,0.4,0.2,0.30000000000000004,203,0.23227430097181606
13.295591010464916,11.908846571739005,13.361354148796249,13.195516669525931,0.5,0.4,0.2,0.30000000000000004,203,0.23090578607589213
13.261279807857264,11.92600217304283,13.418539486475666,13.184079601990048,0.5,0.4,0.2,0.2,213,0.2290396293996322
13.284153942929033,11.908846571739005,13.409961685823752,13.229827872133585,0.5,0.4,0.2,0.2,212,0.22729788316845628
13.352776348144335,11.9288614399268,13.415680219591696,13.215531537713728,0.5,0.4,0.2,0.2,215,0.22568054738236437
13.415680219591696,11.937439240578714,13.418539486475666,13.152627666266367,0.4,0.4,0.2,0.2,215,0.22418762204135648
13.475724824155085,11.92600217304283,13.409961685823752,13.149768399382397,0.4,0.30000000000000004,0.2,0.2,211,0.22269469670034855
13.555784296906273,11.974609710070338,13.42425802024361,13.149768399382397,0.4,0.30000000000000004,0.1,0.2,221,0.22145059224950858
13.604391833933777,12.023217247097843,13.42425802024361,13.195516669525931,0.4,0.30000000000000004,0.1,0.2,217,0.22008207735358465
13.61011036770172,11.991765311374161,13.45570995596729,13.24984274032138,0.4,0.30000000000000004,0.1,0.2,220,0.21834033112240878
13.61582890146966,12.028935780865785,13.487161891690969,13.209813003945788,0.4,0.30000000000000004,0.1,0.2,220,0.21659858489123288
13.587236232629953,11.977468976954308,13.510036026762737,13.229827872133585,0.4,0.30000000000000004,0.1,0.1,216,0.21510565955022493
13.572939898210096,11.977468976954308,13.504317492994796,13.195516669525931,0.4,0.30000000000000004,0.1,0.1,227,0.21348832376413301
13.604391833933777,12.020357980213872,13.512895293646707,13.255561274089322,0.30000000000000004,0.30000000000000004,0.1,0.1,227,0.2123686297583771
13.647280837193343,11.994624578258135,13.541487962486416,13.238405672785497,0.30000000000000004,0.30000000000000004,0.1,0.1,224,0.21174657753295711
13.684451306684965,12.054669182821524,13.518613827414649,13.238405672785497,0.30000000000000004,0.30000000000000004,0.1,0.1,225,0.21149775664278914
13.727340309944529,12.028935780865785,13.544347229370388,13.224109338365642,0.30000000000000004,0.2,0.1,0.1,219,0.21100011486245315
13.76165151255218,12.031795047749755,13.541487962486416,13.238405672785497,0.30000000000000004,0.2,0.1,0.1,219,0.2100048313017812
13.755932978784237,12.068965517241379,13.544347229370388,13.3070280780008,0.30000000000000004,0.2,0.1,0.1,231,0.20863631640585728
13.73305884371247,12.143306456224622,13.544347229370388,13.3070280780008,0.30000000000000004,0.2,0.1,0.1,230,0.20664574928451337
13.724481043060557,12.117573054268885,13.544347229370388,13.24984274032138,0.30000000000000004,0.2,0.1,0.1,230,0.20440636127300146
13.67015497226511,12.151884256876535,13.541487962486416,13.261279807857264,0.30000000000000004,0.2,0.1,0.1,229,0.2020425628164056
13.61011036770172,12.143306456224622,13.544347229370388,13.28129467604506,0.30000000000000004,0.2,0.1,0.1,223,0.19955435391472573
13.55006576313833,12.154743523760505,13.572939898210096,13.327042946188596,0.2,0.2,0.1,0.1,239,0.19706614501304587
13.530050894950532,12.160462057528449,13.598673300165837,13.347057814376392,0.2,0.2,0.1,0.1,236,0.19470234655645
13.504317492994796,12.169039858180362,13.61011036770172,13.332761479956538,0.2,0.2,0.1,0.1,236,0.1925873689900221
13.512895293646707,12.231943729627723,13.604391833933777,13.332761479956538,0.2,0.2,0.0,0.1,235,0.19022357053342623
13.567221364442156,12.25767713158346,13.587236232629953,13.332761479956538,0.2,0.2,0.0,0.1,227,0.18785977207683036
13.604391833933777,12.214788128323896,13.61011036770172,13.392806084519929,0.2,0.2,0.0,0.1,244,0.18487392139481448
13.587236232629953,12.229084462743751,13.6415623034254,13.372791216332132,0.2,0.2,0.0,0.1,239,0.18188807071279864
13.530050894950532,12.206210327671982,13.6415623034254,13.418539486475666,0.2,0.2,0.0,0.1,240,0.1789022200307828
13.49288042545891,12.271973466003315,13.673014239149081,13.378509750100072,0.2,0.2,0.0,0.0,241,0.1766628320192709
13.524332361182593,12.323440269914792,13.652999370961284,13.367072682564189,0.2,0.1,0.0,0.0,232,0.17516990667826302
13.561502830674213,12.329158803682734,13.647280837193343,13.42425802024361,0.2,0.1,0.0,0.0,250,0.17429903356267504
13.61582890146966,12.332018070566706,13.635843769657457,13.42997655401155,0.2,0.1,0.0,0.0,250,0.17380139178233908
13.658717904729226,12.323440269914792,13.624406702121574,13.435695087779493,0.2,0.1,0.0,0.0,246,0.17355257089217105
13.673014239149081,12.3720478069423,13.658717904729226,13.46142848973523,0.2,0.1,0.0,0.0,245,0.1730549291118351
13.727340309944529,12.417796077085834,13.635843769657457,13.392806084519929,0.2,0.1,0.0,0.0,236,0.17243287688641515
13.76165151255218,12.443529479041572,13.678732772917023,13.472865557271113,0.2,0.1,0.0,0.0,236,0.1713131828806592
13.793103448275861,12.43495167838966,13.70160690798879,13.46142848973523,0.1,0.1,0.0,0.0,256,0.17019348887490324
13.844570252187339,12.460685080345398,13.750214445016297,13.498598959226854,0.1,0.1,0.0,0.0,254,0.1688249739789793
13.893177789214844,12.426373877737747,13.750214445016297,13.498598959226854,0.1,0.1,0.0,0.0,255,0.16770527997322335
13.938926059358378,12.489277749185108,13.755932978784237,13.449991422199346,0.1,0.1,0.0,0.0,255,0.16658558596746745
13.91033339051867,12.515011151140847,13.76737004632012,13.518613827414649,0.1,0.1,0.0,0.0,247,0.16534148151662748
13.88174072167896,12.489277749185108,13.773088580088064,13.449991422199346,0.1,0.1,0.0,0.0,267,0.16397296662070354
13.861725853491164,12.520729684908789,13.827414650883512,13.512895293646707,0.1,0.1,0.0,0.0,263,0.16223122038952764
13.88174072167896,12.480699948533195,13.856007319723222,13.518613827414649,0.1,0.1,0.0,0.0,260,0.15999183237801576
13.938926059358378,12.537885286212614,13.850288785955279,13.504317492994796,0.1,0.1,0.0,0.0,263,0.15762803392141989
13.956081660662205,12.597929890776005,13.844570252187339,13.555784296906273,0.1,0.1,0.0,0.0,257,0.15513982501974002
13.950363126894262,12.583633556356148,13.827414650883512,13.49288042545891,0.1,0.1,0.0,0.0,277,0.15252720567297615
13.944644593126322,12.592211357008061,13.850288785955279,13.55006576313833,0.1,0.1,0.0,0.0,273,0.1496657654360443
13.944644593126322,12.640818894035569,13.861725853491164,13.57865843197804,0.1,0.1,0.0,0.0,272,0.1475507878696164
13.904614856750728,12.615085492079828,13.870303654143076,13.61582890146966,0.1,0.1,0.0,0.0,271,0.1458090416384405
13.815977583347628,12.695144964831016,13.887459255446903,13.630125235889517,0.1,0.1,0.0,0.0,264,0.1440672954072646
13.673014239149081,12.715159833018813,13.893177789214844,13.598673300165837,0.1,0.1,0.0,0.0,284,0.14220113873100468
13.673014239149081,12.775204437582202,13.904614856750728,13.664436438497168,0.1,0.1,0.0,0.0,281,0.14045939249982878
13.76737004632012,12.803797106421912,13.916051924286611,13.6415623034254,0.1,0.1,0.0,0.0,280,0.13909087760390484
13.861725853491164,12.775204437582202,13.916051924286611,13.690169840452906,0.1,0.1,0.0,0.0,278,0.1380955940432329
13.867444387259106,12.846686109681476,13.91033339051867,13.718762509292617,0.1,0.1,0.0,0.0,269,0.13710031048256094
13.821696117115572,12.82667124149368,13.916051924286611,13.684451306684965,0.1,0.1,0.0,0.0,289,0.136105026921889
13.804540515811745,12.849545376565446,13.973237261966032,13.773088580088064,0.1,0.1,0.0,0.0,288,0.13498533291613307
13.844570252187339,12.895293646708982,13.973237261966032,13.727340309944529,0.1,0.1,0.0,0.0,286,0.1339900493554611
13.876022187911019,12.880997312289129,13.967518728198089,13.784525647623948,0.1,0.1,0.0,0.0,285,0.13287035534970515
13.904614856750728,12.926745582432662,13.967518728198089,13.787384914507918,0.1,0.0,0.0,0.0,276,0.13125301956361327
13.921770458054553,12.952478984388403,13.961800194430147,13.773088580088064,0.1,0.0,0.0,0.0,285,0.12938686288735335
13.950363126894262,12.923886315548692,13.996111397037799,13.804540515811745,0.1,0.0,0.0,0.0,287,0.12727188532092545
14.018985532109566,13.001086521415907,14.018985532109566,13.798821982043801,0.1,0.0,0.0,0.0,295,0.12503249730941357
14.110482072396636,13.00966432206782,14.0647338022531,13.856007319723222,0.1,0.0,0.0,0.0,291,0.12316634063315367
14.18482301137988,13.055412592211356,14.084748670440897,13.844570252187339,0.1,0.0,0.0,0.0,282,0.12142459440197775
14.144793275004288,13.09544232858695,14.104763538628694,13.887459255446903,0.1,0.0,0.0,0.0,281,0.11968284817080184
14.099045004860752,13.063990392863268,14.133356207468404,13.91033339051867,0.0,0.0,0.0,0.0,292,0.11769228104945795
14.127637673700463,13.138331331846514,14.18482301137988,13.870303654143076,0.0,0.0,0.0,0.0,304,0.11607494526336602
14.161948876308113,13.1297535311946,14.219134213987534,13.967518728198089,0.0,0.0,0.0,0.0,300,0.11470643036744209
14.167667410076056,13.184079601990048,14.201978612683707,13.88174072167896,0.0,0.0,0.0,0.0,290,0.11333791547151817
14.14765254188826,13.204094470177845,14.219134213987534,13.938926059358378,0.0,0.0,0.0,0.0,289,0.11184499013051025
14.127637673700463,13.169783267570194,14.239149082175329,13.950363126894262,0.0,0.0,0.0,0.0,300,0.1106008856796703
14.156230342540171,13.218390804597702,14.262023217247098,13.961800194430147,0.0,0.0,0.0,0.0,307,0.10960560211899836
14.173385943843996,13.235546405901525,14.273460284782981,13.990392863269856,0.0,0.0,0.0,0.0,305,0.1091079603386624
14.196260078915763,13.341339280608452,14.2420083490593,13.973237261966032,0.0,0.0,0.0,0.0,294,0.1087347290034104
14.207697146451647,13.358494881912275,14.236289815291357,14.016126265225596,0.0,0.0,0.0,0.0,293,0.10823708722307443
14.18482301137988,13.327042946188596,14.24486761594327,13.984674329501916,0.0,0.0,0.0,0.0,302,0.10761503499765447
14.190541545147823,13.384228283868016,14.284897352318865,14.053296734717216,0.0,0.0,0.0,0.0,298,0.10674416188206651
14.2420083490593,13.378509750100072,14.307771487390632,14.099045004860752,0.0,0.0,0.0,0.0,315,0.10537564698614259
14.30205295362269,13.441413621547433,14.324927088694457,14.110482072396636,0.0,0.0,0.0,0.0,299,0.10400713209021865
14.324927088694457,13.49288042545891,14.344941956882254,14.139074741236346,0.0,0.0,0.0,0.0,298,0.10251420674921072
14.3306456224624,13.49288042545891,14.373534625721964,14.127637673700463,0.0,0.0,0.0,0.0,311,0.1010212814082028
14.350660490650196,13.535769428718476,14.402127294561675,14.190541545147823,0.0,0.0,0.0,0.0,306,0.0994039456221109
14.373534625721964,13.518613827414649,14.439297764053295,14.201978612683707,0.0,0.0,0.0,0.0,320,0.09840866206143893
14.384971693257848,13.587236232629953,14.487905301080803,14.221993480871504,0.0,0.0,0.0,0.0,303,0.097164557610599
14.390690227025788,13.598673300165837,14.482186767312859,14.236289815291357,0.0,0.0,0.0,0.0,302,0.09592045315975907
14.436438497169325,13.555784296906273,14.470749699776976,14.267741751015038,0.0,0.0,0.0,0.0,316,0.09467634870891913
14.499342368616686,13.587236232629953,14.525075770572425,14.273460284782981,0.0,0.0,0.0,0.0,308,0.0935566547031632
14.605135243323609,13.604391833933777,14.54223137187625,14.267741751015038,0.0,0.0,0.0,0.0,329,0.09256137114249124
14.676616915422883,13.724481043060557,14.553668439412133,14.307771487390632,0.0,0.0,0.0,0.0,316,0.09206372936215526
14.716646651798477,13.690169840452906,14.573683307599929,14.284897352318865,0.0,0.0,0.0,0.0,315,0.0916904980269033
14.773831989477896,13.70160690798879,14.605135243323609,14.324927088694457,0.0,0.0,0.0,0.0,326,0.0916904980269033
14.796706124549663,13.755932978784237,14.65946131411906,14.36781609195402,0.0,0.0,0.0,0.0,318,0.09156608758181928
14.779550523245838,13.724481043060557,14.702350317378622,14.36781609195402,0.0,0.0,0.0,0.0,339,0.09144167713673529
14.765254188825983,13.821696117115572,14.730942986218333,14.445016297821239,0.0,0.0,0.0,0.0,323,0.09106844580148331
14.759535655058043,13.815977583347628,14.773831989477896,14.379253159489904,0.0,0.0,0.0,0.0,333,0.09069521446623133
14.78526905701378,13.88174072167896,14.773831989477896,14.505060902384628,0.0,0.0,0.0,0.0,335,0.08982434135064339
14.793846857665693,13.938926059358378,14.808143192085547,14.45359409847315,0.0,0.0,0.0,0.0,330,0.08907787868013942
14.805283925201577,13.956081660662205,14.81672099273746,14.499342368616686,0.0,0.0,0.0,0.0,349,0.08808259511946748
14.802424658317607,13.978955795733972,14.839595127809227,14.51077943615257,0.0,0.0,0.0,0.0,332,0.08683849066862753
14.836735860925257,13.961800194430147,14.853891462229084,14.536512838108308,0.0,0.0,0.0,0.0,344,0.0857187966628716
14.879624864184821,14.001829930805739,14.87390633041688,14.559386973180075,0.0,0.0,0.0,0.0,331,0.08484792354728364
14.951106536284096,13.990392863269856,14.893921198604676,14.579401841367872,0.0,0.0,0.0,0.0,333,0.08410146087677968
15.005432607079545,14.070452336021043,14.896780465488648,14.616572310859496,0.0,0.0,0.0,0.0,354,0.0833549982062757
15.042603076571165,14.076170869788985,14.945388002516154,14.63372791216332,0.0,0.0,0.0,0.0,336,0.08273294598085575
15.059758677874992,14.121919139932519,14.99399553954366,14.702350317378622,0.0,0.0,0.0,0.0,352,0.08223530420051978
15.0883513467147,14.133356207468404,15.028306742151312,14.66232058100303,0.0,0.0,0.0,0.0,340,0.08136443108493181
15.154114485046032,14.173385943843996,15.048321610339109,14.72808371933436,0.0,0.0,0.0,0.0,361,0.08061796841442785
15.214159089609423,14.224852747755474,15.108366214902498,14.742380053754216,0.0,0.0,0.0,0.0,360,0.0797470952988399
15.197003488305596,14.224852747755474,15.142677417510148,14.779550523245838,0.0,0.0,0.0,0.0,342,0.07924945351850393
15.108366214902498,14.290615886086806,15.159833018813975,14.796706124549663,0.0,0.0,0.0,0.0,354,0.07875181173816795
15.074055012294846,14.296334419854748,15.182707153885742,14.796706124549663,0.0,0.0,0.0,0.0,342,0.07825416995783198
15.108366214902498,14.319208554926515,15.188425687653686,14.822439526505404,0.0,0.0,0.0,0.0,360,0.077756528177496
15.168410819465889,14.33636415623034,15.214159089609423,14.836735860925257,0.0,0.0,0.0,0.0,342,0.07725888639716003
15.23417395779722,14.324927088694457,15.214159089609423,14.916795333676443,0.0,0.0,0.0,0.0,342,0.07676124461682406
15.282781494824725,14.390690227025788,15.254188825985016,14.87390633041688,0.0,0.0,0.0,0.0,354,0.07589037150123609
15.339966832504144,14.384971693257848,15.248470292217073,14.916795333676443,0.0,0.0,0.0,0.0,342,0.07477067749548015
15.38571510264768,14.445016297821239,15.274203694172813,14.945388002516154,0.0,0.0,0.0,0.0,360,0.07365098348972421
15.391433636415622,14.487905301080803,15.322811231200319,14.976839938239834,0.0,0.0,0.0,0.0,343,0.07240687903888426
15.348544633156058,14.473608966660947,15.348544633156058,15.042603076571165,0.0,0.0,0.0,0.0,357,0.07116277458804433
15.322811231200319,14.553668439412133,15.374278035111796,15.034025275919252,0.0,0.0,0.0,0.0,342,0.06966984924703641
15.342826099388116,14.54223137187625,15.425744839023274,15.062617944758962,0.0,0.0,0.0,0.0,342,0.06830133435111248
15.379996568879736,14.625150111511406,15.457196774746954,15.059758677874992,0.0,0.0,0.0,0.0,359,0.06705722990027255
15.400011437067533,14.605135243323609,15.468633842282838,15.108366214902498,0.0,0.0,0.0,0.0,342,0.0659375358945166
15.431463372791214,14.679476182306855,15.494367244238575,15.079773546062789,0.0,0.0,0.0,0.0,357,0.06494225233384467
15.45147824097901,14.699491050494652,15.502945044890488,15.156973751930003,0.0,0.0,0.0,0.0,340,0.06419578966334069
15.477211642934751,14.742380053754216,15.525819179962257,15.139818150626178,0.0,0.0,0.0,0.0,362,0.06332491654775274
15.500085778006518,14.773831989477896,15.54011551438211,15.228455424029276,0.0,0.0,0.0,0.0,343,0.062329632987080795
15.562989649453877,14.730942986218333,15.562989649453877,15.214159089609423,0.0,0.0,0.0,0.0,343,0.06096111809115686
15.594441585177558,14.742380053754216,15.57156745010579,15.217018356493393,0.0,0.0,0.0,0.0,355,0.059592603195232935
15.594441585177558,14.773831989477896,15.588723051409618,15.242751758449133,0.0,0.0,0.0,0.0,339,0.05797526740914102
15.600160118945501,14.879624864184821,15.640189855321095,15.282781494824725,0.0,0.0,0.0,0.0,357,0.05648234206813309
15.591582318293588,14.882484131068793,15.648767655973009,15.314233430548406,0.0,0.0,0.0,0.0,339,0.055362648062377146
15.577285983873734,14.939669468748212,15.657345456624919,15.371418768227825,0.0,0.0,0.0,0.0,354,0.0544917749467892
15.583004517641674,14.942528735632182,15.694515926116543,15.411448504603417,0.0,0.0,0.0,0.0,341,0.053745312276285234
15.600160118945501,14.996854806427631,15.725967861840223,15.405729970835477,0.0,0.0,0.0,0.0,359,0.052874439160697284
15.625893520901238,15.014010407731455,15.774575398867729,15.457196774746954,0.0,0.0,0.0,0.0,360,0.05175474515494134
15.657345456624919,15.0883513467147,15.774575398867729,15.41716703837136,0.0,0.0,0.0,0.0,338,0.0505106407041014
15.671641791044776,15.096929147366614,15.783153199519642,15.502945044890488,0.0,0.0,0.0,0.0,353,0.04914212580817747
15.71453079430434,15.128381083090295,15.78029393263567,15.488648710470635,0.0,0.0,0.0,0.0,344,0.047649200467169556
15.78029393263567,15.1769886201178,15.811745868359353,15.562989649453877,0.0,0.0,0.0,0.0,362,0.04603186468107763
15.823182935895236,15.154114485046032,15.84033853719906,15.531537713730199,0.0,0.0,0.0,0.0,341,0.04478776023023769
15.806027334591409,15.217018356493393,15.846057070967003,15.551552581917994,0.0,0.0,0.0,0.0,354,0.043792476669565754
15.823182935895236,15.214159089609423,15.857494138502886,15.583004517641674,0.0,0.0,0.0,0.0,342,0.04317042444414578
15.84033853719906,15.288500028592667,15.894664607994509,15.645908389089035,0.0,0.0,0.0,0.0,341,0.042797193108893794
15.917538743066277,15.274203694172813,15.9547092125579,15.683078858580659,0.0,0.0,0.0,0.0,359,0.042299551328557825
16.000457482701435,15.348544633156058,15.994738948933492,15.683078858580659,0.0,0.0,0.0,0.0,341,0.04205073043838984
16.020472350889232,15.371418768227825,16.026190884657172,15.700234459884484,0.0,0.0,0.0,0.0,353,0.04167749910313785
16.020472350889232,15.41716703837136,16.043346485961,15.743123463144048,0.0,0.0,0.0,0.0,341,0.04093103643263389
16.060502087264823,15.437181906559157,16.066220621032766,15.754560530679932,0.0,0.0,0.0,0.0,359,0.04018457376212993
16.106250357408356,15.480070909818721,16.071939154800706,15.820323669011263,0.0,0.0,0.0,0.0,340,0.03943811109162597
16.129124492480127,15.482930176702691,16.106250357408356,15.791731000171556,0.0,0.0,0.0,0.0,352,0.038816058866206
16.166294961971747,15.50866357865843,16.134843026248067,15.806027334591409,0.0,0.0,0.0,0.0,341,0.03831841708587003
16.212043232115285,15.534396980614169,16.17201349573969,15.8660719391548,0.0,0.0,0.0,0.0,340,0.03806959619570204
16.28638417109853,15.54011551438211,16.183450563275574,15.851775604734943,0.0,0.0,0.0,0.0,358,0.03782077530553406
16.309258306170296,15.565848916337849,16.20632469834734,15.906101675530392,0.0,0.0,0.0,0.0,339,0.037571954415366066
16.309258306170296,15.588723051409618,16.25779150225882,15.888946074226567,0.0,0.0,0.0,0.0,351,0.037198723080114085
16.323554640590153,15.640189855321095,16.323554640590153,15.96042774632584,0.0,0.0,0.0,0.0,339,0.036452260409610124
16.369302910733687,15.654486189740949,16.369302910733687,15.948990678789956,0.0,0.0,0.0,0.0,357,0.03533256640385418
16.403614113341337,15.705952993652426,16.386458512037514,16.01475381712129,0.0,0.0,0.0,0.0,339,0.034337282843182236
16.40933264710928,15.6887973923486,16.40933264710928,15.98902041516555,0.0,0.0,0.0,0.0,351,0.03321758883742629
16.426488248413104,15.754560530679932,16.46079945102076,16.04906501972894,0.0,0.0,0.0,0.0,339,0.03197348438658636
16.44936238348487,15.768856865099787,16.48081431920855,16.006176016469375,0.0,0.0,0.0,0.0,359,0.030978200825914404
16.437925315948988,15.886086807342597,16.47509578544061,16.100531823640416,0.0,0.0,0.0,0.0,339,0.03035614860049444
16.44936238348487,15.911820209298334,16.455080917252815,16.1119688911763,0.0,0.0,0.0,0.0,354,0.029858506820158465
16.49796992051238,15.926116543718189,16.486532852976495,16.160576428203807,0.0,0.0,0.0,0.0,353,0.02936086503982249
16.56373305884371,15.90038314176245,16.520844055584146,16.100531823640416,0.0,0.0,0.0,0.0,341,0.028863223259486516
16.575170126379593,15.93183507748613,16.56373305884371,16.14056156001601,0.0,0.0,0.0,0.0,358,0.028365581479150543
16.575170126379593,15.937553611254073,16.586607193915476,16.166294961971747,0.0,0.0,0.0,0.0,340,0.02761911880864658
16.575170126379593,16.026190884657172,16.603762795219303,16.240635900954995,0.0,0.0,0.0,0.0,353,0.026872656138142617
16.609481328987247,16.026190884657172,16.629496197175044,16.269228569794702,0.0,0.0,0.0,0.0,340,0.026001783022554664
16.62091839652313,16.037627952193056,16.669525933550638,16.309258306170296,0.0,0.0,0.0,0.0,358,0.025130909906966706
16.598044261451363,16.094813289872473,16.695259335506375,16.28638417109853,0.0,0.0,0.0,0.0,341,0.024384447236462742
16.615199862755187,16.134843026248067,16.729570538114025,16.34642877566192,0.0,0.0,0.0,0.0,353,0.023637984565958784
16.65237033224681,16.17201349573969,16.723852004346085,16.357865843197803,0.0,0.0,0.0,0.0,342,0.02314034278562281
16.70097786927432,16.2006061645794,16.723852004346085,16.41505118087722,0.0,0.0,0.0,0.0,359,0.022767111450370827
16.729570538114025,16.240635900954995,16.729570538114025,16.420769714645164,0.0,0.0,0.0,0.0,341,0.02214505922495086
16.749585406301822,16.263510036026762,16.755303940069766,16.44936238348487,0.0,0.0,0.0,0.0,353,0.021274186109362905
16.79819294332933,16.297821238634413,16.79819294332933,16.47509578544061,0.0,0.0,0.0,0.0,341,0.020154492103606963
16.82964487905301,16.28638417109853,16.82964487905301,16.47509578544061,0.0,0.0,0.0,0.0,342,0.019159208542935013
16.852519014124777,16.309258306170296,16.86681534854463,16.509406988048262,0.0,0.0,0.0,0.0,358,0.018163924982263067
16.878252416080514,16.363584376965747,16.903985818036254,16.549436724423856,0.0,0.0,0.0,0.0,339,0.01729305186667511
16.921141419340078,16.41505118087722,16.93257848687596,16.569451592611653,0.0,0.0,0.0,0.0,355,0.01654658919617115
16.909704351804194,16.426488248413104,16.96403042259964,16.615199862755187,0.0,0.0,0.0,0.0,339,0.01617335786091917
16.92685995310802,16.469377251672668,16.995482358323322,16.65237033224681,0.0,0.0,0.0,0.0,357,0.01592453697075118
16.969748956367585,16.47509578544061,17.032652827814946,16.68382226797049,0.0,0.0,0.0,0.0,340,0.015675716080583196
17.032652827814946,16.543718190655913,17.04123062846686,16.663807399782694,0.0,0.0,0.0,0.0,354,0.015551305635499202
17.084119631726423,16.56373305884371,17.064104763538626,16.689540801738435,0.0,0.0,0.0,0.0,340,0.015302484745331212
17.147023503173784,16.615199862755187,17.10413449991422,16.7124149368102,0.0,0.0,0.0,0.0,358,0.015053663855163225
17.18705323954938,16.62091839652313,17.12986790186996,16.79819294332933,0.0,0.0,0.0,0.0,341,0.014680432519911244
17.21850517527306,16.65237033224681,17.147023503173784,16.772459541373593,0.0,0.0,0.0,0.0,355,0.014431611629743258
17.238520043460856,16.640933264710927,17.172756905129525,16.772459541373593,0.0,0.0,0.0,0.0,343,0.014058380294491276
17.269971979184536,16.65808886601475,17.229942242808942,16.778178075141533,0.0,0.0,0.0,0.0,360,0.01380955940432329
17.28140904672042,16.7124149368102,17.275690512952476,16.858237547892717,0.0,0.0,0.0,0.0,343,0.013685148959239297
17.301423914908217,16.71813347057814,17.310001715560126,16.86681534854463,0.0,0.0,0.0,0.0,358,0.013685148959239297
17.275690512952476,16.743866872533882,17.321438783096013,16.941156287527875,0.0,0.0,0.0,0.0,342,0.013685148959239297
17.289986847372333,16.792474409561386,17.335735117515867,16.909704351804194,0.0,0.0,0.0,0.0,359,0.013436328069071309
17.31572024932807,16.815348544633157,17.335735117515867,16.989763824555382,0.0,0.0,0.0,0.0,345,0.013063096733819328
17.310001715560126,16.852519014124777,17.335735117515867,16.952593355063758,0.0,0.0,0.0,0.0,359,0.012565454953483353
17.310001715560126,16.889689483616397,17.31572024932807,17.00977869274318,0.0,0.0,0.0,0.0,349,0.012067813173147379
17.301423914908217,16.93257848687596,17.289986847372333,16.9783267570195,0.0,0.0,0.0,0.0,346,0.011570171392811406
17.34717218505175,16.94687482129582,17.310001715560126,17.058386229770687,0.0,0.0,0.0,0.0,360,0.011196940057559423
17.341453651283807,16.941156287527875,17.31572024932807,17.01549722651112,0.0,0.0,0.0,0.0,346,0.01107252961247543
17.301423914908217,16.98404529078744,17.31572024932807,17.052667696002743,0.0,0.0,0.0,0.0,360,0.010823708722307443
17.25567564476468,16.9783267570195,17.31572024932807,17.084119631726423,0.0,0.0,0.0,0.0,344,0.010574887832139456
17.24995711099674,17.064104763538626,17.295705381140273,17.16703837136158,0.0,0.0,0.0,0.0,358,0.01032606694197147
17.224223709041002,17.052667696002743,17.310001715560126,17.147023503173784,0.0,0.0,0.0,0.0,344,0.010077246051803481
17.224223709041002,17.058386229770687,17.301423914908217,17.21278664150512,0.0,0.0,0.0,0.0,359,0.0097040147165515
17.21850517527306,17.07268256419054,17.321438783096013,17.16703837136158,0.0,0.0,0.0,0.0,335,0.00933078338129952
17.224223709041002,17.121290101218047,17.295705381140273,17.204208840853205,0.0,0.0,0.0,0.0,353,0.008833141600963546
17.229942242808942,17.121290101218047,17.28140904672042,17.204208840853205,0.0,0.0,0.0,0.0,335,0.00833549982062757
17.264253445416593,17.178475438897465,17.275690512952476,17.18705323954938,0.0,0.0,0.0,0.0,356,0.007837858040291598
17.310001715560126,17.121290101218047,17.289986847372333,17.19277177331732,0.0,0.0,0.0,0.0,331,0.007464626705039616
17.295705381140273,17.19277177331732,17.28140904672042,17.19849030708526,0.0,0.0,0.0,0.0,331,0.007091395369787636
17.335735117515867,17.121290101218047,17.327157316863953,17.19277177331732,0.0,0.0,0.0,0.0,335,0.006842574479619648
17.34717218505175,17.16703837136158,17.34717218505175,17.224223709041002,0.0,0.0,0.0,0.0,312,0.006469343144367668
17.372905587007487,17.12986790186996,17.392920455195284,17.21850517527306,0.0,0.0,0.0,0.0,324,0.0060961118091156855
17.3814833876594,17.178475438897465,17.418653857151025,17.238520043460856,0.0,0.0,0.0,0.0,334,0.005722880473863705
17.341453651283807,17.147023503173784,17.40721678961514,17.269971979184536,0.0,0.0,0.0,0.0,310,0.005225238693527731
17.321438783096013,17.238520043460856,17.418653857151025,17.269971979184536,0.0,0.0,0.0,0.0,328,0.004727596913191757
17.361468519471604,17.204208840853205,17.41293532338308,17.310001715560126,0.0,0.0,0.0,0.0,329,0.0042299551328557825
17.467261394178532,17.244238577228796,17.472979927946472,17.264253445416593,0.0,0.0,0.0,0.0,302,0.003981134242687795
17.558757934465604,17.229942242808942,17.533024532509863,17.295705381140273,0.0,0.0,0.0,0.0,325,0.0036079029074358145
17.593069137073254,17.25567564476468,17.558757934465604,17.25567564476468,0.0,0.0,0.0,0.0,331,0.00311026112709984
17.598787670841194,17.269971979184536,17.533024532509863,17.34717218505175,0.0,0.0,0.0,0.0,308,0.0028614402369318524
17.573054268885457,17.289986847372333,17.533024532509863,17.289986847372333,0.0,0.0,0.0,0.0,325,0.0026126193467638655
17.567335735117513,17.25567564476468,17.533024532509863,17.31572024932807,0.0,0.0,0.0,0.0,336,0.002488208901679872
17.573054268885457,17.238520043460856,17.5787728026534,17.327157316863953,0.0,0.0,0.0,0.0,313,0.0021149775664278912
17.61308400526105,17.321438783096013,17.633098873448848,17.3814833876594,0.0,0.0,0.0,0.0,318,0.001617335786091917
17.633098873448848,17.327157316863953,17.67312860982444,17.372905587007487,0.0,0.0,0.0,0.0,339,0.001244104450839936
17.638817407216788,17.355749985703664,17.70743981243209,17.452965059758675,0.0,0.0,0.0,0.0,329,0.0007464626705039615
17.713158346200032,17.3814833876594,17.7360324812718,17.42723165780294,0.0,0.0,0.0,0.0,320,0.0002488208901679872
17.776062217647393,17.418653857151025,17.790358552067246,17.40721678961514,0.0,0.0,0.0,0.0,320,-0.0001244104450839936
17.85898095728255,17.418653857151025,17.838966089094754,17.418653857151025,0.0,0.0,0.0,0.0,334,-0.0004976417803359744
17.913307028078,17.48727626236633,17.844684622862697,17.432950191570878,0.0,0.0,0.0,0.0,341,-0.0007464626705039615
17.94189969691771,17.472979927946472,17.878995825470348,17.478698461714416,0.0,0.0,0.0,0.0,331,-0.0011196940057559425
17.94189969691771,17.573054268885457,17.88757362612226,17.533024532509863,0.0,0.0,0.0,0.0,328,-0.0013685148959239298
17.927603362497855,17.52444673185795,17.899010693658145,17.51872819809001,0.0,0.0,0.0,0.0,346,-0.0017417462311759104
17.913307028078,17.544461600045747,17.92188482872991,17.544461600045747,0.0,0.0,0.0,0.0,334,-0.0021149775664278912
17.97049236575742,17.544461600045747,17.99908503459713,17.61308400526105,0.0,0.0,0.0,0.0,344,-0.002488208901679872
17.984788700177273,17.61880253902899,18.024818436552867,17.593069137073254,0.0,0.0,0.0,0.0,334,-0.002985850682015846
18.024818436552867,17.61308400526105,18.053411105392577,17.65311374163664,0.0,0.0,0.0,0.0,325,-0.003359082017267827
18.03911477097272,17.6473952078687,18.09630010865214,17.638817407216788,0.0,0.0,0.0,0.0,343,-0.003732313352519808
18.06770743981243,17.67312860982444,18.10487790930405,17.70743981243209,0.0,0.0,0.0,0.0,334,-0.003981134242687795
18.16778178075141,17.721736146851946,18.16778178075141,17.721736146851946,0.0,0.0,0.0,0.0,323,-0.004354365577939776
18.27643392234231,17.76176588322754,18.21067078401098,17.76176588322754,0.0,0.0,0.0,0.0,332,-0.004727596913191757
18.356493395093498,17.810373420255043,18.290730256762163,17.741751015039743,0.0,0.0,0.0,0.0,325,-0.005225238693527731
18.37078972951335,17.816091954022987,18.33361926002173,17.747469548807683,0.0,0.0,0.0,0.0,340,-0.005722880473863705
18.385086063933205,17.79607708583519,18.39366386458512,17.781780751415337,0.0,0.0,0.0,0.0,333,-0.0060961118091156855
18.445130668496596,17.878995825470348,18.465145536684393,17.83038828844284,0.0,0.0,0.0,0.0,325,-0.00622052225419968
18.510893806827927,17.873277291702404,18.502316006176017,17.864699491050494,0.0,0.0,0.0,0.0,327,-0.00622052225419968
18.556642076971464,17.927603362497855,18.58523474581117,17.913307028078,0.0,0.0,0.0,0.0,319,-0.006344932699283674
18.58523474581117,17.93618116314977,18.682449819866186,17.961914565105506,0.0,0.0,0.0,0.0,337,-0.006593753589451661
18.61668668153485,18.00480356836507,18.72247955624178,17.94189969691771,0.0,0.0,0.0,0.0,333,-0.006966984924703642
18.65385715102647,18.00480356836507,18.736775890661633,18.053411105392577,0.0,0.0,0.0,0.0,321,-0.007464626705039616
18.713901755589866,18.06770743981243,18.6910276205181,17.97049236575742,0.0,0.0,0.0,0.0,329,-0.007713447595207603
18.768227826385314,18.10487790930405,18.705323954937953,18.053411105392577,0.0,0.0,0.0,0.0,325,-0.007837858040291598
18.831131697832674,18.139189111911705,18.773946360153253,18.061988906044487,0.0,0.0,0.0,0.0,338,-0.00796226848537559
18.85114656602047,18.16778178075141,18.85114656602047,18.09630010865214,0.0,0.0,0.0,0.0,331,-0.008086678930459584
18.88259850174415,18.139189111911705,18.948361640075483,18.147766912563615,0.0,0.0,0.0,0.0,336,-0.00833549982062757
18.914050437467832,18.2478412535026,19.014124778406813,18.176359581403325,0.0,0.0,0.0,0.0,326,-0.008584320710795559
18.9369245725396,18.290730256762163,19.077028649854174,18.196374449591122,0.0,0.0,0.0,0.0,320,-0.008833141600963546
18.959798707611366,18.342197060673644,19.079887916738148,18.262137587922457,0.0,0.0,0.0,0.0,326,-0.009206372936215526
19.03128037971064,18.342197060673644,19.094184251158,18.327900726253784,0.0,0.0,0.0,0.0,340,-0.009455193826383514
19.102762051809915,18.37078972951335,19.134213987533595,18.319322925601877,0.0,0.0,0.0,0.0,337,-0.0097040147165515
19.157088122605362,18.45084920226454,19.17996225767713,18.399382398353058,0.0,0.0,0.0,0.0,339,-0.009952835606719487
19.225710527820663,18.525190141247784,19.194258592096983,18.42225653342483,0.0,0.0,0.0,0.0,323,-0.010077246051803481
19.294332933035967,18.608108880882938,19.245725396008464,18.473723337336306,0.0,0.0,0.0,0.0,328,-0.010077246051803481
19.342940470063475,18.562360610739404,19.26859953108023,18.502316006176017,0.0,0.0,0.0,0.0,320,-0.010077246051803481
19.365814605135242,18.636701549722652,19.360096071367302,18.539486475667637,0.0,0.0,0.0,0.0,336,-0.010201656496887474
19.391548007090982,18.63384228283868,19.480185280494076,18.556642076971464,0.0,0.0,0.0,0.0,336,-0.010574887832139456
19.434437010350543,18.6910276205181,19.500200148681877,18.58523474581117,0.0,0.0,0.0,0.0,335,-0.010948119167391438
19.448733344770396,18.7596500257334,19.497340881797903,18.688168353634126,0.0,0.0,0.0,0.0,326,-0.010948119167391438
19.485903814262024,18.7596500257334,19.55166695259335,18.713901755589866,0.0,0.0,0.0,0.0,330,-0.010948119167391438
19.563104020129238,18.79682049522502,19.59741522273689,18.805398295876934,0.0,0.0,0.0,0.0,324,-0.010948119167391438
19.6260078915766,18.836850231600614,19.617430090924685,18.773946360153253,0.0,0.0,0.0,0.0,338,-0.01107252961247543
19.671756161720133,18.928346771887686,19.614570824040715,18.805398295876934,0.0,0.0,0.0,0.0,339,-0.01107252961247543
19.72036369874764,18.94264310630754,19.6260078915766,18.85114656602047,0.0,0.0,0.0,0.0,336,-0.01107252961247543
19.771830502659117,19.014124778406813,19.66317836106822,18.87402070109224,0.0,0.0,0.0,0.0,325,-0.011196940057559423
19.83473437410648,19.045576714130494,19.766111968891174,18.991250643335047,0.0,0.0,0.0,0.0,325,-0.011321350502643417
19.86046777606222,19.03699891347858,19.937667981929433,18.959798707611366,0.0,0.0,0.0,0.0,323,-0.011570171392811406
19.900497512437813,19.054154514782407,20.07491279236004,19.03128037971064,0.0,0.0,0.0,0.0,324,-0.0116945818378954
19.90335677932178,19.102762051809915,20.063475724824155,19.022702579058727,0.0,0.0,0.0,0.0,334,-0.011818992282979392
19.926230914393546,19.20569565963287,20.08349059301195,19.06273231543432,0.0,0.0,0.0,0.0,336,-0.012067813173147379
19.971979184537084,19.214273460284783,20.126379596271512,19.134213987533595,0.0,0.0,0.0,0.0,333,-0.01244104450839936
20.02630525533253,19.254303196660373,20.132098130039456,19.165665923257276,0.0,0.0,0.0,0.0,334,-0.012938686288735336
20.103505461199745,19.254303196660373,20.097786927431805,19.20569565963287,0.0,0.0,0.0,0.0,320,-0.013311917623987314
20.18070566706696,19.30862926745582,20.14067593069137,19.20569565963287,0.0,0.0,0.0,0.0,322,-0.013436328069071309
20.223594670326527,19.422999942814663,20.197861268370787,19.228569794704637,0.0,0.0,0.0,0.0,317,-0.013436328069071309
20.28935780865786,19.42585920969863,20.260765139818147,19.245725396008464,0.0,0.0,0.0,0.0,320,-0.01380955940432329
20.31795047749757,19.463029679190257,20.38085434894493,19.342940470063475,0.0,0.0,0.0,0.0,332,-0.014431611629743258
20.340824612569335,19.422999942814663,20.549551095099215,19.328644135643618,0.0,0.0,0.0,0.0,330,-0.01517807430024722
20.352261680105222,19.465888946074223,20.601017899010692,19.348659003831415,0.0,0.0,0.0,0.0,329,-0.015800126525667188
20.41802481843655,19.614570824040715,20.59244009835878,19.480185280494076,0.0,0.0,0.0,0.0,326,-0.01617335786091917
20.469491622348027,19.605993023388802,20.549551095099215,19.505918682449817,0.0,0.0,0.0,0.0,317,-0.016422178751087157
20.489506490535824,19.646022759764396,20.518099159375534,19.531652084405557,0.0,0.0,0.0,0.0,313,-0.016422178751087157
20.5409732944473,19.65745982730028,20.520958426259504,19.57740035454909,0.0,0.0,0.0,0.0,314,-0.016422178751087157
20.5409732944473,19.72608223251558,20.549551095099215,19.580259621433065,0.0,0.0,0.0,0.0,313,-0.016422178751087157
20.5409732944473,19.82329730657059,20.606736432778636,19.69177102990793,0.0,0.0,0.0,0.0,315,-0.016422178751087157
20.586721564590835,19.849030708526332,20.681077371761877,19.714645164979697,0.0,0.0,0.0,0.0,326,-0.01654658919617115
20.666781037342023,19.900497512437813,20.681077371761877,19.746097100703377,0.0,0.0,0.0,0.0,322,-0.01654658919617115
20.69537370618173,19.86046777606222,20.703951506833643,19.740378566935437,0.0,0.0,0.0,0.0,326,-0.01654658919617115
20.666781037342023,19.889060444901926,20.703951506833643,19.74895636758735,0.0,0.0,0.0,0.0,324,-0.01654658919617115
20.669640304225997,19.99485331960885,20.74112197632527,19.849030708526332,0.0,0.0,0.0,0.0,312,-0.01654658919617115
20.718247841253504,19.99199405272488,20.769714645164978,19.874764110482072,0.0,0.0,0.0,0.0,318,-0.01654658919617115
20.786870246468805,20.07491279236004,20.852633384800136,19.92337164750958,0.0,0.0,0.0,0.0,314,-0.01654658919617115
20.86121118545205,20.049179390404298,20.921255790015437,19.957682850117227,0.0,0.0,0.0,0.0,313,-0.01654658919617115
20.889803854291756,20.126379596271512,20.86121118545205,19.943386515697373,0.0,0.0,0.0,0.0,308,-0.01667099964125514
20.92983359066735,20.189283467718873,20.889803854291756,20.020586721564587,0.0,0.0,0.0,0.0,319,-0.01654658919617115
20.935552124435294,20.189283467718873,20.981300394578827,20.006290387144734,0.0,0.0,0.0,0.0,317,-0.01667099964125514
20.967004060158974,20.252187339166234,21.06707840109796,20.066334991708125,0.0,0.0,0.0,0.0,320,-0.016795410086339134
20.967004060158974,20.223594670326527,21.044204266026192,20.07491279236004,0.0,0.0,0.0,0.0,317,-0.016795410086339134
20.98987819523074,20.217876136558587,21.089952536169726,20.103505461199745,0.0,0.0,0.0,0.0,319,-0.016795410086339134
21.044204266026192,20.332246811917422,21.121404471893406,20.197861268370787,0.0,0.0,0.0,0.0,316,-0.01691982053142313
21.112826671241493,20.346543146337275,21.112826671241493,20.189283467718873,0.0,0.0,0.0,0.0,306,-0.01691982053142313
21.212901012180474,20.395150683364783,21.112826671241493,20.217876136558587,0.0,0.0,0.0,0.0,310,-0.01691982053142313
21.2300566134843,20.37513581517699,21.190026877108707,20.303654143077715,0.0,0.0,0.0,0.0,303,-0.01691982053142313
21.244352947904154,20.43803968662435,21.275804883627835,20.309372676845655,0.0,0.0,0.0,0.0,307,-0.01691982053142313
21.270086349859895,20.5409732944473,21.307256819351515,20.3837136158289,0.0,0.0,0.0,0.0,303,-0.01691982053142313
21.301538285583575,20.569565963287012,21.34728655572711,20.37513581517699,0.0,0.0,0.0,0.0,307,-0.017044230976507122
21.307256819351515,20.586721564590835,21.435923829130207,20.409447017784636,0.0,0.0,0.0,0.0,311,-0.017168641421591118
21.34728655572711,20.629610567850403,21.467375764853887,20.423743352204493,0.0,0.0,0.0,0.0,312,-0.017168641421591118
21.395894092754613,20.638188368502316,21.458797964201974,20.518099159375534,0.0,0.0,0.0,0.0,310,-0.017168641421591118
21.45022016355006,20.681077371761877,21.458797964201974,20.59244009835878,0.0,0.0,0.0,0.0,312,-0.01729305186667511
21.52456110253331,20.703951506833643,21.490249899925654,20.62103276719849,0.0,0.0,0.0,0.0,311,-0.017417462311759103
21.58746497398067,20.77829244581689,21.4759535655058,20.59244009835878,0.0,0.0,0.0,0.0,309,-0.017417462311759103
21.604620575284496,20.852633384800136,21.570309372676842,20.666781037342023,0.0,0.0,0.0,0.0,306,-0.017417462311759103
21.636072511008177,20.86121118545205,21.7418653857151,20.666781037342023,0.0,0.0,0.0,0.0,297,-0.01766628320192709
21.68468004803568,20.89838165494367,21.79047292274261,20.69537370618173,0.0,0.0,0.0,0.0,302,-0.01791510409209508
21.733287585063188,20.952707725739117,21.75902098701893,20.792588780236745,0.0,0.0,0.0,0.0,300,-0.01791510409209508
21.750443186367015,20.921255790015437,21.75902098701893,20.769714645164978,0.0,0.0,0.0,0.0,302,-0.01791510409209508
21.76759878767084,20.944129925087204,21.841939726654083,20.815462915308512,0.0,0.0,0.0,0.0,299,-0.018163924982263067
21.79905072339452,21.052782066678102,21.85909532795791,20.875507519871903,0.0,0.0,0.0,0.0,303,-0.018537156317515045
21.841939726654083,21.058500600446045,21.86481386172585,20.889803854291756,0.0,0.0,0.0,0.0,298,-0.01866156676259904
21.899125064333504,21.09853033682164,21.76759878767084,20.935552124435294,0.0,0.0,0.0,0.0,304,-0.018537156317515045
21.924858466289244,21.112826671241493,21.67610224738377,20.967004060158974,0.0,0.0,0.0,0.0,299,-0.018412745872431052
21.95916966889689,21.184308343340767,21.79905072339452,21.027048664722365,0.0,0.0,0.0,0.0,309,-0.01866156676259904
21.99062160462057,21.28438268427975,22.084977411791613,21.09853033682164,0.0,0.0,0.0,0.0,308,-0.019283618988019006
22.016355006576312,21.275804883627835,22.428089437868127,21.06707840109796,0.0,0.0,0.0,0.0,306,-0.020403312993774948
22.016355006576312,21.252930748556068,22.525304511923142,21.112826671241493,0.0,0.0,0.0,0.0,307,-0.021149775664278912
22.016355006576312,21.31583462000343,22.236518556642075,21.144278606965173,0.0,0.0,0.0,0.0,304,-0.021149775664278912
22.059244009835876,21.338708755075196,21.964888202664838,21.207182478412534,0.0,0.0,0.0,0.0,305,-0.020900954774110924
22.15931835077486,21.418768227826384,21.89054726368159,21.238634414136214,0.0,0.0,0.0,0.0,303,-0.020900954774110924
22.2536741579459,21.467375764853887,22.059244009835876,21.275804883627835,0.0,0.0,0.0,0.0,303,-0.021523006999530893
22.262251958597812,21.48167209927374,22.33087436381312,21.301538285583575,0.0,0.0,0.0,0.0,303,-0.022269469670034854
22.262251958597812,21.50740550122948,22.505289643735345,21.364442157030936,0.0,0.0,0.0,0.0,302,-0.02289152189545482
22.27940755990164,21.570309372676842,22.559615714530793,21.364442157030936,0.0,0.0,0.0,0.0,302,-0.02314034278562281
22.33087436381312,21.596042774632583,22.57677131583462,21.332990221307256,0.0,0.0,0.0,0.0,300,-0.02351357412087479
22.359467032652827,21.693257848687594,22.568193515182706,21.301538285583575,0.0,0.0,0.0,0.0,300,-0.024011215901210765
22.40235603591239,21.636072511008177,22.533882312575052,21.31583462000343,0.0,0.0,0.0,0.0,298,-0.024384447236462742
22.4109338365643,21.661805912963914,22.505289643735345,21.498827700577568,0.0,0.0,0.0,0.0,293,-0.02426003679137875
22.479556241779605,21.718991250643334,22.48813404243152,21.653228112312004,0.0,0.0,0.0,0.0,294,-0.024135626346294757
22.55103791387888,21.7418653857151,22.525304511923142,21.578887173328756,0.0,0.0,0.0,0.0,293,-0.024384447236462742
22.611082518442267,21.807628524046432,22.673986389889627,21.547435237605075,0.0,0.0,0.0,0.0,292,-0.02488208901679872
22.602504717790357,21.881969463029677,22.8541202035798,21.604620575284496,0.0,0.0,0.0,0.0,293,-0.025379730797134695
22.593926917138443,21.899125064333504,22.862698004231714,21.661805912963914,0.0,0.0,0.0,0.0,290,-0.025379730797134695
22.593926917138443,21.924858466289244,22.79121633213244,21.733287585063188,0.0,0.0,0.0,0.0,290,-0.025130909906966706
22.63967518728198,21.964888202664838,22.816949734088176,21.816206324698346,0.0,0.0,0.0,0.0,289,-0.025130909906966706
22.711156859381255,21.91628066563733,22.928461142563044,21.750443186367015,0.0,0.0,0.0,0.0,290,-0.02575296213238668
22.774060730828616,22.0077772059244,23.019957682850116,21.750443186367015,0.0,0.0,0.0,0.0,287,-0.026499424802890637
22.79979413278435,22.10213301309544,23.02853548350203,21.83336192600217,0.0,0.0,0.0,0.0,289,-0.02662383524797463
22.79121633213244,22.06782181048779,23.02853548350203,21.881969463029677,0.0,0.0,0.0,0.0,286,-0.02625060391272265
22.836964602275977,22.13358494881912,23.111454223137184,21.907702864985417,0.0,0.0,0.0,0.0,288,-0.02625060391272265
22.874135071767597,22.16789615142677,23.21438783096014,21.95916966889689,0.0,0.0,0.0,0.0,286,-0.026499424802890637
22.899868473723334,22.210785154686338,23.280150969291473,21.950591868244977,0.0,0.0,0.0,0.0,287,-0.026872656138142617
22.891290673071424,22.270829759249725,23.280150969291473,21.933436266941158,0.0,0.0,0.0,0.0,284,-0.026872656138142617
22.899868473723334,22.313718762509293,23.354491908274717,22.042088408532052,0.0,0.0,0.0,0.0,287,-0.02674824569305862
22.962772345170695,22.2536741579459,23.317321438783093,22.0077772059244,0.0,0.0,0.0,0.0,284,-0.026872656138142617
23.045691084805856,22.287985360553552,23.30874363813118,22.03351060788014,0.0,0.0,0.0,0.0,286,-0.02699706658322661
23.111454223137184,22.34802996511694,23.345914107622804,22.110710813747353,0.0,0.0,0.0,0.0,283,-0.02699706658322661
23.10287642248527,22.393778235260477,23.311602905015153,22.185051752730597,0.0,0.0,0.0,0.0,283,-0.02699706658322661
23.12860982444101,22.43666723852004,23.383084577114424,22.210785154686338,0.0,0.0,0.0,0.0,282,-0.02699706658322661
23.157202493280717,22.470978441127695,23.477440384285465,22.2536741579459,0.0,0.0,0.0,0.0,283,-0.02699706658322661
23.194372962772345,22.533882312575052,23.534625721964886,22.2536741579459,0.0,0.0,0.0,0.0,286,-0.027121477028310605
23.20295076342426,22.533882312575052,23.566077657688567,22.245096357293985,0.0,0.0,0.0,0.0,281,-0.027121477028310605
23.21438783096014,22.542460113226966,23.557499857036653,22.376622633956654,0.0,0.0,0.0,0.0,284,-0.027121477028310605
23.251558300451762,22.602504717790357,23.55464059015268,22.339452164465026,0.0,0.0,0.0,0.0,280,-0.027121477028310605
23.33447704008692,22.631097386630067,23.594670326528274,22.359467032652827,0.0,0.0,0.0,0.0,284,-0.027121477028310605
23.383084577114424,22.648252987933894,23.6318407960199,22.445245039171954,0.0,0.0,0.0,0.0,279,-0.027121477028310605
23.391662377766337,22.70257905872934,23.64327786355578,22.428089437868127,0.0,0.0,0.0,0.0,281,-0.027121477028310605
23.40024017841825,22.728312460685075,23.69474466746726,22.533882312575052,0.0,0.0,0.0,0.0,278,-0.027121477028310605
23.420255046606048,22.79121633213244,23.777663407102416,22.559615714530793,0.0,0.0,0.0,0.0,278,-0.027121477028310605
23.440269914793845,22.88271287241951,23.8577228798536,22.51672671127123,0.0,0.0,0.0,0.0,277,-0.027121477028310605
23.46028478298164,22.8541202035798,23.874878481157428,22.559615714530793,0.0,0.0,0.0,0.0,277,-0.0272458874733946
23.488877451821352,22.845542402927887,23.81769314347801,22.63967518728198,0.0,0.0,0.0,0.0,276,-0.027121477028310605
23.54892205638474,22.88271287241951,23.81769314347801,22.648252987933894,0.0,0.0,0.0,0.0,276,-0.027121477028310605
23.6118259278321,22.937038943214958,23.843426545433747,22.673986389889627,0.0,0.0,0.0,0.0,275,-0.027121477028310605
23.6318407960199,22.94561674386687,23.886315548693315,22.745468061988902,0.0,0.0,0.0,0.0,275,-0.027121477028310605
23.64327786355578,23.019957682850116,23.974952822096416,22.78263853148053,0.0,0.0,0.0,0.0,274,-0.027121477028310605
23.6318407960199,23.06570595299365,24.077886429919367,22.78263853148053,0.0,0.0,0.0,0.0,274,-0.027121477028310605
23.67187053239549,23.082861554297477,24.097901298107164,22.836964602275977,0.0,0.0,0.0,0.0,275,-0.027121477028310605
23.69188540058329,23.111454223137184,24.066449362383484,22.88271287241951,0.0,0.0,0.0,0.0,274,-0.027121477028310605
23.749070738262706,23.18579516212043,24.006404757820093,22.845542402927887,0.0,0.0,0.0,0.0,274,-0.027121477028310605
23.78624120775433,23.14862469262881,24.017841825355976,22.91702407502716,0.0,0.0,0.0,0.0,274,-0.0272458874733946
23.84628581231772,23.14862469262881,24.05787156173157,22.974209412706582,0.0,0.0,0.0,0.0,273,-0.0272458874733946
23.8577228798536,23.24298049979985,24.100760564991134,22.962772345170695,0.0,0.0,0.0,0.0,274,-0.0272458874733946
23.874878481157428,23.24298049979985,24.137931034482758,23.037113284153943,0.0,0.0,0.0,0.0,273,-0.0272458874733946
23.906330416881108,23.320180705667067,24.192257105278205,23.057128152341736,0.0,0.0,0.0,0.0,268,-0.0272458874733946
23.946360153256702,23.354491908274717,24.249442442957623,23.09143935494939,0.0,0.0,0.0,0.0,272,-0.0272458874733946
23.95779722079259,23.411677245954134,24.278035111797333,23.140046891976898,0.0,0.0,0.0,0.0,268,-0.0272458874733946
23.986389889632296,23.391662377766337,24.249442442957623,23.140046891976898,0.0,0.0,0.0,0.0,272,-0.0272458874733946
24.03213815977583,23.403099445302225,24.200834905930115,23.194372962772345,0.0,0.0,0.0,0.0,267,-0.0272458874733946
24.077886429919367,23.477440384285465,24.229427574769826,23.157202493280717,0.0,0.0,0.0,0.0,272,-0.0272458874733946
24.135071767598784,23.503173786241206,24.286612912449243,23.18579516212043,0.0,0.0,0.0,0.0,268,-0.0272458874733946
24.17796077085835,23.477440384285465,24.352376050780578,23.325899239435007,0.0,0.0,0.0,0.0,271,-0.0272458874733946
24.183679304626292,23.546062789500773,24.406702121576025,23.317321438783093,0.0,0.0,0.0,0.0,268,-0.0272458874733946
24.186538571510262,23.6118259278321,24.486761594327213,23.391662377766337,0.0,0.0,0.0,0.0,270,-0.0272458874733946
24.192257105278205,23.64327786355578,24.501057928747066,23.391662377766337,0.0,0.0,0.0,0.0,271,-0.027370297918478594
24.23800537542174,23.66329273174358,24.48390232744324,23.411677245954134,0.0,0.0,0.0,0.0,270,-0.027370297918478594
24.286612912449243,23.720478069423,24.47532452679133,23.420255046606048,0.0,0.0,0.0,0.0,268,-0.027370297918478594
24.37239091896837,23.67187053239549,24.47532452679133,23.44884771544576,0.0,0.0,0.0,0.0,269,-0.027370297918478594
24.41527992222794,23.720478069423,24.501057928747066,23.477440384285465,0.0,0.0,0.0,0.0,267,-0.027370297918478594
24.412420655343965,23.777663407102416,24.53822839823869,23.526047921312973,0.0,0.0,0.0,0.0,268,-0.027370297918478594
24.432435523531765,23.797678275290213,24.63258420540973,23.54892205638474,0.0,0.0,0.0,0.0,267,-0.027370297918478594
24.432435523531765,23.834848744781834,24.764110482072393,23.603248127180187,0.0,0.0,0.0,0.0,265,-0.027494708363562586
24.463887459255446,23.8777377480414,24.789843884028134,23.64327786355578,0.0,0.0,0.0,0.0,265,-0.027494708363562586
24.458168925487502,23.95779722079259,24.772688282724307,23.680448333047405,0.0,0.0,0.0,0.0,265,-0.027494708363562586
24.50677646251501,23.940641619488762,24.764110482072393,23.680448333047405,0.0,0.0,0.0,0.0,265,-0.02761911880864658
24.589695202150168,23.93778235260479,24.809858752215927,23.749070738262706,0.0,0.0,0.0,0.0,266,-0.027743529253730574
24.666895408017382,23.946360153256702,24.89849602561903,23.709041001887115,0.0,0.0,0.0,0.0,265,-0.027867939698814567
24.664036141133412,24.040715960427743,24.952822096414476,23.75193000514668,0.0,0.0,0.0,0.0,264,-0.02799235014389856
24.666895408017382,24.017841825355976,24.944244295762562,23.829130211013894,0.0,0.0,0.0,0.0,265,-0.02799235014389856
24.675473208669292,24.08360496368731,24.98713329902213,23.84628581231772,0.0,0.0,0.0,0.0,263,-0.02799235014389856
24.71264367816092,24.12649396694687,25.061474238005374,23.866300680505514,0.0,0.0,0.0,0.0,264,-0.02811676058898255
24.726940012580773,24.135071767598784,25.13295591010465,23.8777377480414,0.0,0.0,0.0,0.0,263,-0.028365581479150543
24.764110482072393,24.146508835134668,25.152970778292442,23.977812088980382,0.0,0.0,0.0,0.0,262,-0.028614402369318528
24.801280951564014,24.15794590267055,25.187281980900096,23.940641619488762,0.0,0.0,0.0,0.0,262,-0.028489991924234535
24.852747755475495,24.217990507233942,25.135815176988615,23.93778235260479,0.0,0.0,0.0,0.0,261,-0.028489991924234535
24.87562189054726,24.23514610853777,25.152970778292442,23.966375021444502,0.0,0.0,0.0,0.0,261,-0.028489991924234535
24.944244295762562,24.249442442957623,25.26162291988334,24.046434494195687,0.0,0.0,0.0,0.0,260,-0.028614402369318528
24.952822096414476,24.312346314404984,25.35597872705438,24.097901298107164,0.0,0.0,0.0,0.0,261,-0.028738812814402524
24.96139989706639,24.380968719620284,25.32738605821467,24.11791616629496,0.0,0.0,0.0,0.0,264,-0.028738812814402524
24.96139989706639,24.380968719620284,25.244467318579517,24.15794590267055,0.0,0.0,0.0,0.0,261,-0.028738812814402524
25.015725967861837,24.380968719620284,25.187281980900096,24.12649396694687,0.0,0.0,0.0,0.0,260,-0.028738812814402524
25.11580030880082,24.41527992222794,25.198719048435976,24.166523703322465,0.0,0.0,0.0,0.0,259,-0.028738812814402524
25.161548578944355,24.44101332418368,25.224452450391716,24.226568307885856,0.0,0.0,0.0,0.0,261,-0.028863223259486516
25.107222508148908,24.455309658603532,25.29021558872305,24.278035111797333,0.0,0.0,0.0,0.0,260,-0.028738812814402524
25.05289643735346,24.492480128095153,25.335963858866585,24.295190713101157,0.0,0.0,0.0,0.0,261,-0.028738812814402524
25.015725967861837,24.549665465774574,25.344541659518498,24.278035111797333,0.0,0.0,0.0,0.0,260,-0.028738812814402524
25.007148167209927,24.598273002802078,25.26162291988334,24.30376851375307,0.0,0.0,0.0,0.0,260,-0.028614402369318528
25.02430376851375,24.589695202150168,25.095785440613025,24.389546520272198,0.0,0.0,0.0,0.0,260,-0.028614402369318528
25.041459369817577,24.64973980671356,25.032881569165664,24.380968719620284,0.0,0.0,0.0,0.0,258,-0.028489991924234535
25.072911305541254,24.652599073597525,25.05289643735346,24.389546520272198,0.0,0.0,0.0,0.0,250,-0.028365581479150543
25.13295591010465,24.64973980671356,25.11580030880082,24.403842854692055,0.0,0.0,0.0,0.0,241,-0.028365581479150543
25.281637788071137,24.641162006061645,25.29021558872305,24.389546520272198,0.0,0.0,0.0,0.0,229,-0.028241171034066544
25.373134328358205,24.695488076857092,25.44747526734145,24.455309658603532,0.0,0.0,0.0,0.0,227,-0.028241171034066544
25.373134328358205,24.72979927946474,25.54183107451249,24.48390232744324,0.0,0.0,0.0,0.0,227,-0.028241171034066544
25.307371190026874,24.772688282724307,25.570423743352205,24.54394693200663,0.0,0.0,0.0,0.0,227,-0.028241171034066544
25.281637788071137,24.772688282724307,25.496082804368957,24.60113226968605,0.0,0.0,0.0,0.0,227,-0.028241171034066544
25.307371190026874,24.84416995482358,25.393149196546002,24.598273002802078,0.0,0.0,0.0,0.0,233,-0.02811676058898255
25.335963858866585,24.852747755475495,25.318808257562758,24.561102533310457,0.0,0.0,0.0,0.0,244,-0.027743529253730574
25.32738605821467,24.84416995482358,25.281637788071137,24.60113226968605,0.0,0.0,0.0,0.0,254,-0.027494708363562586
25.298793389374964,24.861325556127408,25.29021558872305,24.598273002802078,0.0,0.0,0.0,0.0,261,-0.0272458874733946
25.29021558872305,24.89849602561903,25.318808257562758,24.675473208669292,0.0,0.0,0.0,0.0,260,-0.027121477028310605
25.298793389374964,24.952822096414476,25.344541659518498,24.706925144392972,0.0,0.0,0.0,0.0,258,-0.026872656138142617
25.298793389374964,24.998570366558013,25.38171212901012,24.746954880768566,0.0,0.0,0.0,0.0,257,-0.02674824569305862
25.32738605821467,24.978555498370216,25.373134328358205,24.71264367816092,0.0,0.0,0.0,0.0,255,-0.02674824569305862
25.335963858866585,25.007148167209927,25.318808257562758,24.72979927946474,0.0,0.0,0.0,0.0,211,-0.02662383524797463
25.335963858866585,25.015725967861837,25.27020072053525,24.726940012580773,0.0,0.0,0.0,0.0,71,-0.026375014357806644
25.401726997197915,25.041459369817577,25.344541659518498,24.809858752215927,0.0,0.0,0.0,0.0,-68,-0.02625060391272265
25.484645736833073,25.038600102933607,25.484645736833073,24.78126608337622,0.0,0.0,0.0,0.0,-67,-0.026001783022554664
25.513238405672784,25.032881569165664,25.570423743352205,24.789843884028134,0.0,0.0,0.0,0.0,-67,-0.026001783022554664
25.456053067993363,25.05289643735346,25.550408875164404,24.789843884028134,0.0,0.0,0.0,0.0,-66,-0.026001783022554664
25.364556527706295,25.08720763996111,25.476067936181163,24.872762623663288,0.0,0.0,0.0,0.0,-65,-0.02587737257747067
25.373134328358205,25.11580030880082,25.401726997197915,24.889918224967115,0.0,0.0,0.0,0.0,-62,-0.02562855168730268
25.484645736833073,25.187281980900096,25.401726997197915,24.907073826270942,0.0,0.0,0.0,0.0,-62,-0.02562855168730268
25.56184594270029,25.152970778292442,25.44747526734145,24.861325556127408,0.0,0.0,0.0,0.0,-61,-0.02562855168730268
25.550408875164404,25.141533710756562,25.484645736833073,24.918510893806825,0.0,0.0,0.0,0.0,-59,-0.02562855168730268
25.496082804368957,25.17012637959627,25.513238405672784,24.889918224967115,0.0,0.0,0.0,0.0,-57,-0.025379730797134695
25.496082804368957,25.193000514668036,25.56184594270029,24.952822096414476,0.0,0.0,0.0,0.0,-56,-0.025006499461882714
25.54183107451249,25.224452450391716,25.56184594270029,24.998570366558013,0.0,0.0,0.0,0.0,-54,-0.024757678571714726
25.550408875164404,25.27020072053525,25.533253273860577,25.02430376851375,0.0,0.0,0.0,0.0,-54,-0.024633268126630734
25.570423743352205,25.298793389374964,25.513238405672784,25.015725967861837,0.0,0.0,0.0,0.0,-52,-0.024384447236462742
25.570423743352205,25.298793389374964,25.513238405672784,25.018585234745807,0.0,0.0,0.0,0.0,72,-0.02426003679137875
25.62760908103162,25.244467318579517,25.54183107451249,24.969977697718303,0.0,0.0,0.0,0.0,194,-0.024135626346294757
25.68479441871104,25.244467318579517,25.644764682335445,25.041459369817577,0.0,0.0,0.0,0.0,203,-0.024135626346294757
25.721964888202663,25.307371190026874,25.74197975639046,25.041459369817577,0.0,0.0,0.0,0.0,199,-0.024135626346294757
25.74197975639046,25.307371190026874,25.80774289472179,25.05289643735346,0.0,0.0,0.0,0.0,200,-0.024135626346294757
25.733401955738547,25.364556527706295,25.836335563561498,25.0786298393092,0.0,0.0,0.0,0.0,202,-0.024011215901210765
25.750557557042374,25.373134328358205,25.819179962257675,25.107222508148908,0.0,0.0,0.0,0.0,201,-0.024011215901210765
25.819179962257675,25.430319666037626,25.799165094069878,25.17012637959627,0.0,0.0,0.0,0.0,209,-0.02388680545612677
25.896380168124892,25.393149196546002,25.847772631097385,25.1272373763367,0.0,0.0,0.0,0.0,211,-0.024011215901210765
25.953565505804306,25.38171212901012,25.953565505804306,25.124378109452735,0.0,0.0,0.0,0.0,217,-0.024011215901210765
26.002173042831814,25.364556527706295,26.082232515583,25.17012637959627,0.0,0.0,0.0,0.0,222,-0.024011215901210765
26.022187911019614,25.44747526734145,26.159432721450216,25.17012637959627,0.0,0.0,0.0,0.0,221,-0.024011215901210765
26.0136101103677,25.476067936181163,26.150854920798306,25.215874649739803,0.0,0.0,0.0,0.0,235,-0.024011215901210765
26.002173042831814,25.56184594270029,26.110825184422712,25.307371190026874,0.0,0.0,0.0,0.0,251,-0.024011215901210765
26.033624978555494,25.59901641219191,26.033624978555494,25.335963858866585,0.0,0.0,0.0,0.0,265,-0.024011215901210765
26.05078057985932,25.607594212843825,26.033624978555494,25.38171212901012,0.0,0.0,0.0,0.0,280,-0.024011215901210765
26.13084005261051,25.607594212843825,26.090810316234915,25.35597872705438,0.0,0.0,0.0,0.0,303,-0.024011215901210765
26.150854920798306,25.570423743352205,26.170869788986103,25.335963858866585,0.0,0.0,0.0,0.0,308,-0.024011215901210765
26.179447589638013,25.61903128037971,26.239492194201404,25.35597872705438,0.0,0.0,0.0,0.0,316,-0.024011215901210765
26.170869788986103,25.693372219362953,26.299536798764795,25.430319666037626,0.0,0.0,0.0,0.0,319,-0.024011215901210765
26.19946245782581,25.750557557042374,26.33956653514039,25.496082804368957,0.0,0.0,0.0,0.0,322,-0.024011215901210765
26.219477326013607,25.74197975639046,26.33956653514039,25.496082804368957,0.0,0.0,0.0,0.0,332,-0.024135626346294757
26.279521930576998,25.750557557042374,26.319551666952588,25.484645736833073,0.0,0.0,0.0,0.0,336,-0.024135626346294757
26.35100360267627,25.750557557042374,26.359581403328182,25.496082804368957,0.0,0.0,0.0,0.0,336,-0.024135626346294757
26.399611139703776,25.77915022588208,26.411048207239663,25.533253273860577,0.0,0.0,0.0,0.0,339,-0.02426003679137875
26.431063075427456,25.799165094069878,26.49110767999085,25.56184594270029,0.0,0.0,0.0,0.0,339,-0.024384447236462742
26.479670612454964,25.80774289472179,26.571167152742035,25.61903128037971,0.0,0.0,0.0,0.0,339,-0.02450885768154674
26.511122548178644,25.86778749928518,26.594041287813802,25.644764682335445,0.0,0.0,0.0,0.0,341,-0.02450885768154674
26.542574483902325,25.896380168124892,26.622633956653512,25.701950020014866,0.0,0.0,0.0,0.0,340,-0.02450885768154674
26.56258935209012,25.965002573340193,26.6140561560016,25.701950020014866,0.0,0.0,0.0,0.0,340,-0.02450885768154674
26.64264882484131,26.002173042831814,26.64264882484131,25.71338708755075,0.0,0.0,0.0,0.0,342,-0.02450885768154674
26.71698976382455,26.022187911019614,26.73700463201235,25.761994624578257,0.0,0.0,0.0,0.0,336,-0.024757678571714726
26.757019500200144,26.042202779207408,26.902842111282666,25.80774289472179,0.0,0.0,0.0,0.0,336,-0.0252553203520507
26.777034368387945,26.042202779207408,27.04008692171327,25.86778749928518,0.0,0.0,0.0,0.0,331,-0.02587737257747067
26.76845656773603,26.119402985074625,27.060101789901065,25.827757762909588,0.0,0.0,0.0,0.0,334,-0.026001783022554664
26.777034368387945,26.119402985074625,26.97718305026591,25.884943100589005,0.0,0.0,0.0,0.0,332,-0.02587737257747067
26.757019500200144,26.179447589638013,26.871390175558986,25.916395036312686,0.0,0.0,0.0,0.0,345,-0.02587737257747067
26.79990850345971,26.210899525361693,26.8599531080231,25.944987705152396,0.0,0.0,0.0,0.0,347,-0.02587737257747067
26.914279178818546,26.23091439354949,26.914279178818546,25.944987705152396,0.0,0.0,0.0,0.0,347,-0.026001783022554664
26.95430891519414,26.239492194201404,27.028649854177385,25.933550637616513,0.0,0.0,0.0,0.0,350,-0.026126193467638656
26.92285697947046,26.19946245782581,27.145879796420193,26.022187911019614,0.0,0.0,0.0,0.0,351,-0.02625060391272265
26.902842111282666,26.279521930576998,27.165894664607993,26.062217647395208,0.0,0.0,0.0,0.0,347,-0.026126193467638656
26.89140504374678,26.299536798764795,27.1258649282324,26.1022473837708,0.0,0.0,0.0,0.0,344,-0.026126193467638656
26.945731114542227,26.359581403328182,27.134442728884313,26.139417853262422,0.0,0.0,0.0,0.0,348,-0.026126193467638656
27.020072053525475,26.411048207239663,27.134442728884313,26.139417853262422,0.0,0.0,0.0,0.0,349,-0.02625060391272265
27.091553725624745,26.419626007891576,27.165894664607993,26.139417853262422,0.0,0.0,0.0,0.0,347,-0.02625060391272265
27.114427860696512,26.47109281180305,27.22022073540344,26.1908846571739,0.0,0.0,0.0,0.0,346,-0.02625060391272265
27.091553725624745,26.431063075427456,27.294561674386685,26.239492194201404,0.0,0.0,0.0,0.0,350,-0.026126193467638656
27.114427860696512,26.47109281180305,27.328872876994335,26.250929261737287,0.0,0.0,0.0,0.0,354,-0.026126193467638656
27.15731686395608,26.58260422027792,27.28598387373477,26.2595070623892,0.0,0.0,0.0,0.0,348,-0.026001783022554664
27.177331732143873,26.53113741636644,27.30599874192257,26.279521930576998,0.0,0.0,0.0,0.0,351,-0.026001783022554664
27.18876879967976,26.571167152742035,27.30599874192257,26.33956653514039,0.0,0.0,0.0,0.0,354,-0.026001783022554664
27.208783667867554,26.6140561560016,27.328872876994335,26.379596271515982,0.0,0.0,0.0,0.0,355,-0.02587737257747067
27.25167267112712,26.694115628752783,27.3717618802539,26.391033339051862,0.0,0.0,0.0,0.0,348,-0.02587737257747067
27.28598387373477,26.745582432664264,27.414650883513463,26.451077943615257,0.0,0.0,0.0,0.0,349,-0.02562855168730268
27.34030994453022,26.694115628752783,27.437525018585234,26.419626007891576,0.0,0.0,0.0,0.0,353,-0.0252553203520507
27.3717618802539,26.68553782810087,27.437525018585234,26.47109281180305,0.0,0.0,0.0,0.0,356,-0.02488208901679872
27.34030994453022,26.694115628752783,27.457539886773027,26.479670612454964,0.0,0.0,0.0,0.0,356,-0.024633268126630734
27.317435809458452,26.777034368387945,27.426087951049347,26.511122548178644,0.0,0.0,0.0,0.0,353,-0.02426003679137875
27.348887745182132,26.882827243094866,27.437525018585234,26.551152284554238,0.0,0.0,0.0,0.0,353,-0.02388680545612677
27.437525018585234,26.902842111282666,27.503288156916565,26.53113741636644,0.0,0.0,0.0,0.0,355,-0.02351357412087479
27.511865957568475,26.882827243094866,27.557614227712012,26.594041287813802,0.0,0.0,0.0,0.0,356,-0.02314034278562281
27.503288156916565,26.839938239835305,27.611940298507463,26.67410076056499,0.0,0.0,0.0,0.0,353,-0.02289152189545482
27.511865957568475,26.839938239835305,27.66626636930291,26.694115628752783,0.0,0.0,0.0,0.0,352,-0.022642701005286835
27.511865957568475,26.95430891519414,27.700577571910557,26.68553782810087,0.0,0.0,0.0,0.0,356,-0.022518290560202842
27.503288156916565,27.00863498598959,27.67770343683879,26.67410076056499,0.0,0.0,0.0,0.0,356,-0.022269469670034854
27.557614227712012,27.060101789901065,27.64625150111511,26.71698976382455,0.0,0.0,0.0,0.0,353,-0.02202064877986687
27.63481443357923,27.091553725624745,27.66626636930291,26.788471435923825,0.0,0.0,0.0,0.0,352,-0.021647417444614885
27.712014639446444,27.028649854177385,27.73488877451821,26.839938239835305,0.0,0.0,0.0,0.0,355,-0.021647417444614885
27.712014639446444,27.060101789901065,27.812088980385425,26.851375307371185,0.0,0.0,0.0,0.0,356,-0.021647417444614885
27.712014639446444,27.1258649282324,27.889289186252643,26.914279178818546,0.0,0.0,0.0,0.0,355,-0.021523006999530893
27.66626636930291,27.18876879967976,27.923600388860294,26.882827243094866,0.0,0.0,0.0,0.0,350,-0.021398596554446897
27.689140504374677,27.165894664607993,27.889289186252643,26.89140504374678,0.0,0.0,0.0,0.0,322,-0.021274186109362905
27.74060730828615,27.23165780293932,27.82352604792131,26.997197918453708,0.0,0.0,0.0,0.0,355,-0.021149775664278912
27.800651912849542,27.274546806198888,27.82352604792131,27.020072053525475,0.0,0.0,0.0,0.0,352,-0.02102536521919492
27.866415051180876,27.328872876994335,27.857837250528963,27.060101789901065,0.0,0.0,0.0,0.0,323,-0.02102536521919492
27.834963115457196,27.328872876994335,27.923600388860294,27.060101789901065,0.0,0.0,0.0,0.0,319,-0.02102536521919492
27.866415051180876,27.28598387373477,27.96934865900383,27.091553725624745,0.0,0.0,0.0,0.0,356,-0.020900954774110924
27.857837250528963,27.360324812718016,28.037971064219132,27.1258649282324,0.0,0.0,0.0,0.0,356,-0.02077654432902693
27.857837250528963,27.383198947789783,28.026533996683245,27.114427860696512,0.0,0.0,0.0,0.0,356,-0.02077654432902693
27.889289186252643,27.391776748441696,27.98078572653971,27.145879796420193,0.0,0.0,0.0,0.0,326,-0.02065213388394294
27.946474523932064,27.437525018585234,27.98078572653971,27.243094870475208,0.0,0.0,0.0,0.0,319,-0.02065213388394294
28.003659861611478,27.468976954308914,28.026533996683245,27.23165780293932,0.0,0.0,0.0,0.0,355,-0.020527723438858947
28.003659861611478,27.503288156916565,28.106593469434433,27.25167267112712,0.0,0.0,0.0,0.0,356,-0.020527723438858947
28.020815462915305,27.52330302510436,28.175215874649737,27.30599874192257,0.0,0.0,0.0,0.0,318,-0.020527723438858947
28.037971064219132,27.503288156916565,28.243838279865038,27.28598387373477,0.0,0.0,0.0,0.0,325,-0.020403312993774948
28.026533996683245,27.511865957568475,28.255275347400925,27.294561674386685,0.0,0.0,0.0,0.0,318,-0.020403312993774948
28.0608451992909,27.557614227712012,28.232401212329158,27.317435809458452,0.0,0.0,0.0,0.0,355,-0.020403312993774948
28.106593469434433,27.611940298507463,28.235260479213128,27.3717618802539,0.0,0.0,0.0,0.0,358,-0.020403312993774948
28.18665294218562,27.66626636930291,28.278149482472692,27.414650883513463,0.0,0.0,0.0,0.0,321,-0.020278902548690955
28.232401212329158,27.66626636930291,28.335334820152113,27.468976954308914,0.0,0.0,0.0,0.0,328,-0.020154492103606963
28.232401212329158,27.64625150111511,28.35820895522388,27.448962086121114,0.0,0.0,0.0,0.0,356,-0.019781260768354982
28.22096414479327,27.623377366043343,28.403957225367414,27.448962086121114,0.0,0.0,0.0,0.0,356,-0.019532439878186997
28.195230742837534,27.67770343683879,28.3953794247155,27.468976954308914,0.0,0.0,0.0,0.0,327,-0.019408029433103
28.255275347400925,27.712014639446444,28.335334820152113,27.49185108938068,0.0,0.0,0.0,0.0,316,-0.019283618988019006
28.346771887687993,27.78921484531366,28.323897752616226,27.569051295247895,0.0,0.0,0.0,0.0,325,-0.01903479809785102
28.406816492251387,27.82352604792131,28.381083090295647,27.589066163435696,0.0,0.0,0.0,0.0,354,-0.01903479809785102
28.443986961743008,27.834963115457196,28.475438897466688,27.611940298507463,0.0,0.0,0.0,0.0,355,-0.01903479809785102
28.418253559787267,27.81780751415337,28.535483502030075,27.654829301767023,0.0,0.0,0.0,0.0,322,-0.01891038765276703
28.429690627323154,27.846400182993076,28.581231772173613,27.63481443357923,0.0,0.0,0.0,0.0,314,-0.018785977207683033
28.423972093555207,27.957911591467944,28.56979470463773,27.64625150111511,0.0,0.0,0.0,0.0,321,-0.01866156676259904
28.4640018299308,27.889289186252643,28.54406130268199,27.64625150111511,0.0,0.0,0.0,0.0,350,-0.018412745872431052
28.524046434494196,27.900726253788523,28.546920569565962,27.73488877451821,0.0,0.0,0.0,0.0,350,-0.01828833542734706
28.54406130268199,27.992222794075598,28.524046434494196,27.76634071024189,0.0,0.0,0.0,0.0,324,-0.01803951453717907
28.56979470463773,28.003659861611478,28.618402241665233,27.777777777777775,0.0,0.0,0.0,0.0,317,-0.017790693647011083
28.595528106593466,28.037971064219132,28.66415051180877,27.812088980385425,0.0,0.0,0.0,0.0,326,-0.0175418727568431
28.592668839709496,28.003659861611478,28.727054383256128,27.78921484531366,0.0,0.0,0.0,0.0,355,-0.01729305186667511
28.581231772173613,28.02939326356722,28.74706925144393,27.866415051180876,0.0,0.0,0.0,0.0,354,-0.017168641421591118
28.60410590724538,28.0608451992909,28.655572711156857,27.85497798364499,0.0,0.0,0.0,0.0,325,-0.016795410086339134
28.66415051180877,28.106593469434433,28.66415051180877,27.91216332132441,0.0,0.0,0.0,0.0,317,-0.01629776830600316
28.727054383256128,28.198090009721504,28.74706925144393,27.957911591467944,0.0,0.0,0.0,0.0,324,-0.015800126525667188
28.73563218390804,28.209527077257388,28.795676788471436,27.98078572653971,0.0,0.0,0.0,0.0,352,-0.015302484745331212
28.769943386515695,28.175215874649737,28.84142505861497,27.992222794075598,0.0,0.0,0.0,0.0,352,-0.014929253410079233
28.761365585863782,28.15234173957797,28.90432893006233,27.992222794075598,0.0,0.0,0.0,0.0,323,-0.014431611629743258
28.738491450792015,28.232401212329158,28.912906730714244,28.026533996683245,0.0,0.0,0.0,0.0,316,-0.014182790739575271
28.74706925144393,28.278149482472692,28.892891862526444,28.009378395379425,0.0,0.0,0.0,0.0,323,-0.014058380294491276
28.82141019042717,28.323897752616226,28.892891862526444,28.095156401898553,0.0,0.0,0.0,0.0,352,-0.013933969849407283
28.881454794990564,28.312460685080342,28.91576599759821,28.095156401898553,0.0,0.0,0.0,0.0,352,-0.013685148959239297
28.881454794990564,28.323897752616226,29.007262537885282,28.140904672042087,0.0,0.0,0.0,0.0,323,-0.013436328069071309
28.892891862526444,28.355349688339906,29.078744209984556,28.163778807113854,0.0,0.0,0.0,0.0,315,-0.013187507178903322
28.892891862526444,28.35820895522388,29.098759078172353,28.18665294218562,0.0,0.0,0.0,0.0,321,-0.013063096733819328
28.881454794990564,28.418253559787267,29.078744209984556,28.22096414479327,0.0,0.0,0.0,0.0,350,-0.01281427584365134
28.932921598902038,28.403957225367414,29.061588608680733,28.209527077257388,0.0,0.0,0.0,0.0,349,-0.012565454953483353
29.012981071653225,28.45256476239492,29.05872934179676,28.255275347400925,0.0,0.0,0.0,0.0,325,-0.01244104450839936
29.070166409332643,28.498313032538455,29.05872934179676,28.323897752616226,0.0,0.0,0.0,0.0,319,-0.012316634063315367
29.070166409332643,28.524046434494196,29.110196145708237,28.3953794247155,0.0,0.0,0.0,0.0,328,-0.012192223618231371
29.073025676216616,28.524046434494196,29.184537084691485,28.381083090295647,0.0,0.0,0.0,0.0,354,-0.012192223618231371
29.070166409332643,28.546920569565962,29.238863155486932,28.381083090295647,0.0,0.0,0.0,0.0,355,-0.012067813173147379
29.073025676216616,28.57551323840567,29.195974152227365,28.403957225367414,0.0,0.0,0.0,0.0,354,-0.012067813173147379
29.110196145708237,28.56979470463773,29.133070280780004,28.429690627323154,0.0,0.0,0.0,0.0,320,-0.0116945818378954
29.184537084691485,28.615542974781263,29.133070280780004,28.4840166981186,0.0,0.0,0.0,0.0,325,-0.011321350502643417
29.233144621718992,28.72419511637216,29.210270486647218,28.486875965002568,0.0,0.0,0.0,0.0,354,-0.011196940057559423
29.247440956138846,28.712758048836275,29.270315091210612,28.546920569565962,0.0,0.0,0.0,0.0,352,-0.011321350502643417
29.227426087951045,28.707039515068335,29.333218962657973,28.555498370217876,0.0,0.0,0.0,0.0,350,-0.011196940057559423
29.210270486647218,28.641276376737,29.333218962657973,28.546920569565962,0.0,0.0,0.0,0.0,316,-0.011196940057559423
29.204551952879278,28.707039515068335,29.258878023674725,28.60410590724538,0.0,0.0,0.0,0.0,321,-0.011196940057559423
29.270315091210612,28.712758048836275,29.238863155486932,28.595528106593466,0.0,0.0,0.0,0.0,314,-0.011196940057559423
29.35895236461371,28.80997312289129,29.29604849316635,28.641276376737,0.0,0.0,0.0,0.0,346,-0.011196940057559423
29.38754503345342,28.86715846057071,29.364670898381654,28.675587579344654,0.0,0.0,0.0,0.0,345,-0.01107252961247543
29.38754503345342,28.881454794990564,29.439011837364898,28.689883913764508,0.0,0.0,0.0,0.0,344,-0.010948119167391438
29.376107965917537,28.82141019042717,29.484760107508432,28.738491450792015,0.0,0.0,0.0,0.0,321,-0.010948119167391438
29.381826499685477,28.850002859266883,29.433293303596955,28.72419511637216,0.0,0.0,0.0,0.0,312,-0.010948119167391438
29.396122834105334,28.927203065134098,29.38754503345342,28.80997312289129,0.0,0.0,0.0,0.0,343,-0.010948119167391438
29.45044890490078,28.944358666437925,29.407559901641218,28.761365585863782,0.0,0.0,0.0,0.0,346,-0.010948119167391438
29.493337908160346,28.952936467089835,29.461885972436665,28.80997312289129,0.0,0.0,0.0,0.0,343,-0.010948119167391438
29.516212043232112,29.007262537885282,29.516212043232112,28.86715846057071,0.0,0.0,0.0,0.0,321,-0.010823708722307443
29.5076342425802,29.047292274260876,29.559101046491676,28.912906730714244,0.0,0.0,0.0,0.0,314,-0.010823708722307443
29.493337908160346,29.05015154114485,29.581975181563447,28.952936467089835,0.0,0.0,0.0,0.0,321,-0.010699298277223449
29.527649110767996,29.02727740607308,29.559101046491676,28.901469663178357,0.0,0.0,0.0,0.0,344,-0.010699298277223449
29.547663978955793,29.05015154114485,29.547663978955793,28.91576599759821,0.0,0.0,0.0,0.0,344,-0.010699298277223449
29.624864184823007,29.05872934179676,29.581975181563447,28.924343798250124,0.0,0.0,0.0,0.0,343,-0.010574887832139456
29.679190255618455,29.153085148967804,29.624864184823007,29.038714473608962,0.0,0.0,0.0,0.0,313,-0.010574887832139456
29.673471721850515,29.210270486647218,29.6849087893864,29.038714473608962,0.0,0.0,0.0,0.0,322,-0.010574887832139456
29.644879053010808,29.204551952879278,29.74495339394979,29.078744209984556,0.0,0.0,0.0,0.0,319,-0.010574887832139456
29.656316120546688,29.164522216503684,29.787842397209353,29.02441813918911,0.0,0.0,0.0,0.0,346,-0.010450477387055462
29.656316120546688,29.173100017155598,29.733516326413906,29.047292274260876,0.0,0.0,0.0,0.0,347,-0.010450477387055462
29.699205123806255,29.195974152227365,29.69062732315434,29.061588608680733,0.0,0.0,0.0,0.0,349,-0.010201656496887474
29.787842397209353,29.247440956138846,29.722079258878022,29.090181277520443,0.0,0.0,0.0,0.0,326,-0.010077246051803481
29.81071653228112,29.29604849316635,29.799279464745236,29.164522216503684,0.0,0.0,0.0,0.0,319,-0.009952835606719487
29.81071653228112,29.35609309772974,29.865042603076567,29.221707554183105,0.0,0.0,0.0,0.0,349,-0.009952835606719487
29.822153599817003,29.344656030193853,29.9107908732201,29.238863155486932,0.0,0.0,0.0,0.0,346,-0.009952835606719487
29.833590667352887,29.313204094470173,29.9308057414079,29.270315091210612,0.0,0.0,0.0,0.0,347,-0.009828425161635495
29.853605535540684,29.370389432149594,29.865042603076567,29.258878023674725,0.0,0.0,0.0,0.0,322,-0.009828425161635495
29.919368673872015,29.376107965917537,29.876479670612454,29.290329959398406,0.0,0.0,0.0,0.0,319,-0.0097040147165515
29.976554011551436,29.4189969691771,29.9107908732201,29.301767026934293,0.0,0.0,0.0,0.0,325,-0.0097040147165515
29.98799107908732,29.47332303997255,29.94224280894378,29.321781895122086,0.0,0.0,0.0,0.0,318,-0.009455193826383514
29.976554011551436,29.496197175044315,30.01086521415909,29.376107965917537,0.0,0.0,0.0,0.0,347,-0.009206372936215526
29.999428146623202,29.493337908160346,30.04231714988277,29.430434036712985,0.0,0.0,0.0,0.0,349,-0.009081962491131534
29.999428146623202,29.461885972436665,30.030880082346883,29.45044890490078,0.0,0.0,0.0,0.0,349,-0.009081962491131534
30.01086521415909,29.53622691141991,30.02230228169497,29.45044890490078,0.0,0.0,0.0,0.0,326,-0.009081962491131534
30.088065420026304,29.53622691141991,30.04231714988277,29.407559901641218,0.0,0.0,0.0,0.0,319,-0.009081962491131534
30.14525075770572,29.610567850403154,30.11093955509807,29.461885972436665,0.0,0.0,0.0,0.0,326,-0.009081962491131534
30.14525075770572,29.644879053010808,30.156687825241605,29.527649110767996,0.0,0.0,0.0,0.0,348,-0.009081962491131534
30.14525075770572,29.69062732315434,30.22245096357294,29.53622691141991,0.0,0.0,0.0,0.0,346,-0.009206372936215526
30.14525075770572,29.644879053010808,30.25676216618059,29.547663978955793,0.0,0.0,0.0,0.0,346,-0.009206372936215526
30.133813690169838,29.624864184823007,30.156687825241605,29.496197175044315,0.0,0.0,0.0,0.0,317,-0.009206372936215526
30.188139760965285,29.656316120546688,30.156687825241605,29.547663978955793,0.0,0.0,0.0,0.0,322,-0.009206372936215526
30.268199233716473,29.710642191342135,30.211013896037052,29.547663978955793,0.0,0.0,0.0,0.0,316,-0.009206372936215526
30.313947503860007,29.75067192771773,30.25676216618059,29.636301252358894,0.0,0.0,0.0,0.0,343,-0.009206372936215526
30.302510436324123,29.764968262137586,30.313947503860007,29.667753188082575,0.0,0.0,0.0,0.0,343,-0.009206372936215526
30.29107336878824,29.77640532967347,30.38256990907531,29.699205123806255,0.0,0.0,0.0,0.0,343,-0.009206372936215526
30.279636301252356,29.77640532967347,30.39400697661119,29.65917538743066,0.0,0.0,0.0,0.0,322,-0.009206372936215526
30.313947503860007,29.77640532967347,30.302510436324123,29.679190255618455,0.0,0.0,0.0,0.0,318,-0.009206372936215526
30.359695774003544,29.799279464745236,30.279636301252356,29.69062732315434,0.0,0.0,0.0,0.0,322,-0.009206372936215526
30.428318179218845,29.822153599817003,30.359695774003544,29.710642191342135,0.0,0.0,0.0,0.0,342,-0.009206372936215526
30.428318179218845,29.887916738148334,30.428318179218845,29.756390461485672,0.0,0.0,0.0,0.0,343,-0.009206372936215526
30.405444044147078,29.94224280894378,30.439755246754732,29.81071653228112,0.0,0.0,0.0,0.0,342,-0.00933078338129952
30.405444044147078,29.9308057414079,30.47406644936238,29.822153599817003,0.0,0.0,0.0,0.0,341,-0.009206372936215526
30.439755246754732,29.865042603076567,30.4626293818265,29.81071653228112,0.0,0.0,0.0,0.0,321,-0.00933078338129952
30.485503516898266,29.9107908732201,30.4626293818265,29.799279464745236,0.0,0.0,0.0,0.0,317,-0.00933078338129952
30.5312517870418,29.919368673872015,30.508377651970033,29.833590667352887,0.0,0.0,0.0,0.0,321,-0.00933078338129952
30.554125922113567,30.01086521415909,30.577000057185334,29.887916738148334,0.0,0.0,0.0,0.0,341,-0.00933078338129952
30.577000057185334,30.065191284954537,30.602733459141074,29.919368673872015,0.0,0.0,0.0,0.0,341,-0.00933078338129952
30.602733459141074,30.076628352490417,30.62560759421284,29.9107908732201,0.0,0.0,0.0,0.0,343,-0.00933078338129952
30.577000057185334,30.01086521415909,30.648481729284608,29.96511694401555,0.0,0.0,0.0,0.0,316,-0.00933078338129952
30.62560759421284,29.98799107908732,30.62560759421284,29.95367987647967,0.0,0.0,0.0,0.0,318,-0.009455193826383514
30.671355864356375,30.065191284954537,30.602733459141074,29.982272545319375,0.0,0.0,0.0,0.0,317,-0.009455193826383514
30.717104134499913,30.133813690169838,30.648481729284608,29.96511694401555,0.0,0.0,0.0,0.0,324,-0.009455193826383514
30.705667066964025,30.188139760965285,30.717104134499913,30.076628352490417,0.0,0.0,0.0,0.0,341,-0.009455193826383514
30.728541202035796,30.22245096357294,30.76571167152742,30.133813690169838,0.0,0.0,0.0,0.0,341,-0.009455193826383514
30.728541202035796,30.1767026934294,30.788585806599187,30.122376622633954,0.0,0.0,0.0,0.0,340,-0.009455193826383514
30.728541202035796,30.16812489277749,30.754274603991533,30.11093955509807,0.0,0.0,0.0,0.0,316,-0.009455193826383514
30.788585806599187,30.233888031108823,30.74283753645565,30.076628352490417,0.0,0.0,0.0,0.0,322,-0.009579604271467507
30.811459941670954,30.25676216618059,30.7771487390633,30.133813690169838,0.0,0.0,0.0,0.0,316,-0.0097040147165515
30.83433407674272,30.279636301252356,30.822897009206834,30.16812489277749,0.0,0.0,0.0,0.0,326,-0.0097040147165515
30.8457711442786,30.313947503860007,30.882941613770228,30.211013896037052,0.0,0.0,0.0,0.0,340,-0.009952835606719487
30.83433407674272,30.348258706467657,30.917252816377875,30.19957682850117,0.0,0.0,0.0,0.0,340,-0.010077246051803481
30.822897009206834,30.336821638931777,30.905815748841995,30.211013896037052,0.0,0.0,0.0,0.0,339,-0.01032606694197147
30.8457711442786,30.313947503860007,30.882941613770228,30.245325098644706,0.0,0.0,0.0,0.0,318,-0.010574887832139456
30.928689883913762,30.348258706467657,30.86006747869846,30.25676216618059,0.0,0.0,0.0,0.0,324,-0.010699298277223449
30.97729742094127,30.39400697661119,30.928689883913762,30.245325098644706,0.0,0.0,0.0,0.0,317,-0.010823708722307443
30.965860353405382,30.4626293818265,31.000171556013036,30.29107336878824,0.0,0.0,0.0,0.0,323,-0.01107252961247543
30.954423285869503,30.485503516898266,31.037342025504657,30.336821638931777,0.0,0.0,0.0,0.0,337,-0.011196940057559423
30.965860353405382,30.428318179218845,31.071653228112307,30.348258706467657,0.0,0.0,0.0,0.0,337,-0.011321350502643417
30.98873448847715,30.428318179218845,31.000171556013036,30.38256990907531,0.0,0.0,0.0,0.0,337,-0.011321350502643417
31.037342025504657,30.4626293818265,30.965860353405382,30.359695774003544,0.0,0.0,0.0,0.0,336,-0.011321350502643417
31.071653228112307,30.485503516898266,31.01446789043289,30.359695774003544,0.0,0.0,0.0,0.0,323,-0.01144576094772741
31.085949562532164,30.542688854577683,31.085949562532164,30.371132841539424,0.0,0.0,0.0,0.0,315,-0.011570171392811406
31.10882369760393,30.577000057185334,31.157431234631435,30.451192314290612,0.0,0.0,0.0,0.0,319,-0.011570171392811406
31.097386630068048,30.614170526676958,31.168868302167322,30.47406644936238,0.0,0.0,0.0,0.0,336,-0.011570171392811406
31.071653228112307,30.577000057185334,31.10882369760393,30.496940584434146,0.0,0.0,0.0,0.0,336,-0.011570171392811406
31.097386630068048,30.5312517870418,31.097386630068048,30.485503516898266,0.0,0.0,0.0,0.0,337,-0.011570171392811406
31.168868302167322,30.602733459141074,31.120260765139815,30.485503516898266,0.0,0.0,0.0,0.0,335,-0.011570171392811406
31.21747583919483,30.68279293189226,31.180305369703202,30.47406644936238,0.0,0.0,0.0,0.0,319,-0.011570171392811406
31.206038771658942,30.728541202035796,31.21747583919483,30.519814719505916,0.0,0.0,0.0,0.0,315,-0.0116945818378954
31.22891290673071,30.717104134499913,31.288957511294104,30.602733459141074,0.0,0.0,0.0,0.0,319,-0.0116945818378954
31.206038771658942,30.68279293189226,31.314690913249837,30.62560759421284,0.0,0.0,0.0,0.0,315,-0.011943402728063384
31.21747583919483,30.694229999428146,31.277520443758217,30.62560759421284,0.0,0.0,0.0,0.0,333,-0.012316634063315367
31.277520443758217,30.754274603991533,31.277520443758217,30.577000057185334,0.0,0.0,0.0,0.0,333,-0.012316634063315367
31.337565048321608,30.754274603991533,31.314690913249837,30.577000057185334,0.0,0.0,0.0,0.0,332,-0.012316634063315367
31.351861382741465,30.7771487390633,31.38617258534911,30.602733459141074,0.0,0.0,0.0,0.0,334,-0.012316634063315367
31.337565048321608,30.822897009206834,31.40046891976897,30.728541202035796,0.0,0.0,0.0,0.0,311,-0.012316634063315367
31.337565048321608,30.882941613770228,31.423343054840736,30.728541202035796,0.0,0.0,0.0,0.0,315,-0.01244104450839936
31.337565048321608,30.83433407674272,31.38617258534911,30.728541202035796,0.0,0.0,0.0,0.0,312,-0.012565454953483353
31.40046891976897,30.83433407674272,31.38617258534911,30.717104134499913,0.0,0.0,0.0,0.0,318,-0.01281427584365134
31.46051352433236,30.86006747869846,31.411905987304852,30.754274603991533,0.0,0.0,0.0,0.0,335,-0.013063096733819328
31.509121061359863,30.882941613770228,31.49768399382398,30.7771487390633,0.0,0.0,0.0,0.0,332,-0.013436328069071309
31.49768399382398,30.942986218333616,31.572024932807224,30.811459941670954,0.0,0.0,0.0,0.0,333,-0.01380955940432329
31.449076456796476,30.98873448847715,31.62063246983473,30.822897009206834,0.0,0.0,0.0,0.0,334,-0.014307201184659264
31.471950591868243,30.965860353405382,31.58346200034311,30.8457711442786,0.0,0.0,0.0,0.0,319,-0.014804842964995237
31.509121061359863,30.917252816377875,31.534854463315604,30.83433407674272,0.0,0.0,0.0,0.0,310,-0.015426895190415206
31.609195402298845,30.965860353405382,31.55772859838737,30.83433407674272,0.0,0.0,0.0,0.0,319,-0.016048947415835173
31.62063246983473,30.965860353405382,31.609195402298845,30.86006747869846,0.0,0.0,0.0,0.0,314,-0.01654658919617115
31.59489906787899,31.071653228112307,31.646365871790472,30.917252816377875,0.0,0.0,0.0,0.0,331,-0.017044230976507122
31.572024932807224,31.10882369760393,31.70641047635386,30.942986218333616,0.0,0.0,0.0,0.0,333,-0.0175418727568431
31.609195402298845,31.10882369760393,31.70641047635386,30.942986218333616,0.0,0.0,0.0,0.0,330,-0.01803951453717907
31.66924000686224,31.060216160576424,31.683536341282093,30.965860353405382,0.0,0.0,0.0,0.0,330,-0.018537156317515045
31.757877280265337,31.037342025504657,31.69497340881798,30.965860353405382,0.0,0.0,0.0,0.0,312,-0.019283618988019006
31.76931434780122,31.085949562532164,31.79504774975696,30.97729742094127,0.0,0.0,0.0,0.0,315,-0.020278902548690955
31.746440212729453,31.145994167095555,31.895122090695942,30.954423285869503,0.0,0.0,0.0,0.0,310,-0.021274186109362905
31.69497340881798,31.22891290673071,31.9094184251158,31.01446789043289,0.0,0.0,0.0,0.0,315,-0.02202064877986687
31.70641047635386,31.206038771658942,31.869388688740205,31.01446789043289,0.0,0.0,0.0,0.0,309,-0.022269469670034854
31.746440212729453,31.131697832675698,31.806484817292844,31.025904957968773,0.0,0.0,0.0,0.0,329,-0.022393880115118846
31.846514553668435,31.157431234631435,31.806484817292844,31.025904957968773,0.0,0.0,0.0,0.0,328,-0.022767111450370827
31.895122090695942,31.25464630868645,31.88368502316006,31.04877909304054,0.0,0.0,0.0,0.0,327,-0.02351357412087479
31.85795162120432,31.288957511294104,31.97232229656316,31.025904957968773,0.0,0.0,0.0,0.0,330,-0.02426003679137875
31.820781151712698,31.337565048321608,32.009492766054784,31.060216160576424,0.0,0.0,0.0,0.0,310,-0.025006499461882714
31.85795162120432,31.314690913249837,32.009492766054784,31.10882369760393,0.0,0.0,0.0,0.0,316,-0.02562855168730268
31.869388688740205,31.266083376222337,31.932292560187566,31.157431234631435,0.0,0.0,0.0,0.0,309,-0.02625060391272265
31.932292560187566,31.22891290673071,31.92085549265168,31.145994167095555,0.0,0.0,0.0,0.0,314,-0.02699706658322661
31.97232229656316,31.303253845713957,31.98375936409904,31.120260765139815,0.0,0.0,0.0,0.0,309,-0.02761911880864658
31.98375936409904,31.40046891976897,32.02378910047464,31.120260765139815,0.0,0.0,0.0,0.0,327,-0.02799235014389856
31.958025962143303,31.471950591868243,32.12386344141362,31.157431234631435,0.0,0.0,0.0,0.0,328,-0.028365581479150543
31.97232229656316,31.46051352433236,32.20106364728083,31.21747583919483,0.0,0.0,0.0,0.0,327,-0.0291120441496545
31.998055698518897,31.411905987304852,32.09813003945788,31.21747583919483,0.0,0.0,0.0,0.0,329,-0.029858506820158465
32.03522616801052,31.37473551781323,32.06095956996626,31.22891290673071,0.0,0.0,0.0,0.0,328,-0.03085379038083041
32.06095956996626,31.423343054840736,32.12386344141362,31.240349974266596,0.0,0.0,0.0,0.0,313,-0.032097894831670346
32.09813003945788,31.49768399382398,32.25253045119231,31.25464630868645,0.0,0.0,0.0,0.0,308,-0.03334199928251028
32.072396637502145,31.55772859838737,32.31829358952364,31.240349974266596,0.0,0.0,0.0,0.0,313,-0.03421287239809824
32.09813003945788,31.58346200034311,32.32973065705953,31.277520443758217,0.0,0.0,0.0,0.0,306,-0.03471051417843421
32.086692971922,31.546291530851487,32.30399725510379,31.314690913249837,0.0,0.0,0.0,0.0,323,-0.0350837455136862
32.09813003945788,31.546291530851487,32.25253045119231,31.337565048321608,0.0,0.0,0.0,0.0,324,-0.03545697684893818
32.14959684336936,31.572024932807224,32.25253045119231,31.38617258534911,0.0,0.0,0.0,0.0,325,-0.03595461862927415
32.215359981700686,31.646365871790472,32.31829358952364,31.337565048321608,0.0,0.0,0.0,0.0,323,-0.03657667085469412
32.22679704923657,31.66924000686224,32.46125693372219,31.303253845713957,0.0,0.0,0.0,0.0,322,-0.037571954415366066
32.215359981700686,31.683536341282093,32.48699033567793,31.337565048321608,0.0,0.0,0.0,0.0,310,-0.03869164842112201
32.17533024532509,31.69497340881798,32.43552353176645,31.411905987304852,0.0,0.0,0.0,0.0,305,-0.03981134242687795
32.20106364728083,31.720706810773713,32.421227197346596,31.423343054840736,0.0,0.0,0.0,0.0,310,-0.040806625987549895
32.27826385314805,31.683536341282093,32.46125693372219,31.411905987304852,0.0,0.0,0.0,0.0,304,-0.04192631999330584
32.34402699147938,31.783610682221074,32.564190541545145,31.38617258534911,0.0,0.0,0.0,0.0,309,-0.042797193108893794
32.34402699147938,31.7321438783096,32.647109281180306,31.363298450277345,0.0,0.0,0.0,0.0,320,-0.043419245334313766
32.2925601875679,31.757877280265337,32.75004288900326,31.38617258534911,0.0,0.0,0.0,0.0,325,-0.043792476669565754
32.31829358952364,31.83221821924858,32.71001315262767,31.46051352433236,0.0,0.0,0.0,0.0,324,-0.04404129755973374
32.32973065705953,31.83221821924858,32.69571681820781,31.471950591868243,0.0,0.0,0.0,0.0,324,-0.04478776023023769
32.40693086292674,31.806484817292844,32.75004288900326,31.471950591868243,0.0,0.0,0.0,0.0,323,-0.04628068557124562
32.47269400125808,31.806484817292844,32.82152456110253,31.471950591868243,0.0,0.0,0.0,0.0,324,-0.04777361091225354
32.43552353176645,31.820781151712698,32.938754503345336,31.49768399382398,0.0,0.0,0.0,0.0,310,-0.049390946698345456
32.421227197346596,31.895122090695942,33.07314004689197,31.449076456796476,0.0,0.0,0.0,0.0,306,-0.05075946159426939
32.43552353176645,31.958025962143303,33.018813976096524,31.509121061359863,0.0,0.0,0.0,0.0,311,-0.051630334709857346
32.48699033567793,31.94658889460742,33.018813976096524,31.509121061359863,0.0,0.0,0.0,0.0,305,-0.05200356604510933
32.51272373763367,31.83221821924858,33.08457711442786,31.509121061359863,0.0,0.0,0.0,0.0,310,-0.05225238693527731
32.552753474009265,31.85795162120432,33.06742151312403,31.509121061359863,0.0,0.0,0.0,0.0,321,-0.05225238693527731
32.552753474009265,31.94658889460742,33.044547378052265,31.509121061359863,0.0,0.0,0.0,0.0,323,-0.05225238693527731
32.59278321038486,32.046663235546404,33.044547378052265,31.49768399382398,0.0,0.0,0.0,0.0,320,-0.0523767973803613
32.59278321038486,32.046663235546404,33.0902956481958,31.509121061359863,0.0,0.0,0.0,0.0,322,-0.05312326005086527
32.59278321038486,31.998055698518897,33.05884371247212,31.55772859838737,0.0,0.0,0.0,0.0,321,-0.05424295405662121
32.64425001429633,31.998055698518897,33.00451764167667,31.546291530851487,0.0,0.0,0.0,0.0,320,-0.05511382717220916
32.658546348716186,32.046663235546404,33.10173271573168,31.55772859838737,0.0,0.0,0.0,0.0,308,-0.055611468952545144
32.658546348716186,32.086692971922,33.27614799565391,31.572024932807224,0.0,0.0,0.0,0.0,305,-0.05586028984271313
32.68142048378795,32.09813003945788,33.42768914050437,31.55772859838737,0.0,0.0,0.0,0.0,308,-0.05598470028779712
32.658546348716186,32.13815977583347,33.37336306970892,31.55772859838737,0.0,0.0,0.0,0.0,305,-0.056109110732881114
32.64425001429633,32.12386344141362,33.34191113398524,31.59489906787899,0.0,0.0,0.0,0.0,308,-0.05660675251321709
32.68427975067193,32.12386344141362,33.47057814376394,31.62063246983473,0.0,0.0,0.0,0.0,306,-0.05785085696405702
32.7357465545834,32.12386344141362,33.63355635615028,31.683536341282093,0.0,0.0,0.0,0.0,304,-0.05971701364031693
32.738605821467374,32.189626579744946,33.80797163607251,31.70641047635386,0.0,0.0,0.0,0.0,306,-0.061583170316576834
32.71001315262767,32.17533024532509,33.956653514039,31.66924000686224,0.0,0.0,0.0,0.0,306,-0.06320050610266875
32.7357465545834,32.20106364728083,34.05672785497798,31.62063246983473,0.0,0.0,0.0,0.0,302,-0.0643202001084247
32.72430948704752,32.215359981700686,34.08246125693372,31.657802939326352,0.0,0.0,0.0,0.0,299,-0.06506666277892866
32.764339223423114,32.20106364728083,34.16537999656888,31.70641047635386,0.0,0.0,0.0,0.0,299,-0.06556430455926462
32.844398696174295,32.189626579744946,34.311202607651396,31.720706810773713,0.0,0.0,0.0,0.0,297,-0.0661863567846846
32.91016183450563,32.27826385314805,34.47704008692171,31.683536341282093,0.0,0.0,0.0,0.0,301,-0.06693281945518856
32.938754503345336,32.215359981700686,34.50277348887745,31.657802939326352,0.0,0.0,0.0,0.0,297,-0.06792810301586051
33.00451764167667,32.22679704923657,34.32263967518728,31.63206953737061,0.0,0.0,0.0,0.0,301,-0.06904779702161645
33.11602905015154,32.25253045119231,34.042431520558125,31.646365871790472,0.0,0.0,0.0,0.0,297,-0.0699186701372044
33.30474066449362,32.27826385314805,33.80797163607251,31.657802939326352,0.0,0.0,0.0,0.0,299,-0.07141159547821233
33.47629667753188,32.22679704923657,33.71933436266941,31.66924000686224,0.0,0.0,0.0,0.0,298,-0.07352657304464022
33.582089552238806,32.27826385314805,33.69646022759764,31.683536341282093,0.0,0.0,0.0,0.0,302,-0.07526831927581613
33.524904214559385,32.27826385314805,33.65071195745411,31.69497340881798,0.0,0.0,0.0,0.0,297,-0.0757659610561521
33.48487447818379,32.35546405901526,33.524904214559385,31.657802939326352,0.0,0.0,0.0,0.0,300,-0.0757659610561521
33.47629667753188,32.395493795390855,33.456281809344084,31.683536341282093,0.0,0.0,0.0,0.0,296,-0.07564155061106811
33.53920054897924,32.40693086292674,33.42768914050437,31.70641047635386,0.0,0.0,0.0,0.0,295,-0.07564155061106811
33.47629667753188,32.34402699147938,33.37336306970892,31.69497340881798,0.0,0.0,0.0,0.0,295,-0.07539272972090012
33.41339280608452,32.36976039343512,33.281866529421855,31.70641047635386,0.0,0.0,0.0,0.0,297,-0.07539272972090012
33.41339280608452,32.46125693372219,33.261851661234054,31.70641047635386,0.0,0.0,0.0,0.0,293,-0.07539272972090012
33.42768914050437,32.527020072053524,33.25899239435009,31.720706810773713,0.0,0.0,0.0,0.0,294,-0.07526831927581613
33.344770400869216,32.54131640647338,33.27614799565391,31.720706810773713,0.0,0.0,0.0,0.0,295,-0.07514390883073213
33.319036998913475,32.47269400125808,33.319036998913475,31.746440212729453,0.0,0.0,0.0,0.0,296,-0.07439744616022817
33.37908160347687,32.44696059930234,33.43912620804026,31.746440212729453,0.0,0.0,0.0,0.0,299,-0.07315334170938824
33.44198547492423,32.552753474009265,33.524904214559385,31.757877280265337,0.0,0.0,0.0,0.0,295,-0.0717848268134643
33.42768914050437,32.578486875965,33.582089552238806,31.746440212729453,0.0,0.0,0.0,0.0,300,-0.07041631191754039
33.44198547492423,32.564190541545145,33.499170812603644,31.746440212729453,0.0,0.0,0.0,0.0,294,-0.06917220746670044
33.42768914050437,32.578486875965,33.48487447818379,31.720706810773713,0.0,0.0,0.0,0.0,298,-0.0680525134609445
33.44198547492423,32.60422027792074,33.450563275576144,31.783610682221074,0.0,0.0,0.0,0.0,293,-0.06743046123552454
33.53634128209527,32.59278321038486,33.53920054897924,31.83221821924858,0.0,0.0,0.0,0.0,293,-0.06718164034535654
33.61068222107851,32.57562760908103,33.65928975810602,31.85795162120432,0.0,0.0,0.0,0.0,293,-0.06718164034535654
33.624978555498366,32.61851661234059,33.75078629839309,31.846514553668435,0.0,0.0,0.0,0.0,292,-0.06718164034535654
33.6221192886144,32.60422027792074,33.74506776462515,31.83221821924858,0.0,0.0,0.0,0.0,297,-0.06718164034535654
33.624978555498366,32.68427975067193,33.73363069708926,31.806484817292844,0.0,0.0,0.0,0.0,298,-0.06680840901010457
33.70789729513353,32.68427975067193,33.67930462629381,31.85795162120432,0.0,0.0,0.0,0.0,298,-0.0661863567846846
33.77080116658088,32.62995367987648,33.69646022759764,31.9094184251158,0.0,0.0,0.0,0.0,297,-0.06519107322401264
33.76508263281294,32.552753474009265,33.73363069708926,31.88368502316006,0.0,0.0,0.0,0.0,297,-0.06419578966334069
33.75650483216103,32.60422027792074,33.75078629839309,31.869388688740205,0.0,0.0,0.0,0.0,296,-0.06295168521250076
33.736489963973234,32.64425001429633,33.69646022759764,31.846514553668435,0.0,0.0,0.0,0.0,301,-0.06170758076166082
33.69646022759764,32.7357465545834,33.69360096071367,31.820781151712698,0.0,0.0,0.0,0.0,295,-0.06033906586573689
33.74506776462515,32.68427975067193,33.77080116658088,31.88368502316006,0.0,0.0,0.0,0.0,300,-0.05921937185998095
33.83370503802824,32.64425001429633,33.81940870360839,31.92085549265168,0.0,0.0,0.0,0.0,296,-0.05809967785422501
33.793675301652655,32.60422027792074,33.87659404128781,31.895122090695942,0.0,0.0,0.0,0.0,300,-0.05697998384846907
33.78223823411677,32.66998341625207,33.793675301652655,31.895122090695942,0.0,0.0,0.0,0.0,296,-0.05523823761729316
33.69360096071367,32.68427975067193,33.64499342368617,31.88368502316006,0.0,0.0,0.0,0.0,302,-0.053372080941033254
33.77080116658088,32.71001315262767,33.56779321781895,31.9094184251158,0.0,0.0,0.0,0.0,298,-0.051381513819689355
33.830845771144276,32.71001315262767,33.71933436266941,31.92085549265168,0.0,0.0,0.0,0.0,296,-0.04988858847868143
33.80797163607251,32.64425001429633,33.88231257505575,31.98375936409904,0.0,0.0,0.0,0.0,299,-0.0485200735827575
33.74506776462515,32.647109281180306,33.948075713387084,31.932292560187566,0.0,0.0,0.0,0.0,297,-0.04702714824174958
33.75650483216103,32.72430948704752,33.84514210556413,31.958025962143303,0.0,0.0,0.0,0.0,297,-0.045409812455657665
33.72219362955338,32.764339223423114,33.73363069708926,31.94658889460742,0.0,0.0,0.0,0.0,297,-0.04429011844990172
33.71933436266941,32.775776290958994,33.76508263281294,31.98375936409904,0.0,0.0,0.0,0.0,295,-0.043792476669565754
33.76508263281294,32.72430948704752,33.84514210556413,31.97232229656316,0.0,0.0,0.0,0.0,296,-0.04366806622448175
33.77080116658088,32.76147995653914,33.88231257505575,32.009492766054784,0.0,0.0,0.0,0.0,297,-0.043046013999061786
33.74506776462515,32.71001315262767,33.905186710127516,31.98375936409904,0.0,0.0,0.0,0.0,295,-0.04217514088347383
33.779378967232795,32.775776290958994,33.89374964259164,32.046663235546404,0.0,0.0,0.0,0.0,302,-0.04142867821296987
33.73363069708926,32.75004288900326,33.905186710127516,32.072396637502145,0.0,0.0,0.0,0.0,295,-0.04093103643263389
33.75650483216103,32.764339223423114,33.91948304454737,32.086692971922,0.0,0.0,0.0,0.0,301,-0.040308984207213926
33.75078629839309,32.795791159146795,33.99382398353062,32.03522616801052,0.0,0.0,0.0,0.0,297,-0.03943811109162597
33.73363069708926,32.81580602733459,34.068164922513866,32.046663235546404,0.0,0.0,0.0,0.0,301,-0.03831841708587003
33.73363069708926,32.79007262537885,34.13106879396123,32.086692971922,0.0,0.0,0.0,0.0,296,-0.03782077530553406
33.779378967232795,32.79007262537885,34.17109853033682,32.13815977583347,0.0,0.0,0.0,0.0,302,-0.037571954415366066
33.77080116658088,32.775776290958994,34.179676330988734,32.189626579744946,0.0,0.0,0.0,0.0,298,-0.03744754397028207
33.793675301652655,32.76147995653914,34.21970606736433,32.13815977583347,0.0,0.0,0.0,0.0,301,-0.03744754397028207
33.793675301652655,32.844398696174295,34.348373077143016,32.072396637502145,0.0,0.0,0.0,0.0,297,-0.03744754397028207
33.868016240635896,32.844398696174295,34.48847715445759,32.12386344141362,0.0,0.0,0.0,0.0,296,-0.03707431263503009
33.905186710127516,32.79007262537885,34.528506890833185,32.189626579744946,0.0,0.0,0.0,0.0,297,-0.036701081299778116
33.91948304454737,32.738605821467374,34.48847715445759,32.20106364728083,0.0,0.0,0.0,0.0,295,-0.036452260409610124
33.91948304454737,32.79007262537885,34.51421055641333,32.20106364728083,0.0,0.0,0.0,0.0,296,-0.03657667085469412
34.042431520558125,32.81580602733459,34.6057070967004,32.17533024532509,0.0,0.0,0.0,0.0,295,-0.036701081299778116
34.15680219591697,32.895865500085776,34.697203636987474,32.13815977583347,0.0,0.0,0.0,0.0,295,-0.03707431263503009
34.19397266540859,32.76147995653914,34.73723337336307,32.215359981700686,0.0,0.0,0.0,0.0,293,-0.03732313352519808
34.23400240178418,32.764339223423114,34.7629667753188,32.25253045119231,0.0,0.0,0.0,0.0,294,-0.037571954415366066
34.23400240178418,32.764339223423114,34.682907302567614,32.27826385314805,0.0,0.0,0.0,0.0,291,-0.037945185750618046
34.285469205695655,32.79007262537885,34.6057070967004,32.25253045119231,0.0,0.0,0.0,0.0,290,-0.03806959619570204
34.3998398810545,32.81580602733459,34.528506890833185,32.24109338365643,0.0,0.0,0.0,0.0,290,-0.03806959619570204
34.46274375250186,32.85583576371018,34.47704008692171,32.22679704923657,0.0,0.0,0.0,0.0,293,-0.03782077530553406
34.43701035054612,32.85583576371018,34.41127694859038,32.26682678561217,0.0,0.0,0.0,0.0,288,-0.03732313352519808
34.3998398810545,32.775776290958994,34.2711728712758,32.32973065705953,0.0,0.0,0.0,0.0,291,-0.036452260409610124
34.33407674272316,32.85583576371018,34.13106879396123,32.31829358952364,0.0,0.0,0.0,0.0,283,-0.03520815595877019
34.279750671927715,32.832961628638415,34.01955738548636,32.31829358952364,0.0,0.0,0.0,0.0,286,-0.03346640972759428
34.23400240178418,32.88442843254989,34.005261051066505,32.34402699147938,0.0,0.0,0.0,0.0,284,-0.03135143216116639
34.105335392005486,32.938754503345336,34.005261051066505,32.32973065705953,0.0,0.0,0.0,0.0,286,-0.028863223259486516
34.042431520558125,32.92445816892548,33.99382398353062,32.31829358952364,0.0,0.0,0.0,0.0,283,-0.026126193467638656
33.942357179619144,32.901584033853716,33.80797163607251,32.34402699147938,0.0,0.0,0.0,0.0,287,-0.02314034278562281
33.89089037570766,33.00451764167667,33.6221192886144,32.36976039343512,0.0,0.0,0.0,0.0,284,-0.020030081658522967
33.85657917310001,33.018813976096524,33.61068222107851,32.43552353176645,0.0,0.0,0.0,0.0,285,-0.01791510409209508
33.85657917310001,33.044547378052265,33.736489963973234,32.46125693372219,0.0,0.0,0.0,0.0,280,-0.01654658919617115
33.80797163607251,33.09887344884771,33.830845771144276,32.43552353176645,0.0,0.0,0.0,0.0,278,-0.015551305635499202
33.78223823411677,33.03311031051638,33.81940870360839,32.43552353176645,0.0,0.0,0.0,0.0,279,-0.01455602207482725
33.793675301652655,32.99593984102476,33.67930462629381,32.49842740321381,0.0,0.0,0.0,0.0,279,-0.013560738514155303
33.75078629839309,33.08457711442786,33.59638588665866,32.564190541545145,0.0,0.0,0.0,0.0,279,-0.013311917623987314
33.73363069708926,33.08457711442786,33.63641562303425,32.647109281180306,0.0,0.0,0.0,0.0,277,-0.013436328069071309
33.77080116658088,33.0902956481958,33.74506776462515,32.658546348716186,0.0,0.0,0.0,0.0,274,-0.013560738514155303
33.793675301652655,33.19608852290273,33.85657917310001,32.60422027792074,0.0,0.0,0.0,0.0,273,-0.013933969849407283
33.78223823411677,33.11602905015154,33.862297706867956,32.60422027792074,0.0,0.0,0.0,0.0,273,-0.014431611629743258
33.78223823411677,33.05884371247212,33.78223823411677,32.69571681820781,0.0,0.0,0.0,0.0,268,-0.015302484745331212
33.70789729513353,33.12746611768742,33.75650483216103,32.7357465545834,0.0,0.0,0.0,0.0,261,-0.01691982053142313
33.70789729513353,33.17321438783095,33.82226797049236,32.82152456110253,0.0,0.0,0.0,0.0,242,-0.01891038765276703
33.75078629839309,33.23611825927832,33.80797163607251,32.83010236175444,0.0,0.0,0.0,0.0,223,-0.020154492103606963
33.71933436266941,33.30474066449362,33.6707268256419,32.80436895979871,0.0,0.0,0.0,0.0,203,-0.020403312993774948
33.6707268256419,33.22182192485846,33.56779321781895,32.764339223423114,0.0,0.0,0.0,0.0,193,-0.020278902548690955
33.624978555498366,33.12746611768742,33.43912620804026,32.85583576371018,0.0,0.0,0.0,0.0,176,-0.020278902548690955
33.524904214559385,33.12746611768742,33.37336306970892,32.870132098130036,0.0,0.0,0.0,0.0,163,-0.020278902548690955
33.48487447818379,33.138903185223306,33.34191113398524,32.85583576371018,0.0,0.0,0.0,0.0,158,-0.020278902548690955
33.51060788013953,33.22182192485846,33.30474066449362,32.85583576371018,0.0,0.0,0.0,0.0,140,-0.020278902548690955
33.48487447818379,33.27042946188597,33.250414593698174,32.86727283124607,0.0,0.0,0.0,0.0,124,-0.020154492103606963
33.40195573854864,33.15319951964316,33.19894778978669,32.81580602733459,0.0,0.0,0.0,0.0,111,-0.020154492103606963
33.30474066449362,33.07885858065991,33.00451764167667,32.85583576371018,0.0,0.0,0.0,0.0,100,-0.020154492103606963
33.281866529421855,33.138903185223306,32.92445816892548,32.870132098130036,0.0,0.0,0.0,0.0,89,-0.020154492103606963
33.29044433007377,33.138903185223306,32.9616286384171,32.844398696174295,0.0,0.0,0.0,0.0,80,-0.020278902548690955
33.30474066449362,33.138903185223306,33.03311031051638,32.844398696174295,0.0,0.0,0.0,0.0,75,-0.020527723438858947
33.20752559043861,33.138903185223306,33.044547378052265,32.85583576371018,0.0,0.0,0.0,0.0,66,-0.020900954774110924
33.138903185223306,33.09887344884771,33.00737690856064,32.81580602733459,0.0,0.0,0.0,0.0,61,-0.020900954774110924
33.0902956481958,33.0902956481958,32.91016183450563,32.83010236175444,0.0,0.0,0.0,0.0,57,-0.020900954774110924
33.07314004689197,33.08457711442786,32.870132098130036,32.807228226682675,0.0,0.0,0.0,0.0,53,-0.021149775664278912
33.113169783267566,33.018813976096524,32.870132098130036,32.81580602733459,0.0,0.0,0.0,0.0,51,-0.021896238334782877
33.17321438783095,33.044547378052265,32.92445816892548,32.80436895979871,0.0,0.0,0.0,0.0,46,-0.02289152189545482
33.12746611768742,33.09887344884771,33.018813976096524,32.79007262537885,0.0,0.0,0.0,0.0,41,-0.024135626346294757
33.05884371247212,33.05884371247212,33.044547378052265,32.738605821467374,0.0,0.0,0.0,0.0,39,-0.02562855168730268
32.99593984102476,33.00737690856064,32.9616286384171,32.80436895979871,0.0,0.0,0.0,0.0,37,-0.02699706658322661
33.00451764167667,32.97878423972093,32.895865500085776,32.83010236175444,0.0,0.0,0.0,0.0,37,-0.028365581479150543
33.044547378052265,32.95019157088122,32.88442843254989,32.844398696174295,0.0,0.0,0.0,0.0,35,-0.029858506820158465
33.10173271573168,32.98450277348887,32.9130211013896,32.807228226682675,0.0,0.0,0.0,0.0,33,-0.031724663496418365
33.05884371247212,33.00451764167667,32.95019157088122,32.79007262537885,0.0,0.0,0.0,0.0,31,-0.03359082017267827
33.00451764167667,32.96448790530108,32.99022130725682,32.7357465545834,0.0,0.0,0.0,0.0,31,-0.03520815595877019
32.9616286384171,32.9130211013896,32.895865500085776,32.764339223423114,0.0,0.0,0.0,0.0,32,-0.036327849964526135
32.95019157088122,32.938754503345336,32.86727283124607,32.775776290958994,0.0,0.0,0.0,0.0,32,-0.03744754397028207
32.99022130725682,32.92445816892548,32.88442843254989,32.77291702407503,0.0,0.0,0.0,0.0,30,-0.03844282753095402
33.044547378052265,32.95019157088122,32.895865500085776,32.7357465545834,0.0,0.0,0.0,0.0,30,-0.03943811109162597
33.018813976096524,32.97306570595299,32.9130211013896,32.69571681820781,0.0,0.0,0.0,0.0,30,-0.040308984207213926
32.95019157088122,32.95019157088122,32.92445816892548,32.62995367987648,0.0,0.0,0.0,0.0,29,-0.040806625987549895
32.938754503345336,32.895865500085776,32.81580602733459,32.64425001429633,0.0,0.0,0.0,0.0,30,-0.04093103643263389
32.91016183450563,32.92445816892548,32.79007262537885,32.658546348716186,0.0,0.0,0.0,0.0,31,-0.041055446877717894
32.96448790530108,32.88442843254989,32.81580602733459,32.5985017441528,0.0,0.0,0.0,0.0,30,-0.041055446877717894
33.03311031051638,32.92445816892548,32.844398696174295,32.61851661234059,0.0,0.0,0.0,0.0,29,-0.041055446877717894
33.044547378052265,32.97878423972093,32.85583576371018,32.60422027792074,0.0,0.0,0.0,0.0,28,-0.041055446877717894
32.97878423972093,32.9130211013896,32.870132098130036,32.564190541545145,0.0,0.0,0.0,0.0,27,-0.041055446877717894
32.938754503345336,32.85583576371018,32.764339223423114,32.59278321038486,0.0,0.0,0.0,0.0,27,-0.04117985732280188
32.92445816892548,32.895865500085776,32.71573168639561,32.61851661234059,0.0,0.0,0.0,0.0,26,-0.04117985732280188
32.95019157088122,32.895865500085776,32.69571681820781,32.552753474009265,0.0,0.0,0.0,0.0,26,-0.04142867821296987
33.00451764167667,32.92445816892548,32.71001315262767,32.52987933893749,0.0,0.0,0.0,0.0,26,-0.04205073043838984
32.99593984102476,32.96448790530108,32.72430948704752,32.51272373763367,0.0,0.0,0.0,0.0,25,-0.042797193108893794
32.938754503345336,32.895865500085776,32.71001315262767,32.47269400125808,0.0,0.0,0.0,0.0,25,-0.04404129755973374
32.88442843254989,32.832961628638415,32.578486875965,32.51272373763367,0.0,0.0,0.0,0.0,24,-0.04578304379090964
32.85583576371018,32.91016183450563,32.495568136329844,32.48699033567793,0.0,0.0,0.0,0.0,25,-0.04789802135733754
32.87870989878195,32.88442843254989,32.44696059930234,32.47269400125808,0.0,0.0,0.0,0.0,24,-0.04963976758851344
32.92445816892548,32.91016183450563,32.46125693372219,32.48699033567793,0.0,0.0,0.0,0.0,24,-0.05075946159426939
32.895865500085776,32.86727283124607,32.48699033567793,32.46125693372219,0.0,0.0,0.0,0.0,24,-0.05150592426477336
32.88442843254989,32.85583576371018,32.51272373763367,32.43552353176645,0.0,0.0,0.0,0.0,24,-0.05225238693527731
32.86727283124607,32.81580602733459,32.49842740321381,32.43552353176645,0.0,0.0,0.0,0.0,25,-0.05275002871561329
32.83010236175444,32.844398696174295,32.48699033567793,32.43552353176645,0.0,0.0,0.0,0.0,25,-0.05324767049594926
32.870132098130036,32.78435409161091,32.49842740321381,32.381197460971,0.0,0.0,0.0,0.0,25,-0.054118543611537215
32.88442843254989,32.844398696174295,32.538457139589404,32.36976039343512,0.0,0.0,0.0,0.0,25,-0.054865006282041176
32.87870989878195,32.88442843254989,32.527020072053524,32.31829358952364,0.0,0.0,0.0,0.0,24,-0.054865006282041176
32.85583576371018,32.81580602733459,32.507005203865724,32.24109338365643,0.0,0.0,0.0,0.0,24,-0.05474059583695719
32.844398696174295,32.71573168639561,32.44696059930234,32.22679704923657,0.0,0.0,0.0,0.0,25,-0.05474059583695719
32.83010236175444,32.79007262537885,32.381197460971,32.25253045119231,0.0,0.0,0.0,0.0,26,-0.05474059583695719
32.85583576371018,32.79007262537885,32.32973065705953,32.25253045119231,0.0,0.0,0.0,0.0,26,-0.05474059583695719
32.895865500085776,32.81580602733459,32.381197460971,32.215359981700686,0.0,0.0,0.0,0.0,26,-0.05461618539187319
32.88442843254989,32.80436895979871,32.40693086292674,32.189626579744946,0.0,0.0,0.0,0.0,27,-0.05461618539187319
32.844398696174295,32.76147995653914,32.381197460971,32.189626579744946,0.0,0.0,0.0,0.0,26,-0.05461618539187319
32.82152456110253,32.7357465545834,32.32973065705953,32.16389317778921,0.0,0.0,0.0,0.0,27,-0.05461618539187319
32.83010236175444,32.764339223423114,32.22679704923657,32.13815977583347,0.0,0.0,0.0,0.0,27,-0.05461618539187319
32.844398696174295,32.75004288900326,32.189626579744946,32.11242637387773,0.0,0.0,0.0,0.0,27,-0.05461618539187319
32.895865500085776,32.764339223423114,32.22679704923657,32.12386344141362,0.0,0.0,0.0,0.0,28,-0.05461618539187319
32.9130211013896,32.82152456110253,32.27826385314805,32.09813003945788,0.0,0.0,0.0,0.0,31,-0.05461618539187319
32.870132098130036,32.764339223423114,32.31829358952364,32.086692971922,0.0,0.0,0.0,0.0,33,-0.05461618539187319
32.80436895979871,32.69571681820781,32.27826385314805,32.086692971922,0.0,0.0,0.0,0.0,33,-0.05461618539187319
32.79007262537885,32.69571681820781,32.22679704923657,32.09813003945788,0.0,0.0,0.0,0.0,33,-0.05461618539187319
32.795791159146795,32.7357465545834,32.20106364728083,32.072396637502145,0.0,0.0,0.0,0.0,33,-0.05461618539187319
32.83010236175444,32.77291702407503,32.22679704923657,32.046663235546404,0.0,0.0,0.0,0.0,36,-0.05461618539187319
32.870132098130036,32.775776290958994,32.2925601875679,32.03522616801052,0.0,0.0,0.0,0.0,40,-0.05461618539187319
32.81580602733459,32.69571681820781,32.36976039343512,32.03522616801052,0.0,0.0,0.0,0.0,41,-0.05461618539187319
32.77291702407503,32.68427975067193,32.36976039343512,31.97232229656316,0.0,0.0,0.0,0.0,40,-0.05461618539187319
32.75004288900326,32.71001315262767,32.2925601875679,31.998055698518897,0.0,0.0,0.0,0.0,39,-0.05424295405662121
32.764339223423114,32.727168753931494,32.24109338365643,31.97232229656316,0.0,0.0,0.0,0.0,43,-0.05386972272136923
32.83010236175444,32.764339223423114,32.31829358952364,31.97232229656316,0.0,0.0,0.0,0.0,46,-0.053620901831201245
32.87870989878195,32.72430948704752,32.34402699147938,31.94658889460742,0.0,0.0,0.0,0.0,48,-0.053620901831201245
32.83010236175444,32.71001315262767,32.43552353176645,31.92085549265168,0.0,0.0,0.0,0.0,48,-0.053620901831201245
32.79007262537885,32.658546348716186,32.44696059930234,31.85795162120432,0.0,0.0,0.0,0.0,49,-0.053620901831201245
32.72430948704752,32.658546348716186,32.40693086292674,31.895122090695942,0.0,0.0,0.0,0.0,51,-0.053620901831201245
32.7357465545834,32.64425001429633,32.421227197346596,31.88368502316006,0.0,0.0,0.0,0.0,54,-0.053620901831201245
32.77291702407503,32.66998341625207,32.47269400125808,31.895122090695942,0.0,0.0,0.0,0.0,57,-0.053620901831201245
32.81580602733459,32.658546348716186,32.48699033567793,31.869388688740205,0.0,0.0,0.0,0.0,56,-0.053620901831201245
32.775776290958994,32.60422027792074,32.578486875965,31.83221821924858,0.0,0.0,0.0,0.0,57,-0.05349649138611724
32.7357465545834,32.59278321038486,32.578486875965,31.783610682221074,0.0,0.0,0.0,0.0,57,-0.05349649138611724
32.68427975067193,32.62995367987648,32.54131640647338,31.783610682221074,0.0,0.0,0.0,0.0,59,-0.05349649138611724
32.727168753931494,32.658546348716186,32.527020072053524,31.83221821924858,0.0,0.0,0.0,0.0,64,-0.05324767049594926
32.83010236175444,32.64425001429633,32.48699033567793,31.806484817292844,0.0,0.0,0.0,0.0,69,-0.05225238693527731
32.85583576371018,32.64425001429633,32.49842740321381,31.820781151712698,0.0,0.0,0.0,0.0,70,-0.0506350511491854
32.81580602733459,32.62995367987648,32.51272373763367,31.76931434780122,0.0,0.0,0.0,0.0,71,-0.048644484027841495
32.844398696174295,32.61851661234059,32.564190541545145,31.76931434780122,0.0,0.0,0.0,0.0,70,-0.04727596913191757
32.85583576371018,32.60422027792074,32.538457139589404,31.7321438783096,0.0,0.0,0.0,0.0,73,-0.04640509601632961
32.895865500085776,32.57562760908103,32.51272373763367,31.7321438783096,0.0,0.0,0.0,0.0,79,-0.04565863334582565
32.95019157088122,32.59278321038486,32.51272373763367,31.69497340881798,0.0,0.0,0.0,0.0,81,-0.04516099156548968
32.9616286384171,32.62995367987648,32.5985017441528,31.757877280265337,0.0,0.0,0.0,0.0,82,-0.045036581120405685
32.91016183450563,32.64425001429633,32.72430948704752,31.746440212729453,0.0,0.0,0.0,0.0,84,-0.044912170675321696
32.85583576371018,32.564190541545145,32.775776290958994,31.7321438783096,0.0,0.0,0.0,0.0,84,-0.04453893934006971
32.85583576371018,32.51272373763367,32.72430948704752,31.646365871790472,0.0,0.0,0.0,0.0,87,-0.04354365577939776
32.86727283124607,32.527020072053524,32.72430948704752,31.657802939326352,0.0,0.0,0.0,0.0,90,-0.04254837221872581
32.95019157088122,32.564190541545145,32.78435409161091,31.7321438783096,0.0,0.0,0.0,0.0,92,-0.04192631999330584
32.96448790530108,32.58706467661691,32.870132098130036,31.820781151712698,0.0,0.0,0.0,0.0,93,-0.04180190954822185
32.9130211013896,32.61851661234059,33.00451764167667,31.846514553668435,0.0,0.0,0.0,0.0,94,-0.04180190954822185
32.85583576371018,32.578486875965,33.0902956481958,31.83221821924858,0.0,0.0,0.0,0.0,95,-0.04180190954822185
32.85583576371018,32.59278321038486,33.08457711442786,31.76931434780122,0.0,0.0,0.0,0.0,97,-0.04192631999330584
32.91016183450563,32.61851661234059,33.15319951964316,31.76931434780122,0.0,0.0,0.0,0.0,100,-0.042299551328557825
32.9130211013896,32.59278321038486,33.30474066449362,31.79504774975696,0.0,0.0,0.0,0.0,102,-0.04317042444414578
32.88442843254989,32.61851661234059,33.53920054897924,31.76931434780122,0.0,0.0,0.0,0.0,103,-0.04416570800481773
32.80436895979871,32.621375879224566,33.793675301652655,31.783610682221074,0.0,0.0,0.0,0.0,103,-0.0446633497851537
32.72430948704752,32.552753474009265,34.042431520558125,31.720706810773713,0.0,0.0,0.0,0.0,103,-0.0446633497851537
32.68142048378795,32.51272373763367,34.1825355978727,31.69497340881798,0.0,0.0,0.0,0.0,103,-0.0446633497851537
32.658546348716186,32.538457139589404,34.29404700634757,31.720706810773713,0.0,0.0,0.0,0.0,104,-0.0446633497851537
32.71001315262767,32.552753474009265,34.3598101446789,31.76931434780122,0.0,0.0,0.0,0.0,104,-0.0446633497851537
32.71001315262767,32.538457139589404,34.48847715445759,31.746440212729453,0.0,0.0,0.0,0.0,104,-0.044912170675321696
32.71001315262767,32.564190541545145,34.6057070967004,31.746440212729453,0.0,0.0,0.0,0.0,102,-0.045409812455657665
32.66998341625207,32.51272373763367,34.7629667753188,31.7321438783096,0.0,0.0,0.0,0.0,101,-0.04640509601632961
32.621375879224566,32.47269400125808,34.89449305198147,31.683536341282093,0.0,0.0,0.0,0.0,100,-0.04740037957700156
32.62995367987648,32.46125693372219,34.945959855892944,31.646365871790472,0.0,0.0,0.0,0.0,101,-0.04802243180242153
32.69571681820781,32.44696059930234,34.85446331560588,31.66924000686224,0.0,0.0,0.0,0.0,101,-0.04802243180242153
32.775776290958994,32.46125693372219,34.682907302567614,31.683536341282093,0.0,0.0,0.0,0.0,101,-0.04802243180242153
32.83010236175444,32.48699033567793,34.50277348887745,31.657802939326352,0.0,0.0,0.0,0.0,107,-0.04802243180242153
32.86727283124607,32.46125693372219,34.068164922513866,31.62063246983473,0.0,0.0,0.0,0.0,107,-0.04802243180242153
32.88442843254989,32.421227197346596,33.59638588665866,31.62063246983473,0.0,0.0,0.0,0.0,113,-0.04752479002208555
32.85583576371018,32.421227197346596,33.17321438783095,31.609195402298845,0.0,0.0,0.0,0.0,114,-0.04740037957700156
32.97878423972093,32.44696059930234,32.95019157088122,31.66924000686224,0.0,0.0,0.0,0.0,116,-0.04740037957700156
33.07885858065991,32.46125693372219,32.92445816892548,31.683536341282093,0.0,0.0,0.0,0.0,118,-0.04740037957700156
33.07314004689197,32.51272373763367,33.03311031051638,31.62063246983473,0.0,0.0,0.0,0.0,119,-0.04740037957700156
33.08457711442786,32.44696059930234,33.138903185223306,31.609195402298845,0.0,0.0,0.0,0.0,125,-0.04740037957700156
33.10173271573168,32.43552353176645,33.319036998913475,31.59489906787899,0.0,0.0,0.0,0.0,127,-0.04752479002208555
33.09887344884771,32.49842740321381,33.487733745067764,31.572024932807224,0.0,0.0,0.0,0.0,132,-0.047649200467169556
33.16177732029507,32.43838279865042,33.524904214559385,31.59489906787899,0.0,0.0,0.0,0.0,136,-0.047649200467169556
33.23611825927832,32.48699033567793,33.51060788013953,31.63206953737061,0.0,0.0,0.0,0.0,141,-0.047649200467169556
33.22182192485846,32.527020072053524,33.41339280608452,31.63206953737061,0.0,0.0,0.0,0.0,144,-0.04777361091225354
33.23325899239435,32.552753474009265,33.293303596957735,31.646365871790472,0.0,0.0,0.0,0.0,146,-0.04802243180242153
33.23611825927832,32.47269400125808,33.23611825927832,31.66924000686224,0.0,0.0,0.0,0.0,151,-0.048768894472925484
33.23325899239435,32.527020072053524,33.21038485732258,31.66924000686224,0.0,0.0,0.0,0.0,158,-0.04976417803359744
33.27614799565391,32.51272373763367,33.319036998913475,31.69497340881798,0.0,0.0,0.0,0.0,163,-0.05075946159426939
33.281866529421855,32.578486875965,33.36764453594098,31.746440212729453,0.0,0.0,0.0,0.0,164,-0.051381513819689355
33.261851661234054,32.658546348716186,33.35906673528907,31.76931434780122,0.0,0.0,0.0,0.0,168,-0.05175474515494134
33.29044433007377,32.63567221364442,33.261851661234054,31.757877280265337,0.0,0.0,0.0,0.0,169,-0.05200356604510933
33.319036998913475,32.49842740321381,33.25899239435009,31.720706810773713,0.0,0.0,0.0,0.0,179,-0.05299884960578127
33.41339280608452,32.51272373763367,33.387659404128776,31.70641047635386,0.0,0.0,0.0,0.0,185,-0.05424295405662121
33.462000343112024,32.527020072053524,33.524904214559385,31.70641047635386,0.0,0.0,0.0,0.0,189,-0.05511382717220916
33.48487447818379,32.564190541545145,33.63641562303425,31.783610682221074,0.0,0.0,0.0,0.0,192,-0.05548705850746115
33.450563275576144,32.62995367987648,33.64499342368617,31.820781151712698,0.0,0.0,0.0,0.0,193,-0.05548705850746115
33.499170812603644,32.60422027792074,33.55921541716704,31.85795162120432,0.0,0.0,0.0,0.0,206,-0.05548705850746115
33.53634128209527,32.552753474009265,33.47057814376394,31.846514553668435,0.0,0.0,0.0,0.0,200,-0.055611468952545144
33.582089552238806,32.527020072053524,33.54777834963115,31.846514553668435,0.0,0.0,0.0,0.0,207,-0.05573587939762913
33.64499342368617,32.5985017441528,33.59638588665866,31.79504774975696,0.0,0.0,0.0,0.0,205,-0.055611468952545144
33.64499342368617,32.60422027792074,33.69646022759764,31.88368502316006,0.0,0.0,0.0,0.0,211,-0.05548705850746115
33.61068222107851,32.66998341625207,33.736489963973234,31.9094184251158,0.0,0.0,0.0,0.0,207,-0.055611468952545144
33.63355635615028,32.60422027792074,33.80797163607251,31.94658889460742,0.0,0.0,0.0,0.0,214,-0.05573587939762913
33.66500829187396,32.61851661234059,33.793675301652655,31.92085549265168,0.0,0.0,0.0,0.0,208,-0.055611468952545144
33.68216389317779,32.60422027792074,33.69360096071367,31.9094184251158,0.0,0.0,0.0,0.0,207,-0.055362648062377146
33.70789729513353,32.66998341625207,33.65928975810602,31.869388688740205,0.0,0.0,0.0,0.0,208,-0.05523823761729316
33.70789729513353,32.69571681820781,33.73363069708926,31.932292560187566,0.0,0.0,0.0,0.0,209,-0.05548705850746115
33.73363069708926,32.764339223423114,33.87659404128781,31.97232229656316,0.0,0.0,0.0,0.0,209,-0.055362648062377146
33.69646022759764,32.72430948704752,33.78223823411677,31.958025962143303,0.0,0.0,0.0,0.0,209,-0.05523823761729316
33.63641562303425,32.62995367987648,33.64499342368617,31.97232229656316,0.0,0.0,0.0,0.0,213,-0.05523823761729316
33.69646022759764,32.658546348716186,33.72219362955338,31.932292560187566,0.0,0.0,0.0,0.0,211,-0.05548705850746115
33.80797163607251,32.738605821467374,33.85657917310001,31.932292560187566,0.0,0.0,0.0,0.0,213,-0.05598470028779712
33.81940870360839,32.79007262537885,33.942357179619144,31.958025962143303,0.0,0.0,0.0,0.0,216,-0.05573587939762913
33.75650483216103,32.80436895979871,33.93377937896723,32.02378910047464,0.0,0.0,0.0,0.0,221,-0.05548705850746115
33.72219362955338,32.81580602733459,33.830845771144276,31.97232229656316,0.0,0.0,0.0,0.0,216,-0.055611468952545144
33.75650483216103,32.76147995653914,33.942357179619144,32.009492766054784,0.0,0.0,0.0,0.0,223,-0.056109110732881114
33.868016240635896,32.75004288900326,34.105335392005486,32.009492766054784,0.0,0.0,0.0,0.0,218,-0.05660675251321709
33.89089037570766,32.79007262537885,34.279750671927715,32.02378910047464,0.0,0.0,0.0,0.0,225,-0.056855573403385075
33.830845771144276,32.83010236175444,34.3998398810545,32.02378910047464,0.0,0.0,0.0,0.0,219,-0.056731162958301086
33.793675301652655,32.895865500085776,34.41127694859038,32.03522616801052,0.0,0.0,0.0,0.0,225,-0.056731162958301086
33.82226797049236,32.87870989878195,34.3998398810545,32.046663235546404,0.0,0.0,0.0,0.0,219,-0.056731162958301086
33.868016240635896,32.80436895979871,34.42557328301024,32.086692971922,0.0,0.0,0.0,0.0,225,-0.056731162958301086
33.956653514039,32.75004288900326,34.47704008692171,32.09813003945788,0.0,0.0,0.0,0.0,217,-0.056731162958301086
33.99382398353062,32.844398696174295,34.51421055641333,32.03522616801052,0.0,0.0,0.0,0.0,218,-0.05648234206813309
33.990964716646644,32.85583576371018,34.43701035054612,32.03522616801052,0.0,0.0,0.0,0.0,220,-0.056109110732881114
34.01955738548636,32.92445816892548,34.1825355978727,32.09813003945788,0.0,0.0,0.0,0.0,219,-0.055611468952545144
34.03099445302224,32.92445816892548,34.042431520558125,32.189626579744946,0.0,0.0,0.0,0.0,219,-0.05523823761729316
34.042431520558125,32.85583576371018,34.005261051066505,32.14959684336936,0.0,0.0,0.0,0.0,219,-0.05498941672712517
34.105335392005486,32.844398696174295,34.005261051066505,32.16389317778921,0.0,0.0,0.0,0.0,222,-0.0544917749467892
34.105335392005486,32.895865500085776,33.99382398353062,32.12386344141362,0.0,0.0,0.0,0.0,223,-0.053620901831201245
34.042431520558125,32.95019157088122,34.01955738548636,32.13815977583347,0.0,0.0,0.0,0.0,225,-0.0523767973803613
34.03099445302224,33.00737690856064,33.990964716646644,32.215359981700686,0.0,0.0,0.0,0.0,226,-0.051008282484437374
33.990964716646644,33.00451764167667,33.956653514039,32.2925601875679,0.0,0.0,0.0,0.0,228,-0.050137409368849424
34.005261051066505,32.91016183450563,34.01955738548636,32.26682678561217,0.0,0.0,0.0,0.0,232,-0.04963976758851344
34.042431520558125,32.91016183450563,34.093898324469606,32.26682678561217,0.0,0.0,0.0,0.0,237,-0.049390946698345456
34.042431520558125,32.95019157088122,34.16537999656888,32.24109338365643,0.0,0.0,0.0,0.0,234,-0.04901771536309348
34.03385371990621,33.00451764167667,34.11963172642534,32.20106364728083,0.0,0.0,0.0,0.0,242,-0.048644484027841495
34.03099445302224,33.05884371247212,34.03099445302224,32.2925601875679,0.0,0.0,0.0,0.0,236,-0.04802243180242153
33.98238691599474,33.06742151312403,33.956653514039,32.34402699147938,0.0,0.0,0.0,0.0,246,-0.04715155868683357
33.96809058157488,33.044547378052265,33.97666838222679,32.395493795390855,0.0,0.0,0.0,0.0,238,-0.04603186468107763
34.06244638874592,33.044547378052265,34.08246125693372,32.40693086292674,0.0,0.0,0.0,0.0,247,-0.04516099156548968
34.105335392005486,33.12746611768742,34.19397266540859,32.36976039343512,0.0,0.0,0.0,0.0,240,-0.04429011844990172
34.11963172642534,33.138903185223306,34.17109853033682,32.381197460971,0.0,0.0,0.0,0.0,249,-0.043046013999061786
34.05672785497798,33.18751072225081,33.87659404128781,32.40693086292674,0.0,0.0,0.0,0.0,238,-0.04155308865805386
34.005261051066505,33.20752559043861,33.84514210556413,32.44696059930234,0.0,0.0,0.0,0.0,241,-0.040682215542465906
34.09103905758563,33.16749585406301,34.03099445302224,32.48699033567793,0.0,0.0,0.0,0.0,241,-0.040682215542465906
34.08246125693372,33.12746611768742,34.19397266540859,32.49842740321381,0.0,0.0,0.0,0.0,241,-0.04043339465229792
34.08246125693372,33.12746611768742,34.19397266540859,32.527020072053524,0.0,0.0,0.0,0.0,243,-0.03931370064654198
34.05672785497798,33.181792188482866,34.048150054326065,32.48699033567793,0.0,0.0,0.0,0.0,244,-0.03732313352519808
34.06244638874592,33.25899239435009,33.956653514039,32.564190541545145,0.0,0.0,0.0,0.0,244,-0.0350837455136862
34.01955738548636,33.319036998913475,33.99382398353062,32.59278321038486,0.0,0.0,0.0,0.0,245,-0.03359082017267827
34.042431520558125,33.24469605993023,34.14536512838108,32.62995367987648,0.0,0.0,0.0,0.0,246,-0.0329687679472583
34.105335392005486,33.250414593698174,34.2711728712758,32.621375879224566,0.0,0.0,0.0,0.0,248,-0.03247112616692233
34.068164922513866,33.24469605993023,34.29404700634757,32.62995367987648,0.0,0.0,0.0,0.0,264,-0.032097894831670346
34.06244638874592,33.344770400869216,34.2711728712758,32.64425001429633,0.0,0.0,0.0,0.0,251,-0.032097894831670346
34.005261051066505,33.33047406644936,34.285469205695655,32.7357465545834,0.0,0.0,0.0,0.0,263,-0.032097894831670346
34.005261051066505,33.33047406644936,34.348373077143016,32.79007262537885,0.0,0.0,0.0,0.0,257,-0.032097894831670346
34.093898324469606,33.319036998913475,34.42557328301024,32.77291702407503,0.0,0.0,0.0,0.0,266,-0.03197348438658636
34.13678732772917,33.319036998913475,34.50277348887745,32.71001315262767,0.0,0.0,0.0,0.0,260,-0.03197348438658636
34.105335392005486,33.41339280608452,34.554240292788926,32.75004288900326,0.0,0.0,0.0,0.0,270,-0.03197348438658636
34.11963172642534,33.39051867101275,34.528506890833185,32.81580602733459,0.0,0.0,0.0,0.0,264,-0.03197348438658636
34.13106879396123,33.40195573854864,34.48847715445759,32.870132098130036,0.0,0.0,0.0,0.0,273,-0.03197348438658636
34.1825355978727,33.41339280608452,34.528506890833185,32.92445816892548,0.0,0.0,0.0,0.0,264,-0.03197348438658636
34.285469205695655,33.37336306970892,34.63144049865614,32.83010236175444,0.0,0.0,0.0,0.0,274,-0.03197348438658636
34.29404700634757,33.41339280608452,34.73723337336307,32.85583576371018,0.0,0.0,0.0,0.0,264,-0.03197348438658636
34.23400240178418,33.44198547492423,34.828729913650136,32.938754503345336,0.0,0.0,0.0,0.0,264,-0.03197348438658636
34.25973580373992,33.499170812603644,34.802996511694396,32.95019157088122,0.0,0.0,0.0,0.0,266,-0.03197348438658636
34.23400240178418,33.51060788013953,34.802996511694396,32.99022130725682,0.0,0.0,0.0,0.0,267,-0.03197348438658636
34.25973580373992,33.499170812603644,34.828729913650136,32.99022130725682,0.0,0.0,0.0,0.0,269,-0.03184907394150236
34.311202607651396,33.42768914050437,34.828729913650136,33.00737690856064,0.0,0.0,0.0,0.0,270,-0.031227021716082395
34.311202607651396,33.487733745067764,34.78870017727454,33.044547378052265,0.0,0.0,0.0,0.0,270,-0.03035614860049444
34.32549894207125,33.524904214559385,34.65717390061188,33.09887344884771,0.0,0.0,0.0,0.0,271,-0.02898763370457051
34.33407674272316,33.57351175158689,34.46274375250186,33.138903185223306,0.0,0.0,0.0,0.0,271,-0.027370297918478594
34.311202607651396,33.59638588665866,34.311202607651396,33.113169783267566,0.0,0.0,0.0,0.0,271,-0.02575296213238668
34.32263967518728,33.61068222107851,34.29690627323154,33.16177732029507,0.0,0.0,0.0,0.0,276,-0.024384447236462742
34.3598101446789,33.61068222107851,34.32263967518728,33.15319951964316,0.0,0.0,0.0,0.0,276,-0.02289152189545482
34.348373077143016,33.67930462629381,34.37410647909876,33.22182192485846,0.0,0.0,0.0,0.0,277,-0.02177182788969888
34.32263967518728,33.69646022759764,34.33407674272316,33.27042946188597,0.0,0.0,0.0,0.0,280,-0.02077654432902693
34.33407674272316,33.74506776462515,34.24543946932006,33.250414593698174,0.0,0.0,0.0,0.0,293,-0.020154492103606963
34.32263967518728,33.793675301652655,34.25973580373992,33.27042946188597,0.0,0.0,0.0,0.0,281,-0.019905671213438975
34.33407674272316,33.80797163607251,34.348373077143016,33.30474066449362,0.0,0.0,0.0,0.0,294,-0.019781260768354982
34.36838794533082,33.75650483216103,34.39698061417052,33.30474066449362,0.0,0.0,0.0,0.0,285,-0.019532439878186997
34.348373077143016,33.8480013724481,34.38554354663464,33.37908160347687,0.0,0.0,0.0,0.0,295,-0.019159208542935013
34.348373077143016,33.868016240635896,34.348373077143016,33.37336306970892,0.0,0.0,0.0,0.0,287,-0.01891038765276703
34.3598101446789,33.84514210556413,34.311202607651396,33.39051867101275,0.0,0.0,0.0,0.0,296,-0.01891038765276703
34.3598101446789,33.89089037570766,34.32263967518728,33.40195573854864,0.0,0.0,0.0,0.0,287,-0.01891038765276703
34.38554354663464,33.85657917310001,34.37410647909876,33.487733745067764,0.0,0.0,0.0,0.0,295,-0.01891038765276703
34.46274375250186,33.868016240635896,34.47704008692171,33.55349688339909,0.0,0.0,0.0,0.0,287,-0.01903479809785102
34.46274375250186,34.005261051066505,34.554240292788926,33.6221192886144,0.0,0.0,0.0,0.0,297,-0.019159208542935013
34.45130668496597,33.96809058157488,34.48847715445759,33.64499342368617,0.0,0.0,0.0,0.0,284,-0.019159208542935013
34.43701035054612,33.96809058157488,34.3998398810545,33.66500829187396,0.0,0.0,0.0,0.0,285,-0.019159208542935013
34.46274375250186,34.01955738548636,34.41127694859038,33.73363069708926,0.0,0.0,0.0,0.0,284,-0.019159208542935013
34.51421055641333,34.048150054326065,34.51421055641333,33.793675301652655,0.0,0.0,0.0,0.0,283,-0.019159208542935013
34.554240292788926,34.005261051066505,34.59427002916452,33.83370503802824,0.0,0.0,0.0,0.0,283,-0.019159208542935013
34.53994395836907,34.042431520558125,34.6057070967004,33.84514210556413,0.0,0.0,0.0,0.0,285,-0.019159208542935013
34.53994395836907,34.068164922513866,34.51421055641333,33.81940870360839,0.0,0.0,0.0,0.0,284,-0.019159208542935013
34.50277348887745,34.11963172642534,34.51421055641333,33.862297706867956,0.0,0.0,0.0,0.0,285,-0.019159208542935013
34.565677360324806,34.13678732772917,34.59427002916452,33.89374964259164,0.0,0.0,0.0,0.0,286,-0.019283618988019006
34.62000343112025,34.13106879396123,34.63144049865614,33.91948304454737,0.0,0.0,0.0,0.0,285,-0.019283618988019006
34.64573683307599,34.093898324469606,34.65717390061188,33.96237204780694,0.0,0.0,0.0,0.0,287,-0.019283618988019006
34.63144049865614,34.105335392005486,34.65717390061188,33.942357179619144,0.0,0.0,0.0,0.0,286,-0.019408029433103
34.59427002916452,34.14536512838108,34.6057070967004,33.99382398353062,0.0,0.0,0.0,0.0,286,-0.019408029433103
34.59427002916452,34.222565334248294,34.579973694744666,33.98238691599474,0.0,0.0,0.0,0.0,288,-0.019408029433103
34.65717390061188,34.23400240178418,34.64573683307599,34.048150054326065,0.0,0.0,0.0,0.0,302,-0.019408029433103
34.74867044089895,34.19397266540859,34.73723337336307,34.042431520558125,0.0,0.0,0.0,0.0,290,-0.019532439878186997
34.7629667753188,34.20826899982844,34.7629667753188,34.093898324469606,0.0,0.0,0.0,0.0,300,-0.019532439878186997
34.74867044089895,34.25973580373992,34.697203636987474,34.13106879396123,0.0,0.0,0.0,0.0,291,-0.019532439878186997
34.72293703894321,34.311202607651396,34.682907302567614,34.11963172642534,0.0,0.0,0.0,0.0,261,-0.019532439878186997
34.71149997140733,34.33979527649111,34.71149997140733,34.105335392005486,0.0,0.0,0.0,0.0,262,-0.019532439878186997
34.7629667753188,34.33407674272316,34.71149997140733,34.11963172642534,0.0,0.0,0.0,0.0,261,-0.019408029433103
34.78870017727454,34.285469205695655,34.72293703894321,34.14536512838108,0.0,0.0,0.0,0.0,253,-0.019283618988019006
34.74867044089895,34.29690627323154,34.72293703894321,34.20826899982844,0.0,0.0,0.0,0.0,240,-0.019283618988019006
34.671470235031734,34.33407674272316,34.6057070967004,34.19397266540859,0.8,0.8,0.0,0.0,225,-0.019283618988019006
34.62000343112025,34.3998398810545,34.554240292788926,34.16537999656888,1.9000000000000001,1.9000000000000001,0.0,0.0,204,-0.01903479809785102
34.579973694744666,34.42557328301024,34.53994395836907,34.15680219591697,3.3000000000000003,3.3000000000000003,0.0,0.0,183,-0.01866156676259904
34.59427002916452,34.37410647909876,34.528506890833185,34.15680219591697,4.6000000000000005,4.6000000000000005,0.0,0.0,169,-0.01791510409209508
34.565677360324806,34.32263967518728,34.47704008692171,34.20826899982844,6.0,6.0,0.0,0.0,147,-0.01691982053142313
34.46274375250186,34.3998398810545,34.37410647909876,34.21970606736433,7.4,7.4,0.0,0.0,121,-0.015551305635499202
34.348373077143016,34.37410647909876,34.21970606736433,34.19397266540859,8.700000000000001,8.700000000000001,0.0,0.0,109,-0.014182790739575271
34.25973580373992,34.45702521873391,34.11963172642534,34.105335392005486,9.9,9.9,0.1,0.1,88,-0.01281427584365134
34.20826899982844,34.46274375250186,34.048150054326065,34.093898324469606,11.3,11.3,1.0,1.0,65,-0.011943402728063384
34.15680219591697,34.3998398810545,33.99382398353062,34.093898324469606,12.700000000000001,12.700000000000001,2.2,2.3000000000000003,44,-0.011196940057559423
34.048150054326065,34.33407674272316,33.942357179619144,34.01955738548636,14.100000000000001,14.100000000000001,4.0,4.0,30,-0.010450477387055462
33.93092011208326,34.32263967518728,33.868016240635896,33.97666838222679,17.8,17.7,4.0,4.0,19,-0.009579604271467507
33.88231257505575,34.311202607651396,33.76508263281294,33.93092011208326,19.900000000000002,19.900000000000002,6.2,6.300000000000001,12,-0.00833549982062757
33.93377937896723,34.33407674272316,33.64499342368617,33.830845771144276,24.0,24.0,5.4,5.300000000000001,6,-0.006842574479619648
33.93092011208326,34.285469205695655,33.47057814376394,33.868016240635896,28.1,28.0,5.4,5.300000000000001,-3,-0.005349649138611724
33.84514210556413,34.19397266540859,33.23325899239435,33.862297706867956,30.8,31.1,7.2,7.6000000000000005,-3,-0.004354365577939776
33.66500829187396,34.09103905758563,33.15319951964316,33.80797163607251,35.6,35.9,7.2,7.6000000000000005,-4,-0.0042299551328557825
33.450563275576144,34.05672785497798,33.113169783267566,33.82226797049236,40.300000000000004,40.6,7.2,7.6000000000000005,-5,-0.004354365577939776
33.261851661234054,34.05672785497798,32.98450277348887,33.70789729513353,43.7,43.6,9.3,9.1,-5,-0.0042299551328557825
33.21038485732258,34.01955738548636,32.79007262537885,33.55921541716704,48.400000000000006,48.300000000000004,9.3,9.1,-6,-0.0036079029074358145
33.16749585406301,33.93377937896723,32.47269400125808,33.582089552238806,51.6,52.800000000000004,9.3,10.8,-7,-0.0028614402369318524
33.11602905015154,33.80797163607251,32.20106364728083,33.47629667753188,56.1,56.0,11.100000000000001,10.8,-7,-0.0023637984565958786
32.85583576371018,33.6707268256419,32.046663235546404,33.47057814376394,60.7,60.5,11.100000000000001,10.8,-8,-0.0023637984565958786
32.527020072053524,33.61068222107851,31.757877280265337,33.34191113398524,64.4,65.9,11.100000000000001,12.9,-8,-0.0021149775664278912
32.30399725510379,33.55921541716704,31.486246926288096,33.138903185223306,69.7,69.5,13.200000000000001,12.9,-9,-0.001617335786091917
32.189626579744946,33.42768914050437,31.19174243723909,33.00451764167667,75.0,74.7,13.200000000000001,12.9,-9,-0.0013685148959239298
32.13815977583347,33.34191113398524,30.942986218333616,32.890146966317836,80.0,79.9,13.200000000000001,12.9,-10,-0.001244104450839936
32.11242637387773,33.12746611768742,30.74283753645565,32.79007262537885,79.7,79.7,13.200000000000001,12.9,-10,-0.0009952835606719488
31.98375936409904,33.00451764167667,30.602733459141074,32.658546348716186,79.5,78.5,14.600000000000001,12.9,-11,-0.0007464626705039615
31.806484817292844,32.844398696174295,30.47406644936238,32.48699033567793,79.10000000000001,78.4,14.600000000000001,12.9,-11,-0.00037323133525198076
31.746440212729453,32.764339223423114,30.39400697661119,32.30399725510379,78.60000000000001,77.2,16.1,12.9,-11,0.0
31.757877280265337,32.64425001429633,30.56556298964945,32.11242637387773,78.10000000000001,77.10000000000001,16.1,12.9,-11,0.0001244104450839936
31.657802939326352,32.48699033567793,30.694229999428146,32.009492766054784,77.7,76.9,16.1,12.9,-11,0.0001244104450839936
31.546291530851487,32.36976039343512,30.68279293189226,31.932292560187566,77.4,76.80000000000001,16.1,12.9,-11,0.0004976417803359744
31.40046891976897,32.26682678561217,30.602733459141074,31.820781151712698,77.0,76.60000000000001,16.1,9.600000000000001,-11,0.0011196940057559425
31.19174243723909,32.13815977583347,30.405444044147078,31.869388688740205,76.7,76.4,16.1,7.4,-11,0.0017417462311759104
30.917252816377875,32.09813003945788,30.233888031108823,31.9094184251158,76.5,76.2,16.1,5.800000000000001,-11,0.0023637984565958786
30.694229999428146,32.02378910047464,30.19957682850117,31.932292560187566,76.3,76.10000000000001,16.1,5.800000000000001,-11,0.00311026112709984
30.542688854577683,31.9094184251158,30.25676216618059,31.94658889460742,76.2,76.0,16.1,5.800000000000001,-12,0.0038567237976038014
30.47406644936238,31.757877280265337,30.122376622633954,31.869388688740205,76.10000000000001,76.0,16.1,5.800000000000001,-12,0.005225238693527731
30.32538457139589,31.657802939326352,29.667753188082575,31.720706810773713,76.10000000000001,76.0,16.1,5.800000000000001,-12,0.006593753589451661
30.076628352490417,31.572024932807224,29.238863155486932,31.62063246983473,76.10000000000001,76.0,16.1,5.800000000000001,-12,0.007837858040291598
29.95367987647967,31.49768399382398,28.91576599759821,31.523417395779717,76.10000000000001,76.0,16.1,5.800000000000001,-12,0.00895755204604754
30.04231714988277,31.471950591868243,28.707039515068335,31.449076456796476,76.10000000000001,76.0,16.1,5.800000000000001,-12,0.010201656496887474
30.076628352490417,31.363298450277345,28.50975010007434,31.37473551781323,76.10000000000001,76.0,16.1,5.800000000000001,-12,0.010948119167391438
29.94224280894378,31.240349974266596,28.289586550008575,31.288957511294104,76.10000000000001,76.0,16.1,5.800000000000001,-13,0.01107252961247543
29.822153599817003,31.120260765139815,28.175215874649737,31.206038771658942,76.10000000000001,76.0,16.1,5.800000000000001,-13,0.011196940057559423
29.756390461485672,31.037342025504657,28.126608337622233,31.131697832675698,76.10000000000001,76.0,16.1,5.800000000000001,-13,0.011570171392811406
29.69062732315434,30.928689883913762,28.15234173957797,31.04877909304054,76.10000000000001,76.0,16.1,5.800000000000001,-13,0.012067813173147379
29.547663978955793,30.894378681306108,28.140904672042087,30.954423285869503,76.10000000000001,76.0,16.1,5.800000000000001,-12,0.012067813173147379
29.301767026934293,30.8457711442786,28.22096414479327,30.83433407674272,76.10000000000001,76.0,16.1,5.800000000000001,-13,0.011818992282979392
29.078744209984556,30.694229999428146,28.383942357179613,30.7771487390633,76.10000000000001,76.0,16.1,5.800000000000001,-13,0.011818992282979392
29.038714473608962,30.56556298964945,28.592668839709496,30.705667066964025,76.10000000000001,76.0,16.1,5.800000000000001,-14,0.011818992282979392
29.133070280780004,30.485503516898266,28.855721393034823,30.648481729284608,76.10000000000001,76.0,16.1,5.800000000000001,-14,0.0116945818378954
29.238863155486932,30.39400697661119,28.9958254703494,30.59129639160519,76.10000000000001,76.0,16.1,5.800000000000001,-14,0.011570171392811406
29.08732201063647,30.336821638931777,28.955795733973805,30.47406644936238,75.60000000000001,75.60000000000001,16.1,5.800000000000001,-14,0.0116945818378954
28.932921598902038,30.268199233716473,28.844284325498936,30.348258706467657,75.3,75.2,16.1,5.800000000000001,-14,0.011570171392811406
28.952936467089835,30.16812489277749,28.881454794990564,30.268199233716473,74.8,74.8,16.1,5.800000000000001,-14,0.011570171392811406
29.141648081431917,30.065191284954537,29.038714473608962,30.25676216618059,74.4,74.4,16.1,5.800000000000001,-15,0.011570171392811406
29.270315091210612,29.95367987647967,29.05872934179676,30.16812489277749,74.0,74.0,16.1,5.800000000000001,-14,0.011570171392811406
29.233144621718992,29.853605535540684,28.90432893006233,30.076628352490417,73.60000000000001,73.5,16.1,5.800000000000001,-14,0.01144576094772741
28.975810602161605,29.74495339394979,28.687024646880538,29.96511694401555,73.2,73.2,16.1,5.800000000000001,-14,0.01144576094772741
28.74706925144393,29.679190255618455,28.535483502030075,29.89935380568422,72.8,72.8,16.1,5.800000000000001,-14,0.01144576094772741
28.695602447532448,29.65917538743066,28.60410590724538,29.787842397209353,72.3,72.3,16.1,5.800000000000001,-14,0.011321350502643417
28.772802653399665,29.57053811402756,28.74706925144393,29.74495339394979,71.9,71.9,16.1,5.800000000000001,-14,0.010823708722307443
28.718476582604218,29.45044890490078,28.77852118716761,29.656316120546688,71.5,71.5,16.1,5.800000000000001,-14,0.009952835606719487
28.618402241665233,29.290329959398406,28.652713444272887,29.581975181563447,71.3,71.3,16.1,5.800000000000001,-14,0.009081962491131534
28.564076170869786,29.158803682735744,28.592668839709496,29.47046377308858,71.10000000000001,71.10000000000001,16.1,5.800000000000001,-14,0.008459910265711565
28.418253559787267,29.133070280780004,28.555498370217876,29.4189969691771,70.9,70.9,16.1,5.800000000000001,-14,0.007713447595207603
28.198090009721504,29.090181277520443,28.45256476239492,29.344656030193853,70.8,70.8,16.1,5.800000000000001,-14,0.007091395369787636
28.037971064219132,29.073025676216616,28.418253559787267,29.233144621718992,70.60000000000001,70.60000000000001,16.1,5.800000000000001,-14,0.006718164034535654
28.037971064219132,28.881454794990564,28.435409161091094,29.164522216503684,70.60000000000001,70.60000000000001,16.1,5.800000000000001,-14,0.00622052225419968
28.037971064219132,28.73563218390804,28.418253559787267,29.05872934179676,70.5,70.5,16.1,5.800000000000001,-14,0.005722880473863705
27.96934865900383,28.655572711156857,28.232401212329158,29.05015154114485,70.4,70.4,16.1,5.800000000000001,-14,0.00485200735827575
27.923600388860294,28.60410590724538,28.0608451992909,28.975810602161605,70.4,70.4,16.1,5.800000000000001,-14,0.003981134242687795
27.78921484531366,28.524046434494196,27.972207925887798,28.855721393034823,70.4,70.4,16.1,5.800000000000001,-13,0.0028614402369318524
27.52330302510436,28.504031566306395,27.82352604792131,28.78995825470349,70.4,70.4,16.1,5.800000000000001,-13,0.001617335786091917
27.503288156916565,28.475438897466688,27.834963115457196,28.641276376737,70.4,70.4,16.1,5.800000000000001,-13,0.00037323133525198076
27.66626636930291,28.335334820152113,27.923600388860294,28.626980042317147,70.4,70.4,16.1,5.800000000000001,-14,-0.000622052225419968
27.623377366043343,28.235260479213128,27.846400182993076,28.535483502030075,70.4,70.4,16.1,5.800000000000001,-13,-0.001617335786091917
27.426087951049347,28.106593469434433,27.589066163435696,28.486875965002568,65.60000000000001,70.4,16.1,8.5,-14,-0.002488208901679872
27.53474009264024,28.0608451992909,27.457539886773027,28.243838279865038,65.3,71.10000000000001,16.1,9.5,-14,-0.003234671572183834
27.49185108938068,27.96934865900383,27.328872876994335,28.106593469434433,64.5,70.8,16.1,11.100000000000001,-13,-0.003732313352519808
27.243094870475208,27.992222794075598,27.165894664607993,27.889289186252643,64.8,70.5,16.1,11.100000000000001,-14,-0.004976417803359744
27.060101789901065,27.992222794075598,27.060101789901065,27.866415051180876,65.4,70.2,16.1,11.100000000000001,-14,-0.006593753589451661
26.95430891519414,27.834963115457196,26.98576085091782,27.834963115457196,66.0,70.0,16.1,11.100000000000001,-14,-0.008211089375543578
26.902842111282666,27.72917024075027,26.945731114542227,27.834963115457196,66.5,69.8,16.1,11.100000000000001,-14,-0.0097040147165515
26.871390175558986,27.64625150111511,26.839938239835305,27.777777777777775,67.0,69.7,16.1,11.100000000000001,-14,-0.01107252961247543
26.757019500200144,27.503288156916565,26.622633956653512,27.623377366043343,67.60000000000001,69.5,16.1,11.100000000000001,-14,-0.012192223618231371
26.602619088465715,27.457539886773027,26.45965574426717,27.480414021844794,68.10000000000001,69.4,16.1,11.100000000000001,-14,-0.013063096733819328
26.419626007891576,27.480414021844794,26.399611139703776,27.448962086121114,68.5,69.2,16.1,11.100000000000001,-15,-0.013560738514155303
26.359581403328182,27.391776748441696,26.33956653514039,27.317435809458452,68.7,69.10000000000001,16.1,11.100000000000001,-15,-0.013933969849407283
26.19946245782581,27.25167267112712,26.19946245782581,27.25167267112712,68.7,68.9,16.1,11.100000000000001,-15,-0.014804842964995237
26.042202779207408,27.134442728884313,26.119402985074625,27.145879796420193,68.60000000000001,68.8,16.1,11.100000000000001,-14,-0.01629776830600316
26.119402985074625,27.020072053525475,26.119402985074625,27.020072053525475,68.5,68.60000000000001,16.1,11.100000000000001,-14,-0.0175418727568431
26.23091439354949,26.934294047006347,26.05078057985932,26.902842111282666,68.4,68.5,16.1,11.100000000000001,-14,-0.018412745872431052
26.268084863041114,26.882827243094866,25.86778749928518,26.745582432664264,68.2,68.2,16.1,11.100000000000001,-14,-0.019408029433103
26.210899525361693,26.831360439183392,25.693372219362953,26.67410076056499,68.2,68.2,16.1,11.100000000000001,-15,-0.020154492103606963
26.110825184422712,26.79990850345971,25.59901641219191,26.56258935209012,68.2,68.2,16.1,11.100000000000001,-14,-0.020403312993774948
25.965002573340193,26.694115628752783,25.484645736833073,26.47109281180305,68.2,68.2,16.1,11.100000000000001,-15,-0.02065213388394294
25.8563504317493,26.594041287813802,25.476067936181163,26.391033339051862,67.7,67.8,16.1,11.100000000000001,-15,-0.021149775664278912
25.836335563561498,26.49110767999085,25.430319666037626,26.23091439354949,67.4,67.4,16.1,11.100000000000001,-15,-0.02177182788969888
25.790587293417964,26.379596271515982,25.335963858866585,26.150854920798306,67.10000000000001,67.10000000000001,16.1,11.100000000000001,-15,-0.02214505922495086
25.74197975639046,26.279521930576998,25.27020072053525,26.1022473837708,66.7,66.7,16.1,11.100000000000001,-15,-0.022518290560202842
25.62760908103162,26.250929261737287,25.107222508148908,25.953565505804306,66.4,66.4,16.1,11.100000000000001,-15,-0.02314034278562281
25.430319666037626,26.179447589638013,24.998570366558013,25.8563504317493,66.10000000000001,66.10000000000001,16.1,11.100000000000001,-15,-0.023762395011042776
25.307371190026874,26.1908846571739,24.909933093154912,25.770572425230167,62.900000000000006,65.8,16.1,14.9,-15,-0.024011215901210765
25.38171212901012,26.1022473837708,24.89849602561903,25.607594212843825,62.900000000000006,65.3,16.1,14.9,-15,-0.024011215901210765
25.41030479784983,26.05078057985932,24.81843655286784,25.456053067993363,62.900000000000006,65.0,16.1,14.9,-15,-0.024384447236462742
25.318808257562758,25.916395036312686,24.666895408017382,25.224452450391716,62.900000000000006,64.60000000000001,16.1,14.9,-15,-0.025130909906966706
25.152970778292442,25.847772631097385,24.60113226968605,25.152970778292442,63.300000000000004,64.2,16.1,14.9,-15,-0.02587737257747067
25.038600102933607,25.770572425230167,24.50963572939898,25.107222508148908,63.800000000000004,63.800000000000004,16.1,14.9,-14,-0.02662383524797463
25.015725967861837,25.721964888202663,24.338079716360724,25.05289643735346,63.400000000000006,63.400000000000006,16.1,14.9,-14,-0.02699706658322661
24.96139989706639,25.71338708755075,24.20941270658203,24.96139989706639,63.0,63.0,16.1,14.9,-14,-0.02761911880864658
24.835592154171668,25.644764682335445,24.106479098759078,24.84416995482358,62.6,62.7,16.1,14.9,-14,-0.028241171034066544
24.675473208669292,25.54183107451249,23.949219420140675,24.75553268142048,62.2,62.2,16.1,14.9,-14,-0.02898763370457051
24.558243266426487,25.401726997197915,23.749070738262706,24.64973980671356,61.900000000000006,61.900000000000006,16.1,14.9,-15,-0.029609685929990474
24.54394693200663,25.32738605821467,23.546062789500773,24.492480128095153,61.5,61.5,16.1,14.9,-15,-0.03048055904557843
24.455309658603532,25.23303025104363,23.325899239435007,24.37239091896837,61.2,61.2,16.1,14.9,-15,-0.03197348438658636
24.363813118316465,25.20729684908789,23.14862469262881,24.278035111797333,60.800000000000004,60.800000000000004,16.1,14.9,-14,-0.03346640972759428
24.389546520272198,25.141533710756562,23.037113284153943,24.23800537542174,60.400000000000006,60.400000000000006,16.1,14.9,-14,-0.03471051417843421
24.443872591067645,25.095785440613025,22.874135071767597,24.12649396694687,60.1,60.1,16.1,14.9,-14,-0.03533256640385418
24.37239091896837,25.007148167209927,22.73689026133699,24.017841825355976,59.800000000000004,59.800000000000004,16.1,14.9,-14,-0.03607902907435814
24.229427574769826,24.92422942757477,22.631097386630067,23.95779722079259,59.400000000000006,59.400000000000006,16.1,14.9,-14,-0.0369499021899461
24.17510150397438,24.867044089895348,22.533882312575052,23.834848744781834,59.400000000000006,59.400000000000006,16.1,14.9,-14,-0.03769636486045006
24.086464230571277,24.75553268142048,22.36804483330474,23.660433464859608,59.400000000000006,59.400000000000006,16.1,14.9,-14,-0.03819400664078604
24.049293761079657,24.64973980671356,22.287985360553552,23.51747012066106,59.400000000000006,59.400000000000006,16.1,14.9,-14,-0.039189290201457984
23.977812088980382,24.60113226968605,22.19362955338251,23.374506776462514,58.7,58.7,16.1,14.9,-14,-0.04055780509738191
23.93778235260479,24.518213530050893,22.150740550122947,23.14862469262881,58.0,58.0,16.1,11.100000000000001,-14,-0.04130426776788588
23.983530622748322,24.501057928747066,22.150740550122947,23.082861554297477,57.400000000000006,57.400000000000006,16.1,8.4,-14,-0.04130426776788588
24.02641962600789,24.432435523531765,22.19362955338251,23.194372962772345,56.800000000000004,56.800000000000004,16.1,7.800000000000001,-15,-0.04142867821296987
23.974952822096416,24.37239091896837,22.125007148167207,23.260136101103676,56.2,56.2,16.1,7.800000000000001,-15,-0.04155308865805386
23.7891004746383,24.20941270658203,22.024932807228225,23.33447704008692,55.6,55.6,16.1,7.800000000000001,-15,-0.04155308865805386
23.749070738262706,24.15794590267055,21.99062160462057,23.354491908274717,54.800000000000004,54.800000000000004,16.1,7.800000000000001,-15,-0.04155308865805386
23.75193000514668,24.097901298107164,21.86481386172585,23.374506776462514,54.1,54.1,16.1,7.800000000000001,-14,-0.04167749910313785
23.809115342826097,24.12649396694687,21.701835649339507,23.251558300451762,53.300000000000004,53.300000000000004,16.1,7.800000000000001,-15,-0.04167749910313785
23.797678275290213,23.986389889632296,21.52456110253331,23.10287642248527,52.5,52.5,16.1,7.800000000000001,-14,-0.04192631999330584
23.651855664207694,24.017841825355976,21.364442157030936,23.082861554297477,51.7,51.7,16.1,7.800000000000001,-14,-0.042299551328557825
23.4545662492137,23.946360153256702,21.144278606965173,22.974209412706582,51.0,51.0,16.1,7.800000000000001,-14,-0.0429216035539778
23.391662377766337,23.906330416881108,20.852633384800136,22.91702407502716,50.2,50.2,16.1,7.800000000000001,-14,-0.043419245334313766
23.383084577114424,23.769085606450503,20.638188368502316,22.908446274375247,49.5,49.5,16.1,7.800000000000001,-14,-0.04416570800481773
23.383084577114424,23.651855664207694,20.469491622348027,22.816949734088176,48.800000000000004,48.800000000000004,16.1,7.800000000000001,-14,-0.044912170675321696
23.411677245954134,23.660433464859608,20.423743352204493,22.711156859381255,48.1,48.1,16.1,7.800000000000001,-15,-0.04565863334582565
23.288728769943386,23.57465545834048,20.37513581517699,22.673986389889627,47.300000000000004,47.300000000000004,16.1,7.800000000000001,-14,-0.04640509601632961
23.24298049979985,23.557499857036653,20.429461885972437,22.593926917138443,46.7,46.7,16.1,7.800000000000001,-15,-0.04715155868683357
23.24298049979985,23.50603305312518,20.489506490535824,22.479556241779605,46.1,46.1,16.1,7.800000000000001,-15,-0.04789802135733754
23.111454223137184,23.50603305312518,20.455195287928174,22.385200434608567,45.400000000000006,45.400000000000006,16.1,7.800000000000001,-15,-0.048644484027841495
23.019957682850116,23.43169211414193,20.352261680105222,22.287985360553552,44.800000000000004,44.800000000000004,16.1,5.7,-15,-0.04914212580817747
22.94561674386687,23.345914107622804,20.189283467718873,22.262251958597812,44.2,44.2,16.1,4.5,-15,-0.04951535714342945
22.891290673071424,23.297306570595296,20.09206839366386,22.359467032652827,43.5,43.5,16.1,4.1000000000000005,-15,-0.050137409368849424
22.79979413278435,23.194372962772345,19.971979184537084,22.4109338365643,43.0,43.0,16.1,4.1000000000000005,-16,-0.051381513819689355
22.73689026133699,23.111454223137184,19.806141705266768,22.40235603591239,42.300000000000004,42.300000000000004,16.1,4.1000000000000005,-16,-0.052127976490193316
22.836964602275977,23.09143935494939,19.706067364327783,22.40235603591239,41.7,41.7,16.1,4.1000000000000005,-16,-0.05275002871561329
22.8541202035798,23.06570595299365,19.605993023388802,22.376622633956654,41.1,41.1,16.1,4.1000000000000005,-16,-0.052874439160697284
22.899868473723334,23.057128152341736,19.57168182078115,22.270829759249725,40.5,40.5,16.1,4.1000000000000005,-16,-0.052874439160697284
22.8541202035798,22.962772345170695,19.557385486361298,22.185051752730597,39.800000000000004,39.800000000000004,16.1,4.1000000000000005,-15,-0.05299884960578127
22.71973466003317,22.95419454451878,19.57168182078115,22.110710813747353,39.2,39.2,16.1,4.1000000000000005,-15,-0.05324767049594926
22.648252987933894,22.808371933436263,19.565963287013208,22.050666209183966,38.6,38.6,16.1,4.1000000000000005,-16,-0.053745312276285234
22.57677131583462,22.78263853148053,19.51449648310173,21.982043803968658,38.0,38.0,16.1,4.1000000000000005,-15,-0.05399413316645322
22.631097386630067,22.754045862640815,19.511637216217757,21.982043803968658,37.5,37.5,16.1,4.1000000000000005,-16,-0.05424295405662121
22.568193515182706,22.673986389889627,19.554526219477324,21.89054726368159,37.0,37.0,16.1,4.1000000000000005,-15,-0.054865006282041176
22.593926917138443,22.665408589237718,19.646022759764396,21.850517527305996,36.5,36.5,16.1,4.1000000000000005,-15,-0.05573587939762913
22.51672671127123,22.673986389889627,19.706067364327783,21.85909532795791,36.1,36.1,16.1,4.1000000000000005,-16,-0.05660675251321709
22.453822839823868,22.568193515182706,19.78612683707897,21.76759878767084,35.6,35.6,16.1,4.1000000000000005,-16,-0.05697998384846907
22.385200434608567,22.479556241779605,19.883341911133986,21.724709784411274,35.2,35.2,16.1,4.1000000000000005,-16,-0.057602036073889036
22.27940755990164,22.4109338365643,19.90335677932178,21.667524446731857,34.800000000000004,34.800000000000004,16.1,4.1000000000000005,-15,-0.05859731963456099
22.21936295533825,22.33087436381312,19.826156573454565,21.61319837593641,34.4,34.4,16.1,4.1000000000000005,-16,-0.05934378230506495
22.22794075599016,22.33087436381312,19.763252702007204,21.61319837593641,33.9,33.9,16.1,4.1000000000000005,-16,-0.05971701364031693
22.245096357293985,22.313718762509293,19.76039343512323,21.578887173328756,33.5,33.5,16.1,4.1000000000000005,-15,-0.06033906586573689
22.210785154686338,22.22794075599016,19.78040830331103,21.490249899925654,33.1,33.1,16.1,4.1000000000000005,-16,-0.06170758076166082
22.16789615142677,22.176473952078684,19.706067364327783,21.467375764853887,32.800000000000004,32.800000000000004,16.1,4.1000000000000005,-15,-0.06344932699283673
22.0077772059244,22.142162749471034,19.480185280494076,21.395894092754613,32.4,32.4,16.1,4.1000000000000005,-15,-0.06531548366909663
21.85909532795791,22.116429347515297,19.23714759535655,21.355864356379023,32.1,32.1,16.1,4.1000000000000005,-15,-0.06767928212569252
21.824784125350256,22.076399611139703,18.919768971235772,21.338708755075196,31.700000000000003,31.700000000000003,16.1,4.1000000000000005,-15,-0.0701674910273724
21.83336192600217,22.042088408532052,18.699605421170013,21.2300566134843,31.400000000000002,31.400000000000002,16.1,4.1000000000000005,-15,-0.07240687903888426
21.75902098701893,21.881969463029677,18.42225653342483,21.184308343340767,31.0,31.0,16.1,4.1000000000000005,-15,-0.07427303571514418
21.718991250643334,21.83336192600217,18.196374449591122,21.212901012180474,30.700000000000003,30.700000000000003,16.1,4.1000000000000005,-15,-0.07564155061106811
21.79047292274261,21.824784125350256,18.110596443071994,21.12998227254532,30.400000000000002,30.400000000000002,16.1,4.1000000000000005,-15,-0.07676124461682406
21.784754388974665,21.83336192600217,18.139189111911705,21.058500600446045,30.200000000000003,30.200000000000003,16.1,4.1000000000000005,-16,-0.07812975951274799
21.701835649339507,21.784754388974665,18.21067078401098,21.052782066678102,28.5,30.0,16.1,6.1000000000000005,-16,-0.07987150574392389
21.570309372676842,21.75902098701893,18.147766912563615,20.92983359066735,27.0,29.8,16.1,8.8,-16,-0.08198648331035177
21.515983301881395,21.693257848687594,17.873277291702404,20.763996111397038,27.400000000000002,29.6,16.1,8.8,-20,-0.08385263998661167
21.48167209927374,21.67610224738377,17.573054268885457,20.569565963287012,27.700000000000003,29.400000000000002,16.1,8.8,-19,-0.08484792354728364
21.48167209927374,21.667524446731857,17.41293532338308,20.460913821696117,27.8,25.200000000000003,16.1,8.8,-20,-0.0854699757727036
21.547435237605075,21.52456110253331,17.61308400526105,20.409447017784636,28.0,21.6,16.1,8.8,-20,-0.0858432071079556
21.418768227826384,21.45022016355006,18.204952250243036,20.366558014525076,28.1,18.5,16.1,8.8,-19,-0.08621643844320757
21.207182478412534,21.45022016355006,18.868302167324295,20.28935780865786,28.3,18.5,16.1,8.8,-20,-0.08646525933337555
21.052782066678102,21.37873849145079,19.405844341510836,20.286498541773888,27.0,18.5,16.1,11.8,-16,-0.08646525933337555
20.967004060158974,21.387316292102703,19.666037627952193,20.089209126779892,26.1,19.400000000000002,16.1,15.0,-17,-0.08646525933337555
20.884085320523816,21.387316292102703,19.523074283753644,19.883341911133986,27.200000000000003,20.400000000000002,16.1,15.0,-17,-0.08646525933337555
20.935552124435294,21.332990221307256,19.251443929776404,19.62886715846057,28.3,20.400000000000002,16.1,15.0,-17,-0.08646525933337555
21.09853033682164,21.270086349859895,19.094184251158,19.38868874020701,29.0,20.400000000000002,16.1,15.0,-17,-0.08658966977845954
21.13570080631326,21.244352947904154,19.134213987533595,19.214273460284783,30.1,20.400000000000002,16.1,15.0,-17,-0.08671408022354354
20.952707725739117,21.152856407617087,19.20569565963287,19.0055469777549,29.8,21.400000000000002,16.1,15.0,-17,-0.08696290111371152
20.629610567850403,21.081374735517812,18.976954308915193,18.891176302396065,29.700000000000003,22.400000000000002,16.1,15.0,-17,-0.08696290111371152
20.47521015611597,21.089952536169726,18.668153485446332,18.81969463029679,29.6,23.5,16.1,15.0,-17,-0.08696290111371152
20.65820323669011,21.027048664722365,18.599531080231024,18.768227826385314,29.5,24.0,16.1,15.0,-17,-0.08696290111371152
21.004174529650598,20.975581860810884,18.6910276205181,18.54806427631955,29.3,24.5,16.1,15.0,-17,-0.08696290111371152
20.975581860810884,20.86978898610396,18.668153485446332,18.290730256762163,29.200000000000003,25.0,16.1,11.200000000000001,-17,-0.08721172200387951
20.70967004060159,20.86121118545205,18.45942700291645,18.139189111911705,29.0,26.0,16.1,8.4,-17,-0.0873361324489635
20.489506490535824,20.884085320523816,18.21924858466289,18.124892777491848,28.8,27.1,16.1,6.5,-16,-0.0873361324489635
20.41230628466861,20.82975924972837,17.976210899525363,18.413678732772915,28.8,28.200000000000003,16.1,5.1000000000000005,-17,-0.0873361324489635
20.498084291187737,20.769714645164978,17.79607708583519,18.636701549722652,28.700000000000003,28.6,16.1,5.1000000000000005,-17,-0.0873361324489635
20.68965517241379,20.70967004060159,17.727454680619886,18.965517241379306,28.6,28.5,16.1,5.1000000000000005,-17,-0.0873361324489635
20.601017899010692,20.586721564590835,17.741751015039743,19.14851032195345,28.6,28.5,16.1,5.1000000000000005,-17,-0.0877093637842155
20.38085434894493,20.53811402756333,17.713158346200032,19.285755132384054,28.6,28.6,16.1,5.1000000000000005,-17,-0.08820700556455147
20.20357980213873,20.498084291187737,17.598787670841194,19.317207068107734,28.8,28.8,16.1,5.1000000000000005,-20,-0.08833141600963546
20.160690798879166,20.498084291187737,17.34717218505175,19.245725396008464,28.700000000000003,28.700000000000003,16.1,5.1000000000000005,-17,-0.08833141600963546
20.303654143077715,20.51238062560759,17.229942242808942,19.23714759535655,28.700000000000003,28.700000000000003,16.1,5.1000000000000005,-17,-0.08833141600963546
20.483787956767884,20.432321152856407,17.34717218505175,19.12277691999771,28.6,28.6,16.1,5.1000000000000005,-17,-0.08833141600963546
20.395150683364783,20.366558014525076,17.42723165780294,19.108480585577855,28.6,28.6,16.1,5.1000000000000005,-17,-0.08858023689980345
20.189283467718873,20.303654143077715,17.269971979184536,19.014124778406813,29.0,29.0,16.1,5.1000000000000005,-17,-0.08858023689980345
20.003431120260764,20.215016869674614,17.115571567450104,18.919768971235772,29.0,29.0,16.1,5.1000000000000005,-17,-0.08858023689980345
19.894778978669866,20.252187339166234,16.952593355063758,18.891176302396065,29.400000000000002,29.400000000000002,17.2,5.1000000000000005,-17,-0.08858023689980345
19.90907531308972,20.20357980213873,16.83536341282095,18.782524160805167,29.6,29.6,17.2,5.1000000000000005,-17,-0.08858023689980345
19.9605421170012,20.117801795619602,16.743866872533882,18.736775890661633,29.5,29.5,17.2,5.1000000000000005,-18,-0.08858023689980345
19.943386515697373,20.049179390404298,16.586607193915476,18.668153485446332,29.5,29.5,17.2,5.1000000000000005,-18,-0.08858023689980345
19.869045576714125,19.98627551895694,16.543718190655913,18.682449819866186,29.5,29.5,17.2,5.1000000000000005,-18,-0.08858023689980345
19.771830502659117,20.014868187796647,16.569451592611653,18.61668668153485,29.400000000000002,29.400000000000002,17.2,5.1000000000000005,-18,-0.08858023689980345
19.766111968891174,19.98627551895694,16.537999656887973,18.54806427631955,29.6,29.6,17.2,5.1000000000000005,-21,-0.08858023689980345
19.714645164979697,19.943386515697373,16.520844055584146,18.510893806827927,29.5,29.5,17.2,5.1000000000000005,-21,-0.08858023689980345
19.65745982730028,19.894778978669866,16.515125521816206,18.379367530165265,29.5,29.5,17.2,5.1000000000000005,-21,-0.08858023689980345
19.605993023388802,19.740378566935437,16.44364384971693,18.342197060673644,29.6,29.6,17.2,5.1000000000000005,-21,-0.08858023689980345
19.55166695259335,19.72036369874764,16.31783610682221,18.18207811517127,30.0,30.0,17.2,5.1000000000000005,-21,-0.08858023689980345
19.505918682449817,19.706067364327783,16.2006061645794,18.139189111911705,30.0,30.0,17.2,5.1000000000000005,-20,-0.08858023689980345
19.491622348029964,19.651741293532336,16.129124492480127,18.00480356836507,30.0,30.0,17.2,5.1000000000000005,-24,-0.08858023689980345
19.448733344770396,19.637444959112482,16.000457482701435,17.97049236575742,30.0,30.0,17.2,5.1000000000000005,-24,-0.08858023689980345
19.440155544118486,19.565963287013208,15.803168067707439,17.8932921598902,28.3,30.0,17.2,7.6000000000000005,-24,-0.08845582645471946
19.440155544118486,19.554526219477324,15.531537713730199,17.8246697546749,27.6,26.0,17.2,10.200000000000001,-27,-0.08845582645471946
19.41442214216275,19.485903814262024,15.442900440327097,17.633098873448848,28.700000000000003,22.400000000000002,17.2,10.200000000000001,-27,-0.08845582645471946
19.360096071367302,19.45731114542231,15.691656659232573,17.432950191570878,29.700000000000003,20.400000000000002,17.2,10.200000000000001,-27,-0.08845582645471946
19.285755132384054,19.405844341510836,16.100531823640416,17.28140904672042,30.0,20.400000000000002,17.2,10.200000000000001,-27,-0.08845582645471946
19.194258592096983,19.30862926745582,16.743866872533882,17.172756905129525,30.0,20.400000000000002,17.2,10.200000000000001,-27,-0.08845582645471946
19.054154514782407,19.317207068107734,17.1355864356379,17.121290101218047,29.900000000000002,20.400000000000002,17.2,10.200000000000001,-27,-0.08833141600963546
18.896894836164005,19.231429061588607,17.289986847372333,17.046949162234803,29.8,20.400000000000002,17.2,10.200000000000001,-30,-0.08833141600963546
18.79682049522502,19.17424372390919,17.147023503173784,17.001200892091266,28.400000000000002,20.8,17.2,12.700000000000001,-24,-0.08808259511946748
18.72819809000972,19.102762051809915,16.86681534854463,16.83536341282095,27.6,20.8,17.2,16.0,-20,-0.08783377422929947
18.79682049522502,19.079887916738148,16.520844055584146,16.635214730942984,27.700000000000003,20.8,17.2,18.0,-17,-0.0877093637842155
18.94264310630754,19.108480585577855,16.35214730942986,16.31783610682221,28.6,21.900000000000002,17.2,18.0,-18,-0.08758495333913151
18.9369245725396,18.991250643335047,16.323554640590153,15.98902041516555,28.6,22.900000000000002,17.2,18.0,-18,-0.08746054289404749
18.868302167324295,18.99982844398696,16.28638417109853,15.557271115685937,28.5,23.900000000000002,17.2,18.0,-17,-0.08746054289404749
18.768227826385314,18.859724366672385,16.212043232115285,15.048321610339109,28.5,24.900000000000002,17.2,18.0,-17,-0.0873361324489635
18.72247955624178,18.7596500257334,16.14056156001601,14.648024246583175,28.400000000000002,25.900000000000002,13.0,13.4,-17,-0.08708731155879552
18.6910276205181,18.782524160805167,16.01189455023732,14.310630754274603,28.200000000000003,26.900000000000002,9.8,10.100000000000001,-18,-0.08696290111371152
18.63384228283868,18.79110196145708,15.725967861840223,14.173385943843996,28.0,27.900000000000002,7.6000000000000005,7.7,-19,-0.08696290111371152
18.608108880882938,18.8282724309487,15.397152170183563,14.18482301137988,27.900000000000002,28.400000000000002,6.0,6.0,-20,-0.08683849066862753
18.65957568479442,18.745353691313547,15.314233430548406,14.476468233544917,27.8,28.200000000000003,5.4,5.4,-20,-0.08671408022354354
18.630983015954705,18.713901755589866,15.322811231200319,14.81672099273746,27.8,28.0,5.4,5.4,-20,-0.08671408022354354
18.496597472408073,18.636701549722652,15.23417395779722,15.45147824097901,27.700000000000003,27.900000000000002,5.4,5.4,-19,-0.08671408022354354
18.267856121690397,18.60524961399897,14.976839938239834,15.943272145022014,26.200000000000003,22.3,8.1,7.7,-19,-0.08671408022354354
18.262137587922457,18.539486475667637,14.893921198604676,16.357865843197803,27.3,19.700000000000003,6.4,6.0,-19,-0.08671408022354354
18.45084920226454,18.502316006176017,15.26276662663693,16.646651798478867,27.400000000000002,19.700000000000003,6.4,6.0,-18,-0.08646525933337555
18.42225653342483,18.436552867844682,15.8660719391548,16.778178075141533,27.3,19.700000000000003,6.4,6.0,-19,-0.08646525933337555
18.176359581403325,18.282152456110254,16.08337622233659,16.89540801738434,27.200000000000003,19.700000000000003,6.4,6.0,-19,-0.08646525933337555
17.99908503459713,18.31360439183393,16.01475381712129,16.989763824555382,27.0,19.700000000000003,6.4,6.0,-18,-0.08634084888829156
17.8932921598902,18.267856121690397,15.891805341110537,16.921141419340078,26.8,19.700000000000003,6.4,6.0,-18,-0.0858432071079556
17.90758849431006,18.290730256762163,15.763138331331845,16.872533882312574,26.6,16.8,5.7,5.4,-18,-0.08534556532761961
17.976210899525363,18.224967118430833,15.640189855321095,16.809630010865213,26.400000000000002,14.700000000000001,5.2,4.9,-17,-0.08534556532761961
17.97049236575742,18.18207811517127,15.620174987133298,16.89540801738434,26.200000000000003,14.700000000000001,4.800000000000001,4.5,-17,-0.08534556532761961
17.90758849431006,18.139189111911705,15.694515926116543,16.889689483616397,25.900000000000002,12.600000000000001,4.5,4.3,-16,-0.08522115488253561
17.88757362612226,18.124892777491848,15.883227540458625,16.9783267570195,25.700000000000003,10.600000000000001,4.5,4.3,-16,-0.08522115488253561
17.838966089094754,18.147766912563615,16.129124492480127,16.903985818036254,25.400000000000002,10.600000000000001,4.5,4.3,-16,-0.08522115488253561
17.693143478012235,18.03911477097272,16.189169097043518,16.89540801738434,25.0,10.600000000000001,4.5,4.3,-16,-0.08522115488253561
17.544461600045747,17.984788700177273,16.01761308400526,16.858237547892717,24.700000000000003,10.600000000000001,4.5,4.3,-15,-0.08509674443745162
17.61308400526105,17.864699491050494,15.888946074226567,16.909704351804194,23.200000000000003,10.600000000000001,7.0,6.1000000000000005,-14,-0.08509674443745162
17.790358552067246,17.8246697546749,15.966146280093783,16.80391147709727,21.900000000000002,10.600000000000001,9.8,8.1,-14,-0.08509674443745162
17.850403156630637,17.741751015039743,16.123405958712183,16.689540801738435,24.5,13.700000000000001,9.8,10.100000000000001,-14,-0.08509674443745162
17.658832275404585,17.747469548807683,16.25207296849088,16.392177045805454,28.400000000000002,17.2,9.8,10.100000000000001,-14,-0.08509674443745162
17.447246525990735,17.713158346200032,16.37502144450163,16.274947103562646,29.6,19.0,12.9,13.3,-19,-0.08509674443745162
17.335735117515867,17.713158346200032,16.35214730942986,16.04906501972894,27.700000000000003,19.0,12.9,13.3,-19,-0.08497233399236763
17.40721678961514,17.6473952078687,16.280665637330586,15.93183507748613,26.3,20.400000000000002,15.9,9.9,-18,-0.08497233399236763
17.538743066277807,17.593069137073254,16.17201349573969,15.791731000171556,25.0,21.400000000000002,18.7,7.6000000000000005,-18,-0.08497233399236763
17.538743066277807,17.49299479613427,16.043346485961,15.8660719391548,24.1,21.400000000000002,18.7,5.9,-18,-0.08497233399236763
17.40721678961514,17.401498255847198,15.911820209298334,15.917538743066277,23.200000000000003,21.1,18.7,5.300000000000001,-18,-0.08497233399236763
17.24995711099674,17.341453651283807,15.811745868359353,16.071939154800706,22.5,20.900000000000002,18.7,5.300000000000001,-19,-0.08509674443745162
17.244238577228796,17.264253445416593,15.757419797563903,16.20632469834734,21.8,20.6,19.3,5.300000000000001,-18,-0.08497233399236763
17.40721678961514,17.25567564476468,15.720249328072281,16.297821238634413,21.400000000000002,20.5,19.6,5.300000000000001,-14,-0.08509674443745162
17.452965059758675,17.172756905129525,15.700234459884484,16.303539772402356,18.400000000000002,18.8,19.900000000000002,5.300000000000001,-14,-0.08509674443745162
17.43866872533882,17.18705323954938,15.71453079430434,16.28638417109853,18.400000000000002,18.8,20.0,5.300000000000001,-13,-0.08509674443745162
17.361468519471604,17.052667696002743,15.697375193000513,16.269228569794702,18.400000000000002,18.8,20.1,5.300000000000001,-14,-0.08509674443745162
17.21850517527306,17.064104763538626,15.705952993652426,16.229198833419108,18.400000000000002,18.8,20.1,5.300000000000001,-14,-0.08522115488253561
17.12986790186996,17.058386229770687,15.683078858580659,16.17773202950763,18.400000000000002,17.3,20.200000000000003,5.300000000000001,-15,-0.08534556532761961
17.095556699262307,17.07268256419054,15.71453079430434,16.14628009378395,17.0,17.3,20.200000000000003,5.300000000000001,-14,-0.08534556532761961
17.1355864356379,16.98404529078744,15.694515926116543,16.089094756104533,17.0,17.3,20.200000000000003,5.300000000000001,-14,-0.08534556532761961
17.141304969405844,17.00977869274318,15.654486189740949,16.08337622233659,15.600000000000001,15.600000000000001,20.200000000000003,5.300000000000001,-15,-0.08559438621778759
17.155601303825698,16.89540801738434,15.711671527420368,16.07765768856865,15.600000000000001,15.600000000000001,23.900000000000002,5.300000000000001,-15,-0.08621643844320757
17.07268256419054,16.889689483616397,15.768856865099787,16.037627952193056,15.600000000000001,15.600000000000001,23.0,5.300000000000001,-15,-0.0873361324489635
16.94687482129582,16.792474409561386,15.806027334591409,16.000457482701435,14.3,14.4,22.400000000000002,5.300000000000001,-15,-0.08858023689980345
16.94687482129582,16.809630010865213,15.828901469663176,15.983301881397608,14.3,14.4,21.900000000000002,5.300000000000001,-15,-0.08994875179572738
16.92685995310802,16.723852004346085,15.786012466403612,15.971864813861725,14.3,14.4,21.5,5.300000000000001,-14,-0.09094403535639932
16.841081946588893,16.755303940069766,15.737404929376106,15.98902041516555,13.200000000000001,13.3,21.3,5.300000000000001,-14,-0.09231255025232325
16.86681534854463,16.695259335506375,15.768856865099787,16.000457482701435,13.200000000000001,13.3,21.1,5.300000000000001,-15,-0.09392988603841518
16.841081946588893,16.669525933550638,15.71453079430434,15.96042774632584,13.200000000000001,12.3,20.900000000000002,5.300000000000001,-15,-0.09604486360484306
16.76102247383771,16.635214730942984,15.700234459884484,15.937553611254073,11.8,12.3,20.8,5.300000000000001,-15,-0.09878189339669091
16.7124149368102,16.646651798478867,15.608737919597415,15.857494138502886,11.8,12.3,20.700000000000003,5.300000000000001,-15,-0.10139451274345479
16.675244467318578,16.586607193915476,15.50866357865843,15.811745868359353,11.8,11.100000000000001,20.6,5.300000000000001,-15,-0.10388272164513465
16.640933264710927,16.609481328987247,15.485789443586663,15.803168067707439,10.700000000000001,11.100000000000001,20.6,5.300000000000001,-14,-0.1066197514369825
16.646651798478867,16.52656258935209,15.462915308514894,15.8660719391548,10.700000000000001,11.100000000000001,20.6,5.300000000000001,-14,-0.10923237078374638
16.635214730942984,16.53228112312003,15.437181906559157,15.797449533939496,10.700000000000001,10.100000000000001,20.700000000000003,5.300000000000001,-14,-0.11159616924034226
16.59232572768342,16.44364384971693,15.514382112426372,15.763138331331845,9.700000000000001,10.100000000000001,20.700000000000003,5.300000000000001,-14,-0.11358673636168616
16.575170126379593,16.455080917252815,15.54011551438211,15.705952993652426,9.700000000000001,9.4,20.700000000000003,5.300000000000001,-14,-0.11557730348303005
16.520844055584146,16.397895579573397,15.565848916337849,15.705952993652426,9.0,9.4,20.8,5.300000000000001,-14,-0.11719463926912198
16.49796992051238,16.363584376965747,15.588723051409618,15.657345456624919,9.0,8.700000000000001,20.8,5.300000000000001,-14,-0.11893638550029789
16.492251386744435,16.31783610682221,15.591582318293588,15.683078858580659,8.200000000000001,8.700000000000001,20.8,5.300000000000001,-14,-0.12055372128638979
16.47509578544061,16.329273174358093,15.562989649453877,15.603019385829471,8.200000000000001,8.0,20.8,5.300000000000001,-14,-0.12192223618231372
16.515125521816206,16.323554640590153,15.50866357865843,15.608737919597415,7.5,8.0,20.8,5.300000000000001,-14,-0.12329075107823766
16.469377251672668,16.37502144450163,15.47435237605078,15.557271115685937,7.5,7.2,20.8,5.300000000000001,-14,-0.12441044508399361
16.44936238348487,16.31783610682221,15.47435237605078,15.545834048150054,6.9,7.2,21.3,5.300000000000001,-14,-0.12565454953483354
16.426488248413104,16.329273174358093,15.47435237605078,15.477211642934751,6.9,6.7,21.400000000000002,5.300000000000001,-15,-0.12714747487584147
16.40933264710928,16.25207296849088,15.47435237605078,15.468633842282838,6.300000000000001,6.300000000000001,21.5,5.300000000000001,-15,-0.12839157932668138
16.38073997826957,16.280665637330586,15.465774575398868,15.480070909818721,6.300000000000001,6.300000000000001,21.5,5.300000000000001,-15,-0.12938686288735335
16.363584376965747,16.20632469834734,15.442900440327097,15.411448504603417,5.7,5.7,21.5,5.300000000000001,-15,-0.13063096733819327
16.35214730942986,16.22348029965117,15.431463372791214,15.38571510264768,5.7,5.5,21.5,5.300000000000001,-16,-0.1323727135693692
16.297821238634413,16.157717161319834,15.41716703837136,15.308514896780464,5.300000000000001,5.300000000000001,21.6,5.300000000000001,-15,-0.13523415380630102
16.25207296849088,16.160576428203807,15.379996568879736,15.345685366272086,5.0,5.0,21.6,5.300000000000001,-15,-0.13884205671373684
16.25207296849088,16.089094756104533,15.371418768227825,15.288500028592667,4.800000000000001,4.800000000000001,21.700000000000003,5.300000000000001,-15,-0.14269878051134066
16.23491736718705,16.129124492480127,15.314233430548406,15.308514896780464,4.6000000000000005,4.5,21.700000000000003,5.300000000000001,-16,-0.14643109386386047
16.246354434722935,16.094813289872473,15.274203694172813,15.222736890261336,4.4,4.4,22.0,5.300000000000001,-15,-0.15016340721638027
16.23491736718705,16.089094756104533,15.202722022073539,15.194144221421626,4.2,4.2,22.0,5.300000000000001,-14,-0.1536468996787321
16.194887630811458,16.043346485961,15.148395951278092,15.128381083090295,4.0,4.0,22.0,5.300000000000001,-14,-0.15675716080583194
16.17773202950763,16.054783553496883,15.136958883742206,15.139818150626178,3.8000000000000003,3.8000000000000003,22.0,5.300000000000001,-14,-0.16024065326818374
16.117687424944243,16.037627952193056,15.082632812946759,15.122662549322353,3.7,3.7,22.3,5.300000000000001,-15,-0.16384855617561958
16.08337622233659,15.98902041516555,15.059758677874992,15.134099616858236,3.5,3.5,22.400000000000002,5.300000000000001,-14,-0.1672076381928874
16.04906501972894,15.926116543718189,15.016869674615428,15.102647681134556,3.4000000000000004,3.4000000000000004,22.5,5.300000000000001,-14,-0.17006907842981922
16.04906501972894,15.90038314176245,14.999714073311601,14.99399553954366,3.3000000000000003,3.3000000000000003,22.6,5.300000000000001,-14,-0.17268169777658313
16.04906501972894,15.860353405386856,14.982558472007774,14.991136272659688,3.2,3.1,22.700000000000003,5.300000000000001,-14,-0.17479667534301102
15.994738948933492,15.883227540458625,14.956825070052037,14.951106536284096,3.0,3.0,22.8,5.300000000000001,-14,-0.17628960068401892
15.9547092125579,15.87179047292274,14.925373134328357,14.991136272659688,2.9000000000000004,2.9000000000000004,23.0,5.300000000000001,-14,-0.1766628320192709
15.9547092125579,15.828901469663176,14.931091668096299,14.951106536284096,2.8000000000000003,2.8000000000000003,23.0,5.300000000000001,-13,-0.1767872424643549
15.98902041516555,15.817464402127293,14.919654600560415,14.925373134328357,2.7,2.7,23.200000000000003,5.300000000000001,-14,-0.1767872424643549
15.994738948933492,15.768856865099787,14.888202664836735,14.853891462229084,2.6,2.6,23.200000000000003,5.300000000000001,-14,-0.1767872424643549
16.026190884657172,15.791731000171556,14.84817292846114,14.868187796648938,2.6,2.6,23.200000000000003,5.300000000000001,-15,-0.1767872424643549
16.01189455023732,15.774575398867729,14.796706124549663,14.822439526505404,2.5,2.5,23.3,5.7,-15,-0.1767872424643549
15.994738948933492,15.791731000171556,14.765254188825983,14.78240979012981,2.4000000000000004,2.4000000000000004,23.3,8.4,-15,-0.1767872424643549
15.966146280093783,15.711671527420368,14.733802253102303,14.685194716074797,2.3000000000000003,2.3000000000000003,23.3,11.3,-15,-0.1767872424643549
15.937553611254073,15.720249328072281,14.69377251672671,14.54223137187625,2.3000000000000003,2.3000000000000003,23.400000000000002,14.5,-15,-0.1767872424643549
15.90038314176245,15.631612054669182,14.685194716074797,14.442157030937265,2.2,2.2,23.400000000000002,18.1,-14,-0.17703606335452288
15.846057070967003,15.677360324812716,14.648024246583175,14.207697146451647,2.2,2.2,23.6,18.1,-14,-0.17703606335452288
15.803168067707439,15.631612054669182,14.613713043975523,14.053296734717216,2.1,2.1,23.700000000000003,18.1,-14,-0.17728488424469085
15.817464402127293,15.611597186481385,14.596557442671699,13.904614856750728,2.1,2.0,23.700000000000003,13.700000000000001,-13,-0.17740929468977487
15.797449533939496,15.557271115685937,14.553668439412133,13.876022187911019,2.0,2.0,23.700000000000003,10.3,-10,-0.17803134691519484
15.811745868359353,15.57156745010579,14.550809172528162,13.961800194430147,2.0,2.0,23.6,7.800000000000001,-8,-0.17902663047586678
15.806027334591409,15.534396980614169,14.51077943615257,14.09332647109281,1.9000000000000001,1.9000000000000001,23.6,6.1000000000000005,-5,-0.18064396626195872
15.754560530679932,15.522959913078285,14.439297764053295,14.284897352318865,1.9000000000000001,1.9000000000000001,23.5,6.1000000000000005,-4,-0.1825101229382186
15.725967861840223,15.468633842282838,14.419282895865498,14.30205295362269,1.8,1.8,23.5,6.1000000000000005,-3,-0.1846251005046465
15.700234459884484,15.44861897409504,14.390690227025788,14.356379024418137,1.8,1.8,23.5,6.1000000000000005,-2,-0.18661566762599038
15.640189855321095,15.44575970721107,14.33636415623034,14.313490021158573,1.8,1.8,23.6,6.1000000000000005,0,-0.18785977207683036
15.594441585177558,15.359981700691941,14.313490021158573,14.284897352318865,1.8,1.7000000000000002,23.6,6.1000000000000005,1,-0.1882330034120823
15.557271115685937,15.339966832504144,14.284897352318865,14.219134213987534,1.7000000000000002,1.7000000000000002,23.700000000000003,6.1000000000000005,3,-0.1882330034120823
15.551552581917994,15.239892491565163,14.30205295362269,14.21341568021959,1.7000000000000002,1.7000000000000002,23.700000000000003,6.1000000000000005,4,-0.1884818243022503
15.494367244238575,15.29993709612855,14.273460284782981,14.219134213987534,1.7000000000000002,1.7000000000000002,23.700000000000003,6.1000000000000005,5,-0.18897946608258626
15.457196774746954,15.248470292217073,14.236289815291357,14.18482301137988,1.6,1.6,23.6,6.1000000000000005,6,-0.1892282869727543
15.462915308514894,15.26276662663693,14.267741751015038,14.167667410076056,1.6,1.6,23.6,6.1000000000000005,8,-0.18960151830800623
15.44575970721107,15.217018356493393,14.290615886086806,14.133356207468404,1.6,1.6,23.5,6.1000000000000005,9,-0.18972592875309024
15.47435237605078,15.219877623377366,14.27060101789901,14.139074741236346,1.6,1.6,23.5,6.1000000000000005,10,-0.18972592875309024
15.47435237605078,15.202722022073539,14.273460284782981,14.116200606164579,1.6,1.6,23.5,6.1000000000000005,12,-0.18960151830800623
15.437181906559157,15.217018356493393,14.230571281523417,14.041859667181333,1.6,1.6,23.5,6.1000000000000005,13,-0.18972592875309024
15.402870703951507,15.168410819465889,14.18482301137988,14.018985532109566,1.5,1.5,23.400000000000002,6.1000000000000005,15,-0.18972592875309024
15.405729970835477,15.1769886201178,14.110482072396636,13.938926059358378,1.5,1.5,23.3,6.1000000000000005,16,-0.18972592875309024
15.400011437067533,15.194144221421626,14.099045004860752,13.927488991822495,1.5,1.5,23.3,6.1000000000000005,17,-0.18960151830800623
15.431463372791214,15.116944015554411,14.15051180877223,13.844570252187339,1.5,1.5,23.1,6.1000000000000005,19,-0.18972592875309024
15.462915308514894,15.108366214902498,14.21055641333562,13.827414650883512,1.5,1.5,23.1,6.1000000000000005,20,-0.18972592875309024
15.44861897409504,15.074055012294846,14.219134213987534,13.76165151255218,1.5,1.4000000000000001,23.0,5.5,21,-0.18972592875309024
15.425744839023274,15.074055012294846,14.207697146451647,13.713043975524673,1.5,1.4000000000000001,23.0,4.9,23,-0.18985033919817423
15.322811231200319,15.048321610339109,14.173385943843996,13.76165151255218,1.4000000000000001,1.3,23.0,4.6000000000000005,25,-0.1904723914235942
15.277062961056783,15.068336478526906,14.127637673700463,13.73305884371247,1.4000000000000001,1.3,23.0,4.3,27,-0.19134326453918213
15.248470292217073,14.982558472007774,14.144793275004288,13.784525647623948,1.4000000000000001,1.2000000000000002,23.0,4.1000000000000005,29,-0.19246295854493808
15.242751758449133,15.014010407731455,14.190541545147823,13.821696117115572,1.4000000000000001,1.2000000000000002,23.0,3.8000000000000003,31,-0.19358265255069404
15.23417395779722,14.976839938239834,14.161948876308113,13.841710985303367,1.4000000000000001,1.1,23.0,3.8000000000000003,33,-0.194453525666282
15.208440555841479,14.976839938239834,14.144793275004288,13.893177789214844,1.3,1.1,23.0,3.8000000000000003,35,-0.19507557789170193
15.202722022073539,14.939669468748212,14.070452336021043,13.833133184651455,1.3,1.1,22.5,3.8000000000000003,38,-0.19582204056220592
15.148395951278092,14.956825070052037,13.984674329501916,13.838851718419395,1.2000000000000002,1.0,21.900000000000002,3.5,40,-0.19644409278762587
15.082632812946759,14.93681020186424,13.887459255446903,13.784525647623948,1.2000000000000002,1.0,21.200000000000003,3.5,43,-0.19681732412287786
15.002573340195571,14.8424543946932,13.827414650883512,13.815977583347628,1.1,0.9,20.5,3.5,46,-0.19681732412287786
14.99399553954366,14.853891462229084,13.815977583347628,13.793103448275861,1.1,0.9,19.8,3.5,49,-0.19731496590321385
14.991136272659688,14.779550523245838,13.838851718419395,13.738777377480414,1.1,0.9,19.1,3.5,51,-0.19793701812863382
14.99399553954366,14.822439526505404,13.821696117115572,13.76165151255218,1.0,0.8,18.3,3.5,54,-0.1984346599089698
14.982558472007774,14.7538171212901,13.844570252187339,13.690169840452906,1.0,0.8,17.5,3.5,57,-0.19855907035405376
14.97112140447189,14.796706124549663,13.867444387259106,13.73305884371247,1.0,0.8,16.6,3.5,60,-0.19868348079913778
14.956825070052037,14.7538171212901,13.88174072167896,13.738777377480414,0.9,0.8,15.8,3.5,64,-0.19868348079913778
14.942528735632182,14.7538171212901,13.898896322982786,13.713043975524673,0.9,0.7000000000000001,15.0,3.5,67,-0.1988078912442218
14.925373134328357,14.75095785440613,13.916051924286611,13.678732772917023,0.9,0.7000000000000001,14.200000000000001,3.5,71,-0.1988078912442218
14.888202664836735,14.733802253102303,13.927488991822495,13.630125235889517,0.8,0.7000000000000001,13.4,3.5,74,-0.1988078912442218
14.879624864184821,14.7538171212901,13.950363126894262,13.621547435237604,0.8,0.7000000000000001,12.5,3.5,78,-0.1988078912442218
14.893921198604676,14.699491050494652,13.944644593126322,13.587236232629953,0.8,0.6000000000000001,11.8,3.5,82,-0.1988078912442218
14.853891462229084,14.748098587522158,13.898896322982786,13.621547435237604,0.7000000000000001,0.6000000000000001,10.9,3.5,86,-0.1988078912442218
14.825298793389374,14.722365185566419,13.838851718419395,13.61582890146966,0.7000000000000001,0.6000000000000001,10.100000000000001,3.5,89,-0.1988078912442218
14.81672099273746,14.7538171212901,13.784525647623948,13.530050894950532,0.7000000000000001,0.6000000000000001,9.3,3.5,93,-0.1988078912442218
14.81100245896952,14.690913249842739,13.750214445016297,13.535769428718476,0.7000000000000001,0.5,8.5,3.5,97,-0.19893230168930576
14.808143192085547,14.679476182306855,13.784525647623948,13.475724824155085,0.6000000000000001,0.5,7.7,3.5,101,-0.19893230168930576
14.779550523245838,14.665179847887,13.778807113856006,13.475724824155085,0.6000000000000001,0.5,7.0,3.5,105,-0.19893230168930576
14.779550523245838,14.679476182306855,13.750214445016297,13.435695087779493,0.6000000000000001,0.5,6.1000000000000005,3.5,109,-0.19893230168930576
14.790987590781723,14.665179847887,13.727340309944529,13.384228283868016,0.6000000000000001,0.5,5.4,3.5,114,-0.19893230168930576
14.796706124549663,14.648024246583175,13.727340309944529,13.378509750100072,0.5,0.4,4.6000000000000005,3.5,118,-0.19893230168930576
14.836735860925257,14.688053982958769,13.73305884371247,13.321324412420655,0.5,0.4,3.8000000000000003,3.0,123,-0.19893230168930576
14.828158060273344,14.62800937839538,13.744495911248354,13.332761479956538,0.8,0.8,2.7,1.9000000000000001,127,-0.19893230168930576
14.808143192085547,14.679476182306855,13.750214445016297,13.361354148796249,0.8,0.8,2.0,1.4000000000000001,133,-0.19905671213438977
14.828158060273344,14.670898381654943,13.738777377480414,13.352776348144335,0.8,0.8,1.6,1.3,135,-0.19905671213438977
14.796706124549663,14.702350317378622,13.76737004632012,13.392806084519929,0.7000000000000001,0.8,1.5,1.2000000000000002,137,-0.19905671213438977
14.805283925201577,14.702350317378622,13.798821982043801,13.341339280608452,0.7000000000000001,0.7000000000000001,1.4000000000000001,1.1,140,-0.19905671213438977
14.805283925201577,14.656602047235086,13.793103448275861,13.392806084519929,0.7000000000000001,0.7000000000000001,1.3,1.1,145,-0.19905671213438977
14.78240979012981,14.622290844627436,13.798821982043801,13.42997655401155,0.7000000000000001,0.7000000000000001,1.3,1.1,148,-0.19918112257947376
14.765254188825983,14.553668439412133,13.838851718419395,13.398524618287869,0.7000000000000001,0.7000000000000001,1.2000000000000002,1.0,151,-0.19942994346964174
14.716646651798477,14.602275976439639,13.904614856750728,13.387087550751986,0.6000000000000001,0.7000000000000001,1.1,1.0,153,-0.19967876435980972
14.710928118030536,14.562246240064045,13.916051924286611,13.309887344884771,0.6000000000000001,0.6000000000000001,1.1,0.9,155,-0.19967876435980972
14.690913249842739,14.605135243323609,13.933207525590438,13.347057814376392,0.6000000000000001,0.6000000000000001,1.0,0.9,158,-0.19967876435980972
14.688053982958769,14.587979642019786,13.996111397037799,13.341339280608452,0.6000000000000001,0.6000000000000001,1.0,0.8,162,-0.19980317480489374
14.72808371933436,14.54223137187625,14.104763538628694,13.367072682564189,0.6000000000000001,0.6000000000000001,0.9,0.8,163,-0.19980317480489374
14.722365185566419,14.54223137187625,14.127637673700463,13.378509750100072,0.5,0.6000000000000001,0.9,0.8,164,-0.1999275852499777
14.685194716074797,14.519357236804481,14.173385943843996,13.321324412420655,0.5,0.5,0.8,0.7000000000000001,164,-0.1999275852499777
14.685194716074797,14.562246240064045,14.201978612683707,13.332761479956538,0.5,0.5,0.8,0.7000000000000001,165,-0.2000519956950617
14.670898381654943,14.487905301080803,14.253445416595184,13.335620746840508,0.5,0.5,0.8,0.6000000000000001,165,-0.2000519956950617
14.648024246583175,14.553668439412133,14.324927088694457,13.352776348144335,0.5,0.5,0.7000000000000001,0.6000000000000001,166,-0.20017640614014573
14.63372791216332,14.482186767312859,14.284897352318865,13.367072682564189,0.5,0.5,0.7000000000000001,0.6000000000000001,166,-0.20017640614014573
14.576542574483902,14.505060902384628,14.17910447761194,13.301309544232858,0.5,0.5,0.7000000000000001,0.6000000000000001,165,-0.20017640614014573
14.579401841367872,14.482186767312859,14.076170869788985,13.361354148796249,0.4,0.5,0.6000000000000001,0.5,166,-0.20017640614014573
14.536512838108308,14.45359409847315,13.967518728198089,13.332761479956538,0.4,0.4,0.6000000000000001,0.5,168,-0.20017640614014573
14.522216503688453,14.476468233544917,13.898896322982786,13.372791216332132,0.4,0.4,0.6000000000000001,0.5,168,-0.20017640614014573
14.519357236804481,14.487905301080803,13.833133184651455,13.352776348144335,0.4,0.4,0.5,0.5,169,-0.20017640614014573
14.525075770572425,14.473608966660947,13.793103448275861,13.321324412420655,0.4,0.4,0.5,0.4,167,-0.20017640614014573
14.54223137187625,14.402127294561675,13.793103448275861,13.327042946188596,0.4,0.4,0.5,0.4,168,-0.20017640614014573
14.573683307599929,14.445016297821239,13.850288785955279,13.289872476696974,0.4,0.4,0.5,0.4,167,-0.20017640614014573
14.579401841367872,14.439297764053295,13.850288785955279,13.327042946188596,0.4,0.4,0.4,0.4,167,-0.20017640614014573
14.579401841367872,14.442157030937265,13.856007319723222,13.301309544232858,0.30000000000000004,0.4,0.4,0.4,167,-0.20017640614014573
14.576542574483902,14.450734831589179,13.88174072167896,13.275576142277119,0.30000000000000004,0.30000000000000004,0.4,0.4,169,-0.20017640614014573
14.585120375135814,14.462171899125062,13.870303654143076,13.264139074741236,0.30000000000000004,0.30000000000000004,0.4,0.30000000000000004,170,-0.20017640614014573
14.553668439412133,14.505060902384628,13.88174072167896,13.24984274032138,0.30000000000000004,0.30000000000000004,0.4,0.30000000000000004,171,-0.20017640614014573
14.559386973180075,14.445016297821239,13.850288785955279,13.28129467604506,0.30000000000000004,0.30000000000000004,0.30000000000000004,0.30000000000000004,172,-0.20017640614014573
14.562246240064045,14.476468233544917,13.810259049579688,13.284153942929033,0.30000000000000004,0.30000000000000004,0.30000000000000004,0.30000000000000004,175,-0.20017640614014573
14.567964773831989,14.416423628981528,13.778807113856006,13.255561274089322,0.30000000000000004,0.30000000000000004,0.30000000000000004,0.30000000000000004,179,-0.20017640614014573
14.567964773831989,14.462171899125062,13.76737004632012,13.269857608509177,0.30000000000000004,0.30000000000000004,0.30000000000000004,0.30000000000000004,181,-0.2000519956950617
14.530794304340366,14.45359409847315,13.724481043060557,13.229827872133585,0.30000000000000004,0.30000000000000004,0.30000000000000004,0.2,186,-0.2000519956950617
14.553668439412133,14.493623834848743,13.713043975524673,13.255561274089322,0.30000000000000004,0.30000000000000004,0.30000000000000004,0.2,182,-0.2000519956950617
14.553668439412133,14.427860696517412,13.70160690798879,13.238405672785497,0.2,0.30000000000000004,0.2,0.2,186,-0.2000519956950617
14.573683307599929,14.376393892605934,13.727340309944529,13.204094470177845,0.2,0.2,0.2,0.2,188,-0.2000519956950617
14.605135243323609,14.439297764053295,13.76165151255218,13.209813003945788,0.2,0.2,0.2,0.2,191,-0.2000519956950617
14.613713043975523,14.416423628981528,13.773088580088064,13.189798135757991,0.2,0.2,0.2,0.2,194,-0.2000519956950617
14.622290844627436,14.445016297821239,13.784525647623948,13.215531537713728,0.2,0.2,0.2,0.2,195,-0.2000519956950617
14.596557442671699,14.410705095213585,13.810259049579688,13.224109338365642,0.2,0.2,0.2,0.2,199,-0.1999275852499777
14.550809172528162,14.410705095213585,13.876022187911019,13.218390804597702,0.2,0.2,0.2,0.2,204,-0.19980317480489374
14.573683307599929,14.422142162749468,13.921770458054553,13.224109338365642,0.2,0.2,0.2,0.2,205,-0.19967876435980972
14.567964773831989,14.402127294561675,13.990392863269856,13.195516669525931,0.2,0.2,0.2,0.1,208,-0.19955435391472573
14.582261108251842,14.413564362097558,14.036141133413393,13.224109338365642,0.2,0.2,0.2,0.1,210,-0.19918112257947376
14.596557442671699,14.33636415623034,14.113341339280607,13.209813003945788,0.2,0.2,0.1,0.1,214,-0.19893230168930576
14.585120375135814,14.390690227025788,14.253445416595184,13.178361068222108,0.2,0.2,0.1,0.1,213,-0.19893230168930576
14.605135243323609,14.356379024418137,14.284897352318865,13.224109338365642,0.2,0.2,0.1,0.1,216,-0.19855907035405376
14.585120375135814,14.419282895865498,14.36209755818608,13.189798135757991,0.2,0.2,0.1,0.1,222,-0.1980614285737178
14.553668439412133,14.416423628981528,14.402127294561675,13.244124206553439,0.2,0.2,0.1,0.1,220,-0.19731496590321385
14.562246240064045,14.390690227025788,14.419282895865498,13.229827872133585,0.2,0.2,0.1,0.1,225,-0.19644409278762587
14.582261108251842,14.384971693257848,14.439297764053295,13.195516669525931,0.1,0.2,0.1,0.1,228,-0.19532439878186997
14.596557442671699,14.396408760793731,14.384971693257848,13.215531537713728,0.1,0.1,0.1,0.1,233,-0.194329115221198
14.622290844627436,14.427860696517412,14.379253159489904,13.178361068222108,0.1,0.1,0.1,0.1,233,-0.19320942121544207
14.590838908903756,14.36209755818608,14.396408760793731,13.204094470177845,0.1,0.1,0.1,0.1,235,-0.19246295854493808
14.585120375135814,14.410705095213585,14.410705095213585,13.218390804597702,0.1,0.1,0.1,0.1,237,-0.19196531676460213
14.585120375135814,14.462171899125062,14.439297764053295,13.215531537713728,0.1,0.1,0.1,0.1,241,-0.19146767498426615
14.605135243323609,14.422142162749468,14.456453365357122,13.235546405901525,0.1,0.1,0.1,0.1,245,-0.19059680186867822
14.610853777091553,14.402127294561675,14.399268027677701,13.229827872133585,0.1,0.1,0.1,0.1,249,-0.18960151830800623
14.585120375135814,14.350660490650196,14.284897352318865,13.238405672785497,0.1,0.1,0.1,0.1,251,-0.1882330034120823
14.573683307599929,14.416423628981528,14.279178818550921,13.244124206553439,0.1,0.1,0.1,0.1,256,-0.18698889896124238
14.605135243323609,14.436438497169325,14.279178818550921,13.24984274032138,0.1,0.1,0.1,0.1,261,-0.18574479451040246
14.596557442671699,14.470749699776976,14.267741751015038,13.327042946188596,0.1,0.1,0.1,0.0,261,-0.1847495109497305
14.587979642019786,14.402127294561675,14.239149082175329,13.284153942929033,0.1,0.1,0.1,0.0,266,-0.18400304827922653
14.610853777091553,14.387830960141818,14.279178818550921,13.315605878652711,0.1,0.1,0.0,0.0,267,-0.18362981694397457
14.685194716074797,14.462171899125062,14.422142162749468,13.28129467604506,0.1,0.1,0.0,0.0,270,-0.18325658560872257
14.69377251672671,14.445016297821239,14.530794304340366,13.261279807857264,0.1,0.1,0.0,0.0,275,-0.1830077647185546
14.7538171212901,14.456453365357122,14.639446445931263,13.321324412420655,0.1,0.1,0.0,0.0,277,-0.1826345333833026
14.685194716074797,14.419282895865498,14.759535655058043,13.295591010464916,0.1,0.1,0.0,0.0,276,-0.18213689160296662
14.69663178361068,14.493623834848743,14.78526905701378,13.315605878652711,0.1,0.1,0.0,0.0,281,-0.1812660184873787
14.742380053754216,14.487905301080803,14.839595127809227,13.347057814376392,0.1,0.1,0.0,0.0,285,-0.18027073492670673
14.78812832389775,14.525075770572425,14.853891462229084,13.327042946188596,0.1,0.1,0.0,0.0,284,-0.17939986181111875
14.8424543946932,14.45359409847315,14.831017327157317,13.352776348144335,0.1,0.1,0.0,0.0,292,-0.1789022200307828
14.81672099273746,14.482186767312859,14.853891462229084,13.372791216332132,0.1,0.1,0.0,0.0,295,-0.1786533991406148
14.81100245896952,14.519357236804481,14.96540287070395,13.409961685823752,0.1,0.1,0.0,0.0,294,-0.17852898869553083
14.865328529764968,14.565105506948017,15.122662549322353,13.42997655401155,0.1,0.1,0.0,0.0,300,-0.1784045782504468
14.913936066792473,14.596557442671699,15.228455424029276,13.409961685823752,0.1,0.1,0.0,0.0,301,-0.1784045782504468
14.959684336936007,14.51077943615257,15.282781494824725,13.46142848973523,0.1,0.1,0.0,0.0,307,-0.17803134691519484
14.951106536284096,14.559386973180075,15.26276662663693,13.415680219591696,0.1,0.1,0.0,0.0,307,-0.17778252602502687
14.951106536284096,14.579401841367872,15.302796363012522,13.46142848973523,0.1,0.1,0.0,0.0,314,-0.1775337051348589
15.005432607079545,14.63372791216332,15.488648710470635,13.481443357923027,0.1,0.1,0.0,0.0,309,-0.1775337051348589
15.011151140847485,14.639446445931263,15.768856865099787,13.504317492994796,0.1,0.1,0.0,0.0,311,-0.17740929468977487
15.002573340195571,14.653742780351116,15.983301881397608,13.541487962486416,0.0,0.1,0.0,0.0,316,-0.17740929468977487
14.979699205123804,14.65946131411906,16.089094756104533,13.510036026762737,0.0,0.0,0.0,0.0,319,-0.17703606335452288
15.016869674615428,14.639446445931263,16.134843026248067,13.55006576313833,0.0,0.0,0.0,0.0,315,-0.17641401112910293
15.062617944758962,14.72808371933436,16.303539772402356,13.567221364442156,0.0,0.0,0.0,0.0,322,-0.17566754845859894
15.102647681134556,14.65946131411906,16.62091839652313,13.572939898210096,0.0,0.0,0.0,0.0,321,-0.17516990667826302
15.11408474867044,14.688053982958769,16.915422885572138,13.604391833933777,0.0,0.0,0.0,0.0,318,-0.17492108578809498
15.0883513467147,14.653742780351116,17.275690512952476,13.604391833933777,0.0,0.0,0.0,0.0,322,-0.174672264897927
15.094069880482643,14.710928118030536,17.558757934465604,13.6415623034254,0.0,0.0,0.0,0.0,322,-0.17429903356267504
15.128381083090295,14.722365185566419,17.8932921598902,13.630125235889517,0.0,0.0,0.0,0.0,322,-0.17355257089217105
15.136958883742206,14.742380053754216,18.21067078401098,13.664436438497168,0.0,0.0,0.0,0.0,329,-0.17268169777658313
15.168410819465889,14.72808371933436,18.430834334076742,13.695888374220848,0.0,0.0,0.0,0.0,330,-0.1716864142159112
15.188425687653686,14.69663178361068,18.556642076971464,13.695888374220848,0.0,0.0,0.0,0.0,327,-0.17056672021015523
15.23703322468119,14.790987590781723,18.72819809000972,13.810259049579688,0.0,0.0,0.0,0.0,325,-0.1693226157593153
15.302796363012522,14.796706124549663,18.945502373191513,13.787384914507918,0.0,0.0,0.0,0.0,332,-0.16820292175355936
15.29421856236061,14.862469262880996,19.20569565963287,13.793103448275861,0.0,0.0,0.0,0.0,324,-0.16745645908305537
15.32852976496826,14.831017327157317,19.497340881797903,13.778807113856006,0.0,0.0,0.0,0.0,323,-0.1667099964125514
15.377137301995766,14.836735860925257,19.697489563675873,13.787384914507918,0.0,0.0,0.0,0.0,322,-0.16633676507729941
15.405729970835477,14.81100245896952,19.900497512437813,13.893177789214844,0.0,0.0,0.0,0.0,315,-0.16608794418713146
15.411448504603417,14.899639732372618,20.063475724824155,13.921770458054553,0.0,0.0,0.0,0.0,319,-0.16596353374204745
15.425744839023274,14.879624864184821,20.33796534568536,13.961800194430147,0.0,0.0,0.0,0.0,311,-0.1658391232969635
15.42002630525533,14.913936066792473,20.643906902270256,13.938926059358378,0.0,0.0,0.0,0.0,307,-0.1658391232969635
15.494367244238575,14.97112140447189,20.86978898610396,13.933207525590438,0.0,0.0,0.0,0.0,307,-0.1658391232969635
15.663063990392862,14.956825070052037,20.763996111397038,13.956081660662205,0.0,0.0,0.0,0.0,310,-0.1658391232969635
15.783153199519642,15.002573340195571,20.360839480757132,13.996111397037799,0.0,0.0,0.0,0.0,306,-0.1658391232969635
15.971864813861725,14.979699205123804,19.731800766283524,14.121919139932519,0.0,0.0,0.0,0.0,301,-0.16608794418713146
16.240635900954995,15.042603076571165,19.134213987533595,14.087607937324869,0.0,0.0,0.0,0.0,307,-0.1672076381928874
16.689540801738435,15.062617944758962,18.636701549722652,14.116200606164579,0.0,0.0,0.0,0.0,304,-0.1693226157593153
17.089838165494367,15.148395951278092,18.305026591182017,14.09332647109281,0.0,0.0,0.0,0.0,303,-0.17193523510607917
17.61308400526105,15.23417395779722,18.196374449591122,14.190541545147823,0.0,0.0,0.0,0.0,302,-0.17392580222742304
18.061988906044487,15.214159089609423,18.176359581403325,14.21055641333562,0.0,0.0,0.0,0.0,301,-0.17479667534301102
18.327900726253784,15.254188825985016,18.053411105392577,14.230571281523417,0.0,0.0,0.0,0.0,299,-0.17492108578809498
18.465145536684393,15.26848516040487,18.019099902784927,14.307771487390632,0.0,0.0,0.0,0.0,300,-0.174672264897927
18.48801967175616,15.339966832504144,18.119174243723908,14.273460284782981,0.0,0.0,0.0,0.0,301,-0.174672264897927
18.385086063933205,15.38285583576371,18.305026591182017,14.350660490650196,0.0,0.0,0.0,0.0,300,-0.17479667534301102
18.139189111911705,15.431463372791214,18.37078972951335,14.390690227025788,0.0,0.0,0.0,0.0,302,-0.175045496233179
17.85898095728255,15.394292903299593,18.239263452850686,14.450734831589179,0.0,0.0,0.0,0.0,301,-0.17516990667826302
17.913307028078,15.431463372791214,18.082003774232284,14.487905301080803,0.0,0.0,0.0,0.0,301,-0.17479667534301102
18.224967118430833,15.437181906559157,18.06770743981243,14.493623834848743,0.0,0.0,0.0,0.0,303,-0.17392580222742304
18.465145536684393,15.50866357865843,18.139189111911705,14.605135243323609,0.0,0.0,0.0,0.0,302,-0.1730549291118351
18.465145536684393,15.525819179962257,18.176359581403325,14.642305712815233,0.0,0.0,0.0,0.0,303,-0.17193523510607917
18.267856121690397,15.548693315034024,18.239263452850686,14.75095785440613,0.0,0.0,0.0,0.0,302,-0.17044230976507121
17.913307028078,15.562989649453877,18.319322925601877,14.665179847887,0.0,0.0,0.0,0.0,304,-0.1688249739789793
17.756047349459596,15.588723051409618,18.42225653342483,14.716646651798477,0.0,0.0,0.0,0.0,302,-0.1675808695281394
17.838966089094754,15.588723051409618,18.379367530165265,14.708068851146564,0.0,0.0,0.0,0.0,302,-0.16695881730271941
18.139189111911705,15.663063990392862,18.262137587922457,14.81100245896952,0.0,0.0,0.0,0.0,302,-0.16695881730271941
18.37078972951335,15.657345456624919,18.10487790930405,14.879624864184821,0.0,0.0,0.0,0.0,302,-0.1670832277478034
18.445130668496596,15.694515926116543,18.06770743981243,14.925373134328357,0.0,0.0,0.0,0.0,300,-0.1672076381928874
18.385086063933205,15.743123463144048,18.18207811517127,14.956825070052037,0.0,0.0,0.0,0.0,300,-0.16695881730271941
18.299308057414077,15.78029393263567,18.305026591182017,14.913936066792473,0.0,0.0,0.0,0.0,301,-0.1667099964125514
18.190655915823182,15.860353405386856,18.31360439183393,15.014010407731455,0.0,0.0,0.0,0.0,300,-0.16621235463221545
18.124892777491848,15.826042202779206,18.239263452850686,15.048321610339109,0.0,0.0,0.0,0.0,296,-0.16571471285187947
18.16778178075141,15.906101675530392,18.21924858466289,15.154114485046032,0.0,0.0,0.0,0.0,295,-0.1650926606264595
18.31360439183393,15.888946074226567,18.21067078401098,15.122662549322353,0.0,0.0,0.0,0.0,295,-0.16459501884612351
18.37078972951335,16.006176016469375,18.204952250243036,15.156973751930003,0.0,0.0,0.0,0.0,293,-0.16422178751087158
18.27643392234231,16.006176016469375,18.176359581403325,15.154114485046032,0.0,0.0,0.0,0.0,292,-0.16384855617561958
18.190655915823182,16.094813289872473,18.21067078401098,15.208440555841479,0.0,0.0,0.0,0.0,287,-0.1629776830600316
18.196374449591122,16.006176016469375,18.224967118430833,15.228455424029276,0.0,0.0,0.0,0.0,286,-0.16185798905427567
18.204952250243036,16.066220621032766,18.21924858466289,15.322811231200319,0.0,0.0,0.0,0.0,288,-0.16048947415835174
18.147766912563615,16.071939154800706,18.16778178075141,15.345685366272086,0.0,0.0,0.0,0.0,288,-0.1592453697075118
18.10487790930405,16.166294961971747,18.06770743981243,15.32852976496826,0.0,0.0,0.0,0.0,288,-0.15775244436650387
18.06770743981243,16.17773202950763,17.92188482872991,15.377137301995766,0.0,0.0,0.0,0.0,287,-0.15601069813532797
17.984788700177273,16.263510036026762,17.8246697546749,15.405729970835477,0.0,0.0,0.0,0.0,286,-0.15414454145906806
17.90758849431006,16.25779150225882,17.878995825470348,15.47435237605078,0.0,0.0,0.0,0.0,284,-0.15252720567297615
17.97049236575742,16.334991708126037,18.047692571624633,15.45147824097901,0.0,0.0,0.0,0.0,286,-0.15103428033196822
18.090581574884197,16.34642877566192,18.15348544633156,15.557271115685937,0.0,0.0,0.0,0.0,285,-0.14979017588112828
18.06770743981243,16.44364384971693,18.13347057814376,15.545834048150054,0.0,0.0,0.0,0.0,285,-0.14867048187537235
17.93618116314977,16.420769714645164,18.082003774232284,15.594441585177558,0.0,0.0,0.0,0.0,284,-0.1476751983147004
17.899010693658145,16.515125521816206,18.024818436552867,15.605878652713441,0.0,0.0,0.0,0.0,283,-0.14643109386386047
17.927603362497855,16.509406988048262,17.976210899525363,15.645908389089035,0.0,0.0,0.0,0.0,283,-0.14506257896793653
17.99908503459713,16.56373305884371,17.8932921598902,15.663063990392862,0.0,0.0,0.0,0.0,282,-0.14344524318184462
18.024818436552867,16.56373305884371,17.873277291702404,15.711671527420368,0.0,0.0,0.0,0.0,280,-0.1420767282859207
18.024818436552867,16.62091839652313,17.94189969691771,15.743123463144048,0.0,0.0,0.0,0.0,280,-0.14083262383508077
18.00480356836507,16.62091839652313,18.024818436552867,15.74884199691199,0.0,0.0,0.0,0.0,274,-0.14008616116457678
17.984788700177273,16.729570538114025,18.09630010865214,15.786012466403612,0.0,0.0,0.0,0.0,275,-0.13946410893915684
17.99908503459713,16.723852004346085,18.13347057814376,15.823182935895236,0.0,0.0,0.0,0.0,276,-0.13884205671373684
18.013381369016983,16.73814833876594,18.119174243723908,15.888946074226567,0.0,0.0,0.0,0.0,275,-0.1378467731530649
18.019099902784927,16.7124149368102,18.061988906044487,15.860353405386856,0.0,0.0,0.0,0.0,272,-0.13647825825714097
17.99908503459713,16.815348544633157,18.047692571624633,15.937553611254073,0.0,0.0,0.0,0.0,272,-0.13461210158088108
18.00480356836507,16.821067078401096,18.019099902784927,15.906101675530392,0.0,0.0,0.0,0.0,272,-0.13262153445953717
18.06770743981243,16.903985818036254,18.019099902784927,15.994738948933492,0.0,0.0,0.0,0.0,273,-0.1302577360029413
18.047692571624633,16.846800480356833,18.06770743981243,16.01475381712129,0.0,0.0,0.0,0.0,272,-0.12789393754634543
17.990507233945216,16.89540801738434,18.10487790930405,16.060502087264823,0.0,0.0,0.0,0.0,271,-0.12565454953483354
17.961914565105506,16.883970949848457,18.15348544633156,16.01761308400526,0.0,0.0,0.0,0.0,270,-0.12353957196840565
17.961914565105506,16.952593355063758,18.21924858466289,16.100531823640416,0.0,0.0,0.0,0.0,270,-0.12154900484706174
17.947618230685652,16.9583118888317,18.190655915823182,16.089094756104533,0.0,0.0,0.0,0.0,270,-0.11943402728063386
17.94189969691771,17.032652827814946,18.176359581403325,16.14628009378395,0.0,0.0,0.0,0.0,270,-0.11744346015928996
17.947618230685652,17.046949162234803,18.18207811517127,16.151998627551894,0.0,0.0,0.0,0.0,269,-0.11507966170269408
17.976210899525363,17.10413449991422,18.16206324698347,16.229198833419108,0.0,0.0,0.0,0.0,269,-0.11209381102067824
17.961914565105506,17.089838165494367,18.21067078401098,16.217761765883225,0.0,0.0,0.0,0.0,268,-0.1091079603386624
18.013381369016983,17.178475438897465,18.15348544633156,16.303539772402356,0.0,0.0,0.0,0.0,268,-0.10612210965664653
18.047692571624633,17.19277177331732,18.013381369016983,16.28638417109853,0.0,0.0,0.0,0.0,268,-0.10350949030988268
18.03911477097272,17.24995711099674,17.976210899525363,16.37502144450163,0.0,0.0,0.0,0.0,267,-0.1008968709631188
18.047692571624633,17.224223709041002,18.047692571624633,16.340710241893976,0.0,0.0,0.0,0.0,267,-0.09865748295160692
18.019099902784927,17.275690512952476,18.082003774232284,16.420769714645164,0.0,0.0,0.0,0.0,267,-0.09666691583026303
18.019099902784927,17.335735117515867,18.119174243723908,16.397895579573397,0.0,0.0,0.0,0.0,267,-0.09492516959908712
18.024818436552867,17.355749985703664,18.09630010865214,16.486532852976495,0.0,0.0,0.0,0.0,266,-0.09305901292282721
18.03911477097272,17.361468519471604,18.10487790930405,16.469377251672668,0.0,0.0,0.0,0.0,267,-0.09094403535639932
18.076285240464344,17.392920455195284,18.124892777491848,16.520844055584146,0.0,0.0,0.0,0.0,271,-0.08858023689980345
18.10487790930405,17.43866872533882,18.10487790930405,16.52656258935209,0.0,0.0,0.0,0.0,270,-0.08621643844320757
18.10487790930405,17.48727626236633,18.03911477097272,16.629496197175044,0.0,0.0,0.0,0.0,270,-0.08372822954152769
18.176359581403325,17.544461600045747,17.961914565105506,16.62091839652313,0.0,0.0,0.0,0.0,270,-0.08136443108493181
18.190655915823182,17.51872819809001,17.961914565105506,16.70097786927432,0.0,0.0,0.0,0.0,270,-0.07887622218325194
18.204952250243036,17.573054268885457,18.03339623720478,16.669525933550638,0.0,0.0,0.0,0.0,270,-0.07676124461682406
18.204952250243036,17.498713329902213,18.110596443071994,16.76674100760565,0.0,0.0,0.0,0.0,270,-0.07464626705039616
18.204952250243036,17.598787670841194,18.16778178075141,16.772459541373593,0.0,0.0,0.0,0.0,270,-0.07265569992905227
18.196374449591122,17.61308400526105,18.253559787270543,16.86681534854463,0.0,0.0,0.0,0.0,270,-0.07054072236262438
18.204952250243036,17.6674100760565,18.305026591182017,16.821067078401096,0.0,0.0,0.0,0.0,269,-0.06867456568636447
18.233544919082746,17.658832275404585,18.362211928861438,16.889689483616397,0.0,0.0,0.0,0.0,270,-0.06680840901010457
18.253559787270543,17.687424944244295,18.413678732772915,16.878252416080514,0.0,0.0,0.0,0.0,269,-0.06519107322401264
18.262137587922457,17.65311374163664,18.379367530165265,16.94687482129582,0.0,0.0,0.0,0.0,270,-0.06344932699283673
18.299308057414077,17.7360324812718,18.33361926002173,16.989763824555382,0.0,0.0,0.0,0.0,267,-0.061583170316576834
18.347915594441584,17.776062217647393,18.267856121690397,17.07268256419054,0.0,0.0,0.0,0.0,269,-0.05971701364031693
18.37078972951335,17.804654886487103,18.262137587922457,17.032652827814946,0.0,0.0,0.0,0.0,268,-0.05772644651897303
18.39366386458512,17.804654886487103,18.327900726253784,17.084119631726423,0.0,0.0,0.0,0.0,268,-0.05598470028779712
18.399382398353058,17.77034368387945,18.379367530165265,17.10413449991422,0.0,0.0,0.0,0.0,269,-0.05461618539187319
18.430834334076742,17.83038828844284,18.39366386458512,17.19849030708526,0.0,0.0,0.0,0.0,269,-0.05349649138611724
18.42225653342483,17.838966089094754,18.465145536684393,17.21278664150512,0.0,0.0,0.0,0.0,270,-0.052625618270529285
18.436552867844682,17.927603362497855,18.496597472408073,17.229942242808942,0.0,0.0,0.0,0.0,269,-0.05187915560002533
18.48230113798822,17.878995825470348,18.510893806827927,17.24995711099674,0.0,0.0,0.0,0.0,269,-0.050883872039353385
18.502316006176017,17.92188482872991,18.51947160747984,17.289986847372333,0.0,0.0,0.0,0.0,269,-0.04951535714342945
18.510893806827927,17.927603362497855,18.525190141247784,17.34717218505175,0.0,0.0,0.0,0.0,270,-0.04789802135733754
18.539486475667637,18.024818436552867,18.525190141247784,17.392920455195284,0.0,0.0,0.0,0.0,269,-0.04590745423599364
18.58523474581117,18.019099902784927,18.510893806827927,17.432950191570878,0.0,0.0,0.0,0.0,269,-0.043792476669565754
18.593812546463084,18.053411105392577,18.502316006176017,17.467261394178532,0.0,0.0,0.0,0.0,256,-0.04167749910313785
18.61668668153485,18.061988906044487,18.525190141247784,17.51872819809001,0.0,0.0,0.0,0.0,269,-0.04018457376212993
18.608108880882938,18.061988906044487,18.576656945159257,17.533024532509863,0.0,0.0,0.0,0.0,255,-0.03894046931129
18.61668668153485,18.124892777491848,18.58523474581117,17.58735060330531,0.0,0.0,0.0,0.0,268,-0.03806959619570204
18.630983015954705,18.119174243723908,18.593812546463084,17.607365471493107,0.0,0.0,0.0,0.0,270,-0.037198723080114085
18.630983015954705,18.18207811517127,18.61668668153485,17.68170641047635,0.0,0.0,0.0,0.0,256,-0.03657667085469412
18.676731286098246,18.139189111911705,18.65957568479442,17.65311374163664,0.0,0.0,0.0,0.0,269,-0.03570579773910616
18.705323954937953,18.2478412535026,18.705323954937953,17.756047349459596,0.0,0.0,0.0,0.0,258,-0.03458610373335022
18.72247955624178,18.2478412535026,18.72819809000972,17.756047349459596,0.0,0.0,0.0,0.0,269,-0.0329687679472583
18.773946360153253,18.305026591182017,18.6910276205181,17.83038828844284,0.0,0.0,0.0,0.0,270,-0.03135143216116639
18.805398295876934,18.290730256762163,18.65385715102647,17.8246697546749,0.0,0.0,0.0,0.0,269,-0.029734096375074473
18.8282724309487,18.319322925601877,18.645279350374565,17.873277291702404,0.0,0.0,0.0,0.0,270,-0.028489991924234535
18.85114656602047,18.342197060673644,18.736775890661633,17.8932921598902,0.0,0.0,0.0,0.0,256,-0.027743529253730574
18.8482872991365,18.327900726253784,18.836850231600614,17.927603362497855,0.0,0.0,0.0,0.0,270,-0.02761911880864658
18.88259850174415,18.40796019900497,18.88259850174415,18.00480356836507,0.0,0.0,0.0,0.0,271,-0.02761911880864658
18.891176302396065,18.39366386458512,18.88259850174415,18.019099902784927,0.0,0.0,0.0,0.0,271,-0.027370297918478594
18.919768971235772,18.436552867844682,18.919768971235772,18.10487790930405,0.0,0.0,0.0,0.0,269,-0.02674824569305862
18.96837650826328,18.436552867844682,18.951220906959453,18.082003774232284,0.0,0.0,0.0,0.0,258,-0.02575296213238668
19.002687710870934,18.465145536684393,18.991250643335047,18.18207811517127,0.0,0.0,0.0,0.0,272,-0.02450885768154674
19.03699891347858,18.502316006176017,19.03128037971064,18.147766912563615,0.0,0.0,0.0,0.0,271,-0.02314034278562281
19.06273231543432,18.539486475667637,19.03699891347858,18.224967118430833,0.0,0.0,0.0,0.0,272,-0.021896238334782877
19.108480585577855,18.608108880882938,19.045576714130494,18.233544919082746,0.0,0.0,0.0,0.0,272,-0.020900954774110924
19.14279178818551,18.593812546463084,19.074169382970208,18.282152456110254,0.0,0.0,0.0,0.0,259,-0.020527723438858947
19.17424372390919,18.645279350374565,19.102762051809915,18.305026591182017,0.0,0.0,0.0,0.0,273,-0.020403312993774948
19.20569565963287,18.60524961399897,19.134213987533595,18.37078972951335,0.0,0.0,0.0,0.0,263,-0.020403312993774948
19.219991994052723,18.630983015954705,19.194258592096983,18.385086063933205,0.0,0.0,0.0,0.0,276,-0.020154492103606963
19.228569794704637,18.6910276205181,19.254303196660373,18.385086063933205,0.0,0.0,0.0,0.0,277,-0.01965685032327099
19.285755132384054,18.705323954937953,19.30862926745582,18.45942700291645,0.0,0.0,0.0,0.0,276,-0.01891038765276703
19.348659003831415,18.72819809000972,19.35437753759936,18.473723337336306,0.0,0.0,0.0,0.0,276,-0.01791510409209508
19.391548007090982,18.751072225081487,19.41442214216275,18.58523474581117,0.0,0.0,0.0,0.0,263,-0.01691982053142313
19.42014067593069,18.836850231600614,19.405844341510836,18.51947160747984,0.0,0.0,0.0,0.0,277,-0.01629776830600316
19.45731114542231,18.805398295876934,19.38868874020701,18.562360610739404,0.0,0.0,0.0,0.0,277,-0.015675716080583196
19.471607479842163,18.891176302396065,19.391548007090982,18.608108880882938,0.0,0.0,0.0,0.0,277,-0.015302484745331212
19.523074283753644,18.891176302396065,19.434437010350543,18.668153485446332,0.0,0.0,0.0,0.0,277,-0.015053663855163225
19.557385486361298,18.87402070109224,19.45731114542231,18.751072225081487,0.0,0.0,0.0,0.0,263,-0.014929253410079233
19.59741522273689,18.919768971235772,19.491622348029964,18.725338823125746,0.0,0.0,0.0,0.0,277,-0.014680432519911244
19.605993023388802,18.951220906959453,19.537370618173497,18.81969463029679,0.0,0.0,0.0,0.0,266,-0.014058380294491276
19.605993023388802,19.016984045290787,19.605993023388802,18.813976096528847,0.0,0.0,0.0,0.0,279,-0.013311917623987314
19.651741293532336,18.991250643335047,19.62886715846057,18.81969463029679,0.0,0.0,0.0,0.0,280,-0.012565454953483353
19.697489563675873,19.077028649854174,19.671756161720133,18.87402070109224,0.0,0.0,0.0,0.0,280,-0.011818992282979392
19.72036369874764,19.045576714130494,19.671756161720133,18.928346771887686,0.0,0.0,0.0,0.0,281,-0.010948119167391438
19.757534168239264,19.11133985246183,19.69177102990793,18.94264310630754,0.0,0.0,0.0,0.0,264,-0.01032606694197147
19.78612683707897,19.214273460284783,19.72322296563161,18.982672842683133,0.0,0.0,0.0,0.0,278,-0.009952835606719487
19.814719505918678,19.188540058329043,19.766111968891174,19.06845084920226,0.0,0.0,0.0,0.0,263,-0.009828425161635495
19.800423171498824,19.225710527820663,19.788986103962944,19.054154514782407,0.0,0.0,0.0,0.0,280,-0.0097040147165515
19.826156573454565,19.20569565963287,19.826156573454565,19.10562131869389,0.0,0.0,0.0,0.0,282,-0.009455193826383514
19.831875107222505,19.245725396008464,19.869045576714125,19.139932521301535,0.0,0.0,0.0,0.0,280,-0.009081962491131534
19.869045576714125,19.30291073368788,19.917653113741633,19.14851032195345,0.0,0.0,0.0,0.0,283,-0.008459910265711565
19.90907531308972,19.348659003831415,19.937667981929433,19.214273460284783,0.0,0.0,0.0,0.0,268,-0.007713447595207603
19.943386515697373,19.374392405787155,19.977697718305027,19.188540058329043,0.0,0.0,0.0,0.0,285,-0.007091395369787636
19.977697718305027,19.374392405787155,19.99485331960885,19.294332933035967,0.0,0.0,0.0,0.0,268,-0.006718164034535654
20.040601589752388,19.45731114542231,19.99199405272488,19.262880997312287,0.0,0.0,0.0,0.0,288,-0.00622052225419968
20.100646194315775,19.471607479842163,20.000571853376794,19.325784868759648,0.0,0.0,0.0,0.0,287,-0.0058472909189477
20.11208326185166,19.531652084405557,20.049179390404298,19.38868874020701,0.0,0.0,0.0,0.0,289,-0.005474059583695719
20.126379596271512,19.54594841882541,20.069194258592095,19.400125807742892,0.0,0.0,0.0,0.0,290,-0.004976417803359744
20.152112998227253,19.523074283753644,20.146394464459313,19.463029679190257,0.0,0.0,0.0,0.0,276,-0.004354365577939776
20.195002001486817,19.585978155201005,20.217876136558587,19.491622348029964,0.0,0.0,0.0,0.0,294,-0.003732313352519808
20.246468805398294,19.654600560416306,20.277920741121974,19.531652084405557,0.0,0.0,0.0,0.0,276,-0.00311026112709984
20.2950763424258,19.671756161720133,20.31795047749757,19.57168182078115,0.0,0.0,0.0,0.0,295,-0.0023637984565958786
20.32366901126551,19.654600560416306,20.38085434894493,19.57168182078115,0.0,0.0,0.0,0.0,298,-0.0017417462311759104
20.357980213873162,19.706067364327783,20.395150683364783,19.651741293532336,0.0,0.0,0.0,0.0,301,-0.0013685148959239298
20.432321152856407,19.78040830331103,20.41802481843655,19.637444959112482,0.0,0.0,0.0,0.0,302,-0.0007464626705039615
20.50380282495568,19.806141705266768,20.423743352204493,19.677474695488076,0.0,0.0,0.0,0.0,299,-0.0001244104450839936
20.53525476067936,19.84045290787442,20.469491622348027,19.714645164979697,0.0,0.0,0.0,0.0,301,0.00037323133525198076
20.555269628867155,19.86618630983016,20.50380282495568,19.740378566935437,0.0,0.0,0.0,0.0,285,0.0007464626705039615
20.61531423343055,19.849030708526332,20.569565963287012,19.84045290787442,0.0,0.0,0.0,0.0,302,0.0013685148959239298
20.68965517241379,19.92337164750958,20.638188368502316,19.831875107222505,0.0,0.0,0.0,0.0,285,0.0019905671213438975
20.74112197632527,19.943386515697373,20.681077371761877,19.889060444901926,0.0,0.0,0.0,0.0,303,0.0026126193467638655
20.763996111397038,19.96626065076914,20.72682564190541,19.92337164750958,0.0,0.0,0.0,0.0,300,0.00311026112709984
20.80116658088866,19.977697718305027,20.815462915308512,19.943386515697373,0.0,0.0,0.0,0.0,302,0.0036079029074358145
20.846914851032192,20.02344598844856,20.83833705038028,20.02630525533253,0.0,0.0,0.0,0.0,303,0.003981134242687795
20.884085320523816,20.103505461199745,20.824040715960425,20.006290387144734,0.0,0.0,0.0,0.0,302,0.00485200735827575
20.921255790015437,20.089209126779892,20.852633384800136,20.040601589752388,0.0,0.0,0.0,0.0,302,0.005598470028779712
20.944129925087204,20.134957396923426,20.921255790015437,20.097786927431805,0.0,0.0,0.0,0.0,299,0.005971701364031692
20.981300394578827,20.160690798879166,21.004174529650598,20.160690798879166,0.0,0.0,0.0,0.0,304,0.006344932699283674
21.004174529650598,20.189283467718873,21.06707840109796,20.189283467718873,0.0,0.0,0.0,0.0,292,0.007091395369787636
21.058500600446045,20.252187339166234,21.081374735517812,20.195002001486817,0.0,0.0,0.0,0.0,302,0.007713447595207603
21.112826671241493,20.260765139818147,21.09853033682164,20.252187339166234,0.0,0.0,0.0,0.0,291,0.00833549982062757
21.13570080631326,20.277920741121974,21.13570080631326,20.309372676845655,0.0,0.0,0.0,0.0,302,0.008833141600963546
21.175730542688854,20.31795047749757,21.158574941385027,20.31795047749757,0.0,0.0,0.0,0.0,293,0.00933078338129952
21.221478812832387,20.346543146337275,21.158574941385027,20.41230628466861,0.0,0.0,0.0,0.0,289,0.009828425161635495
21.2300566134843,20.41802481843655,21.158574941385027,20.37513581517699,0.0,0.0,0.0,0.0,289,0.010574887832139456
21.26150854920798,20.44661748727626,21.175730542688854,20.403728484016696,0.0,0.0,0.0,0.0,288,0.01144576094772741
21.292960484931662,20.483787956767884,21.221478812832387,20.498084291187737,0.0,0.0,0.0,0.0,288,0.012192223618231371
21.307256819351515,20.520958426259504,21.28438268427975,20.518099159375534,0.0,0.0,0.0,0.0,288,0.013063096733819328
21.31583462000343,20.483787956767884,21.332990221307256,20.56384742951907,0.0,0.0,0.0,0.0,288,0.01380955940432329
21.307256819351515,20.526676960027448,21.364442157030936,20.62103276719849,0.0,0.0,0.0,0.0,292,0.014431611629743258
21.370160690798876,20.643906902270256,21.41019042717447,20.65248470292217,0.0,0.0,0.0,0.0,303,0.015053663855163225
21.45022016355006,20.601017899010692,21.458797964201974,20.68965517241379,0.0,0.0,0.0,0.0,293,0.015800126525667188
21.50740550122948,20.65248470292217,21.458797964201974,20.672499571109963,0.0,0.0,0.0,0.0,302,0.01667099964125514
21.50740550122948,20.643906902270256,21.4759535655058,20.718247841253504,0.0,0.0,0.0,0.0,290,0.01766628320192709
21.55601303825699,20.718247841253504,21.498827700577568,20.755418310745124,0.0,0.0,0.0,0.0,303,0.01866156676259904
21.61319837593641,20.824040715960425,21.515983301881395,20.824040715960425,0.0,0.0,0.0,0.0,293,0.019905671213438975
21.653228112312004,20.815462915308512,21.596042774632583,20.884085320523816,0.0,0.0,0.0,0.0,289,0.021274186109362905
21.693257848687594,20.8068851146566,21.64465031166009,20.906959455595583,0.0,0.0,0.0,0.0,289,0.022518290560202842
21.75902098701893,20.86121118545205,21.693257848687594,20.912677989363527,0.0,0.0,0.0,0.0,288,0.02351357412087479
21.807628524046432,20.86121118545205,21.733287585063188,20.99845599588265,0.0,0.0,0.0,0.0,289,0.02426003679137875
21.850517527305996,20.912677989363527,21.79047292274261,20.98987819523074,0.0,0.0,0.0,0.0,289,0.024757678571714726
21.899125064333504,20.906959455595583,21.79905072339452,21.027048664722365,0.0,0.0,0.0,0.0,289,0.025006499461882714
21.964888202664838,20.952707725739117,21.824784125350256,21.10424887058958,0.0,0.0,0.0,0.0,291,0.02562855168730268
22.042088408532052,21.02133013095442,21.85909532795791,21.081374735517812,0.0,0.0,0.0,0.0,291,0.02662383524797463
22.084977411791613,21.027048664722365,21.881969463029677,21.112826671241493,0.0,0.0,0.0,0.0,291,0.027743529253730574
22.110710813747353,21.06707840109796,21.942014067593064,21.19860467776062,0.0,0.0,0.0,0.0,306,0.028738812814402524
22.142162749471034,21.089952536169726,22.016355006576312,21.212901012180474,0.0,0.0,0.0,0.0,290,0.02948527548490648
22.185051752730597,21.06707840109796,22.059244009835876,21.270086349859895,0.0,0.0,0.0,0.0,304,0.029734096375074473
22.236518556642075,21.09853033682164,22.116429347515297,21.332990221307256,0.0,0.0,0.0,0.0,294,0.029734096375074473
22.313718762509293,21.221478812832387,22.16789615142677,21.324412420655342,0.0,0.0,0.0,0.0,305,0.029609685929990474
22.4109338365643,21.19860467776062,22.16789615142677,21.355864356379023,0.0,0.0,0.0,0.0,293,0.029734096375074473
22.453822839823868,21.212901012180474,22.19362955338251,21.37873849145079,0.0,0.0,0.0,0.0,302,0.029982917265242458
22.525304511923142,21.238634414136214,22.245096357293985,21.41019042717447,0.0,0.0,0.0,0.0,291,0.03035614860049444
22.568193515182706,21.301538285583575,22.270829759249725,21.45022016355006,0.0,0.0,0.0,0.0,301,0.03085379038083041
22.656830788585804,21.364442157030936,22.33087436381312,21.467375764853887,0.0,0.0,0.0,0.0,289,0.03147584260625038
22.68256419054154,21.37873849145079,22.34802996511694,21.564590838908902,0.0,0.0,0.0,0.0,300,0.031724663496418365
22.70257905872934,21.370160690798876,22.36804483330474,21.61891690970435,0.0,0.0,0.0,0.0,288,0.031600253051334376
22.765482930176702,21.404471893406527,22.40235603591239,21.596042774632583,0.0,0.0,0.0,0.0,297,0.03147584260625038
22.79121633213244,21.404471893406527,22.445245039171954,21.636072511008177,0.0,0.0,0.0,0.0,286,0.031600253051334376
22.816949734088176,21.435923829130207,22.453822839823868,21.71041344999142,0.0,0.0,0.0,0.0,297,0.031600253051334376
22.899868473723334,21.498827700577568,22.470978441127695,21.701835649339507,0.0,0.0,0.0,0.0,286,0.031600253051334376
22.908446274375247,21.547435237605075,22.453822839823868,21.7418653857151,0.0,0.0,0.0,0.0,296,0.031724663496418365
22.908446274375247,21.578887173328756,22.496711843083432,21.79905072339452,0.0,0.0,0.0,0.0,281,0.031724663496418365
22.928461142563044,21.661805912963914,22.55103791387888,21.83336192600217,0.0,0.0,0.0,0.0,283,0.03184907394150236
22.974209412706582,21.661805912963914,22.602504717790357,21.86481386172585,0.0,0.0,0.0,0.0,283,0.03184907394150236
23.082861554297477,21.661805912963914,22.648252987933894,21.942014067593064,0.0,0.0,0.0,0.0,282,0.032097894831670346
23.21438783096014,21.733287585063188,22.68256419054154,21.942014067593064,0.0,0.0,0.0,0.0,281,0.03259553661200632
23.317321438783093,21.733287585063188,22.694001258077428,21.942014067593064,0.0,0.0,0.0,0.0,280,0.0329687679472583
23.354491908274717,21.7418653857151,22.648252987933894,22.016355006576312,0.0,0.0,0.0,0.0,280,0.03321758883742629
23.40024017841825,21.79047292274261,22.648252987933894,22.0077772059244,0.0,0.0,0.0,0.0,281,0.03346640972759428
23.44884771544576,21.816206324698346,22.665408589237718,22.059244009835876,0.0,0.0,0.0,0.0,281,0.033964051507930255
23.46028478298164,21.873391662377763,22.711156859381255,22.076399611139703,0.0,0.0,0.0,0.0,280,0.034337282843182236
23.36306970892663,21.950591868244977,22.78263853148053,22.142162749471034,0.0,0.0,0.0,0.0,279,0.03471051417843421
23.354491908274717,21.950591868244977,22.845542402927887,22.142162749471034,0.0,0.0,0.0,0.0,278,0.0350837455136862
23.44884771544576,21.942014067593064,22.899868473723334,22.21936295533825,0.0,0.0,0.0,0.0,278,0.03607902907435814
23.534625721964886,21.99062160462057,22.982787213358492,22.21936295533825,0.0,0.0,0.0,0.0,276,0.037198723080114085
23.51747012066106,22.0077772059244,22.982787213358492,22.22794075599016,0.0,0.0,0.0,0.0,276,0.03819400664078604
23.497455252473266,22.06782181048779,22.99994281466232,22.322296563161206,0.0,0.0,0.0,0.0,275,0.038816058866206
23.546062789500773,22.116429347515297,23.00852061531423,22.30514096185738,0.0,0.0,0.0,0.0,274,0.03943811109162597
23.651855664207694,22.116429347515297,23.074283753645563,22.34802996511694,0.0,0.0,0.0,0.0,275,0.04043339465229792
23.743352204494766,22.150740550122947,23.140046891976898,22.393778235260477,0.0,0.0,0.0,0.0,275,0.04167749910313785
23.8777377480414,22.21936295533825,23.14862469262881,22.385200434608567,0.0,0.0,0.0,0.0,287,0.0429216035539778
23.8577228798536,22.21936295533825,23.157202493280717,22.479556241779605,0.0,0.0,0.0,0.0,280,0.043792476669565754
23.949219420140675,22.210785154686338,23.194372962772345,22.55103791387888,0.0,0.0,0.0,0.0,285,0.04416570800481773
24.037856693543773,22.262251958597812,23.30874363813118,22.533882312575052,0.0,0.0,0.0,0.0,280,0.04478776023023769
24.049293761079657,22.262251958597812,23.354491908274717,22.57677131583462,0.0,0.0,0.0,0.0,284,0.045534222900741654
23.966375021444502,22.313718762509293,23.354491908274717,22.593926917138443,0.0,0.0,0.0,0.0,279,0.04628068557124562
23.769085606450503,22.34802996511694,23.374506776462514,22.665408589237718,0.0,0.0,0.0,0.0,283,0.04652950646141361
23.534625721964886,22.359467032652827,23.463144049865612,22.63967518728198,0.0,0.0,0.0,0.0,278,0.04652950646141361
23.51747012066106,22.393778235260477,23.623262995367988,22.70257905872934,0.0,0.0,0.0,0.0,280,0.04690273779666559
23.651855664207694,22.496711843083432,23.700463201235202,22.78263853148053,0.0,0.0,0.0,0.0,274,0.04802243180242153
23.829130211013894,22.496711843083432,23.700463201235202,22.774060730828616,0.0,0.0,0.0,0.0,279,0.04926653625326147
23.940641619488762,22.51672671127123,23.711900268771085,22.808371933436263,0.0,0.0,0.0,0.0,274,0.04988858847868143
23.93778235260479,22.533882312575052,23.72905587007491,22.874135071767597,0.0,0.0,0.0,0.0,279,0.04988858847868143
23.8577228798536,22.51672671127123,23.777663407102416,22.908446274375247,0.0,0.0,0.0,0.0,274,0.04988858847868143
23.777663407102416,22.593926917138443,23.769085606450503,22.91702407502716,0.0,0.0,0.0,0.0,279,0.05001299892376543
23.809115342826097,22.68256419054154,23.797678275290213,23.045691084805856,0.0,0.0,0.0,0.0,273,0.05026181981393341
23.7891004746383,22.656830788585804,23.81769314347801,22.974209412706582,0.0,0.0,0.0,0.0,277,0.05038623025901741
23.791959741522273,22.68256419054154,23.8577228798536,23.02853548350203,0.0,0.0,0.0,0.0,272,0.05026181981393341
23.837708011665807,22.711156859381255,23.917767484416995,23.06570595299365,0.0,0.0,0.0,0.0,268,0.05026181981393341
23.8577228798536,22.71973466003317,23.93778235260479,23.140046891976898,0.0,0.0,0.0,0.0,269,0.05038623025901741
23.874878481157428,22.774060730828616,23.95779722079259,23.177217361468518,0.0,0.0,0.0,0.0,268,0.05038623025901741
23.906330416881108,22.816949734088176,23.93778235260479,23.260136101103676,0.0,0.0,0.0,0.0,267,0.05026181981393341
23.8577228798536,22.908446274375247,23.95779722079259,23.260136101103676,0.0,0.0,0.0,0.0,269,0.04988858847868143
23.917767484416995,22.874135071767597,23.974952822096416,23.21438783096014,0.0,0.0,0.0,0.0,268,0.04951535714342945
24.066449362383484,22.874135071767597,24.006404757820093,23.260136101103676,0.0,0.0,0.0,0.0,267,0.04951535714342945
24.12649396694687,22.928461142563044,24.03213815977583,23.354491908274717,0.0,0.0,0.0,0.0,268,0.04963976758851344
24.15794590267055,22.95419454451878,24.066449362383484,23.36306970892663,0.0,0.0,0.0,0.0,266,0.04951535714342945
24.226568307885856,23.00852061531423,24.11791616629496,23.40595871218619,0.0,0.0,0.0,0.0,266,0.049390946698345456
24.289472179333217,23.057128152341736,24.197975639046145,23.43169211414193,0.0,0.0,0.0,0.0,264,0.04951535714342945
24.32950191570881,22.991365014010405,24.200834905930115,23.497455252473266,0.0,0.0,0.0,0.0,263,0.04963976758851344
24.352376050780578,23.02853548350203,24.17796077085835,23.488877451821352,0.0,0.0,0.0,0.0,265,0.04976417803359744
24.346657517012638,23.082861554297477,24.17510150397438,23.497455252473266,0.0,0.0,0.0,0.0,269,0.04976417803359744
24.320924115056897,23.111454223137184,24.258020243609536,23.591811059644307,0.0,0.0,0.0,0.0,264,0.04976417803359744
24.37239091896837,23.120032023789097,24.320924115056897,23.51747012066106,0.0,0.0,0.0,0.0,268,0.04976417803359744
24.380968719620284,23.12860982444101,24.352376050780578,23.594670326528274,0.0,0.0,0.0,0.0,264,0.04963976758851344
24.34093898324469,23.231543432263965,24.41527992222794,23.651855664207694,0.0,0.0,0.0,0.0,267,0.04963976758851344
24.380968719620284,23.24298049979985,24.455309658603532,23.651855664207694,0.0,0.0,0.0,0.0,263,0.04951535714342945
24.443872591067645,23.24298049979985,24.44101332418368,23.66329273174358,0.0,0.0,0.0,0.0,265,0.04951535714342945
24.458168925487502,23.288728769943386,24.44101332418368,23.680448333047405,0.0,0.0,0.0,0.0,261,0.04951535714342945
24.423857722879852,23.297306570595296,24.443872591067645,23.809115342826097,0.0,0.0,0.0,0.0,256,0.049390946698345456
24.403842854692055,23.288728769943386,24.48390232744324,23.791959741522273,0.0,0.0,0.0,0.0,255,0.04914212580817747
24.423857722879852,23.36306970892663,24.526791330702807,23.769085606450503,0.0,0.0,0.0,0.0,255,0.048768894472925484
24.443872591067645,23.440269914793845,24.54394693200663,23.797678275290213,0.0,0.0,0.0,0.0,257,0.048271252692589514
24.47532452679133,23.440269914793845,24.561102533310457,23.8577228798536,0.0,0.0,0.0,0.0,254,0.04777361091225354
24.518213530050893,23.44884771544576,24.621147137873844,23.917767484416995,0.0,0.0,0.0,0.0,255,0.04702714824174958
24.518213530050893,23.51747012066106,24.624006404757818,23.92634528506891,0.0,0.0,0.0,0.0,254,0.04640509601632961
24.589695202150168,23.468862583633552,24.615428604105904,24.009264024704063,0.0,0.0,0.0,0.0,253,0.046156275126161626
24.63258420540973,23.51747012066106,24.612569337221935,24.006404757820093,0.0,0.0,0.0,0.0,260,0.04628068557124562
24.664036141133412,23.566077657688567,24.63258420540973,24.040715960427743,0.0,0.0,0.0,0.0,261,0.04628068557124562
24.684051009321205,23.566077657688567,24.666895408017382,24.037856693543773,0.0,0.0,0.0,0.0,255,0.04628068557124562
24.704065877509006,23.603248127180187,24.69262880997312,24.040715960427743,0.0,0.0,0.0,0.0,260,0.04603186468107763
24.721221478812833,23.651855664207694,24.726940012580773,24.086464230571277,0.0,0.0,0.0,0.0,256,0.04603186468107763
24.758391948304453,23.75764853891462,24.764110482072393,24.17796077085835,0.0,0.0,0.0,0.0,259,0.04603186468107763
24.809858752215927,23.711900268771085,24.75553268142048,24.17510150397438,0.0,0.0,0.0,0.0,254,0.046156275126161626
24.852747755475495,23.72905587007491,24.721221478812833,24.186538571510262,0.0,0.0,0.0,0.0,249,0.04628068557124562
24.827014353519754,23.700463201235202,24.74981414765254,24.166523703322465,0.0,0.0,0.0,0.0,249,0.04628068557124562
24.87562189054726,23.777663407102416,24.81843655286784,24.17796077085835,0.0,0.0,0.0,0.0,247,0.04640509601632961
24.978555498370216,23.769085606450503,24.872762623663288,24.26087951049351,0.0,0.0,0.0,0.0,248,0.0467783273515816
25.070052038657288,23.81769314347801,24.852747755475495,24.217990507233942,0.0,0.0,0.0,0.0,251,0.04727596913191757
25.08720763996111,23.874878481157428,24.855607022359465,24.26087951049351,0.0,0.0,0.0,0.0,248,0.04740037957700156
25.032881569165664,23.886315548693315,24.84416995482358,24.26945731114542,0.0,0.0,0.0,0.0,252,0.04715155868683357
24.932807228226682,23.906330416881108,24.835592154171668,24.32950191570881,0.0,0.0,0.0,0.0,257,0.0467783273515816
24.84416995482358,23.917767484416995,24.81843655286784,24.312346314404984,0.0,0.0,0.0,0.0,257,0.046653916906497596
24.772688282724307,23.95779722079259,24.8127180190999,24.36095385143249,0.0,0.0,0.0,0.0,257,0.04690273779666559
24.764110482072393,23.93778235260479,24.801280951564014,24.363813118316465,0.0,0.0,0.0,0.0,257,0.04690273779666559
24.789843884028134,23.95779722079259,24.861325556127408,24.403842854692055,0.0,0.0,0.0,0.0,258,0.04690273779666559
24.89849602561903,23.997826957168183,24.872762623663288,24.320924115056897,0.0,0.0,0.0,0.0,258,0.04690273779666559
24.944244295762562,24.00068622405215,24.852747755475495,24.37239091896837,0.0,0.0,0.0,0.0,259,0.04690273779666559
24.861325556127408,24.037856693543773,24.855607022359465,24.432435523531765,0.0,0.0,0.0,0.0,259,0.0467783273515816
24.746954880768566,24.02641962600789,24.809858752215927,24.423857722879852,0.0,0.0,0.0,0.0,260,0.04652950646141361
24.684051009321205,24.075027163035397,24.809858752215927,24.423857722879852,0.0,0.0,0.0,0.0,263,0.04652950646141361
24.704065877509006,24.02641962600789,24.835592154171668,24.432435523531765,0.0,0.0,0.0,0.0,218,0.046653916906497596
24.801280951564014,24.017841825355976,24.87562189054726,24.463887459255446,0.0,0.0,0.0,0.0,219,0.046653916906497596
24.932807228226682,24.05787156173157,24.944244295762562,24.47532452679133,0.0,0.0,0.0,0.0,221,0.046653916906497596
25.161548578944355,24.066449362383484,25.015725967861837,24.466746726139416,0.0,0.0,0.0,0.0,219,0.0467783273515816
25.307371190026874,24.11791616629496,25.061474238005374,24.495339394979126,0.0,0.0,0.0,0.0,224,0.04702714824174958
25.298793389374964,24.135071767598784,25.095785440613025,24.561102533310457,0.0,0.0,0.0,0.0,222,0.04727596913191757
25.20729684908789,24.197975639046145,25.070052038657288,24.561102533310457,0.0,0.0,0.0,0.0,222,0.047649200467169556
25.135815176988615,24.192257105278205,25.05289643735346,24.60113226968605,0.0,0.0,0.0,0.0,224,0.048146842247505525
25.08720763996111,24.15794590267055,25.018585234745807,24.598273002802078,0.0,0.0,0.0,0.0,224,0.048768894472925484
25.095785440613025,24.15794590267055,25.032881569165664,24.624006404757818,0.0,0.0,0.0,0.0,226,0.049390946698345456
25.13295591010465,24.217990507233942,25.095785440613025,24.675473208669292,0.0,0.0,0.0,0.0,227,0.04988858847868143
25.161548578944355,24.197975639046145,25.161548578944355,24.64973980671356,0.0,0.0,0.0,0.0,225,0.05026181981393341
25.244467318579517,24.278035111797333,25.215874649739803,24.666895408017382,0.0,0.0,0.0,0.0,228,0.0505106407041014
25.307371190026874,24.312346314404984,25.244467318579517,24.726940012580773,0.0,0.0,0.0,0.0,228,0.05075946159426939
25.298793389374964,24.403842854692055,25.224452450391716,24.704065877509006,0.0,0.0,0.0,0.0,230,0.051381513819689355
25.318808257562758,24.35523531766455,25.215874649739803,24.746954880768566,0.0,0.0,0.0,0.0,231,0.05225238693527731
25.373134328358205,24.36095385143249,25.224452450391716,24.78126608337622,0.0,0.0,0.0,0.0,232,0.05349649138611724
25.393149196546002,24.37239091896837,25.281637788071137,24.824155086635788,0.0,0.0,0.0,0.0,232,0.054865006282041176
25.484645736833073,24.423857722879852,25.335963858866585,24.809858752215927,0.0,0.0,0.0,0.0,233,0.056109110732881114
25.62760908103162,24.380968719620284,25.364556527706295,24.789843884028134,0.0,0.0,0.0,0.0,234,0.05747762562880505
25.77915022588208,24.449591124835592,25.418882598501742,24.801280951564014,0.0,0.0,0.0,0.0,235,0.05859731963456099
25.896380168124892,24.518213530050893,25.513238405672784,24.89849602561903,0.0,0.0,0.0,0.0,233,0.05934378230506495
25.933550637616513,24.526791330702807,25.50466060502087,24.907073826270942,0.0,0.0,0.0,0.0,234,0.060090244975568904
26.0136101103677,24.50963572939898,25.496082804368957,24.944244295762562,0.0,0.0,0.0,0.0,235,0.061209938981324846
26.179447589638013,24.495339394979126,25.484645736833073,24.932807228226682,0.0,0.0,0.0,0.0,235,0.06295168521250076
26.379596271515982,24.518213530050893,25.56184594270029,24.96139989706639,0.0,0.0,0.0,0.0,236,0.06519107322401264
26.49110767999085,24.612569337221935,25.61903128037971,24.998570366558013,0.0,0.0,0.0,0.0,237,0.06705722990027255
26.511122548178644,24.581117401498254,25.673357351175156,24.99571109967404,0.0,0.0,0.0,0.0,238,0.06780369257077651
26.571167152742035,24.598273002802078,25.721964888202663,25.032881569165664,0.0,0.0,0.0,0.0,235,0.06792810301586051
26.634071024189396,24.666895408017382,25.761994624578257,25.095785440613025,0.0,0.0,0.0,0.0,237,0.06792810301586051
26.6140561560016,24.715502945044886,25.770572425230167,25.095785440613025,0.0,0.0,0.0,0.0,235,0.06817692390602849
26.522559615714528,24.72979927946474,25.790587293417964,25.141533710756562,0.0,0.0,0.0,0.0,239,0.06817692390602849
26.359581403328182,24.69262880997312,25.819179962257675,25.187281980900096,0.0,0.0,0.0,0.0,238,0.06817692390602849
26.159432721450216,24.715502945044886,25.8563504317493,25.215874649739803,0.0,0.0,0.0,0.0,240,0.06830133435111248
26.022187911019614,24.72979927946474,25.896380168124892,25.253045119231427,0.0,0.0,0.0,0.0,241,0.06867456568636447
25.973580373992107,24.764110482072393,25.973580373992107,25.215874649739803,0.0,0.0,0.0,0.0,240,0.06954543880195242
26.0136101103677,24.827014353519754,25.9935952421799,25.29021558872305,0.0,0.0,0.0,0.0,229,0.07066513280770836
26.062217647395208,24.887058958083145,25.973580373992107,25.32738605821467,0.0,0.0,0.0,0.0,214,0.07166041636838032
26.13084005261051,24.852747755475495,25.944987705152396,25.364556527706295,0.0,0.0,0.0,0.0,194,0.07253128948396827
26.1022473837708,24.852747755475495,25.973580373992107,25.35597872705438,0.0,0.0,0.0,0.0,178,0.07290452081922025
26.042202779207408,24.8813404243152,26.033624978555494,25.456053067993363,0.0,0.0,0.0,0.0,158,0.07340216259955623
26.082232515583,24.932807228226682,26.070795448047118,25.43889746668954,0.0,0.0,0.0,0.0,131,0.07439744616022817
26.170869788986103,24.984274032138156,26.062217647395208,25.496082804368957,0.0,0.0,0.0,0.0,110,0.07564155061106811
26.1908846571739,24.89849602561903,26.070795448047118,25.41030479784983,0.0,0.0,0.0,0.0,26,0.07688565506190805
26.110825184422712,24.889918224967115,26.1022473837708,25.496082804368957,0.0,0.0,0.0,0.0,-36,0.077756528177496
26.022187911019614,24.978555498370216,26.042202779207408,25.513238405672784,0.0,0.0,0.0,0.0,-35,0.07825416995783198
25.916395036312686,25.061474238005374,25.98215817464402,25.590438611539998,0.0,0.0,0.0,0.0,-34,0.07850299084799996
25.80774289472179,25.061474238005374,25.884943100589005,25.61903128037971,0.1,0.1,0.0,0.0,-33,0.07850299084799996
25.664779550523246,25.050037170469487,25.750557557042374,25.579001544004118,0.2,0.2,0.0,0.0,-33,0.07850299084799996
25.496082804368957,25.007148167209927,25.590438611539998,25.570423743352205,0.2,0.30000000000000004,0.0,0.0,-33,0.07850299084799996
25.27020072053525,25.015725967861837,25.43889746668954,25.61903128037971,0.9,0.9,0.0,0.0,-12,0.07837858040291597
25.032881569165664,24.96139989706639,25.32738605821467,25.579001544004118,1.7000000000000002,1.8,0.0,0.0,1,0.07812975951274799
24.772688282724307,24.998570366558013,25.318808257562758,25.607594212843825,3.0,3.0,0.0,0.0,3,0.077756528177496
24.526791330702807,25.02430376851375,25.318808257562758,25.59901641219191,4.3,4.3,0.0,0.0,4,0.07750770728732802
24.458168925487502,25.041459369817577,25.335963858866585,25.550408875164404,5.1000000000000005,5.1000000000000005,0.0,0.0,3,0.07738329684224401
24.466746726139416,24.92994796134271,25.418882598501742,25.533253273860577,5.4,5.4,0.0,0.0,-2,0.07738329684224401
24.432435523531765,24.907073826270942,25.44747526734145,25.50466060502087,5.4,5.4,0.0,0.0,-3,0.07738329684224401
24.423857722879852,24.861325556127408,25.418882598501742,25.456053067993363,5.4,5.4,0.0,0.0,-2,0.07738329684224401
24.37239091896837,24.861325556127408,25.430319666037626,25.456053067993363,5.4,5.5,0.0,0.0,-2,0.07738329684224401
24.346657517012638,24.809858752215927,25.364556527706295,25.44747526734145,5.7,5.7,0.0,0.0,-2,0.07738329684224401
24.30948704752101,24.824155086635788,25.318808257562758,25.484645736833073,5.800000000000001,5.800000000000001,0.0,0.0,-3,0.07738329684224401
24.286612912449243,24.81843655286784,25.32738605821467,25.430319666037626,5.800000000000001,5.800000000000001,0.0,0.0,-4,0.07738329684224401
24.34093898324469,24.84416995482358,25.344541659518498,25.430319666037626,5.800000000000001,5.800000000000001,0.0,0.0,-4,0.07738329684224401
24.346657517012638,24.772688282724307,25.393149196546002,25.41030479784983,5.7,5.7,0.0,0.0,-4,0.07738329684224401
24.30376851375307,24.738377080116653,25.430319666037626,25.41030479784983,5.6000000000000005,5.6000000000000005,0.0,0.0,-4,0.07738329684224401
24.26945731114542,24.721221478812833,25.41030479784983,25.393149196546002,5.5,5.5,0.0,0.0,-5,0.07738329684224401
24.295190713101157,24.72979927946474,25.393149196546002,25.344541659518498,5.4,5.4,0.0,0.0,-5,0.07738329684224401
24.37239091896837,24.652599073597525,25.298793389374964,25.32738605821467,5.2,5.2,0.0,0.0,-6,0.07738329684224401
24.35523531766455,24.64973980671356,25.215874649739803,25.35597872705438,5.1000000000000005,5.1000000000000005,0.0,0.0,-6,0.07738329684224401
24.320924115056897,24.641162006061645,25.198719048435976,25.298793389374964,5.0,5.0,0.0,0.0,-7,0.07738329684224401
24.243723909189683,24.65831760736547,25.244467318579517,25.27020072053525,4.0,4.0,0.0,0.0,-7,0.07738329684224401
24.217990507233942,24.558243266426487,25.298793389374964,25.244467318579517,3.7,3.7,0.0,0.0,-7,0.07738329684224401
24.183679304626292,24.526791330702807,25.364556527706295,25.253045119231427,3.5,3.5,0.0,0.0,-7,0.07738329684224401
24.23800537542174,24.432435523531765,25.418882598501742,25.27020072053525,3.2,3.2,0.0,0.0,-8,0.07738329684224401
24.278035111797333,24.44101332418368,25.393149196546002,25.198719048435976,3.5,3.5,0.0,0.0,-8,0.07750770728732802
24.258020243609536,24.363813118316465,25.298793389374964,25.215874649739803,3.6,3.6,0.0,0.0,-9,0.07750770728732802
24.192257105278205,24.36095385143249,25.213015382855836,25.224452450391716,3.9000000000000004,3.9000000000000004,0.0,0.0,-9,0.07750770728732802
24.106479098759078,24.338079716360724,25.124378109452735,25.224452450391716,4.2,4.2,0.0,0.0,-9,0.07750770728732802
24.075027163035397,24.3009092468691,25.095785440613025,25.17012637959627,4.4,4.4,0.4,0.4,-10,0.077632117732412
23.986389889632296,24.217990507233942,25.107222508148908,25.198719048435976,4.7,4.7,0.8,0.8,-10,0.077632117732412
23.900611883113168,24.11791616629496,25.124378109452735,25.081489106193168,5.0,5.0,1.3,1.3,-11,0.077632117732412
23.8577228798536,24.075027163035397,25.141533710756562,25.124378109452735,5.300000000000001,5.300000000000001,1.9000000000000001,1.9000000000000001,-11,0.077632117732412
23.84628581231772,23.997826957168183,25.124378109452735,25.032881569165664,5.7,5.7,2.7,2.7,-11,0.07788093862258
23.791959741522273,23.8777377480414,25.0786298393092,25.041459369817577,6.1000000000000005,6.1000000000000005,3.5,3.4000000000000004,-12,0.07788093862258
23.720478069423,23.834848744781834,25.007148167209927,25.02430376851375,6.5,6.5,4.1000000000000005,4.1000000000000005,-12,0.07800534906766399
23.651855664207694,23.81769314347801,24.918510893806825,25.007148167209927,6.5,6.5,6.4,6.300000000000001,-13,0.07800534906766399
23.57465545834048,23.740492937610796,24.872762623663288,24.952822096414476,6.5,6.5,9.1,9.1,-13,0.07812975951274799
23.497455252473266,23.66329273174358,24.8813404243152,24.89849602561903,6.5,6.5,7.0,12.100000000000001,-13,0.07812975951274799
23.423114313490018,23.651855664207694,24.835592154171668,24.827014353519754,6.5,6.5,5.5,15.3,-14,0.07812975951274799
23.383084577114424,23.583233258992394,24.84416995482358,24.764110482072393,6.5,6.5,4.9,18.900000000000002,-14,0.07812975951274799
23.36306970892663,23.623262995367988,24.809858752215927,24.56968033396237,5.800000000000001,5.800000000000001,4.6000000000000005,22.8,-14,0.07812975951274799
23.411677245954134,23.720478069423,24.801280951564014,24.518213530050893,5.6000000000000005,5.7,4.3,24.0,-14,0.07812975951274799
23.420255046606048,23.809115342826097,24.78126608337622,24.492480128095153,5.6000000000000005,5.7,4.3,25.0,-14,0.07812975951274799
23.403099445302225,23.84628581231772,24.715502945044886,24.495339394979126,5.6000000000000005,5.7,4.3,26.200000000000003,-14,0.07812975951274799
23.3659289758106,23.826270944129924,24.71264367816092,24.39812432092411,5.6000000000000005,5.7,4.3,27.0,-14,0.07812975951274799
23.30874363813118,23.829130211013894,24.721221478812833,24.39812432092411,5.6000000000000005,5.7,4.3,28.3,-14,0.07812975951274799
23.288728769943386,23.75764853891462,24.666895408017382,24.278035111797333,5.6000000000000005,5.7,4.1000000000000005,29.200000000000003,-14,0.07812975951274799
23.21438783096014,23.743352204494766,24.675473208669292,24.26945731114542,5.6000000000000005,5.7,3.8000000000000003,29.700000000000003,-15,0.07800534906766399
23.251558300451762,23.67187053239549,24.624006404757818,24.137931034482758,7.5,7.0,3.6,22.8,-15,0.077632117732412
23.20295076342426,23.67187053239549,24.552524732658544,24.140790301366728,9.200000000000001,8.200000000000001,3.4000000000000004,20.8,-14,0.07725888639716003
23.10287642248527,23.623262995367988,24.403842854692055,24.186538571510262,9.200000000000001,9.5,3.2,25.3,-15,0.07688565506190805
23.074283753645563,23.654714931091668,24.32950191570881,24.100760564991134,11.3,9.5,3.0,23.200000000000003,-15,0.07638801328157208
22.962772345170695,23.709041001887115,24.258020243609536,24.02641962600789,11.3,10.9,2.9000000000000004,26.700000000000003,-15,0.0757659610561521
22.899868473723334,23.740492937610796,24.286612912449243,23.917767484416995,12.700000000000001,12.3,2.8000000000000003,22.400000000000002,-15,0.07501949838564814
22.816949734088176,23.67187053239549,24.30948704752101,23.949219420140675,12.700000000000001,12.3,2.6,25.700000000000003,-15,0.07427303571514418
22.68256419054154,23.60610739406416,24.338079716360724,23.946360153256702,14.600000000000001,13.8,2.5,19.700000000000003,-15,0.07352657304464022
22.525304511923142,23.594670326528274,24.3009092468691,23.95779722079259,14.600000000000001,15.0,2.4000000000000004,23.6,-15,0.07290452081922025
22.43666723852004,23.546062789500773,24.200834905930115,23.866300680505514,17.900000000000002,16.5,2.3000000000000003,18.7,-15,0.07215805814871629
22.34802996511694,23.546062789500773,24.046434494195687,23.946360153256702,17.900000000000002,16.5,2.2,22.3,-15,0.07153600592329633
22.36804483330474,23.48601818493738,23.974952822096416,23.791959741522273,17.900000000000002,16.5,2.1,25.8,-15,0.07066513280770836
22.445245039171954,23.468862583633552,24.086464230571277,23.67187053239549,17.900000000000002,16.5,2.1,26.0,-15,0.06966984924703641
22.48813404243152,23.411677245954134,24.100760564991134,23.623262995367988,17.900000000000002,17.8,2.0,25.900000000000002,-15,0.06879897613144846
22.46240064047578,23.383084577114424,23.977812088980382,23.6318407960199,17.900000000000002,17.8,1.9000000000000001,25.700000000000003,-15,0.06867456568636447
22.393778235260477,23.391662377766337,23.837708011665807,23.583233258992394,20.200000000000003,19.0,1.9000000000000001,19.5,-15,0.06867456568636447
22.202207354034424,23.345914107622804,23.72905587007491,23.740492937610796,20.200000000000003,20.0,1.8,22.400000000000002,-15,0.06867456568636447
22.076399611139703,23.260136101103676,23.6118259278321,23.720478069423,21.8,21.1,1.8,21.0,-15,0.06855015524128047
21.982043803968658,23.280150969291473,23.603248127180187,23.64327786355578,21.8,22.1,1.8,23.6,-15,0.06842574479619648
21.907702864985417,23.225824898496025,23.546062789500773,23.614685194716074,21.8,23.1,1.8,23.6,-15,0.06842574479619648
21.75902098701893,23.21438783096014,23.508892320009146,23.46028478298164,23.200000000000003,24.0,1.8,22.6,-15,0.06842574479619648
21.564590838908902,23.177217361468518,23.403099445302225,23.50603305312518,24.0,24.8,1.8,22.6,-15,0.06842574479619648
21.292960484931662,23.157202493280717,23.33447704008692,23.468862583633552,24.900000000000002,25.400000000000002,1.8,22.6,-15,0.06842574479619648
21.12998227254532,23.06570595299365,23.345914107622804,23.420255046606048,25.8,26.0,1.8,22.6,-15,0.06842574479619648
21.052782066678102,22.99994281466232,23.420255046606048,23.468862583633552,26.400000000000002,26.400000000000002,1.8,22.6,-15,0.06842574479619648
20.944129925087204,23.037113284153943,23.33447704008692,23.288728769943386,26.8,26.8,1.8,22.6,-15,0.06842574479619648
20.83833705038028,22.95419454451878,23.268713901755586,23.251558300451762,27.0,27.0,1.8,22.6,-15,0.06830133435111248
20.77829244581689,22.928461142563044,23.157202493280717,23.21438783096014,27.5,27.5,1.8,22.6,-15,0.06830133435111248
20.77829244581689,22.899868473723334,23.037113284153943,23.18579516212043,28.200000000000003,28.200000000000003,1.8,22.6,-16,0.06817692390602849
20.8068851146566,22.8541202035798,22.99994281466232,23.10287642248527,28.400000000000002,28.400000000000002,1.8,22.6,-16,0.06817692390602849
20.70967004060159,22.862698004231714,22.95419454451878,23.074283753645563,28.6,28.6,1.8,22.6,-16,0.06817692390602849
20.518099159375534,22.845542402927887,22.908446274375247,23.037113284153943,29.200000000000003,29.200000000000003,1.8,22.6,-16,0.06792810301586051
20.455195287928174,22.754045862640815,22.899868473723334,22.937038943214958,29.6,29.6,1.8,22.6,-16,0.06755487168060853
20.518099159375534,22.68256419054154,22.94561674386687,22.891290673071424,30.0,30.0,1.8,22.6,-15,0.06730605079044054
20.53525476067936,22.622519585978154,22.94561674386687,22.862698004231714,30.1,30.1,1.8,22.6,-16,0.06730605079044054
20.489506490535824,22.631097386630067,22.845542402927887,22.816949734088176,30.400000000000002,30.400000000000002,1.8,22.6,-16,0.06705722990027255
20.429461885972437,22.533882312575052,22.745468061988902,22.765482930176702,30.8,30.8,1.8,22.6,-15,0.06680840901010457
20.32366901126551,22.453822839823868,22.673986389889627,22.765482930176702,31.3,31.3,1.8,22.6,-15,0.06680840901010457
20.103505461199745,22.43666723852004,22.63967518728198,22.656830788585804,31.3,31.3,1.8,22.6,-15,0.06680840901010457
19.90335677932178,22.339452164465026,22.648252987933894,22.602504717790357,32.0,32.0,1.8,22.6,-15,0.06680840901010457
19.9605421170012,22.296563161205466,22.602504717790357,22.57677131583462,32.2,32.2,1.8,22.6,-15,0.06680840901010457
20.006290387144734,22.262251958597812,22.55103791387888,22.55103791387888,32.800000000000004,32.800000000000004,1.8,22.6,-15,0.06680840901010457
19.849030708526332,22.202207354034424,22.470978441127695,22.479556241779605,33.2,33.2,1.8,22.6,-15,0.06680840901010457
19.525933550637617,22.13358494881912,22.393778235260477,22.445245039171954,33.7,33.7,1.8,22.6,-15,0.06680840901010457
19.165665923257276,22.084977411791613,22.376622633956654,22.393778235260477,34.1,34.1,1.8,22.6,-15,0.06680840901010457
18.9369245725396,21.99062160462057,22.359467032652827,22.33087436381312,34.2,34.2,1.8,22.6,-15,0.06680840901010457
18.676731286098246,21.99062160462057,22.262251958597812,22.27940755990164,34.4,34.4,1.8,22.6,-15,0.06680840901010457
18.39366386458512,22.050666209183966,22.185051752730597,22.296563161205466,34.4,34.4,1.8,22.6,-15,0.06680840901010457
18.124892777491848,22.0077772059244,22.084977411791613,22.236518556642075,34.5,34.5,1.8,22.6,-15,0.06693281945518856
17.816091954022987,21.924858466289244,22.042088408532052,22.142162749471034,29.6,33.7,2.9000000000000004,22.6,-16,0.06705722990027255
17.67312860982444,21.881969463029677,22.059244009835876,22.116429347515297,25.700000000000003,31.400000000000002,4.7,22.6,-16,0.06767928212569252
17.76176588322754,21.784754388974665,22.093555212443526,22.06782181048779,23.200000000000003,29.5,7.2,22.6,-16,0.06842574479619648
18.15348544633156,21.67610224738377,22.116429347515297,22.0077772059244,23.200000000000003,28.700000000000003,9.9,22.6,-16,0.06917220746670044
18.65957568479442,21.58746497398067,22.024932807228225,21.973466003316748,23.200000000000003,29.8,9.9,22.6,-16,0.0699186701372044
18.965517241379306,21.467375764853887,21.718991250643334,21.86481386172585,23.200000000000003,31.0,9.9,22.6,-17,0.07091395369787636
19.108480585577855,21.37873849145079,21.48167209927374,21.85909532795791,23.200000000000003,32.300000000000004,9.9,22.6,-17,0.0720336477036323
19.188540058329043,21.404471893406527,21.364442157030936,21.86481386172585,23.200000000000003,33.5,9.9,22.6,-17,0.07215805814871629
19.231429061588607,21.37873849145079,21.26150854920798,21.76759878767084,23.200000000000003,32.0,13.0,22.6,-18,0.07228246859380028
19.197117858980956,21.275804883627835,21.252930748556068,21.68468004803568,23.200000000000003,30.700000000000003,16.400000000000002,22.6,-18,0.07228246859380028
19.27717733173214,21.052782066678102,21.370160690798876,21.627494710356263,19.8,29.8,20.1,22.6,-18,0.07240687903888426
19.511637216217757,20.846914851032192,21.45022016355006,21.53027963630125,19.8,30.900000000000002,20.1,22.6,-18,0.07290452081922025
19.849030708526332,20.68965517241379,21.370160690798876,21.498827700577568,19.8,32.0,20.1,22.6,-18,0.07365098348972421
19.90907531308972,20.53811402756333,21.052782066678102,21.4759535655058,22.3,34.800000000000004,20.1,22.1,-18,0.07414862527006018
19.65745982730028,20.41802481843655,20.786870246468805,21.48167209927374,22.3,36.2,20.1,22.1,-18,0.07427303571514418
19.480185280494076,20.346543146337275,20.86978898610396,21.458797964201974,22.3,36.4,20.1,22.1,-17,0.07427303571514418
19.505918682449817,20.223594670326527,21.09853033682164,21.338708755075196,22.3,36.300000000000004,20.1,22.1,-17,0.07427303571514418
19.651741293532336,20.152112998227253,21.19860467776062,21.26150854920798,25.5,36.2,20.1,22.1,-17,0.07439744616022817
19.84045290787442,20.08349059301195,21.158574941385027,21.221478812832387,29.0,36.1,20.1,22.1,-17,0.07464626705039616
19.857608509178245,20.020586721564587,21.03562646537428,21.144278606965173,33.2,36.0,20.1,22.1,-17,0.07489508794056414
19.731800766283524,19.98627551895694,21.027048664722365,21.13570080631326,33.2,35.800000000000004,20.1,22.1,-17,0.07501949838564814
19.620289357808655,19.883341911133986,21.03562646537428,21.112826671241493,35.4,35.7,15.200000000000001,22.1,-17,0.07564155061106811
19.525933550637617,19.889060444901926,21.027048664722365,21.052782066678102,35.300000000000004,35.5,15.200000000000001,22.1,-18,0.07688565506190805
19.440155544118486,19.977697718305027,21.012752330302508,21.027048664722365,35.2,35.300000000000004,15.200000000000001,22.1,-21,0.07837858040291597
19.44587407788643,19.99485331960885,21.03562646537428,20.981300394578827,35.0,35.2,15.200000000000001,22.1,-21,0.07999591618900788
19.422999942814663,20.049179390404298,21.027048664722365,20.89838165494367,35.0,35.1,15.200000000000001,22.1,-21,0.08211089375543579
19.422999942814663,20.014868187796647,20.967004060158974,20.89838165494367,35.0,35.0,15.200000000000001,22.1,-21,0.08422587132186367
19.36867387201921,19.99485331960885,20.86978898610396,20.846914851032192,35.0,35.0,15.200000000000001,22.1,-18,0.08658966977845954
19.254303196660373,20.000571853376794,20.769714645164978,20.824040715960425,35.0,35.0,15.200000000000001,22.1,-18,0.08895346823505543
19.094184251158,19.957682850117227,20.718247841253504,20.852633384800136,35.0,35.0,15.200000000000001,22.1,-18,0.09119285624656731
18.85400583290444,19.917653113741633,20.666781037342023,20.74112197632527,35.7,35.7,15.200000000000001,22.1,-18,0.09380547559333118
18.636701549722652,19.814719505918678,20.61531423343055,20.672499571109963,36.0,36.0,15.200000000000001,22.1,-18,0.097164557610599
18.502316006176017,19.72322296563161,20.489506490535824,20.672499571109963,36.0,36.0,15.200000000000001,22.1,-18,0.10027481873769885
18.31360439183393,19.746097100703377,20.366558014525076,20.606736432778636,36.0,36.0,15.200000000000001,22.1,-17,0.1031362589746307
18.047692571624633,19.697489563675873,20.303654143077715,20.586721564590835,35.9,35.9,15.200000000000001,22.1,-17,0.10550005743122658
17.68170641047635,19.66317836106822,20.260765139818147,20.498084291187737,35.800000000000004,35.800000000000004,15.200000000000001,22.1,-17,0.1071173932173185
17.269971979184536,19.59741522273689,20.252187339166234,20.483787956767884,35.6,35.6,15.200000000000001,22.1,-17,0.10836149766815842
17.00977869274318,19.554526219477324,20.260765139818147,20.498084291187737,35.5,35.5,15.200000000000001,22.1,-17,0.10923237078374638
16.89540801738434,19.531652084405557,20.223594670326527,20.41230628466861,35.5,35.5,15.200000000000001,22.1,-17,0.10985442300916635
16.82964487905301,19.471607479842163,20.103505461199745,20.38085434894493,35.4,35.4,15.200000000000001,22.1,-17,0.11072529612475429
16.70669640304226,19.480185280494076,19.8919197117859,20.28935780865786,35.300000000000004,35.300000000000004,15.200000000000001,22.1,-18,0.11172057968542626
16.44936238348487,19.360096071367302,19.84045290787442,20.23217247097844,35.2,35.2,15.200000000000001,22.1,-18,0.11184499013051025
16.194887630811458,19.27717733173214,19.849030708526332,20.20357980213873,29.900000000000002,35.0,15.200000000000001,22.1,-18,0.11184499013051025
16.20632469834734,19.139932521301535,19.943386515697373,20.134957396923426,26.0,34.9,15.200000000000001,22.1,-18,0.1124670423559302
16.47509578544061,18.979813575799163,19.869045576714125,20.069194258592095,24.900000000000002,34.7,15.200000000000001,22.1,-19,0.11408437814202213
16.86681534854463,18.805398295876934,19.646022759764396,20.02630525533253,24.900000000000002,34.4,15.200000000000001,22.1,-19,0.11607494526336602
17.16703837136158,18.599531080231024,19.531652084405557,19.90907531308972,24.900000000000002,34.2,15.200000000000001,22.1,-19,0.11731904971420597
17.28140904672042,18.413678732772915,19.365814605135242,19.92909018127752,24.900000000000002,34.0,15.200000000000001,22.1,-19,0.11794110193962593
17.12986790186996,18.139189111911705,19.27717733173214,19.869045576714125,24.900000000000002,33.7,15.200000000000001,22.1,-19,0.1184387437199619
16.921141419340078,17.94189969691771,19.282895865500084,19.831875107222505,21.3,33.4,15.200000000000001,22.1,-19,0.11968284817080184
16.93257848687596,17.538743066277807,19.33436266941156,19.76039343512323,20.0,31.700000000000003,18.1,22.1,-19,0.12154900484706174
17.16131983759364,17.19277177331732,19.374392405787155,19.671756161720133,20.0,30.900000000000002,19.5,22.1,-19,0.12366398241348964
17.21850517527306,16.815348544633157,19.094184251158,19.637444959112482,20.0,30.8,14.600000000000001,16.5,-19,0.1261521913151695
17.052667696002743,16.492251386744435,18.87402070109224,19.654600560416306,20.0,30.6,11.100000000000001,12.5,-20,0.1285159897717654
17.04123062846686,16.280665637330586,19.014124778406813,19.697489563675873,17.1,30.3,8.3,9.4,-19,0.12963568377752133
17.361468519471604,16.340710241893976,19.288614399268027,19.74895636758735,15.200000000000001,30.0,6.5,7.4,-18,0.12976009422260532
17.721736146851946,16.675244467318578,19.228569794704637,19.711785898095727,15.200000000000001,29.6,5.1000000000000005,5.9,-17,0.13000891511277332
17.83038828844284,17.229942242808942,19.0055469777549,19.697489563675873,16.2,29.200000000000003,5.1000000000000005,5.9,-18,0.1302577360029413
17.77034368387945,17.687424944244295,18.88259850174415,19.59741522273689,19.3,28.8,5.1000000000000005,5.9,-20,0.1301333255578573
17.627380339680904,17.93618116314977,18.954080173843426,19.537370618173497,18.400000000000002,27.200000000000003,7.5,8.6,-21,0.1301333255578573
17.45868359352662,18.076285240464344,19.139932521301535,19.380110939555095,18.0,25.700000000000003,9.600000000000001,11.600000000000001,-21,0.1302577360029413
17.31572024932807,18.061988906044487,19.245725396008464,19.157088122605362,22.200000000000003,25.700000000000003,9.600000000000001,11.600000000000001,-22,0.1303821464480253
17.115571567450104,17.899010693658145,19.23714759535655,19.14851032195345,26.700000000000003,25.700000000000003,9.600000000000001,11.600000000000001,-23,0.1303821464480253
16.852519014124777,17.638817407216788,19.0055469777549,19.11133985246183,29.900000000000002,25.700000000000003,9.600000000000001,11.600000000000001,-23,0.1303821464480253
16.537999656887973,17.452965059758675,18.891176302396065,19.197117858980956,29.900000000000002,25.700000000000003,9.600000000000001,11.600000000000001,-23,0.1303821464480253
16.229198833419108,17.204208840853205,18.8282724309487,19.219991994052723,28.3,24.400000000000002,11.9,11.600000000000001,-23,0.13050655689310928
16.01475381712129,17.00977869274318,18.954080173843426,19.17996225767713,27.0,24.0,11.9,11.600000000000001,-22,0.13050655689310928
15.994738948933492,16.79819294332933,18.991250643335047,19.12563618688168,25.700000000000003,23.700000000000003,8.700000000000001,13.8,-21,0.13087978822836127
15.917538743066277,16.73814833876594,18.891176302396065,18.928346771887686,24.6,23.400000000000002,6.7,15.9,-21,0.13175066134394922
15.663063990392862,16.689540801738435,18.705323954937953,18.896894836164005,23.700000000000003,23.1,5.300000000000001,17.8,-20,0.13299476579478914
15.277062961056783,16.883970949848457,18.570938411391317,18.762509292617374,23.200000000000003,22.700000000000003,4.800000000000001,17.8,-19,0.13386563891037712
15.028306742151312,17.1355864356379,18.539486475667637,18.72247955624178,22.700000000000003,22.400000000000002,4.800000000000001,17.8,-20,0.13473651202596507
15.082632812946759,17.538743066277807,18.773946360153253,18.636701549722652,18.900000000000002,21.900000000000002,4.800000000000001,17.8,-18,0.13548297469646903
15.348544633156058,17.638817407216788,18.813976096528847,18.576656945159257,16.0,21.400000000000002,4.800000000000001,17.8,-19,0.13710031048256094
15.502945044890488,17.67312860982444,18.568079144507344,18.556642076971464,16.0,20.900000000000002,4.800000000000001,17.8,-18,0.13958851938424083
15.600160118945501,17.593069137073254,18.2478412535026,18.465145536684393,16.0,19.3,7.2,17.8,-18,0.14220113873100468
15.442900440327097,17.573054268885457,18.019099902784927,18.51947160747984,16.0,19.400000000000002,9.9,17.8,-19,0.1439428849621806
15.074055012294846,17.507291130554126,18.024818436552867,18.48230113798822,13.600000000000001,18.6,13.100000000000001,17.8,-19,0.14493816852285255
14.773831989477896,17.341453651283807,18.190655915823182,18.413678732772915,11.600000000000001,18.400000000000002,16.400000000000002,17.8,-20,0.14531139985810454
14.648024246583175,17.109853033682164,18.21067078401098,18.299308057414077,11.200000000000001,18.400000000000002,16.400000000000002,17.8,-20,0.1458090416384405
14.81100245896952,16.92685995310802,18.147766912563615,18.27643392234231,11.200000000000001,16.900000000000002,16.400000000000002,17.8,-20,0.14655550430894446
15.011151140847485,16.792474409561386,18.10487790930405,18.196374449591122,11.200000000000001,16.900000000000002,16.400000000000002,17.8,-20,0.14717755653436443
15.219877623377366,16.70097786927432,17.990507233945216,18.18207811517127,11.200000000000001,15.3,16.400000000000002,17.8,-20,0.14730196697944842
15.442900440327097,16.615199862755187,17.99908503459713,18.15348544633156,11.200000000000001,15.3,19.700000000000003,21.1,-20,0.14730196697944842
15.625893520901238,16.455080917252815,17.956196031337566,17.99908503459713,11.200000000000001,13.9,19.700000000000003,21.1,-20,0.14730196697944842
15.657345456624919,16.263510036026762,17.878995825470348,17.927603362497855,11.200000000000001,13.9,19.700000000000003,21.1,-20,0.1474263774245324
15.694515926116543,16.037627952193056,17.8932921598902,17.8246697546749,11.200000000000001,12.9,19.400000000000002,20.5,-20,0.14730196697944842
15.826042202779206,15.877509006690683,17.984788700177273,17.88757362612226,11.200000000000001,12.9,19.200000000000003,20.0,-20,0.14717755653436443
15.977583347629666,15.645908389089035,18.053411105392577,17.927603362497855,11.200000000000001,11.600000000000001,19.0,19.6,-21,0.14717755653436443
15.93183507748613,15.437181906559157,17.85898095728255,17.976210899525363,11.200000000000001,11.600000000000001,18.8,19.200000000000003,-22,0.14717755653436443
15.683078858580659,15.168410819465889,17.727454680619886,17.927603362497855,11.200000000000001,10.5,18.6,18.900000000000002,-22,0.14705314608928044
15.534396980614169,14.853891462229084,17.804654886487103,17.8932921598902,9.9,10.5,18.400000000000002,18.7,-21,0.14705314608928044
15.577285983873734,14.433579230285355,17.97049236575742,17.816091954022987,9.1,9.1,13.8,13.9,-21,0.14705314608928044
15.611597186481385,14.104763538628694,17.976210899525363,17.83038828844284,8.5,8.4,10.5,10.4,-21,0.14717755653436443
15.600160118945501,13.904614856750728,17.961914565105506,17.90758849431006,7.7,7.7,8.0,7.9,-22,0.14717755653436443
15.588723051409618,13.815977583347628,17.85898095728255,17.976210899525363,7.2,7.2,6.2,6.2,-22,0.14717755653436443
15.634471321553152,13.916051924286611,17.776062217647393,18.019099902784927,6.5,6.5,5.6000000000000005,5.5,-22,0.14717755653436443
15.683078858580659,14.196260078915763,17.721736146851946,17.927603362497855,6.1000000000000005,6.1000000000000005,5.1000000000000005,5.0,-21,0.14730196697944842
15.720249328072281,14.553668439412133,17.77034368387945,17.873277291702404,5.800000000000001,5.9,5.1000000000000005,5.0,-21,0.1474263774245324
15.737404929376106,15.039743809687195,17.781780751415337,17.816091954022987,5.6000000000000005,5.6000000000000005,5.1000000000000005,5.0,-21,0.1476751983147004
15.725967861840223,15.457196774746954,17.77034368387945,17.781780751415337,5.300000000000001,5.4,7.800000000000001,7.7,-20,0.1479240192048684
15.774575398867729,15.851775604734943,17.68170641047635,17.7360324812718,5.0,5.1000000000000005,10.600000000000001,10.5,-20,0.14842166098520435
15.811745868359353,15.943272145022014,17.638817407216788,17.58735060330531,4.800000000000001,4.800000000000001,10.600000000000001,10.5,-20,0.14867048187537235
15.883227540458625,15.966146280093783,17.61880253902899,17.478698461714416,4.6000000000000005,4.6000000000000005,10.600000000000001,10.5,-19,0.14867048187537235
15.974724080745696,15.83462000343112,17.573054268885457,17.43866872533882,4.4,4.4,10.600000000000001,10.5,-19,0.14867048187537235
15.994738948933492,15.811745868359353,17.55303940069766,17.452965059758675,4.2,4.2,10.600000000000001,10.5,-19,0.14891930276554033
15.937553611254073,15.763138331331845,17.533024532509863,17.45868359352662,4.0,4.0,10.600000000000001,10.5,-19,0.14904371321062435
15.857494138502886,15.74884199691199,17.45868359352662,17.478698461714416,3.8000000000000003,3.9000000000000004,10.600000000000001,10.5,1,0.14904371321062435
15.806027334591409,15.6887973923486,17.401498255847198,17.42723165780294,3.7,3.7,13.700000000000001,13.700000000000001,0,0.14904371321062435
15.811745868359353,15.557271115685937,17.3814833876594,17.295705381140273,3.5,3.5,10.3,16.7,2,0.1494169445458763
15.786012466403612,15.405729970835477,17.34717218505175,17.1355864356379,3.4000000000000004,3.4000000000000004,7.9,16.7,11,0.1496657654360443
15.743123463144048,15.314233430548406,17.372905587007487,17.046949162234803,3.3000000000000003,3.3000000000000003,6.1000000000000005,16.7,18,0.14979017588112828
15.725967861840223,15.41716703837136,17.327157316863953,16.92685995310802,3.2,3.2,5.9,16.7,38,0.14979017588112828
15.711671527420368,15.482930176702691,17.335735117515867,17.046949162234803,3.0,3.0,5.9,16.7,56,0.14979017588112828
15.71453079430434,15.545834048150054,17.335735117515867,16.969748956367585,2.9000000000000004,2.9000000000000004,5.9,16.7,92,0.14979017588112828
15.763138331331845,15.614456453365355,17.269971979184536,17.01549722651112,2.8000000000000003,2.8000000000000003,5.9,16.6,122,0.14979017588112828
15.786012466403612,15.654486189740949,17.224223709041002,16.9583118888317,2.7,2.7,5.9,16.6,132,0.14979017588112828
15.857494138502886,15.671641791044776,17.19849030708526,17.021215760279063,2.6,2.7,5.9,16.5,134,0.14979017588112828
15.86321267227083,15.711671527420368,17.172756905129525,16.989763824555382,2.6,2.6,5.9,16.400000000000002,138,0.14979017588112828
15.83462000343112,15.677360324812716,17.155601303825698,17.021215760279063,2.5,2.5,5.9,16.3,140,0.14979017588112828
15.83462000343112,15.694515926116543,17.078401097958483,16.94687482129582,2.4000000000000004,2.4000000000000004,5.9,16.3,141,0.14979017588112828
15.74884199691199,15.677360324812716,17.07268256419054,16.941156287527875,2.3000000000000003,2.3000000000000003,5.9,16.2,142,0.1496657654360443
15.677360324812716,15.74884199691199,17.07268256419054,16.846800480356833,2.3000000000000003,2.3000000000000003,5.9,16.1,144,0.1496657654360443
15.631612054669182,15.671641791044776,17.064104763538626,16.89540801738434,2.2,2.2,5.9,16.1,145,0.1496657654360443
15.577285983873734,15.631612054669182,17.046949162234803,16.841081946588893,2.2,2.2,5.9,16.0,148,0.1496657654360443
15.57156745010579,15.525819179962257,17.026934294047006,16.872533882312574,2.1,2.1,5.9,15.9,150,0.1496657654360443
15.54011551438211,15.522959913078285,17.046949162234803,16.76102247383771,2.1,2.1,5.300000000000001,15.700000000000001,151,0.1496657654360443
15.482930176702691,15.494367244238575,16.989763824555382,16.76102247383771,2.0,2.0,5.300000000000001,15.600000000000001,150,0.1496657654360443
15.45147824097901,15.531537713730199,16.9783267570195,16.71813347057814,2.0,2.0,5.300000000000001,15.4,150,0.1495413549909603
15.457196774746954,15.47435237605078,16.9783267570195,16.76102247383771,1.9000000000000001,1.9000000000000001,5.300000000000001,15.3,150,0.1495413549909603
15.477211642934751,15.41716703837136,16.941156287527875,16.70669640304226,1.9000000000000001,1.9000000000000001,5.300000000000001,15.200000000000001,146,0.1495413549909603
15.47435237605078,15.394292903299593,16.941156287527875,16.778178075141533,1.9000000000000001,1.9000000000000001,5.300000000000001,15.0,146,0.1495413549909603
15.42002630525533,15.359981700691941,16.903985818036254,16.675244467318578,1.8,1.8,4.800000000000001,14.9,147,0.1495413549909603
15.374278035111796,15.431463372791214,16.86681534854463,16.663807399782694,1.8,1.8,4.5,14.8,146,0.1495413549909603
15.337107565620174,15.44861897409504,16.852519014124777,16.575170126379593,1.8,1.8,4.5,14.700000000000001,145,0.1495413549909603
15.354263166924,15.525819179962257,16.786755875793446,16.53228112312003,1.7000000000000002,1.7000000000000002,4.5,14.600000000000001,145,0.1494169445458763
15.394292903299593,15.47435237605078,16.76674100760565,16.492251386744435,1.7000000000000002,1.7000000000000002,4.5,14.4,144,0.14929253410079232
15.402870703951507,15.531537713730199,16.7124149368102,16.50368845428032,1.7000000000000002,1.7000000000000002,4.5,14.200000000000001,139,0.14879489232045634
15.42002630525533,15.47435237605078,16.70669640304226,16.437925315948988,1.7000000000000002,1.7000000000000002,4.5,14.100000000000001,125,0.1479240192048684
15.442900440327097,15.502945044890488,16.663807399782694,16.455080917252815,1.6,1.7000000000000002,4.5,13.9,118,0.14667991475402847
15.460056041630924,15.41716703837136,16.689540801738435,16.426488248413104,1.6,1.6,4.5,13.700000000000001,102,0.14518698941302052
15.468633842282838,15.457196774746954,16.70669640304226,16.46079945102076,1.6,1.6,4.5,13.4,80,0.14332083273676063
15.44861897409504,15.431463372791214,16.7124149368102,16.37502144450163,1.6,1.6,4.5,13.100000000000001,74,0.14108144472524875
15.457196774746954,15.38285583576371,16.7124149368102,16.40933264710928,1.6,1.6,4.5,12.8,60,0.13909087760390484
15.45147824097901,15.38571510264768,16.7124149368102,16.357865843197803,1.5,1.6,4.5,12.5,40,0.13734913137272894
15.431463372791214,15.348544633156058,16.70669640304226,16.40933264710928,1.5,1.6,4.5,12.200000000000001,29,0.13635384781205698
15.400011437067533,15.342826099388116,16.7124149368102,16.41505118087722,1.5,1.6,4.5,12.100000000000001,8,0.13560738514155302
15.362840967575913,15.32852976496826,16.675244467318578,16.426488248413104,1.5,1.5,4.5,12.0,-1,0.13548297469646903
15.29993709612855,15.29993709612855,16.62091839652313,16.37502144450163,1.5,1.5,4.5,11.9,-5,0.13548297469646903
15.214159089609423,15.194144221421626,16.59232572768342,16.38073997826957,1.5,1.5,4.5,11.8,-6,0.13548297469646903
15.154114485046032,15.134099616858236,16.543718190655913,16.274947103562646,1.5,1.5,4.5,12.0,-4,0.13548297469646903
15.108366214902498,15.042603076571165,16.49796992051238,16.309258306170296,1.4000000000000001,1.5,4.5,12.200000000000001,2,0.13548297469646903
15.0883513467147,15.048321610339109,16.492251386744435,16.246354434722935,1.4000000000000001,1.5,4.5,12.200000000000001,0,0.13560738514155302
15.059758677874992,14.976839938239834,16.397895579573397,16.274947103562646,1.4000000000000001,1.5,4.5,12.3,0,0.136105026921889
15.074055012294846,15.011151140847485,16.386458512037514,16.166294961971747,1.4000000000000001,1.5,4.5,12.600000000000001,1,0.13660266870222496
15.228455424029276,14.931091668096299,16.386458512037514,16.14056156001601,1.4000000000000001,1.5,4.5,12.8,7,0.13710031048256094
15.431463372791214,14.916795333676443,16.38073997826957,16.100531823640416,1.4000000000000001,1.5,4.5,13.0,7,0.13734913137272894
15.577285983873734,14.97112140447189,16.34642877566192,16.106250357408356,1.4000000000000001,1.5,4.3,13.100000000000001,6,0.13734913137272894
15.600160118945501,14.991136272659688,16.25207296849088,16.037627952193056,1.4000000000000001,1.5,4.0,13.4,8,0.13722472092764496
15.594441585177558,15.128381083090295,16.160576428203807,16.054783553496883,1.4000000000000001,1.5,4.0,13.8,16,0.13722472092764496
15.551552581917994,15.148395951278092,16.106250357408356,15.980442614513636,1.4000000000000001,1.5,4.0,14.200000000000001,16,0.13647825825714097
15.522959913078285,15.188425687653686,16.134843026248067,16.01189455023732,1.4000000000000001,1.5,4.0,14.5,17,0.13560738514155302
15.50866357865843,15.148395951278092,16.17201349573969,15.926116543718189,1.4000000000000001,1.4000000000000001,4.0,14.700000000000001,19,0.13473651202596507
15.488648710470635,15.242751758449133,16.20632469834734,15.917538743066277,1.4000000000000001,1.4000000000000001,4.0,15.0,20,0.13423887024562908
15.442900440327097,15.174129353233829,16.189169097043518,15.8660719391548,1.4000000000000001,1.4000000000000001,4.0,15.3,22,0.1339900493554611
15.397152170183563,15.217018356493393,16.07765768856865,15.911820209298334,1.4000000000000001,1.4000000000000001,4.0,15.5,24,0.1339900493554611
15.348544633156058,15.134099616858236,15.994738948933492,15.877509006690683,1.4000000000000001,1.4000000000000001,4.0,15.700000000000001,26,0.13386563891037712
15.302796363012522,15.154114485046032,16.000457482701435,15.883227540458625,1.4000000000000001,1.4000000000000001,4.0,15.700000000000001,27,0.13374122846529313
15.308514896780464,15.096929147366614,16.031909418425116,15.828901469663176,1.4000000000000001,1.4000000000000001,4.0,16.1,27,0.13374122846529313
15.308514896780464,15.074055012294846,16.043346485961,15.823182935895236,1.4000000000000001,1.4000000000000001,4.0,16.2,29,0.13374122846529313
15.302796363012522,15.025447475267342,16.134843026248067,15.768856865099787,1.4000000000000001,1.4000000000000001,4.0,16.2,28,0.13374122846529313
15.26848516040487,14.991136272659688,16.14056156001601,15.797449533939496,1.4000000000000001,1.4000000000000001,4.0,16.2,29,0.13374122846529313
15.254188825985016,15.011151140847485,16.07765768856865,15.78029393263567,1.4000000000000001,1.4000000000000001,4.0,16.2,31,0.13374122846529313
15.219877623377366,14.945388002516154,16.01475381712129,15.791731000171556,1.4000000000000001,1.4000000000000001,4.0,16.2,32,0.13374122846529313
15.217018356493393,14.959684336936007,16.037627952193056,15.797449533939496,1.4000000000000001,1.4000000000000001,4.0,16.400000000000002,35,0.13374122846529313
15.228455424029276,14.862469262880996,16.037627952193056,15.743123463144048,1.4000000000000001,1.4000000000000001,4.0,16.400000000000002,38,0.13374122846529313
15.202722022073539,14.893921198604676,16.089094756104533,15.777434665751699,1.4000000000000001,1.4000000000000001,4.0,16.400000000000002,40,0.13374122846529313
15.197003488305596,14.868187796648938,16.08337622233659,15.71453079430434,1.3,1.4000000000000001,4.0,16.2,44,0.13361681802020914
15.199862755189569,14.899639732372618,16.07765768856865,15.786012466403612,1.3,1.4000000000000001,4.0,15.8,46,0.13374122846529313
15.254188825985016,14.836735860925257,16.01475381712129,15.71453079430434,1.3,1.4000000000000001,4.0,15.4,49,0.13374122846529313
15.29421856236061,14.879624864184821,15.977583347629666,15.754560530679932,1.3,1.4000000000000001,4.0,14.9,52,0.13374122846529313
15.322811231200319,14.839595127809227,15.96042774632584,15.671641791044776,1.3,1.4000000000000001,4.0,14.3,55,0.13374122846529313
15.354263166924,14.779550523245838,15.96042774632584,15.768856865099787,1.3,1.4000000000000001,4.0,13.8,59,0.13374122846529313
15.371418768227825,14.822439526505404,15.96042774632584,15.725967861840223,1.3,1.4000000000000001,3.8000000000000003,13.200000000000001,61,0.001721959797598352
15.371418768227825,14.8424543946932,15.96042774632584,15.791731000171556,1.3,1.4000000000000001,3.6,12.600000000000001,64,0.1319759187730737
15.371418768227825,14.893921198604676,15.9547092125579,15.78029393263567,1.3,1.4000000000000001,2.7,8.9,67,0.12988496759027568
15.35712243380797,14.893921198604676,15.951849945673928,15.8660719391548,1.3,1.4000000000000001,2.2,6.2,67,0.12594905948147944
15.354263166924,14.899639732372618,15.9547092125579,15.786012466403612,1.3,1.3,1.9000000000000001,4.5,67,0.12435009681228099
15.394292903299593,14.896780465488648,15.93183507748613,15.754560530679932,1.2000000000000002,1.3,1.8,3.7,60,0.12299712839988228
15.482930176702691,14.96540287070395,15.93183507748613,15.725967861840223,1.2000000000000002,1.3,1.6,2.9000000000000004,53,0.1215211628590837
15.557271115685937,14.951106536284096,15.917538743066277,15.694515926116543,1.2000000000000002,1.2000000000000002,1.4000000000000001,2.4000000000000004,44,0.12041418870348475
15.551552581917994,14.913936066792473,15.917538743066277,15.74884199691199,1.2000000000000002,1.2000000000000002,1.3,1.9000000000000001,37,0.11844623464908664
15.531537713730199,14.93681020186424,15.823182935895236,15.74884199691199,1.2000000000000002,1.2000000000000002,1.2000000000000002,1.7000000000000002,31,0.115986292081089
15.522959913078285,14.913936066792473,15.78029393263567,15.786012466403612,1.1,1.1,1.1,1.5,28,0.11389534089829101
15.525819179962257,14.959684336936007,15.78029393263567,15.768856865099787,1.1,1.1,1.1,1.4000000000000001,25,0.11217338110069264
15.442900440327097,14.87390633041688,15.797449533939496,15.786012466403612,1.1,1.1,1.0,1.3,24,0.11057441843149417
15.348544633156058,14.913936066792473,15.791731000171556,15.725967861840223,1.0,1.0,0.9,1.3,22,0.10909845289069559
15.26276662663693,14.90535826614056,15.786012466403612,15.786012466403612,1.0,1.0,0.9,1.2000000000000002,17,0.10786848160669675
15.182707153885742,14.951106536284096,15.763138331331845,15.754560530679932,1.0,1.0,0.8,1.2000000000000002,17,0.10688450457949769
15.108366214902498,14.97112140447189,15.731686395608165,15.763138331331845,0.9,0.9,0.8,1.1,15,0.10602352468069853
15.054040144107049,14.931091668096299,15.720249328072281,15.663063990392862,0.9,0.9,0.8,1.0,12,0.10540853903869911
15.016869674615428,14.919654600560415,15.754560530679932,15.700234459884484,0.9,0.9,0.7000000000000001,1.0,11,0.10503954765349947
14.99399553954366,14.853891462229084,15.754560530679932,15.705952993652426,0.9,0.8,0.7000000000000001,0.9,8,0.1049165505250996
14.982558472007774,14.908217533024532,15.737404929376106,15.71453079430434,0.8,0.8,0.7000000000000001,0.9,7,0.1049165505250996
14.96540287070395,14.868187796648938,15.677360324812716,15.671641791044776,0.8,0.8,0.6000000000000001,0.9,4,0.1049165505250996
14.945388002516154,14.916795333676443,15.640189855321095,15.697375193000513,0.8,0.8,0.6000000000000001,0.8,4,0.1049165505250996
14.942528735632182,14.8424543946932,15.611597186481385,15.683078858580659,0.8,0.7000000000000001,0.6000000000000001,0.8,4,0.10503954765349947
14.925373134328357,14.922513867444385,15.608737919597415,15.694515926116543,0.7000000000000001,0.7000000000000001,0.5,0.7000000000000001,4,0.10503954765349947
14.908217533024532,14.90535826614056,15.614456453365355,15.640189855321095,0.7000000000000001,0.7000000000000001,0.5,0.7000000000000001,3,0.10516254478189935
14.893921198604676,14.896780465488648,15.634471321553152,15.645908389089035,0.7000000000000001,0.7000000000000001,0.5,0.7000000000000001,3,0.10528554191029924
14.868187796648938,14.925373134328357,15.657345456624919,15.634471321553152,0.7000000000000001,0.7000000000000001,0.5,0.6000000000000001,2,0.10528554191029924
14.862469262880996,14.853891462229084,15.663063990392862,15.645908389089035,0.6000000000000001,0.6000000000000001,0.4,0.6000000000000001,2,0.10528554191029924
14.85103219534511,14.888202664836735,15.671641791044776,15.657345456624919,0.6000000000000001,0.6000000000000001,0.4,0.6000000000000001,2,0.10528554191029924
14.84817292846114,14.84531366157717,15.663063990392862,15.625893520901238,0.6000000000000001,0.6000000000000001,0.4,0.5,1,0.10528554191029924
14.8424543946932,14.888202664836735,15.640189855321095,15.620174987133298,0.6000000000000001,0.6000000000000001,0.4,0.5,1,0.10528554191029924
14.822439526505404,14.81672099273746,15.600160118945501,15.625893520901238,0.6000000000000001,0.6000000000000001,0.4,0.5,1,0.10528554191029924
14.773831989477896,14.84531366157717,15.562989649453877,15.600160118945501,0.6000000000000001,0.5,0.30000000000000004,0.5,0,0.10528554191029924
14.759535655058043,14.790987590781723,15.531537713730199,15.551552581917994,0.5,0.5,0.30000000000000004,0.4,0,0.10528554191029924
14.742380053754216,14.78240979012981,15.520100646194315,15.608737919597415,0.5,0.5,0.30000000000000004,0.4,0,0.10528554191029924
14.748098587522158,14.710928118030536,15.542974781266082,15.542974781266082,0.5,0.5,0.30000000000000004,0.4,-1,0.10528554191029924
14.745239320638186,14.779550523245838,15.525819179962257,15.57156745010579,0.5,0.5,0.30000000000000004,0.4,-1,0.10528554191029924
14.759535655058043,14.759535655058043,15.54011551438211,15.502945044890488,0.5,0.5,0.30000000000000004,0.4,-2,0.10528554191029924
14.759535655058043,14.733802253102303,15.531537713730199,15.54011551438211,0.5,0.5,0.30000000000000004,0.30000000000000004,-2,0.10528554191029924
14.742380053754216,14.765254188825983,15.50866357865843,15.500085778006518,0.4,0.4,0.2,0.30000000000000004,-2,0.10528554191029924
14.7538171212901,14.733802253102303,15.50866357865843,15.54011551438211,0.4,0.4,0.2,0.30000000000000004,-2,0.10528554191029924
14.745239320638186,14.748098587522158,15.54011551438211,15.47435237605078,0.4,0.4,0.2,0.30000000000000004,-2,0.10516254478189935
14.748098587522158,14.759535655058043,15.54011551438211,15.45147824097901,0.4,0.4,0.2,0.30000000000000004,-2,0.10503954765349947
14.768113455709955,14.796706124549663,15.542974781266082,15.47435237605078,0.4,0.4,0.2,0.30000000000000004,-3,0.1049165505250996
14.72808371933436,14.7538171212901,15.54011551438211,15.457196774746954,0.4,0.4,0.2,0.30000000000000004,-3,0.1047935533966997
14.670898381654943,14.716646651798477,15.462915308514894,15.462915308514894,0.4,0.4,0.2,0.2,-3,0.10454755913989994
14.670898381654943,14.690913249842739,15.44575970721107,15.494367244238575,0.4,0.4,0.2,0.2,-4,0.10430156488310019
14.679476182306855,14.676616915422883,15.405729970835477,15.47435237605078,0.30000000000000004,0.30000000000000004,0.2,0.2,-4,0.10393257349790051
14.679476182306855,14.702350317378622,15.425744839023274,15.45147824097901,0.30000000000000004,0.30000000000000004,0.1,0.2,-4,0.10368657924110077
14.679476182306855,14.688053982958769,15.437181906559157,15.45147824097901,0.30000000000000004,0.30000000000000004,0.1,0.2,-5,0.10356358211270088
14.665179847887,14.702350317378622,15.44575970721107,15.425744839023274,0.30000000000000004,0.30000000000000004,0.1,0.2,-5,0.10331758785590112
14.656602047235086,14.642305712815233,15.42002630525533,15.457196774746954,0.30000000000000004,0.30000000000000004,0.1,0.2,-5,0.10319459072750124
14.65946131411906,14.613713043975523,15.42002630525533,15.425744839023274,0.30000000000000004,0.30000000000000004,0.1,0.2,-5,0.10294859647070148
14.665179847887,14.62800937839538,15.44575970721107,15.44575970721107,0.30000000000000004,0.30000000000000004,0.1,0.2,-6,0.10294859647070148
14.665179847887,14.63372791216332,15.442900440327097,15.38571510264768,0.30000000000000004,0.30000000000000004,0.1,0.1,-6,0.1028255993423016
14.648024246583175,14.676616915422883,15.431463372791214,15.38571510264768,0.30000000000000004,0.30000000000000004,0.1,0.1,-7,0.10270260221390169
14.653742780351116,14.62800937839538,15.425744839023274,15.337107565620174,0.30000000000000004,0.30000000000000004,0.1,0.1,-7,0.10270260221390169
14.613713043975523,14.648024246583175,15.411448504603417,15.371418768227825,0.2,0.2,0.1,0.1,-7,0.10270260221390169
14.596557442671699,14.573683307599929,15.405729970835477,15.345685366272086,0.2,0.2,0.1,0.1,-7,0.10270260221390169
14.610853777091553,14.605135243323609,15.397152170183563,15.342826099388116,0.2,0.2,0.1,0.1,-8,0.10270260221390169
14.596557442671699,14.536512838108308,15.391433636415622,15.322811231200319,0.2,0.2,0.1,0.1,-8,0.10270260221390169
14.573683307599929,14.536512838108308,15.334248298736203,15.377137301995766,0.2,0.2,0.1,0.1,-8,0.10270260221390169
14.573683307599929,14.519357236804481,15.322811231200319,15.322811231200319,0.2,0.2,0.1,0.1,-8,0.10270260221390169
14.573683307599929,14.62800937839538,15.282781494824725,15.302796363012522,0.2,0.2,0.1,0.1,-8,0.10257960508550182
14.590838908903756,14.605135243323609,15.288500028592667,15.302796363012522,0.2,0.2,0.1,0.1,-9,0.10257960508550182
14.610853777091553,14.525075770572425,15.308514896780464,15.282781494824725,0.2,0.2,0.1,0.1,-9,0.10245660795710194
14.596557442671699,14.573683307599929,15.322811231200319,15.288500028592667,0.2,0.2,0.1,0.1,-10,0.10221061370030218
14.553668439412133,14.553668439412133,15.322811231200319,15.219877623377366,0.2,0.2,0.0,0.1,-10,0.10221061370030218
14.505060902384628,14.579401841367872,15.308514896780464,15.242751758449133,0.2,0.2,0.0,0.1,-11,0.10221061370030218
14.48504603419683,14.553668439412133,15.277062961056783,15.208440555841479,0.2,0.2,0.0,0.1,-11,0.1020876165719023
14.487905301080803,14.547949905644192,15.219877623377366,15.23703322468119,0.2,0.2,0.0,0.1,-11,0.10196461944350242
14.482186767312859,14.522216503688453,15.197003488305596,15.228455424029276,0.2,0.2,0.0,0.1,-11,0.10184162231510253
14.462171899125062,14.536512838108308,15.194144221421626,15.199862755189569,0.2,0.2,0.0,0.1,-12,0.10159562805830277
14.45359409847315,14.536512838108308,15.174129353233829,15.148395951278092,0.1,0.1,0.0,0.0,-12,0.101349633801503
14.450734831589179,14.496483101732714,15.162692285697945,15.154114485046032,0.1,0.1,0.0,0.0,-12,0.10122663667310312
14.416423628981528,14.505060902384628,15.139818150626178,15.156973751930003,0.1,0.1,0.0,0.0,-12,0.10110363954470324
14.402127294561675,14.445016297821239,15.136958883742206,15.168410819465889,0.1,0.1,0.0,0.0,-12,0.10073464815950359
14.413564362097558,14.499342368616686,15.11408474867044,15.188425687653686,0.1,0.1,0.0,0.0,-13,0.10048865390270383
14.427860696517412,14.450734831589179,15.094069880482643,15.136958883742206,0.1,0.1,0.0,0.0,-13,0.10011966251750419
14.433579230285355,14.456453365357122,15.116944015554411,15.154114485046032,0.1,0.1,0.0,0.0,-14,0.0998736682607044
14.410705095213585,14.487905301080803,15.11408474867044,15.074055012294846,0.1,0.1,0.0,0.0,-14,0.09950467687550477
14.399268027677701,14.445016297821239,15.11408474867044,15.068336478526906,0.1,0.1,0.0,0.0,-14,0.09901268836190524
14.36781609195402,14.450734831589179,15.11408474867044,15.079773546062789,0.1,0.1,0.0,0.0,-14,0.09864369697670558
14.3306456224624,14.402127294561675,15.082632812946759,15.074055012294846,0.1,0.1,0.0,0.0,-18,0.09815170846310607
14.3306456224624,14.450734831589179,15.068336478526906,15.102647681134556,0.1,0.1,0.0,0.0,-18,0.09778271707790641
14.33636415623034,14.430719963401382,15.034025275919252,15.074055012294846,0.1,0.1,0.0,0.0,-19,0.0972907285643069
14.319208554926515,14.402127294561675,15.054040144107049,15.068336478526906,0.1,0.1,0.0,0.0,-18,0.09692173717910724
14.30205295362269,14.379253159489904,15.005432607079545,15.028306742151312,0.1,0.1,0.0,0.0,-18,0.09655274579390759
14.290615886086806,14.3306456224624,15.016869674615428,15.068336478526906,0.1,0.1,0.0,0.0,-22,0.09618375440870795
14.273460284782981,14.359238291302109,15.019728941499398,15.059758677874992,0.1,0.1,0.0,0.0,-22,0.09581476302350829
14.27060101789901,14.3306456224624,15.028306742151312,15.036884542803225,0.1,0.1,0.0,0.0,-26,0.09544577163830865
14.290615886086806,14.33636415623034,15.028306742151312,14.991136272659688,0.1,0.1,0.0,0.0,-26,0.09507678025310902
14.279178818550921,14.296334419854748,15.028306742151312,15.022588208383368,0.1,0.1,0.0,0.0,-26,0.09470778886790936
14.262023217247098,14.273460284782981,15.039743809687195,14.985417738891748,0.1,0.1,0.0,0.0,-26,0.0944617946111096
14.224852747755474,14.284897352318865,15.011151140847485,14.991136272659688,0.1,0.1,0.0,0.0,-26,0.09421580035430983
14.201978612683707,14.296334419854748,15.002573340195571,14.97112140447189,0.1,0.1,0.0,0.0,-30,0.09409280322590993
14.18196374449591,14.30205295362269,14.976839938239834,14.956825070052037,0.1,0.1,0.0,0.0,-30,0.09384680896911017
14.17910447761194,14.267741751015038,14.931091668096299,14.942528735632182,0.1,0.1,0.0,0.0,-30,0.09360081471231042
14.167667410076056,14.313490021158573,14.919654600560415,14.931091668096299,0.1,0.1,0.0,0.0,-30,0.09347781758391054
14.144793275004288,14.24772688282724,14.893921198604676,14.959684336936007,0.1,0.1,0.0,0.0,-30,0.09323182332711076
14.144793275004288,14.279178818550921,14.868187796648938,14.868187796648938,0.1,0.1,0.0,0.0,-30,0.092985829070311
14.139074741236346,14.207697146451647,14.87390633041688,14.913936066792473,0.1,0.1,0.0,0.0,-30,0.09273983481351124
14.15051180877223,14.2420083490593,14.836735860925257,14.868187796648938,0.1,0.1,0.0,0.0,-30,0.0923708434283116
14.144793275004288,14.21341568021959,14.868187796648938,14.893921198604676,0.1,0.1,0.0,0.0,-30,0.09200185204311194
14.156230342540171,14.21341568021959,14.81672099273746,14.84531366157717,0.0,0.0,0.0,0.0,-30,0.09163286065791229
14.15051180877223,14.253445416595184,14.839595127809227,14.836735860925257,0.0,0.0,0.0,0.0,-30,0.09114087214431278
14.144793275004288,14.17910447761194,14.836735860925257,14.81672099273746,0.0,0.0,0.0,0.0,-30,0.09064888363071325
14.156230342540171,14.21341568021959,14.796706124549663,14.765254188825983,0.0,0.0,0.0,0.0,-30,0.0901568951171137
14.133356207468404,14.18482301137988,14.81100245896952,14.773831989477896,0.0,0.0,0.0,0.0,-30,0.0895419094751143
14.127637673700463,14.18482301137988,14.779550523245838,14.748098587522158,0.0,0.0,0.0,0.0,-30,0.08892692383311487
14.110482072396636,14.21341568021959,14.736661519986274,14.796706124549663,0.0,0.0,0.0,0.0,-30,0.08831193819111548
14.09332647109281,14.18196374449591,14.72808371933436,14.736661519986274,0.0,0.0,0.0,0.0,-30,0.08769695254911605
14.070452336021043,14.196260078915763,14.716646651798477,14.742380053754216,0.0,0.0,0.0,0.0,-30,0.08708196690711664
14.041859667181333,14.116200606164579,14.679476182306855,14.713787384914507,0.0,0.0,0.0,0.0,-30,0.08658997839351713
14.041859667181333,14.144793275004288,14.670898381654943,14.759535655058043,0.0,0.0,0.0,0.0,-30,0.08597499275151771
14.03042259964545,14.081889403556927,14.63372791216332,14.710928118030536,0.0,0.0,0.0,0.0,-30,0.08536000710951831
14.036141133413393,14.121919139932519,14.613713043975523,14.699491050494652,0.0,0.0,0.0,0.0,-30,0.08486801859591876
14.02470406587751,14.076170869788985,14.590838908903756,14.648024246583175,0.0,0.0,0.0,0.0,-30,0.08449902721071913
14.02470406587751,14.0647338022531,14.605135243323609,14.616572310859496,0.0,0.0,0.0,0.0,-30,0.08400703869711959
14.018985532109566,14.053296734717216,14.596557442671699,14.66232058100303,0.1,0.1,0.0,0.0,-30,0.08363804731191996
14.001829930805739,13.998970663921769,14.585120375135814,14.622290844627436,0.2,0.2,0.0,0.0,-30,0.08326905592672029
14.007548464573683,14.041859667181333,14.573683307599929,14.62800937839538,0.30000000000000004,0.30000000000000004,0.0,0.0,-30,0.08302306166992053
13.964659461314119,14.03042259964545,14.565105506948017,14.565105506948017,0.5,0.5,0.0,0.0,-30,0.0826540702847209
13.967518728198089,14.047578200949276,14.536512838108308,14.573683307599929,0.6000000000000001,0.6000000000000001,0.0,0.0,-30,0.08240807602792113
13.956081660662205,14.041859667181333,14.51077943615257,14.590838908903756,0.7000000000000001,0.7000000000000001,0.0,0.0,-30,0.08203908464272147
13.921770458054553,13.973237261966032,14.507920169268598,14.576542574483902,0.7000000000000001,0.7000000000000001,0.0,0.0,-30,0.08179309038592171
13.916051924286611,14.02470406587751,14.482186767312859,14.567964773831989,0.8,0.8,0.0,0.0,-30,0.08154709612912195
13.88174072167896,13.973237261966032,14.462171899125062,14.493623834848743,0.9,0.9,0.0,0.0,-30,0.0811781047439223
13.856007319723222,13.996111397037799,14.462171899125062,14.522216503688453,0.9,0.9,0.0,0.0,-30,0.08093211048712254
13.833133184651455,13.984674329501916,14.433579230285355,14.493623834848743,1.0,1.0,0.0,0.0,-30,0.08056311910192289
13.815977583347628,13.933207525590438,14.450734831589179,14.51077943615257,1.0,1.0,0.0,0.0,-30,0.08031712484512311
13.810259049579688,13.933207525590438,14.422142162749468,14.462171899125062,1.1,1.1,0.0,0.0,-30,0.07994813345992348
13.784525647623948,13.88174072167896,14.419282895865498,14.482186767312859,1.2000000000000002,1.2000000000000002,0.0,0.0,-30,0.07970213920312372
13.793103448275861,13.938926059358378,14.416423628981528,14.462171899125062,1.2000000000000002,1.2000000000000002,0.0,0.0,-30,0.07933314781792405
13.784525647623948,13.887459255446903,14.396408760793731,14.427860696517412,1.3,1.3,0.0,0.0,-30,0.0790871535611243
13.778807113856006,13.870303654143076,14.427860696517412,14.422142162749468,1.4000000000000001,1.4000000000000001,0.0,0.0,-30,0.07871816217592466
13.750214445016297,13.898896322982786,14.399268027677701,14.373534625721964,1.4000000000000001,1.4000000000000001,0.0,0.0,-30,0.07834917079072502
13.744495911248354,13.838851718419395,14.390690227025788,14.445016297821239,1.5,1.5,0.0,0.0,-30,0.07810317653392525
13.727340309944529,13.876022187911019,14.379253159489904,14.384971693257848,1.5,1.5,0.0,0.0,-30,0.0777341851487256
13.70160690798879,13.833133184651455,14.350660490650196,14.390690227025788,1.6,1.6,0.0,0.0,-30,0.07736519376352596
13.690169840452906,13.856007319723222,14.344941956882254,14.324927088694457,1.6,1.6,0.0,0.0,-30,0.07711919950672619
13.678732772917023,13.850288785955279,14.316349288042545,14.36209755818608,1.7000000000000002,1.7000000000000002,0.0,0.0,-30,0.07687320524992643
13.652999370961284,13.815977583347628,14.290615886086806,14.36781609195402,1.7000000000000002,1.7000000000000002,0.0,0.0,-30,0.07650421386472678
13.647280837193343,13.784525647623948,14.273460284782981,14.30205295362269,1.8,1.8,0.0,0.0,-30,0.07613522247952713
13.658717904729226,13.73305884371247,14.267741751015038,14.327786355578429,1.8,1.8,0.0,0.0,-30,0.07588922822272737
13.678732772917023,13.76165151255218,14.284897352318865,14.236289815291357,1.9000000000000001,1.9000000000000001,0.0,0.0,-30,0.07552023683752773
13.673014239149081,13.724481043060557,14.287756619202835,14.296334419854748,1.9000000000000001,1.9000000000000001,0.0,0.0,-30,0.07527424258072796
13.67015497226511,13.76737004632012,14.290615886086806,14.267741751015038,2.0,2.0,0.0,0.0,-30,0.07490525119552831
13.67015497226511,13.750214445016297,14.262023217247098,14.253445416595184,2.0,2.0,0.0,0.0,-30,0.07465925693872855
13.67015497226511,13.695888374220848,14.262023217247098,14.239149082175329,2.1,2.1,0.0,0.1,-30,0.07441326268192879
13.664436438497168,13.73305884371247,14.230571281523417,14.190541545147823,2.1,2.1,0.0,0.2,-30,0.07416726842512901
13.6415623034254,13.684451306684965,14.221993480871504,14.224852747755474,2.1,2.1,0.0,0.30000000000000004,-30,0.07392127416832925
13.630125235889517,13.718762509292617,14.190541545147823,14.161948876308113,2.2,2.2,0.0,0.4,-30,0.07367527991152949
13.587236232629953,13.690169840452906,14.18482301137988,14.207697146451647,2.2,2.2,0.0,0.5,-30,0.07342928565472973
13.555784296906273,13.695888374220848,14.18482301137988,14.144793275004288,2.2,2.2,0.0,0.6000000000000001,-30,0.07318329139792995
13.544347229370388,13.678732772917023,14.144793275004288,14.161948876308113,2.3000000000000003,2.3000000000000003,0.0,0.7000000000000001,-30,0.07293729714113019
13.555784296906273,13.61011036770172,14.144793275004288,14.161948876308113,2.3000000000000003,2.3000000000000003,0.0,0.8,-30,0.07269130288433043
13.541487962486416,13.664436438497168,14.110482072396636,14.133356207468404,2.3000000000000003,2.3000000000000003,0.0,0.9,-30,0.07232231149913078
13.555784296906273,13.587236232629953,14.096185737976782,14.139074741236346,2.4000000000000004,2.4000000000000004,0.0,1.0,-30,0.07207631724233102
13.541487962486416,13.604391833933777,14.076170869788985,14.081889403556927,2.4000000000000004,2.4000000000000004,0.0,1.0,-30,0.07170732585713137
13.535769428718476,13.561502830674213,14.076170869788985,14.104763538628694,2.5,2.5,0.0,1.1,-30,0.0715843287287315
13.530050894950532,13.555784296906273,14.087607937324869,14.0647338022531,2.5,2.5,0.0,1.2000000000000002,-30,0.07121533734353185
13.535769428718476,13.572939898210096,14.05901526848516,14.053296734717216,2.6,2.6,0.0,1.3,-30,0.07096934308673207
13.518613827414649,13.510036026762737,14.0647338022531,14.053296734717216,2.6,2.6,0.0,1.3,-30,0.07072334882993231
13.524332361182593,13.512895293646707,14.036141133413393,13.996111397037799,2.6,2.6,0.0,1.4000000000000001,-30,0.07047735457313256
13.49288042545891,13.541487962486416,13.990392863269856,14.02756333276148,2.6,2.6,0.0,1.5,-30,0.0701083631879329
13.481443357923027,13.510036026762737,13.973237261966032,13.990392863269856,2.6,2.6,0.2,1.6,-30,0.06986236893113314
13.45570995596729,13.524332361182593,13.933207525590438,14.018985532109566,2.7,2.7,0.30000000000000004,1.7000000000000002,-30,0.06961637467433338
13.444272888431406,13.449991422199346,13.938926059358378,13.944644593126322,2.7,2.7,0.4,1.8,-30,0.06937038041753361
13.42425802024361,13.46142848973523,13.916051924286611,13.961800194430147,2.7,2.7,0.5,1.9000000000000001,-30,0.06912438616073384
13.387087550751986,13.49288042545891,13.91033339051867,13.938926059358378,2.7,2.7,0.6000000000000001,2.0,-30,0.06887839190393408
13.361354148796249,13.475724824155085,13.861725853491164,13.904614856750728,2.7,2.7,0.7000000000000001,2.1,-30,0.06863239764713432
13.347057814376392,13.449991422199346,13.876022187911019,13.950363126894262,2.7,2.7,0.9,2.2,-30,0.06838640339033454
13.358494881912275,13.387087550751986,13.870303654143076,13.861725853491164,2.8000000000000003,2.8000000000000003,1.0,2.2,-30,0.0681404091335348
13.367072682564189,13.384228283868016,13.887459255446903,13.870303654143076,2.8000000000000003,2.8000000000000003,1.1,2.3000000000000003,-30,0.06789441487673502
13.347057814376392,13.335620746840508,13.88174072167896,13.88174072167896,2.8000000000000003,2.8000000000000003,1.2000000000000002,2.4000000000000004,-30,0.06764842061993526
13.335620746840508,13.392806084519929,13.861725853491164,13.850288785955279,2.9000000000000004,2.9000000000000004,1.2000000000000002,2.4000000000000004,-30,0.0674024263631355
13.335620746840508,13.352776348144335,13.844570252187339,13.844570252187339,2.9000000000000004,2.9000000000000004,1.3,2.5,-30,0.06727942923473561
13.315605878652711,13.327042946188596,13.810259049579688,13.827414650883512,2.9000000000000004,2.9000000000000004,1.4000000000000001,2.6,-30,0.06703343497793585
13.327042946188596,13.361354148796249,13.773088580088064,13.815977583347628,3.0,3.0,1.6,2.6,-30,0.06691043784953596
13.309887344884771,13.315605878652711,13.76737004632012,13.773088580088064,3.0,3.0,1.7000000000000002,2.7,-30,0.06678744072113608
13.301309544232858,13.321324412420655,13.76165151255218,13.784525647623948,3.1,3.1,1.9000000000000001,2.7,-30,0.0666644435927362
13.284153942929033,13.332761479956538,13.724481043060557,13.787384914507918,3.1,3.1,2.0,2.8000000000000003,-30,0.06641844933593642
13.255561274089322,13.295591010464916,13.73305884371247,13.738777377480414,3.2,3.2,2.2,2.9000000000000004,-30,0.06629545220753655
13.229827872133585,13.332761479956538,13.707325441756732,13.787384914507918,3.2,3.2,2.3000000000000003,2.9000000000000004,-30,0.06617245507913667
13.218390804597702,13.284153942929033,13.707325441756732,13.673014239149081,3.3000000000000003,3.3000000000000003,2.4000000000000004,3.0,-30,0.06604945795073679
13.204094470177845,13.295591010464916,13.695888374220848,13.70160690798879,3.4000000000000004,3.4000000000000004,2.6,3.1,-30,0.0659264608223369
13.175501801338134,13.264139074741236,13.67015497226511,13.690169840452906,3.4000000000000004,3.4000000000000004,2.7,3.1,-30,0.0659264608223369
13.169783267570194,13.198375936409905,13.67015497226511,13.713043975524673,3.5,3.5,2.8000000000000003,3.2,-30,0.06580346369393701
13.15834620003431,13.229827872133585,13.67015497226511,13.67015497226511,3.6,3.6,2.9000000000000004,3.3000000000000003,-30,0.06580346369393701
13.144049865614454,13.169783267570194,13.6415623034254,13.604391833933777,3.7,3.7,3.0,3.3000000000000003,-30,0.06568046656553714
13.144049865614454,13.224109338365642,13.652999370961284,13.592954766397893,3.7,3.7,3.1,3.4000000000000004,-30,0.06568046656553714
13.152627666266367,13.15834620003431,13.664436438497168,13.57865843197804,3.8000000000000003,3.8000000000000003,3.2,3.4000000000000004,-30,0.06555746943713726
13.124034997426659,13.138331331846514,13.592954766397893,13.61011036770172,3.8000000000000003,3.8000000000000003,3.3000000000000003,3.5,-30,0.06555746943713726
13.1297535311946,13.15834620003431,13.544347229370388,13.635843769657457,3.8000000000000003,3.8000000000000003,3.3000000000000003,3.6,-30,0.06555746943713726
13.089723794819006,13.144049865614454,13.55006576313833,13.572939898210096,3.9000000000000004,3.9000000000000004,3.4000000000000004,3.6,-30,0.06543447230873738
13.104020129238862,13.1297535311946,13.518613827414649,13.561502830674213,3.9000000000000004,3.9000000000000004,3.4000000000000004,3.6,-30,0.06543447230873738
13.115457196774745,13.138331331846514,13.567221364442156,13.510036026762737,3.9000000000000004,3.9000000000000004,3.5,3.7,-30,0.06531147518033749
13.078286727283123,13.078286727283123,13.57865843197804,13.55006576313833,3.9000000000000004,3.9000000000000004,3.6,3.7,-30,0.06506548092353773
13.049694058443414,13.115457196774745,13.598673300165837,13.55006576313833,3.9000000000000004,3.9000000000000004,3.6,3.7,-30,0.06506548092353773
13.00680505518385,13.055412592211356,13.544347229370388,13.487161891690969,4.0,4.0,3.7,3.8000000000000003,-30,0.06506548092353773
12.97535311946017,13.058271859095328,13.481443357923027,13.504317492994796,4.0,4.0,3.7,3.8000000000000003,-30,0.06506548092353773
12.989649453880023,13.0411162577915,13.42425802024361,13.418539486475666,4.0,4.0,3.7,3.8000000000000003,-30,0.06506548092353773
12.989649453880023,12.98107165322811,13.384228283868016,13.444272888431406,4.0,4.0,3.8000000000000003,3.8000000000000003,-30,0.06506548092353773
12.986790186996053,13.001086521415907,13.418539486475666,13.435695087779493,4.0,4.0,3.8000000000000003,3.9000000000000004,-30,0.06506548092353773
12.961056785040313,12.958197518156343,13.392806084519929,13.384228283868016,4.1000000000000005,4.1000000000000005,3.8000000000000003,3.9000000000000004,-30,0.0651884780519376
12.932464116200606,12.97535311946017,13.449991422199346,13.418539486475666,4.1000000000000005,4.1000000000000005,3.9000000000000004,3.9000000000000004,-30,0.06531147518033749
12.938182649968546,12.995367987647967,13.42997655401155,13.372791216332132,4.1000000000000005,4.1000000000000005,3.9000000000000004,3.9000000000000004,-30,0.06531147518033749
12.932464116200606,12.926745582432662,13.409961685823752,13.361354148796249,4.1000000000000005,4.1000000000000005,3.9000000000000004,4.0,-30,0.06543447230873738
12.923886315548692,12.938182649968546,13.372791216332132,13.361354148796249,4.1000000000000005,4.1000000000000005,3.9000000000000004,4.0,-30,0.06555746943713726
12.909589981128837,12.952478984388403,13.335620746840508,13.309887344884771,4.1000000000000005,4.1000000000000005,3.9000000000000004,4.0,-30,0.06568046656553714
12.898152913592954,12.895293646708982,13.289872476696974,13.384228283868016,4.1000000000000005,4.1000000000000005,4.0,4.0,-30,0.06580346369393701
12.88957511294104,12.932464116200606,13.269857608509177,13.321324412420655,4.1000000000000005,4.1000000000000005,4.0,4.0,-30,0.0659264608223369
12.866700977869273,12.880997312289129,13.269857608509177,13.372791216332132,4.1000000000000005,4.1000000000000005,4.0,4.0,-30,0.06604945795073679
12.835249042145593,12.912449248012809,13.255561274089322,13.284153942929033,4.1000000000000005,4.1000000000000005,4.0,4.0,-30,0.06604945795073679
12.812374907073826,12.895293646708982,13.261279807857264,13.209813003945788,4.1000000000000005,4.1000000000000005,4.0,4.0,-30,0.06617245507913667
12.789500772002059,12.82667124149368,13.275576142277119,13.1297535311946,4.1000000000000005,4.1000000000000005,4.0,4.0,-30,0.06629545220753655
12.775204437582202,12.846686109681476,13.255561274089322,13.109738663006803,4.1000000000000005,4.1000000000000005,4.0,4.0,-30,0.06641844933593642
12.760908103162349,12.775204437582202,13.261279807857264,13.229827872133585,4.1000000000000005,4.1000000000000005,4.0,4.0,-30,0.06641844933593642
12.740893234974552,12.783782238234116,13.229827872133585,13.3070280780008,4.1000000000000005,4.1000000000000005,4.0,4.0,-30,0.06654144646433631
12.709441299250871,12.755189569394405,13.169783267570194,13.244124206553439,4.1000000000000005,4.1000000000000005,4.0,4.0,-30,0.0666644435927362
12.68084863041116,12.746611768742493,13.169783267570194,13.149768399382397,4.1000000000000005,4.1000000000000005,4.0,4.0,-30,0.0666644435927362
12.686567164179102,12.795219305769999,13.152627666266367,13.084005261051065,4.1000000000000005,4.1000000000000005,4.0,4.0,-30,0.06678744072113608
12.67798936352719,12.746611768742493,13.15834620003431,13.138331331846514,4.1000000000000005,4.1000000000000005,4.0,4.0,-30,0.06678744072113608
12.700863498598958,12.709441299250871,13.138331331846514,13.215531537713728,4.1000000000000005,4.1000000000000005,4.0,4.0,-30,0.06678744072113608
12.746611768742493,12.723737633670725,13.109738663006803,13.175501801338134,4.0,4.0,4.0,4.0,-30,0.06678744072113608
12.760908103162349,12.652255961571452,13.049694058443414,13.15834620003431,4.0,4.0,4.0,4.0,-30,0.06678744072113608
12.783782238234116,12.67798936352719,13.029679190255617,13.0411162577915,4.0,4.0,4.0,4.0,-30,0.06691043784953596
12.726596900554696,12.689426431063074,13.00680505518385,13.055412592211356,4.0,4.0,4.0,4.0,-30,0.06691043784953596
12.640818894035569,12.666552295991307,13.00966432206782,13.069708926631211,4.0,4.0,4.0,4.0,-30,0.06691043784953596
12.546463086864527,12.700863498598958,13.00680505518385,13.069708926631211,4.0,4.0,4.0,4.0,-29,0.06691043784953596
12.5293074855607,12.640818894035569,13.00680505518385,13.078286727283123,4.0,4.0,4.0,4.0,-29,0.06703343497793585
12.546463086864527,12.635100360267625,13.015382855835764,12.986790186996053,4.0,4.0,4.0,4.0,-30,0.06703343497793585
12.56075942128438,12.589352090124091,13.00966432206782,13.001086521415907,4.0,4.0,4.0,4.0,-30,0.06703343497793585
12.543603819980556,12.537885286212614,12.986790186996053,13.00966432206782,4.0,4.0,4.0,4.0,-30,0.06715643210633572
12.503574083604963,12.546463086864527,12.97535311946017,12.903871447360896,4.0,4.0,4.0,4.0,-30,0.06715643210633572
12.472122147881281,12.512151884256875,12.966775318808256,12.926745582432662,4.0,4.0,4.0,4.0,-29,0.06715643210633572
12.452107279693486,12.515011151140847,12.97535311946017,12.912449248012809,4.0,4.0,4.0,4.0,-29,0.06715643210633572
12.466403614113341,12.520729684908789,12.952478984388403,12.966775318808256,4.0,4.0,4.0,4.0,-29,0.06727942923473561
12.492137016069078,12.480699948533195,12.912449248012809,12.989649453880023,4.0,4.0,4.0,4.0,-29,0.06727942923473561
12.483559215417166,12.480699948533195,12.866700977869273,12.912449248012809,4.0,4.0,4.0,4.0,-29,0.06727942923473561
12.443529479041572,12.512151884256875,12.835249042145593,12.918167781780749,4.0,4.0,4.0,4.0,-29,0.0674024263631355
12.394921942014067,12.472122147881281,12.832389775261623,12.880997312289129,4.0,4.0,4.0,4.0,-29,0.0674024263631355
12.380625607594213,12.460685080345398,12.818093440841766,12.912449248012809,4.0,4.0,4.0,4.0,-29,0.06752542349153538
12.386344141362153,12.417796077085834,12.82667124149368,12.898152913592954,4.0,4.0,4.0,4.0,-29,0.06764842061993526
12.394921942014067,12.400640475782007,12.818093440841766,12.85526391033339,4.0,4.0,4.0,4.0,-29,0.06777141774833513
12.394921942014067,12.389203408246123,12.795219305769999,12.840967575913535,4.0,4.0,4.0,4.0,-29,0.06789441487673502
12.332018070566706,12.314862469262879,12.769485903814262,12.809515640189854,4.0,4.0,4.0,4.0,-29,0.0680174120051349
12.289129067307142,12.3720478069423,12.766626636930289,12.798078572653969,4.0,4.0,3.9000000000000004,3.9000000000000004,-29,0.0681404091335348
12.263395665351403,12.417796077085834,12.795219305769999,12.809515640189854,4.0,4.0,3.9000000000000004,3.9000000000000004,-29,0.06826340626193467
12.266254932235373,12.3720478069423,12.798078572653969,12.752330302510435,4.0,4.0,3.9000000000000004,3.9000000000000004,-29,0.06838640339033454
12.280551266655229,12.320581003030822,12.783782238234116,12.746611768742493,4.0,4.0,3.9000000000000004,3.9000000000000004,-29,0.06850940051873443
