vxCG_mps,vyCG_mps,pitchRate_radps,rollRate_radps,yawRate_radps
0.0,-0.0,-0.004014257279586958,0.003141592653589793,0.005235987755982988
0.002649210643126708,-0.00968886270201564,0.002617993877991494,0.0006981317007977319,-0.0015707963267948964
0.002474686578753873,-0.00968886270201564,-0.004537856055185257,0.00034906585039886593,-0.003839724354387525
0.0,-0.0,-0.0027925268031909274,0.00034906585039886593,0.0019198621771937625
0.002649210643126708,-0.00968886270201564,0.009250245035569947,0.0017453292519943296,-0.005061454830783556
0.0,-0.0,-0.002617993877991494,0.00034906585039886593,0.004537856055185257
0.002474686578753873,-0.00968886270201564,-0.0010471975511965976,-0.0019198621771937625,-0.0010471975511965976
0.002474686578753873,-0.00968886270201564,-0.0029670597283903604,0.0005235987755982988,-0.0015707963267948964
0.002474686578753873,-0.00968886270201564,0.00017453292519943296,-0.0020943951023931952,-0.0008726646259971648
0.002474686578753873,-0.00968886270201564,0.0022689280275926286,0.004886921905584123,-0.0012217304763960308
0.0,-0.0,-0.0017453292519943296,-0.0010471975511965976,0.0027925268031909274
0.002649210643126708,-0.00968886270201564,0.006108652381980154,-0.0033161255787892262,0.0017453292519943296
0.002300162514381038,-0.00968886270201564,-0.006806784082777886,0.0,-0.0006981317007977319
0.00017452406437283512,-0.0,0.004886921905584123,0.004363323129985824,0.002617993877991494
0.002474686578753873,-0.00968886270201564,-0.0010471975511965976,-0.003839724354387525,0.0008726646259971648
0.0,-0.0,-0.0027925268031909274,0.0006981317007977319,0.0020943951023931952
0.005123897221880581,-0.01937772540403128,0.004014257279586958,-0.004537856055185257,-0.006283185307179586
0.0,-0.0,0.0020943951023931952,-0.0006981317007977319,0.0033161255787892262
0.002649210643126708,-0.00968886270201564,0.0024434609527920616,0.00017453292519943296,0.0012217304763960308
0.002474686578753873,-0.00968886270201564,-0.003839724354387525,0.0033161255787892262,-0.0015707963267948964
0.002474686578753873,-0.00968886270201564,0.00017453292519943296,-0.004886921905584123,-0.0019198621771937625
0.002474686578753873,-0.00968886270201564,0.0012217304763960308,0.004886921905584123,0.0010471975511965976
0.0,-0.0,-0.004014257279586958,0.00017453292519943296,0.005934119456780721
0.005123897221880581,-0.01937772540403128,0.0029670597283903604,-0.003490658503988659,-0.007853981633974483
0.002474686578753873,-0.00968886270201564,0.0010471975511965976,0.0010471975511965976,-0.003839724354387525
0.0,-0.0,0.0010471975511965976,0.0010471975511965976,0.005585053606381855
0.002474686578753873,-0.00968886270201564,-0.0,0.003141592653589793,0.0015707963267948964
0.0,-0.0,-0.0041887902047863905,-0.0017453292519943296,0.0019198621771937625
0.002474686578753873,-0.00968886270201564,0.0013962634015954637,-0.0017453292519943296,-0.0006981317007977319
0.002474686578753873,-0.00968886270201564,-0.003141592653589793,0.00017453292519943296,-0.002617993877991494
0.002474686578753873,-0.00968886270201564,0.0006981317007977319,-0.0006981317007977319,-0.0006981317007977319
0.002649210643126708,-0.00968886270201564,0.0041887902047863905,-0.0012217304763960308,-0.0006981317007977319
0.002300162514381038,-0.00968886270201564,-0.005061454830783556,-0.0020943951023931952,0.0005235987755982988
0.002649210643126708,-0.00968886270201564,0.002617993877991494,0.00017453292519943296,-0.0027925268031909274
0.002474686578753873,-0.00968886270201564,-0.004537856055185257,0.00034906585039886593,0.0012217304763960308
0.00017452406437283512,-0.0,0.0022689280275926286,0.0015707963267948964,0.0017453292519943296
0.0,-0.0,-0.0013962634015954637,0.0013962634015954637,0.0015707963267948964
0.002474686578753873,-0.00968886270201564,-0.0008726646259971648,0.0017453292519943296,-0.0015707963267948964
0.002649210643126708,-0.00968886270201564,0.005061454830783556,-0.0010471975511965976,0.0006981317007977319
0.002474686578753873,-0.00968886270201564,-0.003665191429188092,-0.0013962634015954637,-0.0027925268031909274
0.0,-0.0,-0.0005235987755982988,0.0019198621771937625,0.0024434609527920616
0.00017452406437283512,-0.0,0.0024434609527920616,-0.00017453292519943296,0.003665191429188092
0.002474686578753873,-0.00968886270201564,-0.003665191429188092,0.0013962634015954637,-0.00471238898038469
0.002474686578753873,-0.00968886270201564,-0.0005235987755982988,-0.003490658503988659,-0.0015707963267948964
0.002474686578753873,-0.00968886270201564,0.0017453292519943296,0.005585053606381855,-0.0
0.0,-0.0,-0.0013962634015954637,-0.0020943951023931952,0.0015707963267948964
0.002649210643126708,-0.00968886270201564,0.0054105206811824215,0.00017453292519943296,0.0006981317007977319
0.002474686578753873,-0.00968886270201564,-0.0033161255787892262,0.0015707963267948964,-0.0
0.002474686578753873,-0.00968886270201564,0.0017453292519943296,0.0,-0.004363323129985824
0.002474686578753873,-0.00968886270201564,0.00017453292519943296,0.003839724354387525,0.0005235987755982988
0.0,-0.0,0.0012217304763960308,-0.004014257279586958,0.008552113334772215
0.002474686578753873,-0.00968886270201564,0.0008726646259971648,-0.00034906585039886593,-0.0019198621771937625
0.002474686578753873,-0.00968886270201564,0.0005235987755982988,-0.0008726646259971648,-0.002617993877991494
0.002300162514381038,-0.00968886270201564,-0.0066322511575784525,0.00017453292519943296,-0.003665191429188092
0.0,-0.0,-0.00017453292519943296,0.0008726646259971648,0.0022689280275926286
0.00017452406437283512,-0.0,0.003665191429188092,0.0017453292519943296,0.0015707963267948964
0.0,-0.0,-0.00034906585039886593,-0.002617993877991494,0.005934119456780721
0.004949373157507746,-0.01937772540403128,-0.0019198621771937625,-0.0019198621771937625,-0.007330382858376184
0.002649210643126708,-0.00968886270201564,0.003839724354387525,0.0020943951023931952,-0.0010471975511965976
0.0,-0.0,-0.0024434609527920616,-0.0012217304763960308,0.006457718232379019
0.002474686578753873,-0.00968886270201564,0.0019198621771937625,-0.00017453292519943296,-0.0022689280275926286
0.002649210643126708,-0.00968886270201564,0.004014257279586958,-0.0017453292519943296,-0.00034906585039886593
0.002474686578753873,-0.00968886270201564,-0.0008726646259971648,0.004014257279586958,-0.004537856055185257
0.0,-0.0,-0.0041887902047863905,-0.0029670597283903604,0.0010471975511965976
0.00017452406437283512,-0.0,0.0027925268031909274,-0.0015707963267948964,0.007853981633974483
0.002472995773072964,-0.009689294534523829,-0.0022689280275926286,0.005759586531581287,-0.0017453292519943296
0.00017452406437283512,-0.0,0.0029670597283903604,-0.00471238898038469,0.003141592653589793
0.004949373157507746,-0.01937772540403128,-0.0027925268031909274,-0.0017453292519943296,-0.007330382858376184
0.002474686578753873,-0.00968886270201564,-0.0013962634015954637,-0.0017453292519943296,-0.004363323129985824
0.00017452406437283512,-0.0,0.0020943951023931952,0.003839724354387525,0.005585053606381855
0.002649210643126708,-0.00968886270201564,0.003665191429188092,-0.0041887902047863905,-0.0027925268031909274
0.0,-0.0,-0.0027925268031909274,0.006108652381980154,0.0015707963267948964
0.002649210643126708,-0.00968886270201564,0.005759586531581287,0.00034906585039886593,-0.0029670597283903604
0.002300162514381038,-0.00968886270201564,-0.006457718232379019,-0.0019198621771937625,-0.0
0.0,-0.0,0.0010471975511965976,-0.0008726646259971648,0.003141592653589793
0.002474686578753873,-0.00968886270201564,-0.004537856055185257,0.0012217304763960308,-0.0022689280275926286
0.00017452406437283512,-0.0,0.0027925268031909274,-0.0005235987755982988,0.0027925268031909274
0.0,-0.0,-0.0,-0.003665191429188092,0.0017453292519943296
0.002474686578753873,-0.00968886270201564,-0.0,0.0041887902047863905,-0.0020943951023931952
0.002474686578753873,-0.00968886270201564,-0.0013962634015954637,0.0015707963267948964,-0.0024434609527920616
0.002649210643126708,-0.00968886270201564,0.0027925268031909274,-0.0013962634015954637,-0.0
0.0,-0.0,-0.005061454830783556,0.0020943951023931952,0.0008726646259971648
0.00017452406437283512,-0.0,0.005061454830783556,-0.0054105206811824215,0.0029670597283903604
0.0,-0.0,-0.0029670597283903604,0.0008726646259971648,0.0017453292519943296
0.002649210643126708,-0.00968886270201564,0.0024434609527920616,0.00017453292519943296,-0.0010471975511965976
0.002649210643126708,-0.00968886270201564,0.0024434609527920616,0.0027925268031909274,-0.0005235987755982988
-0.00017452406437283512,-0.0,-0.0066322511575784525,0.00017453292519943296,0.0006981317007977319
0.002474686578753873,-0.00968886270201564,0.0012217304763960308,-0.0027925268031909274,-0.005235987755982988
0.0,-0.0,-0.0024434609527920616,0.0005235987755982988,0.004014257279586958
0.0,-0.0,0.0010471975511965976,-0.0006981317007977319,0.003490658503988659
0.0026475198374457994,-0.009689294534523829,0.0027925268031909274,0.00017453292519943296,-0.0019198621771937625
0.002472995773072964,-0.009689294534523829,-0.0008726646259971648,0.0013962634015954637,0.0005235987755982988
0.002474686578753873,-0.00968886270201564,-0.0005235987755982988,-0.0027925268031909274,-0.0020943951023931952
0.002474686578753873,-0.00968886270201564,0.0008726646259971648,-0.0041887902047863905,0.00017453292519943296
0.0,-0.0,0.0006981317007977319,0.0019198621771937625,0.0024434609527920616
0.002474686578753873,-0.00968886270201564,-0.0024434609527920616,0.003141592653589793,-0.004363323129985824
0.0,-0.0,-0.0010471975511965976,-0.0020943951023931952,0.0020943951023931952
0.002649210643126708,-0.00968886270201564,0.0027925268031909274,0.0019198621771937625,-0.004886921905584123
0.0,-0.0,-0.003141592653589793,0.0008726646259971648,0.0066322511575784525
0.00017452406437283512,-0.0,0.003665191429188092,-0.0012217304763960308,0.00471238898038469
0.0026475198374457994,-0.009689294534523829,0.006283185307179586,0.0006981317007977319,-0.003839724354387525
0.0022984717087001292,-0.009689294534523829,-0.005235987755982988,-0.0029670597283903604,-0.002617993877991494
0.0,-0.0,-0.004014257279586958,0.003490658503988659,0.002617993877991494
0.005123897221880581,-0.01937772540403128,0.004886921905584123,0.0015707963267948964,-0.006806784082777886
0.0,-0.0,-0.0,-0.008552113334772215,0.006283185307179586
0.0,-0.0,0.00034906585039886593,0.0029670597283903604,0.0020943951023931952
0.002474686578753873,-0.00968886270201564,0.00017453292519943296,0.0024434609527920616,-0.005759586531581287
0.0,-0.0,-0.0015707963267948964,0.0006981317007977319,0.0010471975511965976
0.002472995773072964,-0.009689294534523829,0.0015707963267948964,-0.0013962634015954637,0.00017453292519943296
-0.00017452406437283512,-0.0,-0.008726646259971648,-0.00017453292519943296,0.0027925268031909274
0.0026475198374457994,-0.009689294534523829,0.006108652381980154,0.0013962634015954637,-0.0022689280275926286
0.002474686578753873,-0.00968886270201564,-0.0015707963267948964,0.003141592653589793,-0.0013962634015954637
0.002649210643126708,-0.00968886270201564,0.002617993877991494,-0.004886921905584123,-0.00034906585039886593
0.002474686578753873,-0.00968886270201564,-0.005235987755982988,0.0008726646259971648,0.00017453292519943296
0.00017452406437283512,-0.0,0.005061454830783556,-0.0015707963267948964,0.0022689280275926286
0.0,-0.0,-0.0012217304763960308,0.0029670597283903604,0.0005235987755982988
0.002649210643126708,-0.00968886270201564,0.0029670597283903604,-0.0008726646259971648,-0.0041887902047863905
0.002474686578753873,-0.00968886270201564,-0.0029670597283903604,0.0027925268031909274,-0.0020943951023931952
0.0,-0.0,0.0006981317007977319,-0.0033161255787892262,0.004537856055185257
0.002474686578753873,-0.00968886270201564,0.0017453292519943296,-0.0010471975511965976,-0.0
0.002474686578753873,-0.00968886270201564,0.0012217304763960308,-0.0024434609527920616,-0.0006981317007977319
0.002300162514381038,-0.00968886270201564,-0.0054105206811824215,0.004886921905584123,-0.0019198621771937625
0.002649210643126708,-0.00968886270201564,0.003490658503988659,0.0010471975511965976,-0.004363323129985824
0.00017452406437283512,-0.0,0.003141592653589793,-0.004537856055185257,0.005585053606381855
-0.00017452406437283512,-0.0,-0.005061454830783556,0.0015707963267948964,-0.00017453292519943296
0.0,-0.0,0.00034906585039886593,0.0041887902047863905,0.00034906585039886593
0.002474686578753873,-0.00968886270201564,0.0008726646259971648,-0.004014257279586958,-0.00034906585039886593
0.002474686578753873,-0.00968886270201564,0.0017453292519943296,-0.002617993877991494,-0.004363323129985824
0.0,-0.0,-0.003839724354387525,0.0020943951023931952,0.004014257279586958
0.0,-0.0,0.0008726646259971648,-0.0024434609527920616,0.0005235987755982988
0.002474686578753873,-0.00968886270201564,-0.0017453292519943296,0.004537856055185257,-0.0027925268031909274
0.00017452406437283512,-0.0,0.0020943951023931952,-0.0066322511575784525,0.002617993877991494
0.00017452406437283512,-0.0,0.0024434609527920616,0.006806784082777886,0.0041887902047863905
0.0,-0.0,0.0012217304763960308,-0.0027925268031909274,0.0015707963267948964
0.002472995773072964,-0.009689294534523829,-0.0022689280275926286,-0.003141592653589793,-0.0033161255787892262
0.0026475198374457994,-0.009689294534523829,0.003839724354387525,0.0015707963267948964,-0.0
0.002474686578753873,-0.00968886270201564,-0.003839724354387525,0.0015707963267948964,-0.0033161255787892262
0.0,-0.0,0.0015707963267948964,0.003839724354387525,0.003490658503988659
0.002474686578753873,-0.00968886270201564,-0.0,-0.00767944870877505,-0.0015707963267948964
0.002474686578753873,-0.00968886270201564,-0.0015707963267948964,0.00471238898038469,-0.0015707963267948964
-0.00017452406437283512,-0.0,-0.005759586531581287,-0.005585053606381855,0.004014257279586958
0.00017452406437283512,-0.0,0.006108652381980154,-0.0010471975511965976,0.0019198621771937625
0.0,-0.0,0.0005235987755982988,0.0005235987755982988,0.0005235987755982988
0.0022984717087001292,-0.009689294534523829,-0.006283185307179586,0.007330382858376184,-0.003141592653589793
0.0026475198374457994,-0.009689294534523829,0.004014257279586958,-0.004014257279586958,-0.0005235987755982988
-0.00017452406437283512,-0.0,-0.0054105206811824215,-0.0024434609527920616,0.004537856055185257
0.0,-0.0,-0.00034906585039886593,0.0054105206811824215,0.0012217304763960308
0.0026475198374457994,-0.009689294534523829,0.0033161255787892262,-0.003665191429188092,-0.006283185307179586
0.002474686578753873,-0.00968886270201564,0.0019198621771937625,0.004537856055185257,-0.0013962634015954637
0.0,-0.0,-0.004363323129985824,-0.004886921905584123,0.005759586531581287
0.00017452406437283512,-0.0,0.003490658503988659,-0.0013962634015954637,0.0019198621771937625
0.002472995773072964,-0.009689294534523829,-0.0012217304763960308,0.003665191429188092,-0.0024434609527920616
0.002472995773072964,-0.009689294534523829,-0.003490658503988659,-0.0027925268031909274,-0.0017453292519943296
0.00017452406437283512,-0.0,0.004014257279586958,0.0022689280275926286,-0.0
0.0,-0.0,0.0010471975511965976,0.0022689280275926286,0.00471238898038469
0.002472995773072964,-0.009689294534523829,0.0006981317007977319,-0.006457718232379019,-0.006806784082777886
0.0,-0.0,-0.003665191429188092,0.004886921905584123,0.0020943951023931952
0.0026475198374457994,-0.009689294534523829,0.0020943951023931952,-0.0005235987755982988,-0.0022689280275926286
0.00017452406437283512,-0.0,0.003839724354387525,0.0015707963267948964,0.0008726646259971648
-0.00017452406437283512,-0.0,-0.008377580409572781,-0.004363323129985824,0.0041887902047863905
0.002649210643126708,-0.00968886270201564,0.003665191429188092,-0.0006981317007977319,-0.005934119456780721
-0.0022984717087001292,0.009689294534523829,0.003490658503988659,0.006457718232379019,0.009075712110370514
0.002472995773072964,-0.009689294534523829,-0.0029670597283903604,-0.0027925268031909274,-0.0019198621771937625
0.002472995773072964,-0.009689294534523829,0.00034906585039886593,-0.0013962634015954637,-0.005934119456780721
0.0,-0.0,-0.0015707963267948964,0.0015707963267948964,0.004537856055185257
0.00017452406437283512,-0.0,0.0022689280275926286,0.00017453292519943296,0.0005235987755982988
0.0,-0.0,0.0013962634015954637,-0.004886921905584123,0.00017453292519943296
0.0026475198374457994,-0.009689294534523829,0.0022689280275926286,0.004886921905584123,-0.0054105206811824215
-0.00017452406437283512,-0.0,-0.007853981633974483,-0.0029670597283903604,0.0019198621771937625
0.00017452406437283512,-0.0,0.006806784082777886,0.003839724354387525,0.0024434609527920616
0.0,-0.0,-0.00471238898038469,-0.002617993877991494,0.0008726646259971648
0.0,-0.0,0.0012217304763960308,0.0010471975511965976,0.0008726646259971648
0.0026475198374457994,-0.009689294534523829,0.003141592653589793,0.0033161255787892262,-0.0020943951023931952
0.0,-0.0,-0.004537856055185257,-0.00034906585039886593,0.0008726646259971648
0.0026475198374457994,-0.009689294534523829,0.008028514559173916,-0.0020943951023931952,-0.004363323129985824
-0.00017452406437283512,-0.0,-0.008552113334772215,0.003839724354387525,0.004363323129985824
0.0026475198374457994,-0.009689294534523829,0.003839724354387525,-0.00767944870877505,-0.0041887902047863905
0.0,-0.0,-0.0012217304763960308,0.005585053606381855,0.004886921905584123
0.00017452406437283512,-0.0,0.0020943951023931952,0.0006981317007977319,-0.0
0.002472995773072964,-0.009689294534523829,-0.0033161255787892262,-0.0029670597283903604,-0.0027925268031909274
-0.0022984717087001292,0.009689294534523829,0.0033161255787892262,-0.0024434609527920616,0.008726646259971648
0.002472995773072964,-0.009689294534523829,0.0010471975511965976,0.003141592653589793,-0.0020943951023931952
0.0,-0.0,-0.004363323129985824,-0.002617993877991494,0.0005235987755982988
0.0026475198374457994,-0.009689294534523829,0.0022689280275926286,0.0054105206811824215,-0.005235987755982988
0.0,-0.0,-0.0012217304763960308,-0.003490658503988659,0.0006981317007977319
0.002472995773072964,-0.009689294534523829,-0.0033161255787892262,0.0006981317007977319,-0.0013962634015954637
0.0,-0.0,0.0015707963267948964,-0.00017453292519943296,0.0019198621771937625
0.0,-0.0,0.0015707963267948964,-0.0019198621771937625,0.0012217304763960308
0.002472995773072964,-0.009689294534523829,-0.002617993877991494,0.00471238898038469,-0.002617993877991494
0.0,-0.0,0.0019198621771937625,-0.004363323129985824,0.0012217304763960308
0.002472995773072964,-0.009689294534523829,-0.0005235987755982988,0.006981317007977318,-0.003490658503988659
-0.0022984717087001292,0.009689294534523829,0.003839724354387525,-0.008726646259971648,0.006806784082777886
0.002472995773072964,-0.009689294534523829,0.0008726646259971648,0.00034906585039886593,-0.003665191429188092
0.002472995773072964,-0.009689294534523829,-0.0029670597283903604,0.0008726646259971648,-0.005235987755982988
0.0,-0.0,-0.003141592653589793,0.0013962634015954637,0.004014257279586958
0.0026475198374457994,-0.009689294534523829,0.005585053606381855,-0.0015707963267948964,-0.0027925268031909274
0.0,-0.0,-0.0017453292519943296,-0.002617993877991494,0.004537856055185257
0.0,-0.0,-0.0022689280275926286,0.003490658503988659,0.0027925268031909274
0.0,-0.0,-0.0,0.0006981317007977319,0.002617993877991494
0.004945991546145928,-0.019378589069047658,0.0006981317007977319,0.0010471975511965976,-0.009773843811168246
0.0,-0.0,-0.0005235987755982988,0.0012217304763960308,-0.0005235987755982988
-0.002472995773072964,0.009689294534523829,-0.0019198621771937625,-0.0029670597283903604,0.006981317007977318
0.00017452406437283512,-0.0,0.002617993877991494,-0.0020943951023931952,-0.0
0.002472995773072964,-0.009689294534523829,0.0012217304763960308,-0.0005235987755982988,-0.0013962634015954637
0.0,-0.0,-0.0020943951023931952,-0.0029670597283903604,0.003665191429188092
0.0,-0.0,0.0012217304763960308,-0.0008726646259971648,0.004537856055185257
0.002472995773072964,-0.009689294534523829,-0.004363323129985824,-0.0005235987755982988,-0.0066322511575784525
0.00017452406437283512,-0.0,0.004363323129985824,0.008552113334772215,0.0010471975511965976
0.002472995773072964,-0.009689294534523829,0.0019198621771937625,-0.002617993877991494,-0.003141592653589793
0.002472995773072964,-0.009689294534523829,0.0008726646259971648,-0.0041887902047863905,-0.004014257279586958
0.0,-0.0,-0.0010471975511965976,0.005585053606381855,0.0017453292519943296
0.0,-0.0,0.0017453292519943296,-0.004886921905584123,0.0033161255787892262
0.0,-0.0,-0.0008726646259971648,0.0006981317007977319,-0.0
0.0,-0.0,0.0010471975511965976,0.0005235987755982988,0.00017453292519943296
0.0,-0.0,0.0008726646259971648,-0.0013962634015954637,-0.0006981317007977319
0.0,-0.0,-0.0010471975511965976,0.0015707963267948964,-0.0006981317007977319
0.002472995773072964,-0.009689294534523829,-0.0008726646259971648,0.00034906585039886593,-0.0024434609527920616
0.0,-0.0,0.00034906585039886593,0.0012217304763960308,0.0020943951023931952
0.0,-0.0,-0.0017453292519943296,0.0,0.0020943951023931952
0.0026475198374457994,-0.009689294534523829,0.0020943951023931952,0.0041887902047863905,-0.002617993877991494
0.0,-0.0,-0.0015707963267948964,-0.00767944870877505,-0.0013962634015954637
0.0026475198374457994,-0.009689294534523829,0.005585053606381855,0.0012217304763960308,-0.0017453292519943296
0.0,-0.0,-0.0008726646259971648,0.0041887902047863905,0.004886921905584123
-0.002472995773072964,0.009689294534523829,-0.0041887902047863905,-0.0020943951023931952,0.006108652381980154
0.002472995773072964,-0.009689294534523829,0.00034906585039886593,0.0017453292519943296,-0.00471238898038469
0.002472995773072964,-0.009689294534523829,-0.0005235987755982988,-0.00017453292519943296,-0.005585053606381855
0.0,-0.0,-0.0012217304763960308,0.00017453292519943296,0.003665191429188092
0.00968781880803507,0.0024733724796816682,-0.00017453292519943296,-0.003490658503988659,0.0041887902047863905
0.009688250279665241,0.0024716813411004078,-0.003141592653589793,0.009773843811168246,0.004537856055185257
0.005120515610518763,-0.019378589069047658,0.0008726646259971648,-0.007155849933176752,-0.007853981633974483
0.00968781880803507,0.0024733724796816682,-0.0017453292519943296,-0.002617993877991494,0.006806784082777886
0.012160851443609521,-0.007215922054842161,-0.0015707963267948964,-0.00034906585039886593,0.00034906585039886593
0.01233533864548087,-0.007215922054842161,0.0005235987755982988,0.0024434609527920616,-0.003141592653589793
0.009688279647199625,0.0024716813411004078,-0.006457718232379019,-0.003141592653589793,0.004014257279586958
0.012333630441903167,-0.007215922054842161,0.003141592653589793,0.007853981633974483,-0.0024434609527920616
0.01937655929439925,0.0049433626822008156,-0.003839724354387525,-0.003141592653589793,0.006283185307179586
0.01215959203040944,-0.007218044730778823,-0.003141592653589793,0.0013962634015954637,-0.003839724354387525
0.01937655929439925,0.0049433626822008156,-0.006283185307179586,0.005061454830783556,0.0033161255787892262
0.019549338292692894,0.0049433626822008156,0.003141592653589793,0.0020943951023931952,0.0020943951023931952
0.022020650675902708,-0.0047463633896784145,-0.0019198621771937625,0.00034906585039886593,-0.003665191429188092
0.021847937238303115,-0.0047463633896784145,-0.008552113334772215,0.005759586531581287,-0.0012217304763960308
0.022018971165254423,-0.0047463633896784145,-0.0010471975511965976,-0.0006981317007977319,0.0008726646259971648
0.03153624595791525,-0.0022746820485780063,-0.006108652381980154,-0.004363323129985824,0.0012217304763960308
0.03170727988486655,-0.0022746820485780063,0.0012217304763960308,0.0008726646259971648,-0.0027925268031909274
0.031536642426428896,-0.0022691770954788243,-0.003141592653589793,0.0024434609527920616,-0.003141592653589793
0.031707676353380204,-0.0022691770954788243,-0.0015707963267948964,0.005585053606381855,-0.0029670597283903604
0.034009754135965894,-0.011958471630002654,-0.003839724354387525,0.0017453292519943296,-0.007853981633974483
0.041224642121451556,0.00020419538420284373,-0.0033161255787892262,-0.0010471975511965976,0.0006981317007977319
0.04139393097185053,0.00020419538420284373,0.0005235987755982988,-0.0012217304763960308,0.0015707963267948964
0.041224642121451556,0.00020419538420284373,-0.004363323129985824,0.005759586531581287,0.002617993877991494
0.05338556617874078,-0.007011726670639316,-0.0041887902047863905,-0.003141592653589793,-0.002617993877991494
0.05091254814283899,0.002677567863884513,-0.0029670597283903604,0.004363323129985824,0.0019198621771937625
0.05355326689247555,-0.007011726670639316,-0.0022689280275926286,-0.006283185307179586,-0.003839724354387525
0.06060063231989066,0.00515094034356618,-0.00820304748437335,0.0005235987755982988,0.005061454830783556
0.06324120139476062,-0.004538354190957649,0.0005235987755982988,0.0066322511575784525,-0.0022689280275926286
0.07028856682217575,0.0076243128232478495,-0.007155849933176752,-0.0008726646259971648,0.004537856055185257
0.07540216120322588,-0.011754276245799807,0.0017453292519943296,-0.006806784082777886,-0.004014257279586958
0.07997849492387765,0.010083724656924031,-0.006457718232379019,0.008377580409572781,0.008377580409572781
0.07523483631987717,-0.011754276245799807,-0.005235987755982988,-0.004014257279586958,-0.005934119456780721
0.08278143388263243,0.0003939985850448019,0.005235987755982988,-0.003141592653589793,0.004886921905584123
0.09213772919489402,0.0028817632480873548,-0.007155849933176752,0.003665191429188092,-0.0006981317007977319
0.09461076169601988,-0.006807531286436473,-0.0041887902047863905,-0.0015707963267948964,-0.004537856055185257
0.10429902464967039,-0.004334158806754802,-0.00890117918517108,-0.0029670597283903604,-0.00017453292519943296
0.10446307823968401,-0.004334158806754802,-0.0017453292519943296,0.004363323129985824,-0.0024434609527920616
0.10920804493804367,0.017498768680225256,-0.004363323129985824,-0.0019198621771937625,0.00942477796076938
0.11398733991242598,-0.0018607863270731345,-0.005934119456780721,-0.0013962634015954637,-0.0033161255787892262
0.12631071324490373,-0.009076708381915297,-0.0008726646259971648,0.0008726646259971648,-0.003665191429188092
0.12614840475175082,-0.009076708381915297,-0.008552113334772215,0.0008726646259971648,-0.004014257279586958
0.13599873141921018,-0.006603335902233631,-0.0022689280275926286,-0.0005235987755982988,-0.0066322511575784525
0.1456854145737566,-0.00412996342255196,-0.005061454830783556,-0.0008726646259971648,-0.0019198621771937625
0.14305179754844377,0.005559331111971871,-0.006806784082777886,0.005934119456780721,0.004363323129985824
0.1553734600485101,-0.001656590942870296,-0.005759586531581287,-0.0015707963267948964,-0.003839724354387525
0.1649014017916848,0.0008167815368113749,-0.010297442586766544,-0.0006981317007977319,-0.0015707963267948964
0.16506022007633683,0.0008167815368113749,0.00017453292519943296,0.0029670597283903604,0.0019198621771937625
0.17706364882237638,-0.00636823328044331,-0.008552113334772215,-0.0027925268031909274,-0.007330382858376184
0.1772224671070284,-0.00636823328044331,-0.0019198621771937625,0.002617993877991494,-0.0029670597283903604
0.18675180440159744,-0.003893169737523615,-0.0054105206811824215,-0.0008726646259971648,-0.0029670597283903604
0.19659654498578424,-0.001418106194603913,-0.0041887902047863905,-0.0020943951023931952,0.0006981317007977319
0.19659654498578424,-0.001418106194603913,-0.003665191429188092,0.0024434609527920616,-0.00034906585039886593
0.20628421239685282,0.0010569573483157888,-0.003665191429188092,0.003141592653589793,0.002617993877991494
0.20612770123997454,0.0010569573483157888,-0.005759586531581287,-0.005061454830783556,-0.0005235987755982988
0.21860081612659363,-0.006156841810780151,0.003490658503988659,0.0013962634015954637,-0.0027925268031909274
0.22797785383798602,-0.003681778267860449,-0.0054105206811824215,0.00034906585039886593,0.0008726646259971648
0.22813318189478565,-0.003681778267860449,-0.0033161255787892262,0.0010471975511965976,0.0020943951023931952
0.24029564066780548,-0.010895577426956396,-0.0017453292519943296,-0.003839724354387525,-0.006806784082777886
0.2448784765399413,0.010957211519994582,-0.004886921905584123,0.005585053606381855,0.0066322511575784525
0.24750856954476905,0.001268348817978948,0.0027925268031909274,-0.003839724354387525,-0.0013962634015954637
0.2596710283177889,-0.005945450341116998,0.0008726646259971648,0.003665191429188092,-0.004537856055185257
0.2570416283164575,0.0037434123608986497,-0.005235987755982988,-0.002617993877991494,0.0027925268031909274
0.26935770281621574,-0.003470386798197303,-0.0005235987755982988,-0.0020943951023931952,-0.0020943951023931952
0.26935770281621574,-0.003470386798197303,-0.0013962634015954637,0.005934119456780721,-0.003141592653589793
0.278891839824277,-0.0009953232552775946,-0.005759586531581287,0.00017453292519943296,-0.00017453292519943296
0.2887331427038374,0.0014797402876421002,0.003839724354387525,-0.005585053606381855,-0.0010471975511965976
0.28857955976808786,0.0014797402876421002,-0.0027925268031909274,-0.0013962634015954637,-0.0
0.30089663035130787,-0.005681563202816262,0.0012217304763960308,0.0015707963267948964,-0.004014257279586958
0.3104303352826888,-0.0032048086720532884,-0.007504915783575617,-0.0017453292519943296,-0.0008726646259971648
0.31058391821843834,-0.0032048086720532884,0.003490658503988659,0.00017453292519943296,-0.0017453292519943296
0.3202712060855689,-0.0007280541412903018,0.00034906585039886593,0.0041887902047863905,-0.00034906585039886593
0.3296539523392573,0.001748700389472671,-0.01117010721276371,-0.008028514559173916,-0.0017453292519943296
0.33011207688844896,0.001748700389472671,0.0054105206811824215,-0.004537856055185257,0.0022689280275926286
0.3445987066370233,-0.015151406228499989,0.0027925268031909274,0.0013962634015954637,-0.009075712110370514
0.341969572848859,-0.005462975654132166,-0.006457718232379019,-0.0006981317007977319,-0.0022689280275926286
0.34948665262271,0.006702209450998631,0.005585053606381855,-0.00034906585039886593,0.0022689280275926286
0.36134420022824504,-0.000509466592606206,-0.006108652381980154,0.0024434609527920616,-0.0024434609527920616
0.36134428363310195,-0.0004463928537417684,-0.00471238898038469,-0.0029670597283903604,-0.0033161255787892262
0.37133484056991245,0.002032052589418208,0.00471238898038469,0.0020943951023931952,0.00017453292519943296
0.3833480438040158,-0.005177500119015316,-0.0010471975511965976,-0.002617993877991494,-0.0010471975511965976
0.3833480438040158,-0.005177500119015316,-0.0033161255787892262,0.0,-0.0008726646259971648
0.3930349251207844,-0.002699054675855311,-0.0033161255787892262,0.00017453292519943296,-0.0041887902047863905
0.40272180643755295,-0.00022060923269532056,-0.0010471975511965976,-0.0017453292519943296,0.0008726646259971648
0.4051999661649088,-0.009908607384288835,0.0024434609527920616,0.003141592653589793,-0.0033161255787892262
0.41473610255828025,-0.007430161941128831,-0.00890117918517108,-0.0022689280275926286,-0.004014257279586958
0.4245737287984459,-0.004951716497968841,0.0015707963267948964,-0.005061454830783556,-0.0017453292519943296
0.424573959756923,-0.004877632288335544,-0.003490658503988659,0.003839724354387525,-0.006108652381980154
0.4342604339308783,-0.0023974960082763105,-0.003839724354387525,0.00017453292519943296,0.0010471975511965976
0.4464267650089324,-0.009604925161922967,0.0005235987755982988,-0.0029670597283903604,-0.005759586531581287
0.4536333822787891,0.0025627765518422122,-0.00471238898038469,0.003839724354387525,0.0015707963267948964
0.4536333822787891,0.0025627765518422122,0.0008726646259971648,0.0033161255787892262,0.0008726646259971648
0.4633198564527444,0.005042912831901474,-0.0005235987755982988,-0.0027925268031909274,0.0006981317007977319
0.4681319716134044,-0.014250504605920946,-0.004363323129985824,-0.0012217304763960308,-0.011693705988362009
0.47796810550281627,-0.011768677564511703,0.00034906585039886593,0.0017453292519943296,-0.005934119456780721
0.4826905634903511,0.010087414318333964,-0.0033161255787892262,0.0012217304763960308,0.003839724354387525
0.4948581838677102,0.002882108939024988,-0.0019198621771937625,-0.00471238898038469,0.0019198621771937625
0.49982129174494727,-0.01649215590241145,-0.00034906585039886593,0.006981317007977318,-0.009250245035569947
0.5070258042450693,-0.004323196440283989,0.0017453292519943296,-0.0017453292519943296,-0.0041887902047863905
0.5165635231390684,-0.0018413693988747453,-0.0054105206811824215,0.0006981317007977319,0.00034906585039886593
0.5167118706838099,-0.0018413693988747453,0.0005235987755982988,-0.0024434609527920616,-0.003490658503988659
0.526397817338666,0.00073231562071459,-0.0020943951023931952,0.005585053606381855,-0.0024434609527920616
0.5360834505170136,0.003215833347873025,0.0008726646259971648,-0.002617993877991494,-0.0024434609527920616
0.5360834505170136,0.003215833347873025,0.0008726646259971648,-0.0029670597283903604,-0.0010471975511965976
0.5482523281336842,-0.0039873480376120905,-0.0024434609527920616,0.002617993877991494,-0.005934119456780721
0.5604231501178131,-0.011092732430636899,-0.0005235987755982988,-0.004537856055185257,-0.006108652381980154
0.5579382152554296,-0.0014064669211417177,-0.0027925268031909274,0.002617993877991494,-0.0
0.5677719420351207,0.000979687416704808,0.0022689280275926286,-0.005585053606381855,0.0008726646259971648
0.5797935493636397,-0.006122315756126112,-0.004363323129985824,-0.00471238898038469,-0.0041887902047863905
0.587142161668911,0.006049158090624447,0.004886921905584123,-0.0010471975511965976,0.00017453292519943296
0.5868480239668256,0.005946722871021706,-0.006108652381980154,0.0015707963267948964,0.005061454830783556
0.6016486867193872,-0.010838164591110562,-0.0029670597283903604,0.0027925268031909274,-0.009250245035569947
0.6016486867193872,-0.010838164591110562,-0.002617993877991494,0.0033161255787892262,-0.006283185307179586
0.6089955724201869,0.0013333092556400247,0.005585053606381855,-0.004363323129985824,0.0017453292519943296
0.6185341945695136,0.0038185175928954315,-0.0024434609527920616,-0.0019198621771937625,0.0013962634015954637
0.6307049410803935,-0.00327247461001943,-0.0022689280275926286,0.003490658503988659,-0.007504915783575617
0.6307049410803935,-0.00327247461001943,-0.0010471975511965976,-0.002617993877991494,-0.006108652381980154
0.6405363341887346,-0.000785575738370856,0.0033161255787892262,0.00471238898038469,-0.0015707963267948964
0.6500745224864823,0.0017013231332776903,-0.003490658503988659,-0.0024434609527920616,-0.0033161255787892262
0.6597593131895267,0.004188222004926237,-0.0029670597283903604,-0.0033161255787892262,-0.0012217304763960308
0.6623925472066602,-0.0054976096063600825,0.0027925268031909274,-0.0005235987755982988,-0.0019198621771937625
0.6717841330991113,-0.0030107107347115366,-0.00820304748437335,-0.0022689280275926286,-0.0020943951023931952
0.6842505315347812,-0.010090257725637495,0.004014257279586958,0.005235987755982988,-0.006981317007977318
0.6937882856859342,-0.007601668395351072,0.0008726646259971648,-0.00767944870877505,-0.006981317007977318
0.6984959984647718,0.01425771577099561,0.00034906585039886593,0.0033161255787892262,0.005061454830783556
0.7034726422423839,-0.005113079065064622,-0.004014257279586958,-0.006108652381980154,-0.005759586531581287
0.7108152793153241,0.007060907683251903,0.0017453292519943296,-0.003665191429188092,0.0005235987755982988
0.7157940604449794,-0.012184995459945419,0.0012217304763960308,0.0033161255787892262,-0.010297442586766544
0.7228413680645588,-9.752817088010334e-06,-0.00017453292519943296,-0.008028514559173916,-0.0029670597283903604
0.7326718925847079,0.002480526896029539,0.0017453292519943296,0.002617993877991494,-0.003141592653589793
0.7422092122942638,0.004970806609147088,-0.0020943951023931952,0.0012217304763960308,-0.0010471975511965976
0.754383523109389,-0.002092223315544989,-0.0006981317007977319,-0.005061454830783556,-0.0066322511575784525
0.7640670104876554,0.0003997467045454229,-0.0012217304763960308,0.0022689280275926286,-0.0005235987755982988
0.7667053151082491,-0.009284781441883327,0.005585053606381855,-0.0010471975511965976,-0.009075712110370514
0.7712587956506247,0.012576244871064611,-0.0022689280275926286,0.0005235987755982988,0.005934119456780721
0.7859256874594853,-0.004300841401702449,-0.0010471975511965976,-0.004014257279586958,-0.006108652381980154
0.7859266797238468,-0.004163682274531782,-0.004014257279586958,-0.0006981317007977319,-0.006283185307179586
0.7957546139630929,-0.001670022023378259,0.0013962634015954637,0.0022689280275926286,-0.0027925268031909274
0.8054391331478487,0.0008236382277752921,0.0033161255787892262,-0.005934119456780721,-0.003839724354387525
0.8149755830892563,0.0033172984789288434,-0.0019198621771937625,0.003665191429188092,-0.0019198621771937625
0.8272986301059733,-0.003873134338027652,0.0010471975511965976,-0.0019198621771937625,-0.0017453292519943296
0.8271523862425418,-0.003873134338027652,-0.003141592653589793,0.0006981317007977319,-0.0027925268031909274
0.8393307798002791,-0.010917086378844218,-0.0017453292519943296,0.004014257279586958,-0.006283185307179586
0.8466631901268739,0.0012619217222082021,-0.0010471975511965976,-0.0005235987755982988,-0.0024434609527920616
0.8563458317771019,0.0037572721284636276,0.0033161255787892262,-0.0017453292519943296,0.0005235987755982988
0.8588409203621212,-0.005926385566333367,-0.0006981317007977319,0.003141592653589793,-0.0006981317007977319
0.868378704750963,-0.0034310351600779685,-0.0013962634015954637,0.003141592653589793,-0.0024434609527920616
0.8805564349862104,-0.010619342448619538,-0.0015707963267948964,0.004537856055185257,-0.004537856055185257
0.8903853380962309,-0.007968624869931157,0.0027925268031909274,0.0017453292519943296,-0.003490658503988659
0.8902404808348449,-0.007968624869931157,-0.003490658503988659,-0.0008726646259971648,-0.004014257279586958
0.9000675441238767,-0.0054715843845865525,0.0005235987755982988,0.003839724354387525,-0.003839724354387525
0.9097497501515225,-0.0029745438992419765,-0.0008726646259971648,0.006108652381980154,-0.0010471975511965976
0.9194319561791682,-0.00047750341389737297,0.0010471975511965976,-0.003141592653589793,0.0015707963267948964
0.9245738193975062,-0.019682638116133605,0.005759586531581287,0.0008726646259971648,-0.014835298641951801
0.9289689383598949,0.0021816644987177605,-0.0041887902047863905,0.003490658503988659,-0.0006981317007977319
0.9412940340438907,-0.005002391076153593,0.00017453292519943296,0.0013962634015954637,-0.0054105206811824215
0.9484773358415344,0.007179125475456848,0.00017453292519943296,0.0008726646259971648,0.0008726646259971648
0.9631577185593583,-0.009519646504680568,0.0005235987755982988,-0.0010471975511965976,-0.008726646259971648
0.9606575604972795,0.00016270330034388463,-0.0022689280275926286,-0.0054105206811824215,-0.00471238898038469
0.9703388943949635,0.0026631237156227268,-0.0015707963267948964,0.0054105206811824215,-0.0020943951023931952
0.9826652436161124,-0.004518805674122911,0.007853981633974483,0.006108652381980154,-0.004537856055185257
0.9920572001210601,-0.0018452457586582982,-0.00471238898038469,-0.008377580409572781,-0.00820304748437335
1.0018829547727772,0.0006568645073626589,0.0022689280275926286,-0.00017453292519943296,-0.0017453292519943296
1.004384802508293,-0.00902504874450408,0.00017453292519943296,-0.0017453292519943296,-0.005759586531581287
1.014065699898624,-0.006522938478483152,0.0008726646259971648,-0.003490658503988659,-0.005934119456780721
1.0212447495534394,0.005661085039404545,-0.00017453292519943296,0.0020943951023931952,-0.00017453292519943296
1.0334277439821709,-0.0013383824438664702,-0.0010471975511965976,-0.0008726646259971648,-0.0041887902047863905
1.0335752086486978,-0.0013383824438664702,0.006806784082777886,-0.006283185307179586,-0.00471238898038469
1.0457591755766913,-0.008516058807103155,0.004014257279586958,0.0022689280275926286,-0.00767944870877505
1.0527894781705622,0.003669217637222389,-0.0012217304763960308,-0.005759586531581287,0.0005235987755982988
1.0649740411583035,-0.003322616944910168,0.0022689280275926286,0.004014257279586958,-0.0024434609527920616
1.0649740411583035,-0.003322616944910168,-0.0024434609527920616,-0.00471238898038469,-0.005061454830783556
1.0746540400258624,-0.0008171272061123397,0.0006981317007977319,-0.0020943951023931952,-0.0006981317007977319
1.0868392593745007,-0.007992676728095364,0.0019198621771937625,0.0010471975511965976,-0.00471238898038469
1.0940140377609802,0.004193852271483205,0.0005235987755982988,0.00034906585039886593,-0.00017453292519943296
1.0966658606473563,-0.0054871869892975916,0.004886921905584123,-0.002617993877991494,-0.0041887902047863905
1.1087066705355528,-0.012469261265432418,-0.0015707963267948964,-0.005759586531581287,-0.009948376736367679
1.1158793220907879,-0.00028148008182370094,-0.0012217304763960308,-0.011519173063162575,-0.0015707963267948964
1.1280670772980423,-0.007258047827172674,-0.00034906585039886593,0.006108652381980154,-0.008552113334772215
1.1352376018035413,0.004930985169205121,0.0008726646259971648,-0.0019198621771937625,-0.0015707963267948964
1.1352376018035413,0.004930985169205121,-0.0006981317007977319,0.0010471975511965976,-0.0008726646259971648
1.1474253248798818,-0.0022403100145960905,-0.0006981317007977319,-0.004886921905584123,-0.00820304748437335
1.1594680703519231,-0.009209243825437597,-0.006981317007977318,-0.0015707963267948964,-0.009250245035569947
1.157250986589524,0.00047048223698772533,0.007504915783575617,-0.0012217304763960308,-0.00471238898038469
1.169293358567549,-0.006698685450015074,-0.0054105206811824215,-0.004014257279586958,-0.007330382858376184
1.17911935971838,-0.003982386635785685,0.0015707963267948964,-0.0012217304763960308,-0.004363323129985824
1.1913095850373854,-0.011149426607604635,0.003141592653589793,-0.007853981633974483,-0.008726646259971648
1.1885056801706113,-0.0014701388677048957,-0.009599310885968814,-0.0017453292519943296,-0.003141592653589793
1.1983286094754304,0.001251228092754186,-0.0013962634015954637,0.0020943951023931952,-0.0041887902047863905
1.213033789683508,-0.015592533068086655,-0.0010471975511965976,-0.0017453292519943296,-0.012217304763960308
1.2106659872234946,-0.005702436639536635,0.0019198621771937625,0.0,-0.010122909661567111
1.2201985246784428,-0.0031868103157732374,-0.005934119456780721,-0.00890117918517108,-0.004886921905584123
1.2323930691593148,-0.010134529189725412,-0.0024434609527920616,-0.0006981317007977319,-0.008028514559173916
1.2395529733539101,0.0020607573002482415,-0.0027925268031909274,-0.0015707963267948964,-0.0033161255787892262
1.2420696553479673,-0.007617213703040421,-0.003141592653589793,-0.003141592653589793,-0.009773843811168246
1.2518906182853875,-0.004881454722558187,0.0012217304763960308,-0.006981317007977318,-0.006806784082777886
1.2614240465916926,-0.002362450149633488,-0.007853981633974483,-0.00767944870877505,-0.007155849933176752
1.2667515347659322,-0.02149650090727158,0.008552113334772215,0.0005235987755982988,-0.013962634015954637
1.2711005403343483,0.00037837608479898607,-0.0054105206811824215,-0.007853981633974483,-0.0054105206811824215
1.2809197531151875,0.0028990696672301077,0.0024434609527920616,-0.0020943951023931952,0.0013962634015954637
1.2953529124689702,-0.013708340461727383,-0.00820304748437335,-0.002617993877991494,-0.016755160819145562
1.2956415092796478,-0.013482260345896632,0.0019198621771937625,-0.01117010721276371,-0.012042771838760876
1.3027929166806982,-0.0012819777476316858,-0.0005235987755982988,0.004363323129985824,-0.004363323129985824
1.3149934016988785,-0.008204659519299997,-0.00034906585039886593,-0.007504915783575617,-0.006981317007977318
1.3175220035279616,-0.0176505307554677,0.005235987755982988,-0.004886921905584123,-0.016580627893946133
1.3270532301289326,-0.015123081903372375,-0.004886921905584123,-0.004363323129985824,-0.013962634015954637
1.334200200368548,-0.0029203034806607967,-0.00471238898038469,-0.0041887902047863905,-0.0029670597283903604
1.3465467562172213,-0.00983321847618781,0.004014257279586958,-0.0008726646259971648,-0.012915436464758038
1.3562219077282234,-0.007067426428466039,0.0019198621771937625,0.004014257279586958,-0.00767944870877505
1.3587553755903223,-0.01650477651790027,0.0012217304763960308,-0.005934119456780721,-0.017453292519943295
1.3657530224918972,-0.0042982571464978345,-0.0017453292519943296,-0.0006981317007977319,-0.006457718232379019
1.380637322684612,-0.020872836310426773,0.004014257279586958,-0.0006981317007977319,-0.0158824961931484
1.387634330310837,-0.008422908105996496,-0.0020943951023931952,-0.0005235987755982988,-0.00890117918517108
1.390313073928191,-0.01809602837759333,0.004014257279586958,-0.006283185307179586,-0.013788101090755204
1.4095164725608387,-0.012778263891738221,-0.0020943951023931952,0.006981317007977318,-0.010821041362364843
1.4122008007693647,-0.022204515918917554,0.0022689280275926286,0.0012217304763960308,-0.01884955592153876
1.4193347594792944,-0.009745342893204799,0.0008726646259971648,-0.0012217304763960308,-0.011868238913561441
1.4340915622690578,-0.02629772302475571,0.00034906585039886593,-0.003490658503988659,-0.019024088846738195
1.4508898931221965,-0.011541088096574703,-0.004014257279586958,-0.003665191429188092,-0.008377580409572781
1.4631042654687922,-0.01841448084634671,-0.0017453292519943296,0.0017453292519943296,-0.013613568165555772
1.4751813479444624,-0.025283609113728345,-0.00890117918517108,-0.0054105206811824215,-0.017976891295541596
1.4849961533937248,-0.022478457377737803,-0.00471238898038469,-0.0006981317007977319,-0.0158824961931484
1.5019261892227076,-0.0074509644595155584,-0.003665191429188092,-0.0024434609527920616,-0.01117010721276371
1.523672968909765,-0.01202174462304979,-0.013264502315156905,0.00017453292519943296,-0.009948376736367679
1.5384483411763987,-0.02827456511399837,-0.014311699866353503,0.003490658503988659,-0.022514747350726852
1.557786370688051,-0.02289718631018669,-0.013089969389957472,-0.0008726646259971648,-0.017976891295541596
1.577119533683641,-0.01778827115147088,-0.013788101090755204,0.00017453292519943296,-0.016580627893946133
1.5990108479010856,-0.022068555079024877,-0.016929693744344994,0.004363323129985824,-0.017453292519943295
1.6085487336272755,-0.019231687333056517,-0.022165681500327987,0.003490658503988659,-0.018500490071139894
1.6305728595153655,-0.023498820008001357,-0.01937315469713706,0.0027925268031909274,-0.016755160819145562
1.6500340830161597,-0.018091861578150605,-0.016929693744344994,-0.003839724354387525,-0.016929693744344994
1.6840277451315153,-0.02944726245232326,-0.025132741228718343,0.0029670597283903604,-0.02076941809873252
1.7009186840726414,-0.014358671016471963,-0.020245819323134222,0.0013962634015954637,-0.012391837689159739
1.7252583316300423,-0.028259543959328136,-0.02303834612632515,-0.0020943951023931952,-0.018675022996339326
1.756819682132295,-0.02991926467853959,-0.02600540585471551,0.0013962634015954637,-0.020594885173533087
1.7859290934987653,-0.021903757867840025,-0.025830872929516076,-0.00034906585039886593,-0.019896753472735357
1.8078234814349246,-0.02611321877827976,-0.02495820830351891,0.0041887902047863905,-0.019896753472735357
1.8393855686798968,-0.027742020215960617,-0.02548180707911721,0.0008726646259971648,-0.017453292519943295
1.8709448671149471,-0.02935980326059703,-0.02949606435870417,0.0020943951023931952,-0.020420352248333655
1.8999322301823196,-0.02097260852194477,-0.03159045946109736,0.0,-0.019896753472735357
1.9341704643620306,-0.032224807677839896,-0.02775073510670984,0.0017453292519943296,-0.022165681500327987
1.9631524649204433,-0.02414296171355721,-0.02199114857512855,0.0012217304763960308,-0.016231562043547264
1.9946150933651094,-0.025711610084685813,-0.0291469985083053,0.0024434609527920616,-0.022514747350726852
2.0261797709033758,-0.027269239419952143,-0.028274333882308142,-0.0008726646259971648,-0.022165681500327987
2.060423435084618,-0.03811601168177782,-0.026179938779914945,-0.003665191429188092,-0.027401669256310976
2.0893087180005923,-0.029986833996026318,-0.026878070480712675,0.002617993877991494,-0.024260076602721184
2.120959316710864,-0.03150589494400728,-0.019198621771937627,-0.006108652381980154,-0.022689280275926284
2.1595894323588967,-0.020762786664287648,-0.018675022996339326,-0.003490658503988659,-0.020420352248333655
2.1814964804301753,-0.024853508297029085,-0.01815142422074103,-0.0022689280275926286,-0.020594885173533087
2.213152221725098,-0.02595376653452155,-0.0066322511575784525,0.0,-0.022863813201125717
2.247159427031859,-0.03707977922437812,-0.018500490071139894,-0.0013962634015954637,-0.027401669256310976
2.276209779825329,-0.028485375898330462,-0.0041887902047863905,-0.0022689280275926286,-0.02199114857512855
2.3077062160563355,-0.029927748267232553,-0.009948376736367679,0.0008726646259971648,-0.02548180707911721
2.3270961715119727,-0.024311558605271885,-0.0010471975511965976,-0.005061454830783556,-0.02234021442552742
2.358673767833629,-0.025322418608773743,0.004537856055185257,0.0027925268031909274,-0.02303834612632515
2.3900920645988784,-0.02672835799790498,-0.005934119456780721,-0.0054105206811824215,-0.023387411976724018
2.412170071236909,-0.03073674582081672,0.004886921905584123,-0.0033161255787892262,-0.024609142453120045
2.4437511701287713,-0.03169586757668648,0.0066322511575784525,-0.00017453292519943296,-0.025656340004316644
2.4726322559612495,-0.023413837244991915,0.006283185307179586,-0.006283185307179586,-0.019547687622336492
2.4971836678028168,-0.03660735244781907,0.006457718232379019,0.0015707963267948964,-0.029321531433504737
2.5235968877933974,-0.018651116638699238,0.011693705988362009,-0.004014257279586958,-0.01832595714594046
2.5480698269650346,-0.03225869851397527,0.007330382858376184,0.0017453292519943296,-0.022863813201125717
2.5822855322921563,-0.042780114272686486,0.00471238898038469,-0.005934119456780721,-0.03385938748868999
2.6111613325872978,-0.033982819111677574,-0.0020943951023931952,-0.0033161255787892262,-0.026179938779914945
2.630621079502467,-0.028259752866268913,0.0041887902047863905,-0.005934119456780721,-0.022514747350726852
2.6621195171132195,-0.02954108220452007,-0.0013962634015954637,0.003141592653589793,-0.028274333882308142
2.693784386109373,-0.03034129024845441,0.0029670597283903604,0.0022689280275926286,-0.024434609527920616
2.7182840222217717,-0.04340620055672875,-0.004537856055185257,-0.004537856055185257,-0.032114058236695664
2.74730177674152,-0.03500046838973822,-0.0006981317007977319,-0.0033161255787892262,-0.025830872929516076
2.7665212282010687,-0.02874729085768064,-0.009773843811168246,0.0022689280275926286,-0.026878070480712675
2.7911896435270185,-0.041765331619835894,-0.003490658503988659,-0.0024434609527920616,-0.03246312408709453
2.8200448848356894,-0.03332164208901728,-0.011693705988362009,0.0019198621771937625,-0.026354471705114377
2.8517056819711795,-0.03401160743109066,-0.005759586531581287,0.003839724354387525,-0.028448866807507574
2.880632231279804,-0.02554221046314985,-0.0054105206811824215,0.0,-0.025132741228718343
2.9052356552010297,-0.038494688197435095,-0.005585053606381855,0.0033161255787892262,-0.031939525311496235
2.934158845727311,-0.030000805135152752,-0.006283185307179586,0.004537856055185257,-0.02652900463031381
2.968409059602052,-0.040256057716314526,-0.01117010721276371,0.003839724354387525,-0.030019663134302467
2.9876969105147366,-0.03388194363122897,-0.010122909661567111,0.005235987755982988,-0.026354471705114377
3.019347794779262,-0.034985205934264116,-0.0066322511575784525,0.0066322511575784525,-0.025656340004316644
3.0481922512232913,-0.026441138785950828,-0.01064650843716541,0.007504915783575617,-0.019722220547535925
3.075629722293071,-0.0489318320110946,-0.0013962634015954637,0.00767944870877505,-0.030892327760299633
3.104406123097927,-0.04036281648787839,-0.012217304763960308,-0.003141592653589793,-0.027052603405912107
3.133382529625045,-0.03123688957310477,-0.0041887902047863905,0.004886921905584123,-0.02111848394913139
3.164903892627283,-0.03227614861804638,-0.013962634015954637,-0.0006981317007977319,-0.023911010752322315
3.1966218768854056,-0.032746534139943544,-0.003665191429188092,-0.012566370614359171,-0.02757620218151041
3.2282106866347333,-0.033758228627464755,-0.004363323129985824,-0.0041887902047863905,-0.022863813201125717
3.2474079407240986,-0.027816469798263955,-0.010821041362364843,-0.004537856055185257,-0.024783675378319478
3.2790014482738323,-0.028236024165094513,-0.007853981633974483,-0.013264502315156905,-0.02530727415391778
3.3105837006139844,-0.029211277977630873,-0.007504915783575617,-0.010995574287564275,-0.026354471705114377
3.3367815757484167,-0.010916013881088439,-0.009948376736367679,-0.007330382858376184,-0.012740903539558606
3.371118232348627,-0.02149943195796988,-0.003665191429188092,-0.005061454830783556,-0.02408554367752175
3.3930234335854492,-0.024549218811463963,-0.008726646259971648,-0.006457718232379019,-0.027227136331111543
3.4246726794177627,-0.025477005702241755,-0.00471238898038469,-0.0006981317007977319,-0.023387411976724018
3.4535500408208613,-0.016766376538877865,-0.0017453292519943296,0.0006981317007977319,-0.016929693744344994
3.4850186797562177,-0.017672582550275748,-0.017976891295541596,-0.0024434609527920616,-0.02234021442552742
3.5070936437602818,-0.021275446797852645,-0.0006981317007977319,-0.003141592653589793,-0.019547687622336492
3.535976904019318,-0.011918222085516867,-0.004886921905584123,0.0041887902047863905,-0.018500490071139894
3.567503341010566,-0.01278798812706218,-0.008726646259971648,0.005585053606381855,-0.017453292519943295
3.599147222757589,-0.013646727555953348,-0.0,0.0041887902047863905,-0.020071286397934793
3.6211134694152833,-0.01721052451419447,-0.0012217304763960308,-0.0010471975511965976,-0.01815142422074103
3.652704532423484,-0.01804889004591226,0.0019198621771937625,0.0066322511575784525,-0.01832595714594046
3.6815765936777005,-0.009253098748063328,0.0033161255787892262,-0.00767944870877505,-0.012915436464758038
3.7034878703295773,-0.013437341474140845,-0.005759586531581287,-0.003665191429188092,-0.015707963267948967
3.735132889794014,-0.014250293781821388,0.0005235987755982988,0.0015707963267948964,-0.010122909661567111
3.7571021608308395,-0.017775021453983283,0.0054105206811824215,0.004537856055185257,-0.015009831567151233
3.785968278122045,-0.009606614042765903,0.0015707963267948964,-0.009075712110370514,-0.010297442586766544
3.8079460300876513,-0.01311863515011179,0.0020943951023931952,-0.0019198621771937625,-0.009773843811168246
3.8367480527996127,-0.004945189701699424,-0.005061454830783556,-0.0027925268031909274,-0.006806784082777886
3.861561743337721,-0.018065733292447254,0.006283185307179586,-0.0006981317007977319,-0.012217304763960308
3.887580419067002,-0.00026602114408132556,-0.003141592653589793,0.0010471975511965976,-0.005235987755982988
3.9123397995715914,-0.013373382492502769,0.0033161255787892262,0.004363323129985824,-0.01064650843716541
3.9411931726105456,-0.005189861716785723,-0.0024434609527920616,-0.012042771838760876,-0.0066322511575784525
3.9796745619989675,0.006416027718382676,-0.0019198621771937625,0.003141592653589793,-0.0020943951023931952
4.0139939285227655,-0.004635967647819403,-0.007155849933176752,-0.008552113334772215,-0.005061454830783556
4.035955212036823,-0.008797205653333683,-0.01064650843716541,-0.003490658503988659,-0.009948376736367679
4.071758669109492,0.011741148483220136,-0.00890117918517108,-0.004537856055185257,0.0022689280275926286
4.096498549101642,-0.0013254627346338003,-0.004886921905584123,-0.0033161255787892262,-0.00820304748437335
4.1225786171221355,0.015768468543225733,-0.01117010721276371,0.0027925268031909274,0.00471238898038469
4.147328097271081,0.0027107289301667,-0.0024434609527920616,0.0008726646259971648,-0.0012217304763960308
4.178808473312736,0.0012845238577107424,-0.016231562043547264,0.0005235987755982988,-0.0024434609527920616
4.200770311246885,-0.002872879583373445,-0.0153588974175501,-0.0024434609527920616,-0.003839724354387525
4.2296765150631686,0.005320715522511243,-0.005235987755982988,-0.004537856055185257,0.0017453292519943296
4.248905368912534,0.01078311225976748,-0.00820304748437335,0.00820304748437335,0.0012217304763960308
4.2736071116734475,-0.002994091359656918,-0.00034906585039886593,-0.0017453292519943296,-0.0017453292519943296
4.302420836665794,0.005199503746227548,-0.007155849933176752,0.007155849933176752,0.003839724354387525
4.324382550848267,0.0010421003051433607,-0.004537856055185257,0.003839724354387525,-0.0020943951023931952
4.3505137289090525,0.018096234061872305,-0.006283185307179586,0.004886921905584123,0.008552113334772215
4.375256719021653,0.004314719340496933,0.0010471975511965976,0.0013962634015954637,0.0015707963267948964
4.3917675959250575,0.019394034766704385,0.0022689280275926286,0.006981317007977318,0.009948376736367679
4.413740050952201,0.014462507613905759,0.00034906585039886593,0.005061454830783556,0.00820304748437335
4.4357197051991,0.010297435170719902,0.006283185307179586,0.0022689280275926286,0.005585053606381855
4.457689827580047,0.005354404518104051,0.0027925268031909274,0.008552113334772215,0.005061454830783556
4.483827084123077,0.02315411666646998,0.0008726646259971648,0.008552113334772215,0.011519173063162575
4.498959024776687,0.0058526688400584205,0.012740903539558606,0.011693705988362009,0.007155849933176752
4.52777669427391,0.014026114288470785,0.0029670597283903604,0.0017453292519943296,0.006457718232379019
4.5443004472658615,0.02830370986728052,0.0024434609527920616,0.00890117918517108,0.015533430342749533
4.568990137937558,0.014504954937506385,0.0015707963267948964,0.0020943951023931952,0.00820304748437335
4.5882848199617685,0.019149818533670503,0.003490658503988659,-0.0041887902047863905,0.013264502315156905
4.610203885403386,0.014969409609719885,-0.004363323129985824,-0.0033161255787892262,0.009773843811168246
4.626780184073652,0.029226850726368228,0.003839724354387525,-0.010297442586766544,0.016755160819145562
4.6556148953048835,0.035760180907322775,-0.006283185307179586,-0.006981317007977318,0.02076941809873252
4.680294946719347,0.021944192494494835,-0.00820304748437335,-0.0066322511575784525,0.011868238913561441
4.699594720097865,0.026556192321728123,-0.003141592653589793,-0.012217304763960308,0.016057029118347832
4.728462149594755,0.033874196790971756,-0.006283185307179586,-0.0066322511575784525,0.016929693744344994
4.750429806860743,0.028845576909909666,-0.00767944870877505,0.005235987755982988,0.013439035240356337
4.776591053965311,0.04577059928190322,-0.009250245035569947,-0.006283185307179586,0.023387411976724018
4.803974652980227,0.02147302095609904,-0.00820304748437335,-0.0005235987755982988,0.009250245035569947
4.830140723014155,0.038379560285897445,-0.010995574287564275,-0.0006981317007977319,0.018500490071139894
4.858987375542381,0.04564957213147505,-0.014660765716752368,-0.004886921905584123,0.02129301687433082
4.883685738809842,0.03095113403791169,-0.006806784082777886,-0.003490658503988659,0.014486232791552936
4.900206493088213,0.045129085700469876,-0.011519173063162575,-0.00942477796076938,0.02076941809873252
4.922160420347882,0.04004364842677843,-0.008552113334772215,-0.005061454830783556,0.018675022996339326
4.951063123013901,0.04641334754952994,-0.008377580409572781,0.0,0.020943951023931952
4.97036983594731,0.050937752449486076,-0.002617993877991494,-0.006108652381980154,0.02548180707911721
4.992340343357798,0.04495347308129789,0.004014257279586958,0.0027925268031909274,0.027052603405912107
5.004630449027766,0.03713977106680025,0.0012217304763960308,-0.0027925268031909274,0.017627825445142728
5.0335329264816675,0.04432889627582706,-0.0,-0.0033161255787892262,0.027052603405912107
5.0624853747678475,0.05062441762375854,0.003490658503988659,-0.0027925268031909274,0.027925268031909273
5.084495812007044,0.04547234635813032,0.005061454830783556,0.0,0.028448866807507574
5.113414451628239,0.051734977150045505,-0.0005235987755982988,0.003490658503988659,0.028448866807507574
5.138088013009482,0.03692763005052269,0.00471238898038469,0.0015707963267948964,0.024260076602721184
5.164349328900935,0.052792271145760954,0.008726646259971648,-0.00767944870877505,0.03368485456349056
5.186269605296325,0.04669434793068541,-0.0,-0.004886921905584123,0.030019663134302467
5.215144579781715,0.05288613935973365,-0.00820304748437335,-0.0013962634015954637,0.03420845333908886
5.2441586734981485,0.05905773918833112,-0.0019198621771937625,-0.0027925268031909274,0.03752457891787808
5.268786907831525,0.04418891647645305,0.0012217304763960308,0.0022689280275926286,0.02600540585471551
5.295073319743659,0.05904261903490144,-0.0006981317007977319,0.002617993877991494,0.03665191429188092
5.316978932915915,0.0537886941238075,-0.0020943951023931952,-0.0029670597283903604,0.033161255787892266
5.345879374314899,0.05895645657863901,-0.009075712110370514,0.008377580409572781,0.03804817769347639
5.377476323948713,0.05538867292215539,-0.012740903539558606,0.005759586531581287,0.0328121899374934
5.409088703790916,0.05274284246317216,-0.007504915783575617,0.004886921905584123,0.033335788713091695
5.438127499732017,0.05783206509965782,-0.0006981317007977319,0.004537856055185257,0.038571776469074684
5.46968387632567,0.05419905024435109,-0.006108652381980154,0.005934119456780721,0.03246312408709453
5.498643112167755,0.06019093967019895,-0.0029670597283903604,0.004537856055185257,0.03665191429188092
5.530189141764175,0.05747988504730029,-0.0054105206811824215,0.00017453292519943296,0.031415926535897934
5.568799552387931,0.0650922337049617,-0.013439035240356337,-0.009250245035569947,0.038397243543875255
5.590781429442761,0.05874591175514935,-0.00890117918517108,-0.011693705988362009,0.03874630939427412
5.622410109367165,0.05500448498802592,0.0015707963267948964,-0.0027925268031909274,0.034033920413889425
5.648766560720225,0.07054408293535772,0.002617993877991494,0.0029670597283903604,0.041015237421866746
5.680361446251778,0.06676038645053871,0.0024434609527920616,-0.0006981317007977319,0.03630284844148206
5.711881071002904,0.06295464124321502,-0.006108652381980154,-0.01710422666954443,0.038397243543875255
5.7408772352106,0.06777920589583283,-0.009773843811168246,-0.0029670597283903604,0.04276056667386108
5.77254221630095,0.06392476141749122,0.0005235987755982988,0.0012217304763960308,0.03717551306747922
5.7989857395862145,0.07834931898180274,0.008552113334772215,0.010821041362364843,0.04520402762665313
5.833191575511923,0.06478917857073999,0.013788101090755204,0.008726646259971648,0.03700098014227979
5.859538572467283,0.08018160112079531,0.00767944870877505,0.0066322511575784525,0.04904375198104066
5.891052844258011,0.07520804413912004,-0.0054105206811824215,0.0015707963267948964,0.044331363000655974
5.920114138423915,0.07986292464022046,-0.003665191429188092,0.0008726646259971648,0.051487212933832724
5.9518520006453395,0.0748245680672132,0.013613568165555772,0.0041887902047863905,0.050789081233034994
5.9808592775102065,0.0794173474106085,0.005759586531581287,-0.006806784082777886,0.049567350756638956
6.015014188133441,0.06569837734257203,0.009250245035569947,-0.005759586531581287,0.04590215932745086
6.0511684603489835,0.0824604247870157,0.009773843811168246,-0.008028514559173916,0.052708943410228755
6.082726381858628,0.07729292022280983,-0.00017453292519943296,-0.005585053606381855,0.05375614096142535
6.111729483899328,0.08176147040053758,-0.012915436464758038,-0.005759586531581287,0.05445427266222309
6.140884775164523,0.08512791761427464,0.0027925268031909274,-0.005585053606381855,0.05585053606381855
6.1699885662467615,0.08953059271556149,0.003490658503988659,-0.004537856055185257,0.0582939970166106
6.2015616827141296,0.08422929433132897,0.005759586531581287,-0.006283185307179586,0.05707226654021458
6.237792471076571,0.09968522791853827,0.003141592653589793,0.0022689280275926286,0.0635299847725936
6.262196249260168,0.08211082720190327,-0.0024434609527920616,0.0054105206811824215,0.050789081233034994
6.298432579469588,0.09857939836119285,-0.004363323129985824,-0.003839724354387525,0.06579891280018622
6.322880183242444,0.07984420708320257,-0.005759586531581287,0.003490658503988659,0.05445427266222309
6.359294853479612,0.09623676945990867,0.013439035240356337,0.0041887902047863905,0.06405358354819189
6.390812980077963,0.08961093772810756,0.003665191429188092,0.00767944870877505,0.05899212871740834
6.419926546597874,0.09374594343519274,0.005934119456780721,0.002617993877991494,0.06230825429619757
6.448998707306175,0.09672501921940814,-0.00017453292519943296,0.0006981317007977319,0.0619591884457987
6.480640184530765,0.09110690813865303,0.0024434609527920616,0.00017453292519943296,0.06300638599699529
6.5001962329665135,0.09153302841887276,0.012042771838760876,-0.006457718232379019,0.06579891280018622
6.531696981321961,0.08470975825744616,-0.002617993877991494,-0.003490658503988659,0.06021385919380437
6.568112380260279,0.09968855970099862,0.00471238898038469,-0.0066322511575784525,0.07051130178057091
6.597193479184807,0.10361916420186061,-0.003839724354387525,-0.0015707963267948964,0.06806784082777885
6.628799423868342,0.09666755438326582,-0.009773843811168246,-0.014660765716752368,0.06754424205218056
6.658057201573139,0.09936888246123651,0.0015707963267948964,0.0019198621771937625,0.06300638599699529
6.68478461973941,0.11172826349418935,-0.007330382858376184,-0.0010471975511965976,0.07400196028455958
6.71401248810657,0.11434994713563323,-0.0013962634015954637,0.004886921905584123,0.0736528944341607
6.755289629217147,0.10847252537593711,-0.006981317007977318,0.0024434609527920616,0.07173303225696695
6.784408591401828,0.11099926628407938,-0.013962634015954637,0.0005235987755982988,0.07225663103256524
6.816058001713828,0.10377939848900754,-0.010821041362364843,0.004537856055185257,0.06789330790257943
6.842722267762888,0.11593063069157641,-0.02949606435870417,0.004886921905584123,0.07557275661135447
6.874458925965981,0.10862598020315717,-0.011693705988362009,0.005759586531581287,0.07033676885537149
6.913311947582055,0.11337522016580469,-0.020420352248333655,0.010122909661567111,0.07382742735936015
6.942527739260553,0.11447831322607621,-0.017627825445142728,0.0017453292519943296,0.07661995416255106
6.971730259704751,0.11674717189815106,-0.019896753472735357,0.005934119456780721,0.079412480965742
7.003284683718734,0.10803673965458854,-0.027925268031909273,0.012391837689159739,0.07522369076095561
7.032476936487537,0.1102173410712867,-0.02234021442552742,-0.0013962634015954637,0.07644542123735164
7.0691185820162445,0.12319320767232847,-0.02408554367752175,0.0022689280275926286,0.08482300164692443
7.100709761116192,0.11432072139855179,-0.022165681500327987,0.0013962634015954637,0.08028514559173917
7.132324177728571,0.10663790894900815,-0.014835298641951801,-0.0020943951023931952,0.07714355293814937
7.166569578247481,0.12916347856087443,-0.02775073510670984,0.0013962634015954637,0.08901179185171082
7.198186602417383,0.12012889127600512,-0.019722220547535925,-0.003665191429188092,0.08621926504851989
7.2297407415019705,0.11103923417115925,-0.021467549799530253,0.003839724354387525,0.07976154681614087
7.266445039523644,0.1236576974283256,-0.02111848394913139,0.0013962634015954637,0.0879645943005142
7.298065674789911,0.11445344523948492,-0.01064650843716541,0.0041887902047863905,0.08203047484373349
7.327349617706045,0.11493032787534191,-0.012391837689159739,0.013089969389957472,0.08290313946973066
7.36412643046459,0.1273676315663067,-0.010471975511965976,0.010995574287564275,0.08970992355250854
7.3957199848865995,0.11799569731871515,-0.010471975511965976,0.007504915783575617,0.08569566627292158
7.434766734979186,0.12056716124164,-0.01064650843716541,0.010122909661567111,0.08674286382411818
7.464079296816599,0.12082271056081412,-0.016929693744344994,0.008552113334772215,0.08779006137531478
7.503183490185077,0.12326645365489423,-0.0066322511575784525,-0.010297442586766544,0.08621926504851989
7.532514709871033,0.12341126276643995,-0.013613568165555772,0.006108652381980154,0.09093165402890457
7.571581305250678,0.12572722974775577,-0.02181661564992912,0.005585053606381855,0.09093165402890457
7.61073900109614,0.12664674862895098,-0.006981317007977318,-0.01064650843716541,0.0926769832808989
7.6400952110593385,0.12661597591221774,-0.016231562043547264,-0.0006981317007977319,0.0895353906273091
7.671641730638963,0.116777921690184,-0.015707963267948967,0.0029670597283903604,0.08115781021773633
7.7085862442807676,0.12858745473835742,-0.00890117918517108,0.003490658503988659,0.08988445647770797
7.747710561685876,0.13057265375758245,-0.012740903539558606,0.004014257279586958,0.09128071987930345
7.774928237980192,0.1387249758930742,-0.01884955592153876,0.004537856055185257,0.0958185759344887
7.816270700823922,0.13081316698925424,-0.008552113334772215,0.0033161255787892262,0.08779006137531478
7.845647701534343,0.1304445338420368,-0.020594885173533087,0.004014257279586958,0.09197885158010118
7.884811564143472,0.13216690598251463,-0.016231562043547264,0.007853981633974483,0.09337511498169664
7.914255893015585,0.13030598806581165,-0.00890117918517108,-0.00017453292519943296,0.0932005820564972
7.953454349942234,0.13189344487593926,-0.008377580409572781,0.007853981633974483,0.09337511498169664
7.992684737876838,0.13201760912394042,-0.007155849933176752,0.002617993877991494,0.09651670763528643
8.019994609205574,0.14113284625825012,-0.009773843811168246,-0.00034906585039886593,0.09930923443847736
8.06134527453677,0.131334024114278,-0.009948376736367679,0.003665191429188092,0.0916297857297023
8.100576901681714,0.13264295004160723,-0.005934119456780721,0.006806784082777886,0.09651670763528643
8.135688761115974,0.15202724081158916,-0.007853981633974483,0.012042771838760876,0.10838494654884787
8.169327523867542,0.13013517314856643,0.0020943951023931952,0.009250245035569947,0.0958185759344887
8.208601936892178,0.12980109817195598,-0.005585053606381855,0.012915436464758038,0.09965830028887622
8.243798135786117,0.1489622412255063,-0.004363323129985824,0.015533430342749533,0.10943214410004447
8.277394944562731,0.12685183273089334,0.0010471975511965976,0.010297442586766544,0.09843656981248018
8.316693127637018,0.1277330962610154,-0.0005235987755982988,0.009075712110370514,0.09965830028887622
8.35399044544379,0.1368822129378742,-0.0024434609527920616,0.0066322511575784525,0.10506882097005865
8.383524851514625,0.13415089186919205,0.003490658503988659,0.006108652381980154,0.10175269539126941
8.420850466277304,0.14315215710326293,-0.009773843811168246,-0.003665191429188092,0.10663961729685355
8.4621610214263,0.13247338718185378,-0.00890117918517108,-0.014137166941154071,0.10070549784007282
8.497618111509091,0.14963427811895025,-0.0017453292519943296,-0.007155849933176752,0.11327186845443199
8.529144178860346,0.13681879026646704,-0.005061454830783556,-0.0013962634015954637,0.10105456369047168
8.566560207071163,0.14550507109659747,-0.004014257279586958,-0.008726646259971648,0.10855947947404729
8.598053351189211,0.13255167208320925,-0.008028514559173916,-0.003839724354387525,0.09808750396208132
8.63360038179466,0.15089923494384327,-0.00034906585039886593,0.00890117918517108,0.1096066770252439
8.665111017314018,0.13780993967003602,-0.003839724354387525,0.004363323129985824,0.09808750396208132
8.700689963530168,0.15601313955613408,-0.0022689280275926286,0.018675022996339326,0.11309733552923257
8.73410907833938,0.13297030168761767,0.0024434609527920616,0.009773843811168246,0.09808750396208132
8.769773941879265,0.15102697126103137,0.004363323129985824,0.017627825445142728,0.10978120995044333
8.811094196481427,0.13954444582330872,0.0015707963267948964,0.009250245035569947,0.10506882097005865
8.838864141909879,0.14575221536563746,0.005585053606381855,0.011344640137963142,0.11030480872604163
8.87833881537651,0.14238710114565825,0.0017453292519943296,0.003490658503988659,0.10978120995044333
8.916000202840207,0.1487538054212207,0.005934119456780721,0.00942477796076938,0.11868238913561441
8.947440240637624,0.1350953451953369,-0.00767944870877505,0.009599310885968814,0.10890854532444617
8.983337216507126,0.15112480013967539,0.011693705988362009,0.006108652381980154,0.11606439525762292
9.02285844407443,0.14897268963852206,0.010471975511965976,0.018500490071139894,0.11501719770642631
9.050716534075367,0.15319097375824314,-0.0012217304763960308,0.0033161255787892262,0.12007865253720987
9.09209631740764,0.13945399060006494,0.008377580409572781,0.015707963267948967,0.11623892818282235
9.13161404643162,0.13705070522633958,0.003665191429188092,-0.00034906585039886593,0.11431906600562858
9.167625805006377,0.15264936067586315,0.0041887902047863905,0.008028514559173916,0.11972958668681101
9.20718431314098,0.14847077457082902,-0.0020943951023931952,-0.0008726646259971648,0.11728612573401895
9.235186519302431,0.15229925229762895,0.0020943951023931952,-0.005934119456780721,0.11955505376161159
9.274779030402026,0.14794192096255473,0.005235987755982988,0.0020943951023931952,0.11798425743481668
9.312650607651166,0.153339199646148,0.0010471975511965976,-0.003665191429188092,0.12025318546240932
9.350536418403046,0.15864416744821963,-0.0020943951023931952,-0.0054105206811824215,0.12217304763960307
9.390117225792581,0.15564032805615954,-0.0005235987755982988,-0.0027925268031909274,0.11746065865921838
9.42970923572664,0.15090802205787954,-0.0005235987755982988,0.00890117918517108,0.11362093430483085
9.4578399699076,0.1542653856354826,0.005759586531581287,0.0041887902047863905,0.11676252695842065
9.49577705167008,0.16087240151951984,0.00017453292519943296,0.0017453292519943296,0.11641346110802178
9.535417844919793,0.15587336908331956,0.00034906585039886593,0.003839724354387525,0.11571532940722405
9.57345163196433,0.16064257108735888,0.0022689280275926286,0.00942477796076938,0.12060225131280818
9.613080807170938,0.1571299902464726,0.0015707963267948964,0.006108652381980154,0.11711159280881951
9.651146385343882,0.16171848856756865,0.0033161255787892262,0.0033161255787892262,0.12042771838760874
9.679350770473187,0.1646102602255722,-0.0005235987755982988,0.0008726646259971648,0.12269664641520137
9.719062072835012,0.1574565763291995,-0.0029670597283903604,0.007155849933176752,0.1223475805648025
9.7587742004217,0.15359859878362306,0.00767944870877505,0.013089969389957472,0.11711159280881951
9.795353330929581,0.16599081293794304,0.004886921905584123,0.019024088846738195,0.12810716709638378
9.826712078670937,0.14880749510046093,-0.0033161255787892262,-0.0017453292519943296,0.12042771838760874
9.863408545191087,0.1627308975230074,0.0054105206811824215,0.00820304748437335,0.1291543646475804
9.903101052813174,0.15680045517910254,-0.0041887902047863905,0.008028514559173916,0.12409290981679684
9.941393130728851,0.16065733642972918,0.008028514559173916,0.013962634015954637,0.12723450247038662
9.981122935431554,0.15279315682837277,0.0029670597283903604,0.0054105206811824215,0.12636183784438945
10.00950405821619,0.15496330229924882,0.0027925268031909274,0.004537856055185257,0.1265363707695889
10.047735854603452,0.1585441986861876,-0.01117010721276371,-0.0019198621771937625,0.1254891732183923
10.08751835435509,0.1521401109223605,-0.005061454830783556,0.007504915783575617,0.1265363707695889
10.125871490921469,0.15376541872166832,-0.00034906585039886593,0.011344640137963142,0.12793263417118436
10.154296363192369,0.15561601503574352,-0.0029670597283903604,0.009250245035569947,0.12618730491919003
10.192638048527797,0.15882710850429463,-0.0041887902047863905,0.009773843811168246,0.12531464029319286
10.231001116782124,0.1601591861030799,-0.011344640137963142,0.008726646259971648,0.12793263417118436
10.270822540330336,0.1532755997851607,-0.00471238898038469,0.0054105206811824215,0.12636183784438945
10.299347993162169,0.15480596382265965,-0.0022689280275926286,0.005061454830783556,0.12304571226560022
10.336386921584714,0.16574698604660754,-0.006108652381980154,0.011344640137963142,0.1312487597499736
10.374870567317613,0.16848885946517364,-0.0008726646259971648,0.005235987755982988,0.13351768777756623
10.414668943604235,0.15941145035379883,-0.011519173063162575,0.0041887902047863905,0.13002702927357757
10.453184896519042,0.16195743699547907,-0.0022689280275926286,0.024434609527920616,0.1296779634231787
10.483135790372659,0.15134084441592888,-0.00034906585039886593,0.019896753472735357,0.12671090369478832
10.521686538853642,0.15370290496936861,-0.00017453292519943296,0.009948376736367679,0.13177235852557187
10.558951090653546,0.16404319405580314,-0.0054105206811824215,0.019198621771937627,0.13857914260834978
10.600034064203035,0.1463788138543639,-0.007155849933176752,0.003839724354387525,0.12566370614359174
10.637417878270794,0.15651251668558025,0.00017453292519943296,0.004363323129985824,0.13194689145077132
10.676046671951365,0.15662197006888517,0.0005235987755982988,-0.0013962634015954637,0.136659280431156
10.714665017285784,0.15662382697451882,-0.007330382858376184,0.0017453292519943296,0.13264502315156906
10.753398352577173,0.15651802916782293,-0.00017453292519943296,-0.006806784082777886,0.13648474750595657
10.791999096872047,0.15818796907033725,-0.013613568165555772,0.007504915783575617,0.13735741213195374
10.820780611940979,0.1566668789599117,-0.009250245035569947,0.0012217304763960308,0.1340412865531645
10.85831771079996,0.16618701157118854,-0.009773843811168246,0.005585053606381855,0.136659280431156
10.898289757226665,0.15574203045362847,-0.003839724354387525,0.004014257279586958,0.13473941825396224
10.935834776686756,0.16504964346930298,-0.0153588974175501,0.007853981633974483,0.13700834628155487
10.974632445444794,0.16431897378735874,-0.011868238913561441,0.014660765716752368,0.1361356816555577
11.013454292893673,0.16348023972393858,-0.012915436464758038,0.012566370614359171,0.14154620233674012
11.043420276484248,0.15340066680260805,-0.015533430342749533,0.004363323129985824,0.13351768777756623
11.081121876121225,0.1603688732818609,-0.017627825445142728,0.011519173063162575,0.14259339988793673
11.119998471462598,0.15921949559738985,-0.018675022996339326,0.015533430342749533,0.13700834628155487
11.158854525337365,0.15990934229521883,-0.01064650843716541,0.014835298641951801,0.13857914260834978
11.197795283748507,0.15659584844795807,-0.013962634015954637,0.00942477796076938,0.14381513036433277
11.236669358549536,0.15512147283135902,-0.02076941809873252,0.020071286397934793,0.14154620233674012
11.266696973048324,0.14255281703699008,-0.015184364492350668,0.00820304748437335,0.13334315485236678
11.294674224356452,0.14979497676347817,-0.013613568165555772,0.00767944870877505,0.14556045961632708
11.333699380040837,0.14604488636667878,-0.00942477796076938,0.007504915783575617,0.14713125594312199
11.371609061017097,0.15410763383524487,-0.022863813201125717,-0.003141592653589793,0.14538592669112765
11.409614965080753,0.16007320067035438,-0.029845130209103034,-0.012740903539558606,0.15062191444711065
11.439664862751881,0.14704404677512403,-0.025132741228718343,-0.0020943951023931952,0.14486232791552936
11.477782015463683,0.15279018783738366,-0.018500490071139894,0.00820304748437335,0.1499237827463129
11.51502467073212,0.16837294793370985,-0.01832595714594046,0.028099800957108706,0.15969762655748115
11.565014084091464,0.15488652447781961,-0.018675022996339326,0.02181661564992912,0.1541125729510993
11.603176764388195,0.16025672218838455,-0.04066617157146788,0.012566370614359171,0.15323990832510212
11.633206816739625,0.14672766829951922,-0.028274333882308142,0.026878070480712675,0.1488765851951163
11.671479477769212,0.15187758232242027,-0.028274333882308142,0.03577924966588375,0.15620696805349252
11.72061721669933,0.14780381958170494,-0.021467549799530253,0.04241150082346221,0.15481070465189706
11.758119798737896,0.16060864639212616,-0.03420845333908886,0.0291469985083053,0.1642354826126664
11.797356515752895,0.15540983951600737,-0.0328121899374934,0.02757620218151041,0.1577777643802874
11.826599732559885,0.1492773238620138,-0.033335788713091695,0.022689280275926284,0.1567305668290908
11.865051710882032,0.15381642567288314,-0.022514747350726852,0.021467549799530253,0.16336281798666924
11.903584566208416,0.1561572567116801,-0.021642082724729686,0.02530727415391778,0.1673770752662562
11.94292680125361,0.15047727043360679,-0.031415926535897934,0.022689280275926284,0.16301375213627037
11.981493920752941,0.1525548870766976,-0.03298672286269283,0.01117010721276371,0.1624901533606721
12.020823335633075,0.1466225845251482,-0.028099800957108706,0.00017453292519943296,0.1525417766243044
12.058755921296791,0.1605159456460346,-0.024783675378319478,0.01117010721276371,0.1635373509118687
12.097458887425763,0.16431464865235287,-0.02495820830351891,0.012740903539558606,0.16214108751027323
12.12692172056502,0.15733335350003158,-0.0322885911618951,0.01710422666954443,0.1541125729510993
12.165653510297211,0.16090378869025854,-0.0322885911618951,0.0027925268031909274,0.15795229730548685
12.204465188333257,0.16435262839641807,-0.0307177948351002,0.00820304748437335,0.15865042900628457
12.233972311132622,0.15706505355664307,-0.023736477827122883,0.0010471975511965976,0.1473057888683214
12.272819564608069,0.1624271845328889,-0.023911010752322315,0.016755160819145562,0.1514945790731078
12.301791027438698,0.1649267786107697,-0.025830872929516076,0.010995574287564275,0.1488765851951163
12.341307834988577,0.1600967787000057,-0.019896753472735357,0.016057029118347832,0.14748032179352083
12.369768808859275,0.1723867922486798,-0.023736477827122883,0.016057029118347832,0.15655603390389136
12.410413073140074,0.14737661729485071,-0.015533430342749533,0.027227136331111543,0.13735741213195374
12.439470216286068,0.15166026286329642,-0.02199114857512855,0.020245819323134222,0.1408480706359424
12.47850503435185,0.15639683892079448,-0.019722220547535925,0.019547687622336492,0.14049900478554353
12.518047810361299,0.15103807227318666,-0.015707963267948967,0.015707963267948967,0.13700834628155487
12.547659483352719,0.1450629835417316,-0.019896753472735357,0.0153588974175501,0.1350884841043611
12.58730886617299,0.13949734049275397,-0.0158824961931484,0.005759586531581287,0.1349139511791617
12.616032197153428,0.15332033053852592,-0.02303834612632515,0.005585053606381855,0.1382300767579509
12.646135695333783,0.13930303294475513,-0.020594885173533087,-0.00767944870877505,0.1275835683207855
12.685330819322791,0.14343113852510925,-0.020594885173533087,0.0029670597283903604,0.13526301702956053
12.724593255234598,0.14967096178521358,-0.018675022996339326,-0.003490658503988659,0.13351768777756623
12.753853086002572,0.1531614183109514,-0.011868238913561441,-0.00017453292519943296,0.13578661580515886
12.783162295528129,0.15657025415213763,-0.013089969389957472,0.0012217304763960308,0.13945180723434694
12.813719118480009,0.13215776289456208,-0.005235987755982988,0.010122909661567111,0.11938052083641214
12.842711462945541,0.14539914167926385,-0.0006981317007977319,0.01064650843716541,0.13316862192716733
12.872170588857596,0.15081348855623913,-0.003665191429188092,0.01064650843716541,0.136659280431156
12.902048582946001,0.1439106829661345,-0.0012217304763960308,0.02234021442552742,0.13264502315156906
12.9218551118005,0.13883485890884145,-0.00017453292519943296,0.015533430342749533,0.12810716709638378
12.951334386985254,0.14177963226485604,0.008028514559173916,0.0164060949687467,0.13788101090755203
12.971230619566468,0.1343280207394339,0.014311699866353503,0.017278759594743863,0.13316862192716733
13.001103704128198,0.1293959091263097,0.017976891295541596,0.025830872929516076,0.13194689145077132
13.02082121302292,0.13181909886661025,0.0013962634015954637,0.0164060949687467,0.13072516097437528
13.040132400979472,0.14418394364645917,0.015009831567151233,0.02234021442552742,0.14154620233674012
13.060595952801702,0.11878875365723962,0.013264502315156905,0.02129301687433082,0.12688543661998777
13.090248804693097,0.12358893334879742,0.010122909661567111,0.02129301687433082,0.1291543646475804
13.10968009339801,0.13578315660302484,0.011868238913561441,0.02408554367752175,0.13840460968315035
13.13965876213585,0.1281553195614915,0.010297442586766544,0.025830872929516076,0.1340412865531645
13.169171821500623,0.14043957825611292,0.013089969389957472,0.009599310885968814,0.1382300767579509
13.19936501855445,0.12495139095431285,0.003839724354387525,0.006283185307179586,0.13055062804917586
13.239000963733822,0.1372621136732737,-0.005759586531581287,0.008726646259971648,0.13788101090755203
13.26891841597557,0.12929265814093244,-0.0005235987755982988,0.02303834612632515,0.13351768777756623
13.308762976403138,0.13139722680717267,-0.006108652381980154,0.022689280275926284,0.13631021458075715
13.348576088963608,0.1357206590970149,-0.011693705988362009,0.012740903539558606,0.13526301702956053
13.378622327000613,0.12747823514885362,-0.025132741228718343,0.007504915783575617,0.13631021458075715
13.408629464754613,0.11149329252667292,-0.007504915783575617,0.0006981317007977319,0.12828170002158323
13.438522186507575,0.12074187513502878,-0.02199114857512855,0.002617993877991494,0.1403244718603441
13.468502508864733,0.12224816387656001,-0.01884955592153876,0.004886921905584123,0.14486232791552936
13.50846517191831,0.12374774257091564,-0.021467549799530253,-0.011868238913561441,0.143116998663535
13.538458056159362,0.12507297972791875,-0.017627825445142728,-0.010122909661567111,0.13805554383275148
13.5784801867673,0.12636341886690802,-0.015009831567151233,0.008552113334772215,0.1377064779823526
13.618464532874246,0.1275421848879719,-0.0020943951023931952,0.02530727415391778,0.14049900478554353
13.658630882813174,0.1286091968583972,0.0015707963267948964,0.032114058236695664,0.14748032179352083
13.688799923903106,0.1371680490902922,-0.005061454830783556,0.02757620218151041,0.15393804002589986
13.72893336414189,0.118018266705499,-0.00820304748437335,0.019198621771937627,0.1460840583919254
13.759096040272622,0.11637756295890977,-0.003141592653589793,0.03368485456349056,0.15428710587629874
13.79939534804543,0.11460202861081371,-0.0024434609527920616,0.03543018381548489,0.1593485607070823
13.819848354746682,0.1303994710736331,-0.0015707963267948964,0.027401669256310976,0.170518667919846
13.850151370397244,0.12605141493685626,0.012217304763960308,0.020594885173533087,0.16632987771505958
13.870659546806445,0.12411130511785007,0.00820304748437335,0.014137166941154071,0.15952309363228173
13.90108415512884,0.12200102651812045,0.02181661564992912,0.022514747350726852,0.15865042900628457
13.931588446963996,0.11979553556654064,0.017453292519943295,0.02548180707911721,0.15655603390389136
13.962210412599509,0.12749379016419157,0.017453292519943295,0.009250245035569947,0.1609193570338772
13.99269501642083,0.1250973714006512,0.0164060949687467,0.0012217304763960308,0.15795229730548685
14.023175556806422,0.12260544235739163,0.030892327760299633,-0.012566370614359171,0.15655603390389136
14.063565701966107,0.11228933577912388,0.030892327760299633,-0.005759586531581287,0.15498523757709648
14.104413992063348,0.11693329454871164,0.015707963267948967,-0.011693705988362009,0.16266468628587152
14.135235487850228,0.12412054478544421,0.016580627893946133,-0.0015707963267948964,0.16807520696705394
14.166169739531995,0.1287386376585046,0.01117010721276371,-0.012566370614359171,0.17226399717184035
14.206908181764074,0.12300105556059338,0.013089969389957472,0.005235987755982988,0.17226399717184035
14.247643054426952,0.11712176219559922,0.016580627893946133,0.0066322511575784525,0.16912240451825053
14.28873871681013,0.12109656378843817,0.012042771838760876,0.008377580409572781,0.17610372152622786
14.330168591729512,0.1349238194560746,0.005585053606381855,0.00471238898038469,0.18116517635701143
14.3609899080311,0.12893826024027033,0.016231562043547264,0.011693705988362009,0.17226399717184035
14.391879884408151,0.12535734814220112,0.0153588974175501,0.02775073510670984,0.16545721308906244
14.422475976921888,0.11168603054161397,0.011693705988362009,0.017278759594743863,0.15638150097869194
14.463755307794685,0.11753739925595279,0.015184364492350668,0.0017453292519943296,0.15952309363228173
14.494341676731427,0.10365804924372189,0.005235987755982988,-0.003665191429188092,0.15358897417550102
14.526078208216783,0.11965910073153288,0.014486232791552936,-0.011693705988362009,0.1610938899590766
14.567493818676459,0.12515402052529517,0.020943951023931952,0.0017453292519943296,0.16196655458507378
14.617680765445634,0.10011607192234113,0.015533430342749533,0.0010471975511965976,0.14643312424232427
14.639165122755234,0.10878601727877453,0.0029670597283903604,-0.021642082724729686,0.15166911199830724
14.6616920387743,0.13225723818393015,0.034033920413889425,-0.01884955592153876,0.1635373509118687
14.692361179512414,0.12034515620495437,0.013264502315156905,0.003141592653589793,0.15289084247470328
14.752936477641706,0.10687710603614829,0.007155849933176752,-0.02111848394913139,0.13735741213195374
14.79403231485631,0.10423578272431747,-0.0033161255787892262,-0.04886921905584123,0.13578661580515886
14.815683980926421,0.11250271068842968,-0.0005235987755982988,-0.04258603374866164,0.1408480706359424
14.828064659839091,0.1286392382002952,0.028274333882308142,-0.00820304748437335,0.15481070465189706
14.888792149549182,0.11463374533617113,0.02408554367752175,0.018675022996339326,0.14189526818713902
14.939950733745247,0.11100511176349052,-0.00471238898038469,-0.039269908169872414,0.1377064779823526
14.951759005854525,0.11951969804500917,-0.009773843811168246,-0.06928957130417489,0.14625859131712482
14.983101718948326,0.11683958683183371,0.007853981633974483,-0.006457718232379019,0.1387536755335492
15.01378337275275,0.1040905532063133,-0.012915436464758038,0.028448866807507574,0.12985249634837812
15.064420177871702,0.09265031648113307,-0.003490658503988659,0.005585053606381855,0.12147491593880534
15.10766842918331,0.11899872106651177,0.01937315469713706,-0.028274333882308142,0.14329153158873448
15.11972986616154,0.12719882955796225,-0.003490658503988659,-0.028448866807507574,0.15236724369910498
15.140599133405198,0.11475119596355188,0.0158824961931484,0.011868238913561441,0.14102260356114182
15.199963102952989,0.07960512295701146,0.010122909661567111,0.020420352248333655,0.12775810124598494
15.232584922796919,0.09623215285001244,-0.029321531433504737,-0.032114058236695664,0.14364059743913332
15.244881002330716,0.10153016619459962,0.004363323129985824,-0.03560471674068432,0.15289084247470328
15.267237426526053,0.1087378367736512,0.030368728984701335,-0.019547687622336492,0.15428710587629874
15.31863804683082,0.10372349628288842,0.004363323129985824,-0.052708943410228755,0.1350884841043611
15.360280425509393,0.09930845316434771,0.03368485456349056,-0.05358160803622592,0.13683381335635544
15.3728535674459,0.10433629423975745,0.041189770347066175,-0.04537856055185257,0.15358897417550102
15.427596199707315,0.1361387690109329,0.034732052114687155,-0.013788101090755204,0.16528268016386302
15.427975882243858,0.11190619383806678,0.025830872929516076,-0.023911010752322315,0.16301375213627037
15.47818520887458,0.08634724866437517,0.050789081233034994,0.003665191429188092,0.13107422682477415
15.510474339423357,0.09489071339824058,0.019547687622336492,-0.0041887902047863905,0.13596114873035828
15.533907240827022,0.10872675646262626,0.01117010721276371,-0.05742133239061344,0.15358897417550102
15.577701528133097,0.12079504090465817,0.056025068989017976,-0.02303834612632515,0.15760323145508795
15.63913395350855,0.11380536230250185,0.0164060949687467,-0.06335545184739416,0.1473057888683214
15.669345057651213,0.08934554319719433,0.018675022996339326,-0.04939281783143953,0.13543754995475996
15.685116857226818,0.12360518764913837,0.04380776422505767,-0.006457718232379019,0.1610938899590766
15.727969992652486,0.12247621863374739,0.02775073510670984,0.01780235837034216,0.1684242728174528
15.769060935161242,0.10403601213140196,0.019024088846738195,0.0029670597283903604,0.15952309363228173
15.810812758891167,0.09818247024880573,0.023911010752322315,-0.024260076602721184,0.1457349925415265
15.852286743116048,0.08944582258896734,-0.029670597283903602,-0.05358160803622592,0.1439896632895322
15.89533977204097,0.09330477191381929,-0.019024088846738195,-0.026703537555513242,0.14713125594312199
15.93900066664576,0.10421442284848738,-0.033335788713091695,-0.026703537555513242,0.16022122533307945
15.981871452436726,0.10224728110923817,-0.054628805587422516,-0.02234021442552742,0.16057029118347835
16.025194339421112,0.10292702901057678,-0.010995574287564275,-0.02652900463031381,0.1583013631558857
16.036946325895915,0.09661945951620138,-0.05951572749300664,-0.0006981317007977319,0.15533430342749532
16.079839908621867,0.09707789800642708,-0.04223696789826278,-0.010122909661567111,0.16126842288427606
16.113858427606043,0.10559506901079224,-0.055326937288220246,-0.01064650843716541,0.1647590813882647
16.144635516247085,0.08980422538343895,-0.07295476273336297,-0.04450589592585541,0.1473057888683214
16.19863960078203,0.1015631793583328,-0.06492624817418906,-0.019722220547535925,0.14049900478554353
16.231647047998862,0.10544433005840295,-0.07173303225696695,-0.013613568165555772,0.1403244718603441
16.253843311947225,0.09757877543868783,-0.050789081233034994,0.02199114857512855,0.14852751934471745
16.311788343596703,0.13306055990782067,0.009250245035569947,0.060039326268604934,0.1689478715930511
16.311813896813568,0.10743867677868543,-0.024609142453120045,0.050265482457436686,0.16022122533307945
16.35159596138323,0.07998968198682493,-0.030368728984701335,0.0322885911618951,0.14049900478554353
16.393528426010985,0.0722893185044065,-0.07906341511534314,0.028099800957108706,0.13439035240356337
16.406970763786575,0.07798800483340075,-0.05044001538263613,-0.00890117918517108,0.14748032179352083
16.461520207083172,0.08586207986837638,-0.0010471975511965976,0.0010471975511965976,0.15428710587629874
16.514878922413963,0.08364039930590042,-0.03752457891787808,-0.013788101090755204,0.14433872913993104
16.538522391903633,0.0878664459520382,-0.012740903539558606,-0.021467549799530253,0.15358897417550102
16.522728331307565,0.09127919867311791,0.04310963252425994,0.03298672286269283,0.16318828506146982
16.619981735327187,0.11046835135867686,0.046251225177849735,0.059166661642607775,0.17784905077822216
16.608861006255193,0.07573687936436987,-0.014486232791552936,0.03822271061867582,0.15795229730548685
16.649861007848607,0.05723986923274684,-0.015533430342749533,0.008028514559173916,0.13543754995475996
16.69481242021738,0.0683662064949202,-0.03543018381548489,0.03420845333908886,0.14241886696273728
16.71602862217225,0.052300542368944075,-0.0006981317007977319,-0.011693705988362009,0.1377064779823526
16.7949995596871,0.08596388840715755,0.026878070480712675,0.014486232791552936,0.1609193570338772
16.820334091493017,0.09648023941783211,-0.013264502315156905,0.0158824961931484,0.1673770752662562
16.854382466277738,0.09269131798415008,0.01884955592153876,0.031415926535897934,0.16598081186466074
16.877165834556386,0.08322648199231099,0.012391837689159739,0.062482787221396996,0.15690509975429023
16.908326616070656,0.06237823560090364,-0.03630284844148206,0.0645771823237902,0.15446163880149816
16.942369385604213,0.06418412374694722,0.009948376736367679,0.044156830075456545,0.15533430342749532
16.98627203822477,0.05852555374677095,-0.039793506945470715,0.02303834612632515,0.1577777643802874
17.041546953298894,0.06411976340367644,-0.03735004599267865,0.0015707963267948964,0.16004669240788003
17.067278468845682,0.0709851641877518,-0.029845130209103034,-0.009250245035569947,0.17016960206944712
17.08319506213602,0.07925431437274211,-0.005235987755982988,0.024260076602721184,0.18343410438460403
17.151787202297484,0.09669026052746504,0.028623399732707007,0.08499753457212385,0.1916371518689774
17.16183306099237,0.065224421076784,-0.009599310885968814,0.05550147021341968,0.1726130630222392
17.18464257671668,0.05493531848456414,-0.054628805587422516,0.03804817769347639,0.16388641676226756
17.228807150617712,0.04832286645532767,-0.034732052114687155,0.05899212871740834,0.16912240451825053
17.264704169872616,0.05301026370094798,-0.03700098014227979,0.004537856055185257,0.1733111947230369
17.312181701263118,0.06282494438001761,-0.01710422666954443,-0.008377580409572781,0.18308503853420519
17.33679522350963,0.0589820080559971,-0.020594885173533087,-0.020245819323134222,0.18395770316020235
17.345042379301752,0.07199625287632215,0.0013962634015954637,0.04084070449666731,0.19861846887695472
17.401187638954713,0.06986457082081353,0.02949606435870417,0.08168140899333462,0.1942551457469689
17.422736898093042,0.04600612185896082,-0.003839724354387525,0.013089969389957472,0.17400932642383465
17.450980405588123,0.06149746856681636,0.010471975511965976,-0.0158824961931484,0.1837831702350029
17.4741705118378,0.04733076280038151,-0.008028514559173916,-0.0019198621771937625,0.1759291886010284
17.52866644975006,0.03776005112629981,-0.012217304763960308,0.0015707963267948964,0.17226399717184035
17.557112931810384,0.049854123687384067,0.0164060949687467,-0.011519173063162575,0.18692476288859272
17.577690154694494,0.07037673131075349,0.031939525311496235,-0.009075712110370514,0.20507618710933373
17.604773465243458,0.07242257814125282,0.05009094953223726,0.03612831551628262,0.19861846887695472
17.649768992866793,0.06092535074624949,0.031939525311496235,0.017627825445142728,0.1825614397586069
17.679353896805242,0.02774938370328421,-0.004886921905584123,-0.014137166941154071,0.16057029118347835
17.70825525819875,0.0423758241970056,-0.0,-0.007504915783575617,0.1731366617978375
17.750814283158395,0.07160607752524266,0.024783675378319478,0.019896753472735357,0.1895427567665842
17.80756817143998,0.07056725178854546,0.015009831567151233,0.014137166941154071,0.1884955592153876
17.813464452721387,0.06583903624258446,0.021467549799530253,-0.010995574287564275,0.19041542139258136
17.84098251458346,0.0639751373428114,0.03804817769347639,0.020594885173533087,0.2012364627549462
17.876378269896193,0.053374385472566566,0.022165681500327987,0.052534410485029326,0.19198621771937624
17.9136119640882,0.055573165701078245,0.0017453292519943296,-0.008377580409572781,0.1890191579909859
17.96072256988045,0.05254433706133095,-0.012042771838760876,-0.06370451769779303,0.18552849948699723
17.988233088181268,0.05330137802756976,-0.028274333882308142,-0.04293509959906051,0.18657569703819382
18.02782625675652,0.06174776416092714,0.0158824961931484,-0.0307177948351002,0.19303341527057286
18.079464660427202,0.07465988213924693,0.04363323129985824,-0.019722220547535925,0.20577431881013147
18.07610896116937,0.06820591576914954,0.03385938748868999,-0.013439035240356337,0.21135937241651329
18.10414439952816,0.06536045901568789,0.030019663134302467,0.0439822971502571,0.205599785884932
18.151398514149754,0.06139759143467448,-0.028274333882308142,0.039269908169872414,0.1947787445225672
18.167430219311814,0.05377947228936455,-0.033335788713091695,-0.03665191429188092,0.1916371518689774
18.217267771170448,0.059284558873963736,-0.009250245035569947,-0.058643062867009474,0.20315632493213998
18.259550685010993,0.07013249099752925,-0.00034906585039886593,-0.03368485456349056,0.21205750411731106
18.28043385004446,0.07854498472204491,0.015009831567151233,-0.013089969389957472,0.21642082724729686
18.330939491053545,0.0771224027009138,0.06719517620178168,0.029670597283903602,0.22287854547967587
18.328920872541506,0.032177620249023035,0.031241393610698498,0.028448866807507574,0.19181168479417682
18.349827948333797,0.04351855482592009,0.025132741228718343,0.005585053606381855,0.20053833105414848
18.39448706900217,0.0633680011147896,-0.013439035240356337,-0.0307177948351002,0.2165953601724963
18.427650153340572,0.07553991859315684,-0.01884955592153876,-0.0460766922526503,0.22741640153486117
18.48820235287885,0.07096093124602121,0.016231562043547264,-0.03700098014227979,0.23020892833805207
18.502179801815092,0.08739159149930019,0.006457718232379019,-0.01832595714594046,0.23736477827122882
18.524193263726037,0.08846925318601322,0.034557519189487726,0.026878070480712675,0.2441715623540067
18.555840484662284,0.08384536700113762,0.05777039824101231,0.06370451769779303,0.24940755010998972
18.596767356299043,0.07991747466519553,0.007504915783575617,0.05497787143782138,0.25185101106278174
18.623334811677516,0.09676491023562428,-0.00017453292519943296,0.04363323129985824,0.26878070480712674
18.66212168529604,0.0795062181562076,-0.03892084231947355,0.03874630939427412,0.2624975194999472
18.69907027856978,0.09031836269990087,-0.022165681500327987,0.012566370614359171,0.2727949620867137
18.72415461302122,0.09046083117052939,0.007853981633974483,0.0153588974175501,0.2853613327010729
18.737029466425742,0.08656773519207556,0.00890117918517108,0.024609142453120045,0.2947861106618423
18.762239413081073,0.08318168114254797,0.01710422666954443,0.025132741228718343,0.29914943379182807
18.775133567838278,0.07583067205670391,0.0019198621771937625,-0.008028514559173916,0.29565877528783946
18.783415462456833,0.09031705026017812,-0.04258603374866164,-0.017976891295541596,0.3052580861738083
18.803467856374898,0.07382512706858452,-0.06719517620178168,-0.034732052114687155,0.2839650692994774
18.819809757421833,0.07587448444996958,-0.017976891295541596,-0.03822271061867582,0.28832839242946323
18.83085881419648,0.061851537478634734,0.0029670597283903604,-0.05201081170943102,0.27436575841350863
18.837719900472223,0.0697315777734003,0.00942477796076938,-0.041887902047863905,0.27558748888990464
18.8443171742369,0.08086260370483694,-0.02303834612632515,-0.02356194490192345,0.26912977065752564
18.855523251775015,0.06997218836628856,-0.010297442586766544,-0.05009094953223726,0.2525491427635795
18.869538860450906,0.07191947056429049,-0.011868238913561441,-0.05550147021341968,0.2478367537831948
18.886288305947446,0.08339477603845816,-0.0466002910282486,-0.05358160803622592,0.2450442269800039
18.90457030258935,0.06648225077758595,-0.027227136331111543,-0.045727626402251434,0.22444934180647078
18.928553026014626,0.07195821184156483,-0.019198621771937627,-0.028972465583105872,0.21519909677090082
18.942962051384384,0.07690155258975552,-0.016580627893946133,-0.046251225177849735,0.21153390534171276
18.964112928167758,0.07593051051550435,-0.019024088846738195,-0.05445427266222309,0.20158552860534507
18.985240485723097,0.07487799064850538,-0.047647488579445195,-0.03700098014227979,0.18971728969178364
19.012307959956424,0.09286574427436399,-0.06667157742618339,-0.04293509959906051,0.18936822384138474
19.046125758557345,0.09824482913173109,-0.07661995416255106,-0.03961897402027128,0.18832102629018818
19.074160297446934,0.08439419677589063,-0.06667157742618339,-0.03595378259108319,0.17784905077822216
19.10161182657467,0.10205305316695717,-0.0460766922526503,-0.014311699866353503,0.1864011641129944
19.129741551658288,0.09132650386370318,-0.05305800926062762,-0.029670597283903602,0.17540558982543014
19.15428791252147,0.10258733063843893,-0.08011061266653972,-0.027227136331111543,0.17453292519943295
19.175911480559304,0.10423367499833827,-0.08970992355250854,-0.0153588974175501,0.17749998492782332
19.20068271123662,0.11197569243501417,-0.08168140899333462,-0.016929693744344994,0.17889624832941878
19.228900147835198,0.10087346603273639,-0.07504915783575616,-0.033161255787892266,0.170518667919846
19.253803011597324,0.11178247602596669,-0.06213372137099813,-0.018500490071139894,0.17854718247901993
19.272579770558107,0.10359158555619999,-0.05061454830783556,-0.011344640137963142,0.17749998492782332
19.28829456601616,0.1140896851946921,-0.03368485456349056,0.00017453292519943296,0.1825614397586069
19.310590831206845,0.11526379950784256,-0.051487212933832724,-0.0153588974175501,0.18011797880581482
19.329631625721834,0.10349740569443137,-0.02949606435870417,-0.027401669256310976,0.1816887751326097
19.348792140289298,0.12328058553796382,-0.024260076602721184,-0.02548180707911721,0.19338248112097173
19.3616539890369,0.12403703086536674,-0.004014257279586958,-0.016755160819145562,0.19826940302655582
19.381013950170622,0.11206246779507557,-0.002617993877991494,0.020594885173533087,0.18989182261698306
19.394237827764552,0.10932248395460781,-0.0005235987755982988,0.02356194490192345,0.1965240737745615
19.40740692675402,0.10991534844374248,0.017278759594743863,0.017627825445142728,0.1911135530933791
19.42080391710414,0.11045790554675812,0.020594885173533087,0.024260076602721184,0.19792033717615698
19.43421807299598,0.11094987448443631,0.012391837689159739,0.03665191429188092,0.19931660057775244
19.460463762047755,0.11412940492094986,0.0066322511575784525,0.023387411976724018,0.20525072003453315
19.483390555075136,0.10776861165142687,0.004014257279586958,0.023911010752322315,0.204378055408536
19.49695316863739,0.10465678032964641,0.003839724354387525,0.0328121899374934,0.2040289895581371
19.52000804730396,0.09812407078789169,0.010297442586766544,0.014835298641951801,0.20769418098732523
19.543184418182143,0.0949061988909743,-0.0024434609527920616,0.00034906585039886593,0.20717058221172693
19.56979732807367,0.09758824209521047,-0.019024088846738195,0.01710422666954443,0.20734511513692636
19.596492103877175,0.09673883707440015,-0.03822271061867582,0.00820304748437335,0.21118483949131386
19.619724628190205,0.08980513096885193,-0.03717551306747922,-0.0019198621771937625,0.20891591146372127
19.63704758967543,0.09561813090599329,-0.03298672286269283,0.012217304763960308,0.20717058221172693
19.663892135008933,0.09787573805812144,-0.025830872929516076,0.024434609527920616,0.2124065699677099
19.683947609705037,0.08128727007453468,-0.038571776469074684,0.03508111796508603,0.20490165418413428
19.71109506277716,0.08333393525189153,-0.05899212871740834,0.031415926535897934,0.20804324683772407
19.72540213277269,0.07945658047176395,-0.059341194567807204,0.032114058236695664,0.20804324683772407
19.75830588447099,0.06839782822014807,-0.047472955654245766,0.012566370614359171,0.20734511513692636
19.785483671963792,0.07011830383559574,-0.038397243543875255,0.0017453292519943296,0.2085668456133224
19.809145826530177,0.0623948374991239,-0.03543018381548489,0.030543261909900768,0.21205750411731106
19.840268083914378,0.06975259735853304,-0.03769911184307752,0.013962634015954637,0.2223549467040776
19.87152993634366,0.07696910642203031,-0.035255650890285456,0.013264502315156905,0.23125612588924865
19.89198746984815,0.056129343736327,-0.026878070480712675,0.031415926535897934,0.2202605516016844
19.914134723577014,0.06329517647350928,-0.030543261909900768,0.05358160803622592,0.23631758072003223
19.941911642034604,0.06083775398216923,-0.017278759594743863,0.05183627878423159,0.23823744289722598
19.964433744430902,0.06429154471493208,-0.01937315469713706,0.06911503837897545,0.2555162024919699
19.992579209343585,0.05460398257780472,-0.012740903539558606,0.07487462491055674,0.2525491427635795
20.011544171963767,0.05204218639423417,-0.005061454830783556,0.06806784082777885,0.2595304597715568
20.025280756001198,0.05544752580890096,-0.009075712110370514,0.06318091892219473,0.26965336943312396
20.04428073282705,0.04570908460134469,0.01117010721276371,0.06335545184739416,0.278554548618295
20.08077505143644,0.050460946533577,0.0027925268031909274,0.040317105721069016,0.28518679977587347
20.109466480352093,0.03306824779122569,0.0033161255787892262,0.034557519189487726,0.28379053637427804
20.12759715424241,0.045246988691548,0.005061454830783556,0.034033920413889425,0.2919935838586513
20.14732310254165,0.0314858706112361,0.0013962634015954637,0.06161012259539984,0.29496064358704166
20.16585940073267,0.036413272575737315,0.010821041362364843,0.04642575810304917,0.3035127569218139
20.195140384950093,0.01842517771825958,0.008377580409572781,0.029845130209103034,0.30089476304382246
20.223492836029557,0.022596789815606304,-0.004537856055185257,0.013613568165555772,0.3078760800517997
20.247752514862963,0.01392245357061273,-0.007330382858376184,0.005934119456780721,0.3050835532486088
20.272072084142888,0.008633751002030789,-0.007330382858376184,0.0013962634015954637,0.30246555937061737
20.295547304993374,0.018456802549639915,-0.007330382858376184,0.02356194490192345,0.31974431896536115
20.32030959518631,0.009323968830517698,-0.007330382858376184,0.026878070480712675,0.31398473243377995
20.35374893566608,0.018219908992189247,-0.023736477827122883,0.009948376736367679,0.3211405823669567
20.37457521943053,-0.00033129106237302097,-0.028623399732707007,0.02949606435870417,0.31223940318178556
20.39561860826904,-0.01901416283174711,-0.03892084231947355,0.03246312408709453,0.3045599544730105
20.424507858102352,0.0026297951519258338,-0.0481710873550435,0.02548180707911721,0.3234095103945493
20.450342448622607,-0.007304362914713537,-0.06806784082777885,0.003141592653589793,0.31241393610698504
20.480018053265535,-0.008373824863103856,-0.04834562028024293,0.02408554367752175,0.3157300616857742
20.49661630741412,-0.014311390714043007,-0.028274333882308142,0.02757620218151041,0.3157300616857742
20.51365300513186,-0.020355556331340577,-0.033161255787892266,0.027227136331111543,0.31241393610698504
20.54446256013995,-0.021912521742132762,-0.047647488579445195,0.018500490071139894,0.3131120678077827
20.575321073963757,-0.023662352199600722,-0.05550147021341968,0.02356194490192345,0.30857421175259747
20.59717823674966,-0.021159919165534082,-0.054105206811824215,0.027052603405912107,0.3097959422289935
20.62810803801595,-0.02327102801707759,-0.04153883619746504,0.02879793265790644,0.3090978105281958
20.64558151706781,-0.026401431719433387,-0.018675022996339326,0.024434609527920616,0.3043854215478111
20.668525656239936,-0.024330152341475335,-0.028099800957108706,0.02303834612632515,0.30944687637859464
20.6959946551104,-0.03586014627582232,-0.040491638646268445,0.004537856055185257,0.30473448739820996
20.72320221694287,-0.04394439669130415,-0.03298672286269283,0.00471238898038469,0.29722957161463437
20.746183666223423,-0.03870757221360247,-0.02129301687433082,0.010821041362364843,0.2975786374650332
20.782779499879155,-0.029384865447622657,-0.010995574287564275,0.005585053606381855,0.3045599544730105
20.801952943052623,-0.036943884730927065,-0.017627825445142728,0.00820304748437335,0.30316369107141505
20.82560491648629,-0.03215654328655559,-0.006108652381980154,0.02652900463031381,0.3010692959690218
20.8540947669024,-0.041045584057546186,-0.020245819323134222,0.026878070480712675,0.2970550386894349
20.87812677178299,-0.03655582021143036,-0.010122909661567111,0.029321531433504737,0.30019663134302466
20.902507703489633,-0.03585899381545604,-0.01117010721276371,0.011344640137963142,0.3029891581462156
20.92734813343718,-0.03166358723759894,-0.024260076602721184,0.007504915783575617,0.30543261909900765
20.951325666223966,-0.04995826644444257,-0.028623399732707007,0.022689280275926284,0.2937389131106457
20.975972688839175,-0.04605509060313454,-0.009948376736367679,0.02303834612632515,0.2937389131106457
21.00097717873325,-0.042300992395210214,0.0013962634015954637,0.020071286397934793,0.30246555937061737
21.026631581204658,-0.04236731630574165,-0.013788101090755204,0.00767944870877505,0.30159289474462014
21.047797511323186,-0.043947506418305624,-0.039968039870670144,-0.00471238898038469,0.29338984726024675
21.06834990179761,-0.04932119549549407,-0.0301941960595019,0.02199114857512855,0.2871066619530672
21.094229540860802,-0.04614587867584374,-0.027052603405912107,0.014660765716752368,0.2919935838586513
21.119882665642276,-0.04312543858417855,-0.00034906585039886593,-0.005759586531581287,0.2961823740634377
21.1449714653746,-0.05888618060731064,-0.006108652381980154,-0.02181661564992912,0.2776818839922978
21.172041884340196,-0.05247468373784212,-0.031066860685499065,-0.0024434609527920616,0.27838001569309556
21.18864669745964,-0.06344464182694844,-0.03665191429188092,-0.0013962634015954637,0.27523842303950574
21.21511164264493,-0.05360053211464206,-0.02129301687433082,-0.0019198621771937625,0.2754129559647052
21.247381225190143,-0.03901688504299507,-0.02303834612632515,-0.026179938779914945,0.2754129559647052
21.278137161149818,-0.04690844407969968,-0.030368728984701335,-0.02949606435870417,0.26878070480712674
21.300642716311618,-0.04608439811247489,-0.03577924966588375,-0.0006981317007977319,0.2642428487519415
21.317455860902776,-0.053924886504479054,-0.02356194490192345,0.02775073510670984,0.25726153174396416
21.34514660868984,-0.04478876666800082,-0.018675022996339326,0.023911010752322315,0.2581341963699614
21.373263486053872,-0.03206813952400303,-0.020071286397934793,-0.007853981633974483,0.25708699881876473
21.39635438211904,-0.031727414896933655,-0.04241150082346221,-0.010995574287564275,0.25603980126756815
21.422687202524475,-0.041539757341294094,-0.05096361415823442,0.006283185307179586,0.24731315500759649
21.44534296968089,-0.04144487223435623,-0.03682644721708035,0.031415926535897934,0.2501056818107874
21.468574675730707,-0.03772451723270627,-0.02495820830351891,0.013788101090755204,0.24975661596038856
21.489173315697883,-0.02407429630948529,-0.03420845333908886,0.006457718232379019,0.25499260371637156
21.516356278142098,-0.03438311126360828,-0.04206243497306335,0.011693705988362009,0.24015730507441974
21.534608547199657,-0.035680792656007404,-0.041015237421866746,0.027925268031909273,0.24137903555081577
21.5663586151671,-0.037811336874527444,-0.023212879051524585,0.031241393610698498,0.23684117949563052
21.590488485083963,-0.034677112874130715,-0.02303834612632515,0.00471238898038469,0.24085543677521748
21.61513758900321,-0.03166063154564014,-0.039095375244672985,-0.012915436464758038,0.2398082392240209
21.639523491403946,-0.02498564735201368,-0.046251225177849735,-0.017453292519943295,0.23963370629882144
21.652876298283246,-0.035148888791163145,-0.04276056667386108,0.013089969389957472,0.22549653935766736
21.682784838338186,-0.024103928773818187,-0.03560471674068432,0.013788101090755204,0.2357939819444339
21.71062246481303,-0.03161305679629929,-0.03595378259108319,-0.013264502315156905,0.22916173078685548
21.729996574288357,-0.03370755648541098,-0.03769911184307752,-0.024609142453120045,0.22689280275926285
21.749012630486007,-0.0358897958099492,-0.028623399732707007,-0.0013962634015954637,0.22200588085367873
21.76822499971304,-0.03816024893770083,-0.019024088846738195,0.0027925268031909274,0.22218041377887815
21.798908534397007,-0.02394449580313776,-0.016755160819145562,-0.0066322511575784525,0.2309070600388498
21.819011719564305,-0.02641823310482891,-0.01710422666954443,-0.024434609527920616,0.23003439541285262
21.842041232879094,-0.04287747138295939,-0.03385938748868999,-0.013264502315156905,0.21415189921970423
21.866596393071447,-0.03347126257329967,-0.005061454830783556,0.004014257279586958,0.2218313479284793
21.878813440945454,-0.03056095881254258,-0.009075712110370514,0.0012217304763960308,0.22305307840487534
21.91285823200578,-0.03085694168436483,0.005759586531581287,0.003839724354387525,0.22479840765686965
21.944274464177532,-0.017389019087658112,0.016057029118347832,0.017278759594743863,0.22602013813326569
21.967787659933776,-0.030552252436043682,-0.0010471975511965976,0.033335788713091695,0.2192133540504878
21.99368989087681,-0.025533414548399445,-0.00767944870877505,0.03874630939427412,0.22375121010567306
22.019916151760174,-0.0206336589095463,-0.010297442586766544,0.049567350756638956,0.22776546738526002
22.04651279472684,-0.019701432931386778,-0.01937315469713706,0.05707226654021458,0.23876104167282428
22.077942058731868,-0.042938529040695235,-0.024609142453120045,0.04328416544945937,0.22444934180647078
22.102390200794733,-0.02832090938376729,-0.03961897402027128,0.011693705988362009,0.23788837704682714
22.123694862164548,-0.03203673842669438,-0.06073745796940267,0.016057029118347832,0.23439771854283845
22.142558821642556,-0.02575033313551706,-0.0661479786505851,0.0158824961931484,0.24399702942880727
22.16846605366536,-0.025434181831830473,-0.03874630939427412,0.011344640137963142,0.24731315500759649
22.192552117422245,-0.047299860128265016,-0.061784655520599266,0.005235987755982988,0.2366666465704311
22.19838060114279,-0.04346723693867813,-0.07382742735936015,0.003141592653589793,0.2398082392240209
22.219928755146377,-0.04765678876807827,-0.07417649320975901,-0.0164060949687467,0.23841197582242543
22.241330153234642,-0.055825977288729185,-0.05951572749300664,-0.009948376736367679,0.23125612588924865
22.26102055233864,-0.046222286240837775,-0.05759586531581288,-0.004014257279586958,0.2371902453460294
22.282152877097488,-0.05459506613868943,-0.02530727415391778,0.005061454830783556,0.23265238929084414
22.310568038276642,-0.05119046174746237,-0.03246312408709453,0.003490658503988659,0.23195425759004643
22.326472559284316,-0.06386888493685125,-0.013613568165555772,0.0013962634015954637,0.22427480888127135
22.34854476393493,-0.0647555125390776,-0.0027925268031909274,0.013788101090755204,0.2207841503772827
22.368267094226663,-0.059527839349354794,0.016929693744344994,0.012217304763960308,0.23038346126325152
22.38482730261522,-0.06854245828529035,0.012217304763960308,0.01937315469713706,0.2139773662945048
22.40512138532273,-0.059587110443776604,0.020245819323134222,-0.006457718232379019,0.22218041377887815
22.4201016721238,-0.05472276894836269,0.021467549799530253,-0.013962634015954637,0.22200588085367873
22.44428174620763,-0.07008477150929743,0.033510321638291124,0.010297442586766544,0.21118483949131386
22.465300900683875,-0.06139966884114719,0.039095375244672985,0.017278759594743863,0.21642082724729686
22.479815643152886,-0.0567571306467472,0.05096361415823442,0.010821041362364843,0.21380283336930536
22.50313064123531,-0.05836165739303329,0.03769911184307752,-0.006806784082777886,0.2092649773141201
22.52642661030781,-0.060062529320792604,0.022689280275926284,0.006457718232379019,0.20961404316451898
22.549109670723922,-0.061860137724991916,0.040317105721069016,0.013613568165555772,0.20821777976292352
22.572367821925546,-0.06375487305074971,0.0307177948351002,0.016929693744344994,0.20717058221172693
22.607904014304726,-0.05013415267698511,0.02652900463031381,0.0024434609527920616,0.21938788697568723
22.639877636356065,-0.06246778862887735,-0.0015707963267948964,-0.00034906585039886593,0.21851522234969006
22.676364352231527,-0.04914463834701968,-0.02129301687433082,0.00942477796076938,0.22305307840487534
22.705657335683014,-0.05166435689737154,-0.012217304763960308,0.022863813201125717,0.2293362637120549
22.735336125217138,-0.050362668903721534,-0.017278759594743863,0.04974188368183839,0.2392846404484226
22.773118929053503,-0.05951006722630136,-0.02600540585471551,0.06527531402458793,0.23963370629882144
22.794676349616918,-0.0460285107974985,-0.041015237421866746,0.06126105674500097,0.25726153174396416
22.811369068959415,-0.05443947882778976,-0.054105206811824215,0.07260569688296412,0.26511551337793865
22.841931338267855,-0.06563867518271994,-0.0661479786505851,0.08237954069413235,0.2701769682087222
22.865246656948035,-0.06659600284493065,-0.07417649320975901,0.05637413483941684,0.27611108766550296
22.89485209443006,-0.06801626529687317,-0.0825540736193318,0.053407075111026485,0.2864085302522695
22.903813117376792,-0.07440472870580997,-0.0747000919853573,0.06736970912698112,0.2881538595042638
22.92018984889547,-0.0913319707560479,-0.059864793343405505,0.10122909661567112,0.28501226685067405
22.93655836509065,-0.0942597596359317,-0.06300638599699529,0.07330382858376185,0.29496064358704166
22.95933715471407,-0.08971230060604789,-0.05550147021341968,0.06318091892219473,0.30159289474462014
22.977386223193466,-0.10695930481725248,-0.061086523819801536,0.07103490055616922,0.2988003679414292
22.995283885342932,-0.12431024244702277,-0.06056292504420324,0.07068583470577035,0.29042278753185646
23.018962914722422,-0.13023609368045752,-0.04206243497306335,0.05131268000863329,0.2871066619530672
23.042217471700887,-0.12620432988901054,-0.0317649923862968,0.028099800957108706,0.2970550386894349
23.073198633862916,-0.13298286975578416,-0.020245819323134222,0.0291469985083053,0.29740410453983374
23.08431770473063,-0.1401384601613855,-0.024260076602721184,0.046251225177849735,0.2947861106618423
23.109619687770294,-0.15063695680775566,-0.030543261909900768,0.05375614096142535,0.2885029253546627
23.13411320006852,-0.1572468732295532,-0.015533430342749533,0.049567350756638956,0.28728119487826664
23.152391907688894,-0.17543531548897354,-0.009948376736367679,0.06265732014659643,0.28344147052387914
23.170173171787578,-0.1755623535575292,-0.0024434609527920616,0.059864793343405505,0.2822197400474831
23.18786402553477,-0.1657071439744043,0.0013962634015954637,0.06405358354819189,0.2930407814098479
23.206842012993192,-0.1943024888569833,0.017627825445142728,0.04293509959906051,0.2801253449450899
23.218493634694823,-0.18792732479338792,0.005235987755982988,0.0301941960595019,0.2815216083466853
23.243476306838936,-0.18520522713951393,0.014486232791552936,0.028623399732707007,0.28832839242946323
23.25535065926388,-0.1931351318306534,0.021467549799530253,0.02234021442552742,0.2802998778702893
23.28123784394619,-0.1966852300674416,0.0301941960595019,0.015707963267948967,0.2775073510670984
23.300294576648554,-0.20161240485925944,0.03543018381548489,0.019198621771937627,0.2801253449450899
23.319924815028024,-0.19851557346804202,0.03508111796508603,0.017278759594743863,0.27611108766550296
23.338756735521212,-0.19959396916376462,0.04363323129985824,0.0158824961931484,0.28082347664588764
23.358692377943797,-0.20078250234398573,0.034033920413889425,0.013439035240356337,0.2792526803190927
23.39257427857606,-0.20597423172492538,0.03298672286269283,-0.0005235987755982988,0.28134707542148596
23.405178414760503,-0.2145736908164125,0.02303834612632515,-0.012391837689159739,0.27698375229150013
23.4316795820065,-0.20899682698267286,0.02775073510670984,0.01710422666954443,0.28309240467348024
23.45170237621782,-0.22482077064871334,0.025132741228718343,0.010122909661567111,0.2762856205907024
23.47915442624936,-0.2195321189549199,0.0158824961931484,0.00017453292519943296,0.28256880589788197
23.500580992264375,-0.2214650263544629,-0.016755160819145562,-0.003141592653589793,0.28431413514987625
23.52125202611801,-0.22351493155777144,-0.023212879051524585,0.012217304763960308,0.28623399732707
23.54205392325904,-0.22979107316399422,-0.019896753472735357,0.017278759594743863,0.2869321290278678
23.576976210942018,-0.2221852863818916,-0.019024088846738195,0.01710422666954443,0.29338984726024675
23.598464064256987,-0.2246393635694291,-0.034732052114687155,0.010471975511965976,0.29129545215785363
23.61241776878598,-0.24831918146128457,-0.03298672286269283,0.009250245035569947,0.2754129559647052
23.641033058110335,-0.22991166098594096,-0.02548180707911721,0.014311699866353503,0.28309240467348024
23.66298821662508,-0.23686126356687698,-0.0291469985083053,0.01780235837034216,0.2855358656262723
23.67102529429429,-0.23947602002524454,-0.03159045946109736,0.023911010752322315,0.28082347664588764
23.700333879563075,-0.2356271498674199,-0.019896753472735357,0.018500490071139894,0.2768092193663007
23.723247142033223,-0.23880675631649195,-0.027052603405912107,0.02199114857512855,0.2747148242639075
23.74536467772646,-0.2379695291748014,-0.0153588974175501,0.03647738136668149,0.27174776453551713
23.760784064335407,-0.23408882890245394,-0.006108652381980154,0.040491638646268445,0.2738421596379103
23.78311521504191,-0.24761092063332946,-0.0012217304763960308,0.03804817769347639,0.2581341963699614
23.80700130469872,-0.23299006314731144,-0.0029670597283903604,0.017627825445142728,0.2649409804527392
23.830527366023855,-0.23262421351741785,-0.0033161255787892262,0.02356194490192345,0.26633724385433466
23.853581999525463,-0.24650966987924167,-0.0017453292519943296,0.023212879051524585,0.2581341963699614
23.870673961605725,-0.22486405781434912,0.0013962634015954637,0.021467549799530253,0.2644173816771409
23.894002199993714,-0.23897799438277273,-0.0008726646259971648,0.011519173063162575,0.2530727415391778
23.9185755942309,-0.22496951670401083,-0.008726646259971648,-0.0033161255787892262,0.26267205242514663
23.948588756957808,-0.23266473357453116,0.0006981317007977319,0.005585053606381855,0.2617993877991494
23.966738958386152,-0.22558292644655653,-0.013439035240356337,0.0022689280275926286,0.26145032194875056
23.98388537672834,-0.22852579242655355,-0.028274333882308142,-0.023911010752322315,0.25220007691318064
24.008327508863335,-0.2291307539562238,-0.01780235837034216,-0.013089969389957472,0.2569124658935653
24.025507021377678,-0.2322643219817298,-0.00942477796076938,-0.00471238898038469,0.2504547476611863
24.050252271866096,-0.23310672544218292,-0.007504915783575617,-0.0027925268031909274,0.2506292805863857
24.06806269265858,-0.22232700628618335,0.006283185307179586,-0.008552113334772215,0.2450442269800039
24.086659674926995,-0.22574364140327854,-0.007330382858376184,-0.018500490071139894,0.2462659574563999
24.111978408295144,-0.22273104015191714,-0.0006981317007977319,-0.020071286397934793,0.23963370629882144
24.1292590831623,-0.22213169722957155,0.019547687622336492,-0.019024088846738195,0.24033183799961916
24.15532810525069,-0.2193478308290358,0.019024088846738195,-0.007853981633974483,0.23736477827122882
24.172887154042716,-0.2189351264602712,0.031241393610698498,-0.038571776469074684,0.23195425759004643
24.19891233995779,-0.2163827520486012,0.0317649923862968,-0.045029494701453704,0.23596851486963336
24.22546196848387,-0.20973131983547103,0.023911010752322315,-0.0317649923862968,0.23596851486963336
24.25113155934388,-0.20743192169200148,0.032637657012293965,-0.017453292519943295,0.2357939819444339
24.27281144165299,-0.18348850366477373,0.013264502315156905,-0.010995574287564275,0.24731315500759649
24.297414601053088,-0.19551613815739718,0.013439035240356337,-0.010995574287564275,0.24068090385001806
24.323123725380498,-0.203424052244823,-0.003141592653589793,0.0006981317007977319,0.2350958502436362
24.35798467387764,-0.19954053195122215,-0.005759586531581287,0.016755160819145562,0.2478367537831948
24.376910601453897,-0.2042128384430788,-0.005934119456780721,0.0317649923862968,0.24870941840919197
24.397376898363824,-0.194915628342166,-0.012915436464758038,0.031415926535897934,0.255167136641571
24.423422554147717,-0.21183029461345704,-0.016580627893946133,-0.003490658503988659,0.24958208303518914
24.44700609484358,-0.1929649569759801,-0.03892084231947355,-0.022165681500327987,0.26511551337793865
24.466406521615156,-0.20232684657595013,-0.026179938779914945,-0.009250245035569947,0.2642428487519415
24.4862049914031,-0.2117941019146754,-0.025132741228718343,-0.00942477796076938,0.2607521902479528
24.508172198586042,-0.20732271840471733,-0.028448866807507574,-0.015533430342749533,0.26284658535034605
24.52993399637254,-0.20296684033956816,-0.02234021442552742,-0.03420845333908886,0.26511551337793865
24.546451533191128,-0.1951275238955306,-0.027401669256310976,-0.023911010752322315,0.2748893571891069
24.57065776716713,-0.2226679533379576,-0.005934119456780721,-0.006457718232379019,0.2530727415391778
24.587172748642345,-0.21503021277989715,-0.009075712110370514,0.012566370614359171,0.26651177677953414
24.60975062300589,-0.21112446148901254,-0.003490658503988659,-0.00942477796076938,0.26668630970473356
24.630638136393248,-0.22135553667108365,-0.0054105206811824215,-0.034557519189487726,0.2607521902479528
24.652029542534617,-0.22739600575663035,-0.010122909661567111,-0.014486232791552936,0.2532472744643772
24.675394086285493,-0.223839668387392,-0.012740903539558606,0.00034906585039886593,0.25446900494077324
24.69734494216931,-0.21609626149487238,0.01832595714594046,-0.009250245035569947,0.2577851305195625
24.723179377297715,-0.2031001138480766,0.01064650843716541,-0.015009831567151233,0.2698279023583234
24.73543909094122,-0.22955157066319426,0.0033161255787892262,-0.012740903539558606,0.24958208303518914
24.765237334022753,-0.23018091413039019,0.0054105206811824215,0.01117010721276371,0.24050637092481864
24.781498893715842,-0.22883048084817487,0.005934119456780721,0.03368485456349056,0.2452187599052033
24.804653157778954,-0.22165215305062813,0.02199114857512855,0.014486232791552936,0.2483603525587931
24.830559655125064,-0.2049561263148131,0.034557519189487726,-0.0017453292519943296,0.2595304597715568
24.856949188590463,-0.23405611223094505,0.025656340004316644,-0.005235987755982988,0.2398082392240209
24.874195310666288,-0.23309955160364335,0.009599310885968814,0.00471238898038469,0.24434609527920614
24.890293711103347,-0.22788197837958452,0.023212879051524585,0.003839724354387525,0.24102996970041693
24.91270243694993,-0.2352284584303506,0.02879793265790644,0.005235987755982988,0.2371902453460294
24.93208008468991,-0.22059011595860512,0.022863813201125717,-0.03159045946109736,0.24975661596038856
24.94993130248735,-0.21998514302883498,0.00820304748437335,-0.02356194490192345,0.24591689160600103
24.978119480086068,-0.23583068741835692,0.022689280275926284,-0.007155849933176752,0.23177972466484698
24.997815176239445,-0.21713800601334618,0.02652900463031381,-0.00017453292519943296,0.24364796357840843
25.023045734494605,-0.21547962764047396,0.024434609527920616,0.018500490071139894,0.24713862208239706
25.046582638442853,-0.21912865682901556,0.017278759594743863,0.020245819323134222,0.24364796357840843
25.06474804779056,-0.22339758880548688,0.0041887902047863905,0.031241393610698498,0.24609142453120045
25.094750043472573,-0.23550970980813163,-0.006981317007977318,0.04834562028024293,0.23387411976724015
25.1148996352554,-0.2217166900818445,0.00034906585039886593,0.049567350756638956,0.2424262331020124
25.141820240349727,-0.21630577786660884,-0.008552113334772215,0.0466002910282486,0.2452187599052033
25.15782590223187,-0.2304970649711062,-0.020943951023931952,0.023212879051524585,0.24033183799961916
25.17054761870109,-0.22258645795599524,-0.01710422666954443,0.023387411976724018,0.24591689160600103
25.194493914940548,-0.23138048684710996,-0.008028514559173916,0.04258603374866164,0.24277529895241123
25.20569834949055,-0.23309146010127432,-0.02356194490192345,0.031415926535897934,0.23596851486963336
25.228719156634376,-0.21988866742968471,-0.044156830075456545,0.009075712110370514,0.2424262331020124
25.242143132624168,-0.24393323559704666,-0.04066617157146788,-0.015707963267948967,0.22218041377887815
25.266608927812637,-0.24431833414278803,-0.025830872929516076,-0.023736477827122883,0.21799162357409177
25.279289798967188,-0.23245849943883903,-0.0024434609527920616,-0.012915436464758038,0.2223549467040776
25.29151493593845,-0.2300793075662663,-0.012915436464758038,-0.016929693744344994,0.21607176139689802
25.30833138481305,-0.2361533754516888,-0.008377580409572781,-0.04939281783143953,0.2066469834361286
25.331260038816154,-0.21466516835116542,-0.0027925268031909274,-0.026179938779914945,0.21275563581810877
25.34592047116558,-0.23028337035038576,-0.009773843811168246,-0.01117010721276371,0.19355701404617115
25.370877737946863,-0.22678255137196912,0.004363323129985824,-0.02548180707911721,0.18797196043978928
25.391209776760604,-0.21493401039540963,0.013788101090755204,-0.038397243543875255,0.18919369091618532
25.40870940098466,-0.2125240411558922,0.01832595714594046,-0.028448866807507574,0.18465583486100007
25.42336682604281,-0.19235814389226402,0.028623399732707007,-0.031939525311496235,0.1881464933649887
25.44951853901839,-0.18920547985665573,0.022514747350726852,-0.033335788713091695,0.18936822384138474
25.458787423085912,-0.19228856055875254,0.015184364492350668,-0.017278759594743863,0.18291050560900574
25.4762567583043,-0.19457497962556428,0.02303834612632515,-0.022863813201125717,0.17941984710501707
25.497413507130204,-0.1787168309011503,0.012566370614359171,-0.030543261909900768,0.18605209826259553
25.510162626549555,-0.17262932002789033,0.013264502315156905,-0.04241150082346221,0.18727382873899157
25.527964747105703,-0.17066192705525382,0.019547687622336492,-0.03577924966588375,0.1837831702350029
25.54456849283929,-0.15093567801204763,0.014660765716752368,-0.039968039870670144,0.19355701404617115
25.56260875552521,-0.15355703758281852,0.02548180707911721,-0.05044001538263613,0.19146261894377797
25.580682706209537,-0.15624922226813273,0.025830872929516076,-0.039095375244672985,0.19181168479417682
25.60260658981194,-0.14528574676501865,0.024783675378319478,-0.02775073510670984,0.19408061282176947
25.613482602841568,-0.153273026294183,0.003141592653589793,-0.011868238913561441,0.1858775653373961
25.63499594125798,-0.13798253666076413,0.013788101090755204,-0.0017453292519943296,0.18797196043978928
25.647787582339305,-0.13236172526960338,0.035255650890285456,0.0012217304763960308,0.19390607989657
25.667250645899397,-0.13539683037062672,0.014660765716752368,0.00890117918517108,0.19285888234537343
25.681089911507538,-0.13437379217967013,0.008377580409572781,0.009773843811168246,0.19582594207376378
25.700676397636734,-0.13754862089670164,-0.005759586531581287,0.004014257279586958,0.19128808601857852
25.70906253283728,-0.12353091283545986,-0.0006981317007977319,-0.003665191429188092,0.20420352248333656
25.733277800315992,-0.1354766967230743,-0.0066322511575784525,-0.017278759594743863,0.19285888234537343
25.739420183181817,-0.1352249136954406,-0.018500490071139894,-0.028274333882308142,0.19390607989657
25.75868881744973,-0.14315547528144715,-0.020943951023931952,-0.020594885173533087,0.19582594207376378
25.772530619319188,-0.1379967935134329,-0.005061454830783556,-0.0024434609527920616,0.19355701404617115
25.792301847977626,-0.14157632116907076,-0.007853981633974483,-0.0029670597283903604,0.1911135530933791
25.803241317900685,-0.14567400787288762,-0.004886921905584123,-0.016231562043547264,0.18657569703819382
25.812807492596523,-0.13198482304951295,0.0020943951023931952,0.0027925268031909274,0.19250981649497453
25.82825238877631,-0.14937641894099632,0.026354471705114377,0.015533430342749533,0.17976891295541594
25.843629883907077,-0.13998510760896743,0.024260076602721184,0.005585053606381855,0.18308503853420519
25.854680727081917,-0.14425653513133702,0.034732052114687155,-0.01117010721276371,0.17976891295541594
25.874582789665265,-0.1436998440282311,0.05044001538263613,-0.005934119456780721,0.17802358370342164
25.88461522087631,-0.1302437838751851,0.06161012259539984,-0.015184364492350668,0.18343410438460403
25.89213258161423,-0.14372109640025768,0.06981317007977318,-0.0041887902047863905,0.16912240451825053
25.912339676032257,-0.14333790328387194,0.07714355293814937,-0.013439035240356337,0.17243853009703977
25.927148324072007,-0.1342571505974072,0.09861110273767963,-0.014660765716752368,0.1768018532270256
25.947159799087533,-0.13400863265524793,0.10297442586766545,-0.010995574287564275,0.17610372152622786
25.95496603722563,-0.1521701327437629,0.09704030641088474,-0.013962634015954637,0.1682497398922534
25.979816998125333,-0.13848863063011174,0.07993607974134029,0.0013962634015954637,0.17488199104983182
25.99126538727843,-0.14318699002268556,0.0921533845053006,-0.007853981633974483,0.1741838593490341
26.016325910416594,-0.1296565938824871,0.07749261878854824,-0.003839724354387525,0.18570303241219668
26.036744009109107,-0.1297470692606793,0.07225663103256524,0.005061454830783556,0.18011797880581482
26.04411555282283,-0.1303287710381386,0.061784655520599266,0.010995574287564275,0.18657569703819382
26.065245244876355,-0.1350955277532918,0.04380776422505767,0.024434609527920616,0.18797196043978928
26.08137002526407,-0.1310977814203371,0.04590215932745086,0.022863813201125717,0.19914206765255302
26.102812986856616,-0.1360185293025967,0.017627825445142728,0.023387411976724018,0.19530234329816545
26.12406518553094,-0.14102124678671565,0.005759586531581287,0.02181661564992912,0.19792033717615698
26.13188604137001,-0.14640740740287292,-0.007155849933176752,0.014660765716752368,0.20490165418413428
26.148313854465826,-0.14723447023742478,-0.007155849933176752,0.010297442586766544,0.2038544566329377
26.156284240837014,-0.15270685498230688,-0.012391837689159739,0.00471238898038469,0.20874137853852182
26.164232461385613,-0.153647088834515,-0.013264502315156905,0.00471238898038469,0.20542525295973257
26.181480577532277,-0.15464897671766353,-0.014660765716752368,0.020594885173533087,0.20542525295973257
26.194282504368537,-0.1645916505311373,-0.0158824961931484,0.013613568165555772,0.19687313962496036
26.211726839953858,-0.1657269065494199,-0.01815142422074103,-0.0006981317007977319,0.19722220547535926
26.215365108227015,-0.15790548008032296,-0.0022689280275926286,0.004537856055185257,0.19966566642815128
26.232754916510174,-0.1591569182811041,0.008377580409572781,0.013089969389957472,0.19966566642815128
26.246182114387775,-0.16472518444079146,0.0066322511575784525,-0.003490658503988659,0.19041542139258136
26.25926541850891,-0.1749233272547492,0.019547687622336492,-0.003490658503988659,0.18099064343181198
26.272575574226668,-0.15822719330537807,0.020943951023931952,0.00942477796076938,0.1848303677861995
26.290451571717252,-0.15514616138032322,0.019198621771937627,0.01815142422074103,0.1858775653373961
26.30430377017156,-0.1609154833778742,0.006981317007977318,0.0,0.17941984710501707
26.32217033775584,-0.15336810297637846,0.01832595714594046,0.005759586531581287,0.18116517635701143
26.331199512255,-0.1502387179944496,0.03368485456349056,0.008377580409572781,0.1773254520026239
26.349656058819917,-0.1474032434503305,0.03159045946109736,0.022689280275926284,0.18081611050661253
26.35868115312984,-0.16671510810803186,0.029670597283903602,0.016580627893946133,0.17139133254584316
26.377354630897333,-0.15479345586083498,0.026354471705114377,0.010995574287564275,0.17453292519943295
26.391466121621967,-0.14311163095798662,0.03543018381548489,0.030368728984701335,0.1832595714594046
26.40557361103307,-0.14923198987703945,0.028623399732707007,0.014660765716752368,0.1759291886010284
26.419845554516403,-0.15540181667662667,0.024260076602721184,0.016929693744344994,0.17016960206944712
26.438644750448706,-0.14370906255891291,0.04223696789826278,0.02775073510670984,0.17278759594743864
26.452847140495823,-0.1499844394994748,0.04328416544945937,0.013439035240356337,0.1689478715930511
26.46706584400433,-0.1563099870947502,0.03822271061867582,0.010471975511965976,0.1706932008450454
26.47295548435605,-0.1445318437723457,0.04066617157146788,0.0020943951023931952,0.17784905077822216
26.487243781811888,-0.15094378352950466,0.04363323129985824,0.010995574287564275,0.1736602605734358
26.501758645661358,-0.15278097214211347,0.04642575810304917,0.002617993877991494,0.16772614111665507
26.525483963933176,-0.15514228041435082,0.040491638646268445,-0.010821041362364843,0.1689478715930511
26.53604000978013,-0.15261551944682786,0.03508111796508603,-0.005235987755982988,0.17226399717184035
26.550754304737957,-0.15460435087912258,0.03543018381548489,-0.0015707963267948964,0.1706932008450454
26.57435584270202,-0.15717258512111487,0.04450589592585541,-0.020943951023931952,0.16667894356545848
26.58518483142523,-0.15014636785388666,0.033335788713091695,-0.026354471705114377,0.1684242728174528
26.59998343961923,-0.15692909853719056,0.046774823953448036,-0.016755160819145562,0.16772614111665507
26.61488129572634,-0.15911891793963026,0.04921828490624009,-0.017278759594743863,0.1610938899590766
26.629944168814458,-0.16135621888838192,0.04450589592585541,-0.03647738136668149,0.16283921921107095
26.645111747248457,-0.16364119119828432,0.039269908169872414,-0.03508111796508603,0.15847589608108512
26.665240712335084,-0.15745391602204772,0.04729842272904633,-0.0164060949687467,0.16441001553786586
26.684387351862153,-0.1643530170688401,0.0582939970166106,-0.019896753472735357,0.15323990832510212
26.695853481389012,-0.1576259394609772,0.050789081233034994,-0.030543261909900768,0.1577777643802874
26.707371970879876,-0.15093479550179725,0.041713369122664476,-0.0439822971502571,0.15795229730548685
26.72276093055909,-0.15346292424848396,0.059341194567807204,-0.02652900463031381,0.158824961931484
26.738312082360196,-0.15603991333559988,0.046251225177849735,-0.045727626402251434,0.1541125729510993
26.757761700112326,-0.16319113387004805,0.050789081233034994,-0.06736970912698112,0.14556045961632708
26.77865164086577,-0.15275195279804632,0.04834562028024293,-0.06876597252857658,0.15323990832510212
26.794376227906312,-0.15081171582034952,0.046949356878647465,-0.05183627878423159,0.1518436449235067
26.806320546022217,-0.14438248074877702,0.0307177948351002,-0.04974188368183839,0.1551597705022959
26.822111343469626,-0.14720946845353364,0.033335788713091695,-0.05585053606381855,0.15062191444711065
26.83802729856133,-0.14540220951698704,0.032637657012293965,-0.041713369122664476,0.14695672301792254
26.863261613710286,-0.1397901880993591,0.024609142453120045,-0.03368485456349056,0.14521139376592823
26.883091175169586,-0.1473200289471818,0.020943951023931952,-0.058643062867009474,0.13857914260834978
26.89913113486537,-0.14566539002740528,0.01710422666954443,-0.038571776469074684,0.13578661580515886
26.915279425355553,-0.14405584445462705,0.02495820830351891,-0.0307177948351002,0.13631021458075715
26.931464048912613,-0.13779103732429474,0.02199114857512855,-0.03368485456349056,0.13194689145077132
26.947718345648283,-0.1362693205994046,0.00942477796076938,-0.034033920413889425,0.12880529879718153
26.964001054574513,-0.1300869789259195,0.019722220547535925,-0.028623399732707007,0.1291543646475804
26.98040899745088,-0.12394464911045015,0.019722220547535925,-0.0041887902047863905,0.12688543661998777
26.99130929807318,-0.13086421605529686,0.020245819323134222,-0.027925268031909273,0.11798425743481668
27.017085846193442,-0.12105432715618689,0.02495820830351891,-0.04328416544945937,0.1223475805648025
27.02811394161554,-0.1280455918964818,0.034732052114687155,-0.03560471674068432,0.11920598791121272
27.048474379582174,-0.1266243937277315,0.03787364476827695,-0.031066860685499065,0.11344640137963143
27.065140009139753,-0.12068338315608623,0.03490658503988659,-0.047472955654245766,0.11501719770642631
27.078159735051653,-0.10549175549071038,0.033335788713091695,-0.03874630939427412,0.12461650859239513
27.09872986598042,-0.10419406302703857,0.0471238898038469,-0.03438298626428829,0.11641346110802178
27.11928560794442,-0.10767232606181261,0.046949356878647465,-0.028274333882308142,0.11082840750163994
27.136286231521638,-0.09716041723904141,0.05305800926062762,-0.031939525311496235,0.11466813185602745
27.15702873111466,-0.10073080608626812,0.05550147021341968,-0.025830872929516076,0.11554079648202462
27.177745888019203,-0.09960821767727052,0.04729842272904633,-0.004886921905584123,0.1101302758008422
27.194755062246603,-0.09395926244099413,0.041015237421866746,-0.010471975511965976,0.11938052083641214
27.215634975013092,-0.0929227896376848,0.05009094953223726,-0.0164060949687467,0.11693705988362008
27.23662735680188,-0.09192959293766637,0.05515240436302082,-0.006981317007977318,0.11344640137963143
27.25394625640867,-0.08640840755227057,0.05619960191421741,-0.013089969389957472,0.11972958668681101
27.27468777532433,-0.0902617333765954,0.038397243543875255,-0.020943951023931952,0.11955505376161159
27.295693801418963,-0.09416578356111191,0.04468042885105484,-0.0164060949687467,0.11763519158441782
27.316674471205598,-0.09812064012878634,0.045553093477052,0.013089969389957472,0.12060225131280818
27.328307897555177,-0.10091481641722427,0.03892084231947355,0.01117010721276371,0.12042771838760874
27.355216955356518,-0.09683298492759182,0.04520402762665313,0.012566370614359171,0.12688543661998777
27.370600111507567,-0.10904918186880184,0.04921828490624009,0.032114058236695664,0.11780972450961724
27.38476271412695,-0.09447673381199043,0.0471238898038469,0.03647738136668149,0.12636183784438945
27.409311820693492,-0.10802560007565629,0.03717551306747922,0.023387411976724018,0.11955505376161159
27.43036324332119,-0.1122676282966039,0.02129301687433082,0.02757620218151041,0.11833332328521555
27.447996726027775,-0.10719004273637361,0.02076941809873252,0.026878070480712675,0.12671090369478832
27.469165122339138,-0.11153065360684657,0.01710422666954443,0.022165681500327987,0.12147491593880534
27.481146133675644,-0.11939053924667298,0.020943951023931952,0.006457718232379019,0.11955505376161159
27.511866572491396,-0.12036662158122621,0.02530727415391778,0.01815142422074103,0.12252211349000194
27.5201992842915,-0.11891899043956988,0.014311699866353503,0.017278759594743863,0.12269664641520137
27.544964506316855,-0.12803619873397912,0.014660765716752368,-0.002617993877991494,0.11152653920243767
27.562762470082465,-0.12322448700765203,0.014660765716752368,0.002617993877991494,0.11466813185602745
27.58757116644083,-0.13244221426999803,0.015707963267948967,0.010122909661567111,0.10681415022205297
27.602242697721866,-0.11350306057884796,0.024783675378319478,0.00034906585039886593,0.1137954672300303
27.621156676364,-0.1356140560906179,0.02775073510670984,-0.005934119456780721,0.10262536001726658
27.64532105194613,-0.11818008753498979,0.034557519189487726,0.010297442586766544,0.10943214410004447
27.664527751170365,-0.13555120611143465,0.04363323129985824,0.01710422666954443,0.09599310885968812
27.68273468227939,-0.12133965072126313,0.038397243543875255,0.0015707963267948964,0.0942477796076938
27.707748072503428,-0.13083315312384236,0.034557519189487726,-0.0013962634015954637,0.09075712110370514
27.72261861343472,-0.10727094027678974,0.029321531433504737,-0.005934119456780721,0.09965830028887622
27.751534580899822,-0.12143793963879553,0.05497787143782138,-0.00820304748437335,0.08744099552491591
27.769813675466583,-0.11221329558322776,0.04136430327226561,-0.020420352248333655,0.09529497715889039
27.78929001920147,-0.12494804333003652,0.052534410485029326,-0.015533430342749533,0.079412480965742
27.807871860534025,-0.11094228799731805,0.05235987755982989,-0.0008726646259971648,0.08517206749732328
27.829583744207287,-0.10640592240818114,0.04014257279586959,-0.01064650843716541,0.08691739674931762
27.855031860817792,-0.10648775895828819,0.04991641660703782,-0.016057029118347832,0.07819075048934597
27.880141689444258,-0.11146873444233146,0.04363323129985824,-0.012566370614359171,0.0788888821901437
27.898985179183338,-0.09760235219202547,0.044331363000655974,-0.0005235987755982988,0.08447393579652555
27.91858872760472,-0.11051792822885899,0.054628805587422516,-0.01884955592153876,0.07051130178057091
27.943890225178567,-0.110739243788412,0.045727626402251434,-0.0153588974175501,0.07330382858376185
27.96619895279655,-0.10154318213238821,0.050265482457436686,-0.007504915783575617,0.06963863715457375
27.991623786866917,-0.09694889164369566,0.04590215932745086,-0.01780235837034216,0.06702064327658225
28.013795104066155,-0.08781219053075821,0.044331363000655974,-0.028623399732707007,0.06894050545377602
28.03276165419453,-0.10086893294275326,0.032637657012293965,-0.0029670597283903604,0.061086523819801536
28.055345639834126,-0.08689697701360496,0.041015237421866746,-0.0024434609527920616,0.06335545184739416
28.074814186137996,-0.10000524428300045,0.04468042885105484,-0.020594885173533087,0.05759586531581288
28.100543689370863,-0.09554561578487741,0.05445427266222309,-0.018675022996339326,0.052185344634630454
28.11962559098712,-0.09889739908515388,0.04537856055185257,-0.0022689280275926286,0.04782202150464463
28.14210353942895,-0.08501572224345079,0.05061454830783556,-0.010471975511965976,0.0481710873550435
28.170890933782154,-0.08518057055938609,0.03752457891787808,-0.01710422666954443,0.04276056667386108
28.186926788616088,-0.08402699833019191,0.03612831551628262,0.0027925268031909274,0.04258603374866164
28.216213280731154,-0.08423201494566683,0.04642575810304917,0.009599310885968814,0.03717551306747922
28.23551097911148,-0.08273806622677489,0.05009094953223726,-0.0012217304763960308,0.031241393610698498
28.264903563157525,-0.08297447548055056,0.05742133239061344,0.012042771838760876,0.029670597283903602
28.280746727775753,-0.07695810380157578,0.039968039870670144,0.020071286397934793,0.02949606435870417
28.309795370595037,-0.07229217323867139,0.03961897402027128,0.024260076602721184,0.026179938779914945
28.33291515130941,-0.08030892174154707,0.047472955654245766,0.003665191429188092,0.02199114857512855
28.351713431585164,-0.07885794375413095,0.03385938748868999,0.015533430342749533,0.015009831567151233
28.38113268845249,-0.07421902332074339,0.046774823953448036,0.0005235987755982988,0.014660765716752368
28.407106361089507,-0.06011345373911066,0.04939281783143953,0.004886921905584123,0.01884955592153876
28.430289298241316,-0.06816219338033348,0.05358160803622592,0.01884955592153876,0.013439035240356337
28.453216420340738,-0.07125682622242202,0.054279739737023644,0.026878070480712675,0.009075712110370514
28.472364559465415,-0.06983947499760451,0.045727626402251434,0.03246312408709453,0.010122909661567111
28.505006400152688,-0.06974837981875927,0.05131268000863329,0.014486232791552936,0.003665191429188092
28.524472451609086,-0.06336919363279687,0.04642575810304917,0.012566370614359171,0.005934119456780721
28.544355497500074,-0.08363535759077445,0.049567350756638956,0.007853981633974483,-0.01064650843716541
28.570426626151402,-0.06458448868707505,0.05881759579220891,0.005759586531581287,-0.0008726646259971648
28.606152923216,-0.07396500158357364,0.06213372137099813,-0.010122909661567111,-0.007330382858376184
28.625977963011742,-0.06259142006281264,0.06091199089460211,-0.0012217304763960308,-0.00942477796076938
28.648662566376455,-0.06568218773858862,0.053407075111026485,-0.004363323129985824,-0.010471975511965976
28.684360738175915,-0.0700555934653168,0.053407075111026485,-0.025656340004316644,-0.016929693744344994
28.7074203440246,-0.06313269710945006,0.053232542185827056,-0.011693705988362009,-0.02408554367752175
28.7265885468093,-0.05172876206322867,0.041887902047863905,-0.00942477796076938,-0.019024088846738195
28.752785129488093,-0.05425313432006617,0.04782202150464463,-0.00942477796076938,-0.02879793265790644
28.779071551124712,-0.056759800869433365,0.04363323129985824,-0.012740903539558606,-0.034732052114687155
28.807369302909798,-0.06369768418968315,0.02129301687433082,-0.028623399732707007,-0.04729842272904633
28.835779494026823,-0.044010380140298976,0.004886921905584123,-0.03490658503988659,-0.03874630939427412
28.85169471878073,-0.04464519666934893,-0.006108652381980154,-0.04852015320544237,-0.04886921905584123
28.877355043226093,-0.047073266639958866,-0.012042771838760876,-0.06161012259539984,-0.04921828490624009
28.899444891698458,-0.03498014498914748,-0.015707963267948967,-0.03822271061867582,-0.05375614096142535
28.93169157389808,-0.01963124229047378,-0.012391837689159739,-0.03368485456349056,-0.046774823953448036
28.953672185570603,-0.03406098525953844,-0.02408554367752175,-0.03944444109507185,-0.06440264939859076
28.972088686758322,-0.012430114591009022,-0.03560471674068432,-0.039968039870670144,-0.05305800926062762
29.000235852620328,-0.019151798343434518,-0.034033920413889425,-0.056548667764616284,-0.06213372137099813
29.015624918701793,-0.014583107287452341,-0.038571776469074684,-0.04886921905584123,-0.06492624817418906
29.041638931246847,-0.006729833902277434,-0.02129301687433082,-0.03892084231947355,-0.07051130178057091
29.07024549182036,-0.008291680476528186,-0.014835298641951801,-0.029321531433504737,-0.07103490055616922
29.09157305145041,0.009083253460613163,-0.027227136331111543,-0.025830872929516076,-0.06963863715457375
29.1110894966651,0.004314953835709125,-0.020594885173533087,-0.012566370614359171,-0.07592182246175334
29.136446310143768,0.012306019373333813,-0.015009831567151233,-0.032637657012293965,-0.07452555906015788
29.159040836276986,0.0032381489559182575,-0.005585053606381855,-0.031939525311496235,-0.08342673824532895
29.184414802104826,0.016390933237226124,-0.00471238898038469,-0.030019663134302467,-0.08604473212332044
29.209792093200104,0.024495591215998206,-0.00820304748437335,-0.007853981633974483,-0.08028514559173917
29.232784897219705,0.015547300077479006,0.0033161255787892262,-0.007504915783575617,-0.08168140899333462
29.251515337812084,0.01606854353379541,-0.003665191429188092,-0.0317649923862968,-0.08604473212332044
29.280013685251745,0.019960082750928042,-0.0020943951023931952,-0.03665191429188092,-0.08552113334772216
29.309176611689345,0.023901982661387974,0.005759586531581287,-0.046949356878647465,-0.08779006137531478
29.327884543459366,0.02454140170915886,-0.009948376736367679,-0.05707226654021458,-0.09058258817850572
29.35707947997463,0.028575892364210115,-0.0066322511575784525,-0.05235987755982989,-0.08656833089891874
29.379520120656334,0.019876232708027054,-0.00820304748437335,-0.047472955654245766,-0.0932005820564972
29.405058173940912,0.033418736951132816,-0.0041887902047863905,-0.04258603374866164,-0.08813912722571364
29.42416692472213,0.03934102516129485,-0.0017453292519943296,-0.04886921905584123,-0.08970992355250854
29.452785755063264,0.043566137660389685,-0.010471975511965976,-0.03630284844148206,-0.09145525280450287
29.475664076361937,0.03503515206740591,-0.01117010721276371,-0.05096361415823442,-0.09826203688728075
29.503847963889626,0.044500642345322666,-0.023212879051524585,-0.05061454830783556,-0.09616764178488756
29.52337233851326,0.04545557981359974,-0.020594885173533087,-0.039793506945470715,-0.0932005820564972
29.55160845539262,0.04987483906340384,-0.01832595714594046,-0.05672320068981571,-0.09250245035569947
29.57185778198407,0.05606291141072435,0.0005235987755982988,-0.05358160803622592,-0.09546951008408983
29.590824828597952,0.057132431579099446,-0.012915436464758038,-0.03385938748868999,-0.09669124056048586
29.614259706428605,0.05401643092692891,-0.007504915783575617,-0.032114058236695664,-0.09843656981248018
29.643642472645517,0.06379620604816132,0.005585053606381855,-0.04310963252425994,-0.09808750396208132
29.666153307607775,0.055610653367877405,-0.0020943951023931952,-0.04293509959906051,-0.10070549784007282
29.686283696117293,0.062015504516254226,0.012217304763960308,-0.02879793265790644,-0.10070549784007282
29.70992938087106,0.0590926549467705,0.029321531433504737,-0.031939525311496235,-0.10838494654884787
29.720819402918696,0.0672610709957806,0.039968039870670144,-0.046774823953448036,-0.1090830782496456
29.74501695972999,0.0644265754659752,0.05393067388662478,-0.04852015320544237,-0.11344640137963143
29.765404557556028,0.07618840365664396,0.06161012259539984,-0.03246312408709453,-0.11641346110802178
29.792949145099293,0.07448817176494833,0.06911503837897545,-0.039095375244672985,-0.12688543661998777
29.804459893039784,0.08280671479712497,0.07609635538695278,-0.04206243497306335,-0.12950343049797924
29.832111910327225,0.08122977812326292,0.07819075048934597,-0.0439822971502571,-0.13334315485236678
29.85702442009456,0.0890662393616241,0.08639379797371932,-0.0661479786505851,-0.13735741213195374
29.87150378601443,0.09858439574588684,0.0762708883121522,-0.08011061266653972,-0.14748032179352083
29.899670185462448,0.10242918357208688,0.07801621756414652,-0.06981317007977318,-0.15690509975429023
29.92428973336696,0.11568040550480757,0.08150687606813518,-0.07260569688296412,-0.1589994948566834
29.948930392844453,0.13422677941866873,0.07592182246175334,-0.08360127117052839,-0.16929693744344998
29.968323333780145,0.14511655994552708,0.07312929565856241,-0.07103490055616922,-0.17697638615222502
29.989790826598203,0.17312417449319012,0.08028514559173917,-0.050265482457436686,-0.17139133254584316
30.006217499474733,0.16187536369855202,0.08168140899333462,-0.03560471674068432,-0.1942551457469689
30.02563836513614,0.19525431511039004,0.0656243798749868,-0.04642575810304917,-0.18308503853420519
30.047733647547,0.19714529736772965,0.059864793343405505,-0.05061454830783556,-0.192684349420174
30.060367318387204,0.22693888516480182,0.07103490055616922,-0.06667157742618339,-0.18500490071139894
30.074693635487034,0.22521666785102198,0.07103490055616922,-0.03769911184307752,-0.19617500792416265
30.091247546039455,0.2510849140424579,0.08569566627292158,-0.0158824961931484,-0.19722220547535926
30.122117974211413,0.2570679796539055,0.0736528944341607,-0.0022689280275926286,-0.19879300180215415
30.140268758104273,0.27385159232679723,0.0582939970166106,-0.005585053606381855,-0.19373154697137057
30.156527375634987,0.29469272418031245,0.061784655520599266,-0.00890117918517108,-0.19058995431778078
30.18166056466547,0.31418634891808084,0.054105206811824215,-0.01815142422074103,-0.1816887751326097
30.20523025238637,0.31671715545963375,0.04886921905584123,0.0010471975511965976,-0.18989182261698306
30.219651690540164,0.3207137974133248,0.051487212933832724,0.01710422666954443,-0.2007128639793479
30.25800133527987,0.34042696382177196,0.05846852994181004,0.05183627878423159,-0.19338248112097173
30.289662827076683,0.3471620734875612,0.03385938748868999,0.02548180707911721,-0.19355701404617115
30.322062581272657,0.37634422710458654,-0.005235987755982988,0.011868238913561441,-0.18203784098300857
30.350311662905312,0.37018842049136147,0.004014257279586958,0.014137166941154071,-0.19250981649497453
30.37822536362574,0.36943090421052355,0.0033161255787892262,0.032114058236695664,-0.20612338466053032
30.410903885883315,0.3819528659477085,-0.0006981317007977319,0.012391837689159739,-0.20682151636132803
30.444260328862928,0.38930753749873803,0.0041887902047863905,0.003839724354387525,-0.20455258833373544
30.456903940055103,0.3940277478484546,-0.01815142422074103,-0.019722220547535925,-0.205599785884932
30.48787646305251,0.4069185399462133,-0.041713369122664476,-0.028274333882308142,-0.2038544566329377
30.519831855883552,0.3976087718639766,-0.032637657012293965,-0.03961897402027128,-0.2118829711921116
30.552814127908754,0.41077475504289307,-0.0322885911618951,-0.02652900463031381,-0.21101030656611444
30.573235927751707,0.4237561716777267,-0.026354471705114377,-0.03543018381548489,-0.20106192982974674
30.59326517546298,0.43681493981080965,-0.022514747350726852,-0.023911010752322315,-0.19006635554218249
30.61175042513467,0.4276053303000361,-0.012217304763960308,0.0153588974175501,-0.19512781037296603
30.642508952437094,0.43588859765041743,-0.03700098014227979,0.03298672286269283,-0.18936822384138474
30.666172050234685,0.4347766650988041,-0.0291469985083053,0.023911010752322315,-0.18657569703819382
30.690707901236806,0.4390993311432707,-0.02303834612632515,0.02181661564992912,-0.18029251173101424
30.71127602014873,0.4418821555035224,-0.016755160819145562,0.039269908169872414,-0.16528268016386302
30.723013752743114,0.44050542493964806,-0.00471238898038469,0.0661479786505851,-0.15620696805349252
30.743034289802306,0.4380468242798446,0.00017453292519943296,0.06894050545377602,-0.14224433403753786
30.76745154935772,0.42659455010228436,0.003490658503988659,0.09756390518648302,-0.1324704902263696
30.786444981239384,0.4188932284321696,-0.012217304763960308,0.10419615634406147,-0.12269664641520137
30.807248634538986,0.40587422810679724,-0.007155849933176752,0.10681415022205297,-0.10978120995044333
30.837633417200166,0.39717939172135086,0.00017453292519943296,0.10768681484805014,-0.09704030641088474
30.85580608097206,0.3825373030947643,0.013788101090755204,0.09075712110370514,-0.07766715171374766
30.88176340008168,0.3498552564423889,0.02548180707911721,0.11135200627723822,-0.07522369076095561
30.897511462265836,0.3352667124282023,0.017627825445142728,0.11728612573401895,-0.06073745796940267
30.908549033023935,0.3243409508250119,-0.00017453292519943296,0.08691739674931762,-0.0466002910282486
30.938965541633646,0.29429595258496627,0.013264502315156905,0.07661995416255106,-0.04223696789826278
30.95224235993937,0.26104697815850764,0.014311699866353503,0.06091199089460211,-0.04345869837465881
30.96601338275494,0.2617322619870961,0.013962634015954637,0.0762708883121522,-0.021642082724729686
30.98363398292998,0.23104361342548102,0.013962634015954637,0.1090830782496456,-0.016057029118347832
30.991050342428508,0.21300093423811567,0.008377580409572781,0.130201562198777,-0.003665191429188092
31.0112966431376,0.17329922281841242,-0.0019198621771937625,0.11571532940722405,-0.020245819323134222
31.028507762828312,0.15957418488343722,-0.0015707963267948964,0.07173303225696695,-0.0022689280275926286
31.045675075703144,0.1289029154532693,-0.011868238913561441,0.08499753457212385,-0.00820304748437335
31.05936245297528,0.12420079171034575,-0.02076941809873252,0.10349802464326374,0.003490658503988659
31.085502904627212,0.09243916903226664,-0.022514747350726852,0.1165879940332212,-0.003141592653589793
31.098361853306262,0.08231672538480955,-0.02129301687433082,0.1473057888683214,0.006457718232379019
31.123702568370703,0.07290782236170885,-0.026179938779914945,0.13055062804917586,0.011344640137963142
31.14512960097293,0.044733386374778264,-0.02530727415391778,0.11362093430483085,0.005759586531581287
31.161420654914746,0.03100526764422342,-0.039968039870670144,0.07487462491055674,0.003665191429188092
31.170739425235038,0.012962588456859846,-0.027227136331111543,0.07976154681614087,0.004886921905584123
31.176265079882093,-0.0014929031917712639,-0.00942477796076938,0.09180431865490173,0.003665191429188092
31.18831363968247,-0.006202009810588685,-0.016929693744344994,0.09948376736367678,0.006981317007977318
31.19222005887272,-0.015224102299723123,-0.006981317007977318,0.0788888821901437,0.005235987755982988
31.208589605206537,-0.028955301407674737,-0.013439035240356337,0.046251225177849735,-0.011693705988362009
31.234389590246057,-0.03292854687167644,-0.012915436464758038,0.010821041362364843,-0.011868238913561441
31.252832764377807,-0.04120861602997014,0.0019198621771937625,0.013264502315156905,-0.014660765716752368
31.267827176851238,-0.04046268894534642,0.020420352248333655,0.029670597283903602,-0.019198621771937627
31.272614155160554,-0.04403138837519383,0.02303834612632515,0.03892084231947355,-0.02111848394913139
31.285267178364347,-0.03782425699826498,0.02181661564992912,0.021467549799530253,-0.025132741228718343
31.298257525223082,-0.031607807934179624,0.024783675378319478,0.0008726646259971648,-0.032637657012293965
31.3194828400531,-0.043411143139030536,0.020420352248333655,-0.022689280275926284,-0.047472955654245766
31.341552855382723,-0.04427214973413938,0.009599310885968814,-0.028623399732707007,-0.05393067388662478
31.35268465312566,-0.02900701696936436,0.025132741228718343,-0.017627825445142728,-0.04921828490624009
31.366921212008382,-0.017276698780136133,0.02548180707911721,-0.0017453292519943296,-0.05009094953223726
31.38472706709798,-0.014537860461912367,0.03787364476827695,0.0020943951023931952,-0.050265482457436686
31.39914520355519,0.0026955177350082913,0.05969026041820607,-0.007155849933176752,-0.05393067388662478
31.40710123927487,0.0011136587900031029,0.045553093477052,-0.028972465583105872,-0.0603883921190038
31.423991810939956,0.009381660458312043,0.01780235837034216,-0.02530727415391778,-0.06492624817418906
31.433190405739527,0.013303251247404403,0.009773843811168246,-0.0439822971502571,-0.06702064327658225
31.45225261529104,0.02161447776054906,0.020943951023931952,-0.03508111796508603,-0.06736970912698112
31.479434741456593,0.03433418311367545,0.018500490071139894,-0.023736477827122883,-0.06824237375297829
31.484723944336334,0.04180865237630963,0.025656340004316644,-0.017453292519943295,-0.06213372137099813
31.50551869550986,0.04120546830699487,0.0005235987755982988,-0.016057029118347832,-0.07068583470577035
31.52140929095659,0.04961272240960279,-0.040491638646268445,-0.015533430342749533,-0.07208209810736581
31.535340615494146,0.05015784718544963,-0.028099800957108706,-0.02652900463031381,-0.07696902001294993
31.55250722930999,0.05861463032019429,-0.0460766922526503,-0.028099800957108706,-0.07347836150896127
31.574938388674745,0.058126742926274476,-0.04520402762665313,-0.00820304748437335,-0.07190756518216639
31.588578496298187,0.07560269170690609,-0.03665191429188092,0.00820304748437335,-0.06283185307179587
31.608938218125473,0.07517067088504462,-0.054105206811824215,0.0006981317007977319,-0.0715584993317675
31.62844073312403,0.0747697010046644,-0.08377580409572781,-0.021642082724729686,-0.07400196028455958
31.64190558174003,0.06995345235146266,-0.07103490055616922,-0.026878070480712675,-0.07539822368615504
31.659083668057672,0.07856240967336793,-0.06806784082777885,-0.009948376736367679,-0.0715584993317675
31.68028181216635,0.07824536428206641,-0.07749261878854824,-0.0019198621771937625,-0.06998770300497262
31.697864997275808,0.08138103879874856,-0.06754424205218056,-0.0019198621771937625,-0.06736970912698112
31.709851854263807,0.07664949312193181,-0.07696902001294993,0.0041887902047863905,-0.06963863715457375
31.72629318358077,0.08535498701812783,-0.08115781021773633,-0.01937315469713706,-0.06841690667817772
31.747595600917844,0.08514622790328824,-0.07766715171374766,-0.027925268031909273,-0.06213372137099813
31.76411551559895,0.08836609252349074,-0.08691739674931762,-0.010297442586766544,-0.061784655520599266
31.777606856450692,0.08371956031944194,-0.06527531402458793,0.0012217304763960308,-0.0656243798749868
31.799116811263072,0.07804633116598535,-0.06335545184739416,0.006981317007977318,-0.06213372137099813
31.807487018054164,0.07682302482308215,-0.055326937288220246,0.007853981633974483,-0.058643062867009474
31.82808464019953,0.07674007708179631,-0.06492624817418906,-0.011868238913561441,-0.06387905062299247
31.845796913305648,0.08005764956106587,-0.04799655442984406,-0.020420352248333655,-0.05846852994181004
31.868381249937332,0.08003028053570535,-0.034557519189487726,-0.014660765716752368,-0.05969026041820607
31.88183466012343,0.06994858299228011,-0.01710422666954443,-0.0024434609527920616,-0.06091199089460211
31.91282586558685,0.06893911175431618,-0.013439035240356337,0.012740903539558606,-0.05689773361501515
31.930087015007388,0.07234207176698988,-0.012391837689159739,0.027227136331111543,-0.05497787143782138
31.94734582670191,0.08133535378602585,-0.00890117918517108,-0.0005235987755982988,-0.05585053606381855
31.965769124821144,0.062419128315081646,0.003141592653589793,-0.01884955592153876,-0.06126105674500097
31.992678588376016,0.0760103654015046,0.006108652381980154,-0.014835298641951801,-0.05759586531581288
32.010847918170214,0.057139933201644094,0.0022689280275926286,0.015009831567151233,-0.06161012259539984
32.02876324107053,0.06064815994388796,-0.00034906585039886593,0.02111848394913139,-0.05742133239061344
32.04643404868924,0.06976405489391037,-0.003839724354387525,0.030368728984701335,-0.059166661642607775
32.06911910960216,0.08118556947124203,0.008726646259971648,0.020420352248333655,-0.046949356878647465
32.0866980923818,0.06239342068640002,-0.004537856055185257,-0.012740903539558606,-0.05288347633542819
32.10404452568491,0.06597949665279441,-0.017976891295541596,-0.005235987755982988,-0.047647488579445195
32.12657687533117,0.060696681210151524,-0.023387411976724018,0.020420352248333655,-0.047472955654245766
32.153371369838275,0.06330329178707454,-0.024434609527920616,0.033510321638291124,-0.0460766922526503
32.171041405318924,0.06694993932137694,-0.02530727415391778,0.03630284844148206,-0.04153883619746504
32.20614229232157,0.07419000623258377,-0.03577924966588375,0.013264502315156905,-0.03560471674068432
32.223106486601964,0.07226038439690828,-0.05235987755982989,-0.004363323129985824,-0.03246312408709453
32.24953899260966,0.06931889010403569,-0.06946410422937431,0.012042771838760876,-0.028099800957108706
32.27201339809355,0.05853628573780875,-0.06789330790257943,0.03892084231947355,-0.032114058236695664
32.301876178346504,0.06909846268595313,-0.08691739674931762,0.046949356878647465,-0.01815142422074103
32.31939291932946,0.061584800644386754,-0.07906341511534314,0.04363323129985824,-0.01710422666954443
32.340458298609704,0.061918446989630775,-0.09180431865490173,0.032114058236695664,-0.010471975511965976
32.374933028358384,0.05798064305238801,-0.11100294042683936,0.0486946861306418,-0.002617993877991494
32.39293291392013,0.04483264585968556,-0.09564404300928926,0.05969026041820607,-0.0041887902047863905
32.41445631634624,0.04516629220492958,-0.09808750396208132,0.07557275661135447,0.003141592653589793
32.44039640633675,0.030963977912856825,-0.10192722831646885,0.08639379797371932,0.007504915783575617
32.462014765209865,0.03129372201265868,-0.09285151620609834,0.0825540736193318,0.009773843811168246
32.47861926514166,0.029167983875494175,-0.10070549784007282,0.0715584993317675,0.019024088846738195
32.51375683148475,0.019538742180097178,-0.08936085770210968,0.05707226654021458,0.020245819323134222
32.5356633650517,0.014180203998078265,-0.08098327729253689,0.06213372137099813,0.02356194490192345
32.55788631755529,0.0031333823241073365,-0.05759586531581288,0.05637413483941684,0.032637657012293965
32.57969790730837,-0.007929048965791455,-0.05480333851262195,0.06475171524898962,0.03438298626428829
32.60107915850885,-0.002336530325723771,-0.056025068989017976,0.06544984694978735,0.0471238898038469
32.62707937796887,-0.005655697402616655,-0.04974188368183839,0.04991641660703782,0.052534410485029326
32.6533712956331,-0.03136191549623684,-0.052185344634630454,0.02652900463031381,0.03874630939427412
32.67544880307621,-0.02584370367583731,-0.039968039870670144,0.026354471705114377,0.051487212933832724
32.7021744018175,-0.029244394521845306,-0.026354471705114377,0.03717551306747922,0.059341194567807204
32.71953684198103,-0.037236240108445826,-0.033335788713091695,0.03769911184307752,0.05846852994181004
32.74580224141581,-0.04640200762914353,-0.027925268031909273,0.05585053606381855,0.05951572749300664
32.76760919067617,-0.0409828130791643,-0.023387411976724018,0.04834562028024293,0.06422811647339133
32.789000407470446,-0.04130839021663752,-0.0481710873550435,0.019722220547535925,0.06841690667817772
32.81083374581631,-0.04739035225607068,-0.04223696789826278,0.0158824961931484,0.07504915783575616
32.83780791173892,-0.05669572682678138,-0.023736477827122883,0.01117010721276371,0.07382742735936015
32.859610020629695,-0.0628552001539131,-0.028099800957108706,0.023212879051524585,0.07731808586334879
32.87281140915655,-0.06783369912796769,-0.022863813201125717,0.04380776422505767,0.07522369076095561
32.89902735282296,-0.06062363688034028,-0.027925268031909273,0.03560471674068432,0.08115781021773633
32.920812900807476,-0.0611468284424825,-0.034557519189487726,0.00942477796076938,0.0825540736193318
32.9382229561925,-0.058517648710556175,-0.03560471674068432,0.002617993877991494,0.08639379797371932
32.96070918493442,-0.0648555632233792,-0.009250245035569947,0.02548180707911721,0.08970992355250854
32.983244320512945,-0.071232383538608,0.006283185307179586,0.0317649923862968,0.0853466004225227
33.00531620008569,-0.06104702674128364,-0.0027925268031909274,0.0481710873550435,0.09948376736367678
33.02742016234604,-0.07326910870841512,-0.00034906585039886593,0.03490658503988659,0.09843656981248018
33.04529413328606,-0.07081740621876385,0.01064650843716541,0.013788101090755204,0.10035643198967395
33.06769215618499,-0.08312457732366886,0.015707963267948967,0.009948376736367679,0.09599310885968812
33.09021865612142,-0.08970425286396934,0.013439035240356337,0.02111848394913139,0.09826203688728075
33.10841496437478,-0.07655203996333415,0.015184364492350668,0.03246312408709453,0.11309733552923257
33.12672453602809,-0.08580432335363507,0.021467549799530253,0.04136430327226561,0.11606439525762292
33.144519336872904,-0.08931686883800505,0.012915436464758038,0.05567600313861911,0.11571532940722405
33.16260357103962,-0.09865422238889197,0.011868238913561441,0.045727626402251434,0.11868238913561441
33.18514760125013,-0.09466414597808312,-0.002617993877991494,0.03438298626428829,0.12932889757277982
33.19924399569877,-0.10089566900469885,0.004886921905584123,0.04799655442984406,0.1356120828799594
33.21271148335608,-0.10716572399080397,-0.01064650843716541,0.04921828490624009,0.1439896632895322
33.226488937072546,-0.11927256108049301,-0.007504915783575617,0.04991641660703782,0.14957471689591403
33.2492352249861,-0.12129065626933312,-0.003839724354387525,0.059166661642607775,0.14835298641951802
33.26762253552533,-0.12596449362933887,-0.007853981633974483,0.047472955654245766,0.1637118838370681
33.2815590045068,-0.13822436137844968,-0.010821041362364843,0.02879793265790644,0.16406094968746698
33.29127466531898,-0.14730377674410203,-0.006457718232379019,0.033510321638291124,0.16929693744344998
33.30084605911744,-0.15641750949174496,-0.017627825445142728,0.03874630939427412,0.1799434458806154
33.319673141509156,-0.1671256363571543,-0.003490658503988659,0.05235987755982989,0.18360863730980345
33.3293454494914,-0.17632634195008554,-0.01117010721276371,0.04136430327226561,0.1853539665617978
33.34806671565235,-0.18716024357702146,-0.013788101090755204,0.045727626402251434,0.1923352835697751
33.35402748517726,-0.19901670077013459,-0.005934119456780721,0.039269908169872414,0.19879300180215415
33.37312331759333,-0.2099763008062534,-0.007155849933176752,0.054279739737023644,0.20263272615654165
33.378961757908606,-0.22191031487205876,-0.010297442586766544,0.07260569688296412,0.20734511513692636
33.39384197354696,-0.22972504129668822,-0.01937315469713706,0.08744099552491591,0.21380283336930536
33.40889755204443,-0.2434345777922572,-0.010471975511965976,0.07278022980816354,0.2165953601724963
33.419865437033955,-0.24809557567507967,-0.02408554367752175,0.07609635538695278,0.22584560520806624
33.42113716122541,-0.2734000322741457,-0.023736477827122883,0.10227629416686772,0.22218041377887815
33.43655176929702,-0.2872786633513947,-0.027227136331111543,0.09250245035569947,0.22619467105846514
33.4385683733004,-0.3019622883570156,-0.03892084231947355,0.11309733552923257,0.23300145514124299
33.45399542137036,-0.3159586309585808,-0.046251225177849735,0.11623892818282235,0.2324778563656447
33.456369661538666,-0.3307022547693485,-0.039968039870670144,0.09145525280450287,0.2366666465704311
33.46806830860241,-0.33564398276682866,-0.05061454830783556,0.07609635538695278,0.23753931119642824
33.47075239374943,-0.3504405525855362,-0.05009094953223726,0.08709192967451705,0.24120450262561635
33.47737252467935,-0.3744478027400294,-0.05689773361501515,0.07190756518216639,0.23911010752322318
33.48036955386811,-0.3834447789438789,-0.04328416544945937,0.06684611035138283,0.2335250539168413
33.49133091785533,-0.41088225883338786,-0.03560471674068432,0.06283185307179587,0.22514747350726852
33.49073216450426,-0.41071042026803983,-0.02652900463031381,0.01815142422074103,0.23055799418845094
33.49944455625994,-0.40668965495649845,-0.03665191429188092,-0.012391837689159739,0.2309070600388498
33.493760398440514,-0.4196070676903843,-0.03159045946109736,-0.0020943951023931952,0.22287854547967587
33.49385379991319,-0.41944765901706554,-0.013613568165555772,0.006108652381980154,0.22270401255447644
33.50172550416301,-0.4319549474717888,0.004886921905584123,0.008377580409572781,0.2132792345937071
33.498357969131966,-0.422555637619308,0.01937315469713706,-0.010471975511965976,0.22060961745208327
33.489572038754815,-0.42031662171926576,0.006283185307179586,-0.031939525311496235,0.21903882112528836
33.48111788389508,-0.4180435443851884,0.017278759594743863,-0.0466002910282486,0.2124065699677099
33.47827742020995,-0.40858425505499607,0.017976891295541596,-0.019896753472735357,0.21886428820008894
33.477674704339016,-0.4248456637922966,0.03298672286269283,-0.0041887902047863905,0.20804324683772407
33.46962243954078,-0.42250005285110304,0.028623399732707007,-0.004014257279586958,0.2075196480621258
33.44879471559545,-0.4144611750863971,0.031066860685499065,-0.039269908169872414,0.21223203704251048
33.441056092503125,-0.41202612777051456,0.023736477827122883,-0.03543018381548489,0.21293016874330822
33.42423210633633,-0.41317065744163833,0.030368728984701335,-0.017976891295541596,0.21362830044410594
33.41710701513199,-0.41065639921726704,0.05672320068981571,-0.02303834612632515,0.2101376419401173
33.40258531318635,-0.3952612024120774,0.041887902047863905,-0.04345869837465881,0.2282890661608583
33.39317811896364,-0.4207487792546892,0.03630284844148206,-0.03944444109507185,0.2165953601724963
33.37914787928988,-0.4052394502097962,0.038397243543875255,-0.040491638646268445,0.22619467105846514
33.376056213228914,-0.41776542963558344,0.05044001538263613,-0.03735004599267865,0.22636920398366456
33.36021718318563,-0.4185674010376462,0.05619960191421741,-0.021467549799530253,0.22375121010567306
33.34800931585875,-0.4345046038094893,0.06161012259539984,-0.015707963267948967,0.22165681500327988
33.334594691145206,-0.42459661794655856,0.046949356878647465,-0.03961897402027128,0.2399827721492203
33.316465311819364,-0.4532393130948565,0.039793506945470715,-0.027925268031909273,0.22706733568446227
33.31292149825647,-0.43980060132942617,0.04345869837465881,-0.022863813201125717,0.2441715623540067
33.29778576583395,-0.4519232678437543,0.05096361415823442,-0.006457718232379019,0.24294983187761068
33.2888644879284,-0.4512008399158101,0.05009094953223726,-0.027401669256310976,0.25499260371637156
33.27996132778774,-0.456244715927568,0.045553093477052,-0.019722220547535925,0.2591813939211579
33.26842036798704,-0.48342505311898504,0.039095375244672985,-0.032637657012293965,0.2631956512007449
33.25356052210039,-0.5010999952007938,0.03560471674068432,-0.012042771838760876,0.2619739207243489
33.23197226107012,-0.5055877876955525,0.012566370614359171,-0.022514747350726852,0.27401669256310973
33.22012335143753,-0.5125342738842578,0.0015707963267948964,-0.01815142422074103,0.28728119487826664
33.202602547270025,-0.5262926234643616,0.00017453292519943296,-0.002617993877991494,0.29251718263424964
33.181907415012525,-0.5420542772411551,-0.003490658503988659,-0.009075712110370514,0.3021164935202184
33.155314571595106,-0.5645369771856241,0.005585053606381855,-0.02129301687433082,0.3082251459021986
33.12785208125706,-0.5926471703701542,-0.02199114857512855,0.00471238898038469,0.3078760800517997
33.09791979930462,-0.585235673511712,-0.032114058236695664,0.015707963267948967,0.32812189937493397
33.0715491736139,-0.6130097055197977,-0.01937315469713706,0.03298672286269283,0.3209660494417572
33.041960882799124,-0.6368570755496836,-0.031241393610698498,0.0471238898038469,0.32079151651655774
33.00995799968873,-0.6509729651450687,-0.020420352248333655,0.05567600313861911,0.3323106895797203
32.971617986435,-0.677390215982611,-0.005235987755982988,0.05375614096142535,0.33457961760731303
32.92669794923699,-0.6844323060819804,-0.041015237421866746,0.07487462491055674,0.3455751918948773
32.87845669597732,-0.7189646419072497,-0.062482787221396996,0.08237954069413235,0.33824480903650106
32.837710980193386,-0.7350042950265662,-0.05759586531581288,0.07417649320975901,0.3415609346152903
32.79012311499535,-0.7689223400041386,-0.0651007810993885,0.045727626402251434,0.34348079679248406
32.73705911029551,-0.7833129217101835,-0.08447393579652555,0.012740903539558606,0.3551745027808461
32.67759497762535,-0.8154168034422997,-0.08028514559173917,-0.014660765716752368,0.3569198320328404
32.620806239786184,-0.851026723029441,-0.11554079648202462,-0.003665191429188092,0.34505159311927897
32.571466146190566,-0.8682506440824614,-0.136659280431156,-0.015707963267948967,0.33510321638291124
32.507562538882794,-0.8685326630823976,-0.14643312424232427,-0.05550147021341968,0.3427826650916863
32.46601412428871,-0.8728045151319567,-0.1715658654710426,-0.057944931166211744,0.3330088212805181
32.417901566698575,-0.8890612842871427,-0.14433872913993104,-0.04206243497306335,0.31991885189056063
32.36056279795677,-0.8962718986953262,-0.11938052083641214,-0.047472955654245766,0.3087487446777969
32.30607381568941,-0.9128240232370045,-0.12688543661998777,-0.02949606435870417,0.28885199120506155
32.24710784285602,-0.8984422841328171,-0.11763519158441782,-0.009599310885968814,0.27314402793711257
32.19092050378982,-0.8934445305196369,-0.10524335389525807,-0.007330382858376184,0.2593559268463574
32.147210494699884,-0.8953934768794424,-0.10349802464326374,-0.0024434609527920616,0.24940755010998972
32.10369804872159,-0.8859129282477793,-0.07173303225696695,0.012391837689159739,0.2288126649364566
32.046033681001035,-0.8536530290457133,-0.04729842272904633,0.023212879051524585,0.21851522234969006
31.996016293241585,-0.8502826490473182,-0.03543018381548489,0.010122909661567111,0.20158552860534507
31.94926248055213,-0.8396922328892554,-0.0481710873550435,0.020943951023931952,0.17034413499464657
31.911915726148955,-0.7964996033676129,-0.030019663134302467,-0.004537856055185257,0.182212373908208
31.855172453104093,-0.7879632902059291,-0.005235987755982988,0.0027925268031909274,0.16144295580947549
31.813321378951603,-0.7551401331411703,0.015184364492350668,-0.0022689280275926286,0.14835298641951802
31.766679643509875,-0.7328718103867798,0.046251225177849735,-0.02652900463031381,0.13439035240356337
31.708644767912524,-0.7030685313757329,0.03560471674068432,-0.04485496177625427,0.12409290981679684
31.652871348934163,-0.6828569914491425,0.033510321638291124,-0.04380776422505767,0.11257373675363426
31.60950068245743,-0.6287356580074589,0.062482787221396996,-0.05881759579220891,0.12007865253720987
31.560795497797766,-0.62646815219506,0.06579891280018622,-0.05445427266222309,0.0958185759344887
31.503004820119976,-0.5906554708774966,0.051487212933832724,-0.059166661642607775,0.10349802464326374
31.449659702431806,-0.5742076385573839,0.07312929565856241,-0.0603883921190038,0.09669124056048586
31.40181089819521,-0.535915062769161,0.07435102613495843,-0.08360127117052839,0.1069886831472524
31.33154994471252,-0.5279990098257382,0.08360127117052839,-0.06789330790257943,0.09005898940290741
31.256852460871308,-0.5059187317824435,0.059166661642607775,-0.06073745796940267,0.09948376736367678
31.185232917367486,-0.4576556213006118,0.04852015320544237,-0.04991641660703782,0.12601277199399058
31.133248736389437,-0.4102486235526917,0.03717551306747922,0.0013962634015954637,0.14521139376592823
31.085738982705983,-0.38763919618901277,0.0439822971502571,0.04485496177625427,0.15638150097869194
31.042695287394587,-0.3844055815444503,0.04241150082346221,0.06335545184739416,0.1541125729510993
30.99001621557145,-0.38319229238413993,0.03385938748868999,0.033161255787892266,0.1577777643802874
30.92340153855193,-0.36441638265660153,0.00471238898038469,0.027925268031909273,0.16667894356545848
30.866641169218987,-0.35408343383022306,-0.03647738136668149,0.010471975511965976,0.17715091907742445
30.812194663485833,-0.3479329477521951,-0.02234021442552742,-0.0054105206811824215,0.18029251173101424
30.767621101329667,-0.3448775275655785,-0.0291469985083053,-0.010471975511965976,0.1923352835697751
30.730951806503835,-0.3351658530763657,-0.0788888821901437,-0.011519173063162575,0.2075196480621258
30.688685008499107,-0.34692289256548586,-0.05567600313861911,-0.050265482457436686,0.2090904443889207
30.616979616376273,-0.35922866719364993,-0.010122909661567111,-0.06632251157578453,0.20315632493213998
30.56295967933433,-0.3627869555381609,0.0024434609527920616,-0.05689773361501515,0.20210912738094336
30.511075687954015,-0.3705969398942743,0.016057029118347832,-0.04276056667386108,0.19582594207376378
30.474933551189867,-0.35998595471383804,0.005235987755982988,-0.04293509959906051,0.19896753472735357
30.427486659304723,-0.33604976066118136,-0.04921828490624009,-0.02652900463031381,0.2059488517353309
30.395647388753652,-0.3447478663009895,-0.05375614096142535,-0.01710422666954443,0.19512781037296603
30.340076729414424,-0.3321940378105232,0.028274333882308142,-0.03595378259108319,0.2040289895581371
30.278893305928065,-0.3409576729377173,0.040317105721069016,-0.0005235987755982988,0.19093902016817965
30.219743944555546,-0.3593118830769233,0.018675022996339326,0.024260076602721184,0.1837831702350029
30.166815773000472,-0.35067059548530055,0.006981317007977318,0.02548180707911721,0.18570303241219668
30.106050549334864,-0.35876489781918053,-0.024783675378319478,0.027401669256310976,0.18936822384138474
30.061419193985525,-0.34857770992240944,-0.053407075111026485,0.04258603374866164,0.20036379812894903
30.010374552857083,-0.35443487075750596,0.00890117918517108,0.020420352248333655,0.19338248112097173
29.939916590028297,-0.3584214368636481,0.024783675378319478,-0.003490658503988659,0.1881464933649887
29.871373725343165,-0.3772211988815793,0.002617993877991494,-0.019722220547535925,0.18203784098300857
29.809288066509826,-0.36912266002469885,0.003665191429188092,-0.00942477796076938,0.18552849948699723
29.747240976860184,-0.36600041906771474,-0.005061454830783556,-0.021467549799530253,0.19041542139258136
29.67898234027644,-0.38405170310052333,-0.028099800957108706,-0.012391837689159739,0.17819811662862106
29.607369874550262,-0.3769598613833781,-0.02775073510670984,-0.027052603405912107,0.17802358370342164
29.54562533895639,-0.3679515690658725,0.010471975511965976,-0.0307177948351002,0.18011797880581482
29.50207191538285,-0.35071451063831105,0.015009831567151233,-0.025830872929516076,0.19442967867216832
29.45371247819227,-0.36454058738202955,0.011693705988362009,0.004537856055185257,0.18552849948699723
29.397382627392307,-0.37940136558699383,-0.02076941809873252,0.028274333882308142,0.1689478715930511
29.3279843409962,-0.38106057399074894,-0.04136430327226561,0.032637657012293965,0.16580627893946132
29.267050933400466,-0.37102414996824257,-0.05969026041820607,0.019198621771937627,0.17488199104983182
29.20950056438169,-0.37543215403173574,-0.06440264939859076,0.012217304763960308,0.16406094968746698
29.158295214814864,-0.3634409401872159,-0.027227136331111543,-0.0027925268031909274,0.1706932008450454
29.10074415534784,-0.3725672972204944,-0.050789081233034994,-0.004014257279586958,0.16528268016386302
29.040838806538027,-0.35665522330278543,-0.11571532940722405,-0.0017453292519943296,0.1642354826126664
28.99474054343391,-0.36871601835225215,-0.0841248699461267,-0.024260076602721184,0.1514945790731078
28.9439865621902,-0.350964674881033,-0.03420845333908886,-0.0012217304763960308,0.15289084247470328
28.896671823676698,-0.34275279586697754,-0.024609142453120045,-0.006108652381980154,0.1361356816555577
28.848126137755905,-0.32956736202367587,-0.03944444109507185,-0.027227136331111543,0.12671090369478832
28.791195458072558,-0.31753596165352477,-0.040317105721069016,-0.06370451769779303,0.11815879036001611
28.722668934167977,-0.30193851763327073,-0.0158824961931484,-0.05951572749300664,0.11519173063162576
28.665645683491007,-0.2896471833467777,-0.00034906585039886593,-0.04485496177625427,0.11030480872604163
28.61717328256424,-0.2709175583188527,0.011344640137963142,-0.03769911184307752,0.11065387457644049
28.5703385014727,-0.25698543122215045,0.004363323129985824,-0.03385938748868999,0.10506882097005865
28.50391087948793,-0.2407643862556943,-0.011868238913561441,-0.046949356878647465,0.09896016858807849
28.44729033465181,-0.22800706008602228,-0.014311699866353503,-0.08150687606813518,0.09250245035569947
28.40016453775637,-0.20880215026562743,0.033161255787892266,-0.07382742735936015,0.09494591130849153
28.33468346756946,-0.20215382905406845,0.053407075111026485,-0.057944931166211744,0.09250245035569947
28.268385966509687,-0.18548460198336944,0.032114058236695664,-0.05183627878423159,0.08970992355250854
28.20354772617324,-0.1786082983574458,0.005235987755982988,-0.06544984694978735,0.08674286382411818
28.136533631445154,-0.1567093272142379,-0.04345869837465881,-0.06702064327658225,0.0937241808320955
28.07861191043829,-0.13334108150837387,-0.0153588974175501,-0.05707226654021458,0.10402162341886204
28.01597694621271,-0.14593160060408208,0.022863813201125717,-0.0778416846389471,0.09302604913129776
27.94970586738852,-0.12867230789894252,0.016755160819145562,-0.07312929565856241,0.09250245035569947
27.886504321998128,-0.13112747193182692,-0.012042771838760876,-0.0651007810993885,0.08936085770210968
27.81943522767655,-0.1085787601482013,-0.026703537555513242,-0.0603883921190038,0.09826203688728075
27.754644047255642,-0.10572430621348892,-0.015184364492350668,-0.06667157742618339,0.09704030641088474
27.689902761631824,-0.09790199829298186,-0.014311699866353503,-0.058643062867009474,0.0958185759344887
27.6241496944035,-0.08486790572620387,-0.020071286397934793,-0.0471238898038469,0.10175269539126941
27.570701032150122,-0.08547543700516975,-0.012566370614359171,-0.05619960191421741,0.0921533845053006
27.516132996943877,-0.08086952205392327,-0.015009831567151233,-0.04450589592585541,0.09826203688728075
27.45045177859831,-0.06745799847107352,-0.024609142453120045,-0.05288347633542819,0.10227629416686772
27.376085228759223,-0.06505598167927554,-0.028099800957108706,-0.059864793343405505,0.10192722831646885
27.311943946831686,-0.06128638236855585,-0.041015237421866746,-0.06300638599699529,0.10454522219446034
27.2588560939418,-0.06135107581871671,-0.047472955654245766,-0.05707226654021458,0.0973893722612836
27.203396081335356,-0.04621320950037548,-0.0582939970166106,-0.06771877497737998,0.10471975511965978
27.14057419654475,-0.05673706834287565,-0.07016223593017205,-0.07016223593017205,0.10506882097005865
27.08515779765499,-0.041348653958785675,-0.06876597252857658,-0.05567600313861911,0.11152653920243767
27.022419552402418,-0.04686875053021042,-0.08063421144213803,-0.04345869837465881,0.10855947947404729
26.968830558480125,-0.04587959862895203,-0.0942477796076938,-0.04537856055185257,0.1090830782496456
26.914745021852905,-0.04006126702358922,-0.09180431865490173,-0.04974188368183839,0.11205013797803595
26.850706476400035,-0.03994148032568914,-0.08150687606813518,-0.02234021442552742,0.11362093430483085
26.7880038717026,-0.04492850904628365,-0.08028514559173917,-0.0017453292519943296,0.10681415022205297
26.734284436607645,-0.03874048112019674,-0.07906341511534314,-0.004537856055185257,0.11100294042683936
26.67067867855217,-0.038186641727236,-0.07923794804054256,-0.006806784082777886,0.10838494654884787
26.60807330756377,-0.042775149573338334,-0.07661995416255106,-0.0006981317007977319,0.10629055144645466
26.55285481475666,-0.030908752236263676,-0.05445427266222309,0.005934119456780721,0.11431906600562858
26.49003079512407,-0.0352309702842697,-0.04904375198104066,0.00942477796076938,0.1101302758008422
26.437357774278986,-0.03837278181131359,-0.03543018381548489,0.014311699866353503,0.10646508437165411
26.37350502958532,-0.037097930198447954,-0.025830872929516076,0.02111848394913139,0.11554079648202462
26.310305051083827,-0.03566707378898753,-0.03368485456349056,0.019547687622336492,0.12025318546240932
26.246350141308447,-0.029500878756464528,-0.02234021442552742,0.0153588974175501,0.11641346110802178
26.183629390285816,-0.03771913416896083,-0.013264502315156905,0.019198621771937627,0.1165879940332212
26.120901608179974,-0.04578411914712616,-0.005061454830783556,0.023736477827122883,0.11484266478122689
26.057414861400854,-0.043743789395054966,-0.00820304748437335,0.007504915783575617,0.12095131716320703
25.994001938929216,-0.041547934353052415,-0.013962634015954637,0.005061454830783556,0.12304571226560022
25.931823892503154,-0.04915112120946922,-0.028972465583105872,0.008726646259971648,0.12112585008840648
25.867796076333622,-0.036690067751047134,-0.03752457891787808,-0.0020943951023931952,0.12810716709638378
25.805698581567157,-0.048487213498281334,-0.045553093477052,-0.010995574287564275,0.12671090369478832
25.74163205814064,-0.035702306747072234,-0.052185344634630454,-0.0010471975511965976,0.13107422682477415
25.670613036315665,-0.053540503780675895,-0.06091199089460211,0.013962634015954637,0.12356931104119853
25.60692124669779,-0.04489964462738634,-0.07208209810736581,0.003141592653589793,0.13159782560037245
25.54559255624996,-0.051546360119671515,-0.08936085770210968,0.012391837689159739,0.12793263417118436
25.482151275322355,-0.042560543050869315,-0.09808750396208132,0.025656340004316644,0.13421581947836395
25.42105230520602,-0.06328736502728392,-0.10035643198967395,0.03612831551628262,0.12688543661998777
25.358857172110774,-0.05948888902295767,-0.11135200627723822,0.028448866807507574,0.12496557444279399
25.29619291267257,-0.0555360522371938,-0.10541788682045751,0.019896753472735357,0.12932889757277982
25.222790422577326,-0.04667385701993066,-0.10681415022205297,0.02600540585471551,0.13700834628155487
25.161613223291383,-0.05674506274356158,-0.10681415022205297,0.03612831551628262,0.12810716709638378
25.09862242787206,-0.04670384372946042,-0.10437068926926091,0.04066617157146788,0.13439035240356337
25.04579231706602,-0.0456860286808811,-0.08464846872172499,0.04520402762665313,0.1349139511791617
24.974482224131034,-0.05164624698719618,-0.08517206749732328,0.05393067388662478,0.12723450247038662
24.911703107177427,-0.051058053650972914,-0.06632251157578453,0.050789081233034994,0.1312487597499736
24.84934301899566,-0.045960771423338674,-0.0614355896702004,0.0645771823237902,0.13543754995475996
24.786974784961437,-0.04503270746776356,-0.047472955654245766,0.05585053606381855,0.13212142437597074
24.72325872699772,-0.043929429274946044,-0.018675022996339326,0.07487462491055674,0.13596114873035828
24.65241104180852,-0.04901705432919149,-0.03543018381548489,0.08342673824532895,0.13334315485236678
24.590141375283725,-0.05753880975720003,-0.02181661564992912,0.08185594191853406,0.130201562198777
24.527269372453382,-0.04593158726771887,-0.019547687622336492,0.06894050545377602,0.13718287920675432
24.464481273349495,-0.03414783846676361,-0.016755160819145562,0.07487462491055674,0.14800392056911915
24.402946622479437,-0.052127244996219554,-0.006457718232379019,0.08970992355250854,0.14049900478554353
24.34090132777614,-0.049974384135928744,-0.01117010721276371,0.07871434926494426,0.1361356816555577
24.277916084863712,-0.041899348408884866,-0.010122909661567111,0.02234021442552742,0.15062191444711065
24.2068184305444,-0.05994271628936948,-0.003665191429188092,0.013613568165555772,0.14224433403753786
24.15380942857353,-0.05666612950335626,0.007853981633974483,0.021642082724729686,0.14503686084072878
24.09082349554218,-0.058008260814801496,0.026179938779914945,0.018500490071139894,0.14276793281313616
24.02863202335555,-0.05496462262902561,0.02548180707911721,0.0029670597283903604,0.14276793281313616
23.9568341332893,-0.052281275654573925,0.01884955592153876,0.0005235987755982988,0.14590952546672595
23.89436672595654,-0.053043734645757054,0.034033920413889425,0.008552113334772215,0.15550883635269477
23.82127454859733,-0.05411375262440139,0.05811946409141117,0.04014257279586959,0.1556833692778942
23.749918151022424,-0.05495768956041509,0.04590215932745086,0.04921828490624009,0.15742869852988853
23.688727106462114,-0.0609624771672358,0.05375614096142535,0.06771877497737998,0.14782938764391973
23.62551427316692,-0.045067660164124966,0.05585053606381855,0.06213372137099813,0.1715658654710426
23.554196483608344,-0.0693535076932758,0.05358160803622592,0.06213372137099813,0.16074482410867777
23.49233644855627,-0.06889220698777843,0.0466002910282486,0.06824237375297829,0.15969762655748115
23.419992879639352,-0.07863538494307873,0.06126105674500097,0.07330382858376185,0.16318828506146982
23.347154336450593,-0.0622496013337834,0.05393067388662478,0.05585053606381855,0.1832595714594046
23.27651529257308,-0.07965002892736335,0.024783675378319478,0.052708943410228755,0.18116517635701143
23.20624311049527,-0.08273650750011562,-0.023387411976724018,0.039968039870670144,0.17976891295541594
23.13422900018903,-0.08960809299084355,-0.022514747350726852,0.03595378259108319,0.18605209826259553
23.07224571371387,-0.0858964247361672,-0.022863813201125717,0.026354471705114377,0.19408061282176947
23.011964688821724,-0.09194379003618515,-0.047647488579445195,0.007853981633974483,0.19512781037296603
22.95049804522482,-0.09176204298592461,-0.04468042885105484,-0.0022689280275926286,0.1975712713257581
22.879412721723103,-0.10358986176160076,-0.03787364476827695,-0.0054105206811824215,0.18989182261698306
22.817422930863447,-0.10289531478154443,-0.02199114857512855,0.004537856055185257,0.19617500792416265
22.76607517999064,-0.10775694764390385,-0.016057029118347832,0.020420352248333655,0.19355701404617115
22.695124620996328,-0.11281733730463685,-0.01815142422074103,0.026179938779914945,0.1881464933649887
22.62402393625577,-0.10760713852779538,-0.01710422666954443,0.02652900463031381,0.1916371518689774
22.563057924940345,-0.10196556926627888,-0.010821041362364843,0.04921828490624009,0.19338248112097173
22.501638022500714,-0.10216510327132176,0.010471975511965976,0.05811946409141117,0.18832102629018818
22.441390742797395,-0.11606573544133324,0.008552113334772215,0.07243116395776468,0.18203784098300857
22.370099421792844,-0.11593643427983187,0.015707963267948967,0.06073745796940267,0.18046704465621366
22.308739129679932,-0.10936474672512542,0.02775073510670984,0.04153883619746504,0.18308503853420519
22.248554669511055,-0.10868033512092656,0.020245819323134222,0.04310963252425994,0.18552849948699723
22.187861685562147,-0.11778507941567841,0.023387411976724018,0.026703537555513242,0.17627825445142728
22.117092560366636,-0.11057002829839198,0.025132741228718343,0.013439035240356337,0.18343410438460403
22.046789187959224,-0.1130851798168306,0.011693705988362009,-0.006806784082777886,0.18622663118779495
21.986300490200662,-0.1115034508664883,0.010122909661567111,-0.027401669256310976,0.1895427567665842
21.926172226512737,-0.11353599708771671,-0.0,-0.04468042885105484,0.18552849948699723
21.856078523114185,-0.1252943892004874,-0.007504915783575617,-0.045727626402251434,0.18116517635701143
21.785901943741,-0.10678463630453673,-0.006283185307179586,-0.052708943410228755,0.19338248112097173
21.735672848498748,-0.11437939660280551,-0.002617993877991494,-0.05096361415823442,0.1825614397586069
21.67521639638474,-0.11170286275885564,0.0012217304763960308,-0.059166661642607775,0.17767451785302274
21.624842406825678,-0.11270479916027461,0.014311699866353503,-0.052185344634630454,0.17767451785302274
21.56515779284227,-0.1096187462863593,0.014311699866353503,-0.052185344634630454,0.17558012275062956
21.495876230989314,-0.10242385791475231,0.005585053606381855,-0.04799655442984406,0.17226399717184035
21.446334982140826,-0.09908279105230569,0.013962634015954637,-0.03577924966588375,0.1637118838370681
21.38596566169481,-0.09165415863066825,0.032637657012293965,-0.02495820830351891,0.16301375213627037
21.316580844099963,-0.08384018460190715,0.033161255787892266,-0.015533430342749533,0.15917402778188286
21.256971440899274,-0.07602329498151769,0.04485496177625427,-0.005934119456780721,0.15742869852988853
21.197470182025068,-0.07801780950641438,0.046251225177849735,0.0,0.14852751934471745
21.14773332050053,-0.0763832688618379,0.05235987755982989,0.004886921905584123,0.1499237827463129
21.088299387777003,-0.06803444221232893,0.05096361415823442,0.015184364492350668,0.14905111812031577
21.018149532353,-0.06555450118936115,0.05777039824101231,0.0164060949687467,0.14294246573833558
20.958872584004943,-0.05682937736819434,0.05131268000863329,-0.004886921905584123,0.15079644737231007
20.890238469421742,-0.04761395209533707,0.034557519189487726,-0.019198621771937627,0.1589994948566834
20.821032394291414,-0.058172125853279744,0.018675022996339326,-0.023911010752322315,0.1525417766243044
20.751730170719547,-0.058518048319785944,0.006283185307179586,-0.02199114857512855,0.1567305668290908
20.673744855150083,-0.0383071587201905,-0.011344640137963142,-0.021642082724729686,0.1726130630222392
20.59513398932664,-0.015042374961966466,-0.00017453292519943296,-0.020594885173533087,0.1848303677861995
20.52644863603813,-0.011854704514627223,0.008726646259971648,-0.016231562043547264,0.19181168479417682
20.46779962235687,-0.025227385623290667,-0.004537856055185257,0.0307177948351002,0.18203784098300857
20.400623436768754,-0.02154430478700503,-0.04345869837465881,0.059166661642607775,0.17749998492782332
20.3124456250923,-0.006715843999419632,-0.032114058236695664,0.06318091892219473,0.19303341527057286
20.233778705922344,0.004454000526955648,-0.0019198621771937625,0.06300638599699529,0.20542525295973257
20.16476116419477,-0.0009983426352741594,0.012042771838760876,0.04974188368183839,0.19896753472735357
20.097649955404737,0.0002937128305237949,-0.0020943951023931952,0.04642575810304917,0.2038544566329377
20.021306412333896,-0.004095354011988774,-0.049567350756638956,0.04380776422505767,0.20455258833373544
19.942823997691608,-0.0016770526678132733,-0.024260076602721184,0.05201081170943102,0.20786871391252465
19.884387077715747,0.006444710414947047,0.012042771838760876,0.03508111796508603,0.21746802479849348
19.825723088909406,0.004842927617523675,0.031415926535897934,0.0019198621771937625,0.22165681500327988
19.748216857791977,-0.005247457068599498,0.008377580409572781,-0.016057029118347832,0.22794000031045944
19.682042696651205,0.0043369950160939775,-0.005235987755982988,-0.015009831567151233,0.23439771854283845
19.614726966105497,-0.0057323176753616275,-0.0164060949687467,-0.004537856055185257,0.2282890661608583
19.55770818915286,0.00377592965892911,0.0024434609527920616,-0.023911010752322315,0.23038346126325152
19.500662027100123,0.00016379436826415342,-0.005934119456780721,-0.015707963267948967,0.23212879051524585
19.434507460169044,0.010925726685410055,-0.015707963267948967,-0.016231562043547264,0.23788837704682714
19.37612701397307,-0.0020884706214521374,0.006283185307179586,0.004363323129985824,0.23527038316883564
19.310735195266805,0.005897190226779056,-0.005585053606381855,0.010821041362364843,0.23701571242082994
19.243085943295462,-0.002373906561603859,0.0005235987755982988,0.0153588974175501,0.2324778563656447
19.176860637579924,-0.00037333911872232037,-0.01117010721276371,0.014835298641951801,0.23160519173964753
19.109960745391135,-0.008035216475865768,-0.025132741228718343,0.029670597283903602,0.22270401255447644
19.053973815825913,0.003662300711315418,-0.019547687622336492,0.032637657012293965,0.23265238929084414
18.9960263605922,-0.004308896801020717,0.004363323129985824,0.021642082724729686,0.22305307840487534
18.930860613084924,0.008810078361408078,-0.0017453292519943296,0.012740903539558606,0.22898719786165606
18.87422762014529,0.0013750612283575236,-0.008726646259971648,0.009250245035569947,0.22863813201125716
18.818897574496503,0.004152139096263883,-0.020071286397934793,0.006457718232379019,0.2267182698340634
18.762250740326344,0.007182779789232584,0.003490658503988659,0.015009831567151233,0.2282890661608583
18.70599632580678,0.010466497796291056,0.013962634015954637,0.01780235837034216,0.22706733568446227
18.63991608225796,0.015030730368465316,0.02879793265790644,0.007853981633974483,0.22654373690886398
18.573159629280273,0.009947523990877836,0.0307177948351002,0.0012217304763960308,0.2207841503772827
18.5172319353548,0.004092804767057194,0.01780235837034216,0.015009831567151233,0.22287854547967587
18.462197154797845,0.00843395640268285,0.012915436464758038,0.013962634015954637,0.22444934180647078
18.396531137838707,0.014143968027185443,0.024609142453120045,-0.0013962634015954637,0.22514747350726852
18.342068637185925,0.028943292980049357,0.03804817769347639,0.006283185307179586,0.23160519173964753
18.28454337473373,0.014190741728261526,0.041189770347066175,-0.004014257279586958,0.22060961745208327
18.219739682823015,0.0239210606907132,0.03682644721708035,-0.01064650843716541,0.22200588085367873
18.16547552707725,0.029548898942775355,0.019198621771937627,-0.012740903539558606,0.2288126649364566
18.100185770322394,0.033496459127036485,0.0317649923862968,-0.014486232791552936,0.2331759880664424
18.044682182139194,0.029731117544751013,0.019024088846738195,-0.0153588974175501,0.22741640153486117
17.990047701449736,0.03613696254321832,0.012042771838760876,-0.019722220547535925,0.2275909344600606
17.943677777656124,0.031575811836927925,0.02111848394913139,-0.0012217304763960308,0.2267182698340634
17.889764873301157,0.0384550156506896,0.00471238898038469,-0.0066322511575784525,0.23701571242082994
17.835746103525093,0.0424684096966572,-0.007155849933176752,0.005061454830783556,0.24277529895241123
17.779377418048828,0.02693418227110474,-0.023212879051524585,0.0012217304763960308,0.23108159296404923
17.735241500554817,0.03318225000477677,-0.014486232791552936,-0.00942477796076938,0.2331759880664424
17.692383656029808,0.04644249677352931,-0.004363323129985824,-0.0066322511575784525,0.2415535684760152
17.656007454089288,0.031862536686378624,-0.017278759594743863,0.008552113334772215,0.23003439541285262
17.6035367171285,0.046977719991651325,-0.016755160819145562,0.016057029118347832,0.23753931119642824
17.557876912525415,0.04414574868726425,0.003665191429188092,0.010122909661567111,0.23492131731843677
17.514797014239704,0.048347750150186365,-0.0013962634015954637,0.005759586531581287,0.23858650874762485
17.46196890187788,0.05734124155242499,-0.0054105206811824215,0.003665191429188092,0.2371902453460294
17.407977539967607,0.05366027220734717,-0.025132741228718343,0.005585053606381855,0.23282692221604356
17.362690749779066,0.05169509391098923,-0.0033161255787892262,0.012042771838760876,0.2350958502436362
17.317241027237888,0.046910846507094865,0.020245819323134222,0.015707963267948967,0.23195425759004643
17.26485000578306,0.05684943094055038,0.016929693744344994,0.012740903539558606,0.23649211364523168
17.204388399885172,0.07553576750093027,0.013613568165555772,0.003839724354387525,0.24347343065320898
17.14919517756264,0.0632686616408086,0.003839724354387525,-0.0027925268031909274,0.2361430477948328
17.106811260615117,0.07227138319712735,0.0027925268031909274,0.004363323129985824,0.2371902453460294
17.052764417449886,0.07035767577583005,0.007330382858376184,-0.006283185307179586,0.23841197582242543
17.000055561831097,0.07855405387725244,0.015707963267948967,0.01117010721276371,0.2431243648028101
16.947980661556254,0.08700460922623565,0.020420352248333655,0.012566370614359171,0.24853488548399252
16.894970027324685,0.08587046973707355,0.0017453292519943296,0.022165681500327987,0.24137903555081577
16.84182144468526,0.08499802501662457,-0.004886921905584123,0.005759586531581287,0.2424262331020124
16.79837749928946,0.0825472852003333,-0.00942477796076938,0.007853981633974483,0.24434609527920614
16.74681285264737,0.09199761506711433,-0.0012217304763960308,0.005585053606381855,0.2535963403147761
16.704750035528633,0.09689699162333527,0.014660765716752368,0.009075712110370514,0.255167136641571
16.646287857756224,0.11565804289624997,0.0027925268031909274,0.020943951023931952,0.2621484536495483
16.599421192565515,0.09450314355722551,0.006108652381980154,0.0005235987755982988,0.2462659574563999
16.54057077747234,0.11383970117918761,0.008028514559173916,-0.0015707963267948964,0.26022859147235455
16.49601747914103,0.10298109120377798,0.0022689280275926286,0.00820304748437335,0.2541199390903744
16.44528743141712,0.11107599155098738,0.012740903539558606,0.015533430342749533,0.26005405854715513
16.384928457450393,0.12147550049078351,0.02111848394913139,0.007330382858376184,0.26162485487395
16.33453272178152,0.12727486324674733,0.033161255787892266,0.0024434609527920616,0.2698279023583234
16.28493782952487,0.1361961373426278,0.020071286397934793,0.011868238913561441,0.27035150113392165
16.23275673664038,0.1327746510723276,0.031939525311496235,0.026179938779914945,0.2708750999095199
16.180421817945376,0.13246719015190353,0.04084070449666731,0.026878070480712675,0.27314402793711257
16.130407497733707,0.13937896410473152,0.05061454830783556,0.020245819323134222,0.28134707542148596
16.08100393106801,0.14376237976552803,0.04485496177625427,0.0029670597283903604,0.28588493147667116
16.02586075166077,0.12478770152397266,0.01780235837034216,0.0066322511575784525,0.2722713633111154
15.969038499227057,0.14175898894919373,0.027052603405912107,-0.004014257279586958,0.28885199120506155
15.925032915432157,0.12806871419123642,0.027925268031909273,0.003490658503988659,0.28344147052387914
15.877924646537394,0.1433521957890255,0.03560471674068432,0.016755160819145562,0.2977531703902326
15.826949776284177,0.13946806823041719,0.023387411976724018,0.009948376736367679,0.29810223624063154
15.77850115488401,0.142849187202282,0.015009831567151233,-0.006108652381980154,0.3061307507998054
15.737713288035788,0.13717200195739937,0.007330382858376184,0.009250245035569947,0.30019663134302466
15.689370517262619,0.14386869956965553,0.005934119456780721,0.0012217304763960308,0.30473448739820996
15.63651738923455,0.12873721767853163,-0.004537856055185257,0.004537856055185257,0.3036872898470134
15.588511474544815,0.13602883321870493,-0.012217304763960308,0.006457718232379019,0.3075270142014009
15.540896490115292,0.14089339870079332,-0.016580627893946133,0.012566370614359171,0.3141592653589793
15.490917226280807,0.13638852790673808,-0.020594885173533087,-0.0017453292519943296,0.3153809958353754
15.441063330623907,0.1321987897332371,-0.02181661564992912,0.00034906585039886593,0.31101767270538955
15.393945901448786,0.13797671041220116,-0.030368728984701335,0.0015707963267948964,0.31485739705977706
15.347228355951064,0.14405159299534562,-0.03368485456349056,-0.0024434609527920616,0.3134611336581816
15.304388253276494,0.12847806125451428,-0.022689280275926284,-0.004537856055185257,0.30927234345339516
15.25504827713821,0.12816349476214164,-0.019024088846738195,0.0008726646259971648,0.3052580861738083
15.2083900631524,0.13510969519066987,-0.014486232791552936,0.010821041362364843,0.30490902032340933
15.162331186785257,0.14234863724156546,-0.02408554367752175,0.0015707963267948964,0.3082251459021986
15.11387705506147,0.14291325476053926,-0.038571776469074684,0.0024434609527920616,0.3104940739297912
15.064534416503188,0.1411403880210277,-0.0153588974175501,0.006806784082777886,0.3029891581462156
15.02551262141196,0.13944789780958405,-0.013264502315156905,0.007504915783575617,0.3029891581462156
14.980151524200913,0.1478271828616398,-0.020071286397934793,0.003141592653589793,0.30421088862261164
14.944319353721333,0.15619422638913832,-0.021642082724729686,-0.012915436464758038,0.3043854215478111
14.899140056410825,0.16510896966056024,-0.024609142453120045,-0.01117010721276371,0.3078760800517997
14.850952677302686,0.16734972104045853,-0.01780235837034216,-0.004363323129985824,0.3043854215478111
14.803126427071126,0.16987628759496085,-0.0164060949687467,0.012217304763960308,0.30264009229581673
14.76802153909609,0.17662367364863216,-0.0153588974175501,0.015533430342749533,0.3033382239966145
14.720508573246189,0.17969036289488136,-0.01815142422074103,0.006283185307179586,0.3043854215478111
14.682656040550308,0.1799616977880031,-0.012915436464758038,0.014311699866353503,0.3000220984178253
14.641450243483451,0.20002133254494206,-0.005934119456780721,0.04066617157146788,0.31398473243377995
14.594240726316878,0.2013500489855915,0.0022689280275926286,0.028274333882308142,0.31154127148098787
14.546961712821185,0.20297556837032962,0.015533430342749533,0.007155849933176752,0.31171580440618724
14.507666970268026,0.19222417947974746,-0.0158824961931484,0.0066322511575784525,0.30944687637859464
14.466669977604349,0.21335039505936879,0.014835298641951801,0.023911010752322315,0.3218387140677544
14.42629955404736,0.2031087368792718,0.02600540585471551,0.0291469985083053,0.3159045946109737
14.383178371911335,0.2127871078325208,0.03700098014227979,0.013089969389957472,0.32375857624494814
14.333610999372961,0.20638722358701306,0.04293509959906051,-0.0029670597283903604,0.3220132469929538
14.29129510616523,0.21665134829885996,0.031415926535897934,-0.018500490071139894,0.32812189937493397
14.24581585311141,0.21778800625516287,0.03246312408709453,-0.016929693744344994,0.32637657012293964
14.19969503234936,0.21922950503272706,0.052185344634630454,-0.020245819323134222,0.3319616237293215
14.166788873627027,0.22692014882448883,0.06684611035138283,-0.02199114857512855,0.3361504139341079
14.125473042747057,0.2383025560694764,0.0481710873550435,-0.02234021442552742,0.33981560536329597
14.087733327075748,0.2568705934845254,0.041713369122664476,-0.005061454830783556,0.35238197597765514
14.048665493054347,0.24410794867917554,0.04852015320544237,-0.007155849933176752,0.3467969223712733
14.000178429848896,0.23519164405603954,0.059341194567807204,-0.016580627893946133,0.3420845333908886
13.962788635837303,0.2545967824431713,0.05672320068981571,-0.011693705988362009,0.35552356863124496
13.92823895007769,0.2519962925029402,0.03787364476827695,-0.009599310885968814,0.3586651612848347
13.88792885350528,0.26019041406104443,0.0307177948351002,-0.012740903539558606,0.3628539514896211
13.844007303013633,0.259394396296723,0.029321531433504737,-0.011519173063162575,0.36669367584400864
13.809545286757757,0.2551823230797288,0.02530727415391778,-0.0164060949687467,0.36704274169440754
13.765992644039112,0.25499806924675167,0.022165681500327987,-0.025830872929516076,0.3680899392456041
13.728356012686174,0.2420804441274692,0.005061454830783556,-0.015707963267948967,0.36686820876920806
13.683789652009507,0.2624358011940545,-0.005585053606381855,-0.010821041362364843,0.3780383159819718
13.650203760544144,0.25932671260603024,-0.010471975511965976,-0.026354471705114377,0.3775147172063735
13.61246682730504,0.24488756921737098,0.0024434609527920616,-0.022689280275926284,0.3700098014227979
13.583116380518062,0.2514842947619579,-0.004014257279586958,-0.02111848394913139,0.37768925013157295
13.548756463548818,0.2667235124516734,-0.008552113334772215,-0.004537856055185257,0.3883357585687383
13.506794925770588,0.26628423730021794,-0.01064650843716541,0.0022689280275926286,0.3872885610175417
13.469082931236454,0.27531224174743896,-0.011868238913561441,0.0017453292519943296,0.3923500158483253
13.432443248936147,0.26229242357975596,-0.004537856055185257,0.005235987755982988,0.38362336958835364
13.39503852390321,0.27190034199381513,0.003141592653589793,0.012915436464758038,0.385368698840348
13.354041737405288,0.2727028379024556,-0.0054105206811824215,0.024783675378319478,0.3886848244191372
13.3258388439878,0.2763845269269844,0.016231562043547264,0.04345869837465881,0.3892084231947355
13.293637530962966,0.293583255015581,0.013089969389957472,0.03595378259108319,0.4026474584350918
13.262161402762628,0.28868900333173303,0.020943951023931952,0.029845130209103034,0.4003785304074992
13.221972418685436,0.28835389679309303,0.023212879051524585,0.026878070480712675,0.4038691889114879
13.181997681481576,0.2883453111007691,0.02652900463031381,0.017976891295541596,0.40002946455710037
13.146479179220512,0.2976533013621767,0.031415926535897934,0.004363323129985824,0.40997784129346804
13.111434254520491,0.30496088604090654,0.032114058236695664,-0.0020943951023931952,0.41277036809665896
13.080888469930281,0.30144338553343863,0.045553093477052,-0.015184364492350668,0.40456732061228556
13.042046631879094,0.32274327395670527,0.04206243497306335,-0.006457718232379019,0.4194026192542374
13.01221716635605,0.3197599230730096,0.03700098014227979,-0.017627825445142728,0.41259583517145954
12.978180391784019,0.32821459883499104,0.03961897402027128,-0.025830872929516076,0.42132248143143114
12.940059696801095,0.3280774917341274,0.029845130209103034,-0.027401669256310976,0.41922808632903796
12.901954945592394,0.32826546901038045,0.0322885911618951,-0.018675022996339326,0.41311943394705786
12.860110140280614,0.34228994203215385,0.025656340004316644,-0.02181661564992912,0.42673300211261356
12.82663926457884,0.3296090289459156,0.031939525311496235,-0.0291469985083053,0.4159119607502488
12.790172543512375,0.3508786604699511,0.020420352248333655,-0.02757620218151041,0.4340633849709898
12.762031800798301,0.3453400307884767,0.013788101090755204,-0.024260076602721184,0.42830379843940847
12.72517443070951,0.34709718028532593,0.0158824961931484,-0.010471975511965976,0.4302236606166023
12.688800842912588,0.3469529191019563,0.006108652381980154,0.0020943951023931952,0.4290019301402062
12.652258498920453,0.3493405615131498,0.019896753472735357,0.010122909661567111,0.43196898986859655
12.61142938251175,0.3411378634592491,0.00890117918517108,-0.003141592653589793,0.42673300211261356
12.585689050973848,0.359325699363418,-0.004363323129985824,-0.015009831567151233,0.4401720373529699
12.545239318199322,0.3517815688162202,-0.0158824961931484,0.005235987755982988,0.4391248398017733
12.52375405034422,0.3546268283239655,-0.017976891295541596,0.012740903539558606,0.4429645641561608
12.488704992590026,0.3563333385996248,-0.015009831567151233,0.013439035240356337,0.4419173666049642
12.450341772549795,0.3698895603519467,0.0005235987755982988,0.005934119456780721,0.4529129408925285
12.419519189749842,0.3585090573987877,-0.013613568165555772,0.010821041362364843,0.4483750848373433
12.390590027750333,0.36752585695711343,-0.013439035240356337,0.023911010752322315,0.45151667749093305
12.356734252693544,0.36613832298544086,-0.013089969389957472,0.028448866807507574,0.4591961261997081
12.323163176305071,0.3672266894488443,-0.016755160819145562,0.041189770347066175,0.4536110725933263
12.295089365093238,0.3770936039824725,-0.004363323129985824,0.03665191429188092,0.4642575810304917
12.26233434470958,0.37663734844424634,-0.019198621771937627,0.032637657012293965,0.4663519761328848
12.235070041187235,0.38491558115951835,-0.02129301687433082,0.054105206811824215,0.4686209041604775
12.202810056153458,0.3850662245492004,-0.02652900463031381,0.07068583470577035,0.4708898321880701
12.176022715944875,0.3938947865749443,-0.013439035240356337,0.08168140899333462,0.47647488579445196
12.152693627936452,0.389123399178258,-0.013962634015954637,0.07400196028455958,0.47211156266446613
12.126738867578753,0.39845123905796964,-0.010471975511965976,0.06300638599699529,0.4708898321880701
12.104028715636952,0.3941471443776328,-0.02408554367752175,0.052708943410228755,0.47298422729046335
12.078434838789175,0.4039628455584325,-0.014137166941154071,0.05969026041820607,0.47472955654245763
12.04791838396985,0.4057899426525659,-0.015009831567151233,0.06422811647339133,0.4719370297392667
12.023302641950744,0.4161207417373667,-0.017976891295541596,0.04450589592585541,0.47350782606606157
12.001583941312264,0.4127590789427379,-0.015707963267948967,0.017453292519943295,0.4743804906920588
11.971847442676077,0.41540109279483894,-0.01064650843716541,0.010821041362364843,0.4715879638888678
11.95656764736695,0.42062883311403315,-0.02949606435870417,0.007504915783575617,0.4710643651132696
11.93286851396822,0.4318769854617458,-0.005759586531581287,0.0054105206811824215,0.4733332931408622
11.91202667672792,0.4293770526809243,-0.00034906585039886593,0.00017453292519943296,0.47211156266446613
11.883677248394832,0.43094955089110526,-0.0020943951023931952,-0.0015707963267948964,0.47246062851486503
11.85939159237489,0.45688717138262785,-0.003665191429188092,0.006806784082777886,0.4871213942316174
11.839621008524183,0.4529854154372681,-0.0066322511575784525,0.025656340004316644,0.4862487296056202
11.812252595512707,0.45534636560553265,-0.012566370614359171,0.03420845333908886,0.48572513083002195
11.783151527464806,0.4720089564095859,-0.003490658503988659,0.040491638646268445,0.4921828490624009
11.758011493406181,0.46089911064380895,0.003839724354387525,0.03438298626428829,0.4914847173616032
11.737830608382314,0.4699014864687744,0.004886921905584123,0.03490658503988659,0.4944517770899936
11.711528187433249,0.4733307402658881,0.011344640137963142,0.04939281783143953,0.4991641660703783
11.691988338832042,0.4827884663164186,0.008552113334772215,0.049567350756638956,0.5075417464799511
11.673028009186122,0.4904171743966568,0.0022689280275926286,0.04014257279586959,0.5131268000863329
11.649146649412993,0.478481109622239,0.016755160819145562,0.022863813201125717,0.509112542806746
11.630698811613088,0.4885806498972314,0.01937315469713706,0.014660765716752368,0.5187118536927148
11.606317978538266,0.4891791520165766,0.02757620218151041,0.019198621771937627,0.5209807817203074
11.582267465796962,0.4900447484966446,0.02303834612632515,0.020071286397934793,0.5194099853935125
11.558539179982361,0.4911740395715878,0.02181661564992912,-0.00017453292519943296,0.5209807817203074
11.528610767184139,0.48700572955083626,0.012391837689159739,-0.014311699866353503,0.5195845183187119
11.505502216074746,0.48868243434528064,0.011693705988362009,-0.012566370614359171,0.5199335841691107
11.489339110200603,0.4981150759557103,0.015009831567151233,-0.02129301687433082,0.5267403682518886
11.466128840959367,0.5123783248471383,0.013439035240356337,-0.014311699866353503,0.5358160803622591
11.4515716519223,0.5080873428863788,0.0022689280275926286,0.002617993877991494,0.5307546255314756
11.421834884638503,0.5295545673517641,0.004537856055185257,0.004537856055185257,0.5422737985946382
11.401366974984041,0.5163239073872322,-0.0015707963267948964,0.003665191429188092,0.5393067388662479
11.373342289460544,0.5242736752584074,-0.014835298641951801,0.019024088846738195,0.5420992656694388
11.35971368202265,0.5309933704577083,-0.015707963267948967,0.026179938779914945,0.5496041814530144
11.33272304896216,0.5253657403912253,-0.018500490071139894,0.028099800957108706,0.5496041814530144
11.312750044585812,0.539418229437411,-0.02356194490192345,0.02530727415391778,0.5579817618625872
11.293482994295463,0.5395670251557505,-0.02652900463031381,0.014660765716752368,0.5611233545161769
11.274478655213613,0.5399458448479958,-0.02356194490192345,0.004537856055185257,0.5590289594137837
11.256208267986324,0.5385862275637392,-0.039793506945470715,-0.0012217304763960308,0.5646140130201657
11.230862276121465,0.5465083717192564,-0.03490658503988659,-0.009773843811168246,0.5658357434965616
11.213053904324836,0.5456387796510145,-0.033161255787892266,-0.024434609527920616,0.5665338751973594
11.195620445181277,0.5469430127710131,-0.03246312408709453,-0.024434609527920616,0.5691518690753509
11.1719283184994,0.5537175029092277,-0.04450589592585541,-0.01710422666954443,0.5738642580557356
11.148253793499261,0.5607830212592755,-0.031415926535897934,-0.033510321638291124,0.5791002458117185
11.124916953397241,0.5539995207063098,-0.038397243543875255,-0.008377580409572781,0.568802803224952
11.102814131076375,0.5757672528916715,-0.03735004599267865,0.0027925268031909274,0.582939970166106
11.080235767616776,0.5695469761547962,-0.035255650890285456,0.011693705988362009,0.5747369226817327
11.051807430738307,0.5851385283468725,-0.029670597283903602,0.02757620218151041,0.5778785153353225
11.030711014111919,0.5917019178507161,-0.02600540585471551,0.03892084231947355,0.582939970166106
11.008990820621106,0.5863390227120766,-0.016929693744344994,0.03438298626428829,0.5806710421385135
10.981383435305474,0.588766598624618,-0.02949606435870417,0.05235987755982989,0.583289036016505
10.955025485497556,0.6037259188758978,-0.02548180707911721,0.045727626402251434,0.5913175505756789
10.927869043356045,0.604916917356702,-0.011344640137963142,0.05637413483941684,0.5960299395560635
10.907964591406976,0.5988057265221702,-0.009599310885968814,0.04642575810304917,0.592539281052075
10.883218802316543,0.6128153106419716,-0.008377580409572781,0.03961897402027128,0.603011256564041
10.857584788306822,0.614964984512623,-0.0027925268031909274,0.03490658503988659,0.6047565858160352
10.844953358217667,0.600035474937165,0.00471238898038469,0.02495820830351891,0.5989969992844539
10.813922371948175,0.6105503990526112,0.0010471975511965976,0.032114058236695664,0.6056292504420324
10.789587366199768,0.611740275451986,0.003665191429188092,0.027401669256310976,0.6054547175168329
10.773684453994928,0.6194181184651946,0.005235987755982988,0.017627825445142728,0.6133086991508074
10.751987111258416,0.6333425087479959,0.006457718232379019,0.003665191429188092,0.6220353454107791
10.733248325281505,0.6134515812246494,0.009948376736367679,-0.003141592653589793,0.6120869686744114
10.71242881195807,0.6298055354772293,0.012566370614359171,0.00820304748437335,0.619591884457987
10.690534618103422,0.6305727499431896,0.006457718232379019,-0.0020943951023931952,0.6213372137099813
10.671082473994874,0.6456191205090149,0.009948376736367679,0.007504915783575617,0.6328563867731438
10.641919710174031,0.6410930130177546,0.009948376736367679,0.0066322511575784525,0.6318091892219474
10.621645601231252,0.6427776535910008,-0.00767944870877505,0.012915436464758038,0.6302383928951524
10.603676066380256,0.6568314862349413,0.01117010721276371,0.0291469985083053,0.6407103684071184
10.592181055253064,0.6629319501584746,0.017278759594743863,0.045553093477052,0.6387905062299246
10.576065441905785,0.6432396414012768,0.017453292519943295,0.050789081233034994,0.6290166624187563
10.562626017019154,0.6737175156797205,0.013089969389957472,0.05166174585903215,0.638965039155124
10.550031288451388,0.666490791577529,0.016231562043547264,0.0460766922526503,0.6380923745291269
10.52677899280435,0.6761492543109415,0.013962634015954637,0.04153883619746504,0.6459463561631014
10.50637312807898,0.6657477997207116,0.020071286397934793,0.05166174585903215,0.6380923745291269
10.494906420966506,0.6591936543271791,0.01832595714594046,0.03944444109507185,0.6356489135763349
10.476216005988258,0.6835142586004798,0.010471975511965976,0.03159045946109736,0.6496115475922895
10.465653140675922,0.6773503003377063,0.009773843811168246,0.01937315469713706,0.6476916854150957
10.455567032105945,0.6713487137237724,0.002617993877991494,0.008377580409572781,0.6452482244623036
10.445491091179408,0.66550461582643,0.012566370614359171,0.015533430342749533,0.6415830330331155
10.429116240199546,0.6906999693208501,0.016231562043547264,0.018675022996339326,0.6593853914034578
10.41158026731056,0.6801314356499458,0.019722220547535925,0.014137166941154071,0.6489134158914918
10.398208837592366,0.6816665130367904,0.005061454830783556,0.014311699866353503,0.6501351463678877
10.376399580764161,0.6802651591492394,0.0022689280275926286,0.005585053606381855,0.6513568768442838
10.35872077057945,0.6927877006385085,0.008726646259971648,0.012740903539558606,0.6555456670490702
10.351546173652526,0.6862564814684631,0.009075712110370514,0.026878070480712675,0.6518804756198822
10.33984441533063,0.690435116284227,0.00890117918517108,0.02303834612632515,0.6543239365726742
10.324127262048428,0.7018010069183125,0.0006981317007977319,0.020420352248333655,0.6600835231042554
10.304731334623035,0.6998925416716217,-0.00017453292519943296,0.031066860685499065,0.6611307206554521
10.294423224963154,0.7028775031479183,0.010471975511965976,0.03159045946109736,0.6632251157578453
10.27147944536101,0.710380053684553,0.005934119456780721,0.019896753472735357,0.6714281632422185
10.258087902331996,0.6985550966291124,0.005235987755982988,0.028099800957108706,0.6661921754862357
10.249422993792711,0.7021255662288574,0.003665191429188092,0.02757620218151041,0.6665412413366344
10.23688785840222,0.7148333693274673,0.0029670597283903604,0.015184364492350668,0.6742206900454095
10.225221017803905,0.7241656493898018,-0.004363323129985824,0.012566370614359171,0.6827728033801816
10.209234420562806,0.7239567515278597,-0.009773843811168246,-0.003839724354387525,0.6792821448761931
10.206866405453235,0.7173140215077691,-0.009075712110370514,-0.005934119456780721,0.6785840131753954
10.196855184062308,0.7289534888133987,-0.014486232791552936,0.0,0.6817256058289851
10.182288751014008,0.7275608901944105,-0.015009831567151233,-0.0022689280275926286,0.6773622826989993
10.17334308357735,0.739561581045815,-0.015533430342749533,0.003490658503988659,0.6843435997069767
10.168851859636325,0.7425212123764425,-0.013962634015954637,-0.002617993877991494,0.6817256058289851
10.161364525726864,0.7530171376287312,-0.02129301687433082,-0.0012217304763960308,0.6864379948093697
10.156322025615639,0.7356486920838722,-0.019198621771937627,0.007853981633974483,0.6778858814745976
10.140502914538486,0.7426500365633198,-0.019024088846738195,0.0066322511575784525,0.6824237375297829
10.134330873932718,0.7553541574896148,-0.009250245035569947,0.008726646259971648,0.6831218692305806
10.126835056072958,0.7459077917369498,-0.006457718232379019,0.011519173063162575,0.6812020070533868
10.125478808269516,0.7494979657118688,-0.00471238898038469,0.013613568165555772,0.6825982704549822
10.11539025431149,0.7496455400054642,-0.01064650843716541,0.024260076602721184,0.6881833240613642
10.105527083138822,0.749963610807218,-0.0012217304763960308,0.03682644721708035,0.6855653301833726
10.105557819448029,0.7520463852136653,0.012740903539558606,0.028972465583105872,0.6894050545377601
10.097048648135825,0.7526235212700305,0.002617993877991494,0.026354471705114377,0.6892305216125608
10.088775309268748,0.7515908070025215,0.009599310885968814,0.019547687622336492,0.6904522520889568
10.090833606319212,0.7538717012243852,-0.0010471975511965976,0.015707963267948967,0.6946410422937432
10.08993870924258,0.7656677741107212,0.005235987755982988,0.0164060949687467,0.7052875507309087
10.08322517207734,0.7631850592056991,0.0158824961931484,0.0015707963267948964,0.7075564787585011
10.080065391364544,0.7530392395915599,0.01815142422074103,0.003665191429188092,0.699004365423729
10.078263698323012,0.7745824793347249,0.015184364492350668,0.0017453292519943296,0.7117452689632876
10.076168187450447,0.7628225669226848,0.01780235837034216,-0.012391837689159739,0.7110471372624899
10.081269757416413,0.7635019275965833,0.014835298641951801,-0.01117010721276371,0.7087782092348972
10.074684465739656,0.771081857161779,0.005585053606381855,0.006457718232379019,0.7126179335892847
10.078144609178098,0.7814163267009057,0.016231562043547264,0.0017453292519943296,0.7229153761760513
10.075273652171823,0.7795122666216419,0.01832595714594046,0.010471975511965976,0.7197737835224616
10.08268450159817,0.7801710397447066,0.015707963267948967,0.013613568165555772,0.7197737835224616
10.080944039337504,0.7765863512630645,0.01832595714594046,0.027925268031909273,0.722740843250852
10.079446068262568,0.7748245932774671,0.01884955592153876,0.03682644721708035,0.7197737835224616
10.086151703960201,0.7833713853264572,0.022514747350726852,0.038397243543875255,0.7323401541368207
10.093632062944248,0.7918571734253105,0.013962634015954637,0.03438298626428829,0.7361798784912083
10.09615888391486,0.7786014258729983,0.014835298641951801,0.032114058236695664,0.7319910882864218
10.10664920378988,0.7771924244276843,0.01937315469713706,0.04084070449666731,0.7344345492392138
10.108078565530779,0.7736791564327699,0.012217304763960308,0.053232542185827056,0.7319910882864218
10.107868996602981,0.7799994672544049,0.011693705988362009,0.0322885911618951,0.7422885308731884
10.122257470360655,0.7667775013753606,-0.0006981317007977319,0.01710422666954443,0.7382742735936014
10.121526385427183,0.7829098970586215,-0.004363323129985824,0.02600540585471551,0.7470009198535731
10.128391063357778,0.7579018065914742,0.006457718232379019,0.026703537555513242,0.7361798784912083
10.140425385003777,0.7658244619473991,0.0029670597283903604,0.02111848394913139,0.7367034772668065
10.143136451197796,0.7720564335761563,0.008726646259971648,0.033510321638291124,0.740543201621194
10.148200535109426,0.766622631461064,0.003839724354387525,0.029321531433504737,0.7456046564519776
10.15362135094872,0.7629244392445593,0.0010471975511965976,0.033510321638291124,0.7391469382195985
10.159526708645535,0.7591841643954527,-0.005759586531581287,0.02495820830351891,0.7410668003967923
10.164797384344896,0.7635408464187636,-0.007330382858376184,0.031241393610698498,0.7372270760424048
10.174103723190159,0.7416183294201755,-0.016231562043547264,0.031066860685499065,0.7283258968572338
10.179181924319915,0.757574753504,-0.019024088846738195,0.028274333882308142,0.7347836150896128
10.185986587196036,0.7617680850205499,-0.0033161255787892262,0.026878070480712675,0.7367034772668065
10.185609851906271,0.7468010330116494,-0.011344640137963142,0.03787364476827695,0.730071226109228
10.194278088892734,0.7445105384448014,-0.0,0.029845130209103034,0.722391777400453
10.202833998964705,0.7520950429176556,-0.004363323129985824,0.03368485456349056,0.7258824359044417
10.201840861500772,0.7570605240980812,0.005061454830783556,0.057246799465414014,0.7269296334556382
10.213019696028473,0.744578294083175,0.005934119456780721,0.0582939970166106,0.7192501847468632
10.2132442661428,0.7495469699377182,0.017278759594743863,0.06632251157578453,0.7218681786248546
10.224721795911645,0.7468771562511968,0.01064650843716541,0.06649704450098395,0.7164576579436723
10.226105637298833,0.7536066232668333,0.013788101090755204,0.06318091892219473,0.7220427115500541
10.228891158851992,0.7403657190240696,0.015009831567151233,0.04380776422505767,0.7176793884200683
10.241801023163795,0.7374347067943198,0.009773843811168246,0.02757620218151041,0.7194247176720626
10.244862171798323,0.7341070712472677,0.020943951023931952,0.031415926535897934,0.7154104603924757
10.258406475573269,0.7491494003500447,0.026179938779914945,0.02199114857512855,0.7202973822980598
10.262794626431901,0.7457189347406933,0.028099800957108706,0.014486232791552936,0.722740843250852
10.26765869094486,0.7422605997733024,0.023212879051524585,0.012217304763960308,0.7168067237940712
10.273169131915052,0.746974319752601,0.028972465583105872,0.025830872929516076,0.7257079029792421
10.278702000262031,0.7252329810757514,0.0301941960595019,0.03368485456349056,0.7101744726364927
10.285390219113664,0.7416467930045769,0.02408554367752175,0.027925268031909273,0.7195992505972622
10.282613960888328,0.7464624325804717,0.022689280275926284,0.022165681500327987,0.7215191127744559
10.290423368676535,0.7528206209527362,0.02129301687433082,0.02949606435870417,0.721170046924057
10.297844523004558,0.7391186719349739,0.023911010752322315,0.02303834612632515,0.7159340591680741
10.296656772827816,0.7457934264293861,0.028099800957108706,0.011344640137963142,0.7199483164476609
10.306940490795322,0.7601629182677064,0.012391837689159739,0.00767944870877505,0.7281513639320343
10.315101823293055,0.7362963730907085,0.013788101090755204,0.0019198621771937625,0.7159340591680741
10.32541098833264,0.7422771626889595,0.02303834612632515,-0.007330382858376184,0.7187265859712649
10.326877399969527,0.7470974279037422,0.00820304748437335,-0.007504915783575617,0.7199483164476609
10.337779500105016,0.7429403069121969,0.011344640137963142,-0.0033161255787892262,0.7161085920932735
10.339102573479256,0.7395646857776559,0.012566370614359171,-0.01815142422074103,0.7154104603924757
10.352011477212368,0.7451816295832699,-0.0,-0.005759586531581287,0.7190756518216638
10.354258480046477,0.7417489549748398,0.010122909661567111,0.01832595714594046,0.7187265859712649
10.355934876172967,0.7301858901953432,0.006981317007977318,0.01780235837034216,0.7105235384868915
10.360451314824736,0.7366836909750882,0.006981317007977318,0.014137166941154071,0.7145377957664785
10.374343465533732,0.7319726086895659,-0.0019198621771937625,0.027925268031909273,0.7086036763096978
10.380217563091316,0.7383373532265639,-0.013439035240356337,0.016231562043547264,0.7120943348136866
10.394588894598355,0.7351679842334413,0.0010471975511965976,0.013613568165555772,0.7070328799829029
10.40152647094245,0.7413688339562139,-0.012740903539558606,0.015009831567151233,0.7140141969908803
10.40570900866199,0.7277433520374786,0.004537856055185257,0.022514747350726852,0.7059856824317063
10.411905787673373,0.7257768495440815,-0.0005235987755982988,0.006108652381980154,0.7049384848805097
10.420470963757356,0.7336141785697606,-0.013264502315156905,0.014835298641951801,0.7065092812073047
10.427816197969678,0.7296996203592868,-0.013439035240356337,0.00890117918517108,0.7073819458333018
10.443218433876368,0.7158856573448602,0.004886921905584123,-0.0033161255787892262,0.6944665093685437
10.451425729848097,0.7135897136147721,-0.0054105206811824215,-0.0029670597283903604,0.6942919764433443
10.461939413164368,0.7228454623056605,-0.0054105206811824215,-0.00820304748437335,0.6946410422937432
10.4689388981904,0.7105728757567151,-0.0005235987755982988,-0.0153588974175501,0.6899286533133585
10.470772337285341,0.7198802042611986,0.0008726646259971648,-0.005585053606381855,0.6927211801165494
10.478808706981884,0.7093356977936708,-0.010122909661567111,-0.0024434609527920616,0.68329640215578
10.489070369104917,0.7084656425712726,-0.0,-0.00017453292519943296,0.6801548095021902
10.502196209174723,0.7172188802627011,0.0022689280275926286,0.0012217304763960308,0.6853907972581733
10.511115016919945,0.7063839539147153,0.009773843811168246,-0.011519173063162575,0.675616953447005
10.525566827958885,0.714862321313563,-0.0020943951023931952,-0.01117010721276371,0.6789330790257941
10.537660832335538,0.7134899213757605,0.006283185307179586,-0.009075712110370514,0.6764896180730021
10.550441771009526,0.7138209402690168,-0.00034906585039886593,-0.012042771838760876,0.6757914863722044
10.553937547852904,0.7147835294867337,0.008552113334772215,-0.005934119456780721,0.6736970912698113
10.56780521340847,0.7148902427081671,-0.004886921905584123,-0.006981317007977318,0.6705554986162214
10.572272486776658,0.7157422670615983,0.0017453292519943296,-0.014137166941154071,0.6693337681398254
10.583916353648117,0.7060016111660554,0.009773843811168246,-0.0024434609527920616,0.6644468462342412
10.599133947689154,0.705712427034759,-0.004014257279586958,-0.007330382858376184,0.6656685767106373
10.604997373977286,0.7081879940332156,-0.0013962634015954637,-0.003839724354387525,0.6640977803838425
10.620911106533226,0.7076147232888056,-0.0022689280275926286,0.0015707963267948964,0.6640977803838425
10.633973643632418,0.6973387396498127,0.010821041362364843,0.0024434609527920616,0.6578145950766627
10.641364708973269,0.699538849187337,0.005235987755982988,0.0008726646259971648,0.6593853914034578
10.655283574615373,0.6908635966653353,0.004886921905584123,-0.006283185307179586,0.6522295414702809
10.666959316715358,0.7023368011626742,-0.0015707963267948964,-0.0054105206811824215,0.6609561877302526
10.678374242676506,0.6839301328838605,-0.0017453292519943296,-0.019024088846738195,0.6503096792930871
10.687581306061562,0.6876034251522629,-0.014660765716752368,-0.024783675378319478,0.6511823439190844
10.700200311198518,0.698711665725793,-0.0019198621771937625,-0.029845130209103034,0.6550220682734719
10.716067694838134,0.6893104847566065,-0.0,-0.03892084231947355,0.651007810993885
10.723057863767545,0.6832851551653463,-0.006806784082777886,-0.03595378259108319,0.6442010269111071
10.733887902153318,0.6865212075511906,-0.00767944870877505,-0.028274333882308142,0.6396631708559217
10.745340595609562,0.6896426842937367,-0.017453292519943295,-0.0291469985083053,0.6468190207890986
10.758825718327824,0.6722336240573445,-0.0153588974175501,-0.028448866807507574,0.6323327879975457
10.77476686066457,0.6843511121051806,-0.013089969389957472,-0.01832595714594046,0.6379178416039275
10.783489281301454,0.6797130981679312,-0.012915436464758038,-0.013264502315156905,0.6290166624187563
10.792578193349549,0.674989835182335,-0.012042771838760876,-0.014137166941154071,0.630063859969953
10.805869190289224,0.6793561551316735,-0.007504915783575617,-0.006457718232379019,0.6279694648675599
10.825029839227447,0.6703986466870004,-0.016057029118347832,-0.019896753472735357,0.6215117466351807
10.839326767999465,0.6744370551018992,-0.022863813201125717,-0.007330382858376184,0.628493063643158
10.841556981724258,0.6529017711702068,-0.02181661564992912,-0.02199114857512855,0.611912435749212
10.85638300367875,0.6585979038457119,-0.009948376736367679,-0.02234021442552742,0.6150540284028018
10.876759845416855,0.6508316669758412,-0.016580627893946133,-0.02076941809873252,0.6110397711232147
10.88367608649713,0.6585744378161273,-0.020245819323134222,-0.026878070480712675,0.6127851003752091
10.90452524534483,0.6523371539443402,-0.019896753472735357,-0.021467549799530253,0.6073745796940268
10.916662329144346,0.6483799125254335,-0.015707963267948967,-0.027401669256310976,0.605105651666434
10.929316029404221,0.6442942116331917,-0.010821041362364843,-0.014835298641951801,0.6021385919380436
10.93781680553169,0.6554261597793546,-0.012915436464758038,-0.017976891295541596,0.6040584541152374
10.946909977147508,0.6441177740380032,-0.020071286397934793,-0.015184364492350668,0.5960299395560635
10.960663324408213,0.639678629375741,-0.0164060949687467,-0.01832595714594046,0.5948082090796675
10.97916997291106,0.6458452387156435,-0.011868238913561441,-0.012217304763960308,0.5981243346584568
10.988686652431035,0.6341921738691918,-0.0017453292519943296,-0.009250245035569947,0.5867796945204935
11.00372700015288,0.6312256611954324,-0.014660765716752368,0.003141592653589793,0.5873032932960919
11.019702223455827,0.6504462132627514,-0.009948376736367679,0.010471975511965976,0.5977752688080579
11.038915364007293,0.6335479089058936,-0.004537856055185257,0.01780235837034216,0.5873032932960919
11.041148173948578,0.6282496364638164,-0.009075712110370514,0.022165681500327987,0.5857324969692971
11.062442276443392,0.6333590625493968,-0.013089969389957472,0.014660765716752368,0.5907939518000805
11.075216313863107,0.6432795024717431,-0.005235987755982988,-0.003141592653589793,0.5967280712568612
11.095856268316794,0.6256677411224387,-0.01832595714594046,-0.00034906585039886593,0.5890486225480862
11.09951605060912,0.6181226238585367,-0.020943951023931952,-0.019896753472735357,0.5886995566976875
11.113537346784064,0.6276449622029133,-0.006981317007977318,-0.013439035240356337,0.5955063407804652
11.12661440815846,0.6147448006055497,-0.01832595714594046,-0.020420352248333655,0.5888740896228868
11.141490702044045,0.6239746755472708,-0.013089969389957472,-0.032114058236695664,0.5920156822764766
11.1551823256502,0.6107966123515414,-0.021467549799530253,-0.026354471705114377,0.5911430176504794
11.171112829508942,0.6197146481656421,-0.016580627893946133,-0.02757620218151041,0.5893976883984852
11.182095591030318,0.6200755775834089,-0.013788101090755204,-0.0164060949687467,0.5918411493512772
11.196140919610906,0.606475143744041,-0.012391837689159739,-0.023736477827122883,0.5846852994181004
11.207920234285144,0.6085486170112062,-0.02199114857512855,-0.01780235837034216,0.5820673055401089
11.225600756792238,0.6168375442143552,-0.0153588974175501,-0.017278759594743863,0.5853834311188981
11.240836819517632,0.6047424217313252,-0.022863813201125717,-0.009773843811168246,0.5797983775125163
11.259353762642004,0.6126648736932616,-0.026179938779914945,-0.004537856055185257,0.582939970166106
11.266793400754562,0.6059731479687729,-0.024260076602721184,0.006283185307179586,0.576482251933727
11.282376574133776,0.5953987560246624,-0.022689280275926284,0.006806784082777886,0.5714207971029436
11.296287625454642,0.5946763044764338,-0.026179938779914945,-0.0013962634015954637,0.5743878568313339
11.312610524080037,0.5837873169868228,-0.024609142453120045,0.002617993877991494,0.563566815468969
11.329143976717546,0.5727326770347531,-0.026179938779914945,-0.012217304763960308,0.5597270911145815
11.335730008223802,0.5794889738929596,-0.020594885173533087,-0.0153588974175501,0.562345084992573
11.35897257597858,0.578120374833559,-0.02199114857512855,-0.013439035240356337,0.5576326960121882
11.370507314652542,0.5586151359646407,-0.028448866807507574,-0.017976891295541596,0.5447172595474302
11.386157080126159,0.5629348877291398,-0.02408554367752175,-0.015533430342749533,0.5497787143782138
11.40329044190846,0.5530660797665911,-0.007155849933176752,-0.011868238913561441,0.5382595413150513
11.420062279746292,0.5570622468798265,-0.016929693744344994,-0.00890117918517108,0.5398303376418461
11.431914957642281,0.5390192096907922,-0.008028514559173916,-0.010821041362364843,0.5256931707006921
11.441238601779796,0.5509770103482813,-0.01117010721276371,-0.02181661564992912,0.5269149011770881
11.459961227959447,0.5424767281800577,-0.008552113334772215,-0.017278759594743863,0.5199335841691107
11.477326362498118,0.5478686757468021,-0.00017453292519943296,-0.022863813201125717,0.5204571829447091
11.490136160135563,0.5333201027308584,0.004537856055185257,-0.016580627893946133,0.5080653452555494
11.508282389637644,0.5404046624831931,0.011344640137963142,-0.015009831567151233,0.5164429256651221
11.528156971709768,0.5332235433199338,0.0024434609527920616,-0.0019198621771937625,0.5024802916491674
11.53943868184661,0.5444456353879283,0.003665191429188092,0.00017453292519943296,0.5089380098815465
11.55965703926956,0.5369293959409146,0.008726646259971648,0.008028514559173916,0.5052728184523584
11.573422975632452,0.5237125014653935,0.012217304763960308,0.007504915783575617,0.4928809807631987
11.593361238214731,0.5299620041600258,0.008726646259971648,0.0027925268031909274,0.49811696851918164
11.614392193486388,0.5239315112273412,0.003141592653589793,-0.006806784082777886,0.5014330940979709
11.627846044950177,0.5223711135157377,0.00890117918517108,-0.01064650843716541,0.4956735075663896
11.649430124781198,0.5139541139983413,0.0027925268031909274,-0.013439035240356337,0.4953244417159907
11.663323909553966,0.5141361154533526,0.006981317007977318,-0.024609142453120045,0.49323004661359754
11.678261193379495,0.5000588121328041,0.008028514559173916,-0.014311699866353503,0.4892157893340106
11.699716219082754,0.507278459839887,0.013264502315156905,-0.023212879051524585,0.4899139210348083
11.721713933746607,0.5142989568259514,0.0017453292519943296,-0.020943951023931952,0.4930555136883981
11.72990701207137,0.504610532684514,-0.00017453292519943296,-0.010122909661567111,0.48659779545601906
11.745343657023932,0.49200220068115785,0.00890117918517108,-0.007155849933176752,0.4780456821212469
11.761043211299276,0.5054860209350148,-0.002617993877991494,-0.006283185307179586,0.48729592715681685
11.777084726779163,0.4926005632148855,-0.0012217304763960308,0.004886921905584123,0.47822021504644635
11.79330224442019,0.4916579594765712,0.0012217304763960308,0.009948376736367679,0.4801400772236401
11.809494457335058,0.4926283592998186,-0.0013962634015954637,0.0041887902047863905,0.4799655442984406
11.826165577904248,0.47724788838191773,-0.00471238898038469,0.02356194490192345,0.4705407663376713
11.850000927745779,0.4849163294762661,0.0006981317007977319,0.020594885173533087,0.4799655442984406
11.866957535070998,0.4712679715575241,0.0015707963267948964,0.005235987755982988,0.47141343096366845
11.877706109885965,0.4767497395393441,-0.008552113334772215,0.003665191429188092,0.47420595776685937
11.895007266463493,0.4628277965537419,-0.013264502315156905,-0.0054105206811824215,0.46966810171167406
11.912674730986927,0.4628879779963992,-0.007155849933176752,-0.011868238913561441,0.46896997001087637
11.930729304275863,0.4486550454015341,-0.020245819323134222,-0.011693705988362009,0.461988653002899
11.941990972583879,0.45782487112382847,-0.007853981633974483,-0.004886921905584123,0.46460664688089054
11.967278377983538,0.45215056382245683,-0.009075712110370514,-0.0164060949687467,0.45832346157371096
11.978951650740697,0.4448477051620854,-0.014660765716752368,-0.019547687622336492,0.45308747381772796
11.997944120343194,0.4462246005977278,-0.01064650843716541,-0.00942477796076938,0.45413467136892455
12.02384555012953,0.4399705295169707,-0.019547687622336492,-0.020071286397934793,0.4471533543609473
12.036922560676608,0.4484823184724182,-0.023736477827122883,-0.02548180707911721,0.44767695313654554
12.055250553860839,0.43735184871678723,-0.014137166941154071,-0.020420352248333655,0.4368559117741807
12.075348839147354,0.4401719557729302,-0.016755160819145562,-0.017278759594743863,0.4413937678293659
12.094417870931947,0.4287234860565942,-0.01884955592153876,-0.01710422666954443,0.4284783313646079
12.108705456024353,0.4388241925070713,-0.029321531433504737,-0.017453292519943295,0.4324925886441949
12.126645274845359,0.41510358896308186,-0.02111848394913139,-0.027925268031909273,0.41922808632903796
12.140960789394256,0.4249587103475344,-0.01937315469713706,-0.004886921905584123,0.42271874483302657
12.160600143476723,0.4150421109568414,-0.01780235837034216,-0.012391837689159739,0.42062434973063345
12.179859972536077,0.407093322109734,-0.008726646259971648,-0.00942477796076938,0.41085050591946515
12.1938954361069,0.40460792508667537,-0.023736477827122883,-0.004886921905584123,0.4084070449666731
12.213650972724418,0.39637511508209394,-0.017453292519943295,0.0017453292519943296,0.4012511950334964
12.235535564305922,0.4020463360627913,-0.01780235837034216,0.003141592653589793,0.4052654523130833
12.255696763406768,0.39135734575947917,-0.015707963267948967,0.010297442586766544,0.39723693775390945
12.26985977644229,0.3926345984412885,-0.017453292519943295,0.003141592653589793,0.39479347680111737
12.290448304342506,0.3837934517371302,-0.012740903539558606,-0.004537856055185257,0.39479347680111737
12.305054227347927,0.38268755257370746,-0.009250245035569947,0.010297442586766544,0.3951425426515162
12.324530888605848,0.361675756385282,-0.01832595714594046,-0.0027925268031909274,0.37681658550557573
12.34699736994253,0.37071516518384956,-0.011344640137963142,0.0005235987755982988,0.3815289744859604
12.366169579829425,0.3494099903042259,-0.005585053606381855,0.0015707963267948964,0.3712315318991939
12.38702933640931,0.34412877169611966,-0.0022689280275926286,-0.007330382858376184,0.364424747816416
12.402510760351188,0.34670534813138437,-0.004886921905584123,-0.017278759594743863,0.36617007706841037
12.423894119797566,0.3411438958932842,0.003141592653589793,-0.028099800957108706,0.35657076618244155
12.445370248000257,0.33760189883250047,0.005235987755982988,-0.041887902047863905,0.3518583772020568
12.466972546069385,0.3339137795785984,0.005235987755982988,-0.05183627878423159,0.35098571257605965
12.486458314741338,0.31611136399519496,0.006806784082777886,-0.056548667764616284,0.3324852225049198
12.501918368999423,0.3224308011414869,0.019024088846738195,-0.05899212871740834,0.33440508468211355
12.523590568767615,0.3205168503704897,0.017976891295541596,-0.057246799465414014,0.33056536032772604
12.546025912387586,0.32065060108655513,0.005759586531581287,-0.041713369122664476,0.32271137869375155
12.567920526069535,0.31845563406541777,0.010471975511965976,-0.02775073510670984,0.3179989897133668
12.590141042151,0.31831443726003394,0.005061454830783556,-0.027925268031909273,0.31381019950858047
12.606314828117586,0.3262410304801196,0.015707963267948967,-0.02199114857512855,0.31328660073298215
12.626674588286306,0.3141335630866963,0.008726646259971648,-0.01937315469713706,0.30037116426822413
12.646671822756737,0.29970345109821844,0.008552113334772215,-0.006981317007977318,0.2984513020910304
12.669265591223299,0.3012600029475416,0.010297442586766544,-0.02111848394913139,0.29269171555944906
12.694672874610868,0.2827371361302597,0.015707963267948967,-0.012566370614359171,0.2802998778702893
12.709299136442542,0.28064836286089384,0.003141592653589793,-0.016057029118347832,0.2811725424962865
12.72917229470128,0.2701780125030441,0.008377580409572781,-0.023387411976724018,0.27401669256310973
12.75207361359482,0.2734660315971267,0.009250245035569947,-0.018500490071139894,0.2727949620867137
12.774961853426664,0.24280238686729017,0.0066322511575784525,-0.027227136331111543,0.25726153174396416
12.800766575727453,0.2619297334708283,0.006457718232379019,-0.011519173063162575,0.26284658535034605
12.821005093808198,0.25323064711328314,-0.003141592653589793,-0.018675022996339326,0.256388867117967
12.838146196348552,0.23282925938144391,-0.0015707963267948964,-0.04450589592585541,0.24452062820440557
12.866781248300915,0.23162015427085988,-0.003665191429188092,-0.040491638646268445,0.2389355745980237
12.881636290860442,0.23325122343543467,-0.01117010721276371,-0.0322885911618951,0.23753931119642824
12.901966298589631,0.2286475454159771,-0.014835298641951801,-0.024434609527920616,0.2314306588144481
12.92769570837147,0.2155262614537965,-0.0164060949687467,-0.024434609527920616,0.22130774915288098
12.945588296161175,0.23297058889598793,-0.01064650843716541,-0.031415926535897934,0.22916173078685548
12.971398025307266,0.21963485846629333,-0.012391837689159739,-0.019722220547535925,0.22322761133007477
12.991919383894592,0.2146458141286994,-0.007853981633974483,-0.01117010721276371,0.2139773662945048
13.017538142802191,0.2033618927161015,-0.0020943951023931952,-0.012217304763960308,0.20699604928652748
13.038058956670579,0.20273146660513255,-0.004014257279586958,-0.020071286397934793,0.205599785884932
13.067153526644573,0.20501901443416085,-0.00820304748437335,-0.03961897402027128,0.2012364627549462
13.084747780582413,0.19044765820349585,-0.009250245035569947,-0.04782202150464463,0.1942551457469689
13.110411307403332,0.18105311541115135,-0.004014257279586958,-0.04468042885105484,0.18570303241219668
13.131297964626437,0.1800853040981422,-0.009599310885968814,-0.0439822971502571,0.18046704465621366
13.151761408954311,0.18133431245883827,0.0033161255787892262,-0.04450589592585541,0.17784905077822216
13.177682738098696,0.17396790480087515,-0.002617993877991494,-0.040317105721069016,0.1726130630222392
13.203618338269134,0.16651149802912493,-0.0020943951023931952,-0.039968039870670144,0.1637118838370681
13.229758183617557,0.1612742196383669,-0.005585053606381855,-0.03647738136668149,0.15917402778188286
13.247129005144654,0.15080099091902024,-0.005235987755982988,-0.02600540585471551,0.15393804002589986
13.268152518687996,0.15399201314084096,-0.00942477796076938,-0.0158824961931484,0.14817845349431857
13.299197670835852,0.14226900529039418,-0.007504915783575617,-0.012566370614359171,0.13945180723434694
13.316758244109995,0.1362577530769814,-0.012566370614359171,-0.015533430342749533,0.13177235852557187
13.342502235671512,0.13298390189830714,-0.00942477796076938,-0.006806784082777886,0.1308996938995747
13.364733574970494,0.11827085818526077,-0.0027925268031909274,0.00767944870877505,0.12304571226560022
13.391322835503642,0.11719912967997272,-0.02199114857512855,0.002617993877991494,0.11990411961201045
13.408431569309908,0.1109887274111313,-0.018500490071139894,-0.005061454830783556,0.11397000015522972
13.439644852719354,0.1011784194790817,-0.02757620218151041,-0.006108652381980154,0.11135200627723822
13.457192349670647,0.0972155109802232,-0.033510321638291124,-0.020594885173533087,0.10437068926926091
13.482887530090153,0.09826313896835236,-0.02775073510670984,-0.022689280275926284,0.10506882097005865
13.500661421513964,0.09421867622957127,-0.03944444109507185,-0.030543261909900768,0.10105456369047168
13.528017050912357,0.07521180880468466,-0.039269908169872414,-0.031415926535897934,0.08656833089891874
13.55394990358848,0.07847408066022647,-0.039968039870670144,-0.0317649923862968,0.08429940287132612
13.57601526359159,0.06802439489290112,-0.03647738136668149,-0.022165681500327987,0.0788888821901437
13.602164070375235,0.0735732663021056,-0.0460766922526503,-0.018500490071139894,0.07819075048934597
13.624690204710708,0.06304629464150784,-0.050789081233034994,-0.015184364492350668,0.06789330790257943
13.64172373668485,0.0635251165784659,-0.039269908169872414,-0.02600540585471551,0.06754424205218056
13.667945985695646,0.06896913203177181,-0.041887902047863905,-0.028099800957108706,0.0656243798749868
13.690235139410115,0.06072361064131054,-0.03752457891787808,-0.01937315469713706,0.0603883921190038
13.707260493355905,0.06351274163276077,-0.028623399732707007,-0.02234021442552742,0.06021385919380437
13.719637204943547,0.07256404073781018,-0.027401669256310976,-0.02356194490192345,0.06963863715457375
13.738251093165239,0.05059314348613656,-0.01815142422074103,-0.034033920413889425,0.052708943410228755
13.760829331956796,0.04464159861095934,-0.019198621771937627,-0.021467549799530253,0.051487212933832724
13.7727061904436,0.05603583189400591,-0.0013962634015954637,-0.019547687622336492,0.0614355896702004
13.785203460997245,0.06501084775658164,0.007330382858376184,-0.017278759594743863,0.06527531402458793
13.809032396471375,0.03666732000428829,0.012566370614359171,-0.014486232791552936,0.05044001538263613
13.83050000652174,0.05054293386785354,0.009773843811168246,-0.019198621771937627,0.061086523819801536
13.838714663500717,0.04823727419331295,0.019024088846738195,-0.026703537555513242,0.05707226654021458
13.85595296554581,0.04843574746425388,0.029321531433504737,-0.004537856055185257,0.0614355896702004
13.869683085323382,0.037403068982512826,0.035255650890285456,-0.0024434609527920616,0.05515240436302082
13.891238774760257,0.05118439134551398,0.03298672286269283,0.003665191429188092,0.06771877497737998
13.90522272443719,0.03768975960323106,0.035255650890285456,-0.0020943951023931952,0.06387905062299247
13.922514386228979,0.040226690806683306,0.041713369122664476,0.0005235987755982988,0.059341194567807204
13.939826867038542,0.04031222776822642,0.04921828490624009,0.0012217304763960308,0.061784655520599266
13.94863515022882,0.03791120102243395,0.04520402762665313,-0.0019198621771937625,0.06387905062299247
13.966440951607229,0.03795714883553675,0.04590215932745086,-0.010297442586766544,0.0635299847725936
13.984007633814864,0.037978722997769804,0.04328416544945937,-0.020071286397934793,0.0614355896702004
14.006877270049358,0.03169220706387111,0.029670597283903602,-0.009250245035569947,0.05881759579220891
14.019083917111312,0.04039557460667764,0.03717551306747922,-0.010297442586766544,0.06387905062299247
14.041501771757698,0.031612698996819844,0.02949606435870417,-0.013788101090755204,0.06213372137099813
14.062886651507302,0.047591910012127966,0.016580627893946133,-0.017453292519943295,0.06475171524898962
14.08527976947533,0.0387512161765914,0.013089969389957472,-0.028099800957108706,0.06126105674500097
14.10277958393128,0.0410844220151012,0.0024434609527920616,-0.013439035240356337,0.057246799465414014
14.124921848486467,0.03218859975651378,-0.0005235987755982988,-0.003839724354387525,0.05619960191421741
14.151176719664615,0.03932307684538365,-0.006108652381980154,-0.0020943951023931952,0.05619960191421741
14.163646374868078,0.047870239527475426,-0.00471238898038469,-0.016929693744344994,0.06021385919380437
14.177440363409243,0.03653194971956314,-0.00890117918517108,-0.013613568165555772,0.05201081170943102
14.203502821339052,0.04359307416043219,-0.007155849933176752,0.0008726646259971648,0.05689773361501515
14.21729155936014,0.032219667103519437,-0.009599310885968814,-0.006283185307179586,0.045029494701453704
14.235017406901887,0.03441331871774066,-0.021642082724729686,-0.015009831567151233,0.0486946861306418
14.25230210567075,0.03658860933531475,-0.014660765716752368,-0.032637657012293965,0.0486946861306418
14.269624267892207,0.03874553307764494,-0.009948376736367679,-0.020071286397934793,0.04921828490624009
14.296781584625231,0.025839934902008543,-0.008552113334772215,-0.01832595714594046,0.03892084231947355
14.318264306301586,0.041531838089086025,-0.010297442586766544,-0.02408554367752175,0.04834562028024293
14.336648614362176,0.021283994603940624,-0.009773843811168246,-0.027925268031909273,0.03874630939427412
14.36293918255162,0.030662956919205783,-0.008726646259971648,-0.027925268031909273,0.04485496177625427
14.37651429900204,0.021663183633848428,-0.007853981633974483,-0.023736477827122883,0.03508111796508603
14.3988644059893,0.014929132004180726,-0.005934119456780721,-0.018500490071139894,0.03246312408709453
14.424977735564704,0.024254183872836472,0.0019198621771937625,-0.02076941809873252,0.03508111796508603
14.447555225398547,0.01999688340572645,0.0006981317007977319,-0.022689280275926284,0.034732052114687155
14.469671298057182,0.01824963479199929,0.003141592653589793,-0.021642082724729686,0.027925268031909273
14.49201847592426,0.013965028581523549,0.002617993877991494,-0.00942477796076938,0.028274333882308142
14.514362515994263,0.012198276712966296,-0.0012217304763960308,-0.010821041362364843,0.02234021442552742
14.536936595859029,0.007886365370376422,-0.0033161255787892262,-0.017453292519943295,0.02356194490192345
14.568066677484286,0.010870164156544158,-0.004014257279586958,-0.02600540585471551,0.022689280275926284
14.590183446342273,0.00652788007753203,0.0015707963267948964,-0.013962634015954637,0.01937315469713706
14.612755591789659,0.004720587989772387,-0.006981317007977318,-0.0164060949687467,0.016755160819145562
14.64366034756115,0.0076694113376379915,0.0020943951023931952,-0.027401669256310976,0.020420352248333655
14.67955633202136,0.001814201121105542,-0.0012217304763960308,-0.010122909661567111,0.012217304763960308
14.710462496904915,0.0047404520610765215,0.0019198621771937625,-0.01064650843716541,0.015533430342749533
14.741827365540173,0.007655831958350215,-0.007853981633974483,-0.010122909661567111,0.016755160819145562
14.768888290820039,-0.0029930923785837097,-0.005759586531581287,-0.012391837689159739,0.010995574287564275
14.799794614691823,-9.875088598266095e-05,-0.0027925268031909274,-0.013439035240356337,0.014137166941154071
14.835455842452445,-0.006012597005877979,0.003665191429188092,-0.012915436464758038,0.012915436464758038
14.866866377346666,-0.003140829447110953,0.0020943951023931952,-0.0008726646259971648,0.016929693744344994
14.902714166946073,-0.009078909244016229,-0.003839724354387525,-0.0029670597283903604,0.01117010721276371
14.929808196059218,-0.017173587795022392,0.0019198621771937625,-0.006108652381980154,0.0066322511575784525
14.965225210643862,-0.0007792208169260849,-0.006283185307179586,-0.004886921905584123,0.01780235837034216
15.000883983890585,-0.006746970523919509,0.00034906585039886593,-0.016755160819145562,0.010995574287564275
15.036771492330752,-0.012727251149626253,0.0027925268031909274,-0.004886921905584123,0.010122909661567111
15.076528092012571,-0.0025406014745560064,0.004014257279586958,-0.020943951023931952,0.015009831567151233
15.107671454218085,-0.002375212124555566,0.0033161255787892262,-0.014137166941154071,0.015533430342749533
15.157329545272258,-0.012454491224012501,-0.005585053606381855,-0.007853981633974483,0.012915436464758038
15.193173426012095,-0.015835126922546114,-0.009773843811168246,-0.007504915783575617,0.007504915783575617
15.241878168568048,-0.003587500458938612,-0.01710422666954443,0.0041887902047863905,0.015009831567151233
15.277718450787225,-0.00964118742659013,-0.019547687622336492,0.009948376736367679,0.009075712110370514
15.322360308670593,-0.010969595635380625,-0.02199114857512855,0.019547687622336492,0.012217304763960308
15.371693250947308,-0.01843764584765353,-0.022514747350726852,0.03735004599267865,0.005585053606381855
15.407968398267322,-0.021837076537189085,-0.03944444109507185,0.025656340004316644,0.0033161255787892262
15.447827997923063,-0.014388726904302542,-0.041887902047863905,0.021467549799530253,0.010122909661567111
15.488099720804795,-0.02930522369350189,-0.03577924966588375,0.019722220547535925,0.007504915783575617
15.524089619033674,-0.03271718385959315,-0.04206243497306335,0.026179938779914945,0.006457718232379019
15.559867657631731,-0.03884521895934402,-0.040317105721069016,0.020071286397934793,-0.0008726646259971648
15.58644771791272,-0.024645628943798178,-0.03804817769347639,0.008377580409572781,0.00890117918517108
15.621959785291889,-0.0307908044704555,-0.028623399732707007,0.006806784082777886,0.00820304748437335
15.64946653669025,-0.038946952852757705,-0.03822271061867582,0.00471238898038469,0.0029670597283903604
15.676054693128814,-0.027488264921946056,-0.039095375244672985,0.01064650843716541,0.012217304763960308
15.711829734791936,-0.03366157149043542,-0.03508111796508603,0.018500490071139894,0.006283185307179586
15.733793300139602,-0.03301578858060524,-0.02757620218151041,0.013089969389957472,0.008377580409572781
15.764659608459683,-0.030393313985090622,-0.012740903539558606,0.010471975511965976,0.00820304748437335
15.795751977120014,-0.02778171663826074,-0.009075712110370514,0.020943951023931952,0.009948376736367679
15.823380294208738,-0.03595677038217869,-0.011519173063162575,0.015184364492350668,0.00767944870877505
15.863285532258596,-0.028636806996682404,-0.010471975511965976,0.015009831567151233,0.009250245035569947
15.89415591680154,-0.023278757903681835,0.0020943951023931952,0.013264502315156905,0.01117010721276371
15.930080126999579,-0.029515303115294593,0.009250245035569947,0.007853981633974483,0.008028514559173916
15.969816312972196,-0.022227974932001463,0.019198621771937627,0.007155849933176752,0.014660765716752368
16.010187319692662,-0.03451182015828915,0.02199114857512855,0.013788101090755204,0.009599310885968814
16.054924459621603,-0.03606186682555563,0.018675022996339326,0.01780235837034216,0.01117010721276371
16.08613159715029,-0.0335281771247446,0.02076941809873252,0.013089969389957472,0.013089969389957472
16.13114139056092,-0.035107068690086826,0.011344640137963142,0.02129301687433082,0.014137166941154071
16.171168679148575,-0.02505994263294553,0.01710422666954443,0.014660765716752368,0.011868238913561441
16.207090404655347,-0.031376154311268147,0.02356194490192345,0.025830872929516076,0.013439035240356337
16.251614298311424,-0.03299169383932447,0.031241393610698498,0.026878070480712675,0.010821041362364843
16.287850061941445,-0.03933449565552814,0.022165681500327987,0.031939525311496235,0.011519173063162575
16.314089279635425,-0.02804728506109533,0.02757620218151041,0.023387411976724018,0.015707963267948967
16.359136710881284,-0.02970491327781232,0.024260076602721184,0.016580627893946133,0.017976891295541596
16.390946639937333,-0.04675402679042648,0.02652900463031381,0.027052603405912107,0.006806784082777886
16.426521593627513,-0.030786979381229637,0.01780235837034216,0.011344640137963142,0.016057029118347832
16.457029549671258,-0.028361483168211153,0.031939525311496235,0.011344640137963142,0.013439035240356337
16.493194972555195,-0.034771423606092415,0.022689280275926284,0.02530727415391778,0.014660765716752368
16.520099410554383,-0.04301261467789954,0.02199114857512855,0.031241393610698498,0.007330382858376184
16.546611000532426,-0.0317890499987984,0.017627825445142728,0.02949606435870417,0.013264502315156905
16.58659909344471,-0.02470004389011563,0.012566370614359171,0.024783675378319478,0.01710422666954443
16.613449349422048,-0.03585069438474931,0.014311699866353503,0.026703537555513242,0.010297442586766544
16.64466737546002,-0.03348515292816194,0.013089969389957472,0.024783675378319478,0.016929693744344994
16.680588137070313,-0.03704743394885055,0.014486232791552936,0.028274333882308142,0.011519173063162575
16.71199220324785,-0.03469903783252906,0.0008726646259971648,0.027052603405912107,0.016057029118347832
16.74273897574878,-0.03236152530933387,0.012740903539558606,0.011519173063162575,0.013613568165555772
16.78297192029149,-0.025341722248652783,0.0024434609527920616,0.009599310885968814,0.017453292519943295
16.81883389372171,-0.03185863348981424,-0.0022689280275926286,0.005235987755982988,0.0164060949687467
16.858830198883002,-0.02780886931517769,-0.0019198621771937625,-0.0022689280275926286,0.02234021442552742
16.894224400285765,-0.03140872088634017,0.0066322511575784525,0.011519173063162575,0.014486232791552936
16.934045892533636,-0.027399414884687064,0.009773843811168246,0.012915436464758038,0.020245819323134222
16.96084435356385,-0.03569725594725951,0.01064650843716541,0.017453292519943295,0.012915436464758038
16.996632992511596,-0.02288930369677282,-0.0015707963267948964,0.025656340004316644,0.024260076602721184
17.036936836882386,-0.03832425709455371,0.003141592653589793,0.021642082724729686,0.014486232791552936
17.076773996612513,-0.03141875426186415,0.016755160819145562,0.016231562043547264,0.019896753472735357
17.103565462199043,-0.02036650630274917,0.006457718232379019,0.02199114857512855,0.02303834612632515
17.13878804258345,-0.02999399727007958,0.021642082724729686,0.030368728984701335,0.019198621771937627
17.174764271787325,-0.036648362347267614,0.025656340004316644,0.02775073510670984,0.018500490071139894
17.206230263732156,-0.03447351056373792,0.01832595714594046,0.024609142453120045,0.020245819323134222
17.23747212747965,-0.03230954746520531,0.025132741228718343,0.039793506945470715,0.02076941809873252
17.273602248153388,-0.03899983997753908,0.02076941809873252,0.03665191429188092,0.016580627893946133
17.313307291714015,-0.032191516173548915,0.031939525311496235,0.04380776422505767,0.020071286397934793
17.34906196701617,-0.03890757510624715,0.03752457891787808,0.033510321638291124,0.01780235837034216
17.385029647800216,-0.045636152382208243,0.0317649923862968,0.035255650890285456,0.013089969389957472
17.420721928084014,-0.030021677892599585,0.021642082724729686,0.03630284844148206,0.024783675378319478
17.45662819447719,-0.03677520747378399,0.01884955592153876,0.03368485456349056,0.019722220547535925
17.492477254228298,-0.043541254786395936,0.011868238913561441,0.03298672286269283,0.014486232791552936
17.52372297844173,-0.04147075580871143,0.006108652381980154,0.021467549799530253,0.016231562043547264
17.55491485405182,-0.039411148125847756,0.007330382858376184,0.028623399732707007,0.013962634015954637
17.58610798128134,-0.03736243211254736,-0.002617993877991494,0.021642082724729686,0.017453292519943295
17.626152044392924,-0.030671552412871506,-0.009773843811168246,0.01117010721276371,0.019722220547535925
17.657648432729815,-0.02864616580951674,-0.032114058236695664,0.016057029118347832,0.017453292519943295
17.693026104634363,-0.03548479695798193,-0.0164060949687467,0.024434609527920616,0.013439035240356337
17.724318678890246,-0.03348200802698465,-0.031939525311496235,0.029845130209103034,0.014137166941154071
17.750966825750503,-0.025733982807462034,-0.03892084231947355,0.03717551306747922,0.02356194490192345
17.79133971407228,-0.04147035487772102,-0.039269908169872414,0.03385938748868999,0.0158824961931484
17.822587296904146,-0.039506504393043256,-0.04782202150464463,0.034557519189487726,0.01937315469713706
17.853840959222676,-0.0375535483681344,-0.05061454830783556,0.02652900463031381,0.019896753472735357
17.884860333482614,-0.03873351200550648,-0.05009094953223726,0.031066860685499065,0.024434609527920616
17.920755898988222,-0.0456682112394673,-0.04939281783143953,0.0307177948351002,0.01710422666954443
17.956470531615825,-0.05261542426622935,-0.04468042885105484,0.02199114857512855,0.011868238913561441
17.98733114740403,-0.028356082913556343,-0.04799655442984406,-0.0022689280275926286,0.030019663134302467
18.014428151815846,-0.04310347926027232,-0.04537856055185257,0.012915436464758038,0.020071286397934793
18.049684563553495,-0.02773482180992589,-0.0439822971502571,0.0017453292519943296,0.02757620218151041
18.080502281587144,-0.029026837787469815,-0.031939525311496235,0.011693705988362009,0.028448866807507574
18.11652296642306,-0.03920833771482347,-0.029670597283903602,0.013439035240356337,0.024434609527920616
18.14740369330987,-0.037377597677595645,-0.016755160819145562,0.031066860685499065,0.022689280275926284
18.17880531763479,-0.03873116447600943,-0.013788101090755204,0.015533430342749533,0.02600540585471551
18.210015975009544,-0.03692767160761728,-0.005934119456780721,0.020594885173533087,0.023911010752322315
18.241221406563223,-0.03831938399052134,-0.0,0.031241393610698498,0.028448866807507574
18.272236362240992,-0.03654314060569688,0.015707963267948967,0.041189770347066175,0.025132741228718343
18.31264480251644,-0.03336480697954357,0.018675022996339326,0.040317105721069016,0.026179938779914945
18.348531314879107,-0.04049310745275436,0.024783675378319478,0.0301941960595019,0.02600540585471551
18.37961896305059,-0.03875737048403662,0.040491638646268445,0.02652900463031381,0.022165681500327987
18.41964702510856,-0.03564444414263367,0.04328416544945937,0.027925268031909273,0.029845130209103034
18.451301030357456,-0.03715841724787976,0.046251225177849735,0.028274333882308142,0.02530727415391778
18.487242595903687,-0.04434840058696162,0.0471238898038469,0.02234021442552742,0.020943951023931952
18.52734793459714,-0.03807372873853892,0.058643062867009474,0.013089969389957472,0.027227136331111543
18.5541542895859,-0.030763951572564764,0.05009094953223726,0.007853981633974483,0.028274333882308142
18.594679668518225,-0.04688062530326792,0.04328416544945937,0.013962634015954637,0.019024088846738195
18.629701274682787,-0.03502016253426301,0.05131268000863329,0.015184364492350668,0.027925268031909273
18.661490837782114,-0.033398910700904026,0.03490658503988659,0.028099800957108706,0.02199114857512855
18.70150169206071,-0.030468138066499166,0.03874630939427412,0.02076941809873252,0.029670597283903602
18.73334614043269,-0.04796466957646261,0.020245819323134222,0.0164060949687467,0.014486232791552936
18.759779260774092,-0.04076383444340836,0.010995574287564275,0.029321531433504737,0.020943951023931952
18.799749710015305,-0.03461371998359411,0.006283185307179586,0.028099800957108706,0.02530727415391778
18.830777204641535,-0.03305480322556914,0.002617993877991494,0.03159045946109736,0.02408554367752175
18.862160106134354,-0.03479937536170811,-0.010297442586766544,0.041015237421866746,0.02303834612632515
18.897911439169807,-0.04216109290651937,-0.014311699866353503,0.019198621771937627,0.018675022996339326
18.9295193266297,-0.04064115077414701,-0.026179938779914945,0.02356194490192345,0.02356194490192345
18.951498445295822,-0.027958481955844376,-0.03420845333908886,0.03246312408709453,0.03508111796508603
18.991752152564363,-0.0442643761826561,-0.03577924966588375,0.025830872929516076,0.019198621771937627
19.018086499940814,-0.033889918728738574,-0.028972465583105872,0.021467549799530253,0.0291469985083053
19.0492619884584,-0.03574902660518718,-0.032114058236695664,0.03159045946109736,0.028623399732707007
19.085159597824696,-0.04653128609220612,-0.033161255787892266,0.034033920413889425,0.024434609527920616
19.116277733938777,-0.04509861737758175,-0.031415926535897934,0.025656340004316644,0.028623399732707007
19.147215681132923,-0.0470193199178831,-0.024609142453120045,0.026179938779914945,0.025132741228718343
19.178567425391293,-0.04561392881496633,-0.026703537555513242,0.041189770347066175,0.023387411976724018
19.209740871985986,-0.047572818959352434,-0.020071286397934793,0.019198621771937627,0.02879793265790644
19.241335268077354,-0.04955353107768414,-0.02652900463031381,0.013089969389957472,0.02356194490192345
19.2767052899337,-0.03474029337496247,-0.015009831567151233,0.01117010721276371,0.0317649923862968
19.303270915964298,-0.05021069257411058,-0.002617993877991494,0.00890117918517108,0.024434609527920616
19.335015448118877,-0.04887623286126376,-0.005585053606381855,-0.012740903539558606,0.019547687622336492
19.370804320600524,-0.05646433669538812,0.0024434609527920616,-0.00767944870877505,0.01832595714594046
19.406498759112633,-0.041704817052721645,0.00820304748437335,-0.0017453292519943296,0.02199114857512855
19.437747886661047,-0.04379777037429917,0.007504915783575617,-0.004886921905584123,0.019547687622336492
19.464454856213496,-0.052561562158726136,0.014835298641951801,-0.022863813201125717,0.012042771838760876
19.500066182016692,-0.060197281720128865,0.020943951023931952,-0.005759586531581287,0.010821041362364843
19.54054214148464,-0.054400876910807486,0.012217304763960308,-0.007155849933176752,0.008726646259971648
19.567759485824826,-0.04081382916982081,0.0029670597283903604,-0.023736477827122883,0.01117010721276371
19.60313357626385,-0.048479975803820005,0.0153588974175501,-0.038397243543875255,0.008552113334772215
19.635025829246405,-0.06274677525703459,0.007330382858376184,-0.027925268031909273,-0.0066322511575784525
19.66142073861625,-0.04915972751604632,0.021467549799530253,-0.03368485456349056,-0.00017453292519943296
19.697449646975926,-0.05340389003726922,0.013788101090755204,-0.04136430327226561,-0.006283185307179586
19.7287797114442,-0.04873244742738706,0.0153588974175501,-0.0471238898038469,-0.006981317007977318
19.75573373629502,-0.05405708762196274,0.015707963267948967,-0.03647738136668149,-0.011519173063162575
19.791209013694864,-0.054840211748445854,0.025830872929516076,-0.03752457891787808,-0.019198621771937627
19.82724300272601,-0.05561083543864571,0.014486232791552936,-0.04799655442984406,-0.019024088846738195
19.858579556611478,-0.047456517302348795,0.014835298641951801,-0.05358160803622592,-0.018675022996339326
19.889925775388136,-0.05817938546030106,0.022689280275926284,-0.06876597252857658,-0.031415926535897934
19.912521018654065,-0.0510617540413252,0.013439035240356337,-0.05759586531581288,-0.02775073510670984
19.948402198058385,-0.04829162343005716,0.009599310885968814,-0.057944931166211744,-0.035255650890285456
19.97516140357492,-0.05004416406944182,0.015184364492350668,-0.07382742735936015,-0.03682644721708035
20.006870832379,-0.03832261423448006,0.0012217304763960308,-0.08813912722571364,-0.03490658503988659
20.033790219388994,-0.040036051390019894,-0.0024434609527920616,-0.09896016858807849,-0.03700098014227979
20.069553171333155,-0.03717369168743191,-0.00017453292519943296,-0.11292280260403312,-0.03769911184307752
20.10066022443638,-0.047746172961259256,0.008377580409572781,-0.08918632477691024,-0.04537856055185257
20.13649553448935,-0.0413202934699697,0.006108652381980154,-0.06894050545377602,-0.04293509959906051
20.168161858530144,-0.048321278625169696,-0.01117010721276371,-0.07417649320975901,-0.05497787143782138
20.190318307793614,-0.03750413045619467,-0.003665191429188092,-0.07138396640656808,-0.0486946861306418
20.22200178157434,-0.04444390031681523,-0.013264502315156905,-0.08080874436733745,-0.05515240436302082
20.249118427116837,-0.04246288115550024,-0.018675022996339326,-0.07766715171374766,-0.05951572749300664
20.289332163841742,-0.041209272978926424,-0.008028514559173916,-0.07138396640656808,-0.0614355896702004
20.31639566120942,-0.039160035760981156,-0.01937315469713706,-0.04904375198104066,-0.0582939970166106
20.343300327188473,-0.03708256287099971,-0.017976891295541596,-0.05044001538263613,-0.05777039824101231
20.374652766553172,-0.040297583115735065,-0.002617993877991494,-0.057246799465414014,-0.06841690667817772
20.401638123282194,-0.034595176161330475,0.007504915783575617,-0.05183627878423159,-0.06649704450098395
20.4380866130181,-0.04659531284307405,0.003839724354387525,-0.05113814708343386,-0.07016223593017205
20.46469838599439,-0.04081110278210402,0.012740903539558606,-0.04799655442984406,-0.07051130178057091
20.496720360966393,-0.043852852543395195,-0.006283185307179586,-0.054105206811824215,-0.07016223593017205
20.523731861727327,-0.037990017363653816,-0.005759586531581287,-0.05515240436302082,-0.06876597252857658
20.554769828324783,-0.04094665372186487,0.02548180707911721,-0.05044001538263613,-0.07435102613495843
20.586957644838925,-0.043859090854613085,0.018675022996339326,-0.05550147021341968,-0.0762708883121522
20.6233682267919,-0.05197799599157482,0.022863813201125717,-0.03735004599267865,-0.08203047484373349
20.645657922418604,-0.037099946371522946,0.022863813201125717,-0.0307177948351002,-0.06981317007977318
20.67379769663803,-0.04978054289022883,0.00034906585039886593,-0.041189770347066175,-0.08517206749732328
20.70894337397822,-0.035380608371319205,0.024260076602721184,-0.034732052114687155,-0.0778416846389471
20.745426936889267,-0.04689362635070248,0.020594885173533087,-0.02408554367752175,-0.0804596785169386
20.77256505108747,-0.03706585401017572,0.019722220547535925,-0.028623399732707007,-0.07923794804054256
20.804180120527676,-0.03964948200375229,0.020594885173533087,-0.017976891295541596,-0.07504915783575616
20.832059170462127,-0.05208083104219152,0.016057029118347832,-0.015533430342749533,-0.08831366015091309
20.854904499316078,-0.05564426554056219,0.017627825445142728,-0.0015707963267948964,-0.08569566627292158
20.887007338902745,-0.05444669376812924,0.016231562043547264,-0.005061454830783556,-0.08744099552491591
20.91849701446732,-0.05319359007733773,0.027925268031909273,-0.007504915783575617,-0.08429940287132612
20.950485095660937,-0.051884929543942394,0.02303834612632515,-0.007155849933176752,-0.08744099552491591
20.982014706740213,-0.05052068732820259,0.027925268031909273,-0.012042771838760876,-0.08674286382411818
21.00536932861791,-0.053852474284901176,0.016929693744344994,-0.01117010721276371,-0.0895353906273091
21.037670883271296,-0.05238467126793474,0.01064650843716541,-0.026703537555513242,-0.08621926504851989
21.074214560798975,-0.059651877252370006,0.022165681500327987,-0.020071286397934793,-0.09337511498169664
21.105895991292616,-0.054384293311548274,0.03159045946109736,-0.023212879051524585,-0.0921533845053006
21.129324302564836,-0.0575235453898575,0.020594885173533087,-0.027227136331111543,-0.09389871375729493
21.15669274800543,-0.04705354170156833,0.00942477796076938,-0.03752457891787808,-0.09005898940290741
21.193140487558484,-0.0540824128069016,0.020594885173533087,-0.019722220547535925,-0.09302604913129776
21.22501622813228,-0.048573100720086144,0.025656340004316644,-0.014486232791552936,-0.09023352232810683
21.253019526085808,-0.06028736625242123,0.023736477827122883,-0.007330382858376184,-0.09651670763528643
21.285245420400255,-0.05465375516598373,0.009075712110370514,-0.010995574287564275,-0.09791297103688189
21.31276586284859,-0.043919585306931685,-0.008726646259971648,-0.012566370614359171,-0.08761552845011535
21.340526377164004,-0.05547926365851625,0.007853981633974483,-0.02129301687433082,-0.09512044423369097
21.372795125635715,-0.04966472156323731,-0.0006981317007977319,-0.0013962634015954637,-0.09686577348568529
21.404501645866652,-0.0475194433584689,0.007853981633974483,-0.013788101090755204,-0.09128071987930345
21.432914820533384,-0.05891993624149054,-0.0012217304763960308,-0.012391837689159739,-0.09442231253289324
21.469083043221442,-0.0430609206686844,-0.004363323129985824,-0.026179938779914945,-0.08761552845011535
21.497299606167648,-0.05060355336621063,-0.0020943951023931952,-0.016929693744344994,-0.0916297857297023
21.52913300240122,-0.04823195277882585,0.010297442586766544,-0.023387411976724018,-0.09354964790689607
21.56147823725445,-0.04580426547384585,0.0020943951023931952,-0.007504915783575617,-0.08970992355250854
21.58474547858189,-0.0482249435547044,0.0008726646259971648,-0.006806784082777886,-0.08656833089891874
21.617051227463943,-0.04569261676281567,-0.0027925268031909274,-0.017627825445142728,-0.08848819307611251
21.65416713104788,-0.051810264573361846,0.0027925268031909274,-0.0307177948351002,-0.09285151620609834
21.67769260742606,-0.05030448417929889,0.009599310885968814,-0.027925268031909273,-0.09564404300928926
21.70999318370854,-0.047601272557643085,0.005934119456780721,-0.016929693744344994,-0.0916297857297023
21.742237362272828,-0.04484182073499985,0.006283185307179586,-0.010471975511965976,-0.09058258817850572
21.765806733146633,-0.04697766042047971,0.0033161255787892262,-0.009250245035569947,-0.09145525280450287
21.803045681912156,-0.0489910012480706,0.010995574287564275,-0.025132741228718343,-0.09389871375729493
21.83503065381673,-0.04606030203018411,0.016057029118347832,-0.023911010752322315,-0.0932005820564972
21.867332655216394,-0.04307326042139099,0.01064650843716541,-0.010995574287564275,-0.08621926504851989
21.89153794043508,-0.04501321849893062,-0.006283185307179586,-0.0017453292519943296,-0.09302604913129776
21.923800437872828,-0.04192098948360024,-0.007504915783575617,-0.005934119456780721,-0.08656833089891874
21.9607612754944,-0.047433474432202416,0.007330382858376184,-0.010297442586766544,-0.08936085770210968
21.993316079522668,-0.04038485954761443,-0.0033161255787892262,-0.007853981633974483,-0.09075712110370514
22.01715651167016,-0.04212841176785285,-0.005235987755982988,0.010297442586766544,-0.09232791743050003
22.054563010939766,-0.04745505220286016,-0.0024434609527920616,0.010995574287564275,-0.0921533845053006
22.081936964912014,-0.03543091152569304,-0.0022689280275926286,-0.004014257279586958,-0.0788888821901437
22.11551988859224,-0.054311821208549625,0.00034906585039886593,-0.019896753472735357,-0.09721483933608416
22.143228664194734,-0.04218650743504784,-0.01710422666954443,-0.009599310885968814,-0.08813912722571364
22.175600136763315,-0.038642961399068324,-0.011693705988362009,-0.0020943951023931952,-0.08587019919812101
22.207855035001778,-0.03504280668670225,-0.0015707963267948964,-0.007155849933176752,-0.08429940287132612
22.24031016223114,-0.03526832829909829,-0.0041887902047863905,-0.01117010721276371,-0.08237954069413235
22.264292866214113,-0.03663444069518343,-0.0066322511575784525,-0.010995574287564275,-0.08115781021773633
22.30178999877866,-0.041490267134301075,-0.007853981633974483,-0.0041887902047863905,-0.08499753457212385
22.329201313905177,-0.0329617197313286,-0.0020943951023931952,0.010821041362364843,-0.07592182246175334
22.358001314232954,-0.04279673720445734,0.006457718232379019,-0.0024434609527920616,-0.08011061266653972
22.395705219000913,-0.04747870729277503,0.00820304748437335,0.0,-0.08429940287132612
22.42313791147693,-0.038817536553506726,0.006283185307179586,-0.0024434609527920616,-0.0762708883121522
22.44728855985446,-0.04382567718190831,0.005585053606381855,-0.007504915783575617,-0.07819075048934597
22.488442150022514,-0.03463391874354354,0.01064650843716541,-0.013613568165555772,-0.0757472895365539
22.512299789563418,-0.03955897348438635,0.015707963267948967,-0.017453292519943295,-0.07871434926494426
22.553531810147465,-0.034182712383485685,0.014486232791552936,0.003665191429188092,-0.07016223593017205
22.582690246873213,-0.04366469108151872,0.012391837689159739,0.0022689280275926286,-0.07906341511534314
22.60679721783079,-0.04846945908988799,0.0153588974175501,0.0029670597283903604,-0.0804596785169386
22.639117274953215,-0.04413534622694684,0.028448866807507574,0.0005235987755982988,-0.07923794804054256
22.675415559695807,-0.029975724587458744,0.014311699866353503,0.009250245035569947,-0.0736528944341607
22.704732908431364,-0.03925964297278926,0.014835298641951801,0.011519173063162575,-0.07801621756414652
22.733713214122627,-0.048492508240911995,0.02530727415391778,0.003490658503988659,-0.08377580409572781
22.761462229869775,-0.039360606236819466,0.01884955592153876,-0.004537856055185257,-0.07819075048934597
22.78548903395052,-0.03994970973344943,0.0307177948351002,-0.0033161255787892262,-0.07819075048934597
22.804694882952493,-0.035933793683696647,0.020943951023931952,-0.0012217304763960308,-0.07225663103256524
22.834025594848057,-0.04498743264878284,0.031939525311496235,0.02199114857512855,-0.08272860654453122
22.85296858207082,-0.04090801659634236,0.04014257279586959,0.015533430342749533,-0.07679448708775051
22.87731208796327,-0.04134144977845683,0.04345869837465881,0.010995574287564275,-0.0757472895365539
22.910356454136316,-0.04050831377096871,0.0328121899374934,0.016580627893946133,-0.07661995416255106
22.943337791767046,-0.03962946882672113,0.02111848394913139,0.019722220547535925,-0.07347836150896127
22.96723154400823,-0.03992970189032677,0.033510321638291124,0.006981317007977318,-0.07557275661135447
23.00506740152121,-0.047475977261438984,0.04223696789826278,0.014835298641951801,-0.07801621756414652
23.029340439625855,-0.04768378490566848,0.038397243543875255,0.02111848394913139,-0.0804596785169386
23.05726438569028,-0.03811061848577167,0.021467549799530253,0.00942477796076938,-0.07592182246175334
23.09013851806367,-0.03700344096636193,0.02111848394913139,-0.004886921905584123,-0.07435102613495843
23.10594799108268,-0.04235035883491897,0.02356194490192345,-0.018500490071139894,-0.0757472895365539
23.124935006438207,-0.037935537884260476,0.023212879051524585,0.00034906585039886593,-0.06998770300497262
23.146218243047382,-0.05575901038910639,0.016580627893946133,-0.0022689280275926286,-0.07958701389094143
23.168577854084738,-0.03751485363852807,0.0158824961931484,-0.008726646259971648,-0.06876597252857658
23.18780823697446,-0.03301648511991537,0.006981317007977318,-0.0153588974175501,-0.06876597252857658
23.203638623134434,-0.0422705937630452,0.020420352248333655,-0.008377580409572781,-0.07208209810736581
23.21978396312906,-0.047449406541223704,0.011693705988362009,0.01884955592153876,-0.0825540736193318
23.23882833782707,-0.04287217508676535,0.014311699866353503,0.030368728984701335,-0.07260569688296412
23.266560470356545,-0.032951318422430514,0.0033161255787892262,0.014137166941154071,-0.06859143960337716
23.29108766919622,-0.03678045076832581,-0.004363323129985824,-0.03298672286269283,-0.06824237375297829
23.307092398328024,-0.04590421135608041,-0.0015707963267948964,-0.007853981633974483,-0.07330382858376185
23.331168042075543,-0.04559838438591702,0.006806784082777886,0.012915436464758038,-0.07400196028455958
23.344982427743776,-0.036494561620207304,0.007330382858376184,0.0015707963267948964,-0.06719517620178168
23.378143151733035,-0.03485391588751851,0.007853981633974483,-0.025830872929516076,-0.06492624817418906
23.39457990079562,-0.03978845695509486,-0.003839724354387525,-0.03647738136668149,-0.07644542123735164
23.413761933628773,-0.0349792074307283,-0.002617993877991494,-0.009075712110370514,-0.07120943348136864
23.43273138879834,-0.030143185902441093,0.012566370614359171,-0.0054105206811824215,-0.06981317007977318
23.45708288006384,-0.03371523559393479,0.019896753472735357,-0.016231562043547264,-0.07330382858376185
23.476348997250415,-0.028821891385410713,0.024609142453120045,-0.025830872929516076,-0.06702064327658225
23.4929149843708,-0.03771238438362464,0.007155849933176752,-0.024609142453120045,-0.07260569688296412
23.51219407600308,-0.032767547871225065,0.01064650843716541,-0.025830872929516076,-0.07103490055616922
23.528534513689063,-0.03750387330264344,0.004014257279586958,-0.039793506945470715,-0.07993607974134029
23.56132419684387,-0.03551682895976715,0.009773843811168246,-0.012566370614359171,-0.07679448708775051
23.57757402317465,-0.040184698014626576,0.00820304748437335,-0.008028514559173916,-0.08168140899333462
23.596897756806566,-0.031001462975816744,0.01064650843716541,-0.004363323129985824,-0.08447393579652555
23.615831160476393,-0.025906844013063927,0.0301941960595019,-0.009948376736367679,-0.07679448708775051
23.646023942285094,-0.03345404817550389,0.025830872929516076,-0.012915436464758038,-0.0825540736193318
23.657428079378473,-0.029601456357967713,-0.0029670597283903604,-0.01710422666954443,-0.08587019919812101
23.687553286022162,-0.037060246919865814,-0.011693705988362009,-0.024783675378319478,-0.0895353906273091
23.712055873408634,-0.03608345594761448,0.0005235987755982988,-0.024609142453120045,-0.09197885158010118
23.744888451692752,-0.029603901263729963,0.025132741228718343,-0.021467549799530253,-0.08988445647770797
23.7668426764345,-0.03822502152292523,0.022165681500327987,-0.012042771838760876,-0.09704030641088474
23.786372306484612,-0.028741775372644073,0.014137166941154071,-0.009773843811168246,-0.09773843811168247
23.816810420322426,-0.031793268193953936,0.015009831567151233,-0.012391837689159739,-0.10349802464326374
23.8387459672959,-0.03611332848516268,0.01884955592153876,-0.02600540585471551,-0.11030480872604163
23.860850870097302,-0.040379631487631934,0.014311699866353503,-0.02600540585471551,-0.11746065865921838
23.88847014721595,-0.02104834568051862,0.013439035240356337,-0.015707963267948967,-0.11082840750163994
23.916156830340505,-0.03353975449676466,0.013788101090755204,-0.016057029118347832,-0.12095131716320703
23.94093673615092,-0.023771287803157796,0.02775073510670984,-0.020071286397934793,-0.11833332328521555
23.954980291096692,-0.03335248788293482,0.019722220547535925,-0.006806784082777886,-0.12985249634837812
23.98280296767451,-0.009605702243133033,0.017976891295541596,-0.011868238913561441,-0.12060225131280818
24.002366457251394,-0.02322133971464911,0.0006981317007977319,-0.015707963267948967,-0.13386675362796507
24.027460396099727,-0.013221262401168277,-0.012566370614359171,-0.010122909661567111,-0.12985249634837812
24.055331523340858,-0.021135835818428428,-0.015533430342749533,-0.0066322511575784525,-0.13788101090755203
24.085836403086464,-0.01508769630429905,-0.0153588974175501,-0.007504915783575617,-0.13526301702956053
24.124701117958864,-0.007554151271110951,-0.017453292519943295,-0.011868238913561441,-0.13421581947836395
24.147230603203468,-0.006949142941503401,-0.023387411976724018,-0.017278759594743863,-0.13945180723434694
24.177943860760283,-0.0006489592495586269,-0.032637657012293965,-0.019722220547535925,-0.13473941825396224
24.205808638266237,-0.008161771027318816,-0.01832595714594046,-0.008552113334772215,-0.14241886696273728
24.236796749208374,-0.0016931452986620316,-0.033161255787892266,-0.010821041362364843,-0.14381513036433277
24.270117495798207,0.01876790896781346,-0.02879793265790644,-0.011344640137963142,-0.13753194505715316
24.29831968374709,0.011502816422611894,-0.02495820830351891,-0.022514747350726852,-0.14416419621473162
24.32926600714856,0.01823033950345714,-0.020245819323134222,-0.009773843811168246,-0.14329153158873448
24.35194657930227,0.023593734780834485,-0.012915436464758038,-0.016580627893946133,-0.1476548547187203
24.380458254478953,0.016567460367169995,-0.0015707963267948964,-0.01884955592153876,-0.14974924982111348
24.4089643590718,0.013881693178519281,-0.0013962634015954637,-0.033161255787892266,-0.15446163880149816
24.439907567366,0.025214422810746713,0.008552113334772215,-0.038397243543875255,-0.1518436449235067
24.46314703808399,0.03089203874814739,0.0010471975511965976,-0.047472955654245766,-0.15847589608108512
24.489186318989603,0.018810018861199432,0.016929693744344994,-0.05672320068981571,-0.1682497398922534
24.52070359371181,0.030421548071801738,0.00767944870877505,-0.04904375198104066,-0.16545721308906244
24.54371501571944,0.036338460635683134,0.012740903539558606,-0.03508111796508603,-0.1610938899590766
24.564505910448034,0.03266819193903494,0.016057029118347832,-0.03735004599267865,-0.17453292519943295
24.59343811934205,0.034891987186913644,0.021467549799530253,-0.03961897402027128,-0.17697638615222502
24.62493616822981,0.05547195035599802,0.00820304748437335,-0.03577924966588375,-0.17558012275062956
24.645651721868592,0.05205703049223105,0.020594885173533087,-0.020943951023931952,-0.17540558982543014
24.675208824993113,0.05458090045868401,0.016580627893946133,-0.017976891295541596,-0.17610372152622786
24.704395186784403,0.05720697006662943,0.023911010752322315,-0.02757620218151041,-0.17819811662862106
24.73386468688947,0.05993547788214804,0.019722220547535925,-0.03735004599267865,-0.1747074581246324
24.763313851250572,0.06708920708681775,0.011868238913561441,-0.022689280275926284,-0.1843067690106012
24.79248808269487,0.07002844628424014,0.02548180707911721,-0.010995574287564275,-0.1773254520026239
24.82448519919259,0.08272150257552296,0.013439035240356337,-0.0481710873550435,-0.16772614111665507
24.8517390788142,0.07621664523329841,0.026179938779914945,-0.05497787143782138,-0.1752310569002307
24.881528511133958,0.0794660763772245,0.017627825445142728,-0.06056292504420324,-0.17575465567582899
24.913365587347982,0.0924653719498095,0.019547687622336492,-0.06928957130417489,-0.16667894356545848
24.943121664762593,0.09592111193119397,0.011868238913561441,-0.07976154681614087,-0.16598081186466074
24.972958462503428,0.0951220086500819,0.005759586531581287,-0.07592182246175334,-0.16493361431346415
24.996688660534897,0.10676768342801578,0.009599310885968814,-0.04799655442984406,-0.16196655458507378
25.03267089992723,0.0981758123677659,0.011868238913561441,-0.022863813201125717,-0.1673770752662562
25.056656417787064,0.10563219309540338,0.0054105206811824215,-0.015009831567151233,-0.1624901533606721
25.088566920429933,0.11921997245878271,-0.0008726646259971648,-0.020943951023931952,-0.1530653753999027
25.110601379790772,0.11282375024925019,0.006806784082777886,-0.005934119456780721,-0.15725416560468908
25.13471363608214,0.12051712976214018,0.013788101090755204,0.0022689280275926286,-0.15027284859671178
25.171186646697638,0.11242806104008066,0.00820304748437335,-0.020071286397934793,-0.1567305668290908
25.195833321934675,0.11589497838949858,-0.006283185307179586,-0.034732052114687155,-0.1473057888683214
25.225874827868253,0.11151761920089284,0.004537856055185257,-0.0317649923862968,-0.14102260356114182
25.255960286792888,0.11163403773280886,0.02495820830351891,-0.027925268031909273,-0.1476548547187203
25.280406774548634,0.11532655840653544,0.021467549799530253,-0.03647738136668149,-0.14172073526193957
25.311175056509157,0.11120194718339461,0.020245819323134222,-0.013439035240356337,-0.13980087308474579
25.34358331623445,0.12120060843152117,0.022165681500327987,-0.0010471975511965976,-0.1340412865531645
25.374377985010874,0.11724984060816628,0.014660765716752368,0.00890117918517108,-0.13683381335635544
25.403230715028894,0.09934265739037126,0.023911010752322315,-0.016580627893946133,-0.13718287920675432
25.435708930032373,0.10516637067607514,0.013613568165555772,-0.0015707963267948964,-0.13316862192716733
25.468191015053325,0.11551523915609438,0.003839724354387525,0.00942477796076938,-0.1265363707695889
25.50360928224531,0.08557055782386348,-0.0019198621771937625,0.005934119456780721,-0.13805554383275148
25.530156442547646,0.10392711031580697,-0.013962634015954637,-0.00034906585039886593,-0.12531464029319286
25.561103485676263,0.0960240056518053,-0.01780235837034216,0.01117010721276371,-0.12740903539558607
25.59998531716838,0.09443979937933249,-0.022863813201125717,0.028448866807507574,-0.12182398178920421
25.63253489174133,0.09628081270025184,-0.028099800957108706,0.021467549799530253,-0.11676252695842065
25.65751267871955,0.09640985477566291,-0.04136430327226561,0.0024434609527920616,-0.1153662635568252
25.68103610637401,0.07805698680068414,-0.054105206811824215,0.0322885911618951,-0.12025318546240932
25.71352533564445,0.08458027660342106,-0.052708943410228755,0.03508111796508603,-0.11327186845443199
25.744791288016675,0.07262626333742814,-0.05166174585903215,0.032114058236695664,-0.11327186845443199
25.765188018186883,0.08584617475066059,-0.056548667764616284,0.027925268031909273,-0.096342174710087
25.79628570232906,0.07400662787154116,-0.04991641660703782,0.03892084231947355,-0.09913470151327791
25.82157247679369,0.06548390693300987,-0.054628805587422516,0.039269908169872414,-0.096342174710087
25.848157361239704,0.07107391180151837,-0.05201081170943102,0.031939525311496235,-0.08464846872172499
25.872215653516754,0.04857048594342562,-0.06300638599699529,0.027401669256310976,-0.09337511498169664
25.898659588112796,0.05425112005417447,-0.049567350756638956,0.0307177948351002,-0.08429940287132612
25.925115701325627,0.05545290449358151,-0.041887902047863905,0.02879793265790644,-0.07801621756414652
25.957012091955377,0.03941581341412479,-0.041887902047863905,0.019896753472735357,-0.08360127117052839
25.977024606896,0.04842879765440751,-0.0307177948351002,0.02234021442552742,-0.07400196028455958
26.010375669914904,0.04202224801536136,-0.02949606435870417,0.023212879051524585,-0.06946410422937431
26.029465803231943,0.03702476943707024,-0.02356194490192345,0.028099800957108706,-0.06963863715457375
26.055018152208945,0.024338764315627367,-0.016057029118347832,0.015707963267948967,-0.07225663103256524
26.083519007577927,0.0352917076319754,-0.01937315469713706,0.003665191429188092,-0.06387905062299247
26.107329335875768,0.013152493034219443,-0.006981317007977318,0.012391837689159739,-0.07504915783575616
26.134143607055357,0.014654154163199705,0.00034906585039886593,0.00890117918517108,-0.07033676885537149
26.15436510289435,0.01932517438020377,0.013962634015954637,0.018500490071139894,-0.06370451769779303
26.180192661563645,0.006810962555192292,0.0164060949687467,0.023212879051524585,-0.06894050545377602
26.207564140794165,0.008415005208280582,0.012740903539558606,0.014137166941154071,-0.07051130178057091
26.234868869453205,0.010056559509166703,0.0024434609527920616,-0.009948376736367679,-0.06928957130417489
26.261740787725742,0.011735640903579637,0.005235987755982988,-0.007504915783575617,-0.06597344572538566
26.280505614132277,0.007043125870811537,0.0164060949687467,0.013613568165555772,-0.06719517620178168
26.307256387571538,0.008791950257215232,0.019547687622336492,0.00471238898038469,-0.06806784082777885
26.334603840973212,0.010578350981012018,0.00034906585039886593,-0.009075712110370514,-0.06859143960337716
26.353860985366804,0.005977141638398474,-0.004014257279586958,0.008377580409572781,-0.06859143960337716
26.380943369240807,0.007833392907135462,-0.008028514559173916,0.025830872929516076,-0.07103490055616922
26.408261852778573,0.009727269443208487,-0.01937315469713706,0.02600540585471551,-0.07278022980816354
26.42863728154091,0.019308000450342856,-0.019722220547535925,-0.006283185307179586,-0.0656243798749868
26.454555381252003,0.007181384172453422,-0.02652900463031381,0.00034906585039886593,-0.07103490055616922
26.47398708914844,0.0027309817511966404,-0.03159045946109736,0.009599310885968814,-0.07522369076095561
26.50083932076418,0.004764846330582652,-0.027052603405912107,0.018675022996339326,-0.07016223593017205
26.52793701482131,0.006836418077104001,-0.027401669256310976,-0.005235987755982988,-0.07766715171374766
26.55480347150253,0.013580789875497842,-0.025656340004316644,0.012740903539558606,-0.07382742735936015
26.574376989521856,0.009257987536807868,-0.026703537555513242,0.019198621771937627,-0.07592182246175334
26.600131049120197,-0.0026542129231035445,-0.023387411976724018,0.011519173063162575,-0.08063421144213803
26.62736117354374,0.0042146622035056265,-0.020071286397934793,-0.011693705988362009,-0.08098327729253689
26.654783075718626,0.011130780872638836,-0.024434609527920616,-0.006806784082777886,-0.08377580409572781
26.68084399544073,0.013437001686730406,0.007330382858376184,-0.003141592653589793,-0.07731808586334879
26.707593286936337,0.006342862836807024,-0.007504915783575617,-0.015533430342749533,-0.08744099552491591
26.72710648158356,0.006883437843041691,0.004363323129985824,-0.012391837689159739,-0.0895353906273091
26.75422024295055,0.01397644012542056,0.0041887902047863905,0.0015707963267948964,-0.08517206749732328
26.77923750984856,-0.0024147566867853323,0.00942477796076938,0.00017453292519943296,-0.1048942880448592
26.79985711199995,0.01702478709340016,0.014835298641951801,-0.02775073510670984,-0.09459684545809266
26.826057450349417,0.01483919978715793,0.017627825445142728,-0.029670597283903602,-0.10018189906447451
26.846255489385626,0.029684978004494815,0.024609142453120045,-0.028448866807507574,-0.09407324668249435
26.865379013179858,0.02104201667450265,0.007504915783575617,-0.024609142453120045,-0.10175269539126941
26.891663606793458,0.01900268826982312,0.010297442586766544,-0.022863813201125717,-0.10803588069844901
26.91845322229952,0.031127552272807783,0.02949606435870417,-0.041189770347066175,-0.10471975511965978
26.93092529908891,0.034849481718792055,0.022689280275926284,-0.03874630939427412,-0.10838494654884787
26.95088103504969,0.04048793122776854,0.010122909661567111,-0.041713369122664476,-0.10629055144645466
26.97769421635103,0.03865279479062803,0.003141592653589793,-0.041015237421866746,-0.11239920382843482
27.01113067709387,0.04819276494743796,0.015184364492350668,-0.06056292504420324,-0.11135200627723822
27.0234051122504,0.047366145683849815,0.012391837689159739,-0.06702064327658225,-0.11414453308042916
27.050935097191584,0.05980988237815353,0.0024434609527920616,-0.04729842272904633,-0.10716321607245184
27.070918566742307,0.06568073473283649,0.0006981317007977319,-0.033510321638291124,-0.10576695267085638
27.09013584238492,0.06220437329683869,-0.006806784082777886,-0.05811946409141117,-0.11850785621041497
27.109611708546108,0.06816103428434506,-0.014835298641951801,-0.06789330790257943,-0.10995574287564276
27.136740116025912,0.07143171796640603,-0.029845130209103034,-0.04974188368183839,-0.11239920382843482
27.156950490792656,0.07748224860055242,-0.04450589592585541,-0.028623399732707007,-0.11082840750163994
27.18269362977136,0.07612562498685939,-0.020594885173533087,-0.03700098014227979,-0.11100294042683936
27.19549069248778,0.0803338232245447,-0.038397243543875255,-0.051487212933832724,-0.11082840750163994
27.215300539824383,0.07239003913173526,-0.04799655442984406,-0.01710422666954443,-0.11397000015522972
27.23536225615031,0.07860990917981774,-0.04939281783143953,0.012217304763960308,-0.1090830782496456
27.25516397354894,0.08487176831847926,-0.038571776469074684,-0.003141592653589793,-0.10873401239924674
27.275411740751608,0.07705089240741322,-0.05637413483941684,-0.0153588974175501,-0.11362093430483085
27.29526643892165,0.0833961295359983,-0.046774823953448036,-0.005585053606381855,-0.10524335389525807
27.31445881208384,0.07565729421571249,-0.040317105721069016,0.02652900463031381,-0.10943214410004447
27.327613155577332,0.08012035740799225,-0.038571776469074684,0.03822271061867582,-0.10786134777324956
27.35458525987525,0.07442963446041645,-0.0317649923862968,0.02775073510670984,-0.102799892942466
27.374038367439056,0.06681407288103491,-0.0164060949687467,0.013613568165555772,-0.1059414855960558
27.3938434665429,0.05923954162772395,-0.020943951023931952,-0.01117010721276371,-0.10803588069844901
27.41422401023129,0.06583565149942289,-0.016231562043547264,0.00820304748437335,-0.09983283321407564
27.434381318880288,0.07247420239095631,-0.0153588974175501,-0.0033161255787892262,-0.096342174710087
27.45519530502774,0.07436361331888508,-0.016929693744344994,-0.009948376736367679,-0.09651670763528643
27.474832409372574,0.06695239917231706,-0.003141592653589793,0.004363323129985824,-0.09896016858807849
27.495136624727788,0.06891579647929026,0.003490658503988659,0.0024434609527920616,-0.09407324668249435
27.52256007299716,0.06838669458063135,0.004363323129985824,-0.018500490071139894,-0.09564404300928926
27.535338159392015,0.06362217303847917,0.011868238913561441,-0.024260076602721184,-0.0937241808320955
27.555194140842175,0.05637125833119774,0.013089969389957472,-0.026179938779914945,-0.10227629416686772
27.57622020922677,0.05848319093024082,0.0015707963267948964,-0.02408554367752175,-0.09407324668249435
27.59693844654328,0.06544701247166425,0.003839724354387525,-0.04363323129985824,-0.09337511498169664
27.617370418758824,0.06763390102071161,0.005934119456780721,-0.03752457891787808,-0.09756390518648302
27.638058107299567,0.07467988153482057,0.0012217304763960308,-0.02775073510670984,-0.09040805525330627
27.65808974314296,0.06280640074888386,0.004886921905584123,-0.02652900463031381,-0.09896016858807849
27.671614889637876,0.06307605962345636,-0.0033161255787892262,-0.033161255787892266,-0.10576695267085638
27.692463015805536,0.08437564180963679,-0.008726646259971648,-0.03577924966588375,-0.09389871375729493
27.713168077255514,0.0726092845836511,-0.01815142422074103,-0.029670597283903602,-0.09599310885968812
27.73390603131241,0.07985510191944417,-0.02181661564992912,-0.041887902047863905,-0.09756390518648302
27.747468352012117,0.08955190508740396,-0.0322885911618951,-0.02548180707911721,-0.09529497715889039
27.76848342543088,0.08273544110329292,-0.04485496177625427,-0.02111848394913139,-0.09913470151327791
27.789580207459643,0.08525019881665315,-0.052708943410228755,-0.0012217304763960308,-0.09407324668249435
27.81002226937357,0.08780101984722367,-0.044156830075456545,0.004886921905584123,-0.09285151620609834
27.823884574569643,0.08347532670075551,-0.05480333851262195,-0.0010471975511965976,-0.0932005820564972
27.845305626514175,0.10023099414741077,-0.062482787221396996,-0.009948376736367679,-0.08552113334772216
27.866154748608853,0.08874496381403808,-0.07312929565856241,-0.011344640137963142,-0.08970992355250854
27.879761683557433,0.08450255332007027,-0.07243116395776468,0.014137166941154071,-0.0921533845053006
27.894686586467525,0.089556112289177,-0.08901179185171082,0.033510321638291124,-0.08307767239493008
27.915482443950857,0.09230172355499992,-0.0804596785169386,0.03490658503988659,-0.08342673824532895
27.930312646579935,0.08326118390280182,-0.09197885158010118,0.051487212933832724,-0.08115781021773633
27.951178333131374,0.08119252300620261,-0.08709192967451705,0.05550147021341968,-0.08063421144213803
27.972822111476383,0.07915294660052657,-0.09878563566287905,0.060039326268604934,-0.07382742735936015
27.987277126411026,0.07017958957845423,-0.10559241974565693,0.07243116395776468,-0.07696902001294993
27.99445273257806,0.0683980980194576,-0.10105456369047168,0.08621926504851989,-0.07068583470577035
28.008698595754236,0.05457158137388173,-0.09232791743050003,0.09128071987930345,-0.06998770300497262
28.03097719461616,0.052625040497983576,-0.10157816246606999,0.0841248699461267,-0.06736970912698112
28.051983964251537,0.050707697712171,-0.08761552845011535,0.07696902001294993,-0.06736970912698112
28.073009487990458,0.04392208383382309,-0.0783652834145454,0.07086036763096978,-0.060039326268604934
28.08761979866168,0.04431045293504741,-0.06963863715457375,0.06754424205218056,-0.056025068989017976
28.101677647360532,0.030572167202677053,-0.05375614096142535,0.046949356878647465,-0.0582939970166106
28.1230435239842,0.03798634973553063,-0.03682644721708035,0.057944931166211744,-0.050265482457436686
28.14477200018646,0.017139785899301013,-0.02356194490192345,0.05393067388662478,-0.059341194567807204
28.15917618360795,0.017593965908995507,-0.005934119456780721,0.04782202150464463,-0.053232542185827056
28.179732537561605,0.01584485061500957,0.0158824961931484,0.03647738136668149,-0.06230825429619757
28.193799499583463,0.016334483528524544,0.02652900463031381,0.032114058236695664,-0.05445427266222309
28.214527903921883,0.014635523879907672,0.04380776422505767,0.027401669256310976,-0.058643062867009474
28.237184052815934,0.022182185110990883,0.03385938748868999,0.009599310885968814,-0.054279739737023644
28.250335721205825,0.008583903964990468,0.04642575810304917,0.015707963267948967,-0.05881759579220891
28.26449493258359,0.014072587161437,0.0439822971502571,0.015533430342749533,-0.059166661642607775
28.29318632723784,0.005367361637067803,0.03787364476827695,0.02949606435870417,-0.06859143960337716
28.306543151135777,0.020109296738550216,0.04206243497306335,0.026878070480712675,-0.05637413483941684
28.321122597731765,0.025664307088552992,0.03246312408709453,0.0158824961931484,-0.062482787221396996
28.342279275841236,0.024145727814023337,0.02495820830351891,0.01832595714594046,-0.0661479786505851
28.356869245131005,0.029744987354675456,0.012391837689159739,0.019024088846738195,-0.06632251157578453
28.370919166562413,0.021221816150934596,0.0041887902047863905,0.022165681500327987,-0.06824237375297829
28.38590686445327,0.036051210514402895,-0.014835298641951801,0.020245819323134222,-0.0619591884457987
28.406532890421275,0.03463232274671279,-0.008726646259971648,0.027227136331111543,-0.0651007810993885
28.42105072840542,0.035355339059320555,-0.012566370614359171,0.017627825445142728,-0.06544984694978735
28.435571245879576,0.04105313724163508,-0.019722220547535925,0.0013962634015954637,-0.06056292504420324
28.458057566819775,0.048887929270218886,-0.04084070449666731,-0.006457718232379019,-0.058643062867009474
28.472040448084837,0.040485570873831256,-0.041015237421866746,0.003665191429188092,-0.06387905062299247
28.486496027939967,0.04127648117116401,-0.05201081170943102,0.013264502315156905,-0.05759586531581288
28.501408830147888,0.05622429927797562,-0.05881759579220891,0.014660765716752368,-0.05375614096142535
28.522911825712193,0.049998519949811436,-0.05166174585903215,0.0066322511575784525,-0.05515240436302082
28.53739435409158,0.05083764456565743,-0.05759586531581288,0.00767944870877505,-0.05393067388662478
28.558921537022133,0.044652716553206184,-0.06440264939859076,-0.010821041362364843,-0.055326937288220246
28.567299706594532,0.052560466289596326,-0.07679448708775051,-0.018500490071139894,-0.050789081233034994
28.582233651766913,0.048459484097654756,-0.08115781021773633,-0.011693705988362009,-0.047647488579445195
28.596171792703675,0.04935559586333391,-0.0619591884457987,-0.020594885173533087,-0.047472955654245766
28.617728419694732,0.05239229560829328,-0.06021385919380437,-0.03944444109507185,-0.04310963252425994
28.63922380025984,0.055443829303547965,-0.053232542185827056,-0.0322885911618951,-0.040491638646268445
28.64675487661241,0.049265519489054055,-0.05393067388662478,-0.011344640137963142,-0.047472955654245766
28.66242596247645,0.04522159630248719,-0.054105206811824215,-0.014137166941154071,-0.045029494701453704
28.68400156765708,0.05331603267988266,-0.045553093477052,-0.02356194490192345,-0.04485496177625427
28.691035595329918,0.05630851171358843,-0.02949606435870417,-0.031939525311496235,-0.041713369122664476
28.71336792358901,0.05029477952356329,-0.025132741228718343,-0.027227136331111543,-0.046949356878647465
28.72696724929111,0.046298066959917075,-0.012740903539558606,-0.03595378259108319,-0.0466002910282486
28.741570014472355,0.05645279678530494,-0.015184364492350668,-0.020594885173533087,-0.03822271061867582
28.756445324046577,0.04334898876079089,-0.01064650843716541,-0.008377580409572781,-0.050789081233034994
28.772188192698817,0.0585429458075947,-0.017453292519943295,0.00017453292519943296,-0.04066617157146788
28.793576079784383,0.04759812933794932,-0.010297442586766544,-0.031241393610698498,-0.04921828490624009
28.808177872410855,0.06282303387006863,-0.013089969389957472,-0.03368485456349056,-0.04066617157146788
28.828946011204103,0.0519093437286482,-0.004363323129985824,-0.012915436464758038,-0.04380776422505767
28.843207488400967,0.053024153351309056,-0.0022689280275926286,-0.003141592653589793,-0.0471238898038469
28.858395986831745,0.0632630648802789,-0.013613568165555772,0.0015707963267948964,-0.03752457891787808
28.872460700432462,0.03612346185488337,0.0012217304763960308,0.003141592653589793,-0.05305800926062762
28.89576976848507,0.058589509782259776,-0.017627825445142728,-0.014311699866353503,-0.044156830075456545
28.910332061266697,0.06886557607914634,-0.027401669256310976,-0.018675022996339326,-0.033161255787892266
28.917818678546524,0.043697447070940636,-0.025132741228718343,-0.004537856055185257,-0.052534410485029326
28.93147582008567,0.04489473051528513,-0.012915436464758038,0.033161255787892266,-0.0466002910282486
28.952679979386428,0.04823900614207028,-0.007853981633974483,0.006806784082777886,-0.041015237421866746
28.966990921531366,0.049467474141440454,-0.004363323129985824,-0.010297442586766544,-0.045029494701453704
28.98355675323977,0.0456578907405173,-0.027227136331111543,-0.012740903539558606,-0.04276056667386108
28.99895516512994,0.04691392040147693,-0.039968039870670144,-0.013089969389957472,-0.0471238898038469
29.020060526313063,0.05031787341714548,-0.040317105721069016,0.012566370614359171,-0.038571776469074684
29.027350259696373,0.039349916169667556,-0.031939525311496235,0.017627825445142728,-0.04293509959906051
29.048563277791544,0.04784311444453103,-0.025656340004316644,0.019722220547535925,-0.04223696789826278
29.06340226364191,0.04409114526245385,-0.027052603405912107,0.009599310885968814,-0.039269908169872414
29.078250207064197,0.04034922304651259,-0.027401669256310976,-0.0029670597283903604,-0.04293509959906051
29.100907827993822,0.0347551861790685,-0.04223696789826278,0.0020943951023931952,-0.047647488579445195
29.108525628750396,0.03796990082673357,-0.04328416544945937,-0.016231562043547264,-0.041189770347066175
29.124588844900114,0.039337535863986375,-0.05235987755982989,0.006457718232379019,-0.041189770347066175
29.144569795001054,0.042854847775436605,-0.021642082724729686,-0.0013962634015954637,-0.040317105721069016
29.159167670477537,0.05330975312833792,-0.020943951023931952,-0.011344640137963142,-0.03804817769347639
29.17499553595697,0.035496558703534443,-0.03490658503988659,-0.009773843811168246,-0.04450589592585541
29.182694078777363,0.04383706962532984,-0.03822271061867582,-0.0024434609527920616,-0.04066617157146788
29.197277077831366,0.031133861604532114,-0.02949606435870417,0.01815142422074103,-0.05305800926062762
29.220076092627828,0.04885963450862016,-0.04258603374866164,0.010821041362364843,-0.044156830075456545
29.234945286570877,0.050326436064076316,-0.03822271061867582,-0.011519173063162575,-0.04450589592585541
29.242675279288612,0.030434462673942016,-0.03420845333908886,-0.009599310885968814,-0.05759586531581288
29.264184359997646,0.04820474700959773,-0.03560471674068432,-0.0027925268031909274,-0.046251225177849735
29.279824119594412,0.026541960563796305,-0.0328121899374934,-0.0010471975511965976,-0.06230825429619757
29.29577651044078,0.04220737491630344,-0.038397243543875255,0.006108652381980154,-0.054279739737023644
29.310701965440618,0.04375010126516795,-0.03822271061867582,0.005061454830783556,-0.05585053606381855
29.320792141457858,0.0380542565634386,-0.052185344634630454,-0.020420352248333655,-0.06091199089460211
29.34168870845828,0.037857438943471634,-0.03735004599267865,-0.017278759594743863,-0.0651007810993885
29.34848435054274,0.03730107043692159,-0.023736477827122883,0.010995574287564275,-0.06998770300497262
29.36448861583042,0.05304275226305722,-0.03543018381548489,0.009773843811168246,-0.06073745796940267
29.387460511285667,0.05291812626448475,-0.041189770347066175,-0.00471238898038469,-0.06335545184739416
29.394693115063145,0.03827087329084836,-0.022514747350726852,0.0006981317007977319,-0.0762708883121522
29.41044047514676,0.05017692210782367,-0.028448866807507574,-0.006981317007977318,-0.07731808586334879
29.425948298026025,0.042845518412038514,-0.026703537555513242,-0.01884955592153876,-0.07766715171374766
29.43976045834516,0.04967005856646219,-0.006981317007977318,-0.021467549799530253,-0.07958701389094143
29.45606371066192,0.04751301268635759,-0.005235987755982988,-0.014311699866353503,-0.08133234314293576
29.469719143069316,0.045382211041474295,0.019024088846738195,-0.018500490071139894,-0.08848819307611251
29.485651210477602,0.057411474701484826,0.009773843811168246,-0.045029494701453704,-0.08918632477691024
29.501234294509647,0.04634015711119331,0.018500490071139894,-0.034557519189487726,-0.09896016858807849
29.515843170240757,0.06356699273030297,0.016231562043547264,-0.04293509959906051,-0.10035643198967395
29.531612930449427,0.06669225827921121,0.01064650843716541,-0.052708943410228755,-0.1033234917180643
29.5454436217097,0.06984927143059702,0.030019663134302467,-0.053232542185827056,-0.10768681484805014
29.559925680381546,0.07818919924376427,0.029845130209103034,-0.028623399732707007,-0.11205013797803595
29.57513774235856,0.08141253027259564,0.0317649923862968,-0.05305800926062762,-0.11065387457644049
29.582982268523402,0.08246204607450519,0.0328121899374934,-0.04293509959906051,-0.12095131716320703
29.59823696702036,0.09090274872318438,0.02234021442552742,-0.045553093477052,-0.12269664641520137
29.61543236132502,0.10454137889729548,-0.0,-0.029845130209103034,-0.12479104151759457
29.624579448309703,0.09670640092681326,0.007330382858376184,-0.0164060949687467,-0.1387536755335492
29.63788824133833,0.11938368744444583,0.021642082724729686,-0.027925268031909273,-0.130201562198777
29.6539043272078,0.11901346156532609,0.01710422666954443,-0.0317649923862968,-0.13892820845874862
29.66853227065926,0.13281261333798064,0.01064650843716541,-0.029845130209103034,-0.1349139511791617
29.67722325078016,0.12510590269178953,0.003665191429188092,-0.015184364492350668,-0.14119713648634125
29.693222374303996,0.13898309733074377,-0.011519173063162575,-0.003665191429188092,-0.14241886696273728
29.705323861593268,0.13651421052449855,-0.027925268031909273,0.003141592653589793,-0.14782938764391973
29.71321521673032,0.15713796350167353,-0.02181661564992912,0.010821041362364843,-0.13945180723434694
29.728838193950473,0.1428915855067722,-0.003490658503988659,-0.012566370614359171,-0.1520181778487061
29.746280145854566,0.1621123060914001,-0.030019663134302467,-0.026703537555513242,-0.1457349925415265
29.761834256495614,0.16207972412708152,-0.03298672286269283,-0.023387411976724018,-0.14364059743913332
29.77130202265389,0.16871565457654258,-0.03769911184307752,0.0066322511575784525,-0.1392772743091475
29.78247185711733,0.16126296959407388,-0.03438298626428829,0.009250245035569947,-0.14538592669112765
29.791399199735906,0.16795119743215697,-0.027052603405912107,0.0033161255787892262,-0.14416419621473162
29.808578058593966,0.16807432383502485,-0.02530727415391778,-0.00034906585039886593,-0.14433872913993104
29.818275555386258,0.1800201506374323,-0.02181661564992912,0.01064650843716541,-0.14381513036433277
29.8290138708824,0.1726893571944321,-0.02757620218151041,0.00942477796076938,-0.1460840583919254
29.84571546778713,0.17293680952434073,-0.015184364492350668,0.008552113334772215,-0.14433872913993104
29.849790577829214,0.172220499046879,-0.019547687622336492,0.01815142422074103,-0.14119713648634125
29.860124521876635,0.17017798124597078,-0.0066322511575784525,0.00942477796076938,-0.1473057888683214
29.87195922401273,0.1629642321046869,-0.011519173063162575,0.00767944870877505,-0.1518436449235067
29.888153879970755,0.16857448532520963,-0.002617993877991494,0.026179938779914945,-0.1499237827463129
29.90659661209585,0.1742387556680171,-0.014311699866353503,0.01884955592153876,-0.15132004614790837
29.91138863101417,0.15952903294470377,-0.014486232791552936,0.02548180707911721,-0.15393804002589986
29.92134327038696,0.16287377835919598,0.00034906585039886593,0.04084070449666731,-0.16022122533307945
29.934288431696334,0.16104179998021095,-0.015009831567151233,0.03560471674068432,-0.16580627893946132
29.944600115660705,0.17333668933010743,-0.020245819323134222,0.02775073510670984,-0.15952309363228173
29.95522858610654,0.16270029783775167,0.0029670597283903604,0.03892084231947355,-0.16702800941585735
29.973321643562894,0.1738566876958866,0.0041887902047863905,0.045727626402251434,-0.16929693744344998
29.978770050415957,0.16450665171634452,0.0017453292519943296,0.030019663134302467,-0.1715658654710426
29.98797733051826,0.18216208113920485,0.01780235837034216,0.006981317007977318,-0.16650441064025906
30.00198071705007,0.17168937457055183,0.014137166941154071,-0.003141592653589793,-0.17872171540421936
30.007656787116492,0.17286273636053698,0.013788101090755204,0.003665191429188092,-0.18762289458939044
30.024018809158935,0.18949287116276012,0.0301941960595019,0.0006981317007977319,-0.18413223608540177
30.0291953184696,0.19073071175215636,0.038571776469074684,0.006108652381980154,-0.19146261894377797
30.047164166781652,0.1934035755367031,0.05288347633542819,-0.013788101090755204,-0.1970476725501598
30.051133806636162,0.21401383185096906,0.04537856055185257,-0.014660765716752368,-0.19128808601857852
30.06148589955453,0.22310804355182154,0.05061454830783556,-0.011519173063162575,-0.20088739690454732
30.077664362468134,0.21460285577080787,0.03298672286269283,-0.019547687622336492,-0.21991148575128552
30.08246976781825,0.24054516506674217,0.01780235837034216,-0.006981317007977318,-0.2183406894244906
30.088277320472177,0.23839693317746627,0.03246312408709453,0.024783675378319478,-0.22602013813326569
30.108109392903177,0.2519330088498197,0.030368728984701335,0.010821041362364843,-0.2314306588144481
30.11463706955686,0.2691765555772137,0.014137166941154071,-0.02879793265790644,-0.2398082392240209
30.120542914008542,0.2864504128590188,0.0013962634015954637,-0.03665191429188092,-0.23858650874762485
30.133620593277826,0.2975861632361499,0.0024434609527920616,-0.00820304748437335,-0.2504547476611863
30.13732694708508,0.29827100128077455,-0.020943951023931952,0.008377580409572781,-0.26162485487395
30.144923735489535,0.3156488561644656,-0.028274333882308142,0.02495820830351891,-0.2555162024919699
30.159352857385677,0.32343145326430633,-0.00820304748437335,0.019024088846738195,-0.2658136450787364
30.164551504937556,0.3601774218496746,-0.019722220547535925,0.02495820830351891,-0.2607521902479528
30.17426113381573,0.36891807935265686,-0.032114058236695664,0.030543261909900768,-0.2624975194999472
30.17620837180858,0.3784938134978524,-0.03944444109507185,0.03874630939427412,-0.25621433419276757
30.178750999293598,0.37932552330273117,-0.020071286397934793,0.03577924966588375,-0.2619739207243489
30.184804869422003,0.4021721887249992,0.0005235987755982988,0.04590215932745086,-0.2528982086139784
30.185167872193144,0.4117870998832912,0.011519173063162575,0.034557519189487726,-0.24993114888558798
30.195094344461374,0.4154448754376044,0.01710422666954443,0.028274333882308142,-0.2478367537831948
30.201666871976784,0.4331365972475888,0.02600540585471551,0.013264502315156905,-0.23649211364523168
30.200440804927087,0.4515314823627483,0.03961897402027128,0.017976891295541596,-0.2214822820780804
30.20948811634088,0.4500408144521347,0.056025068989017976,0.031241393610698498,-0.22270401255447644
30.211428802060812,0.4544873615710797,0.05846852994181004,0.0291469985083053,-0.22392574303087248
30.218764979210857,0.46177453169335037,0.06789330790257943,0.020245819323134222,-0.21432643214490368
30.218135298079353,0.46625604028694034,0.09005898940290741,0.022514747350726852,-0.21118483949131386
30.234516943341593,0.4677649131126982,0.08063421144213803,0.020943951023931952,-0.21415189921970423
30.239193873294482,0.4891174199992516,0.07853981633974483,0.021467549799530253,-0.19949113350295186
30.249288099221765,0.48260206862675803,0.07871434926494426,0.030543261909900768,-0.20106192982974674
30.250853880488865,0.4766498431892177,0.07976154681614087,0.031415926535897934,-0.19739673840055869
30.250806315895655,0.48464825527719524,0.08237954069413235,0.03577924966588375,-0.19146261894377797
30.261410243445972,0.47295941847468487,0.079412480965742,0.019722220547535925,-0.1911135530933791
30.263918986669577,0.4723301839726816,0.07504915783575616,0.006806784082777886,-0.19512781037296603
30.278023263970045,0.4828409367370683,0.06824237375297829,-0.011344640137963142,-0.18692476288859272
30.280199864145466,0.4769889141656468,0.06771877497737998,-0.013788101090755204,-0.19198621771937624
30.296363625412486,0.4736802861525221,0.06405358354819189,-0.015707963267948967,-0.1949532774477666
30.300627861679,0.4731651594410145,0.04904375198104066,-0.004886921905584123,-0.20088739690454732
30.306234495372983,0.45876351783389874,0.03944444109507185,-0.005585053606381855,-0.20804324683772407
30.310702461242713,0.4582884155739713,0.02199114857512855,-0.013264502315156905,-0.21537362969610027
30.319517254116608,0.47138394603424916,0.011693705988362009,-0.015533430342749533,-0.2186897552748895
30.323556942775003,0.47095825747342346,-0.0029670597283903604,-0.025830872929516076,-0.22008601867648495
30.330908492640877,0.46195647426960024,-0.017976891295541596,-0.039968039870670144,-0.22863813201125716
30.334397520948606,0.47214886856318505,-0.0164060949687467,-0.0041887902047863905,-0.23195425759004643
30.339343126127755,0.4770778696199445,-0.024434609527920616,0.01832595714594046,-0.23020892833805207
30.34442504654689,0.4820295864804823,-0.030543261909900768,0.023736477827122883,-0.22532200643246794
30.335164050005783,0.484168233100108,-0.027401669256310976,0.026878070480712675,-0.22706733568446227
30.340521614033207,0.48913584686210876,-0.023736477827122883,0.04345869837465881,-0.22532200643246794
30.34548766233198,0.4888402070021973,-0.013962634015954637,0.05235987755982989,-0.21624629432209744
30.34580422384585,0.48018703822682407,-0.009948376736367679,0.04328416544945937,-0.21642082724729686
30.35520577456891,0.4883198937565219,0.01117010721276371,0.05742133239061344,-0.2038544566329377
30.359350917382535,0.4880963407796807,0.026179938779914945,0.07487462491055674,-0.19966566642815128
30.374088798723264,0.47720243181060307,0.023387411976724018,0.06806784082777885,-0.2001892652037496
30.385205629069926,0.4854718413785877,0.016929693744344994,0.07330382858376185,-0.19634954084936207
30.39951549897978,0.47468719768010487,0.0164060949687467,0.08028514559173917,-0.19320794819577228
30.42045621966122,0.4893503455476347,0.02879793265790644,0.05445427266222309,-0.17959438003021652
30.4369248472814,0.4648979727943276,0.03961897402027128,0.04363323129985824,-0.19250981649497453
30.44733736158816,0.4680926886514097,0.039968039870670144,0.05515240436302082,-0.1864011641129944
30.468191865557316,0.4660273577900222,0.027401669256310976,0.0486946861306418,-0.19093902016817965
30.480051715058586,0.46933183947360657,0.014660765716752368,0.04345869837465881,-0.1858775653373961
30.501079094760193,0.4674096666545633,0.012042771838760876,0.04223696789826278,-0.19058995431778078
30.513769346659977,0.46550776475982003,-0.005235987755982988,0.02199114857512855,-0.1907644872429802
30.53242518607824,0.4690482847710459,0.014311699866353503,0.022863813201125717,-0.19146261894377797
30.54671718124788,0.45882587117233165,0.017453292519943295,0.04537856055185257,-0.19617500792416265
30.5618051776794,0.44866514899932575,0.020245819323134222,0.05619960191421741,-0.19617500792416265
30.576140647060882,0.4523052718669867,-0.006108652381980154,0.05497787143782138,-0.19826940302655582
30.584698267503214,0.4527692171586807,-0.009599310885968814,0.05846852994181004,-0.20158552860534507
30.600708485994932,0.4481098206964897,-0.005061454830783556,0.028099800957108706,-0.20245819323134223
30.61494627708323,0.443519913274342,0.010995574287564275,0.020594885173533087,-0.20786871391252465
30.63522623900495,0.4422500150185823,0.02076941809873252,0.024609142453120045,-0.20525072003453315
30.651735862049247,0.4378087793160077,0.016929693744344994,0.04293509959906051,-0.20961404316451898
30.665460104475684,0.4471348234386462,0.007504915783575617,0.03735004599267865,-0.20245819323134223
30.674221773651382,0.4478972369010329,0.00767944870877505,0.04241150082346221,-0.2085668456133224
30.690508365528714,0.4436461898056996,0.014660765716752368,0.0158824961931484,-0.2155481626212997
30.699407130006154,0.4498506209117882,0.0024434609527920616,0.011693705988362009,-0.21956241990088665
30.715987563565626,0.4457312128731722,0.006981317007977318,0.026703537555513242,-0.21485003092050198
30.736932195690958,0.455707445245805,0.012391837689159739,0.061086523819801536,-0.21642082724729686
30.74699459581489,0.4567250389612733,0.0041887902047863905,0.041887902047863905,-0.2181661564992912
30.76077665009983,0.44950157365866483,-0.006981317007977318,0.028448866807507574,-0.22130774915288098
30.764164718890576,0.4696027806874371,0.010297442586766544,0.025132741228718343,-0.21572269554649912
30.768436691692727,0.46203488670348153,0.009599310885968814,0.02757620218151041,-0.21851522234969006
30.77895530626234,0.4685700359127684,0.00017453292519943296,0.04206243497306335,-0.21799162357409177
30.78841120301919,0.469783681046103,0.00890117918517108,0.06894050545377602,-0.21153390534171276
30.788118664121768,0.47589965132347956,0.023911010752322315,0.06544984694978735,-0.205599785884932
30.794338482164868,0.4630627294981444,0.01832595714594046,0.07208209810736581,-0.20367992370773827
30.79108420716105,0.4774163408714941,0.028623399732707007,0.08063421144213803,-0.1916371518689774
30.795790382959602,0.46460700584968956,0.03665191429188092,0.08115781021773633,-0.1864011641129944
30.78917238289779,0.47018238153304165,0.030368728984701335,0.08901179185171082,-0.18081611050661253
30.78493849207314,0.4514378057415141,0.050265482457436686,0.09232791743050003,-0.1699950691442477
30.776245093146372,0.4516064232668285,0.07278022980816354,0.10227629416686772,-0.16545721308906244
30.769564822390382,0.4463884633765949,0.06824237375297829,0.09599310885968812,-0.1525417766243044
30.763037445675632,0.4357878150451682,0.06649704450098395,0.10384709049366261,-0.1445132620651305
30.75658388129303,0.42516934921625843,0.06841690667817772,0.10105456369047168,-0.1387536755335492
30.757255682783224,0.40982009751096377,0.07766715171374766,0.09023352232810683,-0.13945180723434694
30.74524274399048,0.40734641170148655,0.08779006137531478,0.07278022980816354,-0.12740903539558607
30.74515105968422,0.39199344720494633,0.11414453308042916,0.10192722831646885,-0.12880529879718153
30.742762010252576,0.3848046261396192,0.11693705988362008,0.11641346110802178,-0.11955505376161159
30.732802603838085,0.3769231474555562,0.10663961729685355,0.10559241974565693,-0.11554079648202462
30.736238376346304,0.356210186335121,0.08237954069413235,0.096342174710087,-0.11693705988362008
30.7386343753707,0.3578609242777217,0.07906341511534314,0.10716321607245184,-0.11414453308042916
30.73185049624417,0.3364430339366462,0.07417649320975901,0.09093165402890457,-0.11693705988362008
30.72822555926785,0.3292348216298015,0.08848819307611251,0.10437068926926091,-0.1153662635568252
30.725319943117537,0.3166665351303997,0.09546951008408983,0.12479104151759457,-0.1117010721276371
30.723904049493335,0.30945384173138274,0.09075712110370514,0.11065387457644049,-0.11484266478122689
30.715607364485148,0.3014806109979904,0.044156830075456545,0.09843656981248018,-0.11309733552923257
30.719898127726207,0.2807796992447965,0.009075712110370514,0.09389871375729493,-0.12409290981679684
30.713418000190323,0.2700200170170758,-0.00017453292519943296,0.09407324668249435,-0.13177235852557187
30.70369013365498,0.26735326877437676,-0.016929693744344994,0.09197885158010118,-0.12828170002158323
30.706020006250714,0.26901227417304835,-0.0041887902047863905,0.09808750396208132,-0.12112585008840648
30.69785086050924,0.266315539075051,-0.0291469985083053,0.10192722831646885,-0.12060225131280818
30.689012045983045,0.24658656334613305,-0.04642575810304917,0.0895353906273091,-0.12932889757277982
30.693383258790625,0.2482427309419519,-0.05707226654021458,0.08552113334772216,-0.12566370614359174
30.689750384689894,0.23205727368942397,-0.0788888821901437,0.07173303225696695,-0.12583823906879116
30.67973026110708,0.23463837204249854,-0.08011061266653972,0.07609635538695278,-0.12723450247038662
30.679743996767765,0.22736083243993166,-0.07347836150896127,0.08691739674931762,-0.1213003830136059
30.67535197648512,0.21113968666031366,-0.07435102613495843,0.0942477796076938,-0.12688543661998777
30.667602997355942,0.20831936876508098,-0.08761552845011535,0.08883725892651137,-0.12025318546240932
30.66099750081065,0.2054769794580195,-0.11030480872604163,0.07417649320975901,-0.11780972450961724
30.660670991767333,0.1981709819307921,-0.09756390518648302,0.04974188368183839,-0.11868238913561441
30.658762067905695,0.19086506061067077,-0.07173303225696695,0.028099800957108706,-0.11780972450961724
30.658625516952398,0.18355935990601832,-0.06283185307179587,0.013613568165555772,-0.12007865253720987
30.654592937195655,0.18429425607194896,-0.04852015320544237,0.024260076602721184,-0.1111774733520388
30.642407379870647,0.17240293610897073,-0.046251225177849735,0.003141592653589793,-0.11466813185602745
30.640221666583418,0.1731096953815887,-0.05288347633542819,-0.017453292519943295,-0.11449359893082803
30.640949776802145,0.1657786465347338,-0.03752457891787808,-0.030543261909900768,-0.11850785621041497
30.643790272746696,0.16744406289694516,-0.00767944870877505,-0.028274333882308142,-0.1207767842380076
30.63290455006666,0.164477287607382,0.01832595714594046,-0.03804817769347639,-0.12356931104119853
30.628126509229524,0.17049589931582257,0.02949606435870417,-0.006806784082777886,-0.1223475805648025
30.626608489937272,0.1594854014694702,0.009773843811168246,0.0066322511575784525,-0.1324704902263696
30.614655010452523,0.16980602360139657,0.005585053606381855,-0.031939525311496235,-0.12793263417118436
30.612054222483394,0.15876230427295845,0.00017453292519943296,-0.057944931166211744,-0.1382300767579509
30.61152538552097,0.16207431515186102,0.018675022996339326,-0.034033920413889425,-0.14556045961632708
30.609024160758366,0.1770718412447549,0.040317105721069016,-0.021467549799530253,-0.13997540600994524
30.596513920246874,0.17561587575911825,0.03961897402027128,0.0017453292519943296,-0.14503686084072878
30.588927113281127,0.17783721252843887,0.03543018381548489,0.029845130209103034,-0.1499237827463129
30.56920024441826,0.18055571093493847,0.024783675378319478,0.017627825445142728,-0.15219271077390556
30.568114519979382,0.17474841400875066,-0.004886921905584123,-0.010297442586766544,-0.16022122533307945
30.56366801217681,0.1912827627763883,0.0033161255787892262,-0.02530727415391778,-0.15550883635269477
30.546630375877537,0.18590557923155937,-0.0008726646259971648,-0.024609142453120045,-0.16720254234105678
30.541741644191166,0.20239619697293187,0.002617993877991494,-0.021642082724729686,-0.1624901533606721
30.52945588057484,0.22304614588734217,0.004886921905584123,0.0158824961931484,-0.1520181778487061
30.518707613244427,0.2042820812460777,0.003839724354387525,-0.003141592653589793,-0.17435839227423353
30.502936924214826,0.2157501737379749,-0.009075712110370514,-0.017453292519943295,-0.16493361431346415
30.501777527731658,0.21512053003528708,-0.02181661564992912,-0.03717551306747922,-0.17278759594743864
30.49402688873954,0.22770752277735792,-0.02303834612632515,-0.023212879051524585,-0.1715658654710426
30.48465243455626,0.2402682765039069,-0.00767944870877505,-0.011519173063162575,-0.16755160819145562
30.48154468211435,0.23428164637068155,0.006457718232379019,-0.014835298641951801,-0.16755160819145562
30.46996230201019,0.23766312869373982,0.017278759594743863,-0.006457718232379019,-0.1694714703686494
30.45902130128913,0.24100487781346083,0.012566370614359171,-0.0291469985083053,-0.17453292519943295
30.452718542123097,0.25345889508918534,-0.0029670597283903604,-0.046251225177849735,-0.16877333866785166
30.446469096786682,0.2435556657709442,-0.008028514559173916,-0.04293509959906051,-0.1790707812546182
30.446673872428217,0.2519629957463163,0.006806784082777886,-0.0291469985083053,-0.17889624832941878
30.446425838819064,0.2603777147383823,0.031939525311496235,-0.03787364476827695,-0.17383479349863523
30.434278263158397,0.26358711773758786,0.0460766922526503,-0.03490658503988659,-0.1752310569002307
30.427260737406854,0.2759450628792188,0.04886921905584123,-0.032637657012293965,-0.17243853009703977
30.422638588758492,0.26595763750055346,0.030368728984701335,-0.039095375244672985,-0.1806415775814131
30.422022409448424,0.27045441359274747,0.014660765716752368,-0.0466002910282486,-0.18291050560900574
30.419311689623708,0.27494565104960417,0.028099800957108706,-0.05393067388662478,-0.19146261894377797
30.418490973403376,0.2886476541100046,0.05044001538263613,-0.06632251157578453,-0.1884955592153876
30.40975084639972,0.3009217493885432,0.06894050545377602,-0.05811946409141117,-0.1837831702350029
30.404102724142177,0.29616589853467334,0.07225663103256524,-0.018675022996339326,-0.19250981649497453
30.39518264583677,0.30445870939943515,0.04328416544945937,-0.027227136331111543,-0.1895427567665842
30.38786779965215,0.2957080189796306,0.013613568165555772,-0.045553093477052,-0.2033308578573394
30.387314270603667,0.3001311998053658,0.0020943951023931952,-0.058643062867009474,-0.20682151636132803
30.385197251734628,0.31514594252772177,0.006981317007977318,-0.07103490055616922,-0.21118483949131386
30.379560126137104,0.34185474063788196,0.03543018381548489,-0.07417649320975901,-0.19722220547535926
30.37900471754764,0.3292757940206083,0.04782202150464463,-0.06265732014659643,-0.21066124071571557
30.37004615196961,0.34270148321652516,0.035255650890285456,-0.045553093477052,-0.20367992370773827
30.358384514873936,0.3467947748523073,0.002617993877991494,-0.061086523819801536,-0.21258110289290932
30.359789626577555,0.35645589505046854,-0.024260076602721184,-0.08866272600131195,-0.21118483949131386
30.35458104188797,0.3621009252045627,-0.016057029118347832,-0.08342673824532895,-0.21938788697568723
30.346533537398237,0.3847048750034986,0.005585053606381855,-0.06946410422937431,-0.2101376419401173
30.340666226172832,0.38502251905115303,0.03298672286269283,-0.0481710873550435,-0.21048670779051615
30.34005337087378,0.3946564856255075,0.04380776422505767,-0.02775073510670984,-0.21118483949131386
30.33171974999781,0.4025802112491848,0.0322885911618951,-0.011344640137963142,-0.20245819323134223
30.329141885139276,0.40285210846028147,0.022863813201125717,-0.0301941960595019,-0.20525072003453315
30.324299500142132,0.4031110752446104,0.04066617157146788,-0.046774823953448036,-0.20210912738094336
30.320087978001183,0.40335766484922797,0.0486946861306418,-0.056025068989017976,-0.21135937241651329
30.311428559486345,0.4205417825901976,0.08220500776893293,-0.046774823953448036,-0.19634954084936207
30.307610312073884,0.41547558711289356,0.09232791743050003,-0.024434609527920616,-0.1975712713257581
30.298926830034148,0.42324575772949685,0.09407324668249435,-0.04485496177625427,-0.19320794819577228
30.296675618110164,0.41814903683061866,0.07853981633974483,-0.06998770300497262,-0.19442967867216832
30.293565738364638,0.41832616249376686,0.07661995416255106,-0.06928957130417489,-0.2085668456133224
30.28675082108114,0.44070490043583116,0.08744099552491591,-0.06527531402458793,-0.19861846887695472
30.285290001175085,0.4449847416208045,0.11100294042683936,-0.03944444109507185,-0.19826940302655582
30.28406042740634,0.44927009195492573,0.13805554383275148,-0.020245819323134222,-0.19879300180215415
30.275083136999296,0.4621965801979021,0.13351768777756623,-0.006981317007977318,-0.1949532774477666
30.26144564119049,0.45095583423640706,0.11030480872604163,-0.011344640137963142,-0.20577431881013147
30.25663287349983,0.47323918129763465,0.10053096491487337,-0.027925268031909273,-0.20106192982974674
30.26046584135406,0.4605895142984974,0.08901179185171082,-0.05131268000863329,-0.21799162357409177
30.26277823682533,0.47958036614062743,0.10210176124166828,-0.04468042885105484,-0.21293016874330822
30.258676194613546,0.484961564964112,0.1223475805648025,-0.03246312408709453,-0.22165681500327988
30.251939012838104,0.5072185420107198,0.1382300767579509,0.00471238898038469,-0.2158972284716986
30.239778098760965,0.5157959665914083,0.1457349925415265,0.030019663134302467,-0.22357667718047364
30.243367630233994,0.5306121150401457,0.09075712110370514,0.010297442586766544,-0.2256710722828668
30.229282020709157,0.53491386221457,0.07016223593017205,0.019547687622336492,-0.23911010752322318
30.230559727040003,0.5549907160756775,0.05689773361501515,0.008028514559173916,-0.24364796357840843
30.221429077151228,0.5729291982471599,0.07208209810736581,-0.013439035240356337,-0.2345722514680379
30.21849375930403,0.5835009171049979,0.09250245035569947,0.012915436464758038,-0.24277529895241123
30.22256833272358,0.6078274928343639,0.10227629416686772,0.003141592653589793,-0.2345722514680379
30.218946438140303,0.6088902846367964,0.08604473212332044,0.004363323129985824,-0.24486969405480447
30.2112776158612,0.6320285337982134,0.08237954069413235,-0.0164060949687467,-0.24120450262561635
30.20114536281901,0.6455988475759041,0.0614355896702004,-0.03892084231947355,-0.24277529895241123
30.20273778506992,0.6656822479625811,0.062482787221396996,-0.03892084231947355,-0.244695161129605
30.200850957928285,0.6762307737811829,0.08970992355250854,-0.046251225177849735,-0.24120450262561635
30.193525957313565,0.6940100432705787,0.09512044423369097,-0.046251225177849735,-0.2331759880664424
30.19323496136552,0.7045480006640196,0.09599310885968812,-0.03804817769347639,-0.23561944901923448
30.186509638153872,0.7222878321075881,0.09529497715889039,-0.04345869837465881,-0.23212879051524585
30.18624239045336,0.7328176115126509,0.09040805525330627,-0.05235987755982989,-0.23439771854283845
30.185906454148757,0.7380846376140553,0.0895353906273091,-0.06213372137099813,-0.23212879051524585
30.178836687293902,0.7557773513503017,0.09773843811168247,-0.033161255787892266,-0.23439771854283845
30.17191343008616,0.773445524708022,0.10855947947404729,-0.016057029118347832,-0.2209586833024821
30.17263654549359,0.7787003107603113,0.09232791743050003,0.017453292519943295,-0.22636920398366456
30.16372738173223,0.7867255141452666,0.0879645943005142,0.028972465583105872,-0.22165681500327988
30.16180657647616,0.782356843039711,0.0841248699461267,0.022863813201125717,-0.22968532956245377
30.158730592973583,0.8043098364694682,0.06963863715457375,0.027227136331111543,-0.2192133540504878
30.15913962395034,0.8095599585511212,0.09040805525330627,0.054279739737023644,-0.2218313479284793
30.162631261692287,0.8191904468632368,0.11554079648202462,0.061086523819801536,-0.21537362969610027
30.1668226153067,0.8288419438943678,0.10646508437165411,0.06091199089460211,-0.2028072590817411
30.158744930165973,0.8315080331899811,0.11309733552923257,0.07435102613495843,-0.2040289895581371
30.148493670065694,0.8192316815305728,0.09704030641088474,0.04799655442984406,-0.20891591146372127
30.14585645997366,0.8411472282932855,0.0895353906273091,0.007155849933176752,-0.1980948701013564
30.154766970961095,0.8289119094954875,0.0958185759344887,-0.0015707963267948964,-0.20891591146372127
30.159443458339883,0.8333482345062792,0.11030480872604163,-0.018500490071139894,-0.20420352248333656
30.1519587379284,0.8359403792216761,0.11501719770642631,-0.009250245035569947,-0.2033308578573394
30.15691071394755,0.8456619071552128,0.1101302758008422,0.0027925268031909274,-0.2059488517353309
30.15698267220656,0.8360433033020918,0.07138396640656808,-0.034557519189487726,-0.21293016874330822
30.14996878404747,0.8385965323703507,0.038571776469074684,-0.06946410422937431,-0.2176425577236929
30.147560366431343,0.8298025483295871,0.02356194490192345,-0.08587019919812101,-0.23369958684204073
30.147817254264563,0.8307018874573632,0.012042771838760876,-0.08360127117052839,-0.24294983187761068
30.150725292158736,0.8413133331830028,0.04014257279586959,-0.07504915783575616,-0.24172810140121465
30.146559417362926,0.8587791213006517,0.028448866807507574,-0.04799655442984406,-0.2340486526924396
30.1425742615087,0.840260993944084,0.024783675378319478,-0.025656340004316644,-0.24940755010998972
30.143269049786152,0.8464348214816735,-0.005061454830783556,-0.02757620218151041,-0.24818581963359368
30.13478866573889,0.8444124140022295,-0.007853981633974483,-0.04729842272904633,-0.24207716725161352
30.13833342850767,0.8550560690047198,-0.015009831567151233,-0.04206243497306335,-0.24382249650360785
30.13979205227512,0.8559831864289267,-0.002617993877991494,-0.033335788713091695,-0.24015730507441974
30.141500385465694,0.8569227921545425,0.02949606435870417,-0.04974188368183839,-0.23230332344044527
30.136155938764606,0.859327329104501,0.041189770347066175,-0.033335788713091695,-0.22357667718047364
30.12858407671822,0.8572172165087358,0.0603883921190038,0.002617993877991494,-0.22130774915288098
30.135295790140514,0.8671568599785353,0.03787364476827695,0.018500490071139894,-0.21083577364091502
30.130242961609827,0.8695260431440088,0.02548180707911721,0.0,-0.20961404316451898
30.135236113787936,0.8697374644617364,0.04921828490624009,0.00767944870877505,-0.1975712713257581
30.131034263539263,0.8615758422646559,0.07400196028455958,0.029670597283903602,-0.19041542139258136
30.136657790884577,0.8565544255833825,0.09686577348568529,0.039793506945470715,-0.18343410438460403
30.13480472634074,0.852903963106393,0.09756390518648302,0.0460766922526503,-0.16231562043547265
30.14071387484438,0.8426529771754333,0.11082840750163994,0.06527531402458793,-0.1642354826126664
30.137092490784067,0.8292200028470237,0.11466813185602745,0.017627825445142728,-0.16283921921107095
30.145330974604093,0.8235247982801376,0.10873401239924674,0.005061454830783556,-0.14957471689591403
30.14479544616921,0.8146225026827603,0.13892820845874862,0.01710422666954443,-0.14538592669112765
30.153930756114118,0.803703451097453,0.14102260356114182,0.034732052114687155,-0.1434660645139339
30.15530136471883,0.8046077878363723,0.13997540600994524,0.04886921905584123,-0.1340412865531645
30.154781049686555,0.7904529010361562,0.13788101090755203,0.0582939970166106,-0.1296779634231787
30.161724931563548,0.7697804141567433,0.12636183784438945,0.05480333851262195,-0.13456488532876282
30.17086576614319,0.7589338924476474,0.11588986233242349,0.0603883921190038,-0.1403244718603441
30.168740044603634,0.7402522202678352,0.11414453308042916,0.038397243543875255,-0.14486232791552936
30.182919202248925,0.7437973708243711,0.11938052083641214,0.038397243543875255,-0.12531464029319286
30.18692792832945,0.7088428713189314,0.11344640137963143,0.025132741228718343,-0.14800392056911915
30.18699105796085,0.6999886564512757,0.11222467090323539,-0.003490658503988659,-0.14172073526193957
30.194603251606573,0.679421946825842,0.09983283321407564,-0.021467549799530253,-0.15009831567151233
30.202060352768896,0.6694158375108655,0.08499753457212385,-0.0471238898038469,-0.16196655458507378
30.200068286272053,0.6612953634786073,0.0656243798749868,-0.06806784082777885,-0.17453292519943295
30.20829041573927,0.6513270226869726,0.05707226654021458,-0.079412480965742,-0.182212373908208
30.214714266762027,0.6368257393093076,0.05305800926062762,-0.07103490055616922,-0.19058995431778078
30.222846193218338,0.6321846654457013,0.04328416544945937,-0.05759586531581288,-0.1980948701013564
30.230189682434393,0.6328491097175476,0.021467549799530253,-0.05619960191421741,-0.2033308578573394
30.23847854886723,0.6335484031503092,0.022863813201125717,-0.06632251157578453,-0.20769418098732523
30.23621467069542,0.6360247298006652,0.008028514559173916,-0.06318091892219473,-0.21205750411731106
30.244024253330156,0.6321998729306979,0.0328121899374934,-0.05061454830783556,-0.21746802479849348
30.241366341898402,0.6301034890412983,0.03892084231947355,-0.04886921905584123,-0.22619467105846514
30.240117135574415,0.6325784512483916,0.03647738136668149,-0.04537856055185257,-0.2192133540504878
30.246804543036447,0.6288083717602009,0.029670597283903602,-0.032637657012293965,-0.2275909344600606
30.25529159145239,0.6349380321292033,0.030368728984701335,-0.057944931166211744,-0.2281145332356589
30.25418851418146,0.6479961150234879,0.02949606435870417,-0.04921828490624009,-0.2314306588144481
30.261314957181213,0.6443156205017119,0.019547687622336492,-0.02949606435870417,-0.23195425759004643
30.262117549183525,0.65211084749746,0.04729842272904633,-0.007504915783575617,-0.2350958502436362
30.270417616562323,0.6537638686757483,0.05497787143782138,0.006806784082777886,-0.23788837704682714
30.271872315782733,0.6714607472263305,0.05445427266222309,-0.006981317007977318,-0.2281145332356589
30.270118571295363,0.6693889755222175,0.04904375198104066,0.0066322511575784525,-0.23230332344044527
30.276484640223448,0.6612294143994801,0.044156830075456545,0.016231562043547264,-0.24102996970041693
30.274771277848682,0.6743404342246836,0.017453292519943295,0.0066322511575784525,-0.23369958684204073
30.28542434996332,0.6807501100029415,0.0307177948351002,0.00820304748437335,-0.23561944901923448
30.29606973133772,0.6825895643647301,0.06998770300497262,-0.0029670597283903604,-0.2324778563656447
30.29589360888659,0.6805649267811379,0.08133234314293576,-0.012217304763960308,-0.23945917337362202
30.30632384649893,0.692377424502805,0.07557275661135447,-0.007155849933176752,-0.2309070600388498
30.30576416989234,0.6903743311037551,0.07435102613495843,-0.007330382858376184,-0.2309070600388498
30.30557997997712,0.6982846489827007,0.05515240436302082,0.004886921905584123,-0.23020892833805207
30.314710761449156,0.7002857464268744,0.044331363000655974,-0.0006981317007977319,-0.2399827721492203
30.32720864853844,0.7069677454381608,0.06754424205218056,-0.03543018381548489,-0.2335250539168413
30.32706123275304,0.7003815315316096,0.07382742735936015,-0.029845130209103034,-0.23841197582242543
30.332108970374343,0.7282078084740301,0.08080874436733745,-0.023911010752322315,-0.22532200643246794
30.339137915474637,0.7105082838280372,0.06527531402458793,-0.01884955592153876,-0.2452187599052033
30.347899426448027,0.7127130763711718,0.0466002910282486,-0.015184364492350668,-0.24364796357840843
30.348083120933136,0.716111536840732,0.039793506945470715,-0.024783675378319478,-0.24975661596038856
30.35223383102304,0.739390219313105,0.04886921905584123,-0.029670597283903602,-0.2415535684760152
30.36303644487495,0.7370668933840907,0.05637413483941684,-0.021467549799530253,-0.2506292805863857
30.37449477104784,0.7394445057335205,0.05742133239061344,-0.03787364476827695,-0.24940755010998972
30.374581976382157,0.7382702188180683,0.05567600313861911,-0.013264502315156905,-0.25987952562195565
30.37646305270749,0.7569962885817784,0.05009094953223726,-0.00471238898038469,-0.25394540616517497
30.376304124113336,0.7604902691659374,0.020245819323134222,-0.005061454830783556,-0.2581341963699614
30.389639528052324,0.7782805481291226,0.03159045946109736,-0.005585053606381855,-0.2553416695667704
30.399866969897882,0.7662716079549748,0.03752457891787808,-0.010297442586766544,-0.26145032194875056
30.402232058483392,0.7651873986654051,0.04991641660703782,-0.006457718232379019,-0.268082573106329
30.405734066768456,0.7840333449352048,0.054628805587422516,0.026703537555513242,-0.2605776573227534
30.407528439318305,0.8028982539730224,0.0322885911618951,0.034033920413889425,-0.25342180738957665
30.41945771086907,0.8109843077275204,0.025656340004316644,0.027227136331111543,-0.25342180738957665
30.41964823134909,0.794708116808333,0.017976891295541596,0.032637657012293965,-0.2609267231731523
30.424573741483943,0.8136513670855315,0.03822271061867582,0.03769911184307752,-0.25220007691318064
30.426910718072612,0.8027026694873717,0.045727626402251434,0.05811946409141117,-0.26668630970473356
30.441715119880257,0.8209541950466631,0.0466002910282486,0.07260569688296412,-0.25726153174396416
30.44495170945685,0.8346794691840608,0.03577924966588375,0.05742133239061344,-0.24678955623199822
30.457189530852087,0.8331012543729011,0.029845130209103034,0.03647738136668149,-0.25080381351158515
30.459377779570993,0.8269381200368374,0.023212879051524585,0.05131268000863329,-0.25237460983838006
30.463639507992312,0.8360830519974242,0.031241393610698498,0.06981317007977318,-0.2527236756887789
30.46884742407583,0.8499226635391509,0.03420845333908886,0.04293509959906051,-0.24399702942880727
30.48438646261929,0.8332580194128014,0.059341194567807204,0.030892327760299633,-0.24923301718479027
30.488967084799896,0.847170412956376,0.04310963252425994,0.02303834612632515,-0.2424262331020124
30.490576872379147,0.8311527208266483,0.017627825445142728,0.014835298641951801,-0.24556782575560218
30.50324122380291,0.8199641634241365,0.012042771838760876,0.031939525311496235,-0.260403124397554
30.507730997815482,0.833978743365665,-0.0015707963267948964,0.023911010752322315,-0.2515019452123829
30.513356523523555,0.8380334907532943,0.0010471975511965976,-0.017627825445142728,-0.2431243648028101
30.528630551375745,0.8270229091537931,0.010297442586766544,-0.020245819323134222,-0.25621433419276757
30.533108988553458,0.8264875819572605,0.0020943951023931952,-0.025132741228718343,-0.25987952562195565
30.538809084961095,0.830652643163733,-0.0022689280275926286,-0.003839724354387525,-0.25080381351158515
30.552663511042145,0.8298236896553195,-0.008377580409572781,0.022514747350726852,-0.2515019452123829
30.55642658616043,0.8194123104449008,-0.02076941809873252,0.006108652381980154,-0.2584832622203602
30.562169246579757,0.8236964986690004,-0.019896753472735357,-0.008552113334772215,-0.2483603525587931
30.56951142752632,0.8280142285861982,-0.0054105206811824215,-0.019722220547535925,-0.24364796357840843
30.585079527873713,0.8121180157899269,-0.0029670597283903604,-0.012391837689159739,-0.24591689160600103
30.59078199718053,0.8018651677228751,-0.003141592653589793,-0.012915436464758038,-0.2542944720155738
30.59664827840019,0.8109772261596634,-0.013962634015954637,-0.01937315469713706,-0.24033183799961916
30.60308299451644,0.8054619078598414,-0.006457718232379019,-0.016231562043547264,-0.2415535684760152
30.620855152574922,0.8098252388521247,0.0029670597283903604,-0.012566370614359171,-0.23684117949563052
30.636585931477985,0.7942778472865569,-0.0158824961931484,-0.024783675378319478,-0.24329889772800953
30.644119441617676,0.7889252322058627,-0.015533430342749533,-0.020071286397934793,-0.24347343065320898
30.652078750902174,0.7882701243898029,-0.016929693744344994,-0.022165681500327987,-0.2361430477948328
30.65931816258164,0.7976534214617934,-0.014486232791552936,-0.0460766922526503,-0.2281145332356589
30.664946493356503,0.7724213683308644,-0.039095375244672985,-0.0747000919853573,-0.23561944901923448
30.673743461456905,0.7672316763371572,-0.019198621771937627,-0.0661479786505851,-0.23771384412162772
30.69239120340005,0.7667468856208619,-0.013264502315156905,-0.04276056667386108,-0.23300145514124299
30.699818217060663,0.7563178153502939,-0.022689280275926284,-0.04380776422505767,-0.2335250539168413
30.70771033094422,0.7712833457644932,-0.02652900463031381,-0.030368728984701335,-0.2281145332356589
30.71642639846112,0.7609416412409544,-0.022689280275926284,-0.03438298626428829,-0.22741640153486117
30.723640242528266,0.7452888726073538,-0.04799655442984406,-0.03368485456349056,-0.22392574303087248
30.73333563027855,0.7250358050232464,-0.03700098014227979,-0.004363323129985824,-0.22741640153486117
30.742860920906786,0.7394665760276731,-0.020245819323134222,0.040317105721069016,-0.21083577364091502
30.75142056854973,0.7293033105245244,-0.034732052114687155,0.03944444109507185,-0.21362830044410594
30.7710712153632,0.7240106830620844,-0.030892327760299633,0.0466002910282486,-0.2075196480621258
30.78027493192896,0.7032331068915098,-0.03595378259108319,0.05288347633542819,-0.20472712125893486
30.78980358334613,0.6978623806987546,-0.040317105721069016,0.04939281783143953,-0.1970476725501598
30.799397185734872,0.6771711084484584,-0.04590215932745086,0.05777039824101231,-0.1980948701013564
30.81015656382054,0.6865127282434976,-0.025830872929516076,0.06841690667817772,-0.18448130193580065
30.820789837970597,0.6705306893266623,-0.02303834612632515,0.039793506945470715,-0.17959438003021652
30.83203012792987,0.6545884082715852,-0.016755160819145562,0.028623399732707007,-0.17558012275062956
30.842905679236857,0.6286914027982226,-0.01815142422074103,0.02111848394913139,-0.17505652397503124
30.85284259715627,0.622825011777323,-0.030543261909900768,0.011693705988362009,-0.16982053621904827
30.862955231175654,0.6016243732091208,-0.03595378259108319,0.01064650843716541,-0.16441001553786586
30.87518737503585,0.5858438490357786,-0.009773843811168246,0.014835298641951801,-0.16807520696705394
30.89814816172541,0.5651047802662804,0.016580627893946133,0.018675022996339326,-0.1682497398922534
30.899570734842005,0.5590149288769702,0.019722220547535925,0.010471975511965976,-0.16528268016386302
30.911596398367788,0.5479620141657634,0.01815142422074103,0.016929693744344994,-0.16318828506146982
30.923663386171537,0.532347000604472,0.021642082724729686,0.027401669256310976,-0.16615534478986016
30.932999083979958,0.5213729550906627,-0.011868238913561441,0.020594885173533087,-0.1637118838370681
30.95391343110766,0.5162998359992453,-0.020071286397934793,0.011519173063162575,-0.16929693744344998
30.968027811669778,0.5054210675533177,0.010297442586766544,0.017453292519943295,-0.16702800941585735
30.98099040342675,0.4899947992499106,0.005235987755982988,0.020594885173533087,-0.1741838593490341
30.992310838632115,0.4846007035347961,-0.017453292519943295,0.031415926535897934,-0.1741838593490341
31.004699544446122,0.4646847973989996,-0.034557519189487726,0.057246799465414014,-0.18605209826259553
31.01541873480331,0.4593836237682464,-0.05393067388662478,0.057944931166211744,-0.1827359726838063
31.026320404353825,0.4495536079310118,-0.08360127117052839,0.05009094953223726,-0.18692476288859272
31.04842739959567,0.44493750672501264,-0.08744099552491591,0.05689773361501515,-0.1843067690106012
31.0611418104061,0.45519061585307485,-0.07208209810736581,0.06771877497737998,-0.182212373908208
31.071942261276007,0.4500939179616005,-0.10297442586766545,0.07382742735936015,-0.1759291886010284
31.08463407655411,0.4350646813194356,-0.10088003076527226,0.08691739674931762,-0.17889624832941878
31.095086511315195,0.440040750778884,-0.12531464029319286,0.09285151620609834,-0.17208946424664087
31.107655526822015,0.41513134822877407,-0.1488765851951163,0.09512044423369097,-0.1858775653373961
31.119996867052734,0.41565324898596084,-0.1467821900927231,0.09407324668249435,-0.17784905077822216
31.133115939998056,0.41079822015473094,-0.1303760951239764,0.09756390518648302,-0.17435839227423353
31.143755412071133,0.4205058571180246,-0.14416419621473162,0.11082840750163994,-0.16144295580947549
31.1577545958406,0.3903650632661374,-0.14189526818713902,0.10245082709206714,-0.16720254234105678
31.169789601309866,0.3856520578829701,-0.14486232791552936,0.1069886831472524,-0.1708677337702449
31.1820697431895,0.3809887134335758,-0.15498523757709648,0.08848819307611251,-0.1651081472386636
31.19551340815998,0.3709334826925502,-0.14014993893514466,0.07312929565856241,-0.1609193570338772
31.209526147330006,0.3609237038553007,-0.11466813185602745,0.08290313946973066,-0.16266468628587152
31.221532623505492,0.3609252031103043,-0.1228711793404008,0.09250245035569947,-0.15533430342749532
31.23498313802333,0.35100595960684755,-0.11431906600562858,0.07923794804054256,-0.15550883635269477
31.259147823171922,0.33203136087817464,-0.10943214410004447,0.05044001538263613,-0.158824961931484
31.272255819754093,0.33218368361170125,-0.10192722831646885,0.04974188368183839,-0.1567305668290908
31.27615762208449,0.3215277344605803,-0.09965830028887622,0.04136430327226561,-0.15481070465189706
31.300705398510356,0.3127039415495453,-0.07312929565856241,0.04328416544945937,-0.15812683023068627
31.314023653708745,0.31299260701649956,-0.06806784082777885,0.04136430327226561,-0.15498523757709648
31.328384328586733,0.3033705075940038,-0.0656243798749868,0.02775073510670984,-0.15812683023068627
31.341989287610172,0.3037509388200933,-0.0645771823237902,0.023212879051524585,-0.15446163880149816
31.355758265169456,0.3041768937308891,-0.0582939970166106,0.010821041362364843,-0.1609193570338772
31.369868018295207,0.30464861211786204,-0.05096361415823442,0.013613568165555772,-0.1567305668290908
31.38405687928032,0.30516633354479505,-0.030368728984701335,0.015184364492350668,-0.1541125729510993
31.39869382789799,0.3057302973466009,-0.004363323129985824,0.023911010752322315,-0.1583013631558857
31.411765795405472,0.3108059539502326,-0.014486232791552936,0.01884955592153876,-0.14713125594312199
31.438109731568744,0.2981018108936413,-0.01832595714594046,0.007155849933176752,-0.16231562043547265
31.450676363782005,0.3132214621004892,-0.00890117918517108,-0.005934119456780721,-0.15341444125030157
31.46626865679579,0.30404243591991353,-0.012566370614359171,-0.027227136331111543,-0.15638150097869194
31.480297203976285,0.31479420096936583,0.008028514559173916,-0.016929693744344994,-0.15166911199830724
31.495598260512068,0.3156519012228211,0.027227136331111543,-0.01064650843716541,-0.15393804002589986
31.519309304366963,0.32211897331202904,0.009948376736367679,-0.020245819323134222,-0.15009831567151233
31.531585989559627,0.3429536988940736,-0.018500490071139894,-0.027401669256310976,-0.14241886696273728
31.557809677124986,0.32967780172849015,-0.021642082724729686,-0.013439035240356337,-0.15289084247470328
31.570815238604627,0.3451044680895251,-0.010122909661567111,-0.02303834612632515,-0.14067353771074298
31.58607459007044,0.34621968885126403,-0.008028514559173916,-0.014835298641951801,-0.14468779499032994
31.600502710464443,0.35179749316547154,0.008377580409572781,0.0041887902047863905,-0.14154620233674012
31.61572598525434,0.3474891764880996,-0.0033161255787892262,0.00034906585039886593,-0.1413716694115407
31.62952355724939,0.353149619699632,-0.024783675378319478,-0.01117010721276371,-0.1382300767579509
31.644000610447108,0.3533287298487512,-0.016580627893946133,-0.0015707963267948964,-0.13194689145077132
31.65834786948095,0.35906819492247827,-0.013962634015954637,-0.003839724354387525,-0.13316862192716733
31.662991773428313,0.35805956248768306,-0.011344640137963142,-0.0019198621771937625,-0.12897983172238095
31.677544776245842,0.35833683846454223,-0.0024434609527920616,0.021642082724729686,-0.12182398178920421
31.670917260355267,0.3659947539306292,-0.0033161255787892262,0.014835298641951801,-0.11850785621041497
31.66401475750676,0.3681116956396286,-0.02757620218151041,0.024434609527920616,-0.10978120995044333
31.648613107011244,0.35899440040676617,-0.03769911184307752,0.03560471674068432,-0.10681415022205297
31.62228800584886,0.3639600418460277,-0.029670597283903602,0.056548667764616284,-0.10559241974565693
31.594505165463573,0.3677458714271638,-0.04153883619746504,0.08203047484373349,-0.10053096491487337
31.56924002399026,0.3571728891776205,-0.05183627878423159,0.09564404300928926,-0.1033234917180643
31.533064493877326,0.3551086084559514,-0.041887902047863905,0.11362093430483085,-0.09197885158010118
31.494099113831496,0.36179127002389017,-0.05183627878423159,0.10053096491487337,-0.0715584993317675
31.4580327376758,0.3431167049970512,-0.06091199089460211,0.10663961729685355,-0.06702064327658225
31.410522002727376,0.33842718594374827,-0.06841690667817772,0.12514010736799341,-0.0661479786505851
31.375740973983948,0.3152364197227686,-0.07906341511534314,0.1457349925415265,-0.06981317007977318
31.32585200229174,0.3247658324608764,-0.06073745796940267,0.13194689145077132,-0.04991641660703782
31.2817301353354,0.2946286974433672,-0.027925268031909273,0.11135200627723822,-0.054105206811824215
31.233204607704813,0.288703127293355,-0.035255650890285456,0.10925761117484503,-0.03735004599267865
31.196012265480807,0.2742329729166327,-0.03944444109507185,0.10437068926926091,-0.03159045946109736
31.148998976391333,0.2583418872354113,-0.046251225177849735,0.10978120995044333,-0.030368728984701335
31.093495821791915,0.23111780223948478,-0.05061454830783556,0.10262536001726658,-0.03892084231947355
31.04258003866307,0.2394442049324518,-0.01780235837034216,0.08674286382411818,-0.015707963267948967
30.994471490490316,0.22795039451629254,0.008552113334772215,0.0635299847725936,-0.010471975511965976
30.956164232637285,0.2124407754453897,0.010471975511965976,0.08011061266653972,-0.0066322511575784525
30.899297619926653,0.1896186978687606,-0.020594885173533087,0.09180431865490173,-0.008552113334772215
30.844057390660204,0.15687613021181324,-0.013613568165555772,0.08726646259971647,-0.023736477827122883
30.784626940033448,0.15381574067187137,0.0006981317007977319,0.07976154681614087,-0.017627825445142728
30.723722814041654,0.15527251673324277,-0.0054105206811824215,0.06859143960337716,-0.010122909661567111
30.675584280427238,0.14368954932792682,0.007330382858376184,0.06213372137099813,-0.009599310885968814
30.616139354739445,0.13523547541167197,-0.009075712110370514,0.05811946409141117,-0.007330382858376184
30.54815893625498,0.12080386848999089,-0.023387411976724018,0.091106186954104,-0.011519173063162575
30.490176130594147,0.10776102815749514,-0.02495820830351891,0.0895353906273091,-0.01780235837034216
30.43076130110432,0.10459744107421787,-0.02495820830351891,0.09616764178488756,-0.016929693744344994
30.36145811937246,0.09999719370137583,-0.03944444109507185,0.07243116395776468,-0.020943951023931952
30.289377753180204,0.115170761275303,-0.039793506945470715,0.041887902047863905,-0.011519173063162575
30.221498425232504,0.10062288090155357,-0.03438298626428829,0.04799655442984406,-0.01815142422074103
30.152235191007364,0.09594981345228812,-0.028623399732707007,0.04310963252425994,-0.025132741228718343
30.092866372625206,0.09792760532311237,-0.026878070480712675,0.021642082724729686,-0.026878070480712675
30.02359166507251,0.0984359077699532,-0.035255650890285456,0.010122909661567111,-0.02600540585471551
29.964277338351966,0.09509755565470435,-0.05550147021341968,0.002617993877991494,-0.0301941960595019
29.895027649358134,0.09552465166931084,-0.04276056667386108,-0.029845130209103034,-0.032114058236695664
29.83419427670702,0.10723628807310097,-0.021467549799530253,-0.05044001538263613,-0.034732052114687155
29.77479733644415,0.10900969388131318,-0.009250245035569947,-0.029321531433504737,-0.03612831551628262
29.70692517864978,0.1045876294381414,-0.010122909661567111,-0.020420352248333655,-0.041189770347066175
29.637710541772766,0.10481604742178179,-0.027925268031909273,-0.019896753472735357,-0.0471238898038469
29.578376010330224,0.11161064389952031,-0.03769911184307752,-0.025656340004316644,-0.04904375198104066
29.517491567987264,0.12823602371670292,-0.016580627893946133,-0.033335788713091695,-0.046949356878647465
29.451068649370736,0.11365675918411577,-0.0017453292519943296,-0.04782202150464463,-0.062482787221396996
29.380307633393063,0.13381013075305567,-0.010122909661567111,-0.040317105721069016,-0.05375614096142535
29.322350047368737,0.13044482142916208,0.0010471975511965976,-0.02356194490192345,-0.0619591884457987
29.26449949022165,0.13212643210707486,-0.019896753472735357,-0.023911010752322315,-0.06632251157578453
29.205151777328517,0.14361554574975868,-0.03490658503988659,-0.04276056667386108,-0.06736970912698112
29.145805831379676,0.15502174899382207,-0.04153883619746504,-0.04450589592585541,-0.06667157742618339
29.076574205959396,0.15976635365756298,-0.03892084231947355,-0.040317105721069016,-0.06475171524898962
29.01864894558336,0.16112475081881614,-0.024434609527920616,-0.031415926535897934,-0.07086036763096978
28.95930838042341,0.17228677061540457,-0.026354471705114377,-0.034033920413889425,-0.0651007810993885
28.89168646492288,0.1719595907027092,-0.04328416544945937,-0.023387411976724018,-0.07225663103256524
28.825834465126636,0.16668640725484532,-0.08517206749732328,-0.031241393610698498,-0.08011061266653972
28.757248323972377,0.17604032683476506,-0.13281955607676849,-0.019198621771937627,-0.07173303225696695
28.698016198642044,0.18684296533367714,-0.10821041362364843,-0.005759586531581287,-0.07138396640656808
28.630296574340495,0.18613167954307927,-0.08063421144213803,-0.01937315469713706,-0.06876597252857658
28.56293972890569,0.19031064311629342,-0.09669124056048586,-0.010995574287564275,-0.0757472895365539
28.495595198334374,0.18939860686089174,-0.10157816246606999,-0.00890117918517108,-0.07731808586334879
28.407495485717245,0.2000753709827662,-0.12863076587198208,0.0019198621771937625,-0.07120943348136864
28.33898112708094,0.20882164951987037,-0.13055062804917586,0.01117010721276371,-0.06597344572538566
28.26362951468684,0.196135615586855,-0.12060225131280818,-0.021642082724729686,-0.07522369076095561
28.18471501362205,0.2030869301051283,-0.10000736613927509,-0.02548180707911721,-0.06911503837897545
28.105572484188034,0.2099278783558244,-0.0736528944341607,-0.019024088846738195,-0.06073745796940267
28.027268020107968,0.2117678706489064,-0.08272860654453122,0.005585053606381855,-0.05707226654021458
27.95399905125009,0.1887962486223256,-0.08883725892651137,0.004886921905584123,-0.07225663103256524
27.875201566420905,0.19532335064586434,-0.06370451769779303,0.005585053606381855,-0.06754424205218056
27.800033874862745,0.18685816062077287,-0.06946410422937431,0.011693705988362009,-0.07278022980816354
27.72112332522507,0.18831631624320683,-0.0603883921190038,0.019547687622336492,-0.0656243798749868
27.64198733724877,0.1945147909117525,-0.040317105721069016,0.020594885173533087,-0.0619591884457987
27.55723221501991,0.1792268006927307,-0.0466002910282486,0.02076941809873252,-0.0715584993317675
27.47682945899931,0.19506185714021512,-0.03787364476827695,0.008726646259971648,-0.06597344572538566
27.390130002922945,0.18939901875606685,-0.04520402762665313,0.027401669256310976,-0.06632251157578453
27.311650531432406,0.1903800275752918,-0.04939281783143953,0.0307177948351002,-0.0614355896702004
27.23722820197052,0.176312577701702,-0.07051130178057091,0.050265482457436686,-0.07208209810736581
27.160785805676415,0.17673521455546354,-0.07766715171374766,0.030019663134302467,-0.07103490055616922
27.079350319826304,0.1872857456491956,-0.04450589592585541,0.01884955592153876,-0.06824237375297829
27.000694695224393,0.19260704606523538,-0.04293509959906051,0.03438298626428829,-0.059864793343405505
26.91638935132777,0.17640679320403904,-0.06300638599699529,0.031066860685499065,-0.06928957130417489
26.828500671092073,0.17979256579852926,-0.07330382858376185,0.034557519189487726,-0.06771877497737998
26.752009097103098,0.17492061793058722,-0.08342673824532895,0.045029494701453704,-0.07295476273336297
26.67409327031819,0.17979113357411283,-0.08726646259971647,0.03944444109507185,-0.06370451769779303
26.600223388606384,0.15964446862661003,-0.06928957130417489,-0.0027925268031909274,-0.08203047484373349
26.516014986396186,0.1892018300663758,-0.05497787143782138,-0.005934119456780721,-0.06161012259539984
26.440111640400726,0.17866096348955024,-0.028099800957108706,0.00890117918517108,-0.07190756518216639
26.3662146103168,0.16338969392291716,-0.04590215932745086,0.010995574287564275,-0.07819075048934597
26.28981794250647,0.15785707694274514,-0.0471238898038469,0.0017453292519943296,-0.07417649320975901
26.211072921859206,0.16205945847516612,-0.03595378259108319,-0.005061454830783556,-0.06771877497737998
26.143290319751983,0.15808476387635936,-0.014660765716752368,0.00034906585039886593,-0.06946410422937431
26.07464734106563,0.16385637816516768,-0.012391837689159739,-0.0033161255787892262,-0.06597344572538566
26.007181187018496,0.159692886656948,-0.006981317007977318,-0.010471975511965976,-0.06754424205218056
25.940049978028014,0.15091121492779658,-0.003839724354387525,-0.010995574287564275,-0.0651007810993885
25.864586996142105,0.1349352811955206,0.0015707963267948964,0.0013962634015954637,-0.07243116395776468
25.805825291365384,0.14213904698675403,-0.009773843811168246,0.014137166941154071,-0.07016223593017205
25.736293689851017,0.14744657261337657,-0.0005235987755982988,0.02530727415391778,-0.06736970912698112
25.669528554119793,0.1428250420915354,-0.014311699866353503,0.04084070449666731,-0.07278022980816354
25.602797509582423,0.14257541345224298,-0.030019663134302467,0.040491638646268445,-0.07592182246175334
25.525992115369093,0.13591885243911758,-0.03700098014227979,0.05707226654021458,-0.07871434926494426
25.447642163366538,0.14342206315805994,-0.045029494701453704,0.062482787221396996,-0.08133234314293576
25.374896676182086,0.12130760807743361,-0.05515240436302082,0.04276056667386108,-0.09599310885968812
25.3028416333937,0.10789120166254255,-0.06824237375297829,0.03752457891787808,-0.11065387457644049
25.24038610556043,0.0961735027030497,-0.08325220532012953,-0.0005235987755982988,-0.11466813185602745
25.152955605405907,0.09577611432733114,-0.05166174585903215,-0.039968039870670144,-0.11449359893082803
25.075073167009368,0.11128647013052309,-0.053407075111026485,-0.028448866807507574,-0.11711159280881951
25.00822272779375,0.1187006531561234,-0.04345869837465881,-0.02775073510670984,-0.12636183784438945
24.947817235007694,0.10086221979066139,-0.03822271061867582,-0.041713369122664476,-0.14014993893514466
24.877703712174586,0.0852525457622706,-0.040491638646268445,-0.06859143960337716,-0.1476548547187203
24.811118208431985,0.0866633339067981,0.0027925268031909274,-0.04084070449666731,-0.14329153158873448
24.74169342318616,0.1031871641148769,0.0158824961931484,-0.031066860685499065,-0.13316862192716733
24.67790527329072,0.10854550454819215,0.005759586531581287,-0.010122909661567111,-0.1467821900927231
24.618830392325734,0.09410337751542681,-0.013613568165555772,-0.006806784082777886,-0.1642354826126664
24.53459140943156,0.09931467675042653,-0.014486232791552936,0.0027925268031909274,-0.16929693744344998
24.49621498745022,0.11563658408717065,0.020420352248333655,-0.003665191429188092,-0.15358897417550102
24.453777097093162,0.15143332290420383,0.03508111796508603,0.02129301687433082,-0.13264502315156906
24.40234191863147,0.13407166160622355,0.030368728984701335,0.05899212871740834,-0.14817845349431857
24.318533465247437,0.1341703427423247,0.010297442586766544,0.07312929565856241,-0.1518436449235067
24.24389029549253,0.13186305755799316,0.020594885173533087,0.046949356878647465,-0.14556045961632708
24.1847479786252,0.14753997593883073,0.07260569688296412,0.03647738136668149,-0.1488765851951163
24.11573849352703,0.16228550547331777,0.059341194567807204,0.011344640137963142,-0.14049900478554353
24.037897685323554,0.14610540597219476,-0.006457718232379019,0.031066860685499065,-0.16179202165987433
23.975067191022248,0.11225907658364033,-0.06492624817418906,0.04852015320544237,-0.18029251173101424
23.936759012709427,0.13147780166891027,-0.02879793265790644,0.007504915783575617,-0.16126842288427606
23.879838646364618,0.17351996349651524,0.05113814708343386,-0.041189770347066175,-0.13753194505715316
23.806180948072623,0.16981805235280387,0.028099800957108706,-0.03368485456349056,-0.14625859131712482
23.727168670895324,0.15247541648235016,0.02548180707911721,-0.02879793265790644,-0.16615534478986016
23.656747496008798,0.13707897503064279,0.05846852994181004,-0.05619960191421741,-0.1759291886010284
23.583920310871495,0.13118692636286827,0.0804596785169386,-0.06527531402458793,-0.18448130193580065
23.517339825431105,0.14678633509072683,0.07487462491055674,-0.07033676885537149,-0.182212373908208
23.44791476719745,0.1444950454549528,0.0066322511575784525,-0.054628805587422516,-0.1858775653373961
23.377533137134108,0.14193030658249253,-0.021642082724729686,0.02199114857512855,-0.19879300180215415
23.32349042133372,0.1534462193763042,-0.01815142422074103,0.04136430327226561,-0.19408061282176947
23.260748536192263,0.18987167569167937,0.03368485456349056,0.0164060949687467,-0.17784905077822216
23.18160599021092,0.17448490500531386,0.04014257279586959,0.00820304748437335,-0.1947787445225672
23.10756960248568,0.1846266787675603,0.046774823953448036,0.016057029118347832,-0.20176006153054452
23.038646201273135,0.1750408958242753,0.04921828490624009,0.012042771838760876,-0.21624629432209744
22.963162072774605,0.19428542246264613,0.044156830075456545,-0.0010471975511965976,-0.2158972284716986
22.893369424441694,0.19780613200485891,0.013439035240356337,-0.022689280275926284,-0.21938788697568723
22.83534894324209,0.19376540200035225,-0.004363323129985824,-0.02775073510670984,-0.22863813201125716
22.783591854289362,0.20162418349893924,0.0041887902047863905,-0.03577924966588375,-0.22898719786165606
22.74384415860507,0.20206564014659079,0.011519173063162575,-0.031241393610698498,-0.23230332344044527
22.6869489568186,0.22884526613748304,0.023212879051524585,-0.004363323129985824,-0.22636920398366456
22.61655286523298,0.23094615995497847,0.02199114857512855,-0.0322885911618951,-0.2309070600388498
22.555148412077475,0.23529223676213998,0.0439822971502571,-0.06073745796940267,-0.2335250539168413
22.508207100117218,0.2638549115895229,0.060039326268604934,-0.07120943348136864,-0.22654373690886398
22.4544935245553,0.2799477740827432,0.04904375198104066,-0.08150687606813518,-0.22252947962927702
22.40662355896756,0.2765033310320991,0.012042771838760876,-0.05497787143782138,-0.23474678439323735
22.346638045086202,0.27983431195869957,0.0019198621771937625,-0.009773843811168246,-0.22444934180647078
22.292991635284178,0.291313478808599,0.011693705988362009,0.006108652381980154,-0.21310470166850765
22.248369612517244,0.3052624227294958,0.04241150082346221,0.0041887902047863905,-0.2007128639793479
22.198009955732154,0.3028218081261689,0.03298672286269283,-0.021467549799530253,-0.20612338466053032
22.138413948805923,0.2974616803790113,0.013264502315156905,-0.01832595714594046,-0.1965240737745615
22.087427686494458,0.29461959729402565,0.031415926535897934,0.01117010721276371,-0.19390607989657
22.035135588354517,0.32894776453157987,0.047472955654245766,0.02600540585471551,-0.16545721308906244
21.975830136403943,0.31528043704479947,0.03595378259108319,-0.004363323129985824,-0.16877333866785166
21.903730814616324,0.3120574277412417,0.03647738136668149,-0.028623399732707007,-0.16929693744344998
21.81517720733157,0.29336489007789485,0.03944444109507185,-0.052534410485029326,-0.1752310569002307
21.74934436186166,0.27043113317533557,0.026354471705114377,-0.047472955654245766,-0.18360863730980345
21.703002396753803,0.2567449689604204,0.010297442586766544,-0.05637413483941684,-0.19006635554218249
21.663357153988635,0.2553267069973375,-0.0029670597283903604,-0.06370451769779303,-0.18465583486100007
21.594932267912544,0.24510567074861228,-0.01710422666954443,-0.053232542185827056,-0.1895427567665842
21.520026037122264,0.2500075555817154,0.003839724354387525,-0.006806784082777886,-0.18011797880581482
21.44785079820231,0.24508646734514586,0.04276056667386108,0.01832595714594046,-0.17383479349863523
21.379240982704484,0.23035790923148344,0.06806784082777885,0.010995574287564275,-0.1768018532270256
21.302132164885528,0.21244199577456718,0.04223696789826278,-0.004537856055185257,-0.18779742751458986
21.213181029853658,0.20453978096476338,-0.00890117918517108,0.026703537555513242,-0.1858775653373961
21.142559191518483,0.20226710287756242,-0.018500490071139894,0.08901179185171082,-0.1853539665617978
21.059621046462635,0.20258163116728453,-0.025656340004316644,0.11885692206081386,-0.17819811662862106
20.979898317708013,0.19307341395454786,-0.034732052114687155,0.09197885158010118,-0.1747074581246324
20.908072418268564,0.1899710531204445,0.020420352248333655,0.07679448708775051,-0.18971728969178364
20.828632676329235,0.18354172159270127,-0.004537856055185257,0.07679448708775051,-0.19792033717615698
20.75216390642659,0.1709112201819268,-0.021642082724729686,0.08726646259971647,-0.21048670779051615
20.6951131266461,0.16776394981659043,-0.03543018381548489,0.09005898940290741,-0.2139773662945048
20.637443163135238,0.18877768722803295,-0.014486232791552936,0.06754424205218056,-0.19792033717615698
20.588709023148194,0.1810841283260479,0.0008726646259971648,0.030019663134302467,-0.19896753472735357
20.54061643609481,0.14516813224445893,-0.0015707963267948964,0.007155849933176752,-0.21066124071571557
20.49351328097056,0.1126278724238466,-0.033510321638291124,-0.02356194490192345,-0.2202605516016844
20.410757654396654,0.14535177450315231,-0.021467549799530253,-0.015533430342749533,-0.19373154697137057
20.34118053626754,0.1715024061219442,-0.017278759594743863,-0.02356194490192345,-0.18238690683340747
20.281254369348737,0.16545625709046968,-0.017278759594743863,-0.03665191429188092,-0.19128808601857852
20.224733576420338,0.1287059088817658,-0.015533430342749533,-0.06091199089460211,-0.21991148575128552
20.162129198222942,0.11059907261892753,-0.027227136331111543,-0.06771877497737998,-0.22898719786165606
20.12251047904245,0.1396398568865069,0.019198621771937627,-0.00942477796076938,-0.21118483949131386
20.077911486548526,0.15577438432029378,0.01937315469713706,0.023736477827122883,-0.20053833105414848
20.030937114873737,0.14953550695194673,0.006108652381980154,0.05288347633542819,-0.2075196480621258
19.98130477571118,0.15252261323166266,-0.009250245035569947,0.06283185307179587,-0.2097885760897184
19.905120743269492,0.16391494271044327,-0.0008726646259971648,0.07033676885537149,-0.2028072590817411
19.83943096335659,0.15025249800089088,0.0027925268031909274,0.09721483933608416,-0.21153390534171276
19.777043470245882,0.15852762364052086,-0.015707963267948967,0.09826203688728075,-0.204378055408536
19.716876027886023,0.15370656876561695,0.010122909661567111,0.08569566627292158,-0.20141099568014564
19.641217819066917,0.16741685040471305,0.012042771838760876,0.07557275661135447,-0.19914206765255302
19.560444525681643,0.1679656429035169,-0.014835298641951801,0.0656243798749868,-0.20629791758572977
19.522258603601614,0.11634859436847274,-0.005061454830783556,0.03438298626428829,-0.24713862208239706
19.465947456905546,0.13956666041753463,-0.012566370614359171,-0.019547687622336492,-0.2335250539168413
19.39957241127881,0.1589975795778202,-0.004363323129985824,-0.027401669256310976,-0.22060961745208327
19.327417848114617,0.16185787021818648,0.01884955592153876,0.02548180707911721,-0.22200588085367873
19.254504060436137,0.14552624425854713,-0.0017453292519943296,0.008377580409572781,-0.22252947962927702
19.178213731502066,0.10994969325876863,0.019024088846738195,-0.03787364476827695,-0.23823744289722598
19.12464680194567,0.12242921910150767,0.05951572749300664,-0.10611601852125524,-0.22549653935766736
19.05819375279146,0.11808089052778652,-0.00471238898038469,-0.10053096491487337,-0.22968532956245377
18.983867268769096,0.08481379801875837,-0.04799655442984406,-0.010471975511965976,-0.2619739207243489
18.93578442633397,0.09378671850935308,-0.05061454830783556,0.028274333882308142,-0.260403124397554
18.880784095933755,0.1367722907478277,-0.0022689280275926286,-0.03647738136668149,-0.22549653935766736
18.813743621091977,0.1502154758626281,0.05637413483941684,-0.059166661642607775,-0.21711895894809458
18.742859295113444,0.10305757194993531,0.056025068989017976,-0.034732052114687155,-0.2542944720155738
18.670565118229927,0.09362754050443825,0.04136430327226561,0.009948376736367679,-0.26616271092913524
18.591534557746204,0.09904957621055786,0.004537856055185257,0.04345869837465881,-0.2647664475275398
18.50900931402075,0.11329505661573608,-0.031241393610698498,0.07504915783575616,-0.25883232807075907
18.446561336086404,0.10326185050816328,-0.02495820830351891,0.05707226654021458,-0.2631956512007449
18.398862648440183,0.10986560794274793,-0.025656340004316644,0.049567350756638956,-0.2647664475275398
18.350429681704092,0.11621950516363455,-0.007853981633974483,0.05201081170943102,-0.2686061718819273
18.293534537857507,0.14072323855488417,0.031241393610698498,0.0656243798749868,-0.256388867117967
18.222027751705948,0.1255364325378266,0.03438298626428829,0.06946410422937431,-0.26703537555513246
18.178374000852973,0.12188251259545181,0.04363323129985824,0.024434609527920616,-0.26406831582674206
18.13320513229066,0.09567241126708309,0.07051130178057091,-0.06405358354819189,-0.27436575841350863
18.068102728508908,0.09584063930844032,0.02548180707911721,-0.1244419756671957,-0.2673844414055313
18.02138431301088,0.10058623806300708,-0.017278759594743863,-0.11868238913561441,-0.25865779514555964
17.981234217616674,0.0676132106880577,-0.014835298641951801,-0.09285151620609834,-0.2806489437206882
17.929790953594473,0.08100333093962318,0.01064650843716541,-0.05480333851262195,-0.2715732316103177
17.847302108389293,0.09089625688994263,0.028274333882308142,-0.0651007810993885,-0.26965336943312396
17.76860735271553,0.09125584353768693,0.06318091892219473,-0.07749261878854824,-0.2647664475275398
17.73064649315436,0.10186047611685048,0.09250245035569947,-0.0825540736193318,-0.272096830385916
17.684065985330548,0.104981177398407,0.07766715171374766,-0.07522369076095561,-0.2724458962363149
17.637859327507865,0.08858618987569498,-0.018500490071139894,-0.010995574287564275,-0.27872908154349446
17.568031185194275,0.07250959042664346,0.015184364492350668,0.0942477796076938,-0.2827433388230814
17.518130186458496,0.10622874915368086,0.02652900463031381,0.12897983172238095,-0.2621484536495483
17.45943379808375,0.1323550490174972,0.020245819323134222,0.07487462491055674,-0.24329889772800953
17.39511900263608,0.12554163280849526,0.03543018381548489,0.024434609527920616,-0.25656340004316647
17.330798391468985,0.07670291980435859,0.0013962634015954637,0.0010471975511965976,-0.2857103985514718
17.28465495008852,0.042255289028017895,-0.01884955592153876,-0.012566370614359171,-0.3089232776029963
17.238786254378535,0.049230444423068384,0.015707963267948967,-0.023736477827122883,-0.29269171555944906
17.189164281714962,0.10063100315385233,0.0328121899374934,-0.0471238898038469,-0.25028021473598683
17.126140736206146,0.11160176152447429,0.02076941809873252,-0.04642575810304917,-0.2424262331020124
17.063335595746047,0.08052170970445047,-0.0066322511575784525,-0.07138396640656808,-0.2686061718819273
17.013741494005725,0.050589239845081166,0.007853981633974483,-0.08936085770210968,-0.2893755899806599
16.95996019032716,0.04869151931920507,0.01064650843716541,-0.10978120995044333,-0.2881538595042638
16.910327221774722,0.08230110157408634,0.021467549799530253,-0.06789330790257943,-0.27314402793711257
16.84800250124819,0.07526079705207812,-0.0017453292519943296,-0.01832595714594046,-0.27698375229150013
16.799452203708157,0.06356636245813811,-0.01884955592153876,0.026703537555513242,-0.2844886680750757
16.746383434747095,0.06339893862891871,-0.02181661564992912,0.03822271061867582,-0.2879793265790644
16.698110680920937,0.0511417161883092,-0.02548180707911721,0.03246312408709453,-0.29269171555944906
16.649431012855295,0.06097107357029504,-0.02408554367752175,0.019547687622336492,-0.28082347664588764
16.59632710378287,0.05701102915814244,-0.00820304748437335,0.046774823953448036,-0.2802998778702893
16.557209235582057,0.05153106744034752,-0.005061454830783556,0.06527531402458793,-0.2794272132442922
16.504980441183054,0.044132919987313855,-0.021642082724729686,0.07347836150896127,-0.27576202181510406
16.45280283002887,0.03933240679734577,-0.02199114857512855,0.04939281783143953,-0.27523842303950574
16.40081101159532,0.03424081308697334,-0.027925268031909273,0.012217304763960308,-0.27872908154349446
16.348856554282754,0.02885897334256651,-0.031939525311496235,-0.014486232791552936,-0.27576202181510406
16.310691424650727,0.019261162455323128,-0.04066617157146788,-0.010297442586766544,-0.27820548276789614
16.259245662511255,0.013339306995242928,-0.05166174585903215,-0.0012217304763960308,-0.27611108766550296
16.22043591300631,0.02278551447710779,-0.05201081170943102,0.005759586531581287,-0.268082573106329
16.17777523235294,0.02123459147907589,-0.03944444109507185,0.004363323129985824,-0.26511551337793865
16.136484339303347,-0.0028849866210596924,-0.04537856055185257,-0.004537856055185257,-0.2792526803190927
16.09424180317493,-0.004906880531080775,-0.04852015320544237,-0.005585053606381855,-0.27995081201989047
16.05573526870124,0.0036828012998846383,-0.05096361415823442,-0.0029670597283903604,-0.26406831582674206
16.00507839366823,-0.006582440038403803,-0.05759586531581288,0.009773843811168246,-0.2673844414055313
15.966974144499671,0.0015731827313219472,-0.05759586531581288,0.02076941809873252,-0.25464353786597266
15.92691420474174,-0.023683329864601484,-0.06754424205218056,0.003141592653589793,-0.2708750999095199
15.888812112739936,-0.015939817278092232,-0.05811946409141117,0.005061454830783556,-0.26825710603152847
15.852195624457686,-0.027934858528128742,-0.052708943410228755,-0.003141592653589793,-0.27035150113392165
15.810636459551016,-0.03429796294462509,-0.04223696789826278,0.004886921905584123,-0.26912977065752564
15.777786932447638,-0.032989955706769124,-0.02495820830351891,0.017278759594743863,-0.2652900463031381
15.737004653974962,-0.03976958783341531,-0.028623399732707007,-0.007853981633974483,-0.2642428487519415
15.692734374054327,-0.05775943250451216,-0.019547687622336492,-0.0317649923862968,-0.27663468644110123
15.652027075373073,-0.06225251645273521,-0.017976891295541596,-0.04363323129985824,-0.2794272132442922
15.611326083635689,-0.06697308623624562,-0.009773843811168246,-0.0307177948351002,-0.28187067419708417
15.584530992608336,-0.07517614729045802,-0.00017453292519943296,-0.03822271061867582,-0.28501226685067405
15.544150189852667,-0.07759817298055238,0.005759586531581287,-0.026179938779914945,-0.29251718263424964
15.498866466671203,-0.07448634008121316,0.0054105206811824215,-0.02600540585471551,-0.2897246558310587
15.46110314780226,-0.09694926497972019,0.010297442586766544,-0.023212879051524585,-0.30159289474462014
15.429922161311971,-0.09474125954987618,0.0013962634015954637,-0.019547687622336492,-0.3035127569218139
15.390053731466152,-0.09809836217373698,0.013788101090755204,-0.0041887902047863905,-0.30176742766981957
15.347856954809366,-0.11283056033642072,-0.003490658503988659,0.0054105206811824215,-0.3192207201897629
15.316890602723712,-0.10857010136582997,0.005934119456780721,0.010297442586766544,-0.3157300616857742
15.26955239775422,-0.11275554929116902,-0.0008726646259971648,0.01117010721276371,-0.32148964821735554
15.21679422275294,-0.11155183352982734,-0.0024434609527920616,0.01117010721276371,-0.3248057737961447
15.183673473896345,-0.11920581371455234,-0.00471238898038469,0.027401669256310976,-0.3272492347489368
15.145240954304143,-0.11875638662262449,-0.013089969389957472,0.01710422666954443,-0.3262020371977402
15.104001934912644,-0.13243812354061799,-0.012391837689159739,0.013439035240356337,-0.3368485456349056
15.068769551548481,-0.11862578232861504,-0.028099800957108706,-0.004886921905584123,-0.32375857624494814
15.022211529229269,-0.12456612664920798,-0.01780235837034216,0.013264502315156905,-0.3296926957017289
14.97610883037964,-0.1308143920498631,-0.02129301687433082,0.004537856055185257,-0.33440508468211355
14.938431718469085,-0.13169084116195698,-0.02234021442552742,-0.006806784082777886,-0.3405137370640937
14.906789412010074,-0.13842919968983977,-0.030892327760299633,-0.01884955592153876,-0.3417354675404898
14.867472647185574,-0.15112606761563266,-0.056548667764616284,-0.03438298626428829,-0.34871678454846705
14.832870369925224,-0.13622973289790066,-0.06073745796940267,-0.025656340004316644,-0.3452261260444784
14.807416997172504,-0.15182337817313032,-0.05707226654021458,-0.01832595714594046,-0.35674529910764097
14.770629793141348,-0.14875527981168332,-0.0481710873550435,-0.024609142453120045,-0.3649483465920143
14.742261918533636,-0.1401049861921403,-0.045727626402251434,-0.005759586531581287,-0.3597123588360313
14.711823119436382,-0.14563338368448323,-0.04886921905584123,-0.013613568165555772,-0.3637266161156183
14.679496850896209,-0.16280169180806478,-0.05305800926062762,-0.006457718232379019,-0.3740240587023848
14.645907384762019,-0.14676213769554303,-0.058643062867009474,-0.014137166941154071,-0.3663446099936098
14.606259260673488,-0.17295064208737393,-0.06754424205218056,-0.009250245035569947,-0.3778637830567724
14.556723213172223,-0.16435352051979188,-0.06073745796940267,-0.02111848394913139,-0.38414696836395196
14.521325220577507,-0.16062540678374432,-0.04991641660703782,-0.012217304763960308,-0.3871140280923423
14.484421234582294,-0.16865800728377248,-0.05235987755982989,-0.012042771838760876,-0.39793506945470714
14.45591789170691,-0.17088983634545105,-0.06161012259539984,-0.01064650843716541,-0.4014257279586958
14.421731819115145,-0.16545329768614628,-0.07853981633974483,0.014486232791552936,-0.4052654523130833
14.391474279053103,-0.1796986512417322,-0.06754424205218056,0.02181661564992912,-0.41695915830144537
14.357027547906213,-0.1723019978249301,-0.04729842272904633,0.02949606435870417,-0.4185299546282402
14.313957050397603,-0.18297652198932393,-0.05375614096142535,0.029670597283903602,-0.43336525327019204
14.27259187126841,-0.1799713534276528,-0.05096361415823442,0.0010471975511965976,-0.43650684592378186
14.237970575393758,-0.18509661955877452,-0.05096361415823442,0.00471238898038469,-0.4300491276914028
14.196139876707907,-0.19686038402084627,-0.06841690667817772,0.004537856055185257,-0.438601241026175
14.168390527046292,-0.20786827814815564,-0.06230825429619757,-0.004363323129985824,-0.4415683007545654
14.142489054169921,-0.20751417682277706,-0.0603883921190038,-0.027227136331111543,-0.4370304446993801
14.101336103010345,-0.22025993326138865,-0.05497787143782138,-0.03700098014227979,-0.44628068973495005
14.069383409420212,-0.2103499966597637,-0.050789081233034994,-0.05742133239061344,-0.4401720373529699
14.036054777645704,-0.2172826685214376,-0.027052603405912107,-0.06649704450098395,-0.4429645641561608
14.003987321671032,-0.22206150436552885,-0.04258603374866164,-0.06422811647339133,-0.4452334921837535
13.972033056958038,-0.22713856071487487,-0.04468042885105484,-0.052185344634630454,-0.4506440128649359
13.94041955202045,-0.2325109104096356,-0.05567600313861911,-0.017627825445142728,-0.45570546769571946
13.916626631045817,-0.23153635190570918,-0.062482787221396996,-0.010471975511965976,-0.45710173109731495
13.879000243813723,-0.2300088163744504,-0.06318091892219473,-0.006981317007977318,-0.45553093477052004
13.848156488639935,-0.2338298071739177,-0.05480333851262195,-0.010297442586766544,-0.459545192050107
13.82514255213069,-0.21948686945445697,-0.041189770347066175,-0.003141592653589793,-0.45256387504212964
13.79451324255536,-0.24038785777850097,-0.04328416544945937,0.01117010721276371,-0.46094145545170245
13.77198879286025,-0.23822781128972684,-0.04485496177625427,0.032114058236695664,-0.4642575810304917
13.742674793475931,-0.24552601469565646,-0.05201081170943102,0.029321531433504737,-0.4590215932745087
13.713884155521699,-0.23656647818892093,-0.04276056667386108,0.019547687622336492,-0.4562290664713178
13.684638071841134,-0.25854744013774206,-0.03595378259108319,-0.007853981633974483,-0.46739917368408146
13.655912769079235,-0.26427453307738524,-0.026878070480712675,-0.033161255787892266,-0.4686209041604775
13.627470274296652,-0.25613322650160375,-0.012915436464758038,-0.03892084231947355,-0.46355944932969395
13.599803212335551,-0.27654303858027396,-0.019198621771937627,-0.022689280275926284,-0.4787438138220446
13.573043635162664,-0.2665677391747454,-0.027227136331111543,-0.031241393610698498,-0.4757767540936543
13.553831127635872,-0.2804324233595876,-0.04590215932745086,-0.05288347633542819,-0.4813618077000361
13.52746786205171,-0.2851009221966501,-0.04293509959906051,-0.06824237375297829,-0.4878195259324151
13.493525595524392,-0.28304193884170065,-0.028623399732707007,-0.07400196028455958,-0.4900884539600078
13.474028004645215,-0.2928797302907735,-0.011693705988362009,-0.05009094953223726,-0.4991641660703783
13.447996633902811,-0.2818529330261939,-0.004363323129985824,-0.04258603374866164,-0.5031784233499652
13.423370399360843,-0.28523036639802035,-0.016231562043547264,-0.027227136331111543,-0.5057964172279568
13.392108129513847,-0.2820212318799359,-0.034557519189487726,-0.019547687622336492,-0.5106833391335408
13.361191319334452,-0.29094431491889805,-0.039793506945470715,-0.01832595714594046,-0.5209807817203074
13.330194576444606,-0.3001997086895951,-0.03630284844148206,-0.021467549799530253,-0.5256931707006921
13.305059952702758,-0.2741345816121172,-0.03612831551628262,-0.033510321638291124,-0.5178391890667176
13.281953803475753,-0.2907056020160561,-0.027401669256310976,-0.034557519189487726,-0.5302310267558773
13.251122433974357,-0.27262682973341523,-0.03438298626428829,-0.0481710873550435,-0.5206317158699085
13.222622231132625,-0.2949166451706046,-0.029670597283903602,-0.056548667764616284,-0.5393067388662479
13.193657785163706,-0.2892987573449887,-0.04782202150464463,-0.04485496177625427,-0.5384340742402507
13.166073435964991,-0.2981109259042343,-0.06440264939859076,-0.04939281783143953,-0.5431464632206354
13.1434915850996,-0.28552855801114996,-0.05742133239061344,-0.05131268000863329,-0.537386876689054
13.123827515678643,-0.3013780079744975,-0.057944931166211744,-0.0460766922526503,-0.5482079180514189
13.109561184595762,-0.29568384519534563,-0.04363323129985824,-0.05375614096142535,-0.5384340742402507
13.082940201534981,-0.3032888995421021,-0.03577924966588375,-0.04939281783143953,-0.5434955290710343
13.070236923363408,-0.3002585771415132,-0.044331363000655974,-0.056025068989017976,-0.5363396791378575
13.04326424645661,-0.29659396925709425,-0.03420845333908886,-0.047647488579445195,-0.5295328950550796
13.019781387633945,-0.32133671886949833,-0.03298672286269283,-0.041189770347066175,-0.544193660771832
12.992305983944059,-0.3042028961701776,-0.033510321638291124,-0.047472955654245766,-0.5335471523346665
12.967814069754542,-0.31771283276014134,-0.02076941809873252,-0.05009094953223726,-0.5354670145118603
12.957898410715934,-0.32742465019290573,-0.010995574287564275,-0.04642575810304917,-0.5436700619962337
12.924949219701414,-0.3190345169792921,-0.01064650843716541,-0.038571776469074684,-0.5318018230826722
12.901906866458676,-0.33104371882614153,-0.004886921905584123,-0.03630284844148206,-0.5434955290710343
12.878258154113668,-0.3293098927685368,-0.016580627893946133,-0.023736477827122883,-0.5408775351930427
12.856162826375042,-0.3418313273996651,-0.010821041362364843,-0.015184364492350668,-0.5461135229490257
12.840835609975617,-0.3442799509627335,-0.011693705988362009,-0.014660765716752368,-0.5503023131538122
12.809968316219685,-0.3374410039801617,-0.0153588974175501,-0.007330382858376184,-0.5464625887994247
12.788969317592736,-0.35070477996480837,-0.0041887902047863905,-0.00820304748437335,-0.5461135229490257
12.763459669005027,-0.36791481197927106,0.0033161255787892262,-0.011344640137963142,-0.5642649471697667
12.742621302509878,-0.365523144175208,-0.014835298641951801,-0.012740903539558606,-0.558330827712986
12.729493177160233,-0.369053492272166,-0.017627825445142728,-0.03508111796508603,-0.5588544264885844
12.705261210534152,-0.3892773063925935,-0.01832595714594046,-0.012391837689159739,-0.572817060504539
12.690445413634208,-0.37708552157613684,-0.018675022996339326,-0.00034906585039886593,-0.5677556056737554
12.661991704161352,-0.3700892879837304,-0.025132741228718343,0.011868238913561441,-0.5656612105713623
12.6451605927351,-0.38054352976361533,-0.02600540585471551,0.0024434609527920616,-0.5717698629533423
12.621389229415445,-0.38576804028468664,-0.04345869837465881,-0.0033161255787892262,-0.5794493116621174
12.605378393332437,-0.3944728537543377,-0.0466002910282486,-0.010821041362364843,-0.5820673055401089
12.583906344430808,-0.37798538057423564,-0.047472955654245766,-0.009773843811168246,-0.5726425275793395
12.560892362802258,-0.384020095254462,-0.060039326268604934,-0.00471238898038469,-0.5784021141109208
12.542658396977902,-0.38181451400891375,-0.052708943410228755,-0.003839724354387525,-0.5759586531581288
12.519935092293716,-0.3883713906043348,-0.04328416544945937,-0.0054105206811824215,-0.582939970166106
12.499398476121916,-0.3729003725658332,-0.04590215932745086,-0.011868238913561441,-0.5756095873077299
12.477910053998507,-0.37780198053782127,-0.041887902047863905,-0.0024434609527920616,-0.5822418384653083
12.453909742594057,-0.3714660529119041,-0.0603883921190038,0.016231562043547264,-0.5733406592801373
12.441940550060007,-0.3840675416878701,-0.05969026041820607,0.02356194490192345,-0.5799729104377158
12.421495876788935,-0.3918785222631802,-0.05550147021341968,0.022165681500327987,-0.5846852994181004
12.40227137740841,-0.3775952595279927,-0.03769911184307752,0.019024088846738195,-0.5689773361501514
12.382717994623748,-0.38587842542099243,-0.028972465583105872,0.02408554367752175,-0.5742133239061344
12.359681065109008,-0.38082619019676206,-0.014660765716752368,0.013613568165555772,-0.5721189288037413
12.346421503682498,-0.38293647216255033,-0.012391837689159739,0.02408554367752175,-0.566010276421761
12.32391917759175,-0.4007239403484834,-0.006457718232379019,0.015707963267948967,-0.5696754678509491
12.302377701908453,-0.41878051720483783,-0.013788101090755204,0.006806784082777886,-0.5778785153353225
12.285698315655065,-0.4282127298932902,-0.004886921905584123,-0.01064650843716541,-0.5825909043157073
12.269689336654816,-0.41548836485440604,0.005061454830783556,-0.02303834612632515,-0.57246799465414
12.24944339721252,-0.4342607504918257,0.011519173063162575,-0.020594885173533087,-0.5824163713905077
12.229391045316556,-0.4309170328608969,0.020245819323134222,-0.0466002910282486,-0.5792747787369179
12.210350624985514,-0.4480422550197524,0.024260076602721184,-0.0481710873550435,-0.5958554066308641
12.200655985246991,-0.4452436810318556,0.024434609527920616,-0.031939525311496235,-0.5986479334340551
12.178003474568749,-0.449478948066969,0.023387411976724018,-0.03961897402027128,-0.6019640590128443
12.160036494905718,-0.44492813527999,0.024260076602721184,-0.03159045946109736,-0.5989969992844539
12.148058706556075,-0.45173927357041616,0.005061454830783556,-0.025656340004316644,-0.6138322979264057
12.131982129645822,-0.4657205213551013,0.0022689280275926286,-0.02129301687433082,-0.6250024051391695
12.115505684294906,-0.45758238534933127,-0.006457718232379019,-0.002617993877991494,-0.6253514709895682
12.099707276143606,-0.4496670787491284,-0.0164060949687467,0.009773843811168246,-0.623257075887175
12.075830201027644,-0.4603604827502369,-0.015533430342749533,0.00471238898038469,-0.6370451769779303
12.066332845890702,-0.4639116360962114,-0.02600540585471551,0.016057029118347832,-0.6419320988835144
12.055388730508238,-0.44740656193336875,-0.031415926535897934,0.020071286397934793,-0.638965039155124
12.036984957562797,-0.44749237320028795,-0.03769911184307752,0.02495820830351891,-0.6433283622851098
12.028674361107667,-0.4515201327179002,-0.046251225177849735,0.03769911184307752,-0.6454227573875031
12.015236038389881,-0.4427211169053861,-0.04799655442984406,0.030019663134302467,-0.6454227573875031
11.99861450560434,-0.4434518892710943,-0.05567600313861911,0.028099800957108706,-0.6454227573875031
11.988744083033241,-0.4551961918888422,-0.06911503837897545,0.02076941809873252,-0.6522295414702809
11.976678241595183,-0.4469588548389063,-0.07557275661135447,0.004363323129985824,-0.6517059426946827
11.961372455971159,-0.4462150994924819,-0.06789330790257943,-0.009250245035569947,-0.6504842122182867
11.949822608856241,-0.4383400045118031,-0.06126105674500097,-0.014137166941154071,-0.6515314097694832
11.938991617848142,-0.4306255766742792,-0.05881759579220891,-0.024260076602721184,-0.6421066318087139
11.934822933945624,-0.4357434896609616,-0.05113814708343386,-0.03368485456349056,-0.6426302305843121
11.92106581921305,-0.4377864027765722,-0.03892084231947355,-0.03246312408709453,-0.6422811647339134
11.911840939357905,-0.4325780984028951,-0.04241150082346221,-0.03961897402027128,-0.6335545184739417
11.896055243875107,-0.44449274581919207,-0.02408554367752175,-0.02548180707911721,-0.6375687757535285
11.890732063987556,-0.4300362746324579,-0.026878070480712675,-0.019722220547535925,-0.6302383928951524
11.882060625870722,-0.42730884512811723,-0.017976891295541596,-0.025830872929516076,-0.6246533392887705
11.861774407735462,-0.4293689262070843,-0.014311699866353503,-0.028099800957108706,-0.6201154832335853
11.858092175803188,-0.4468692092472318,0.0020943951023931952,-0.02530727415391778,-0.6279694648675599
11.841550990819055,-0.44180129075709074,0.008377580409572781,-0.016057029118347832,-0.6192428186075882
11.835034903431728,-0.43961554124700464,0.011693705988362009,-0.031415926535897934,-0.6152285613280012
11.826415426716796,-0.4451145128197875,0.01937315469713706,-0.03543018381548489,-0.6155776271784
11.8191886413031,-0.4527984192829554,0.003665191429188092,-0.053407075111026485,-0.6113888369736137
11.808736004539531,-0.47028195715506715,0.010821041362364843,-0.045553093477052,-0.6243042734383717
11.793877211651655,-0.4640160181457997,0.0317649923862968,-0.029845130209103034,-0.6209881478595825
11.789970862235334,-0.46236709619124494,0.021642082724729686,-0.02600540585471551,-0.6206390820091836
11.776524391371785,-0.45642274760271695,0.023212879051524585,-0.027052603405912107,-0.6202900161587847
11.770878445465478,-0.4647060831418102,0.016231562043547264,-0.024609142453120045,-0.6274458660919615
11.757990365102286,-0.45907659723170224,0.01815142422074103,-0.013962634015954637,-0.6180210881311922
11.751603806584619,-0.4752885384351969,0.012566370614359171,-0.006981317007977318,-0.6319837221471467
11.737870456530468,-0.4797519459445008,0.006283185307179586,-0.012740903539558606,-0.6342526501747394
11.736449340896717,-0.47660637857697685,0.005759586531581287,-0.009948376736367679,-0.6332054526235428
11.725726410228226,-0.46951021998260234,-0.0008726646259971648,-0.020420352248333655,-0.6328563867731438
11.713445341011449,-0.47443606996959314,-0.006981317007977318,-0.02408554367752175,-0.6363470452771326
11.705037492900798,-0.4598634661119277,-0.004014257279586958,-0.012042771838760876,-0.6340781172495399
11.703332442581322,-0.4648101922117653,-0.0041887902047863905,-0.010995574287564275,-0.6380923745291269
11.694209102797524,-0.4602881740412354,-0.013089969389957472,-0.00034906585039886593,-0.6349507818755371
11.68204637974335,-0.47359199095150395,-0.019896753472735357,-0.0008726646259971648,-0.6459463561631014
11.675498257731237,-0.4574326177557134,-0.028448866807507574,0.0022689280275926286,-0.640535835481919
11.66650559278128,-0.4611497312026531,-0.04380776422505767,-0.010297442586766544,-0.6442010269111071
11.658853742407612,-0.45713972317768226,-0.041189770347066175,-0.0017453292519943296,-0.639314105005523
11.651151145854929,-0.46111048855056036,-0.05672320068981571,0.0015707963267948964,-0.6450736915371043
11.633235249807575,-0.46389668666995476,-0.05131268000863329,0.0013962634015954637,-0.6433283622851098
11.627286477035177,-0.45824711523540484,-0.045553093477052,-0.0020943951023931952,-0.6384414403795258
11.62057124104196,-0.46262107888106324,-0.04834562028024293,-0.0041887902047863905,-0.6407103684071184
11.614025734649834,-0.46912392201426245,-0.04241150082346221,-0.019896753472735357,-0.6382669074543263
11.610701644012652,-0.4558318733893538,-0.045553093477052,-0.017976891295541596,-0.6262241356155654
11.604410701071133,-0.47245348240451923,-0.044156830075456545,-0.017976891295541596,-0.6325073209227451
11.600095206418962,-0.4771879834700579,-0.05096361415823442,-0.025132741228718343,-0.6319837221471467
11.605598385819626,-0.4848861022210012,-0.045029494701453704,-0.024260076602721184,-0.6372197099031297
11.603296196370765,-0.47178923812488904,-0.04520402762665313,-0.02530727415391778,-0.6251769380643688
11.611112371169197,-0.46944619216755734,-0.05846852994181004,-0.0466002910282486,-0.6243042734383717
11.617770915185387,-0.47700140962276705,-0.04834562028024293,-0.026878070480712675,-0.6255260039147678
11.626206197878755,-0.47449931261722134,-0.04363323129985824,-0.024783675378319478,-0.6216862795603801
11.63481641882101,-0.48189185952349295,-0.05672320068981571,-0.01832595714594046,-0.628842129493557
11.644561893387685,-0.47125093090453024,-0.059341194567807204,-0.009773843811168246,-0.6213372137099813
11.65418033419464,-0.4704971125416156,-0.0603883921190038,-0.00942477796076938,-0.6120869686744114
11.663937335531521,-0.47759850029444456,-0.057246799465414014,0.010471975511965976,-0.6157521601035995
11.674685462463454,-0.46867552963821507,-0.05951572749300664,0.007853981633974483,-0.6031857894892403
11.685324307539355,-0.4775943090559527,-0.05759586531581288,0.030543261909900768,-0.6056292504420324
11.69635695286854,-0.47639889280547737,-0.04852015320544237,0.02111848394913139,-0.5991715322096534
11.698414891851682,-0.4769966112224842,-0.05445427266222309,0.02129301687433082,-0.5916666164260777
11.71013163042088,-0.47969755967964767,-0.04136430327226561,0.016580627893946133,-0.5913175505756789
11.723015523689034,-0.4702274529635508,-0.05166174585903215,0.020943951023931952,-0.5822418384653083
11.726361784926155,-0.49067295763946556,-0.05131268000863329,0.021467549799530253,-0.5867796945204935
11.739506748467576,-0.503034777419265,-0.03752457891787808,0.013788101090755204,-0.5892231554732856
11.742924396360571,-0.49337430787482706,-0.028972465583105872,0.00820304748437335,-0.5796238445873169
11.75713616455409,-0.49550657792060326,-0.02303834612632515,-0.0054105206811824215,-0.5811946409141117
11.761791418522282,-0.4977718014667055,-0.01710422666954443,-0.0153588974175501,-0.583289036016505
11.767290924783746,-0.5079386838430061,-0.013962634015954637,-0.015533430342749533,-0.5930628798276733
11.782743928839537,-0.4997258973699299,-0.016929693744344994,-0.02757620218151041,-0.58171823968971
11.789395711747044,-0.5176653934507685,-0.008552113334772215,-0.02303834612632515,-0.594982742004867
11.794788545752516,-0.49970550128562824,-0.01064650843716541,-0.026354471705114377,-0.5911430176504794
11.802499588032555,-0.5095901201681013,-0.0164060949687467,-0.03630284844148206,-0.5951572749300664
11.80948570551408,-0.49944254364054946,-0.015184364492350668,-0.028448866807507574,-0.5944591432292687
11.818269406883676,-0.5170972608546917,-0.00890117918517108,-0.032637657012293965,-0.610341639422417
11.82652913469271,-0.5147135950938458,0.00017453292519943296,-0.03298672286269283,-0.6108652381980153
11.835305059466295,-0.5101808169120079,-0.0012217304763960308,-0.016057029118347832,-0.6164502918043973
11.834983222499833,-0.5184653237870215,-0.00034906585039886593,-0.010122909661567111,-0.6201154832335853
11.844251530298608,-0.5059122451385476,-0.013089969389957472,0.004886921905584123,-0.6159266930287989
11.845289470879697,-0.5121070933473956,-0.013962634015954637,-0.007853981633974483,-0.6260496026903659
11.855013264927255,-0.4973521918733346,-0.020943951023931952,-0.0012217304763960308,-0.6225589441863774
11.857504882696729,-0.5134351885133778,-0.005934119456780721,-0.0006981317007977319,-0.6286675965683576
11.867970649294614,-0.49851638175819046,-0.020245819323134222,-0.005585053606381855,-0.6265732014659643
11.870999328502174,-0.5045848873335413,-0.02076941809873252,-0.003839724354387525,-0.6323327879975457
11.883150807746349,-0.49940174978204593,-0.028099800957108706,-0.015707963267948967,-0.6307619916707508
11.887260009354767,-0.5032929754356191,-0.03159045946109736,-0.033510321638291124,-0.6375687757535285
11.89852020418658,-0.48798918424034593,-0.02879793265790644,-0.0439822971502571,-0.6302383928951524
11.903508573523274,-0.49383497853537955,-0.032637657012293965,-0.045553093477052,-0.6386159733047252
11.907542986562806,-0.4876801553073618,-0.038397243543875255,-0.05497787143782138,-0.6337290513991412
11.91223563185112,-0.48356907774538477,-0.04642575810304917,-0.05061454830783556,-0.6314601233715484
11.919127108978623,-0.48719537295395493,-0.05044001538263613,-0.06527531402458793,-0.6396631708559217
11.928642790499064,-0.500597593216405,-0.059864793343405505,-0.07749261878854824,-0.6503096792930871
11.941210201821008,-0.48258163306096036,-0.03961897402027128,-0.06405358354819189,-0.6410594342575173
11.947353718607618,-0.4781953486688333,-0.03682644721708035,-0.06527531402458793,-0.6415830330331155
11.954012786355676,-0.4716620870273356,-0.03892084231947355,-0.06649704450098395,-0.639314105005523
11.963735941927208,-0.47485552263400543,-0.0481710873550435,-0.0635299847725936,-0.640535835481919
11.971269032133737,-0.46816534879017324,-0.046251225177849735,-0.05567600313861911,-0.6433283622851098
11.979132905337481,-0.46348456493005963,-0.04939281783143953,-0.0582939970166106,-0.6370451769779303
11.987145569534087,-0.45662888690385234,-0.04276056667386108,-0.05009094953223726,-0.6375687757535285
11.988435085258878,-0.4616837610398261,-0.03735004599267865,-0.049567350756638956,-0.638965039155124
11.997606873506667,-0.4567803017774341,-0.03420845333908886,-0.03612831551628262,-0.6321582550723461
12.007208061337153,-0.4517767333900924,-0.0317649923862968,-0.04066617157146788,-0.6276203990171609
12.022086681614805,-0.4660608769166797,-0.03159045946109736,-0.04468042885105484,-0.6354743806511355
12.030124772138953,-0.4511288761355278,-0.027052603405912107,-0.03717551306747922,-0.6258750697651666
12.033919500878392,-0.45800829132406057,-0.031415926535897934,-0.03577924966588375,-0.6251769380643688
12.042647861835103,-0.4429300206227642,-0.02408554367752175,-0.04258603374866164,-0.6176720222807932
12.059677960742528,-0.4587579437125745,-0.022165681500327987,-0.0460766922526503,-0.6255260039147678
12.06231396092184,-0.4557991249638095,-0.019024088846738195,-0.039095375244672985,-0.6173229564303944
12.075250993529231,-0.45212260115544506,-0.02076941809873252,-0.04223696789826278,-0.6148794954776023
12.090835992876963,-0.4557781791697527,-0.016231562043547264,-0.03385938748868999,-0.6181956210563916
12.10130958902524,-0.44434600991917916,-0.00942477796076938,-0.025132741228718343,-0.6003932626860493
12.108565198616501,-0.45276173765835376,-0.0054105206811824215,-0.01832595714594046,-0.6054547175168329
12.122780495838946,-0.4506519193192599,-0.006457718232379019,-0.026354471705114377,-0.6033603224144397
12.134138970123479,-0.4683822724674395,-0.005934119456780721,-0.026878070480712675,-0.6117379028240126
12.142985359822061,-0.44699328951606,-0.006108652381980154,-0.02775073510670984,-0.5963790054064624
12.148950273613428,-0.4476650553068071,-0.006108652381980154,-0.03874630939427412,-0.5913175505756789
12.168058947197535,-0.4544677928627847,-0.004363323129985824,-0.041713369122664476,-0.5923647481268755
12.181038859161992,-0.44219120145743485,-0.0033161255787892262,-0.06056292504420324,-0.5867796945204935
12.191976040810074,-0.45197633748745936,-0.009250245035569947,-0.06632251157578453,-0.5916666164260777
12.205238387799318,-0.4415609040916839,-0.00471238898038469,-0.0778416846389471,-0.5874778262212914
12.213310504433293,-0.44172847666383963,-0.0033161255787892262,-0.08203047484373349,-0.5881759579220891
12.227529613952253,-0.4310536305753835,-0.006108652381980154,-0.0651007810993885,-0.5773549165597242
12.240309634451348,-0.4403494737824098,-0.009250245035569947,-0.07243116395776468,-0.5885250237724879
12.245911335317107,-0.43302676729566775,-0.010122909661567111,-0.0825540736193318,-0.5831145030913055
12.259642064448013,-0.44209181984485785,-0.016580627893946133,-0.07714355293814937,-0.5878268920716901
12.27468536515839,-0.4287179060577251,-0.008028514559173916,-0.06161012259539984,-0.5859070298944964
12.285470118652979,-0.43037280536209827,-0.012217304763960308,-0.05096361415823442,-0.5836381018669038
12.296441970758725,-0.4297735626195427,-0.012740903539558606,-0.051487212933832724,-0.5878268920716901
12.303520711872483,-0.4220046653858581,-0.0020943951023931952,-0.05445427266222309,-0.5873032932960919
12.320724566422347,-0.41018968997515554,-0.014137166941154071,-0.0439822971502571,-0.5787511799613198
12.323673175932965,-0.41324757416727903,-0.018675022996339326,-0.044331363000655974,-0.5843362335677016
12.336129448564655,-0.4143528874124512,-0.021467549799530253,-0.034732052114687155,-0.5836381018669038
12.353665239544432,-0.40208704457412536,-0.01710422666954443,-0.03647738136668149,-0.5729915934297384
12.366899947541267,-0.40289430679040644,-0.017976891295541596,-0.029845130209103034,-0.5787511799613198
12.376644373031537,-0.39450207958540134,-0.026878070480712675,-0.033510321638291124,-0.5726425275793395
12.389937832618106,-0.4152401632003033,-0.023387411976724018,-0.03717551306747922,-0.584510766492901
12.400472995608109,-0.40662512928608746,-0.0317649923862968,-0.057944931166211744,-0.5747369226817327
12.415508918709419,-0.38669296523260116,-0.029670597283903602,-0.06213372137099813,-0.5595525581893821
12.421035089277664,-0.3934075147168733,-0.016929693744344994,-0.08168140899333462,-0.5656612105713623
12.428296601525467,-0.377701964029051,-0.028972465583105872,-0.07103490055616922,-0.5579817618625872
12.44441874792254,-0.39993890130176474,-0.021467549799530253,-0.06859143960337716,-0.5689773361501514
12.460856709769867,-0.37945632407887303,-0.03159045946109736,-0.059864793343405505,-0.5544911033585985
12.476494265951727,-0.3833380895388201,-0.013089969389957472,-0.06806784082777885,-0.5510004448546099
12.480430153066832,-0.3807291939337858,-0.0164060949687467,-0.0635299847725936,-0.54785885220102
12.49279016008833,-0.37552891601403315,-0.006806784082777886,-0.06126105674500097,-0.5473352534254218
12.506463775215488,-0.37020050919200526,-0.01780235837034216,-0.06771877497737998,-0.5462880558742251
12.520756490338316,-0.3848978043450106,-0.023387411976724018,-0.06963863715457375,-0.554665636283798
12.537664979605172,-0.3656851678237335,-0.008377580409572781,-0.05777039824101231,-0.5396558047166468
12.546371249232942,-0.3512223646855319,-0.006981317007977318,-0.01815142422074103,-0.5333726194094671
12.557175477690883,-0.3611858744928857,-0.006457718232379019,-0.014660765716752368,-0.5304055596810767
12.577089857184713,-0.3660260991385723,-0.00820304748437335,-0.007504915783575617,-0.5319763560078716
12.583427699464321,-0.36491846677946693,-0.0054105206811824215,-0.024783675378319478,-0.5311036913818745
12.593536861110948,-0.35224077765995887,-0.007504915783575617,-0.033510321638291124,-0.5176646561415181
12.613129831511731,-0.3588010653878524,0.010297442586766544,-0.045727626402251434,-0.5171410573659199
12.629305782692693,-0.3544146271782994,0.005061454830783556,-0.038571776469074684,-0.5157447939643244
12.651613688311826,-0.3605916501632198,-0.009250245035569947,-0.04276056667386108,-0.5145230634879283
12.662095623401996,-0.3495844619686846,0.006283185307179586,-0.053232542185827056,-0.5061454830783556
12.675382141738947,-0.35851299965237055,0.00890117918517108,-0.05201081170943102,-0.5126032013107346
12.686994950527954,-0.3494942960044982,0.006108652381980154,-0.05358160803622592,-0.49846603436958054
12.703972573879716,-0.3465602618680908,0.015707963267948967,-0.04328416544945937,-0.5003858965467743
12.719910139017305,-0.35729580618289203,-0.007155849933176752,-0.056025068989017976,-0.5094616086571448
12.731725358712437,-0.3456867425489968,0.0015707963267948964,-0.07679448708775051,-0.5000368306963755
12.748917513990461,-0.34450765105601977,0.0153588974175501,-0.06300638599699529,-0.5002113636215748
12.761547570220777,-0.33263392316337625,0.017453292519943295,-0.04223696789826278,-0.4956735075663896
12.775556792804734,-0.3228663117906216,0.0066322511575784525,-0.012217304763960308,-0.4878195259324151
12.795375823723573,-0.3550383125083098,0.007155849933176752,0.0012217304763960308,-0.5129522671611335
12.814819412145601,-0.35096997091281706,0.0027925268031909274,-0.023212879051524585,-0.503876555050763
12.828222440986547,-0.33852974969277666,0.011344640137963142,-0.03804817769347639,-0.5049237526019595
12.84381937136941,-0.31425367533489873,0.023911010752322315,-0.04642575810304917,-0.48694686130641796
12.859366458424839,-0.3398121577770308,0.022863813201125717,-0.03159045946109736,-0.5019566928735693
12.878415196315888,-0.34676459840105717,0.015009831567151233,-0.029321531433504737,-0.5099852074327431
12.898077638501032,-0.35578208735938865,-0.0054105206811824215,-0.040317105721069016,-0.5138249317871306
12.920850979106682,-0.3366407182928886,0.0017453292519943296,-0.054105206811824215,-0.4995132319207771
12.929642779515103,-0.3197712066715167,0.0041887902047863905,-0.04258603374866164,-0.4860741966804208
12.941714117579586,-0.33429582250195206,0.0013962634015954637,-0.030543261909900768,-0.5002113636215748
12.97012743623641,-0.3365655653795797,-0.0017453292519943296,-0.030892327760299633,-0.5059709501531562
12.978195103732695,-0.32883762795463456,0.011344640137963142,-0.049567350756638956,-0.5019566928735693
12.998816643037488,-0.3368011438769821,0.005759586531581287,-0.027052603405912107,-0.5070181477043527
13.010747562937292,-0.30303554273686234,0.006108652381980154,-0.00820304748437335,-0.4914847173616032
13.024656606561395,-0.3191372493440281,-0.004886921905584123,0.004363323129985824,-0.49340457953879696
13.046880495232935,-0.32656838758581935,-0.011344640137963142,0.013264502315156905,-0.49986229777117597
13.062861655978875,-0.3283027241828181,-0.003665191429188092,-0.015533430342749533,-0.49480084294039245
13.080288509160376,-0.3158131172663496,0.005235987755982988,-0.050265482457436686,-0.4886921905584123
13.08837739662984,-0.3213344503530051,0.009075712110370514,-0.05515240436302082,-0.4914847173616032
13.113616311048139,-0.30441931398423977,0.017976891295541596,-0.03490658503988659,-0.48659779545601906
13.131359173167963,-0.305522708122029,-0.003141592653589793,-0.04276056667386108,-0.48904125640881113
13.149114505962439,-0.3064641357249097,-0.0041887902047863905,-0.05131268000863329,-0.48502699912922415
13.167361734003451,-0.2954348211694889,0.006806784082777886,-0.04206243497306335,-0.4710643651132696
13.177869216110501,-0.3026069999028108,0.004363323129985824,-0.017976891295541596,-0.4818854064756344
13.196830158777047,-0.3030791488733654,-0.008552113334772215,-0.012042771838760876,-0.4839798015780276
13.214959112376494,-0.3056833531944906,0.009773843811168246,-0.01815142422074103,-0.4839798015780276
13.227625993880357,-0.29836066734884903,0.0020943951023931952,-0.022514747350726852,-0.47769661627084803
13.246889143451936,-0.30064873263260755,0.005934119456780721,-0.024260076602721184,-0.47822021504644635
13.25974921079662,-0.29537699194308253,0.006283185307179586,0.006283185307179586,-0.47298422729046335
13.286733015115473,-0.3023739690570721,0.004014257279586958,0.009075712110370514,-0.4783947479716457
13.306510823424338,-0.3159315139948873,0.009773843811168246,0.0013962634015954637,-0.4848524662040248
13.32754831356666,-0.3033559788767546,0.010122909661567111,-0.024609142453120045,-0.47350782606606157
13.34119125641956,-0.29980125569565635,0.00767944870877505,-0.031241393610698498,-0.4642575810304917
13.362082322308616,-0.2868771297203076,0.014835298641951801,-0.009773843811168246,-0.4588470603493092
13.376261717604285,-0.2948485186488447,0.015533430342749533,-0.0006981317007977319,-0.46844637123527805
13.391549782895511,-0.30502823705622284,0.0019198621771937625,-0.01780235837034216,-0.4680973053848792
13.413729455853064,-0.27978117941519476,0.0019198621771937625,-0.03577924966588375,-0.449073216538141
13.428010029760255,-0.2896712562210845,0.010297442586766544,-0.04363323129985824,-0.45692719817211547
13.44321621249935,-0.2829407483158592,0.010122909661567111,-0.020071286397934793,-0.4550073359949217
13.459055131552905,-0.28076762985090714,0.0006981317007977319,-0.014311699866353503,-0.4509930787153347
13.48228536126254,-0.29489622794625897,0.00767944870877505,-0.025656340004316644,-0.45570546769571946
13.49798323071256,-0.27827944717048314,0.016231562043547264,-0.05305800926062762,-0.44662975558534895
13.514372214981645,-0.27330931896465793,0.007853981633974483,-0.05445427266222309,-0.44261549830576197
13.523795552717038,-0.2777947820670848,0.013788101090755204,-0.029670597283903602,-0.4454080251089529
13.554767708790067,-0.274532038720176,0.009075712110370514,-0.004886921905584123,-0.4415683007545654
13.566243444756754,-0.29052998343629133,-0.012915436464758038,-0.005585053606381855,-0.44872415068774213
13.583085891790375,-0.2732104057505496,-0.003490658503988659,-0.020420352248333655,-0.43423791789618915
13.599085567829169,-0.25574853812159515,0.022863813201125717,-0.02652900463031381,-0.42690753503781304
13.610502558097137,-0.26203379168657726,0.009250245035569947,-0.02303834612632515,-0.4295255289158045
13.636661844871773,-0.2768899900438902,0.009075712110370514,-0.00890117918517108,-0.4422664324553631
13.655164433143794,-0.27548490571860673,0.0022689280275926286,-0.0015707963267948964,-0.43423791789618915
13.672136583263462,-0.257426894105055,0.016231562043547264,0.009948376736367679,-0.42271874483302657
13.675749006946733,-0.2448855597465814,0.019547687622336492,0.017453292519943295,-0.4078834461910748
13.695999113884682,-0.2572051031152484,0.004363323129985824,0.018500490071139894,-0.4220206131322289
13.715104112810339,-0.2552559559613212,0.009773843811168246,-0.02076941809873252,-0.4173082241518442
13.735522056665555,-0.264855248574816,0.005934119456780721,-0.029670597283903602,-0.4249876728606193
13.753726064504999,-0.25088663602213246,0.007155849933176752,-0.027227136331111543,-0.4118977034706618
13.77279861771949,-0.2484626557704035,0.015184364492350668,-0.0041887902047863905,-0.40735984741547654
13.786797289548511,-0.2559477026116092,0.0010471975511965976,0.019024088846738195,-0.4129449010218584
13.807021132639274,-0.2532280465073228,-0.0013962634015954637,-0.006457718232379019,-0.408756110817072
13.82562836239171,-0.23867868043713603,0.012740903539558606,-0.04363323129985824,-0.3963642731279123
13.838893384508864,-0.23413678047764114,0.004886921905584123,-0.038397243543875255,-0.3939208121751202
13.853119262976067,-0.24114794094143535,0.007853981633974483,-0.029321531433504737,-0.4036946559862884
13.880639373492595,-0.23246340418030512,0.0012217304763960308,-0.012042771838760876,-0.39688787190351055
13.8971670514503,-0.2532493334639698,0.0066322511575784525,-0.017627825445142728,-0.40491638646268446
13.908780111650195,-0.231763226863248,0.02495820830351891,-0.012740903539558606,-0.3895574890451344
13.920859765622504,-0.21261379960359697,0.023911010752322315,-0.017976891295541596,-0.3787364476827695
13.944151542676941,-0.22758910499306334,0.027925268031909273,-0.014137166941154071,-0.39426987802551905
13.966373866019254,-0.22835884407123386,0.02408554367752175,-0.012566370614359171,-0.3893829561199349
13.980469452587906,-0.22287744984467595,0.02234021442552742,-0.007504915783575617,-0.3808308427851627
13.99491702057352,-0.21728918873145384,0.0164060949687467,0.003839724354387525,-0.37507125625358145
14.017507666257488,-0.21761644849473186,0.01884955592153876,0.016057029118347832,-0.3782128489071712
14.031881503093818,-0.2142288294593249,0.026878070480712675,0.013439035240356337,-0.3733259270015871
14.055235052144743,-0.21670051318499195,0.013788101090755204,0.0033161255787892262,-0.3712315318991939
14.069964943979867,-0.2130706992672352,0.022165681500327987,0.0010471975511965976,-0.3639011490408177
14.091139524266303,-0.20126297385951789,0.02111848394913139,-0.004014257279586958,-0.3558726344816438
14.10653123201167,-0.1998557946638936,0.020943951023931952,-0.00767944870877505,-0.35726889788323923
14.124718737093433,-0.20983840001344736,0.009599310885968814,-0.0019198621771937625,-0.3569198320328404
14.140092818928117,-0.20820885564940153,0.017278759594743863,-0.005061454830783556,-0.3551745027808461
14.148027315409559,-0.2006801864613217,0.010122909661567111,0.005759586531581287,-0.3469714552964727
14.169823750706882,-0.19069006754097098,0.013788101090755204,-0.0029670597283903604,-0.34191000046568915
14.180070563707616,-0.1969349154439883,0.02199114857512855,-0.003839724354387525,-0.3460987906704756
14.194069676997977,-0.18345534335596397,0.013439035240356337,-0.00890117918517108,-0.3347541505325124
14.213084270506751,-0.1952259539696881,0.0066322511575784525,-0.0027925268031909274,-0.3445279943436807
14.235348222763319,-0.1871979947548245,-0.0020943951023931952,0.008552113334772215,-0.32916909692613056
14.25999664907281,-0.19291663186356658,0.003141592653589793,0.02757620218151041,-0.33667401270970615
14.277097672408356,-0.19287456728487917,-0.009075712110370514,0.03490658503988659,-0.3330088212805181
14.29143676937631,-0.1788471566443176,-0.01117010721276371,0.025830872929516076,-0.32236231284335265
14.308409524021657,-0.18108926914733384,-0.004537856055185257,0.007853981633974483,-0.3221877799181532
14.32606056984425,-0.1832248805705044,-0.023387411976724018,0.0019198621771937625,-0.3159045946109737
14.343534614811729,-0.18274964719893178,-0.021467549799530253,0.006108652381980154,-0.31747539093776855
14.35273293582029,-0.17920384831891448,-0.02548180707911721,0.017627825445142728,-0.31398473243377995
14.372937486087611,-0.161323189392036,-0.01884955592153876,0.010122909661567111,-0.3010692959690218
14.382315566862653,-0.1601409757624367,-0.020594885173533087,0.003141592653589793,-0.2977531703902326
14.394848817540531,-0.17271625155946949,-0.0164060949687467,-0.004886921905584123,-0.3040363556974122
14.410089051201327,-0.16045929318042002,-0.01937315469713706,-0.004886921905584123,-0.2988003679414292
14.4198404811152,-0.1590839233616748,-0.022165681500327987,-0.0066322511575784525,-0.2946115777366428
14.429682264740327,-0.16017002017455012,-0.017453292519943295,-0.003141592653589793,-0.2897246558310587
14.444782720584053,-0.15019388263380717,-0.007853981633974483,-0.005585053606381855,-0.2881538595042638
14.463586033624578,-0.15389373184333197,-0.012042771838760876,-0.007330382858376184,-0.29007372168145756
14.482116156521435,-0.16001167944792385,-0.004363323129985824,-0.0013962634015954637,-0.28989918875625814
14.49452841196759,-0.13853116392722342,-0.011868238913561441,-0.0012217304763960308,-0.27785641691749724
14.513497064763875,-0.14192636592082317,-0.016057029118347832,-0.0008726646259971648,-0.28134707542148596
14.528942243289329,-0.1365539901453643,-0.008552113334772215,-0.00890117918517108,-0.2694788365079245
14.539765279714668,-0.13713791266222164,-0.009075712110370514,-0.007853981633974483,-0.2726204291615143
14.563986397961015,-0.13673359660070653,-0.0012217304763960308,-0.007853981633974483,-0.2701769682087222
14.579930745239864,-0.13110414078052937,-0.0013962634015954637,-0.005759586531581287,-0.26563911215353697
14.587679318829927,-0.12031665297055372,-0.010297442586766544,-0.004014257279586958,-0.25621433419276757
14.607099435216723,-0.12822642737672532,0.00034906585039886593,-0.00767944870877505,-0.2617993877991494
14.632292070784214,-0.12739120750592534,-0.00767944870877505,-0.008726646259971648,-0.25987952562195565
14.653129866343921,-0.11276333448083556,0.0010471975511965976,-0.0024434609527920616,-0.2541199390903744
14.674400281312021,-0.10058609545498268,0.0022689280275926286,0.010297442586766544,-0.2366666465704311
14.689459512132888,-0.11931150493905432,0.005235987755982988,0.016057029118347832,-0.24731315500759649
14.711035030637072,-0.10694252516793978,-0.0017453292519943296,0.006806784082777886,-0.24277529895241123
14.740949677656223,-0.10196511424357683,0.007853981633974483,-0.006108652381980154,-0.23300145514124299
14.757475042784876,-0.10066177411793496,-0.00471238898038469,-0.013962634015954637,-0.2324778563656447
14.773890172799023,-0.09670524081239656,-0.003141592653589793,-0.006108652381980154,-0.22898719786165606
14.79559907481145,-0.08909396251571214,-0.009948376736367679,0.02076941809873252,-0.22130774915288098
14.820862446208013,-0.09239974511809765,0.0015707963267948964,0.014835298641951801,-0.21642082724729686
14.842466599767045,-0.08459671853147517,0.0024434609527920616,-0.0024434609527920616,-0.2118829711921116
14.859492766942399,-0.08547158942547117,-0.0024434609527920616,0.0027925268031909274,-0.21066124071571557
14.880982251722381,-0.07749802630085138,-0.007155849933176752,0.014660765716752368,-0.204378055408536
14.902491073902048,-0.0720349127720825,-0.0019198621771937625,0.022165681500327987,-0.19617500792416265
14.919685694658014,-0.07268112430142079,-0.007330382858376184,0.03752457891787808,-0.19530234329816545
14.932659155756808,-0.06492530894091939,-0.0006981317007977319,0.015707963267948967,-0.1895427567665842
14.94994935615741,-0.06805294464152678,-0.0012217304763960308,0.026703537555513242,-0.18936822384138474
14.966938969764998,-0.07111505735012784,0.0013962634015954637,0.014137166941154071,-0.18709929581379214
14.988841814136276,-0.06789471981566698,-0.0015707963267948964,0.006981317007977318,-0.1790707812546182
15.001745056017075,-0.05992338910980863,0.0041887902047863905,0.02129301687433082,-0.1710422666954443
15.005849554222506,-0.047247243881276664,0.006283185307179586,0.012217304763960308,-0.16179202165987433
15.014324123590411,-0.05067706587637054,0.00767944870877505,0.014835298641951801,-0.16336281798666924
15.0280581677168,-0.04521746493280069,-0.0022689280275926286,0.0010471975511965976,-0.15917402778188286
15.041063389462863,-0.039716615558540634,0.004537856055185257,0.00034906585039886593,-0.1530653753999027
15.058720931953165,-0.04765533975450219,-0.003141592653589793,-0.009773843811168246,-0.1530653753999027
15.076345073493517,-0.03581180053444813,0.0013962634015954637,0.006457718232379019,-0.14486232791552936
15.089387569894589,-0.03280874659885946,0.00471238898038469,0.008028514559173916,-0.14067353771074298
15.102480476418918,-0.029768762880802692,0.0158824961931484,0.017278759594743863,-0.13805554383275148
15.11616285350574,-0.026691784973216493,0.0008726646259971648,0.017278759594743863,-0.13631021458075715
15.129460110157087,-0.02357774861317344,-0.0008726646259971648,0.006108652381980154,-0.1308996938995747
15.142962800355411,-0.023069511671563833,-0.003490658503988659,0.007330382858376184,-0.1228711793404008
15.15592135455337,-0.022528744577038386,0.003490658503988659,0.016231562043547264,-0.12339477811599911
15.178202407632138,-0.02646416990518255,0.005759586531581287,0.015707963267948967,-0.1207767842380076
15.187150783254067,-0.015068749972160884,-0.0022689280275926286,0.0027925268031909274,-0.11135200627723822
15.213988423668312,-0.009979370814531006,-0.0006981317007977319,-0.008377580409572781,-0.11082840750163994
15.22307351660916,-0.02088690515697367,-0.006108652381980154,-0.008028514559173916,-0.11397000015522972
15.24097475442127,-0.013884835055516902,-0.009773843811168246,-0.0024434609527920616,-0.10681415022205297
15.267638049073502,-0.011305695244266837,-0.0017453292519943296,-0.007853981633974483,-0.10576695267085638
15.280911242528994,-0.010506953912331786,0.0024434609527920616,-0.018500490071139894,-0.10890854532444617
15.303300341126874,0.0029046762923627253,0.006806784082777886,-0.02111848394913139,-0.09878563566287905
15.321315398235841,-0.009620163924494917,0.005934119456780721,-0.01710422666954443,-0.1101302758008422
15.339281762861884,-0.0024179094461564956,0.007853981633974483,-0.0164060949687467,-0.10437068926926091
15.357036067748531,0.004821919027321241,0.011693705988362009,-0.014311699866353503,-0.10210176124166828
15.383985561042852,0.0050116958220103505,0.011519173063162575,-0.013788101090755204,-0.09948376736367678
15.406220842915918,-0.00104428865641806,0.020943951023931952,-0.013613568165555772,-0.10105456369047168
15.428604411361322,0.01261364718154546,0.024783675378319478,-0.017278759594743863,-0.09075712110370514
15.451383062359954,0.006648011054049678,0.011693705988362009,-0.02076941809873252,-0.09599310885968812
15.478205581369584,0.009725269448157686,0.015707963267948967,-0.019547687622336492,-0.09651670763528643
15.491858981019547,0.0055135147593068845,0.016580627893946133,-0.02408554367752175,-0.09861110273767963
15.518712348516605,0.008685120228275792,0.025132741228718343,-0.0164060949687467,-0.09878563566287905
15.532111397551871,0.0268933935270756,0.02548180707911721,-0.01780235837034216,-0.08377580409572781
15.554840501001147,0.01843185745656608,0.02757620218151041,-0.02199114857512855,-0.09407324668249435
15.572714767720727,0.02335238450755839,0.027925268031909273,-0.02757620218151041,-0.08848819307611251
15.590946018367974,0.028304363127122513,0.023387411976724018,-0.024609142453120045,-0.08569566627292158
15.618166674368192,0.028976391560973824,0.012042771838760876,-0.022165681500327987,-0.08028514559173917
15.6359083873796,0.031270057208096946,0.01832595714594046,-0.027925268031909273,-0.08220500776893293
15.653655002703793,0.03632117951778968,0.02652900463031381,-0.022514747350726852,-0.07644542123735164
15.680786115080965,0.03437745183993047,0.024609142453120045,-0.02234021442552742,-0.07452555906015788
15.71232671919171,0.041507140677029805,0.014311699866353503,-0.027925268031909273,-0.0715584993317675
15.744431259408112,0.029073176971032677,-0.005235987755982988,-0.04363323129985824,-0.07557275661135447
15.76660957332835,0.040566727144657304,-0.010821041362364843,-0.041713369122664476,-0.06946410422937431
15.793383696253665,0.03602541633225764,-0.007853981633974483,-0.028274333882308142,-0.06667157742618339
15.828860077175946,0.05236894792201858,-0.004014257279586958,-0.015533430342749533,-0.05619960191421741
15.856128467024636,0.04789364698254552,-0.013089969389957472,-0.016929693744344994,-0.06126105674500097
15.891719214030543,0.061550728967378,-0.012915436464758038,-0.022689280275926284,-0.04904375198104066
15.919647022663476,0.03756180488071916,-0.03368485456349056,-0.016755160819145562,-0.06126105674500097
15.945989357970815,0.05553443019555225,-0.028274333882308142,-0.002617993877991494,-0.05113814708343386
15.977331747905092,0.06024141094919907,-0.029321531433504737,-0.0022689280275926286,-0.04939281783143953
16.013477662259923,0.04889523302668248,-0.03420845333908886,-0.005235987755982988,-0.04852015320544237
16.04056248783153,0.04460194711499616,-0.030892327760299633,-0.016580627893946133,-0.04939281783143953
16.071874722025523,0.049402410924951505,-0.032114058236695664,-0.017976891295541596,-0.046774823953448036
16.112426340561843,0.05001907184536377,-0.040491638646268445,-0.018500490071139894,-0.04468042885105484
16.14778064510829,0.061141177295856754,-0.03787364476827695,-0.01815142422074103,-0.03787364476827695
16.184281060425132,0.04993691407202972,-0.0471238898038469,-0.02408554367752175,-0.04206243497306335
16.224664103686806,0.05066186225669893,-0.04485496177625427,-0.02949606435870417,-0.04345869837465881
16.259983240774297,0.06470490558238629,-0.03630284844148206,-0.03420845333908886,-0.041887902047863905
16.300173862842637,0.0626668362370671,-0.034557519189487726,-0.03595378259108319,-0.041713369122664476
16.340557319491186,0.06065703563451925,-0.03892084231947355,-0.032114058236695664,-0.03717551306747922
16.385288607595378,0.06775474429410726,-0.046774823953448036,-0.032114058236695664,-0.038571776469074684
16.42147541554631,0.059588702675511335,-0.03961897402027128,-0.02949606435870417,-0.04293509959906051
16.4618536369966,0.060544307521454246,-0.03647738136668149,-0.024609142453120045,-0.0460766922526503
16.515670412264114,0.06356815004585561,-0.039095375244672985,-0.01815142422074103,-0.04328416544945937
16.546965128375973,0.0687823734255103,-0.04136430327226561,-0.031066860685499065,-0.04258603374866164
16.587343590572033,0.06986034278103405,-0.040317105721069016,-0.020420352248333655,-0.046949356878647465
16.62750805517555,0.06807821624994621,-0.028274333882308142,-0.016755160819145562,-0.0460766922526503
16.673506316023232,0.055979654373493656,-0.034033920413889425,-0.022514747350726852,-0.054628805587422516
16.70878189176989,0.07043213705416229,-0.023736477827122883,-0.03490658503988659,-0.04799655442984406
16.73971406309084,0.07582443917677387,-0.006283185307179586,-0.0317649923862968,-0.045029494701453704
16.78101206862617,0.05475655833692005,-0.0006981317007977319,-0.031415926535897934,-0.05969026041820607
16.816738874909415,0.0693216482811773,-0.002617993877991494,-0.04537856055185257,-0.04974188368183839
16.84405920986497,0.06571608789562262,0.005585053606381855,-0.038397243543875255,-0.05009094953223726
16.871565596175788,0.06213911039595133,0.010297442586766544,-0.040317105721069016,-0.05515240436302082
16.90715427563377,0.07680727968403103,0.016580627893946133,-0.04258603374866164,-0.04904375198104066
16.93928801568522,0.06301518655105276,0.023387411976724018,-0.05637413483941684,-0.05777039824101231
16.96949597929927,0.08803013597866322,0.03700098014227979,-0.04258603374866164,-0.04258603374866164
16.998160137999914,0.06520029255923569,0.023736477827122883,-0.034732052114687155,-0.06265732014659643
17.02989696292136,0.0708978121453488,0.025830872929516076,-0.026878070480712675,-0.05567600313861911
17.052076911411806,0.08073067116851765,0.03874630939427412,-0.024609142453120045,-0.046949356878647465
17.088610673040794,0.07326971137113657,0.04084070449666731,-0.016580627893946133,-0.054105206811824215
17.115875165780977,0.06993980281937155,0.04293509959906051,-0.010471975511965976,-0.05375614096142535
17.13826969744198,0.07985282531438202,0.04223696789826278,-0.013962634015954637,-0.04799655442984406
17.165550729309285,0.07657757444508075,0.04066617157146788,-0.00942477796076938,-0.04852015320544237
17.197082665509644,0.07945964228931235,0.03752457891787808,-0.003141592653589793,-0.046949356878647465
17.224714002268033,0.07623907252494218,0.0317649923862968,-0.008726646259971648,-0.04729842272904633
17.252113681299196,0.07304717057302303,0.026179938779914945,-0.015184364492350668,-0.044156830075456545
17.287666317329837,0.08513870896427682,0.016580627893946133,-0.02548180707911721,-0.033161255787892266
17.31102187042125,0.06984442795168647,0.009599310885968814,-0.013613568165555772,-0.040491638646268445
17.342096927998668,0.07284302113590443,0.012217304763960308,-0.018675022996339326,-0.03735004599267865
17.37372698086659,0.07586357974204963,-0.0005235987755982988,-0.029670597283903602,-0.03717551306747922
17.409225953242508,0.08804722892712961,-0.0054105206811824215,-0.023387411976724018,-0.0291469985083053
17.445573069299403,0.07791917883722538,-0.0006981317007977319,-0.02199114857512855,-0.031415926535897934
17.47715827152881,0.08100882751828846,-0.016580627893946133,-0.01937315469713706,-0.03298672286269283
17.512429544684203,0.09020893658966227,-0.016580627893946133,-0.017976891295541596,-0.020420352248333655
17.545073027226763,0.07100286378758024,-0.026179938779914945,-0.0066322511575784525,-0.03159045946109736
17.580287349005594,0.0802334461103866,-0.020071286397934793,-0.01064650843716541,-0.026354471705114377
17.61713581287453,0.07021634655274928,-0.03560471674068432,-0.009250245035569947,-0.0328121899374934
17.643227461925896,0.08659488428174214,-0.0307177948351002,-0.009075712110370514,-0.021467549799530253
17.683736134295863,0.08268948515722306,-0.02949606435870417,-0.007155849933176752,-0.025132741228718343
17.715300847142004,0.08283052673133745,-0.03298672286269283,0.0054105206811824215,-0.02129301687433082
17.738589881351643,0.06777553167834258,-0.029845130209103034,0.008552113334772215,-0.033510321638291124
17.778268980223835,0.0862488655189023,-0.028274333882308142,-0.0010471975511965976,-0.017976891295541596
17.805217460777204,0.08038262616873428,-0.013788101090755204,-0.0033161255787892262,-0.026878070480712675
17.836684366079524,0.08057790416801353,-0.006806784082777886,-0.0033161255787892262,-0.020071286397934793
17.868095532784213,0.08078417121713372,-0.010471975511965976,-0.0054105206811824215,-0.023387411976724018
17.900884826223066,0.061793450318093884,-0.00820304748437335,0.0013962634015954637,-0.031939525311496235
17.931176427142073,0.08435972370126808,-0.003665191429188092,-0.009773843811168246,-0.01937315469713706
17.962644930034255,0.08460445250331582,-0.0027925268031909274,-0.02129301687433082,-0.016929693744344994
17.990088265100407,0.07884107622178219,0.004363323129985824,-0.014137166941154071,-0.023212879051524585
18.025409127962092,0.08827340864694848,0.013089969389957472,-0.021467549799530253,-0.019722220547535925
18.056935987501756,0.08855660119404112,0.016057029118347832,-0.022165681500327987,-0.019896753472735357
18.088462980197757,0.08885078413147587,0.016057029118347832,-0.019722220547535925,-0.016755160819145562
18.115985889063605,0.07999302920941287,0.019547687622336492,0.0,-0.02199114857512855
18.15557504043528,0.09863574913363153,0.025830872929516076,-0.006981317007977318,-0.011344640137963142
18.186896183752413,0.09896360283263222,0.03159045946109736,-0.01064650843716541,-0.013089969389957472
18.21847874816251,0.09930244730007953,0.0307177948351002,-0.005934119456780721,-0.012566370614359171
18.25007707979491,0.09646659740203044,0.02879793265790644,-0.0010471975511965976,-0.011519173063162575
18.281603631510546,0.09682192982169821,0.02600540585471551,0.007504915783575617,-0.008726646259971648
18.322171933139867,0.0899928852318605,0.027227136331111543,-0.0013962634015954637,-0.012217304763960308
18.35389097194453,0.09036630571933922,0.02234021442552742,-0.0041887902047863905,-0.010122909661567111
18.3800767750831,0.10070496190740415,0.020943951023931952,-0.003490658503988659,-0.003490658503988659
18.41148860828733,0.09788010613792951,0.02530727415391778,-0.009075712110370514,-0.0017453292519943296
18.447030031477283,0.10422167039423984,0.01937315469713706,0.007504915783575617,-0.0010471975511965976
18.478268196484986,0.1013968146247678,0.02879793265790644,-0.003490658503988659,0.00034906585039886593
18.509815513510574,0.09857195885529316,0.0291469985083053,0.0041887902047863905,0.0022689280275926286
18.54571147157856,0.10491352311160437,0.013613568165555772,0.005759586531581287,0.005585053606381855
18.57708004752064,0.10208866734213055,0.012740903539558606,0.009599310885968814,0.0041887902047863905
18.61229409418698,0.10518129010111223,0.028099800957108706,0.006457718232379019,0.008028514559173916
18.644183264955554,0.10235093722424159,0.008377580409572781,-0.0006981317007977319,0.006283185307179586
18.670241010095772,0.1094259611951114,0.019547687622336492,0.00471238898038469,0.016231562043547264
18.70563894227198,0.11248989979862499,0.024434609527920616,0.0010471975511965976,0.018675022996339326
18.73726018630033,0.10637781697341549,0.01937315469713706,0.005934119456780721,0.019547687622336492
18.768932154950857,0.10025473729797786,0.012566370614359171,0.011344640137963142,0.017278759594743863
18.800329745992354,0.09412066113244161,0.020071286397934793,0.003839724354387525,0.010471975511965976
18.834752390907166,0.1194684661290878,0.013089969389957472,0.005759586531581287,0.02775073510670984
18.866176273468437,0.11001865980558827,0.013788101090755204,0.015184364492350668,0.02652900463031381
18.89758110671295,0.10384559547549695,0.0153588974175501,0.02652900463031381,0.02548180707911721
18.92787887113871,0.11668963346330265,0.014835298641951801,0.022689280275926284,0.03577924966588375
18.963422994901222,0.11633635483358323,0.011519173063162575,0.014660765716752368,0.03735004599267865
18.995158762660235,0.10680304987376335,0.006283185307179586,0.0153588974175501,0.033161255787892266
19.025328817396648,0.11958125336397787,0.018675022996339326,-0.004886921905584123,0.041713369122664476
19.06120484452692,0.1158294841702452,0.00034906585039886593,-0.008726646259971648,0.0471238898038469
19.087326256489984,0.11607594344850462,0.009075712110370514,0.0005235987755982988,0.045553093477052
19.117855703942343,0.12544223866790016,0.0041887902047863905,0.009773843811168246,0.05305800926062762
19.153440916953716,0.12158625032713131,0.00942477796076938,0.013962634015954637,0.057246799465414014
19.18806668635997,0.13667989357088003,0.009773843811168246,0.009250245035569947,0.06440264939859076
19.21579525462936,0.11446292596409817,-0.004886921905584123,-0.0020943951023931952,0.056025068989017976
19.246067334037882,0.12369307492292077,0.008028514559173916,0.023387411976724018,0.05811946409141117
19.276383788224358,0.12952639042404687,0.01780235837034216,0.016755160819145562,0.07068583470577035
19.31215761440081,0.12211073847017542,0.00890117918517108,0.016929693744344994,0.06719517620178168
19.34689773444741,0.13360787280558398,0.008726646259971648,-0.002617993877991494,0.08150687606813518
19.373412084909887,0.13017537231448462,0.0008726646259971648,-0.007504915783575617,0.07871434926494426
19.404048493145673,0.1324421029992185,-0.003839724354387525,0.0012217304763960308,0.08377580409572781
19.434643678507246,0.13465544199135196,-0.0019198621771937625,-0.003665191429188092,0.09075712110370514
19.47023542489199,0.12358792781424302,0.007155849933176752,-0.021467549799530253,0.08447393579652555
19.501060997623128,0.12569002954130368,-0.0006981317007977319,-0.0008726646259971648,0.08482300164692443
19.526780296146626,0.14097480050191596,0.0027925268031909274,-0.003665191429188092,0.0942477796076938
19.55730749525444,0.13956032343051453,0.015707963267948967,-0.007330382858376184,0.10105456369047168
19.59317507339048,0.12483501759478273,0.008028514559173916,0.0022689280275926286,0.09529497715889039
19.61890894593832,0.13996316559426394,0.015009831567151233,-0.002617993877991494,0.09965830028887622
19.65000086407805,0.13836109521846046,0.0024434609527920616,0.0,0.10541788682045751
19.680631224415276,0.1332591785984946,0.009075712110370514,0.0027925268031909274,0.10838494654884787
19.715940182825058,0.14060504612962899,-0.0024434609527920616,0.016580627893946133,0.11641346110802178
19.74669701470253,0.13535292785900968,-0.00017453292519943296,0.010122909661567111,0.11466813185602745
19.781897438714058,0.13909739900314105,-0.003490658503988659,0.00767944870877505,0.11885692206081386
19.80798985537607,0.1469744803832797,-0.0005235987755982988,0.020943951023931952,0.12636183784438945
19.834592489912687,0.1324354092145402,0.003490658503988659,0.023736477827122883,0.12042771838760874
19.86973180078095,0.13594404499994583,0.008726646259971648,0.016231562043547264,0.12740903539558607
19.896102024942458,0.1401452178371508,0.0006981317007977319,0.021467549799530253,0.1340412865531645
19.9269986642321,0.13444155119906742,0.003141592653589793,0.008552113334772215,0.13264502315156906
19.95783224530823,0.1440499570493568,-0.01064650843716541,-0.007155849933176752,0.1457349925415265
19.98880743503292,0.13469542230642853,-0.00890117918517108,-0.004537856055185257,0.1408480706359424
20.015152212952835,0.13858436950778022,-0.012042771838760876,0.008377580409572781,0.14748032179352083
20.046249985781902,0.12906304723249817,-0.011344640137963142,0.005759586531581287,0.1434660645139339
20.07746655519974,0.1383081064744024,-0.017976891295541596,0.012740903539558606,0.15079644737231007
20.113023277380012,0.13761591818995392,-0.006981317007977318,0.02129301687433082,0.14852751934471745
20.139640771659455,0.13766458747665986,-0.005759586531581287,0.024609142453120045,0.1520181778487061
20.166249087762065,0.1376298879544907,-0.011693705988362009,0.03577924966588375,0.15865042900628457
20.201615073004234,0.12959998415902307,-0.00942477796076938,0.022689280275926284,0.1647590813882647
20.233166237921306,0.13835880480992557,-0.029670597283903602,0.027925268031909273,0.1699950691442477
20.25532159361152,0.12553902306682663,-0.020594885173533087,0.040491638646268445,0.16406094968746698
20.286963725475033,0.11175025063486438,-0.029321531433504737,0.026703537555513242,0.16196655458507378
20.308820920187728,0.12112333817364249,-0.010471975511965976,0.008028514559173916,0.17243853009703977
20.340774414606745,0.12595647517957467,-0.03246312408709453,-0.007504915783575617,0.1773254520026239
20.376631778272955,0.11726097999692037,-0.032114058236695664,-0.0066322511575784525,0.1706932008450454
20.39465287896731,0.11742656494821235,-0.02757620218151041,-0.008552113334772215,0.17662732030182618
20.421892460111554,0.11302028005544039,-0.023736477827122883,-0.002617993877991494,0.17435839227423353
20.44433494309193,0.12196186181659066,-0.006108652381980154,0.01064650843716541,0.18133970928221085
20.476143328666012,0.12270986051070173,0.0008726646259971648,-0.00471238898038469,0.18884462506578648
20.49485326823265,0.11899402693348159,-0.005061454830783556,-0.02530727415391778,0.18570303241219668
20.522406946659185,0.11063210478835564,-0.005934119456780721,-0.016231562043547264,0.18797196043978928
20.54534828287441,0.1192273994853475,0.0054105206811824215,0.011868238913561441,0.18884462506578648
20.572733627625762,0.11066863872939414,0.015009831567151233,0.012391837689159739,0.18465583486100007
20.60099750900628,0.12436199189569289,0.009773843811168246,-0.0017453292519943296,0.1975712713257581
20.624487789825704,0.12549101327923,0.016057029118347832,-0.00820304748437335,0.20228366030614278
20.652236250958417,0.11661825275371308,0.012042771838760876,0.02111848394913139,0.19442967867216832
20.679967678276807,0.10763950631669097,0.00820304748437335,0.03874630939427412,0.19128808601857852
20.716875662778317,0.11259723139358543,0.019722220547535925,0.022165681500327987,0.2012364627549462
20.749557115147027,0.1122026382864209,0.02181661564992912,0.008377580409572781,0.20874137853852182
20.783317479990277,0.12677891902019411,-0.0013962634015954637,-0.0029670597283903604,0.21851522234969006
20.81144853859459,0.11368928693938334,-0.016231562043547264,-0.0017453292519943296,0.21362830044410594
20.834681583194385,0.09169368097636782,-0.02495820830351891,0.008552113334772215,0.20804324683772407
20.868077252338583,0.1058627047179313,-0.02548180707911721,0.009599310885968814,0.22357667718047364
20.906700057046,0.12499690734497904,-0.01937315469713706,0.00017453292519943296,0.2371902453460294
20.944150374287496,0.10656975328667166,-0.04485496177625427,0.012391837689159739,0.22619467105846514
20.958839930419554,0.08527941806808874,-0.05288347633542819,0.028972465583105872,0.2158972284716986
20.987873862173444,0.09378915002916545,-0.045553093477052,0.039269908169872414,0.2218313479284793
21.0170596939869,0.09483873229616972,-0.03647738136668149,0.026703537555513242,0.23649211364523168
21.046885984751903,0.09574438794791473,-0.040491638646268445,0.009773843811168246,0.23753931119642824
21.07225479086012,0.09148443470157239,-0.06579891280018622,0.006981317007977318,0.2345722514680379
21.091822355941645,0.07842323721758511,-0.05131268000863329,0.019547687622336492,0.22968532956245377
21.10758171831159,0.07523464956510151,-0.0307177948351002,0.031939525311496235,0.23369958684204073
21.129333229909196,0.08431942623585766,-0.027401669256310976,0.029670597283903602,0.24033183799961916
21.1546823174943,0.07594982364463203,-0.01710422666954443,0.012915436464758038,0.23631758072003223
21.179890663126518,0.0711543767510587,-0.012740903539558606,0.03595378259108319,0.22968532956245377
21.196403342186255,0.07129570046731597,0.0019198621771937625,0.0466002910282486,0.2357939819444339
21.221719656891914,0.06258589730320069,0.02111848394913139,0.04537856055185257,0.23649211364523168
21.25264093440353,0.06235742193052633,0.02548180707911721,0.020071286397934793,0.24661502330679877
21.280279282816686,0.07197227248601243,0.028972465583105872,0.019198621771937627,0.25342180738957665
21.306130614179683,0.06286705292832584,0.025830872929516076,0.020594885173533087,0.2515019452123829
21.323508461651922,0.055071715381237465,0.026878070480712675,0.02600540585471551,0.25621433419276757
21.345824975567304,0.05573852015966006,0.03717551306747922,0.023911010752322315,0.260403124397554
21.36876047452493,0.056286935197741264,0.045727626402251434,0.007330382858376184,0.2605776573227534
21.383645094539993,0.06194265638324262,0.03560471674068432,0.030892327760299633,0.2707005669843205
21.406639393584115,0.05853772205556361,0.039793506945470715,0.0317649923862968,0.2759365547403035
21.424512831664487,0.046507760458259134,0.04014257279586959,0.01780235837034216,0.27174776453551713
21.439490570150802,0.04815672794803782,0.03647738136668149,0.009075712110370514,0.28047441079548874
21.457914546335463,0.035934575207427016,0.026179938779914945,-0.017453292519943295,0.27611108766550296
21.47849147229357,0.0458591976476628,0.02199114857512855,-0.006806784082777886,0.2822197400474831
21.48825319576194,0.03879545093071331,0.03612831551628262,-0.0054105206811824215,0.27960174616949157
21.512311660436527,0.03470530551082117,0.0317649923862968,-0.012217304763960308,0.28047441079548874
21.519820847637256,0.04131246357691088,0.02111848394913139,-0.028099800957108706,0.2823942729726825
21.535751484821375,0.04243960516342732,0.019722220547535925,-0.018675022996339326,0.2806489437206882
21.55221888460434,0.011186085478319483,0.017278759594743863,-0.016755160819145562,0.26546457922833755
21.56535222889179,0.02598277240885106,0.028972465583105872,0.0010471975511965976,0.2708750999095199
21.581790829533066,0.026850669697730884,0.03298672286269283,-0.02356194490192345,0.2715732316103177
21.595939277187934,0.01297260219485305,0.014835298641951801,-0.04380776422505767,0.25743606466916363
21.612333580733708,0.01744230854831582,0.030892327760299633,-0.01815142422074103,0.25656340004316647
21.623600775934523,0.013520637588111006,0.027401669256310976,-0.011519173063162575,0.2528982086139784
21.640430578804658,0.021606620136614036,0.027052603405912107,-0.013788101090755204,0.2532472744643772
21.65201870920367,0.021332851349810174,0.027227136331111543,-0.0291469985083053,0.24382249650360785
21.6610565381783,0.03489804516705912,0.020071286397934793,-0.010821041362364843,0.25115287936198405
21.675335318097513,0.020615597425845802,0.027401669256310976,-0.01117010721276371,0.2371902453460294
21.679314191017195,0.025843550360892177,0.009948376736367679,-0.0158824961931484,0.24102996970041693
21.691327694788182,0.029146751583133033,0.010995574287564275,-0.031415926535897934,0.23230332344044527
21.703515376199366,0.02860710370143424,0.010995574287564275,-0.05881759579220891,0.2340486526924396
21.707487961046883,0.037528334044494606,0.016755160819145562,-0.04328416544945937,0.23439771854283845
21.719894112606926,0.04068230644292461,0.004886921905584123,-0.050265482457436686,0.2324778563656447
21.726801025839656,0.03561046296623388,-0.00017453292519943296,-0.05113814708343386,0.22113321622768156
21.737211422879813,0.05260625345723829,-0.0020943951023931952,-0.05166174585903215,0.2298598624876532
21.74996808585316,0.05560791285813499,-0.006457718232379019,-0.046251225177849735,0.22479840765686965
21.75691591054397,0.05421901992999028,-0.003141592653589793,-0.044331363000655974,0.21781709064889235
21.76766646661322,0.07107692619426492,-0.006981317007977318,-0.041887902047863905,0.22514747350726852
21.780809147242106,0.07392340615451334,-0.00942477796076938,-0.052534410485029326,0.22270401255447644
21.79646731933772,0.06654690743934615,-0.00942477796076938,-0.050789081233034994,0.21485003092050198
21.796004268828273,0.06708520569029829,-0.012217304763960308,-0.046774823953448036,0.21624629432209744
21.803311048972354,0.0655201053321531,0.00767944870877505,-0.05113814708343386,0.2066469834361286
21.80718641058783,0.09188581981374044,-0.011868238913561441,-0.0582939970166106,0.22165681500327988
21.814891709278413,0.08645811882361078,0.0019198621771937625,-0.06684611035138283,0.21310470166850765
21.814829202175734,0.0907662586001275,0.013788101090755204,-0.03647738136668149,0.21711895894809458
21.814593536361446,0.09507498681334228,0.0291469985083053,-0.027925268031909273,0.21537362969610027
21.81680904100822,0.08538489144802938,0.03700098014227979,-0.03665191429188092,0.2064724505109292
21.81343607576958,0.1138882062013865,0.029670597283903602,-0.04886921905584123,0.2202605516016844
21.815703108576955,0.10419241995984671,0.03752457891787808,-0.05619960191421741,0.2186897552748895
21.82221635551999,0.1126542418082741,0.04014257279586959,-0.03368485456349056,0.2272418686096617
21.831070816133945,0.10707038183093495,0.026179938779914945,-0.02356194490192345,0.22444934180647078
21.831852925273562,0.10753284065183687,0.022165681500327987,-0.030368728984701335,0.22602013813326569
21.837022879410984,0.1261274623338593,0.01832595714594046,-0.04590215932745086,0.23911010752322318
21.845977663167865,0.11663841903722733,0.014137166941154071,-0.04084070449666731,0.24102996970041693
21.84850488645443,0.10302883085993275,0.028099800957108706,-0.012740903539558606,0.23212879051524585
21.842091445192665,0.10579116317181073,0.006981317007977318,0.0029670597283903604,0.24068090385001806
21.83567300867831,0.10858641045037357,0.0015707963267948964,-0.010471975511965976,0.24713862208239706
21.827772824549907,0.12165001231678689,-0.0066322511575784525,-0.021642082724729686,0.260403124397554
21.82339904091032,0.10665507268022577,-0.018500490071139894,-0.017278759594743863,0.2633701841259443
21.81262427075804,0.08387163851002115,-0.018675022996339326,0.0029670597283903604,0.25603980126756815
21.81142999445043,0.10485554626301866,-0.025656340004316644,0.0012217304763960308,0.2741912254883092
21.81365867591708,0.09391378656861682,-0.030019663134302467,0.003665191429188092,0.2684316389567279
21.815485170208866,0.08676879325923524,-0.010297442586766544,0.0027925268031909274,0.26912977065752564
21.81616507464027,0.0898759183394209,-0.005235987755982988,0.010995574287564275,0.277332818141899
21.810936951702036,0.08525138555005557,-0.005585053606381855,0.025830872929516076,0.2741912254883092
21.805956842595357,0.08065701809276915,-0.02111848394913139,0.013264502315156905,0.2815216083466853
21.80866793523502,0.06970161012482201,-0.023212879051524585,-0.0012217304763960308,0.27715828521669955
21.8167952493501,0.08049137158066123,-0.02495820830351891,-0.0013962634015954637,0.2892010570554604
21.81969209273446,0.06568377165286073,-0.021642082724729686,0.010122909661567111,0.291469985083053
21.813879058309137,0.07140932583132963,-0.012740903539558606,0.012740903539558606,0.29565877528783946
21.815928019502408,0.07068934726829393,-0.005759586531581287,0.010995574287564275,0.29688050576423547
21.80420245082084,0.06886245941502932,-0.007330382858376184,0.028448866807507574,0.30019663134302466
21.79996314398464,0.060581082563203714,0.00471238898038469,0.032114058236695664,0.29792770331543206
21.796275059752602,0.05232416627585284,-0.0066322511575784525,0.029670597283903602,0.3028146252210162
21.799018303459913,0.0478253387626426,-0.0153588974175501,0.02111848394913139,0.3063052837250049
21.794311153671135,0.04990382044218911,-0.010821041362364843,0.023212879051524585,0.3134611336581816
21.791091009465422,0.037895944165509676,-0.022863813201125717,0.028623399732707007,0.31119220563058897
21.79439145358192,0.03338542676567907,-0.020420352248333655,0.02879793265790644,0.31450833120937816
21.79044201774922,0.0355191279395351,-0.013089969389957472,0.01884955592153876,0.31852258848896514
21.78015984545248,0.030243495845912072,-0.017976891295541596,0.024609142453120045,0.32428217502054646
21.77733074360609,0.014520259692230888,-0.01780235837034216,0.006806784082777886,0.31747539093776855
21.773833969471383,0.016742638920392763,-0.003839724354387525,0.00767944870877505,0.32306044454415045
21.764123121742067,0.007817755147429297,-0.008552113334772215,0.0005235987755982988,0.3262020371977402
21.754592452473116,0.0027544703507729005,-0.007504915783575617,-0.005061454830783556,0.3193952531149623
21.744799796174746,-0.002248540462357219,0.010471975511965976,-0.009250245035569947,0.31974431896536115
21.735504881255494,-0.010985909594882257,0.009250245035569947,-0.005759586531581287,0.31974431896536115
21.733247256172035,-0.008589064220655975,0.01117010721276371,-0.0019198621771937625,0.3220132469929538
21.716918756855442,-0.010351465662092569,0.010297442586766544,-0.0041887902047863905,0.3244567079457459
21.700840846803967,-0.008219965249275162,0.015707963267948967,0.0012217304763960308,0.3216641811425549
21.68541626879821,-0.009773685719347974,0.008552113334772215,0.026703537555513242,0.3296926957017289
21.662705544038957,-0.018414921123434715,0.022863813201125717,0.033335788713091695,0.33178709080412205
21.654597607077978,-0.02671307766941358,0.019896753472735357,0.007853981633974483,0.3296926957017289
21.625388103723225,-0.02810968849011213,0.00820304748437335,0.005934119456780721,0.33335788713091696
21.603782226628155,-0.03633378918554427,-0.0054105206811824215,0.009948376736367679,0.33457961760731303
21.588851672853632,-0.041083479814355346,0.007155849933176752,0.007330382858376184,0.34016467121369487
21.56711229245173,-0.04904032088956656,0.015707963267948967,0.013264502315156905,0.3392920065876977
21.553458818921467,-0.03942529292958147,-0.013089969389957472,0.01832595714594046,0.35255650890285456
21.532255839930222,-0.05463671714470911,-0.013439035240356337,-0.0015707963267948964,0.3501130479500625
21.511500458631367,-0.0659407701936159,-0.019722220547535925,0.00471238898038469,0.35098571257605965
21.490970982032195,-0.06295971542060667,-0.02356194490192345,0.015533430342749533,0.3569198320328404
21.47046267142583,-0.06358450799766065,-0.004014257279586958,0.023736477827122883,0.36477381366681494
21.457850150271323,-0.07128173053852604,-0.017976891295541596,0.026703537555513242,0.3584906283596353
21.445830131700387,-0.061004739579030576,-0.031939525311496235,0.026878070480712675,0.35709436495803987
21.43343294992214,-0.054383535286582685,-0.0153588974175501,0.052708943410228755,0.35796702958403703
21.40663925507402,-0.06802183483503589,-0.016231562043547264,0.06475171524898962,0.3420845333908886
21.388086061353867,-0.06426292946563039,-0.020420352248333655,0.07731808586334879,0.34243359924128747
21.362490492815663,-0.06343924155437558,-0.021467549799530253,0.08115781021773633,0.3384193419617005
21.336701170360925,-0.062445408978639615,-0.0010471975511965976,0.08936085770210968,0.3375466773357033
21.325729339984704,-0.06564135084829174,-0.010471975511965976,0.07435102613495843,0.33423055175691413
21.293007260500648,-0.07107424862930695,-0.004886921905584123,0.058643062867009474,0.3309144261781249
21.275357340816395,-0.059189241745421985,0.0005235987755982988,0.07417649320975901,0.32637657012293964
21.243398381458242,-0.06424942297828865,-0.0008726646259971648,0.04782202150464463,0.32148964821735554
21.218975577999075,-0.058747748503282016,0.01064650843716541,0.041713369122664476,0.3206169835913584
21.20226845293789,-0.05016920062453754,0.009948376736367679,0.028099800957108706,0.32271137869375155
21.177741499097074,-0.05849668117915088,-0.005759586531581287,0.0307177948351002,0.31485739705977706
21.154179131261113,-0.04886772315558002,-0.010995574287564275,0.00767944870877505,0.31171580440618724
21.123152595647607,-0.049340833602592525,0.003490658503988659,0.019547687622336492,0.30578168494940655
21.10584364229686,-0.04697983864737639,0.03769911184307752,0.028099800957108706,0.3010692959690218
21.082707258156073,-0.03692910221967797,0.05358160803622592,0.012915436464758038,0.2998475654926258
21.05248733872963,-0.036903402138996455,0.04223696789826278,-0.005585053606381855,0.2982767691658309
21.015996441538128,-0.02538775267371784,0.03159045946109736,0.02652900463031381,0.30037116426822413
20.99370928669881,-0.014866088450676327,0.034557519189487726,0.03735004599267865,0.30194196059501904
20.96977065661742,-0.018299567414350466,0.07278022980816354,0.02495820830351891,0.2953097094374406
20.940037834044233,-0.013907007916753896,0.07801621756414652,0.0301941960595019,0.29688050576423547
20.90483383178782,-0.0016326017236402304,0.04642575810304917,0.030892327760299633,0.300720230118623
20.877244621043705,0.013557969979676607,0.03700098014227979,0.020943951023931952,0.31241393610698504
20.84545310168273,-0.013288906680060247,0.04468042885105484,0.032114058236695664,0.30176742766981957
20.81779908771788,0.005893291292234839,0.06667157742618339,0.046949356878647465,0.3118903373313867
20.797055158989245,0.010192401684342054,0.06579891280018622,0.023387411976724018,0.31991885189056063
20.762606664993534,0.01618698911781724,0.056548667764616284,0.011693705988362009,0.3274237676741362
20.73339617263099,0.0041488829965829754,0.01710422666954443,-0.00471238898038469,0.3248057737961447
20.713272677048764,0.008926223049526786,0.023212879051524585,0.019198621771937627,0.3340560188317147
20.67937564273481,0.011922517284336465,0.031939525311496235,0.011868238913561441,0.3431317309420852
20.64576354452333,0.015153406757245727,0.033161255787892266,0.0013962634015954637,0.3518583772020568
20.624904470382848,0.0027925451127130746,0.015533430342749533,0.005759586531581287,0.34644785652087445
20.594135265153696,0.016871383497799635,-0.014311699866353503,0.004537856055185257,0.3611086222376268
20.56576688972089,-0.0012185362168030413,-0.01780235837034216,0.010122909661567111,0.35796702958403703
20.5332712458802,-0.0007092686212856439,-0.009599310885968814,0.013089969389957472,0.3651228795172138
20.50896117320726,0.0024573145384490834,0.0022689280275926286,0.02076941809873252,0.3755948550291797
20.483180068111295,-0.004608996852756581,-0.011519173063162575,-0.006108652381980154,0.36843900509600297
20.45772648742398,-0.011486571277283763,-0.023911010752322315,-0.0012217304763960308,0.3703588672731967
20.426412496005266,-0.013675500540515051,-0.02408554367752175,0.01117010721276371,0.37454765747798313
20.403466371112,-0.00618641329721209,-0.020071286397934793,0.02129301687433082,0.37594392087957856
20.364632362233984,-0.013783584777126356,-0.025132741228718343,0.0013962634015954637,0.37611845380477804
20.334367226937545,-0.01526659009527627,-0.030892327760299633,0.012391837689159739,0.3797836452339661
20.304205398811686,-0.012973441221994874,-0.02949606435870417,0.03438298626428829,0.3740240587023848
20.279977540275603,-0.018636783569150286,-0.014137166941154071,0.04363323129985824,0.3729768611511882
20.25057407972803,-0.019460918160134618,-0.023911010752322315,0.04066617157146788,0.3719296635999916
20.213147954315748,-0.022225598552875304,-0.02530727415391778,0.03944444109507185,0.3701843343479973
20.178542673303912,-0.014331940145142684,-0.02303834612632515,0.027401669256310976,0.3803072440095644
20.141557103072074,-0.01655346703787045,-0.01832595714594046,0.032114058236695664,0.3757693879543792
20.11847354332417,-0.02469505769054068,-0.0024434609527920616,0.026354471705114377,0.3741985916275843
20.082098113676313,-0.026422909235239156,-0.0029670597283903604,0.02181661564992912,0.3707079331235956
20.03778326792963,-0.033425721096515724,-0.014137166941154071,0.009250245035569947,0.3663446099936098
20.010261606874653,-0.02908186398019634,-0.014660765716752368,0.014311699866353503,0.3680899392456041
19.968464181649896,-0.021652032695108923,0.0301941960595019,0.020245819323134222,0.3673918075448064
19.9386017082765,-0.030691300934240495,0.029321531433504737,0.003839724354387525,0.36250488563922223
19.89512363728676,-0.03305378830420553,0.020943951023931952,0.0033161255787892262,0.35709436495803987
19.86029472052933,-0.03318845897142038,0.016580627893946133,-0.008377580409572781,0.35936329298563247
19.82537871462654,-0.03306839454763379,0.03543018381548489,0.008028514559173916,0.3611086222376268
19.790846792773202,-0.029241667305038535,0.04485496177625427,0.033335788713091695,0.3553490357060455
19.750126459679795,-0.052735392624854736,0.06283185307179587,0.0307177948351002,0.33981560536329597
19.714294168290017,-0.026142917378869982,0.05166174585903215,0.0,0.35412730522964947
19.666993178446763,-0.018297894417122366,0.044331363000655974,-0.0066322511575784525,0.3536037064540512
19.63011870271411,-0.03062030460425842,0.05689773361501515,0.006806784082777886,0.3511602455012591
19.583151007075944,-0.022146441408365893,0.06579891280018622,0.03630284844148206,0.35674529910764097
19.54336001096434,-0.04421351685654549,0.07382742735936015,0.045029494701453704,0.34592425774527613
19.496972625880325,-0.0351141233516962,0.06719517620178168,0.028448866807507574,0.35255650890285456
19.45108284928209,-0.02908731849271078,0.04136430327226561,0.017278759594743863,0.3628539514896211
19.405443636327607,-0.02272448971665179,0.020071286397934793,0.023212879051524585,0.36529741244241315
19.36627017174082,-0.046990743922741524,0.038397243543875255,0.030368728984701335,0.35709436495803987
19.32447641615064,-0.026328675385830683,0.0471238898038469,0.027401669256310976,0.37472219040318255
19.284589893428574,-0.031055797854578706,0.032114058236695664,0.020943951023931952,0.3794345793835673
19.24502419404459,-0.03547779587121748,0.005235987755982988,-0.00034906585039886593,0.3860668305411457
19.20185773636814,-0.05321050404836452,-0.0066322511575784525,-0.013439035240356337,0.3775147172063735
19.157865166603383,-0.04827314752692418,-0.012740903539558606,-0.02495820830351891,0.38013271108436497
19.123664878728945,-0.05717946316722876,-0.008726646259971648,-0.02111848394913139,0.3818780403363593
19.0850106109293,-0.06039245830303292,-0.018500490071139894,-0.016580627893946133,0.38501963298994907
19.046823524385402,-0.06331010010630704,-0.044331363000655974,-0.030892327760299633,0.3822271061867582
19.008625295473554,-0.06593441805694948,-0.044331363000655974,-0.05585053606381855,0.3830997708127553
18.975081791190835,-0.05474470284136747,-0.05183627878423159,-0.05288347633542819,0.3872885610175417
18.946285452116392,-0.05545327405481625,-0.040491638646268445,-0.019547687622336492,0.38641589639154456
18.908922549913413,-0.05725357362338327,-0.03298672286269283,0.005585053606381855,0.3846705671395502
18.876332223462928,-0.06436014764710261,-0.033510321638291124,0.003141592653589793,0.3728023282259888
18.83074853389059,-0.0668860229628748,-0.03769911184307752,0.006806784082777886,0.3672172746196069
18.79879324553541,-0.051111844245337004,-0.04258603374866164,0.01884955592153876,0.36459928074161546
18.762344562255127,-0.06761624005939454,-0.013264502315156905,0.024434609527920616,0.35255650890285456
18.73528054016256,-0.0379555799306982,-0.004886921905584123,0.039269908169872414,0.3633775502652194
18.699604803670407,-0.0539836405857603,-0.019024088846738195,0.03752457891787808,0.3518583772020568
18.668532415679245,-0.05638405659332347,-0.015707963267948967,0.017453292519943295,0.3415609346152903
18.642105807820474,-0.041952676694358704,0.0027925268031909274,0.019024088846738195,0.33737214441050395
18.60714556706309,-0.03493420586757495,0.0066322511575784525,0.015009831567151233,0.33946653951289707
18.572270248950748,-0.0244318571500768,0.031415926535897934,0.027925268031909273,0.33859387488689996
18.533097822450888,-0.027016803387600232,0.028623399732707007,0.006283185307179586,0.3309144261781249
18.49477167030621,-0.006989284762897171,0.021467549799530253,-0.00017453292519943296,0.3340560188317147
18.460283532713216,-0.014905692575303242,0.019547687622336492,-0.0020943951023931952,0.317649923862968
18.431409994683477,0.009796809873021466,0.03735004599267865,-0.01710422666954443,0.32934362985133
18.401864136562146,0.012341846872148919,0.06300638599699529,-0.025656340004316644,0.32934362985133
18.36815382135594,0.001843645043251923,0.03665191429188092,-0.0301941960595019,0.3192207201897629
18.3352643486994,0.017111484877466245,0.03298672286269283,-0.03577924966588375,0.32236231284335265
18.29741881357751,0.019380615980665917,0.04520402762665313,-0.04782202150464463,0.3181735226385663
18.25582421449011,0.027846653847920663,0.04939281783143953,-0.0322885911618951,0.3209660494417572
18.22364320557019,0.0405973074169788,0.05846852994181004,-0.018500490071139894,0.3274237676741362
18.191868310292985,0.05356027076982798,0.04485496177625427,-0.011693705988362009,0.3300417615521277
18.15113957098938,0.06278474627537085,0.03612831551628262,-0.011519173063162575,0.3331833542057175
18.11851259600162,0.05704061188466006,0.034033920413889425,-0.0041887902047863905,0.32812189937493397
18.08208292088352,0.057557546870533445,0.03874630939427412,0.006457718232379019,0.3284709652253328
18.051181877631624,0.06824952844185683,0.052185344634630454,0.004886921905584123,0.33737214441050395
18.024481534189693,0.07306244479760743,0.04642575810304917,0.006981317007977318,0.33859387488689996
17.985077364547315,0.08036858024448479,0.026703537555513242,-0.0054105206811824215,0.341037335839692
17.95719790251618,0.06328842619239021,0.009599310885968814,-0.013264502315156905,0.3347541505325124
17.92552618384037,0.055670895500462086,0.025656340004316644,-0.02600540585471551,0.3307398932529254
17.882934429988303,0.07300990080119814,0.030892327760299633,-0.025656340004316644,0.3445279943436807
17.84804148334688,0.07203960351313352,0.03752457891787808,-0.035255650890285456,0.3455751918948773
17.81913629624473,0.08426404742777588,0.009948376736367679,-0.02879793265790644,0.3513347784264585
17.78844798633503,0.07443074279239018,-0.009250245035569947,-0.04485496177625427,0.34487706019407954
17.75425535279107,0.07415338490785664,-0.006457718232379019,-0.026354471705114377,0.3469714552964727
17.71667401367939,0.08346803438347455,0.006981317007977318,-0.019896753472735357,0.3518583772020568
17.68992579648373,0.0680354915333051,0.009075712110370514,0.004537856055185257,0.3364994797845068
17.66226148672543,0.08130331104030224,-0.0029670597283903604,0.004363323129985824,0.3483677186980682
17.641832176763057,0.07598589549053436,-0.014137166941154071,0.0005235987755982988,0.34348079679248406
17.605381979180265,0.08620518871054247,-0.020420352248333655,0.0022689280275926286,0.3522074430524557
17.575808085317355,0.07785356355767327,-0.0008726646259971648,0.009773843811168246,0.34819318577286873
17.546444646863243,0.07277049925200532,0.00767944870877505,0.01937315469713706,0.33824480903650106
17.52016437649367,0.08700806892865072,-0.008726646259971648,0.011519173063162575,0.3485422516232676
17.48797520437388,0.08870356248975893,-0.014486232791552936,-0.006283185307179586,0.3492403833240654
17.456011242376483,0.09062415986395596,-0.009773843811168246,-0.010471975511965976,0.34871678454846705
17.42743846019974,0.08329844245278187,0.0010471975511965976,-0.003141592653589793,0.33964107243809655
17.395754567961998,0.08868951276556547,0.020245819323134222,0.014660765716752368,0.33719761148530447
17.361308968020406,0.10075106363843671,0.016929693744344994,0.0153588974175501,0.3427826650916863
17.3302472080337,0.10355103625480869,0.0153588974175501,-0.004014257279586958,0.3429571980168858
17.30558879200252,0.09056215124483497,0.005759586531581287,-0.010821041362364843,0.3331833542057175
17.27182407535848,0.10630629422822128,0.0158824961931484,-0.00890117918517108,0.3426081321664869
17.234837981548292,0.09718004478637803,0.03385938748868999,0.0006981317007977319,0.3307398932529254
17.201588908325764,0.11338774172535585,0.041015237421866746,-0.013264502315156905,0.3431317309420852
17.174647551282415,0.11070937508569532,0.015533430342749533,-0.020594885173533087,0.33597588100890846
17.141978583137384,0.12434504417086865,0.015533430342749533,-0.03420845333908886,0.34470252726888007
17.102961295961055,0.12574681548269173,0.014660765716752368,-0.020245819323134222,0.3429571980168858
17.073621856165683,0.13027710507983645,0.04153883619746504,-0.0158824961931484,0.3460987906704756
17.04739805647247,0.12839393706187724,0.04904375198104066,0.002617993877991494,0.34016467121369487
17.01860408762275,0.13331748909509988,0.030543261909900768,0.0019198621771937625,0.3443534614184812
16.98322848782506,0.12607380768736945,0.003665191429188092,-0.017976891295541596,0.3431317309420852
16.9548472408487,0.13142324816689724,0.01710422666954443,-0.015009831567151233,0.34819318577286873
16.924064476639476,0.14660294927577086,0.008028514559173916,-0.013089969389957472,0.3584906283596353
16.89891128497477,0.13976698277222066,0.008552113334772215,-0.015009831567151233,0.35377823937925057
16.864292870120547,0.1334413802765604,-0.007330382858376184,-0.023736477827122883,0.3511602455012591
16.836904089746465,0.13960486883921303,-0.012391837689159739,-0.005061454830783556,0.35499996985564664
16.809788876435572,0.14302664933053885,-0.015184364492350668,-0.003665191429188092,0.3581415625092364
16.780386311123635,0.1563266994874403,-0.00767944870877505,-0.017453292519943295,0.364424747816416
16.75626232518158,0.1533924956648356,-0.012566370614359171,-0.014835298641951801,0.36582101121801147
16.729929065762658,0.15448394243377697,-0.018675022996339326,-0.005934119456780721,0.3686135380212024
16.703850269428088,0.15869433977107944,-0.028099800957108706,0.009250245035569947,0.3726277953007894
16.673044166613053,0.14129539718554265,-0.03298672286269283,-0.0006981317007977319,0.36145768808802564
16.65476553533794,0.15796831308612247,-0.031415926535897934,-0.005934119456780721,0.3733259270015871
16.61969858913579,0.15753977672725764,-0.030892327760299633,-0.005585053606381855,0.3754203221039803
16.59461626708537,0.16254143438171542,-0.038397243543875255,0.0033161255787892262,0.3728023282259888
16.56975843431342,0.16483659212315518,-0.027401669256310976,0.02181661564992912,0.3778637830567724
16.535444850751855,0.16801990894410287,-0.0291469985083053,0.01937315469713706,0.3810053757103622
16.51117752439711,0.17073066003269985,-0.03630284844148206,0.013788101090755204,0.3808308427851627
16.485049947264724,0.18052598189462338,-0.0301941960595019,0.02356194490192345,0.38781215979314
16.463435706246862,0.17384164652398496,-0.03647738136668149,0.04834562028024293,0.38624136346634513
16.437834216605925,0.1869050735701236,-0.02879793265790644,0.050265482457436686,0.3933972133995219
16.406830155042996,0.17856900574292875,-0.028274333882308142,0.052185344634630454,0.3876376268679406
16.38206355171786,0.18632963490426707,-0.03735004599267865,0.0466002910282486,0.3996803987067015
16.353488028053146,0.16864696070827048,-0.039095375244672985,0.03298672286269283,0.3900810878207327
16.329193851962938,0.1825339180711168,-0.04380776422505767,0.040491638646268445,0.39566614142711454
16.30698390994453,0.1839357111273776,-0.03298672286269283,0.030019663134302467,0.3989822670059037
16.28692175152227,0.17568181054737747,-0.035255650890285456,0.01780235837034216,0.3991567999311032
16.26528718242033,0.17743365654016954,-0.031241393610698498,0.00471238898038469,0.3974114706791088
16.232350518587328,0.18748269402954995,-0.025656340004316644,0.006806784082777886,0.4056145181634822
16.203217430402894,0.1780849518223082,-0.029321531433504737,0.005061454830783556,0.3975860036043083
16.180930494674065,0.1902989759092359,-0.03874630939427412,0.004537856055185257,0.40474185353748504
16.160195177351675,0.19000495493898018,-0.0153588974175501,-0.005235987755982988,0.40474185353748504
16.131730009692273,0.18407267548152217,-0.015707963267948967,0.012740903539558606,0.3989822670059037
16.11159243991232,0.18415146744618885,-0.0020943951023931952,0.023387411976724018,0.40177479380909464
16.080612674202094,0.19560806843113948,0.0024434609527920616,0.026179938779914945,0.40055306333269863
16.061327740381145,0.19887014090743524,-0.0012217304763960308,0.019896753472735357,0.4028219913602913
16.032334380093396,0.20088085291145633,0.0029670597283903604,0.025656340004316644,0.4038691889114879
16.013521806354333,0.20449574052883587,0.014137166941154071,0.026354471705114377,0.4036946559862884
15.994940382974624,0.2054722792075386,0.025830872929516076,0.027401669256310976,0.4092797095926703
15.967989028205363,0.19818979968759953,0.03560471674068432,0.024609142453120045,0.40491638646268446
15.947457937702671,0.21935566841754978,0.04485496177625427,0.026703537555513242,0.4146902302738527
15.922330483260241,0.20256023500143586,0.04537856055185257,0.018675022996339326,0.4089306437422714
15.8939350664982,0.21299056902066282,0.03630284844148206,0.04014257279586959,0.4167846253762459
15.875615223299501,0.2247850144152151,0.05846852994181004,0.029321531433504737,0.42289327775822605
15.850082810294932,0.21300338708256913,0.053407075111026485,0.013264502315156905,0.42586033748661645
15.822610664952986,0.22134001884797166,0.05445427266222309,0.02757620218151041,0.4305727264670011
15.796690301417193,0.219967841517222,0.04206243497306335,0.023387411976724018,0.4384267081009756
15.772736648587859,0.20166902864500338,0.044331363000655974,0.014835298641951801,0.4284783313646079
15.744556653335293,0.22787023076598534,0.034033920413889425,0.0,0.4485496177625427
15.719519147277289,0.22444119974576585,0.023736477827122883,0.0020943951023931952,0.4513421445657336
15.695489400939172,0.21127643416093805,0.02303834612632515,0.003490658503988659,0.4522148091917308
15.68096107834109,0.209073585531588,0.013962634015954637,-0.0020943951023931952,0.45169121041613247
15.656629153293396,0.20628045982735918,0.018500490071139894,-0.005759586531581287,0.4565781323217166
15.622116717818349,0.21028039527814887,0.006981317007977318,-0.0029670597283903604,0.4663519761328848
15.598554628851588,0.20526024428740905,0.002617993877991494,-0.007853981633974483,0.46355944932969395
15.575900297907856,0.19320082861395466,-0.013788101090755204,-0.006806784082777886,0.46390851518009285
15.551869822065964,0.20587820065468662,-0.024783675378319478,-0.004537856055185257,0.4787438138220446
15.540150441826862,0.18475376500443969,-0.024260076602721184,-0.014835298641951801,0.46670104198328377
15.507306422952714,0.18740231762905696,-0.026354471705114377,-0.015707963267948967,0.47350782606606157
15.485395249383147,0.18347871767161691,-0.044156830075456545,-0.017976891295541596,0.4705407663376713
15.473666336125907,0.18011451626081537,-0.04293509959906051,-0.02129301687433082,0.4738568919164605
15.452104247073423,0.17656163337457917,-0.0301941960595019,-0.008552113334772215,0.4733332931408622
15.43113945821664,0.1732131556551346,-0.04328416544945937,0.0033161255787892262,0.4710643651132696
15.409894055142116,0.18006391771231892,-0.025656340004316644,0.005934119456780721,0.4715879638888678
15.38944252941867,0.1771160830771234,-0.02181661564992912,0.03700098014227979,0.46390851518009285
15.369247292214622,0.1870451110637077,-0.020420352248333655,0.04153883619746504,0.4677482395344803
15.349431139906049,0.17716063972309007,-0.009599310885968814,0.03769911184307752,0.45465827014452287
15.319932244911728,0.1747595871962108,-0.005585053606381855,0.055326937288220246,0.45710173109731495
15.300727151819288,0.17528489041977158,-0.0033161255787892262,0.054105206811824215,0.4560545335461183
15.28173622023946,0.1859864242068689,0.013788101090755204,0.04380776422505767,0.4527384079673291
15.263280047563304,0.17686198249370222,0.010297442586766544,0.03961897402027128,0.4485496177625427
15.245171735075548,0.19056743613496735,0.016755160819145562,0.031241393610698498,0.4513421445657336
15.217546300150563,0.19932169867259347,0.022514747350726852,0.02879793265790644,0.4564035993965172
15.199521516090094,0.18340253335002657,0.02949606435870417,0.014486232791552936,0.43825217517577614
15.182446672155208,0.1976307999923894,0.039269908169872414,-0.006981317007977318,0.4461061568097507
15.165490721711109,0.19936818679371487,0.041713369122664476,-0.013788101090755204,0.44244096538056255
15.138912266816844,0.20428582648942165,0.03822271061867582,-0.03612831551628262,0.43877577395137446
15.123116733593852,0.21636552452921706,0.03752457891787808,-0.031241393610698498,0.44401176170735746
15.097305813900448,0.22170830560250057,0.0322885911618951,-0.030892327760299633,0.44802601898694444
15.081725557828399,0.22413458650807927,0.033335788713091695,-0.01884955592153876,0.44662975558534895
15.066541078060936,0.22670482983718024,0.03246312408709453,-0.024783675378319478,0.44575709095935173
15.040951142092736,0.22266478031489445,0.03752457891787808,-0.032114058236695664,0.4445353604829557
15.026344969609163,0.22555961191882204,0.04014257279586959,-0.028972465583105872,0.4420918995301637
15.002165428469416,0.2319021498415738,0.033510321638291124,-0.041189770347066175,0.4482005519121438
14.979139437174018,0.24320340453298359,0.017976891295541596,-0.05235987755982989,0.4590215932745087
14.954841064334234,0.23739750517609814,0.020071286397934793,-0.061784655520599266,0.4522148091917308
14.931725726091898,0.24178093457783945,0.007330382858376184,-0.0651007810993885,0.4579743957233121
14.919699447214988,0.25546460561289264,0.011693705988362009,-0.07225663103256524,0.46478117980608996
14.89538631513254,0.23770809803331505,0.02111848394913139,-0.07330382858376185,0.45483280306972235
14.873183440196136,0.24268617467663733,0.02303834612632515,-0.05811946409141117,0.45832346157371096
14.853448923680741,0.26517365403759,0.01815142422074103,-0.03612831551628262,0.47123889803846897
14.821170570609146,0.2590807274124624,0.0153588974175501,-0.02199114857512855,0.4658283773572866
14.800125812598914,0.26212762083693214,0.016755160819145562,-0.006108652381980154,0.4682718383100786
14.779437878689508,0.2679561150689986,0.009075712110370514,-0.0006981317007977319,0.4687954370856769
14.759197880867143,0.26882439377353007,0.00767944870877505,0.006981317007977318,0.4708898321880701
14.739272509230624,0.2724676406829967,0.01117010721276371,0.0307177948351002,0.4728096943652639
14.719648236870201,0.2763030246978593,0.023387411976724018,0.0291469985083053,0.47734755042044913
14.700484211804037,0.28032720755533475,0.013439035240356337,0.015184364492350668,0.47752208334564855
14.681672036896144,0.2819744033100815,0.020071286397934793,0.007330382858376184,0.48328166987722987
14.661868513726578,0.276473094922573,-0.0010471975511965976,-0.004363323129985824,0.4771730174952497
14.635335008635925,0.28987191469274054,0.005759586531581287,-0.0013962634015954637,0.48677232838121853
14.616018403639229,0.28223751034567657,0.032637657012293965,-0.0027925268031909274,0.48171087355043496
14.600290449651375,0.294544471105442,0.026354471705114377,-0.019547687622336492,0.4862487296056202
14.57190241816004,0.28890749025242235,0.016580627893946133,-0.0466002910282486,0.48677232838121853
14.555337972022704,0.291733954224468,0.005235987755982988,-0.03595378259108319,0.4824090052512327
14.539025802966158,0.29726525450806385,0.018500490071139894,-0.030892327760299633,0.4871213942316174
14.513359454838751,0.2996594114425465,0.03246312408709453,-0.024434609527920616,0.48973938810960893
14.48997110239512,0.3146798705800943,0.008377580409572781,-0.022514747350726852,0.4923573819876004
14.463283074856465,0.310287677467888,-0.0012217304763960308,-0.021467549799530253,0.4951499087907913
14.448657905543788,0.3140583421866763,-0.012566370614359171,-0.020245819323134222,0.4900884539600078
14.424622533702987,0.3174267763709049,-0.021642082724729686,-0.029670597283903602,0.4989896331451788
14.398918449433465,0.31376335469924316,-0.024609142453120045,-0.032114058236695664,0.49637163926718736
14.37773885605109,0.3274172379052937,-0.028623399732707007,-0.033161255787892266,0.5021312257987686
14.364769148229646,0.3294029061090435,-0.046251225177849735,-0.05480333851262195,0.511556003759538
14.34259271283968,0.33118829260039245,-0.07260569688296412,-0.06422811647339133,0.5105088062083414
14.325941720911938,0.3164959140067231,-0.07993607974134029,-0.07557275661135447,0.5009094953223726
14.313949075467276,0.31895743994636616,-0.07958701389094143,-0.08272860654453122,0.5019566928735693
14.294912103121451,0.3335875934253262,-0.08220500776893293,-0.0853466004225227,0.509112542806746
14.27421326638297,0.3362074941570662,-0.09302604913129776,-0.07435102613495843,0.508763476956347
14.261202752892672,0.33191150317910834,-0.10384709049366261,-0.04974188368183839,0.5054473513775578
14.250897435608783,0.33246967088879315,-0.0958185759344887,-0.0481710873550435,0.5092870757319453
14.23824545980838,0.3284334294298715,-0.0932005820564972,-0.02652900463031381,0.4953244417159907
14.218698804626396,0.3342683965501433,-0.08203047484373349,-0.034033920413889425,0.49811696851918164
14.204176688159112,0.3208687970263967,-0.08080874436733745,-0.015533430342749533,0.4864232625308197
14.188418752651847,0.3391951556967205,-0.0853466004225227,-0.014137166941154071,0.4954989746411902
14.170101214120804,0.34805418454400044,-0.06632251157578453,0.0017453292519943296,0.4892157893340106
14.159361832375609,0.3447348616436008,-0.059166661642607775,0.023387411976724018,0.4862487296056202
14.141979129287124,0.35392342002649557,-0.052185344634630454,0.026878070480712675,0.49323004661359754
14.122046213885707,0.35369961385591825,-0.0301941960595019,0.04153883619746504,0.48153634062523554
14.114941265596764,0.36036288587836696,-0.005235987755982988,0.025656340004316644,0.48432886742842646
14.093055420955508,0.35337423195712997,0.003141592653589793,0.035255650890285456,0.47542768824325543
14.083275094276871,0.38232828441008276,0.02129301687433082,0.025830872929516076,0.4899139210348083
14.062142569292021,0.37325887256317314,0.02757620218151041,0.027227136331111543,0.48729592715681685
14.043965133668832,0.4030920785639145,0.040491638646268445,0.04136430327226561,0.4993386989955777
14.032783063687765,0.39132129147470746,0.0645771823237902,0.003141592653589793,0.4968952380427856
14.012443743362539,0.41201085927808745,0.07714355293814937,0.018675022996339326,0.5099852074327431
13.998980417167084,0.38860632817228774,0.07243116395776468,0.024434609527920616,0.49741883681838395
13.98922167066467,0.40642246721206715,0.06876597252857658,0.013962634015954637,0.5117305366847374
13.973322228592053,0.40303649734469954,0.0651007810993885,0.012566370614359171,0.5185373207675154
13.95160493425913,0.4126068878846683,0.06824237375297829,-0.005061454830783556,0.5288347633542818
13.939950296701102,0.41656766993046523,0.060039326268604934,-0.0019198621771937625,0.534943415736262
13.925184811095562,0.4112838195407999,0.06091199089460211,-0.011693705988362009,0.5461135229490257
13.911028529250627,0.4061690310211052,0.04310963252425994,-0.02181661564992912,0.5443681936970314
13.891505381593378,0.41170336160350895,0.02303834612632515,-0.01937315469713706,0.554665636283798
13.887334558745856,0.4009066959092002,0.012391837689159739,-0.03246312408709453,0.5529203070318036
13.868387840006394,0.4068119542243289,0.020594885173533087,-0.034033920413889425,0.5590289594137837
13.85930487198987,0.40921354464133175,0.0164060949687467,-0.014137166941154071,0.5651376117957639
13.850906426803647,0.4093085681269728,0.009599310885968814,-0.0029670597283903604,0.5670574739729577
13.839145012993713,0.40268993361182387,0.0008726646259971648,-0.005934119456780721,0.5670574739729577
13.827736018137946,0.3938016551151364,-0.00820304748437335,0.016929693744344994,0.5667084081225587
13.811358308894992,0.39818469605074347,-0.016755160819145562,0.01832595714594046,0.5721189288037413
13.805711436734644,0.3788600222634018,-0.019198621771937627,0.023736477827122883,0.563566815468969
13.790119630491391,0.3835734139395912,-0.015009831567151233,0.02129301687433082,0.568802803224952
13.784257996182118,0.3867897492385204,-0.02652900463031381,0.01780235837034216,0.5681046715241542
13.779756850040076,0.365331505307681,-0.03246312408709453,0.023736477827122883,0.5644394800949663
13.769899536549294,0.37955947123557576,-0.03769911184307752,0.045553093477052,0.5778785153353225
13.760982601455702,0.37395909205539246,-0.039095375244672985,0.046251225177849735,0.5726425275793395
13.752579831592266,0.36606694909688064,-0.041015237421866746,0.05707226654021458,0.5691518690753509
13.748789037803476,0.3672864194258652,-0.033510321638291124,0.0614355896702004,0.5733406592801373
13.736585706655898,0.37295887983833853,-0.03804817769347639,0.0747000919853573,0.5738642580557356
13.729731931508397,0.36537466671067254,-0.054279739737023644,0.06684611035138283,0.5717698629533423
13.71862388516252,0.37131548082239774,-0.059166661642607775,0.07906341511534314,0.5806710421385135
13.712249229266586,0.34397073341783413,-0.06719517620178168,0.08482300164692443,0.562345084992573
13.701741466302556,0.35015810128725433,-0.06265732014659643,0.07766715171374766,0.5738642580557356
13.695939422893975,0.34296775516478445,-0.04991641660703782,0.061784655520599266,0.5691518690753509
13.69071511324154,0.33824125041981024,-0.05637413483941684,0.03944444109507185,0.56635934227216
13.685726476183026,0.3335830772024544,-0.05183627878423159,0.031066860685499065,0.5632177496185702
13.672549574415175,0.33140661830829227,-0.05480333851262195,0.01710422666954443,0.5605997557405786
13.67303242755943,0.335664558957769,-0.044331363000655974,0.015184364492350668,0.5600761569649804
13.655566270028075,0.32977806168112783,-0.03874630939427412,0.012042771838760876,0.5536184387326014
13.64839077356368,0.3390859992345716,-0.03490658503988659,0.0158824961931484,0.5574581630869889
13.649179318958792,0.3235443478849697,-0.031939525311496235,0.019896753472735357,0.5417501998190398
13.637307076566884,0.32672643268498164,-0.012740903539558606,0.02949606435870417,0.5365142120630569
13.634977545627164,0.32494825473667444,-0.00890117918517108,0.041713369122664476,0.5316272901574728
13.624564417620139,0.33071728995801186,-0.01710422666954443,0.03752457891787808,0.533721685259866
13.620002921444486,0.3427806281435097,-0.01937315469713706,0.05637413483941684,0.5345943498858631
13.604935203967212,0.34022931886574564,-0.00471238898038469,0.08482300164692443,0.5312782243070739
13.604340764059586,0.3410683831791941,-0.0033161255787892262,0.07906341511534314,0.5251695719250937
13.590227095538474,0.3363963536811078,0.004886921905584123,0.07452555906015788,0.5237733085234983
13.587300396314394,0.35113714218996134,0.00471238898038469,0.05951572749300664,0.5291838292046808
13.573745759902469,0.3490908543790562,0.020071286397934793,0.04852015320544237,0.5262167694762904
13.569619193067624,0.3417431701074564,0.011519173063162575,0.06946410422937431,0.5216789134211051
13.562229937374473,0.3483013147407454,0.024260076602721184,0.060039326268604934,0.5248205060746949
13.549919554726738,0.34661501273351103,0.025132741228718343,0.03298672286269283,0.5251695719250937
13.543542673705096,0.3533634908988848,0.021467549799530253,0.00471238898038469,0.5267403682518886
13.54031257494043,0.3439306717358227,0.019896753472735357,0.010471975511965976,0.5312782243070739
13.531984431025144,0.32866540690429025,0.006457718232379019,0.02600540585471551,0.5178391890667176
13.52652035593545,0.3379877064609786,0.013089969389957472,0.03961897402027128,0.5194099853935125
13.516140772978455,0.3368309269979841,0.0012217304763960308,0.01780235837034216,0.5183627878423158
13.505952597567942,0.3357919680734792,-0.0029670597283903604,0.0,0.5204571829447091
13.501963935218184,0.3429858346495348,-0.006806784082777886,0.00034906585039886593,0.5283111645786835
13.494747823067682,0.32817165769228984,-0.008552113334772215,0.024609142453120045,0.5185373207675154
13.493612276121224,0.32385287653530975,-0.011868238913561441,0.033510321638291124,0.5145230634879283
13.476782020881704,0.3291251076466634,-0.011868238913561441,0.020071286397934793,0.516791991515521
13.474376201684676,0.3365706191364052,-0.016580627893946133,0.02129301687433082,0.5185373207675154
13.460267097590005,0.3304686230510672,-0.014137166941154071,0.03647738136668149,0.5141739976375295
13.452584447390715,0.3301035637396308,-0.009250245035569947,0.046774823953448036,0.5153957281139255
13.446983642170183,0.31814205796572104,-0.011344640137963142,0.057246799465414014,0.5068436147791533
13.446069069294094,0.3281548900511546,-0.00820304748437335,0.031241393610698498,0.5141739976375295
13.433185556738108,0.32250275119007166,-0.019198621771937627,0.016231562043547264,0.5096361415823443
13.426892892115708,0.3224534409837194,-0.015009831567151233,0.014486232791552936,0.5066690818539539
13.42053673111468,0.32481895445344117,0.012566370614359171,0.005759586531581287,0.5089380098815465
13.400675793567254,0.325834591356691,0.01780235837034216,0.005235987755982988,0.5080653452555494
13.395612829360202,0.32840166936035975,0.00820304748437335,-0.003665191429188092,0.5054473513775578
13.385020358311495,0.325684651475983,-0.017976891295541596,0.005061454830783556,0.4979424355939822
13.379075224340834,0.34248982972999936,-0.016057029118347832,-0.010471975511965976,0.508763476956347
13.368103252680221,0.33764748863890565,0.00034906585039886593,0.011868238913561441,0.5024802916491674
13.365582216039703,0.32639985113920705,-0.0041887902047863905,0.020594885173533087,0.49462631001519297
13.354496718453447,0.3381826137177449,-0.004537856055185257,0.03159045946109736,0.49759336974358337
13.34521917568517,0.3336390785290326,-0.023911010752322315,0.013788101090755204,0.49584804049158904
13.342622142536642,0.33901247173243265,-0.034033920413889425,0.0317649923862968,0.4921828490624009
13.339993316550853,0.3444194784574148,-0.023387411976724018,0.011868238913561441,0.4991641660703783
13.34500379896503,0.3408235630562415,-0.011344640137963142,-0.0006981317007977319,0.4954989746411902
13.34369632143416,0.3462514121839561,-0.022689280275926284,0.028274333882308142,0.49864056729477996
13.35753278775005,0.33581615585158864,-0.04485496177625427,0.0328121899374934,0.49357911246399644
13.356712107492848,0.341215383899502,-0.06056292504420324,0.03752457891787808,0.49340457953879696
13.363552636500737,0.33978050616573796,-0.06405358354819189,0.039968039870670144,0.4878195259324151
13.37642902747446,0.34553887913051967,-0.04014257279586959,0.03490658503988659,0.48729592715681685
13.39732474190679,0.3442472418984712,-0.03595378259108319,0.004363323129985824,0.4878195259324151
13.412935530090067,0.33790993829411486,-0.07522369076095561,-0.003490658503988659,0.48205993940083386
13.435354142076147,0.33624823069988335,-0.10419615634406147,0.0008726646259971648,0.4818854064756344
13.443381333429564,0.33663265946413334,-0.10018189906447451,-0.012740903539558606,0.4761258199440531
13.458513763651464,0.3298894698360115,-0.08674286382411818,-0.028099800957108706,0.4691445029360758
13.466498577262513,0.34658952225808437,-0.07347836150896127,-0.052185344634630454,0.4687954370856769
13.47585465034417,0.33493286795380656,-0.07644542123735164,-0.053407075111026485,0.45413467136892455
13.485837041102219,0.3373430977356245,-0.09197885158010118,-0.034732052114687155,0.45169121041613247
13.495165117809998,0.35381572942905093,-0.07295476273336297,-0.019024088846738195,0.4522148091917308
13.504938443830808,0.3560663657964486,-0.06649704450098395,-0.024609142453120045,0.4485496177625427
13.514639411689602,0.3605918080162063,-0.05637413483941684,-0.010995574287564275,0.4431390970813603
13.531477852116161,0.3577582113619765,-0.04310963252425994,-0.011868238913561441,0.4368559117741807
13.535074030464902,0.3552586380424461,-0.04834562028024293,-0.011693705988362009,0.4317944569433972
13.539589498743382,0.352735589546637,-0.055326937288220246,0.019024088846738195,0.42830379843940847
13.550639224314905,0.37107989415063075,-0.032637657012293965,0.00942477796076938,0.43755404347497845
13.55431739274603,0.3708339012596624,-0.016580627893946133,-0.008552113334772215,0.4298745947662034
13.566431799697668,0.37489358651148774,-0.010821041362364843,-0.012391837689159739,0.42970006184100396
13.57852162111086,0.3788561208517716,0.00034906585039886593,-0.0020943951023931952,0.4284783313646079
13.584619786748116,0.39020047961480775,0.0024434609527920616,0.007155849933176752,0.4366813788489812
13.587838048606736,0.37564573745629953,0.026703537555513242,0.0158824961931484,0.4293509959906051
13.594274248234916,0.3727987467060406,0.017627825445142728,0.01884955592153876,0.4331907203449926
13.608522230555455,0.3905537763368577,0.02775073510670984,0.027401669256310976,0.44121923490416654
13.621383736562318,0.37761353164252937,0.02757620218151041,0.010122909661567111,0.43720497762457955
13.627536421094021,0.3745702525555425,0.0328121899374934,0.023736477827122883,0.4366813788489812
13.640286878060442,0.3779167951104319,0.05497787143782138,0.005759586531581287,0.4413937678293659
13.655388334664613,0.3787641251784253,0.041713369122664476,0.002617993877991494,0.45081854579013536
13.656017962247777,0.3808306761152785,0.045553093477052,0.011519173063162575,0.4494222823885399
13.663528613618597,0.37754307979022667,0.040317105721069016,0.0024434609527920616,0.4494222823885399
13.671326875181785,0.3718138041700282,0.03577924966588375,0.01832595714594046,0.4445353604829557
13.68025249642522,0.3800824476460465,0.045029494701453704,-0.0054105206811824215,0.45692719817211547
13.694188949058862,0.3663980393888652,0.05113814708343386,-0.012915436464758038,0.4527384079673291
13.712261102778628,0.37828777849487316,0.039793506945470715,-0.008726646259971648,0.45989425790050587
13.712527478389061,0.36845843094722547,0.04066617157146788,-0.005235987755982988,0.45151667749093305
13.722516587872187,0.37399277866734854,0.04904375198104066,-0.029845130209103034,0.4564035993965172
13.732087797847925,0.3678107829647433,0.033335788713091695,-0.044156830075456545,0.45413467136892455
13.734976071554637,0.36951817870185827,0.03892084231947355,-0.04153883619746504,0.4576253298729132
13.754211070386637,0.38082552766750527,0.03560471674068432,-0.044156830075456545,0.46739917368408146
13.756280684777545,0.36841901743271604,0.027227136331111543,-0.04642575810304917,0.4550073359949217
13.760046139789987,0.36998728085874005,0.026703537555513242,-0.02600540585471551,0.45832346157371096
13.778098749012509,0.3693519110478259,0.03385938748868999,-0.004014257279586958,0.45814892864851153
13.793408765604061,0.38821440293821774,0.02548180707911721,0.012566370614359171,0.4677482395344803
13.80141891194672,0.3674909437414704,0.031415926535897934,0.02199114857512855,0.4579743957233121
13.806699455036386,0.3663850654972953,0.025656340004316644,0.03508111796508603,0.4612905213021013
13.817976976828668,0.35946511271670656,0.028099800957108706,0.02757620218151041,0.46041785667610413
13.826555456866192,0.372164629384681,0.019896753472735357,0.017627825445142728,0.4680973053848792
13.846915164814124,0.36832138726701563,0.0054105206811824215,0.012217304763960308,0.4677482395344803
13.84484929812587,0.3612900705792801,0.0041887902047863905,0.0015707963267948964,0.4658283773572866
13.856841390649905,0.35400709721863255,0.005759586531581287,0.003490658503988659,0.46338491640449453
13.866578056395747,0.3663834837313671,0.006457718232379019,-0.003839724354387525,0.47298422729046335
13.879964273146305,0.3564766517355761,-0.006108652381980154,-0.014137166941154071,0.4649557127312894
13.890429783023645,0.36866553591802725,-0.014486232791552936,-0.026703537555513242,0.4722860955896656
13.895146074222906,0.35310076297074633,-0.009075712110370514,-0.039269908169872414,0.4654793115068877
13.906323313714207,0.3651288513652972,-0.017453292519943295,-0.04223696789826278,0.4708898321880701
13.923535754377081,0.36861517902897933,-0.026354471705114377,-0.0439822971502571,0.47420595776685937
13.927034723982205,0.3750956660959638,-0.030543261909900768,-0.03682644721708035,0.4745550236172582
13.933249486324824,0.359284536677489,-0.040317105721069016,-0.046251225177849735,0.46338491640449453
13.942558553903536,0.3596144230788516,-0.04450589592585541,-0.04468042885105484,0.46338491640449453
13.95403584360772,0.3910212643570622,-0.0439822971502571,-0.047647488579445195,0.4836307357276287
13.965887892023584,0.3664519363871921,-0.0466002910282486,-0.031939525311496235,0.46443211395569106
13.97128540214304,0.37510642673582806,-0.05550147021341968,-0.026354471705114377,0.461988653002899
13.981588693480967,0.3726677215507808,-0.057944931166211744,-0.039095375244672985,0.46059238960130355
13.987438003367396,0.3787728747514736,-0.05009094953223726,-0.016231562043547264,0.4682718383100786
13.998896976492013,0.37861055675779326,-0.05515240436302082,-0.010122909661567111,0.4654793115068877
14.010714147409761,0.37590820718416795,-0.05358160803622592,-0.005759586531581287,0.46460664688089054
14.017580653828908,0.3818108280983915,-0.054628805587422516,-0.008726646259971648,0.46303585055409563
14.029683837922713,0.378924767778805,-0.04974188368183839,-0.003665191429188092,0.4686209041604775
14.038088091933783,0.3647917306129417,-0.04206243497306335,0.00471238898038469,0.45779986279811263
14.054962918797939,0.37773173143707217,-0.04310963252425994,0.004537856055185257,0.4628613176288962
14.059143514545928,0.36976265830957145,-0.04223696789826278,0.031066860685499065,0.4611159883769019
14.067594938023769,0.3777490141955186,-0.03438298626428829,0.038397243543875255,0.46478117980608996
14.076631232289808,0.36085318275203515,-0.024783675378319478,0.03420845333908886,0.4588470603493092
14.09500031475007,0.3708656133839182,-0.02181661564992912,0.015533430342749533,0.46617744320768545
14.100312045193746,0.38500680499681533,-0.02303834612632515,0.013962634015954637,0.47542768824325543
14.11527044213632,0.36139988645174553,-0.02495820830351891,0.01815142422074103,0.461988653002899
14.121046807745552,0.3530532175617777,-0.01710422666954443,0.015009831567151233,0.4590215932745087
14.130399286579106,0.3605382197453717,0.005759586531581287,-0.004363323129985824,0.4640830481052922
14.151281686824717,0.3698927290599037,-0.005585053606381855,0.003141592653589793,0.47420595776685937
14.158601823690566,0.36131137840421684,-0.013089969389957472,0.009599310885968814,0.46722464075888204
14.174105033714937,0.3570157622245693,-0.0,0.02234021442552742,0.46600291028248597
14.176588435435887,0.357307232888627,0.010122909661567111,0.02076941809873252,0.4687954370856769
14.197478669177462,0.36609100329951383,0.019896753472735357,0.03944444109507185,0.4785692808968452
14.205892574653873,0.35718488525360054,0.01117010721276371,0.05235987755982989,0.47211156266446613
14.21882677655276,0.35899152251074934,0.011693705988362009,0.06771877497737998,0.47769661627084803
14.230845508672001,0.3408176854745602,0.02129301687433082,0.08482300164692443,0.46670104198328377
14.24434753712514,0.3448742746296626,0.02757620218151041,0.07853981633974483,0.4743804906920588
14.257916964045029,0.34632213532314243,0.038397243543875255,0.08447393579652555,0.482932604026831
14.267642301563638,0.33696863195953425,0.02757620218151041,0.09529497715889039,0.48048914307403895
14.276542910770688,0.3275367349261124,0.03246312408709453,0.10471975511965978,0.47630035286925254
14.291384115165624,0.32864376010867097,0.033335788713091695,0.10471975511965978,0.48415433450322704
14.305932169164292,0.32961219902979305,0.053407075111026485,0.10838494654884787,0.48694686130641796
14.320219250670318,0.30813589280999937,0.044331363000655974,0.11431906600562858,0.4794419455228423
14.330461366321869,0.29829226296062894,0.0460766922526503,0.09930923443847736,0.4794419455228423
14.339127246329994,0.3149190289737703,0.045029494701453704,0.09128071987930345,0.4942772441647941
14.34773381165205,0.2826195565526859,0.05305800926062762,0.08813912722571364,0.4801400772236401
14.360482897521877,0.2922724310160365,0.058643062867009474,0.08220500776893293,0.4909611185860049
14.381159340878472,0.2831376643880076,0.05759586531581288,0.09145525280450287,0.48502699912922415
14.385948783066857,0.2889608571895882,0.044331363000655974,0.08744099552491591,0.49078658566080546
14.397814127281272,0.27601094180915786,0.04241150082346221,0.09913470151327791,0.4874704600820162
14.406149939812591,0.2723351617548253,0.0486946861306418,0.09354964790689607,0.4852015320544236
14.417936182605347,0.2591792069756776,0.05131268000863329,0.09407324668249435,0.48153634062523554
14.433473645927016,0.26810601231435166,0.03892084231947355,0.08447393579652555,0.48432886742842646
14.436601348213927,0.25390616125720245,0.03787364476827695,0.0926769832808989,0.4740314248416599
14.446353656993555,0.25240197491182986,0.0301941960595019,0.07452555906015788,0.47542768824325543
14.459380974018238,0.2413459121964513,0.03612831551628262,0.06056292504420324,0.4745550236172582
14.472612009062683,0.2301690708782539,0.03385938748868999,0.05201081170943102,0.4665265090580843
14.483463766871129,0.22836342328009257,0.023911010752322315,0.05811946409141117,0.4640830481052922
14.49121151294933,0.23849946886344467,0.016929693744344994,0.041887902047863905,0.46216318592809846
14.50797240319746,0.22000137574306636,0.024609142453120045,0.03595378259108319,0.4459316238845512
14.519077997540093,0.22295628228298905,0.027227136331111543,0.055326937288220246,0.4482005519121438
14.530527569449653,0.22327927688581276,0.03647738136668149,0.05881759579220891,0.4483750848373433
14.535892510299957,0.21354808836194367,0.030543261909900768,0.0635299847725936,0.43127085816779887
14.541631206772113,0.20631129158789419,0.02111848394913139,0.04921828490624009,0.4262094033370153
14.560835875245626,0.22135653219696153,0.020245819323134222,0.021467549799530253,0.43127085816779887
14.578966741584104,0.20718049482486475,0.02408554367752175,0.028623399732707007,0.4155628948998498
14.58894556044557,0.22168420492830204,0.026354471705114377,0.0307177948351002,0.42132248143143114
14.597603661585326,0.2045150332706982,0.0322885911618951,0.02652900463031381,0.40858157789187255
14.60867587256142,0.2214050612083645,0.02548180707911721,0.005061454830783556,0.4129449010218584
14.62784048123493,0.20672786928093398,0.025830872929516076,-0.003665191429188092,0.4050909193878839
14.639781916942601,0.22341229386667366,0.012740903539558606,-0.006108652381980154,0.4077089132658754
14.659029165386853,0.21101311407947151,0.016231562043547264,-0.006108652381980154,0.3967133389783111
14.67313097238753,0.2178099998835858,0.018675022996339326,0.0013962634015954637,0.3974114706791088
14.685752351178463,0.2341771454311058,0.014486232791552936,-0.005759586531581287,0.4043927876870862
14.693664417264023,0.23117033542130797,0.00890117918517108,-0.009599310885968814,0.3923500158483253
14.709118244950394,0.23765808077253298,0.013264502315156905,-0.007155849933176752,0.39549160850191506
14.717933450811916,0.23450398659121907,-0.005759586531581287,-0.003839724354387525,0.38903389026953605
14.731537711958534,0.2505022087919027,-0.008726646259971648,0.007853981633974483,0.39165188414752755
14.742862781840504,0.23747097753310473,-0.023387411976724018,0.0029670597283903604,0.3822271061867582
14.74677996379728,0.25357909270955303,-0.016057029118347832,0.0027925268031909274,0.39025562074593206
14.744273885775211,0.2576806577901776,-0.017976891295541596,0.011519173063162575,0.39025562074593206
14.743737942601731,0.2494754744925093,-0.00890117918517108,0.014486232791552936,0.3886848244191372
14.741437330757577,0.2536150261123849,-0.011344640137963142,0.004886921905584123,0.38781215979314
14.729852493066456,0.25566331779911233,-0.015533430342749533,0.003665191429188092,0.3923500158483253
14.720906845594024,0.2454536859882314,-0.023212879051524585,-0.0019198621771937625,0.3876376268679406
14.717251374770838,0.25950687510726667,-0.0153588974175501,-0.0024434609527920616,0.3939208121751202
14.714694742648572,0.26122384412202043,0.019547687622336492,0.002617993877991494,0.39723693775390945
14.708556519623547,0.24395118546868297,0.005759586531581287,-0.0006981317007977319,0.38781215979314
14.69677126847737,0.25361223823778434,-0.006806784082777886,0.0017453292519943296,0.3988077340807043
14.697541641918745,0.2481770527623316,0.011344640137963142,-0.006457718232379019,0.3907792195215304
14.685535105070613,0.25798671653638094,0.019024088846738195,-0.012042771838760876,0.39479347680111737
14.677467088533936,0.24822301063169894,0.026179938779914945,0.006108652381980154,0.39147735122232813
14.657671442244665,0.24916680648745662,0.03961897402027128,0.005235987755982988,0.3886848244191372
14.645573246163094,0.26913407263512445,0.03159045946109736,0.0010471975511965976,0.4012511950334964
14.639768874688334,0.25233428618867926,0.03508111796508603,0.014137166941154071,0.39095375244672986
14.629166092338835,0.26261921878992095,0.040491638646268445,0.013439035240356337,0.39688787190351055
14.631480982602614,0.25485998016691497,0.052708943410228755,0.019896753472735357,0.3960152072775134
14.623012477043597,0.25539046427019996,0.0486946861306418,0.0054105206811824215,0.3986332011555049
14.604678660829444,0.25446422144864556,0.0486946861306418,0.02600540585471551,0.4021238596594935
14.597140111483897,0.2551752820246201,0.03385938748868999,0.017627825445142728,0.39933133285630257
14.579253978368902,0.25450518776247855,0.03752457891787808,0.019722220547535925,0.4009021291830975
14.572178551274787,0.255389229927642,0.027227136331111543,0.016580627893946133,0.40002946455710037
14.564880470052486,0.25633703016272635,0.022689280275926284,0.010821041362364843,0.40962877544306914
14.559146223120607,0.247435428574785,0.012042771838760876,0.005759586531581287,0.4012511950334964
14.552293112415256,0.2484996951827067,0.012217304763960308,0.00767944870877505,0.40491638646268446
14.545275753509165,0.24708387469635895,0.025830872929516076,0.012740903539558606,0.4064871827894793
14.537919393832214,0.2581902922608077,0.012915436464758038,-0.009250245035569947,0.41364303272265607
14.522395733643329,0.2557264157499446,-0.003141592653589793,-0.0006981317007977319,0.4110250388446646
14.517667442020176,0.2471217684746254,-0.008377580409572781,0.00767944870877505,0.4038691889114879
14.502303509283523,0.2474121922027467,-0.019547687622336492,0.005934119456780721,0.4026474584350918
14.496430556031218,0.24887781736539483,-0.01117010721276371,0.007330382858376184,0.4043927876870862
14.491029519730137,0.250389868026164,-0.005235987755982988,0.0027925268031909274,0.4054399852382828
14.486620849619806,0.24941853976776837,-0.019547687622336492,0.006283185307179586,0.40997784129346804
14.481938749794248,0.25101841115943174,-0.01780235837034216,0.00820304748437335,0.4052654523130833
14.477750765388338,0.25265881709113397,-0.025132741228718343,0.009075712110370514,0.40456732061228556
14.46384549595985,0.2534923312128824,-0.030543261909900768,0.0015707963267948964,0.40352012306108903
14.450247577371528,0.24447497703445795,-0.019024088846738195,-0.012915436464758038,0.40229839258469297
14.44549588710904,0.2562728135180725,-0.010821041362364843,-0.007330382858376184,0.40177479380909464
14.442044305643492,0.2581358845937063,-0.004537856055185257,-0.0041887902047863905,0.40177479380909464
14.43005795489088,0.24936787817538877,-0.013788101090755204,-0.011868238913561441,0.39653880605311165
14.416939560141303,0.24321926553475354,0.005061454830783556,-0.0006981317007977319,0.38589229761594623
14.413198078662807,0.2652065541071405,0.00017453292519943296,0.009250245035569947,0.4009021291830975
14.401573399404626,0.2567098775248871,-0.00034906585039886593,0.007155849933176752,0.3935717463247213
14.38933312627829,0.2508229615866315,0.014660765716752368,0.02129301687433082,0.3895574890451344
14.386819856052185,0.2629849892306878,0.017976891295541596,0.009948376736367679,0.3975860036043083
14.375989210855643,0.25725051323152953,0.00942477796076938,0.01117010721276371,0.39095375244672986
14.364585001456929,0.2516062451235972,0.019198621771937627,0.02303834612632515,0.38624136346634513
14.352888162774006,0.26353229478416,0.017278759594743863,0.015184364492350668,0.3960152072775134
14.342193139342632,0.2555662105842803,0.02303834612632515,0.0008726646259971648,0.39165188414752755
14.3315745560522,0.26018611518379603,0.019024088846738195,0.004537856055185257,0.3937462792499207
14.311259778852557,0.2521436610226282,0.023212879051524585,-0.0020943951023931952,0.3892084231947355
14.300848330696814,0.2569739042550447,0.02548180707911721,-0.009948376736367679,0.391826417072727
14.290729976133338,0.2593933649403453,0.029321531433504737,-0.013089969389957472,0.39165188414752755
14.280822132573686,0.2643892623151426,0.02949606435870417,-0.026354471705114377,0.3963642731279123
14.271115205898427,0.2494652766038528,0.028099800957108706,-0.021642082724729686,0.38414696836395196
14.261842964928087,0.2621282643037528,0.023911010752322315,-0.02111848394913139,0.39025562074593206
14.242427092460712,0.2573383967336625,0.02757620218151041,-0.0054105206811824215,0.3913028182971287
14.233212473648377,0.26267984355020535,0.028274333882308142,-0.009075712110370514,0.3899065548955332
14.214294324847508,0.2656704950193797,0.0291469985083053,-0.012042771838760876,0.39147735122232813
14.205854760824915,0.2687150918114857,0.02356194490192345,-0.004537856055185257,0.39496800972631674
14.187348355608258,0.2544481469701063,0.02234021442552742,0.009075712110370514,0.3846705671395502
14.17929147125147,0.2526232483618876,0.019722220547535925,0.0006981317007977319,0.3808308427851627
14.160844795385048,0.2561284671956144,0.04345869837465881,-0.010297442586766544,0.38501963298994907
14.143189762643596,0.2547191068484479,0.034732052114687155,-0.017627825445142728,0.38135444156076104
14.125866725261666,0.2585095017086517,0.03490658503988659,-0.025132741228718343,0.3897320219703338
14.107857937658538,0.24737702583339674,0.044156830075456545,-0.02076941809873252,0.37507125625358145
14.09113773801062,0.25390588170832223,0.03892084231947355,-0.0153588974175501,0.38013271108436497
14.074265516373764,0.26056759540906455,0.04380776422505767,-0.03159045946109736,0.37960911230876665
14.0571222825582,0.24983294417025417,0.041713369122664476,-0.0291469985083053,0.36826447217080355
14.0408428680345,0.2592055928730692,0.04258603374866164,-0.029321531433504737,0.3694862026471996
14.014132176798192,0.2592280704823193,0.04886921905584123,-0.00767944870877505,0.3677408733952052
13.997416546845544,0.2588965781416955,0.05358160803622592,0.0008726646259971648,0.3651228795172138
13.97190964852533,0.26682010594230615,0.04939281783143953,-0.019547687622336492,0.37384952577718544
13.955346769079298,0.2567894186431123,0.045029494701453704,-0.014486232791552936,0.36617007706841037
13.929755235955543,0.25752399503260903,0.026703537555513242,-0.02199114857512855,0.36320301734002
13.913410585287126,0.250203415223404,0.022863813201125717,-0.013439035240356337,0.35918876006043304
13.887819537239665,0.2512815741360231,0.0291469985083053,-0.024609142453120045,0.36198128686362396
13.862428442444946,0.2525487680937658,0.025132741228718343,-0.03508111796508603,0.3584906283596353
13.836714264377191,0.24645084468276038,0.014835298641951801,-0.05061454830783556,0.3560471674068433
13.822485149540194,0.2572130294965975,0.015184364492350668,-0.0481710873550435,0.35901422713523357
13.797640102421273,0.26140585751512396,0.015707963267948967,-0.044331363000655974,0.36198128686362396
13.771012534628092,0.2458567916634215,0.020594885173533087,-0.04153883619746504,0.346273323595675
13.746816650831327,0.25040445712389353,0.010297442586766544,-0.04782202150464463,0.3492403833240654
13.723686975658044,0.26268132104195957,0.006108652381980154,-0.035255650890285456,0.3544763710800483
13.697850536324005,0.2500674194476702,0.00471238898038469,-0.030019663134302467,0.3443534614184812
13.672693445332005,0.24518724321210253,0.014486232791552936,-0.034732052114687155,0.33859387488689996
13.649809444756329,0.26274708177450184,0.03298672286269283,-0.018500490071139894,0.3438298626428829
13.615384733071918,0.25932401454145787,0.03368485456349056,-0.023212879051524585,0.34086280291449256
13.592185765320867,0.26492455051769265,0.03298672286269283,-0.02199114857512855,0.3426081321664869
13.566766579134873,0.25319884798248454,0.028448866807507574,-0.015707963267948967,0.3298672286269283
13.54288299166901,0.25393324351180996,0.021467549799530253,-0.020594885173533087,0.3270747018237374
13.519765517729745,0.2600244907405188,0.0439822971502571,-0.02408554367752175,0.33562681515850956
13.495820929135267,0.2587150664459739,0.05096361415823442,-0.020071286397934793,0.3302162944773272
13.46232128468335,0.26123287155281805,0.04206243497306335,-0.01780235837034216,0.3279473664497345
13.43866095503044,0.26027205355580674,0.04537856055185257,-0.03368485456349056,0.3277728335245351
13.415519419681761,0.259469748670163,0.031066860685499065,-0.04276056667386108,0.32148964821735554
13.383779255981624,0.2701386975011991,0.03490658503988659,-0.041713369122664476,0.33178709080412205
13.368871873652553,0.2606700292966697,0.04293509959906051,-0.03665191429188092,0.32148964821735554
13.33908657655784,0.2815919362099345,0.033510321638291124,-0.03298672286269283,0.3331833542057175
13.313310905844375,0.26166260988795575,0.02356194490192345,-0.02548180707911721,0.32079151651655774
13.28225451104982,0.2754091460374792,0.02129301687433082,-0.032114058236695664,0.32637657012293964
13.258084974253846,0.26571503125917173,0.023212879051524585,-0.026179938779914945,0.3246312408709453
13.235607352130687,0.2660531119171388,0.02775073510670984,-0.020943951023931952,0.3246312408709453
13.203472907240458,0.27048646579714847,0.012740903539558606,-0.020420352248333655,0.3246312408709453
13.183177064864859,0.2810134165236691,-0.0,-0.030019663134302467,0.3309144261781249
13.159796441024517,0.2719704661170286,-0.013089969389957472,-0.03630284844148206,0.3296926957017289
13.135983517480474,0.26308668252427553,0.0027925268031909274,-0.022863813201125717,0.3218387140677544
13.106158913775786,0.27581505960974273,0.004363323129985824,-0.014486232791552936,0.3335324200561164
13.081155148441017,0.25971501710500383,-0.006283185307179586,-0.013439035240356337,0.32148964821735554
13.051787523256202,0.27282117635892267,-0.012391837689159739,-0.0153588974175501,0.3282964323001334
13.028848662401227,0.26461011077025315,-0.013613568165555772,-0.017976891295541596,0.32812189937493397
12.99776494503276,0.2682705724974187,-0.0008726646259971648,-0.009250245035569947,0.3284709652253328
12.974892806898215,0.2626603676200425,-0.0019198621771937625,-0.017278759594743863,0.31852258848896514
12.944316856009532,0.26670268902267485,0.0020943951023931952,-0.012915436464758038,0.32428217502054646
12.923766410869346,0.2712120026861802,-0.0054105206811824215,-0.0153588974175501,0.3270747018237374
12.893417127626137,0.27562583184078676,0.005585053606381855,-0.015184364492350668,0.3262020371977402
12.871073721962034,0.26839963340597384,0.006806784082777886,0.00034906585039886593,0.32131511529215606
12.836706587358131,0.2558746885963483,0.014835298641951801,-0.0054105206811824215,0.3134611336581816
12.816606110528431,0.26099451025354253,0.015009831567151233,-0.016755160819145562,0.317649923862968
12.789145339983957,0.278158138832912,0.00767944870877505,-0.023387411976724018,0.3225368457685521
12.767266763368514,0.271569930596053,0.013089969389957472,-0.018500490071139894,0.32148964821735554
12.735495242144838,0.2695659932329573,0.022514747350726852,-0.02356194490192345,0.31398473243377995
12.704031397163707,0.2677627994698847,0.023736477827122883,-0.03298672286269283,0.31485739705977706
12.684785210189778,0.27362447675566803,0.013264502315156905,-0.030892327760299633,0.31607912753617307
12.653572346014906,0.2721827881349282,0.0153588974175501,-0.030543261909900768,0.3103195410045918
12.631973661280577,0.2708097451048818,0.025656340004316644,-0.025132741228718343,0.30944687637859464
12.601164496167947,0.2697282692946864,0.013962634015954637,-0.02548180707911721,0.3043854215478111
12.570162383378527,0.2710376343557202,0.0164060949687467,-0.020245819323134222,0.30264009229581673
12.549198954367826,0.26792142856459444,0.012391837689159739,-0.023736477827122883,0.30578168494940655
12.518431237485443,0.2695776804501466,0.014835298641951801,-0.02129301687433082,0.30176742766981957
12.495154880376306,0.25925033910013234,0.007330382858376184,-0.013788101090755204,0.29740410453983374
12.46702581592257,0.2709329389944107,0.020071286397934793,-0.009599310885968814,0.29897490086662865
12.436698928117433,0.2731106972592199,0.0153588974175501,-0.013089969389957472,0.2977531703902326
12.413669214204132,0.2632390978790132,0.006108652381980154,-0.02530727415391778,0.2947861106618423
12.383625515535268,0.2657591677475277,0.0027925268031909274,-0.029845130209103034,0.29548424236264
12.35803470571409,0.2465369452454221,0.002617993877991494,-0.0307177948351002,0.2841396022246769
12.330558589095896,0.261198643122905,0.010297442586766544,-0.027925268031909273,0.2869321290278678
12.310413869009118,0.2615536588728303,0.007155849933176752,-0.031939525311496235,0.28989918875625814
12.28487909156122,0.24706543472924045,0.00767944870877505,-0.03298672286269283,0.2741912254883092
12.252576711623606,0.2429239758136777,0.00034906585039886593,-0.03612831551628262,0.27401669256310973
12.223033677167368,0.24857715864364294,-0.0020943951023931952,-0.03420845333908886,0.2715732316103177
12.190718714856827,0.24692015966526695,0.005585053606381855,-0.03804817769347639,0.27192229746071656
12.168261664956342,0.24050145631002562,-0.005585053606381855,-0.04276056667386108,0.26703537555513246
12.141760514033304,0.2583445550564708,-0.0017453292519943296,-0.04014257279586959,0.2747148242639075
12.106856874193806,0.24758066618946548,0.005585053606381855,-0.04520402762665313,0.260403124397554
12.077963522255434,0.25615020786995163,-0.005934119456780721,-0.04084070449666731,0.2633701841259443
12.052802376391654,0.2428286009780245,-0.006457718232379019,-0.033510321638291124,0.256388867117967
12.023894298273078,0.25169470615890094,0.0013962634015954637,-0.02879793265790644,0.2607521902479528
11.998705281461048,0.2407433998112496,0.003839724354387525,-0.03560471674068432,0.24766222085799536
11.976587379762908,0.23946124963993443,-0.003839724354387525,-0.019547687622336492,0.24661502330679877
11.94506733356288,0.2412938538202931,-0.007504915783575617,-0.045553093477052,0.24696408915719764
11.923060151907423,0.23817247727210478,-0.003141592653589793,-0.03577924966588375,0.24958208303518914
11.891695956870766,0.24029815613593056,-0.009773843811168246,-0.026703537555513242,0.24713862208239706
11.869857339550968,0.23950180689380843,-0.011519173063162575,-0.013613568165555772,0.2450442269800039
11.848014401937766,0.2388134498664475,-0.002617993877991494,-0.02548180707911721,0.24294983187761068
11.826267910649502,0.2402967812661477,-0.00767944870877505,-0.022165681500327987,0.23788837704682714
11.80463230598991,0.23981963011900845,-0.006108652381980154,-0.019547687622336492,0.24033183799961916
11.779897111677023,0.22996458157300903,-0.009599310885968814,-0.02076941809873252,0.23806290997202656
11.748857847108047,0.2349506269014063,-0.011868238913561441,-0.019896753472735357,0.23631758072003223
11.727487168822675,0.23482069035339637,-0.015184364492350668,-0.027401669256310976,0.23492131731843677
11.706112525439307,0.2347967862950116,-0.014660765716752368,-0.0307177948351002,0.23736477827122882
11.68468977817788,0.23691789289335533,-0.012915436464758038,-0.027401669256310976,0.23736477827122882
11.653932235208032,0.24038174603331797,-0.0,-0.017976891295541596,0.2371902453460294
11.629509524155068,0.23328436686497256,-0.003665191429188092,-0.01064650843716541,0.23631758072003223
11.608402058603453,0.23370495340230388,-0.0029670597283903604,-0.0164060949687467,0.23230332344044527
11.583902163298914,0.22682874151007906,0.0024434609527920616,-0.012391837689159739,0.2314306588144481
11.553462799760245,0.23284801182357864,0.0015707963267948964,-0.014137166941154071,0.2298598624876532
11.529055839409844,0.22620919336622478,0.012740903539558606,-0.02111848394913139,0.2309070600388498
11.504822223032509,0.2196819107835689,0.006457718232379019,-0.016231562043547264,0.22532200643246794
11.483907491285521,0.22265873647162218,0.012915436464758038,-0.01937315469713706,0.2249729405820691
11.453753801791327,0.22918412159298834,0.0153588974175501,-0.018500490071139894,0.22549653935766736
11.433065429888897,0.23237307151231232,0.014486232791552936,-0.012391837689159739,0.22846359908605773
11.405397268672912,0.2169186200050568,0.023387411976724018,-0.015707963267948967,0.21711895894809458
11.388294425358765,0.23166184696131017,0.025656340004316644,-0.020943951023931952,0.2272418686096617
11.351379334277802,0.21996778749124857,0.026878070480712675,-0.018675022996339326,0.21991148575128552
11.321642978529121,0.22713393143144459,0.02076941809873252,-0.016929693744344994,0.22252947962927702
11.29765684767414,0.22349157589527044,0.021467549799530253,-0.02076941809873252,0.22008601867648495
11.273742713805513,0.217982996387319,0.020071286397934793,-0.03490658503988659,0.21572269554649912
11.244119518226062,0.22748790249468495,0.02111848394913139,-0.029845130209103034,0.2183406894244906
11.220301834672581,0.22220702313851984,0.021467549799530253,-0.019547687622336492,0.21676989309769573
11.187214980128232,0.2226479344196672,0.016755160819145562,-0.021467549799530253,0.21607176139689802
11.163433948961437,0.2195504802221153,0.015009831567151233,-0.011693705988362009,0.21467549799530256
11.130357352746223,0.22025097939763738,0.019896753472735357,-0.012042771838760876,0.20839231268812294
11.102940908257978,0.20809022154173853,0.0164060949687467,-0.022689280275926284,0.20141099568014564
11.073719059344494,0.21833307858764994,0.009250245035569947,-0.0164060949687467,0.21153390534171276
11.03707707167822,0.2101632718235615,0.00820304748437335,-0.01832595714594046,0.20525072003453315
11.013451870186714,0.20955486516654798,0.0054105206811824215,-0.00820304748437335,0.20158552860534507
10.976851839632737,0.20165998785594857,0.0022689280275926286,-0.011693705988362009,0.19844393595175527
10.943980675872368,0.20507412799293454,0.01117010721276371,-0.005061454830783556,0.19879300180215415
10.898195226375217,0.2032051996635235,0.004537856055185257,-0.009599310885968814,0.1975712713257581
10.870904537849162,0.19382053034071656,-0.0027925268031909274,0.004363323129985824,0.18675022996339327
10.834299318879722,0.18840536757140708,0.013264502315156905,-0.00471238898038469,0.18605209826259553
10.792469588080671,0.1962286855416255,0.005759586531581287,0.0,0.1942551457469689
10.748163926472884,0.17456456174035598,0.005061454830783556,-0.013089969389957472,0.1741838593490341
10.710272065322547,0.19190943101130398,0.01117010721276371,-0.01710422666954443,0.18675022996339327
10.669880288783595,0.17974711461314688,0.003665191429188092,-0.027401669256310976,0.17749998492782332
10.633399512811737,0.1769142693218055,0.010995574287564275,-0.025132741228718343,0.17278759594743864
10.60095343477911,0.1833901810388364,0.0041887902047863905,-0.032637657012293965,0.1747074581246324
10.56057424752356,0.1734748915116528,0.0012217304763960308,-0.026179938779914945,0.16336281798666924
10.533281644124813,0.16886318415603319,0.014660765716752368,-0.032114058236695664,0.15952309363228173
10.500940203528476,0.1756736422441896,0.004886921905584123,-0.028099800957108706,0.16441001553786586
10.460540508753937,0.16611415706383537,0.011344640137963142,-0.03298672286269283,0.1567305668290908
10.428268472724795,0.174979731919314,-0.0020943951023931952,-0.03577924966588375,0.1616174887346749
10.397000268718491,0.16342527754869987,0.006806784082777886,-0.03892084231947355,0.14521139376592823
10.369813881313643,0.15928612952650295,0.0066322511575784525,-0.04310963252425994,0.14468779499032994
10.337578388092105,0.17024594882359725,0.0066322511575784525,-0.05113814708343386,0.1499237827463129
10.297258445186163,0.16124787047212763,-0.0029670597283903604,-0.04223696789826278,0.14486232791552936
10.27013213290928,0.15918211972974342,-0.005934119456780721,-0.04834562028024293,0.14119713648634125
10.243004472264136,0.15719245423331296,-0.005585053606381855,-0.04258603374866164,0.13578661580515886
10.202612239050394,0.1520814123980795,-0.00471238898038469,-0.04921828490624009,0.13002702927357757
10.175480776298306,0.15203349088838022,-0.006981317007977318,-0.04450589592585541,0.1296779634231787
10.144243203724784,0.1411834151856826,-0.00767944870877505,-0.0582939970166106,0.12618730491919003
10.112218986673861,0.15453344101729286,-0.013439035240356337,-0.056548667764616284,0.12828170002158323
10.080947113680557,0.14561348164627,-0.004886921905584123,-0.05777039824101231,0.1228711793404008
10.044814929861193,0.1482841523117537,-0.007504915783575617,-0.04380776422505767,0.12828170002158323
10.009345200903834,0.13219945468196775,-0.00767944870877505,-0.039793506945470715,0.11292280260403312
9.982283564935003,0.13259228335575493,-0.005061454830783556,-0.028972465583105872,0.11222467090323539
9.941930332563707,0.12993811014145382,-0.007155849933176752,-0.02076941809873252,0.10873401239924674
9.914852569815029,0.13220548478351885,-0.0033161255787892262,-0.019024088846738195,0.10768681484805014
9.883574023397422,0.1254710121796553,-0.003141592653589793,-0.019896753472735357,0.1048942880448592
9.84806633103006,0.10974798359451372,-0.009599310885968814,-0.016755160819145562,0.09878563566287905
9.821010449177043,0.1139130989589492,-0.006457718232379019,-0.03246312408709453,0.096342174710087
9.78494027321033,0.12067868544015355,-0.003141592653589793,-0.031241393610698498,0.10140362954087055
9.74508096294494,0.09782404118117616,0.007155849933176752,-0.04310963252425994,0.08691739674931762
9.709008339890094,0.10643309941933296,0.00471238898038469,-0.04293509959906051,0.09197885158010118
9.677704857670928,0.10009505726727096,0.011519173063162575,-0.04590215932745086,0.09023352232810683
9.646400037365337,0.0971898709541499,0.010471975511965976,-0.05707226654021458,0.0804596785169386
9.610369055030258,0.10597963402807621,0.014486232791552936,-0.0614355896702004,0.08621926504851989
9.574748115766177,0.09414641307138696,0.013962634015954637,-0.0582939970166106,0.07190756518216639
9.534414357568616,0.09403481327321579,0.017278759594743863,-0.054279739737023644,0.07696902001294993
9.498781169952894,0.08396852309247528,0.00767944870877505,-0.05061454830783556,0.06318091892219473
9.454109295585605,0.0766151213343781,0.014137166941154071,-0.04782202150464463,0.05811946409141117
9.41810294686749,0.08899244966024335,0.00890117918517108,-0.05131268000863329,0.05899212871740834
9.382436787553077,0.07904937604633734,0.003490658503988659,-0.04276056667386108,0.05515240436302082
9.342096359470384,0.08249347808695641,0.010471975511965976,-0.04258603374866164,0.05235987755982989
9.311083228121648,0.059275341368869354,0.016231562043547264,-0.034033920413889425,0.03944444109507185
9.275074621508876,0.07342183218886487,0.02181661564992912,-0.027925268031909273,0.04729842272904633
9.24403637708358,0.051879274816603205,0.006981317007977318,-0.024434609527920616,0.03420845333908886
9.208041875263552,0.06607430803789877,0.00767944870877505,-0.015533430342749533,0.03543018381548489
9.176988298936331,0.04457683881809264,0.002617993877991494,-0.014137166941154071,0.028099800957108706
9.145645688702743,0.045460046182425155,0.004014257279586958,-0.01832595714594046,0.031415926535897934
9.109931117280466,0.03895802260959762,0.011344640137963142,-0.014311699866353503,0.027401669256310976
9.078585204598266,0.03988105517999907,-0.0,-0.020245819323134222,0.027052603405912107
9.051869767977811,0.027461570005402218,-0.0017453292519943296,-0.015184364492350668,0.024609142453120045
9.016149952354066,0.02100708633026846,-0.003141592653589793,-0.015533430342749533,0.0164060949687467
8.989426514935097,0.011761296631959198,0.012217304763960308,-0.021467549799530253,0.00942477796076938
8.953447611910748,0.027683254283330686,0.0017453292519943296,-0.028448866807507574,0.023387411976724018
8.935711189633023,0.012509825050360879,0.0054105206811824215,-0.02879793265790644,0.010821041362364843
8.904362087215564,0.015086083489488693,-0.0010471975511965976,-0.028448866807507574,0.013264502315156905
8.873014157234477,0.0176732850862336,0.0019198621771937625,-0.0301941960595019,0.014835298641951801
8.850659963292264,0.01743715767376342,0.0010471975511965976,-0.028099800957108706,0.008726646259971648
8.814932100880716,0.012587467214868107,0.0013962634015954637,-0.028972465583105872,0.004537856055185257
8.792569456760008,0.010816745069565866,-0.003839724354387525,-0.02303834612632515,0.0054105206811824215
8.761219752654394,0.014963524910493383,-0.002617993877991494,-0.0322885911618951,0.005061454830783556
8.738860281853215,0.014731299958845586,-0.005759586531581287,-0.033510321638291124,0.005585053606381855
8.703137320193697,0.008368860072229407,-0.0017453292519943296,-0.033510321638291124,0.002617993877991494
8.680777807499402,0.00814053758847912,0.0005235987755982988,-0.033161255787892266,0.0012217304763960308
8.645044052814491,0.004812165615459747,-0.0041887902047863905,-0.02356194490192345,-0.003665191429188092
8.627065821880697,0.012064466438780492,-0.0010471975511965976,-0.016057029118347832,0.0017453292519943296
8.591334219549394,0.008726720504739466,0.013089969389957472,-0.01710422666954443,-0.0027925268031909274
8.564590508568388,-0.0004957389837046688,0.009599310885968814,-0.012566370614359171,-0.00820304748437335
8.528862636284433,-0.005339193679573889,0.01710422666954443,0.005235987755982988,-0.004537856055185257
8.510872597710748,0.0034188159055750507,0.020420352248333655,-0.012740903539558606,0.0006981317007977319
8.470756118460407,-0.008936441332947272,0.013439035240356337,-0.021642082724729686,-0.004363323129985824
8.444000139272001,-0.018163567425797122,0.003839724354387525,-0.006981317007977318,-0.006806784082777886
8.421656023346621,-0.016929831348865425,0.014835298641951801,-0.010995574287564275,-0.010995574287564275
8.390529814509005,-0.033688951947933116,0.010995574287564275,-0.019722220547535925,-0.01815142422074103
8.367948822945985,-0.011573535051867798,0.01884955592153876,-0.034033920413889425,-0.006457718232379019
8.34123026356467,-0.01935416923115512,0.017976891295541596,-0.024260076602721184,-0.011868238913561441
8.310114530510695,-0.03613818657655608,0.007504915783575617,-0.00767944870877505,-0.01832595714594046
8.287755385375116,-0.0349434287406333,0.0066322511575784525,-0.010471975511965976,-0.022863813201125717
8.26540222565608,-0.0337564746798331,0.009948376736367679,-0.02548180707911721,-0.017278759594743863
8.238689595485805,-0.04013573310218514,0.004537856055185257,-0.01780235837034216,-0.025830872929516076
8.212001627854837,-0.046533643476748,0.0019198621771937625,-0.012042771838760876,-0.030892327760299633
8.18064674647338,-0.04101925999891792,0.004537856055185257,-0.005235987755982988,-0.026703537555513242
8.158593237271731,-0.06080935796154263,-0.0022689280275926286,-0.008552113334772215,-0.03944444109507185
8.136271618054332,-0.05825611947326556,0.005934119456780721,-0.013962634015954637,-0.03735004599267865
8.109576957495474,-0.06330703725233924,-0.005061454830783556,-0.015184364492350668,-0.04537856055185257
8.078253121586377,-0.05644439559483796,0.003490658503988659,-0.018500490071139894,-0.03735004599267865
8.056249185818977,-0.07489880356622207,0.0017453292519943296,-0.026354471705114377,-0.05497787143782138
8.033929208265812,-0.07101813202989274,0.005585053606381855,-0.029321531433504737,-0.05288347633542819
8.00261249922878,-0.06282898217941217,0.010821041362364843,-0.03735004599267865,-0.05201081170943102
7.97162467602132,-0.07563911935312526,0.00767944870877505,-0.03368485456349056,-0.05951572749300664
7.949305728769232,-0.07184177738903197,0.004886921905584123,-0.030543261909900768,-0.05689773361501515
7.927408644421043,-0.08904154415629777,0.013089969389957472,-0.031415926535897934,-0.0715584993317675
7.896064956738031,-0.07960671477987295,0.009599310885968814,-0.03298672286269283,-0.07068583470577035
7.8694745081121,-0.08217149364217358,0.007330382858376184,-0.024260076602721184,-0.0762708883121522
7.8429008618852025,-0.08615158068550081,0.016929693744344994,-0.029845130209103034,-0.07801621756414652
7.816303154294106,-0.08880463110738877,0.011344640137963142,-0.029670597283903602,-0.07993607974134029
7.78546567171276,-0.10054269973933294,0.012042771838760876,-0.031415926535897934,-0.0932005820564972
7.763191802184955,-0.09425001019201366,0.012566370614359171,-0.03508111796508603,-0.08621926504851989
7.728149008679868,-0.11378556555304174,0.011693705988362009,-0.028274333882308142,-0.09791297103688189
7.705891397430325,-0.10758580384414021,0.010821041362364843,-0.033161255787892266,-0.0926769832808989
7.675185149444476,-0.11819381735955474,0.019198621771937627,-0.0328121899374934,-0.10349802464326374
7.652873161703613,-0.11208321202820824,0.009948376736367679,-0.03508111796508603,-0.09599310885968812
7.627067885731909,-0.13476396554049427,0.014137166941154071,-0.029845130209103034,-0.11501719770642631
7.5957537567608595,-0.12319972075858249,0.010821041362364843,-0.03804817769347639,-0.10646508437165411
7.574213259461643,-0.1369356902928649,0.012740903539558606,-0.03246312408709453,-0.11815879036001611
7.5429519793998985,-0.12549805935325023,0.0158824961931484,-0.033510321638291124,-0.11397000015522972
7.512379313933939,-0.13516428654381749,0.016057029118347832,-0.03769911184307752,-0.11746065865921838
7.495071389226493,-0.13998969578820097,0.008552113334772215,-0.04066617157146788,-0.12199851471440364
7.459635336642568,-0.1365350501864484,0.012566370614359171,-0.028448866807507574,-0.11588986233242349
7.43824182814687,-0.15056557381963617,0.013962634015954637,-0.0322885911618951,-0.12636183784438945
7.4078615587769345,-0.1592166136577094,0.019722220547535925,-0.02757620218151041,-0.13142329267517303
7.385663192298469,-0.15102247362426846,0.012915436464758038,-0.0301941960595019,-0.12339477811599911
7.355296923596777,-0.15982701583445974,0.01117010721276371,-0.030892327760299633,-0.13351768777756623
7.329042525820064,-0.16087530665153849,0.010122909661567111,-0.029845130209103034,-0.13683381335635544
7.307865643857014,-0.17392854045929698,0.010471975511965976,-0.02129301687433082,-0.13997540600994524
7.272592595327463,-0.16975612804918822,0.012915436464758038,-0.024783675378319478,-0.13980087308474579
7.246411739716367,-0.16848207823340583,0.008726646259971648,-0.019547687622336492,-0.14224433403753786
7.216204190535573,-0.17769398887560803,0.0022689280275926286,-0.019547687622336492,-0.143116998663535
7.195185377102065,-0.19102759609033798,0.004886921905584123,-0.005061454830783556,-0.15097098029750952
7.169120965550713,-0.18999014772694778,0.0027925268031909274,-0.012915436464758038,-0.15114551322270894
7.139105927787305,-0.19819655952782878,0.006283185307179586,-0.01815142422074103,-0.1530653753999027
7.113048556016393,-0.19733000835602416,0.0020943951023931952,-0.0054105206811824215,-0.1583013631558857
7.083034596124113,-0.20571974469387969,-0.006981317007977318,-0.016755160819145562,-0.1610938899590766
7.057099228522135,-0.2050238049648457,-0.0015707963267948964,-0.01064650843716541,-0.15812683023068627
7.036412078152339,-0.21631903854441292,0.00034906585039886593,-0.017627825445142728,-0.16877333866785166
7.0012996178503695,-0.21184890479956975,0.0012217304763960308,-0.017976891295541596,-0.16214108751027323
6.975352975476327,-0.21140977618887075,-0.0013962634015954637,-0.024609142453120045,-0.16493361431346415
6.9509604768371,-0.23094337328314285,0.005235987755982988,-0.016231562043547264,-0.17976891295541594
6.919771122180281,-0.21636584162970457,-0.008377580409572781,-0.01815142422074103,-0.17139133254584316
6.899371211625343,-0.2280796801120408,0.0041887902047863905,-0.016755160819145562,-0.17749998492782332
6.869720212751642,-0.2360113104485585,-0.00471238898038469,-0.009773843811168246,-0.182212373908208
6.844003471112455,-0.23481288953242255,0.004537856055185257,-0.006457718232379019,-0.18046704465621366
6.814478007977751,-0.2417564532960397,-0.0017453292519943296,-0.014137166941154071,-0.1911135530933791
6.788851266339621,-0.23956532063745178,0.004886921905584123,-0.003141592653589793,-0.18552849948699723
6.763198727811096,-0.23747353259365156,0.0010471975511965976,-0.013264502315156905,-0.19006635554218249
6.7338143448799626,-0.2447443315279769,0.0017453292519943296,-0.009250245035569947,-0.19024088846738194
6.704488961651111,-0.2521287592505864,0.002617993877991494,-0.00890117918517108,-0.19774580425095753
6.678942296692383,-0.25034892760115934,-0.0008726646259971648,-0.017453292519943295,-0.19617500792416265
6.65905536323238,-0.2605043873803367,0.003665191429188092,-0.016929693744344994,-0.20106192982974674
6.624263402539217,-0.25522194562270795,-0.003665191429188092,-0.02949606435870417,-0.1970476725501598
6.595163926686139,-0.26189896756438374,-0.0022689280275926286,-0.02181661564992912,-0.20036379812894903
6.5790491562674696,-0.2641944604482317,0.006981317007977318,-0.013788101090755204,-0.20263272615654165
6.5500353799537825,-0.271084959648079,-0.0013962634015954637,-0.022165681500327987,-0.2066469834361286
6.515385240557429,-0.2651575361017657,0.0019198621771937625,-0.013264502315156905,-0.2028072590817411
6.499404443056103,-0.2665730891194052,0.004363323129985824,-0.003665191429188092,-0.20874137853852182
6.470536787559509,-0.27381558885090923,0.0033161255787892262,-0.015533430342749533,-0.2132792345937071
6.441781851193886,-0.2800557839439226,0.003839724354387525,-0.0033161255787892262,-0.21903882112528836
6.416582316733848,-0.2781938766350581,0.01117010721276371,-0.005934119456780721,-0.21066124071571557
6.387863994635621,-0.2857993415374145,0.005934119456780721,-0.0054105206811824215,-0.22043508452688385
6.362777860333782,-0.2830477299224119,0.008028514559173916,-0.006457718232379019,-0.21991148575128552
6.334163666936882,-0.29089341966695126,0.004363323129985824,-0.01064650843716541,-0.22008601867648495
6.315111720227155,-0.3001135989104313,0.007330382858376184,-0.01117010721276371,-0.23020892833805207
6.277300029094385,-0.30366073816043254,0.0019198621771937625,-0.014137166941154071,-0.22951079663725435
6.25235320412249,-0.3013930067311089,0.005061454830783556,-0.022165681500327987,-0.22776546738526002
6.236831999739837,-0.30263066409088063,0.010122909661567111,-0.023911010752322315,-0.23177972466484698
6.208618562166298,-0.30890260531345687,0.0033161255787892262,-0.023212879051524585,-0.23858650874762485
6.180472709900971,-0.3153141040111305,0.0020943951023931952,-0.019547687622336492,-0.24085543677521748
6.155669681312989,-0.3135070104555519,0.010471975511965976,-0.015533430342749533,-0.23544491609403506
6.127637264082419,-0.3201837551490693,0.011519173063162575,-0.008028514559173916,-0.24609142453120045
6.099734962608456,-0.32593463444687654,0.005585053606381855,-0.00820304748437335,-0.2525491427635795
6.075095756157288,-0.32343709360510964,0.006283185307179586,-0.0066322511575784525,-0.2516764781375823
6.0504878038068535,-0.32106183443225594,0.002617993877991494,-0.0020943951023931952,-0.24905848425959082
6.025812560955603,-0.3493794646511692,0.0066322511575784525,0.00017453292519943296,-0.2621484536495483
6.0013919198314545,-0.34620546840721583,0.005934119456780721,0.0006981317007977319,-0.2607521902479528
5.977001189615683,-0.343161681545504,0.0013962634015954637,-0.00820304748437335,-0.2605776573227534
5.949549803450427,-0.3487071059086575,0.00767944870877505,-0.004886921905584123,-0.26563911215353697
5.92213284082329,-0.35544192768014055,0.0012217304763960308,-0.017278759594743863,-0.2633701841259443
5.894777976756292,-0.36232261106674923,0.006981317007977318,-0.01710422666954443,-0.2726204291615143
5.870625801620885,-0.3588018373319808,0.004886921905584123,-0.017627825445142728,-0.26912977065752564
5.843410002198029,-0.3659699711742868,0.00767944870877505,-0.01815142422074103,-0.27454029133870805
5.813403210126296,-0.380792476984328,0.005235987755982988,-0.01710422666954443,-0.28605946440187063
5.786431434546335,-0.38725730347648907,0.007853981633974483,-0.016057029118347832,-0.2892010570554604
5.765518820356667,-0.373756529153977,0.0017453292519943296,-0.010297442586766544,-0.28658306317746896
5.738652075479811,-0.38051612414546737,0.007330382858376184,-0.024260076602721184,-0.28745572780346607
5.721540733076641,-0.38932021352862906,0.004537856055185257,-0.013439035240356337,-0.2965314399138366
5.694908128902424,-0.3953688829260976,0.007853981633974483,-0.013264502315156905,-0.30194196059501904
5.668475598476327,-0.40058940322337977,0.003839724354387525,-0.010995574287564275,-0.3045599544730105
5.6420728519881305,-0.4059798420677013,0.016580627893946133,-0.0164060949687467,-0.30700341542580256
5.6130656942416355,-0.4211484481302547,0.003490658503988659,-0.015707963267948967,-0.317649923862968
5.589655454562757,-0.41726843083084436,0.007504915783575617,-0.004537856055185257,-0.31956978604016173
5.560908629326025,-0.4318209856791526,0.010122909661567111,-0.010995574287564275,-0.3256784384221419
5.5376131950213825,-0.4282640554408802,0.010995574287564275,-0.015707963267948967,-0.32532937257174305
5.511811621365371,-0.43353892540010064,0.004014257279586958,-0.017627825445142728,-0.3310889591033243
5.490559573848301,-0.45994969520992907,0.01064650843716541,-0.00942477796076938,-0.3429571980168858
5.470187574502744,-0.4462421994618144,0.0033161255787892262,-0.008552113334772215,-0.33719761148530447
5.442163206710253,-0.460735298766633,0.007330382858376184,-0.015184364492350668,-0.34505159311927897
5.4193610324863375,-0.4560703316205122,0.009948376736367679,-0.0027925268031909274,-0.3440043955680824
5.39163589769202,-0.47094602930720797,0.004014257279586958,-0.016755160819145562,-0.35238197597765514
5.368970064486809,-0.46662728843957335,0.0027925268031909274,-0.0019198621771937625,-0.3480186528476693
5.351261860232757,-0.4842932647792315,0.003141592653589793,-0.0033161255787892262,-0.35936329298563247
5.328829928873135,-0.4793547001289779,0.003839724354387525,-0.0017453292519943296,-0.35936329298563247
5.304052461950406,-0.4843094051519372,0.007330382858376184,0.01064650843716541,-0.3649483465920143
5.279473273342663,-0.4894515919253268,0.0012217304763960308,0.0019198621771937625,-0.3633775502652194
5.2549548592161415,-0.4947805321365223,0.0017453292519943296,0.013264502315156905,-0.369660735572399
5.234962739657325,-0.48080026848319896,0.007155849933176752,0.01117010721276371,-0.35936329298563247
5.213808582378343,-0.5179482224871771,0.004363323129985824,0.010821041362364843,-0.3792600464583678
5.194041939108995,-0.5042777868936394,-0.0012217304763960308,0.006981317007977318,-0.36931166972200014
5.177633095705142,-0.521295843227853,0.0019198621771937625,0.0033161255787892262,-0.3790855135331684
5.150175793007115,-0.49605334388730454,0.0005235987755982988,-0.004363323129985824,-0.36180675393842454
5.134036574070987,-0.5142718091948847,-0.0033161255787892262,0.006981317007977318,-0.37227872945039053
5.120142681501431,-0.5219270069468965,0.0013962634015954637,-0.004886921905584123,-0.3797836452339661
5.096653580547098,-0.5277195603688969,-0.005934119456780721,-0.00942477796076938,-0.38135444156076104
5.0769335005502665,-0.514966008056927,0.0012217304763960308,-0.0005235987755982988,-0.3757693879543792
5.0614508170749,-0.5328357408510485,0.0013962634015954637,-0.008028514559173916,-0.38519416591514855
5.042030816562423,-0.5194927108221412,-0.004363323129985824,0.00767944870877505,-0.37891098060796896
5.028612569044814,-0.5277979292363834,-0.0022689280275926286,0.008552113334772215,-0.3855432317655474
5.009129907340013,-0.515620337259707,-0.0066322511575784525,0.019547687622336492,-0.37594392087957856
4.992568742190304,-0.5429849423980084,-0.005235987755982988,0.013439035240356337,-0.39322268047432246
4.98306439846324,-0.5319506332079873,-0.0054105206811824215,0.0153588974175501,-0.3832743037379548
4.960337978247248,-0.5390380137664932,-0.00890117918517108,0.015707963267948967,-0.38816122564353894
4.947603784608566,-0.5479459063364106,-0.0066322511575784525,0.011693705988362009,-0.3937462792499207
4.9368026722597875,-0.5462266246832541,-0.010995574287564275,0.011693705988362009,-0.39025562074593206
4.916002591170478,-0.5439021911354938,-0.010995574287564275,0.004363323129985824,-0.3946189438759179
