LFwheelSpeed_mps,LRwheelSpeed_mps,RFwheelSpeed_mps,RRwheelSpeed_mps,brakePressureFL_bar,brakePressureFR_bar,brakePressureRL_bar,brakePressureRR_bar,engineTorque_Nm,roadWheelAngle_rad
0.03145193572368044,0.03145193572368044,0.03145193572368044,0.03145193572368044,11.0,11.0,11.0,11.0,9,-0.017342595104383404
0.03145193572368044,0.03145193572368044,0.03145193572368044,0.03145193572368044,11.0,11.0,11.0,11.0,9,-0.017342595104383404
0.03145193572368044,0.03145193572368044,0.03145193572368044,0.03145193572368044,11.0,11.0,11.0,11.0,9,-0.017342595104383404
0.03145193572368044,0.03145193572368044,0.03145193572368044,0.03145193572368044,11.0,11.0,11.0,11.0,9,-0.017342595104383404
0.03145193572368044,0.03145193572368044,0.03145193572368044,0.03145193572368044,11.0,11.0,11.0,11.0,9,-0.017342595104383404
0.03145193572368044,0.03145193572368044,0.03145193572368044,0.03145193572368044,11.0,11.0,11.0,11.0,9,-0.017342595104383404
0.03145193572368044,0.03145193572368044,0.03145193572368044,0.03145193572368044,11.0,11.0,11.0,11.0,9,-0.017342595104383404
0.03145193572368044,0.03145193572368044,0.03145193572368044,0.03145193572368044,11.0,11.0,11.0,11.0,9,-0.017342595104383404
0.03145193572368044,0.03145193572368044,0.03145193572368044,0.03145193572368044,11.0,11.0,11.0,11.0,9,-0.017342595104383404
0.03145193572368044,0.03145193572368044,0.03145193572368044,0.03145193572368044,11.0,11.0,11.0,11.0,9,-0.017342595104383404
0.03145193572368044,0.03145193572368044,0.03145193572368044,0.03145193572368044,11.0,11.0,11.0,11.0,9,-0.017342595104383404
0.03145193572368044,0.03145193572368044,0.03145193572368044,0.03145193572368044,11.0,11.0,11.0,11.0,9,-0.017342595104383404
0.03145193572368044,0.03145193572368044,0.03145193572368044,0.03145193572368044,11.0,11.0,11.0,11.0,9,-0.017342595104383404
0.03145193572368044,0.03145193572368044,0.03145193572368044,0.03145193572368044,11.0,11.0,11.0,11.0,9,-0.017342595104383404
0.03145193572368044,0.03145193572368044,0.03145193572368044,0.03145193572368044,11.0,11.0,11.0,11.0,9,-0.017342595104383404
0.03145193572368044,0.03145193572368044,0.03145193572368044,0.03145193572368044,11.0,11.0,11.0,11.0,9,-0.017342595104383404
0.03145193572368044,0.03145193572368044,0.03145193572368044,0.03145193572368044,11.0,11.0,11.0,11.0,9,-0.017342595104383404
0.03145193572368044,0.03145193572368044,0.03145193572368044,0.03145193572368044,11.0,11.0,11.0,11.0,9,-0.017342595104383404
0.03145193572368044,0.03145193572368044,0.03145193572368044,0.03145193572368044,11.0,11.0,11.0,11.0,9,-0.017342595104383404
0.03145193572368044,0.03145193572368044,0.03145193572368044,0.03145193572368044,11.0,11.0,11.0,11.0,10,-0.017342595104383404
0.03145193572368044,0.03145193572368044,0.03145193572368044,0.03145193572368044,11.0,11.0,11.0,11.0,10,-0.017342595104383404
0.03145193572368044,0.03145193572368044,0.03145193572368044,0.03145193572368044,11.0,11.0,11.0,11.0,10,-0.017342595104383404
0.03145193572368044,0.03145193572368044,0.03145193572368044,0.03145193572368044,11.0,11.0,11.0,11.0,10,-0.017342595104383404
0.03145193572368044,0.03145193572368044,0.03145193572368044,0.03145193572368044,11.0,11.0,11.0,11.0,10,-0.017342595104383404
0.03145193572368044,0.03145193572368044,0.03145193572368044,0.03145193572368044,11.0,11.0,11.0,11.0,10,-0.017342595104383404
0.03145193572368044,0.03145193572368044,0.03145193572368044,0.03145193572368044,11.0,11.0,11.0,11.0,10,-0.017342595104383404
0.03145193572368044,0.03145193572368044,0.03145193572368044,0.03145193572368044,11.0,11.0,11.0,11.0,10,-0.017342595104383404
0.03145193572368044,0.03145193572368044,0.03145193572368044,0.03145193572368044,11.0,11.0,11.0,11.0,10,-0.017342595104383404
0.03145193572368044,0.03145193572368044,0.03145193572368044,0.03145193572368044,11.0,11.0,11.0,11.0,10,-0.017342595104383404
0.03145193572368044,0.03145193572368044,0.03145193572368044,0.03145193572368044,11.0,11.0,11.0,11.0,10,-0.017342595104383404
0.03145193572368044,0.03145193572368044,0.03145193572368044,0.03145193572368044,11.0,11.0,11.0,11.0,10,-0.017342595104383404
0.03145193572368044,0.03145193572368044,0.03145193572368044,0.03145193572368044,11.0,11.0,11.0,11.0,10,-0.017342595104383404
0.03145193572368044,0.03145193572368044,0.03145193572368044,0.03145193572368044,11.0,11.0,11.0,11.0,10,-0.017342595104383404
0.03145193572368044,0.03145193572368044,0.03145193572368044,0.03145193572368044,11.0,11.0,11.0,11.0,10,-0.017342595104383404
0.03145193572368044,0.03145193572368044,0.03145193572368044,0.03145193572368044,11.0,11.0,11.0,11.0,10,-0.017342595104383404
0.03145193572368044,0.03145193572368044,0.03145193572368044,0.03145193572368044,11.0,11.0,11.0,11.0,9,-0.017342595104383404
0.03145193572368044,0.03145193572368044,0.03145193572368044,0.03145193572368044,11.0,11.0,11.0,11.0,9,-0.017342595104383404
0.03145193572368044,0.03145193572368044,0.03145193572368044,0.03145193572368044,11.0,11.0,11.0,11.0,9,-0.017342595104383404
0.03145193572368044,0.03145193572368044,0.03145193572368044,0.03145193572368044,11.0,11.0,11.0,11.0,9,-0.017342595104383404
0.03145193572368044,0.03145193572368044,0.03145193572368044,0.03145193572368044,11.0,11.0,11.0,11.0,9,-0.017342595104383404
0.03145193572368044,0.03145193572368044,0.03145193572368044,0.03145193572368044,11.0,11.0,11.0,11.0,9,-0.017342595104383404
0.03145193572368044,0.03145193572368044,0.03145193572368044,0.03145193572368044,11.0,11.0,11.0,11.0,9,-0.017342595104383404
0.03145193572368044,0.03145193572368044,0.03145193572368044,0.03145193572368044,11.100000000000001,11.100000000000001,11.0,11.0,9,-0.017342595104383404
0.03145193572368044,0.03145193572368044,0.03145193572368044,0.03145193572368044,11.100000000000001,11.100000000000001,11.0,11.0,9,-0.017342595104383404
0.03145193572368044,0.03145193572368044,0.03145193572368044,0.03145193572368044,11.100000000000001,11.100000000000001,11.0,11.0,9,-0.017342595104383404
0.03145193572368044,0.03145193572368044,0.03145193572368044,0.03145193572368044,11.100000000000001,11.100000000000001,11.0,11.0,9,-0.017342595104383404
0.03145193572368044,0.03145193572368044,0.03145193572368044,0.03145193572368044,11.100000000000001,11.100000000000001,11.0,11.0,9,-0.017342595104383404
0.03145193572368044,0.03145193572368044,0.03145193572368044,0.03145193572368044,11.100000000000001,11.100000000000001,11.100000000000001,11.100000000000001,9,-0.017342595104383404
0.03145193572368044,0.03145193572368044,0.03145193572368044,0.03145193572368044,11.100000000000001,11.100000000000001,11.0,11.0,9,-0.017342595104383404
0.03145193572368044,0.03145193572368044,0.03145193572368044,0.03145193572368044,11.100000000000001,11.100000000000001,11.100000000000001,11.100000000000001,10,-0.017342595104383404
0.03145193572368044,0.03145193572368044,0.03145193572368044,0.03145193572368044,11.100000000000001,11.100000000000001,11.100000000000001,11.100000000000001,9,-0.017342595104383404
0.03145193572368044,0.03145193572368044,0.03145193572368044,0.03145193572368044,11.100000000000001,11.100000000000001,11.100000000000001,11.100000000000001,9,-0.017342595104383404
0.03145193572368044,0.03145193572368044,0.03145193572368044,0.03145193572368044,11.100000000000001,11.100000000000001,11.100000000000001,11.100000000000001,9,-0.017342595104383404
0.03145193572368044,0.03145193572368044,0.03145193572368044,0.03145193572368044,11.100000000000001,11.100000000000001,11.100000000000001,11.100000000000001,10,-0.017342595104383404
0.03145193572368044,0.03145193572368044,0.03145193572368044,0.03145193572368044,11.100000000000001,11.100000000000001,11.100000000000001,11.100000000000001,9,-0.017342595104383404
0.03145193572368044,0.03145193572368044,0.03145193572368044,0.03145193572368044,11.100000000000001,11.100000000000001,11.100000000000001,11.100000000000001,9,-0.017342595104383404
0.03145193572368044,0.03145193572368044,0.03145193572368044,0.03145193572368044,11.100000000000001,11.100000000000001,11.100000000000001,11.100000000000001,9,-0.017342595104383404
0.03145193572368044,0.03145193572368044,0.03145193572368044,0.03145193572368044,11.100000000000001,11.100000000000001,11.100000000000001,11.100000000000001,9,-0.017342595104383404
0.03145193572368044,0.03145193572368044,0.03145193572368044,0.03145193572368044,11.100000000000001,11.100000000000001,11.100000000000001,11.100000000000001,10,-0.017342595104383404
0.03145193572368044,0.03145193572368044,0.03145193572368044,0.03145193572368044,11.100000000000001,11.100000000000001,11.100000000000001,11.100000000000001,10,-0.017342595104383404
0.03145193572368044,0.03145193572368044,0.03145193572368044,0.03145193572368044,11.100000000000001,11.100000000000001,11.100000000000001,11.100000000000001,10,-0.017342595104383404
0.03145193572368044,0.03145193572368044,0.03145193572368044,0.03145193572368044,11.100000000000001,11.100000000000001,11.100000000000001,11.100000000000001,10,-0.017342595104383404
0.03145193572368044,0.03145193572368044,0.03145193572368044,0.03145193572368044,11.100000000000001,11.100000000000001,11.100000000000001,11.100000000000001,10,-0.017342595104383404
0.03145193572368044,0.03145193572368044,0.03145193572368044,0.03145193572368044,11.100000000000001,11.100000000000001,11.100000000000001,11.100000000000001,10,-0.017342595104383404
0.03145193572368044,0.03145193572368044,0.03145193572368044,0.03145193572368044,11.100000000000001,11.100000000000001,11.100000000000001,11.100000000000001,9,-0.017342595104383404
0.03145193572368044,0.03145193572368044,0.03145193572368044,0.03145193572368044,11.100000000000001,11.100000000000001,11.100000000000001,11.100000000000001,9,-0.017342595104383404
0.03145193572368044,0.03145193572368044,0.03145193572368044,0.03145193572368044,11.100000000000001,11.100000000000001,11.100000000000001,11.100000000000001,10,-0.017342595104383404
0.03145193572368044,0.03145193572368044,0.03145193572368044,0.03145193572368044,11.100000000000001,11.100000000000001,11.100000000000001,11.100000000000001,10,-0.017342595104383404
0.03145193572368044,0.03145193572368044,0.03145193572368044,0.03145193572368044,11.100000000000001,11.100000000000001,11.100000000000001,11.100000000000001,10,-0.017342595104383404
0.03145193572368044,0.03145193572368044,0.03145193572368044,0.03145193572368044,11.100000000000001,11.100000000000001,11.100000000000001,11.100000000000001,10,-0.017342595104383404
0.03145193572368044,0.03145193572368044,0.03145193572368044,0.03145193572368044,11.100000000000001,11.100000000000001,11.100000000000001,11.100000000000001,10,-0.017342595104383404
0.03145193572368044,0.03145193572368044,0.03145193572368044,0.03145193572368044,11.100000000000001,11.100000000000001,11.100000000000001,11.100000000000001,10,-0.017342595104383404
0.03145193572368044,0.03145193572368044,0.03145193572368044,0.03145193572368044,11.100000000000001,11.100000000000001,11.100000000000001,11.100000000000001,9,-0.017342595104383404
0.03145193572368044,0.03145193572368044,0.03145193572368044,0.03145193572368044,11.100000000000001,11.100000000000001,11.100000000000001,11.100000000000001,9,-0.017342595104383404
0.03145193572368044,0.03145193572368044,0.03145193572368044,0.03145193572368044,11.100000000000001,11.100000000000001,11.100000000000001,11.100000000000001,9,-0.017342595104383404
0.03145193572368044,0.03145193572368044,0.03145193572368044,0.03145193572368044,11.100000000000001,11.100000000000001,11.100000000000001,11.100000000000001,9,-0.017342595104383404
0.03145193572368044,0.03145193572368044,0.03145193572368044,0.03145193572368044,11.100000000000001,11.100000000000001,11.100000000000001,11.100000000000001,9,-0.017342595104383404
0.03145193572368044,0.03145193572368044,0.03145193572368044,0.03145193572368044,11.100000000000001,11.100000000000001,11.100000000000001,11.100000000000001,9,-0.017342595104383404
0.03145193572368044,0.03145193572368044,0.03145193572368044,0.03145193572368044,11.100000000000001,11.100000000000001,11.100000000000001,11.100000000000001,9,-0.017342595104383404
0.03145193572368044,0.03145193572368044,0.03145193572368044,0.03145193572368044,11.100000000000001,11.100000000000001,11.100000000000001,11.100000000000001,9,-0.017342595104383404
0.03145193572368044,0.03145193572368044,0.03145193572368044,0.03145193572368044,11.100000000000001,11.100000000000001,11.100000000000001,11.100000000000001,9,-0.017342595104383404
0.03145193572368044,0.03145193572368044,0.03145193572368044,0.03145193572368044,11.100000000000001,11.100000000000001,11.100000000000001,11.100000000000001,9,-0.017342595104383404
0.03145193572368044,0.03145193572368044,0.03145193572368044,0.03145193572368044,11.100000000000001,11.100000000000001,11.100000000000001,11.100000000000001,9,-0.017342595104383404
0.03145193572368044,0.03145193572368044,0.03145193572368044,0.03145193572368044,11.100000000000001,11.100000000000001,11.100000000000001,11.100000000000001,9,-0.017342595104383404
0.03145193572368044,0.03145193572368044,0.03145193572368044,0.03145193572368044,11.100000000000001,11.100000000000001,11.100000000000001,11.100000000000001,9,-0.017342595104383404
0.03145193572368044,0.03145193572368044,0.03145193572368044,0.03145193572368044,11.100000000000001,11.100000000000001,11.100000000000001,11.100000000000001,9,-0.017342595104383404
0.03145193572368044,0.03145193572368044,0.03145193572368044,0.03145193572368044,11.100000000000001,11.100000000000001,11.100000000000001,11.100000000000001,9,-0.017342595104383404
0.03145193572368044,0.03145193572368044,0.03145193572368044,0.03145193572368044,11.100000000000001,11.100000000000001,11.100000000000001,11.100000000000001,9,-0.017342595104383404
0.03145193572368044,0.03145193572368044,0.03145193572368044,0.03145193572368044,11.100000000000001,11.100000000000001,11.100000000000001,11.100000000000001,9,-0.017342595104383404
0.03145193572368044,0.03145193572368044,0.03145193572368044,0.03145193572368044,11.100000000000001,11.100000000000001,11.100000000000001,11.100000000000001,9,-0.017342595104383404
0.03145193572368044,0.03145193572368044,0.03145193572368044,0.03145193572368044,11.100000000000001,11.100000000000001,11.100000000000001,11.100000000000001,9,-0.017342595104383404
0.03145193572368044,0.03145193572368044,0.03145193572368044,0.03145193572368044,11.100000000000001,11.100000000000001,11.100000000000001,11.100000000000001,9,-0.017342595104383404
0.03145193572368044,0.03145193572368044,0.03145193572368044,0.03145193572368044,11.100000000000001,11.100000000000001,11.100000000000001,11.100000000000001,8,-0.017342595104383404
0.03145193572368044,0.03145193572368044,0.03145193572368044,0.03145193572368044,11.100000000000001,11.100000000000001,11.100000000000001,11.100000000000001,9,-0.017342595104383404
0.03145193572368044,0.03145193572368044,0.03145193572368044,0.03145193572368044,11.100000000000001,11.100000000000001,11.100000000000001,11.100000000000001,8,-0.017342595104383404
0.03145193572368044,0.03145193572368044,0.03145193572368044,0.03145193572368044,11.100000000000001,11.100000000000001,11.100000000000001,11.100000000000001,9,-0.017342595104383404
0.03145193572368044,0.03145193572368044,0.03145193572368044,0.03145193572368044,11.100000000000001,11.100000000000001,11.100000000000001,11.100000000000001,9,-0.017342595104383404
0.03145193572368044,0.03145193572368044,0.03145193572368044,0.03145193572368044,11.100000000000001,11.100000000000001,11.100000000000001,11.100000000000001,8,-0.017342595104383404
0.03145193572368044,0.03145193572368044,0.03145193572368044,0.03145193572368044,11.100000000000001,11.100000000000001,11.100000000000001,11.100000000000001,8,-0.017342595104383404
0.03145193572368044,0.03145193572368044,0.03145193572368044,0.03145193572368044,11.100000000000001,11.100000000000001,11.100000000000001,11.100000000000001,9,-0.017342595104383404
0.03145193572368044,0.03145193572368044,0.03145193572368044,0.03145193572368044,11.100000000000001,11.100000000000001,11.100000000000001,11.100000000000001,8,-0.017342595104383404
0.03145193572368044,0.03145193572368044,0.03145193572368044,0.03145193572368044,11.100000000000001,11.100000000000001,11.100000000000001,11.100000000000001,9,-0.017342595104383404
0.03145193572368044,0.03145193572368044,0.03145193572368044,0.03145193572368044,11.100000000000001,11.100000000000001,11.100000000000001,11.100000000000001,9,-0.017342595104383404
0.03145193572368044,0.03145193572368044,0.03145193572368044,0.03145193572368044,11.100000000000001,11.100000000000001,11.100000000000001,11.100000000000001,9,-0.017342595104383404
0.03145193572368044,0.03145193572368044,0.03145193572368044,0.03145193572368044,11.100000000000001,11.100000000000001,11.100000000000001,11.100000000000001,9,-0.017342595104383404
0.03145193572368044,0.03145193572368044,0.03145193572368044,0.03145193572368044,11.100000000000001,11.100000000000001,11.100000000000001,11.100000000000001,8,-0.017342595104383404
0.03145193572368044,0.03145193572368044,0.03145193572368044,0.03145193572368044,11.100000000000001,11.100000000000001,11.100000000000001,11.100000000000001,8,-0.017342595104383404
0.03145193572368044,0.03145193572368044,0.03145193572368044,0.03145193572368044,11.100000000000001,11.100000000000001,11.100000000000001,11.100000000000001,8,-0.017342595104383404
0.03145193572368044,0.03145193572368044,0.03145193572368044,0.03145193572368044,11.100000000000001,11.100000000000001,11.100000000000001,11.100000000000001,8,-0.017342595104383404
0.03145193572368044,0.03145193572368044,0.03145193572368044,0.03145193572368044,11.100000000000001,11.100000000000001,11.100000000000001,11.100000000000001,8,-0.017342595104383404
0.03145193572368044,0.03145193572368044,0.03145193572368044,0.03145193572368044,11.100000000000001,11.100000000000001,11.100000000000001,11.100000000000001,8,-0.017342595104383404
0.03145193572368044,0.03145193572368044,0.03145193572368044,0.03145193572368044,11.100000000000001,11.100000000000001,11.100000000000001,11.100000000000001,8,-0.017342595104383404
0.03145193572368044,0.03145193572368044,0.03145193572368044,0.03145193572368044,11.100000000000001,11.100000000000001,11.100000000000001,11.100000000000001,8,-0.017342595104383404
0.03145193572368044,0.03145193572368044,0.03145193572368044,0.03145193572368044,11.100000000000001,11.100000000000001,11.100000000000001,11.100000000000001,8,-0.017342595104383404
0.03145193572368044,0.03145193572368044,0.03145193572368044,0.03145193572368044,11.100000000000001,11.100000000000001,11.100000000000001,11.100000000000001,8,-0.017342595104383404
0.03145193572368044,0.03145193572368044,0.03145193572368044,0.03145193572368044,11.100000000000001,11.100000000000001,11.100000000000001,11.100000000000001,9,-0.017342595104383404
0.03145193572368044,0.03145193572368044,0.03145193572368044,0.03145193572368044,11.100000000000001,11.100000000000001,11.100000000000001,11.100000000000001,9,-0.017342595104383404
0.03145193572368044,0.03145193572368044,0.03145193572368044,0.03145193572368044,11.100000000000001,11.100000000000001,11.100000000000001,11.100000000000001,9,-0.017342595104383404
0.03145193572368044,0.03145193572368044,0.03145193572368044,0.03145193572368044,11.100000000000001,11.100000000000001,11.100000000000001,11.100000000000001,9,-0.017342595104383404
0.03145193572368044,0.03145193572368044,0.03145193572368044,0.03145193572368044,11.100000000000001,11.100000000000001,11.100000000000001,11.100000000000001,9,-0.017342595104383404
0.03145193572368044,0.03145193572368044,0.03145193572368044,0.03145193572368044,11.100000000000001,11.100000000000001,11.100000000000001,11.100000000000001,9,-0.017342595104383404
0.03145193572368044,0.03145193572368044,0.03145193572368044,0.03145193572368044,11.200000000000001,11.200000000000001,11.100000000000001,11.100000000000001,9,-0.017342595104383404
0.03145193572368044,0.03145193572368044,0.03145193572368044,0.03145193572368044,11.200000000000001,11.200000000000001,11.100000000000001,11.100000000000001,9,-0.017342595104383404
0.03145193572368044,0.03145193572368044,0.03145193572368044,0.03145193572368044,11.200000000000001,11.200000000000001,11.100000000000001,11.100000000000001,9,-0.017342595104383404
0.03145193572368044,0.03145193572368044,0.03145193572368044,0.03145193572368044,11.200000000000001,11.200000000000001,11.100000000000001,11.100000000000001,9,-0.017342595104383404
0.03145193572368044,0.03145193572368044,0.03145193572368044,0.03145193572368044,11.200000000000001,11.200000000000001,11.100000000000001,11.100000000000001,8,-0.017342595104383404
0.03145193572368044,0.03145193572368044,0.03145193572368044,0.03145193572368044,11.200000000000001,11.200000000000001,11.100000000000001,11.100000000000001,8,-0.017342595104383404
0.03145193572368044,0.03145193572368044,0.03145193572368044,0.03145193572368044,11.200000000000001,11.200000000000001,11.100000000000001,11.100000000000001,9,-0.017342595104383404
0.03145193572368044,0.03145193572368044,0.03145193572368044,0.03145193572368044,11.200000000000001,11.200000000000001,11.100000000000001,11.100000000000001,9,-0.017342595104383404
0.03145193572368044,0.03145193572368044,0.03145193572368044,0.03145193572368044,11.200000000000001,11.200000000000001,11.100000000000001,11.100000000000001,9,-0.017342595104383404
0.03145193572368044,0.03145193572368044,0.03145193572368044,0.03145193572368044,11.200000000000001,11.200000000000001,11.200000000000001,11.200000000000001,9,-0.017342595104383404
0.03145193572368044,0.03145193572368044,0.03145193572368044,0.03145193572368044,11.200000000000001,11.200000000000001,11.200000000000001,11.200000000000001,9,-0.017342595104383404
0.03145193572368044,0.03145193572368044,0.03145193572368044,0.03145193572368044,11.200000000000001,11.200000000000001,11.200000000000001,11.200000000000001,8,-0.017342595104383404
0.03145193572368044,0.03145193572368044,0.03145193572368044,0.03145193572368044,11.200000000000001,11.200000000000001,11.200000000000001,11.200000000000001,9,-0.017342595104383404
0.03145193572368044,0.03145193572368044,0.03145193572368044,0.03145193572368044,11.200000000000001,11.200000000000001,11.200000000000001,11.200000000000001,8,-0.017342595104383404
0.03145193572368044,0.03145193572368044,0.03145193572368044,0.03145193572368044,11.200000000000001,11.200000000000001,11.200000000000001,11.200000000000001,9,-0.017342595104383404
0.03145193572368044,0.03145193572368044,0.03145193572368044,0.03145193572368044,11.200000000000001,11.200000000000001,11.200000000000001,11.200000000000001,9,-0.017342595104383404
0.03145193572368044,0.03145193572368044,0.03145193572368044,0.03145193572368044,11.200000000000001,11.200000000000001,11.200000000000001,11.200000000000001,9,-0.017342595104383404
0.03145193572368044,0.03145193572368044,0.03145193572368044,0.03145193572368044,11.200000000000001,11.200000000000001,11.200000000000001,11.200000000000001,9,-0.017342595104383404
0.03145193572368044,0.03145193572368044,0.03145193572368044,0.03145193572368044,11.200000000000001,11.200000000000001,11.200000000000001,11.200000000000001,9,-0.017342595104383404
0.03145193572368044,0.03145193572368044,0.03145193572368044,0.03145193572368044,11.200000000000001,11.200000000000001,11.200000000000001,11.200000000000001,9,-0.017342595104383404
0.03145193572368044,0.03145193572368044,0.03145193572368044,0.03145193572368044,11.200000000000001,11.200000000000001,11.200000000000001,11.200000000000001,9,-0.017342595104383404
0.03145193572368044,0.03145193572368044,0.03145193572368044,0.03145193572368044,11.200000000000001,11.200000000000001,11.200000000000001,11.200000000000001,9,-0.017342595104383404
0.03145193572368044,0.03145193572368044,0.03145193572368044,0.03145193572368044,11.200000000000001,11.200000000000001,11.200000000000001,11.200000000000001,9,-0.017342595104383404
0.03145193572368044,0.03145193572368044,0.03145193572368044,0.03145193572368044,11.200000000000001,11.200000000000001,11.200000000000001,11.200000000000001,9,-0.017342595104383404
0.03145193572368044,0.03145193572368044,0.03145193572368044,0.03145193572368044,11.200000000000001,11.200000000000001,11.200000000000001,11.200000000000001,9,-0.017342595104383404
0.03145193572368044,0.03145193572368044,0.03145193572368044,0.03145193572368044,11.200000000000001,11.200000000000001,11.200000000000001,11.200000000000001,9,-0.017342595104383404
0.03145193572368044,0.03145193572368044,0.03145193572368044,0.03145193572368044,11.200000000000001,11.200000000000001,11.200000000000001,11.200000000000001,9,-0.017342595104383404
0.03145193572368044,0.03145193572368044,0.03145193572368044,0.03145193572368044,11.200000000000001,11.200000000000001,11.200000000000001,11.200000000000001,9,-0.017342595104383404
0.03145193572368044,0.03145193572368044,0.03145193572368044,0.03145193572368044,11.200000000000001,11.200000000000001,11.200000000000001,11.200000000000001,9,-0.017342595104383404
0.03145193572368044,0.03145193572368044,0.03145193572368044,0.03145193572368044,11.200000000000001,11.200000000000001,11.200000000000001,11.200000000000001,9,-0.017342595104383404
0.03145193572368044,0.03145193572368044,0.03145193572368044,0.03145193572368044,11.200000000000001,11.200000000000001,11.200000000000001,11.200000000000001,8,-0.017342595104383404
0.03145193572368044,0.03145193572368044,0.03145193572368044,0.03145193572368044,11.200000000000001,11.200000000000001,11.200000000000001,11.200000000000001,8,-0.017342595104383404
0.03145193572368044,0.03145193572368044,0.03145193572368044,0.03145193572368044,11.200000000000001,11.200000000000001,11.200000000000001,11.200000000000001,8,-0.017342595104383404
0.03145193572368044,0.03145193572368044,0.03145193572368044,0.03145193572368044,11.200000000000001,11.200000000000001,11.200000000000001,11.200000000000001,9,-0.017342595104383404
0.03145193572368044,0.03145193572368044,0.03145193572368044,0.03145193572368044,11.200000000000001,11.200000000000001,11.200000000000001,11.200000000000001,8,-0.017342595104383404
0.03145193572368044,0.03145193572368044,0.03145193572368044,0.03145193572368044,11.200000000000001,11.200000000000001,11.200000000000001,11.200000000000001,8,-0.017342595104383404
0.03145193572368044,0.03145193572368044,0.03145193572368044,0.03145193572368044,11.200000000000001,11.200000000000001,11.200000000000001,11.200000000000001,8,-0.017342595104383404
0.03145193572368044,0.03145193572368044,0.03145193572368044,0.03145193572368044,11.200000000000001,11.200000000000001,11.200000000000001,11.200000000000001,8,-0.017342595104383404
0.03145193572368044,0.03145193572368044,0.03145193572368044,0.03145193572368044,11.200000000000001,11.200000000000001,11.200000000000001,11.200000000000001,8,-0.017342595104383404
0.03145193572368044,0.03145193572368044,0.03145193572368044,0.03145193572368044,11.200000000000001,11.200000000000001,11.200000000000001,11.200000000000001,8,-0.017342595104383404
0.03145193572368044,0.03145193572368044,0.03145193572368044,0.03145193572368044,11.200000000000001,11.200000000000001,11.200000000000001,11.200000000000001,8,-0.017342595104383404
0.03145193572368044,0.03145193572368044,0.03145193572368044,0.03145193572368044,11.200000000000001,11.200000000000001,11.200000000000001,11.200000000000001,8,-0.017342595104383404
0.03145193572368044,0.03145193572368044,0.03145193572368044,0.03145193572368044,11.200000000000001,11.200000000000001,11.200000000000001,11.200000000000001,8,-0.017342595104383404
0.03145193572368044,0.03145193572368044,0.03145193572368044,0.03145193572368044,11.200000000000001,11.200000000000001,11.200000000000001,11.200000000000001,7,-0.017342595104383404
0.03145193572368044,0.03145193572368044,0.03145193572368044,0.03145193572368044,11.200000000000001,11.200000000000001,11.200000000000001,11.200000000000001,8,-0.017342595104383404
0.03145193572368044,0.03145193572368044,0.03145193572368044,0.03145193572368044,11.200000000000001,11.200000000000001,11.200000000000001,11.200000000000001,8,-0.017342595104383404
0.03145193572368044,0.03145193572368044,0.03145193572368044,0.03145193572368044,11.200000000000001,11.200000000000001,11.200000000000001,11.200000000000001,8,-0.017342595104383404
0.03145193572368044,0.03145193572368044,0.03145193572368044,0.03145193572368044,11.200000000000001,11.200000000000001,11.200000000000001,11.200000000000001,8,-0.017342595104383404
0.03145193572368044,0.03145193572368044,0.03145193572368044,0.03145193572368044,11.200000000000001,11.200000000000001,11.200000000000001,11.200000000000001,8,-0.017342595104383404
0.03145193572368044,0.03145193572368044,0.03145193572368044,0.03145193572368044,11.200000000000001,11.200000000000001,11.200000000000001,11.200000000000001,8,-0.017342595104383404
0.03145193572368044,0.03145193572368044,0.03145193572368044,0.03145193572368044,11.200000000000001,11.200000000000001,11.200000000000001,11.200000000000001,8,-0.017342595104383404
0.03145193572368044,0.03145193572368044,0.03145193572368044,0.03145193572368044,11.200000000000001,11.200000000000001,11.200000000000001,11.200000000000001,8,-0.017342595104383404
0.03145193572368044,0.03145193572368044,0.03145193572368044,0.03145193572368044,11.200000000000001,11.200000000000001,11.200000000000001,11.200000000000001,8,-0.017342595104383404
0.03145193572368044,0.03145193572368044,0.03145193572368044,0.03145193572368044,11.200000000000001,11.200000000000001,11.200000000000001,11.200000000000001,8,-0.017342595104383404
0.03145193572368044,0.03145193572368044,0.03145193572368044,0.03145193572368044,11.200000000000001,11.200000000000001,11.200000000000001,11.200000000000001,8,-0.017342595104383404
0.03145193572368044,0.03145193572368044,0.03145193572368044,0.03145193572368044,11.200000000000001,11.200000000000001,11.200000000000001,11.200000000000001,8,-0.017342595104383404
0.03145193572368044,0.03145193572368044,0.03145193572368044,0.03145193572368044,11.200000000000001,11.200000000000001,11.200000000000001,11.200000000000001,8,-0.017342595104383404
0.03145193572368044,0.03145193572368044,0.03145193572368044,0.03145193572368044,11.200000000000001,11.200000000000001,11.200000000000001,11.200000000000001,8,-0.017342595104383404
0.03145193572368044,0.03145193572368044,0.03145193572368044,0.03145193572368044,11.200000000000001,11.200000000000001,11.200000000000001,11.200000000000001,8,-0.017342595104383404
0.03145193572368044,0.03145193572368044,0.03145193572368044,0.03145193572368044,11.200000000000001,11.200000000000001,11.200000000000001,11.200000000000001,8,-0.017342595104383404
0.03145193572368044,0.03145193572368044,0.03145193572368044,0.03145193572368044,11.200000000000001,11.200000000000001,11.200000000000001,11.200000000000001,8,-0.017342595104383404
0.03145193572368044,0.03145193572368044,0.03145193572368044,0.03145193572368044,11.200000000000001,11.200000000000001,11.200000000000001,11.200000000000001,8,-0.017342595104383404
0.03145193572368044,0.03145193572368044,0.03145193572368044,0.03145193572368044,11.200000000000001,11.200000000000001,11.200000000000001,11.200000000000001,8,-0.017342595104383404
0.03145193572368044,0.03145193572368044,0.03145193572368044,0.03145193572368044,11.200000000000001,11.200000000000001,11.200000000000001,11.200000000000001,8,-0.017342595104383404
0.03145193572368044,0.03145193572368044,0.03145193572368044,0.03145193572368044,11.200000000000001,11.200000000000001,11.200000000000001,11.200000000000001,8,-0.017342595104383404
0.03145193572368044,0.03145193572368044,0.03145193572368044,0.03145193572368044,11.200000000000001,11.200000000000001,11.200000000000001,11.200000000000001,8,-0.017342595104383404
0.03145193572368044,0.03145193572368044,0.03145193572368044,0.03145193572368044,11.200000000000001,11.200000000000001,11.200000000000001,11.200000000000001,8,-0.017342595104383404
0.03145193572368044,0.03145193572368044,0.03145193572368044,0.03145193572368044,11.200000000000001,11.200000000000001,11.200000000000001,11.200000000000001,9,-0.017342595104383404
0.03145193572368044,0.03145193572368044,0.03145193572368044,0.03145193572368044,11.200000000000001,11.200000000000001,11.200000000000001,11.200000000000001,9,-0.017342595104383404
0.03145193572368044,0.03145193572368044,0.03145193572368044,0.03145193572368044,11.200000000000001,11.200000000000001,11.200000000000001,11.200000000000001,9,-0.017342595104383404
0.03145193572368044,0.03145193572368044,0.03145193572368044,0.03145193572368044,11.200000000000001,11.200000000000001,11.200000000000001,11.200000000000001,9,-0.017342595104383404
0.03145193572368044,0.03145193572368044,0.03145193572368044,0.03145193572368044,11.200000000000001,11.200000000000001,11.200000000000001,11.200000000000001,9,-0.017342595104383404
0.03145193572368044,0.03145193572368044,0.03145193572368044,0.03145193572368044,11.200000000000001,11.200000000000001,11.200000000000001,11.200000000000001,8,-0.017342595104383404
0.03145193572368044,0.03145193572368044,0.03145193572368044,0.03145193572368044,11.200000000000001,11.200000000000001,11.200000000000001,11.200000000000001,8,-0.017342595104383404
0.03145193572368044,0.03145193572368044,0.03145193572368044,0.03145193572368044,11.200000000000001,11.200000000000001,11.200000000000001,11.200000000000001,8,-0.017342595104383404
0.03145193572368044,0.03145193572368044,0.03145193572368044,0.03145193572368044,11.200000000000001,11.200000000000001,11.200000000000001,11.200000000000001,8,-0.017342595104383404
0.03145193572368044,0.03145193572368044,0.03145193572368044,0.03145193572368044,11.200000000000001,11.200000000000001,11.200000000000001,11.200000000000001,8,-0.017342595104383404
0.03145193572368044,0.03145193572368044,0.03145193572368044,0.03145193572368044,11.200000000000001,11.200000000000001,11.200000000000001,11.200000000000001,8,-0.017342595104383404
0.03145193572368044,0.03145193572368044,0.03145193572368044,0.03145193572368044,11.200000000000001,11.200000000000001,11.200000000000001,11.200000000000001,9,-0.017342595104383404
0.03145193572368044,0.03145193572368044,0.03145193572368044,0.03145193572368044,11.200000000000001,11.200000000000001,11.200000000000001,11.200000000000001,8,-0.017342595104383404
0.03145193572368044,0.03145193572368044,0.03145193572368044,0.03145193572368044,11.200000000000001,11.200000000000001,11.200000000000001,11.200000000000001,8,-0.017342595104383404
0.03145193572368044,0.03145193572368044,0.03145193572368044,0.03145193572368044,11.200000000000001,11.200000000000001,11.200000000000001,11.200000000000001,8,-0.017342595104383404
0.03145193572368044,0.03145193572368044,0.03145193572368044,0.03145193572368044,11.200000000000001,11.200000000000001,11.200000000000001,11.200000000000001,8,-0.017342595104383404
0.03145193572368044,0.03145193572368044,0.03145193572368044,0.03145193572368044,11.200000000000001,11.200000000000001,11.200000000000001,11.200000000000001,8,-0.017342595104383404
0.03145193572368044,0.03145193572368044,0.03145193572368044,0.03145193572368044,11.200000000000001,11.200000000000001,11.200000000000001,11.200000000000001,8,-0.017342595104383404
0.03145193572368044,0.03145193572368044,0.03145193572368044,0.03145193572368044,11.200000000000001,11.200000000000001,11.200000000000001,11.200000000000001,8,-0.017342595104383404
0.03145193572368044,0.03145193572368044,0.03145193572368044,0.03145193572368044,11.200000000000001,11.200000000000001,11.200000000000001,11.200000000000001,8,-0.017342595104383404
0.03145193572368044,0.03145193572368044,0.03145193572368044,0.03145193572368044,11.200000000000001,11.200000000000001,11.100000000000001,11.100000000000001,8,-0.017342595104383404
0.03145193572368044,0.03145193572368044,0.03145193572368044,0.03145193572368044,11.200000000000001,11.200000000000001,11.100000000000001,11.100000000000001,8,-0.017342595104383404
0.03145193572368044,0.03145193572368044,0.03145193572368044,0.03145193572368044,11.100000000000001,11.100000000000001,11.100000000000001,11.100000000000001,8,-0.017342595104383404
0.03145193572368044,0.03145193572368044,0.03145193572368044,0.03145193572368044,11.100000000000001,11.100000000000001,11.0,11.0,8,-0.017342595104383404
0.03145193572368044,0.03145193572368044,0.03145193572368044,0.03145193572368044,11.0,11.0,10.8,10.8,8,-0.017342595104383404
0.03145193572368044,0.03145193572368044,0.03145193572368044,0.03145193572368044,10.8,10.8,10.4,10.4,8,-0.017342595104383404
0.03145193572368044,0.03145193572368044,0.03145193572368044,0.03145193572368044,10.5,10.5,9.8,9.8,8,-0.017342595104383404
0.03145193572368044,0.03145193572368044,0.03145193572368044,0.03145193572368044,10.100000000000001,10.100000000000001,9.200000000000001,9.200000000000001,8,-0.017342595104383404
0.03145193572368044,0.03145193572368044,0.03145193572368044,0.03145193572368044,9.700000000000001,9.700000000000001,8.5,8.5,8,-0.017342595104383404
0.03145193572368044,0.03145193572368044,0.03145193572368044,0.03145193572368044,8.9,8.9,8.5,8.5,8,-0.017342595104383404
0.03145193572368044,0.03145193572368044,0.03145193572368044,0.03145193572368044,8.4,8.4,7.6000000000000005,7.6000000000000005,8,-0.017342595104383404
0.03145193572368044,0.03145193572368044,0.03145193572368044,0.03145193572368044,8.0,8.0,6.6000000000000005,6.6000000000000005,10,-0.017342595104383404
0.03145193572368044,0.03145193572368044,0.03145193572368044,0.03145193572368044,6.9,6.9,6.6000000000000005,6.6000000000000005,12,-0.017342595104383404
0.03145193572368044,0.03145193572368044,0.03145193572368044,0.03145193572368044,6.4,6.4,5.6000000000000005,5.6000000000000005,12,-0.017342595104383404
0.03145193572368044,0.03145193572368044,0.03145193572368044,0.03145193572368044,6.0,6.0,4.800000000000001,4.800000000000001,13,-0.017342595104383404
0.03145193572368044,0.03145193572368044,0.03145193572368044,0.03145193572368044,5.2,5.2,4.800000000000001,4.800000000000001,14,-0.017342595104383404
0.03145193572368044,0.03145193572368044,0.03145193572368044,0.03145193572368044,4.9,4.9,4.4,4.4,14,-0.017342595104383404
0.03145193572368044,0.03145193572368044,0.03145193572368044,0.03145193572368044,4.6000000000000005,4.6000000000000005,3.9000000000000004,3.9000000000000004,14,-0.017342595104383404
0.03145193572368044,0.03145193572368044,0.03145193572368044,0.03145193572368044,4.4,4.4,3.6,3.6,15,-0.017342595104383404
0.03145193572368044,0.03145193572368044,0.03145193572368044,0.03145193572368044,4.2,4.2,3.2,3.2,15,-0.017342595104383404
0.03145193572368044,0.03145193572368044,0.03145193572368044,0.03145193572368044,4.0,4.0,2.9000000000000004,2.9000000000000004,15,-0.017342595104383404
0.03145193572368044,0.03145193572368044,0.03145193572368044,0.03145193572368044,3.5,3.5,2.9000000000000004,2.9000000000000004,16,-0.017342595104383404
0.03145193572368044,0.03145193572368044,0.03145193572368044,0.03145193572368044,3.4000000000000004,3.4000000000000004,2.6,2.6,16,-0.017342595104383404
0.03145193572368044,0.03145193572368044,0.03145193572368044,0.03145193572368044,3.2,3.2,2.4000000000000004,2.4000000000000004,17,-0.017342595104383404
0.03145193572368044,0.03145193572368044,0.03145193572368044,0.03145193572368044,3.0,3.0,2.1,2.1,18,-0.017342595104383404
0.03145193572368044,0.03145193572368044,0.03145193572368044,0.03145193572368044,2.9000000000000004,2.9000000000000004,1.9000000000000001,1.9000000000000001,18,-0.017342595104383404
0.03145193572368044,0.03145193572368044,0.03145193572368044,0.03145193572368044,2.7,2.7,1.7000000000000002,1.7000000000000002,19,-0.017342595104383404
0.03145193572368044,0.03145193572368044,0.03145193572368044,0.03145193572368044,2.6,2.6,1.6,1.6,20,-0.017342595104383404
0.03145193572368044,0.03145193572368044,0.03145193572368044,0.03145193572368044,2.3000000000000003,2.3000000000000003,1.6,1.6,21,-0.017342595104383404
0.03145193572368044,0.03145193572368044,0.03145193572368044,0.03145193572368044,2.2,2.2,1.4000000000000001,1.4000000000000001,21,-0.017342595104383404
0.03145193572368044,0.03145193572368044,0.03145193572368044,0.03145193572368044,2.1,2.1,1.4000000000000001,1.4000000000000001,22,-0.017342595104383404
0.03145193572368044,0.03145193572368044,0.03145193572368044,0.03145193572368044,2.0,2.0,1.3,1.3,22,-0.017342595104383404
0.03145193572368044,0.03145193572368044,0.03145193572368044,0.03145193572368044,1.9000000000000001,1.9000000000000001,1.2000000000000002,1.2000000000000002,22,-0.017342595104383404
0.03145193572368044,0.03145193572368044,0.03145193572368044,0.03145193572368044,1.8,1.8,1.2000000000000002,1.2000000000000002,23,-0.017342595104383404
0.03145193572368044,0.03145193572368044,0.03145193572368044,0.03145193572368044,1.7000000000000002,1.7000000000000002,1.1,1.1,23,-0.017342595104383404
0.03145193572368044,0.03145193572368044,0.03145193572368044,0.03145193572368044,1.6,1.6,1.0,1.0,21,-0.017342595104383404
0.03145193572368044,0.03145193572368044,0.03145193572368044,0.03145193572368044,1.5,1.5,1.0,1.0,20,-0.017342595104383404
0.03145193572368044,0.03145193572368044,0.03145193572368044,0.03145193572368044,1.4000000000000001,1.4000000000000001,1.0,1.0,18,-0.017342595104383404
0.03145193572368044,0.03145193572368044,0.03145193572368044,0.03145193572368044,1.4000000000000001,1.4000000000000001,0.9,0.9,17,-0.017342595104383404
0.03145193572368044,0.03145193572368044,0.03145193572368044,0.03145193572368044,1.3,1.3,0.9,0.9,16,-0.017342595104383404
0.03145193572368044,0.03145193572368044,0.03145193572368044,0.03145193572368044,1.3,1.3,0.8,0.8,14,-0.017342595104383404
0.03145193572368044,0.03145193572368044,0.03145193572368044,0.03145193572368044,1.3,1.3,0.8,0.8,14,-0.017342595104383404
0.03145193572368044,0.03145193572368044,0.03145193572368044,0.03145193572368044,1.2000000000000002,1.2000000000000002,0.7000000000000001,0.7000000000000001,12,-0.017342595104383404
0.03145193572368044,0.03145193572368044,0.03145193572368044,0.03145193572368044,1.2000000000000002,1.2000000000000002,0.7000000000000001,0.7000000000000001,11,-0.017342595104383404
0.03145193572368044,0.03145193572368044,0.03145193572368044,0.03145193572368044,1.2000000000000002,1.2000000000000002,0.7000000000000001,0.7000000000000001,10,-0.017342595104383404
0.03145193572368044,0.03145193572368044,0.03145193572368044,0.03145193572368044,1.1,1.1,0.6000000000000001,0.6000000000000001,9,-0.017342595104383404
0.03145193572368044,0.03145193572368044,0.03145193572368044,0.03145193572368044,1.1,1.1,0.6000000000000001,0.6000000000000001,6,-0.017342595104383404
0.03145193572368044,0.03145193572368044,0.03145193572368044,0.03145193572368044,1.1,1.1,0.6000000000000001,0.6000000000000001,5,-0.017342595104383404
0.03145193572368044,0.03145193572368044,0.03145193572368044,0.03145193572368044,1.0,1.0,0.5,0.5,3,-0.017342595104383404
0.03145193572368044,0.03145193572368044,0.03145193572368044,0.03145193572368044,1.0,1.0,0.5,0.5,2,-0.017342595104383404
0.03145193572368044,0.03145193572368044,0.03145193572368044,0.03145193572368044,1.0,1.0,0.5,0.5,3,-0.01721959797598352
0.03145193572368044,0.03145193572368044,0.03145193572368044,0.03145193572368044,0.9,0.9,0.5,0.5,3,-0.01721959797598352
0.03145193572368044,0.03145193572368044,0.03145193572368044,0.03145193572368044,0.9,0.9,0.4,0.4,5,-0.01721959797598352
0.03145193572368044,0.03145193572368044,0.03145193572368044,0.03145193572368044,0.9,0.9,0.4,0.4,6,-0.01721959797598352
0.03145193572368044,0.03145193572368044,0.03145193572368044,0.03145193572368044,0.8,0.8,0.4,0.4,7,-0.01721959797598352
0.03145193572368044,0.03145193572368044,0.03145193572368044,0.03145193572368044,0.8,0.8,0.4,0.4,8,-0.01721959797598352
0.03145193572368044,0.03145193572368044,0.03145193572368044,0.03145193572368044,0.8,0.8,0.4,0.4,10,-0.01721959797598352
0.03145193572368044,0.03145193572368044,0.03145193572368044,0.03145193572368044,0.8,0.8,0.30000000000000004,0.30000000000000004,11,-0.01721959797598352
0.03145193572368044,0.03145193572368044,0.03145193572368044,0.03145193572368044,0.7000000000000001,0.7000000000000001,0.30000000000000004,0.30000000000000004,12,-0.01721959797598352
0.03145193572368044,0.03145193572368044,0.03145193572368044,0.03145193572368044,0.7000000000000001,0.7000000000000001,0.30000000000000004,0.30000000000000004,13,-0.01721959797598352
0.03145193572368044,0.03145193572368044,0.03145193572368044,0.03145193572368044,0.7000000000000001,0.7000000000000001,0.30000000000000004,0.30000000000000004,14,-0.01721959797598352
0.03145193572368044,0.03145193572368044,0.03145193572368044,0.03145193572368044,0.7000000000000001,0.7000000000000001,0.30000000000000004,0.30000000000000004,16,-0.01721959797598352
0.03145193572368044,0.03145193572368044,0.03145193572368044,0.03145193572368044,0.7000000000000001,0.7000000000000001,0.30000000000000004,0.30000000000000004,17,-0.01721959797598352
0.03145193572368044,0.03145193572368044,0.03145193572368044,0.03145193572368044,0.6000000000000001,0.6000000000000001,0.30000000000000004,0.30000000000000004,18,-0.017096600847583635
0.03145193572368044,0.03145193572368044,0.03145193572368044,0.03145193572368044,0.6000000000000001,0.6000000000000001,0.2,0.2,20,-0.017096600847583635
0.03145193572368044,0.03145193572368044,0.03145193572368044,0.03145193572368044,0.6000000000000001,0.6000000000000001,0.2,0.2,20,-0.017096600847583635
0.03145193572368044,0.03145193572368044,0.03145193572368044,0.03145193572368044,0.6000000000000001,0.6000000000000001,0.2,0.2,21,-0.016973603719183755
0.03145193572368044,0.03145193572368044,0.03145193572368044,0.03145193572368044,0.6000000000000001,0.6000000000000001,0.2,0.2,22,0.12067813173147378
0.03145193572368044,0.03145193572368044,0.03145193572368044,0.03145193572368044,0.5,0.5,0.2,0.2,22,0.12067813173147378
0.03145193572368044,0.03145193572368044,0.03145193572368044,0.03145193572368044,0.5,0.5,0.2,0.2,23,0.12067813173147378
0.03145193572368044,0.03145193572368044,0.03145193572368044,0.03145193572368044,0.5,0.5,0.2,0.2,22,0.12067813173147378
0.03145193572368044,0.03145193572368044,0.03145193572368044,0.03145193572368044,0.5,0.5,0.2,0.2,23,0.12067813173147378
0.03145193572368044,0.03145193572368044,0.03145193572368044,0.03145193572368044,0.5,0.5,0.2,0.2,23,0.12067813173147378
0.03145193572368044,0.03145193572368044,0.03145193572368044,0.03145193572368044,0.5,0.5,0.1,0.1,24,0.12067813173147378
0.03145193572368044,0.03145193572368044,0.03145193572368044,0.03145193572368044,0.5,0.5,0.1,0.1,25,0.12067813173147378
0.03145193572368044,0.03145193572368044,0.03145193572368044,0.03145193572368044,0.4,0.4,0.1,0.1,25,0.12067813173147378
0.03145193572368044,0.03145193572368044,0.03145193572368044,0.03145193572368044,0.4,0.4,0.1,0.1,26,0.12067813173147378
0.03145193572368044,0.03145193572368044,0.03145193572368044,0.03145193572368044,0.4,0.4,0.1,0.1,27,0.12067813173147378
0.16583747927031506,0.03145193572368044,0.03145193572368044,0.14582261108251843,0.4,0.4,0.1,0.1,27,0.12067813173147378
0.16583747927031506,0.03145193572368044,0.03145193572368044,0.14582261108251843,0.4,0.4,0.1,0.1,28,-0.017044230976507122
0.16583747927031506,0.03145193572368044,0.03145193572368044,0.14582261108251843,0.4,0.4,0.1,0.1,28,-0.017044230976507122
0.16583747927031506,0.18299308057414077,0.18871161434208267,0.14582261108251843,0.4,0.4,0.1,0.1,28,-0.017044230976507122
0.16583747927031506,0.18299308057414077,0.18871161434208267,0.14582261108251843,0.4,0.4,0.1,0.1,28,-0.017044230976507122
0.16583747927031506,0.18299308057414077,0.18871161434208267,0.14582261108251843,0.30000000000000004,0.30000000000000004,0.1,0.1,29,-0.017044230976507122
0.16583747927031506,0.18299308057414077,0.18871161434208267,0.14582261108251843,0.30000000000000004,0.30000000000000004,0.1,0.1,29,-0.01691982053142313
0.16583747927031506,0.18299308057414077,0.18871161434208267,0.14582261108251843,0.30000000000000004,0.30000000000000004,0.1,0.1,29,-0.01691982053142313
0.24017841825355976,0.18299308057414077,0.18871161434208267,0.14582261108251843,0.30000000000000004,0.30000000000000004,0.1,0.1,29,-0.01691982053142313
0.24017841825355976,0.18299308057414077,0.18871161434208267,0.23731915136958884,0.30000000000000004,0.30000000000000004,0.1,0.1,29,-0.01691982053142313
0.24017841825355976,0.18299308057414077,0.25733401955738544,0.23731915136958884,0.30000000000000004,0.30000000000000004,0.1,0.1,29,-0.016795410086339134
0.24017841825355976,0.25733401955738544,0.25733401955738544,0.23731915136958884,0.30000000000000004,0.30000000000000004,0.1,0.1,29,-0.016795410086339134
0.24017841825355976,0.25733401955738544,0.25733401955738544,0.23731915136958884,0.30000000000000004,0.30000000000000004,0.1,0.1,29,-0.016795410086339134
0.24017841825355976,0.25733401955738544,0.25733401955738544,0.23731915136958884,0.30000000000000004,0.30000000000000004,0.1,0.1,29,-0.016795410086339134
0.24017841825355976,0.25733401955738544,0.25733401955738544,0.23731915136958884,0.30000000000000004,0.30000000000000004,0.1,0.1,29,-0.016795410086339134
0.29736375593297876,0.25733401955738544,0.25733401955738544,0.23731915136958884,0.2,0.2,0.0,0.0,30,-0.016795410086339134
0.29736375593297876,0.25733401955738544,0.25733401955738544,0.29450448904900783,0.2,0.2,0.0,0.0,30,-0.016795410086339134
0.29736375593297876,0.25733401955738544,0.30880082346886256,0.29450448904900783,0.2,0.2,0.0,0.0,30,-0.016795410086339134
0.29736375593297876,0.30880082346886256,0.30880082346886256,0.29450448904900783,0.2,0.2,0.0,0.0,30,-0.016795410086339134
0.29736375593297876,0.30880082346886256,0.30880082346886256,0.29450448904900783,0.2,0.2,0.0,0.0,30,-0.016795410086339134
0.29736375593297876,0.30880082346886256,0.30880082346886256,0.29450448904900783,0.2,0.2,0.0,0.0,30,-0.016795410086339134
0.3459712929604849,0.30880082346886256,0.30880082346886256,0.29450448904900783,0.2,0.2,0.0,0.0,30,-0.016795410086339134
0.3459712929604849,0.30880082346886256,0.30880082346886256,0.340252759192543,0.2,0.2,0.0,0.0,31,-0.016795410086339134
0.3459712929604849,0.30880082346886256,0.3574083604963687,0.340252759192543,0.2,0.2,0.0,0.0,31,-0.016795410086339134
0.3459712929604849,0.3545490936123977,0.3574083604963687,0.340252759192543,0.2,0.2,0.0,0.0,31,-0.016795410086339134
0.3459712929604849,0.3545490936123977,0.3574083604963687,0.340252759192543,0.2,0.2,0.0,0.0,30,-0.016795410086339134
0.3459712929604849,0.3545490936123977,0.3574083604963687,0.340252759192543,0.2,0.2,0.0,0.0,30,-0.016795410086339134
0.38886029622004914,0.3545490936123977,0.3574083604963687,0.340252759192543,0.2,0.2,0.0,0.0,30,-0.016795410086339134
0.38886029622004914,0.3545490936123977,0.3574083604963687,0.3860010293360782,0.2,0.2,0.0,0.0,32,-0.016795410086339134
0.38886029622004914,0.40029736375593294,0.40029736375593294,0.3860010293360782,0.2,0.2,0.0,0.0,31,-0.016795410086339134
0.38886029622004914,0.40029736375593294,0.40029736375593294,0.3860010293360782,0.2,0.2,0.0,0.0,31,-0.016795410086339134
0.38886029622004914,0.40029736375593294,0.40029736375593294,0.3860010293360782,0.1,0.1,0.0,0.0,31,-0.016795410086339134
0.4288900325956424,0.40029736375593294,0.40029736375593294,0.3860010293360782,0.1,0.1,0.0,0.0,32,-0.016795410086339134
0.4288900325956424,0.40029736375593294,0.40029736375593294,0.4260307657116715,0.1,0.1,0.0,0.0,32,-0.016795410086339134
0.4288900325956424,0.4374678332475553,0.4374678332475553,0.4260307657116715,0.1,0.1,0.0,0.0,31,-0.016795410086339134
0.4288900325956424,0.4374678332475553,0.4374678332475553,0.4260307657116715,0.1,0.1,0.0,0.0,31,-0.016795410086339134
0.4288900325956424,0.4374678332475553,0.4374678332475553,0.4260307657116715,0.1,0.1,0.0,0.0,32,-0.016795410086339134
0.4660605020872648,0.4374678332475553,0.4374678332475553,0.4260307657116715,0.1,0.1,0.0,0.0,33,-0.016795410086339134
0.4660605020872648,0.4374678332475553,0.4374678332475553,0.4603419683193229,0.1,0.1,0.0,0.0,32,-0.016795410086339134
0.4660605020872648,0.47749756962314854,0.4746383027391777,0.4603419683193229,0.1,0.1,0.0,0.0,33,-0.016795410086339134
0.4660605020872648,0.47749756962314854,0.4746383027391777,0.4603419683193229,0.1,0.1,0.0,0.0,33,-0.016795410086339134
0.5003717046949162,0.47749756962314854,0.4746383027391777,0.4603419683193229,0.1,0.1,0.0,0.0,33,-0.016795410086339134
0.5003717046949162,0.47749756962314854,0.4746383027391777,0.49465317092697425,0.1,0.1,0.0,0.0,33,-0.016795410086339134
0.5003717046949162,0.5118087722308,0.506090238462858,0.49465317092697425,0.1,0.1,0.0,0.0,34,-0.016795410086339134
0.5003717046949162,0.5118087722308,0.506090238462858,0.49465317092697425,0.1,0.1,0.0,0.0,34,-0.016795410086339134
0.5003717046949162,0.5118087722308,0.506090238462858,0.49465317092697425,0.1,0.1,0.0,0.0,34,-0.01667099964125514
0.5318236404185966,0.5118087722308,0.506090238462858,0.5261051066506547,0.1,0.1,0.0,0.0,34,-0.01654658919617115
0.5318236404185966,0.5118087722308,0.5375421741865385,0.5261051066506547,0.1,0.1,0.0,0.0,34,-0.01654658919617115
0.5318236404185966,0.5404014410705095,0.5375421741865385,0.5261051066506547,0.1,0.1,0.0,0.0,34,-0.016422178751087157
0.5318236404185966,0.5404014410705095,0.5375421741865385,0.5261051066506547,0.1,0.1,0.0,0.0,35,-0.01629776830600316
0.5632755761422771,0.5404014410705095,0.5375421741865385,0.5546977754903641,0.1,0.1,0.0,0.0,35,-0.01629776830600316
0.5632755761422771,0.5689941099102189,0.5689941099102189,0.5546977754903641,0.1,0.1,0.0,0.0,36,-0.01629776830600316
0.5632755761422771,0.5689941099102189,0.5689941099102189,0.5546977754903641,0.1,0.1,0.0,0.0,36,-0.01629776830600316
0.5918682449819865,0.5689941099102189,0.5689941099102189,0.5546977754903641,0.1,0.1,0.0,0.0,36,-0.01617335786091917
0.5918682449819865,0.5689941099102189,0.5689941099102189,0.5832904443300737,0.1,0.1,0.0,0.0,36,-0.01617335786091917
0.5918682449819865,0.5975867787499284,0.5975867787499284,0.5832904443300737,0.1,0.1,0.0,0.0,36,-0.01617335786091917
0.5918682449819865,0.5975867787499284,0.5975867787499284,0.5832904443300737,0.1,0.1,0.0,0.0,36,-0.01617335786091917
0.620460913821696,0.5975867787499284,0.5975867787499284,0.5832904443300737,0.1,0.1,0.0,0.0,36,-0.01617335786091917
0.620460913821696,0.5975867787499284,0.626179447589638,0.6147423800537541,0.1,0.1,0.0,0.0,36,-0.016048947415835173
0.620460913821696,0.626179447589638,0.626179447589638,0.6147423800537541,0.1,0.1,0.0,0.0,36,-0.016048947415835173
0.6490535826614056,0.626179447589638,0.626179447589638,0.6147423800537541,0.1,0.1,0.0,0.0,37,-0.016048947415835173
0.6490535826614056,0.626179447589638,0.626179447589638,0.6433350488934636,0.1,0.1,0.0,0.0,37,-0.01592453697075118
0.6490535826614056,0.6576313833133185,0.6519128495453765,0.6433350488934636,0.0,0.0,0.0,0.0,37,-0.01592453697075118
0.6490535826614056,0.6576313833133185,0.6519128495453765,0.6433350488934636,0.0,0.0,0.0,0.0,37,-0.015800126525667188
0.674786984617144,0.6576313833133185,0.6519128495453765,0.6433350488934636,0.0,0.0,0.0,0.0,37,-0.015800126525667188
0.674786984617144,0.6576313833133185,0.680505518385086,0.6690684508492022,0.0,0.0,0.0,0.0,37,-0.015675716080583196
0.674786984617144,0.683364785269057,0.680505518385086,0.6690684508492022,0.0,0.0,0.0,0.0,37,-0.015675716080583196
0.7005203865728827,0.683364785269057,0.680505518385086,0.6690684508492022,0.0,0.0,0.0,0.0,37,-0.015551305635499202
0.7005203865728827,0.683364785269057,0.7062389203408246,0.6976611196889116,0.0,0.0,0.0,0.0,37,-0.015551305635499202
0.7005203865728827,0.7062389203408246,0.7062389203408246,0.6976611196889116,0.0,0.0,0.0,0.0,37,-0.015551305635499202
0.7262537885286212,0.7062389203408246,0.7062389203408246,0.6976611196889116,0.0,0.0,0.0,0.0,37,-0.015426895190415206
0.7262537885286212,0.7062389203408246,0.7319723222965631,0.7233945216446503,0.0,0.0,0.0,0.0,37,-0.015426895190415206
0.7262537885286212,0.7291130554125922,0.7319723222965631,0.7233945216446503,0.0,0.0,0.0,0.0,37,-0.015426895190415206
0.7491279236003888,0.7291130554125922,0.7319723222965631,0.7233945216446503,0.0,0.0,0.0,0.0,37,-0.015426895190415206
0.7491279236003888,0.7291130554125922,0.7548464573683307,0.7462686567164178,0.0,0.0,0.0,0.0,37,-0.015426895190415206
0.7491279236003888,0.7519871904843597,0.7548464573683307,0.7462686567164178,0.0,0.0,0.0,0.0,37,-0.015302484745331212
0.7720020586721564,0.7519871904843597,0.7548464573683307,0.7462686567164178,0.0,0.0,0.0,0.0,37,-0.015302484745331212
0.7720020586721564,0.7519871904843597,0.7777205924400983,0.7662835249042145,0.0,0.0,0.0,0.0,37,-0.015302484745331212
0.7720020586721564,0.7777205924400983,0.7777205924400983,0.7662835249042145,0.0,0.0,0.0,0.0,37,-0.015302484745331212
0.7977354606278949,0.7777205924400983,0.7777205924400983,0.7662835249042145,0.0,0.0,0.0,0.0,36,-0.01517807430024722
0.7977354606278949,0.7777205924400983,0.8034539943958369,0.794876193743924,0.0,0.0,0.0,0.0,37,-0.01517807430024722
0.7977354606278949,0.8063132612798077,0.8034539943958369,0.794876193743924,0.0,0.0,0.0,0.0,37,-0.015053663855163225
0.8206095956996625,0.8063132612798077,0.8034539943958369,0.794876193743924,0.0,0.0,0.0,0.0,37,-0.014929253410079233
0.8206095956996625,0.8263281294676045,0.8263281294676045,0.8206095956996625,0.0,0.0,0.0,0.0,37,-0.014929253410079233
0.8434837307714301,0.8263281294676045,0.8263281294676045,0.8206095956996625,0.0,0.0,0.0,0.0,37,-0.014804842964995237
0.8434837307714301,0.8263281294676045,0.8263281294676045,0.8206095956996625,0.0,0.0,0.0,0.0,36,-0.014680432519911244
0.8434837307714301,0.8492022645393721,0.846342997655401,0.8406244638874592,0.0,0.0,0.0,0.0,36,-0.014680432519911244
0.8634985989592268,0.8492022645393721,0.846342997655401,0.8406244638874592,0.0,0.0,0.0,0.0,36,-0.01455602207482725
0.8634985989592268,0.8492022645393721,0.8663578658431977,0.8577800651912848,0.0,0.0,0.0,0.0,36,-0.014431611629743258
0.8634985989592268,0.8720763996111397,0.8663578658431977,0.8577800651912848,0.0,0.0,0.0,0.0,36,-0.014431611629743258
0.8863727340309944,0.8720763996111397,0.8663578658431977,0.8577800651912848,0.0,0.0,0.0,0.0,36,-0.014307201184659264
0.8863727340309944,0.8949505346829072,0.8892320009149652,0.8806542002630525,0.0,0.0,0.0,0.0,36,-0.014182790739575271
0.906387602218791,0.8949505346829072,0.8892320009149652,0.8806542002630525,0.0,0.0,0.0,0.0,36,-0.014058380294491276
0.906387602218791,0.8949505346829072,0.909246869102762,0.8978098015668782,0.0,0.0,0.0,0.0,36,-0.014058380294491276
0.906387602218791,0.9121061359867328,0.909246869102762,0.8978098015668782,0.0,0.0,0.0,0.0,36,-0.013933969849407283
0.9264024704065877,0.9121061359867328,0.909246869102762,0.8978098015668782,0.0,0.0,0.0,0.0,36,-0.013933969849407283
0.9264024704065877,0.9292617372905586,0.9321210041745296,0.9149654028707039,0.0,0.0,0.0,0.0,36,-0.013933969849407283
0.9464173385943843,0.9292617372905586,0.9321210041745296,0.9149654028707039,0.0,0.0,0.0,0.0,36,-0.013933969849407283
0.9464173385943843,0.9292617372905586,0.9492766054783554,0.9406988048264424,0.0,0.0,0.0,0.0,36,-0.013933969849407283
0.9664322067821809,0.9549951392462971,0.9492766054783554,0.9406988048264424,0.0,0.0,0.0,0.0,36,-0.013933969849407283
0.9664322067821809,0.9549951392462971,0.9692914736661519,0.9406988048264424,0.0,0.0,0.0,0.0,36,-0.013933969849407283
0.9664322067821809,0.9750100074340938,0.9692914736661519,0.9578544061302681,0.0,0.0,0.0,0.0,36,-0.014058380294491276
0.9835878080860067,0.9750100074340938,0.9692914736661519,0.9578544061302681,0.0,0.0,0.0,0.0,36,-0.014058380294491276
0.9835878080860067,0.9893063418539485,0.9893063418539485,0.9778692743180647,0.0,0.0,0.0,0.0,36,-0.014058380294491276
1.0036026762738033,0.9893063418539485,0.9893063418539485,0.9778692743180647,0.0,0.0,0.0,0.0,36,-0.014058380294491276
1.0036026762738033,1.0036026762738033,1.0093212100417452,0.9950248756218905,0.0,0.0,0.0,0.0,36,-0.014058380294491276
1.0236175444616,1.0036026762738033,1.0093212100417452,0.9950248756218905,0.0,0.0,0.0,0.0,36,-0.014058380294491276
1.0236175444616,1.0036026762738033,1.026476811345571,1.0150397438096872,0.0,0.0,0.0,0.0,36,-0.014058380294491276
1.0350546119974837,1.0236175444616,1.026476811345571,1.0150397438096872,0.0,0.0,0.0,0.0,36,-0.014182790739575271
1.0350546119974837,1.0236175444616,1.0436324126493965,1.0150397438096872,0.0,0.0,0.0,0.0,36,-0.014182790739575271
1.0350546119974837,1.0407731457654257,1.0436324126493965,1.0350546119974837,0.0,0.0,0.0,0.0,36,-0.014307201184659264
1.0550694801852805,1.0407731457654257,1.0436324126493965,1.0350546119974837,0.0,0.0,0.0,0.0,35,-0.014431611629743258
1.0550694801852805,1.0550694801852805,1.0607880139532222,1.0522102133013094,0.0,0.0,0.0,0.0,35,-0.01455602207482725
1.075084348373077,1.0550694801852805,1.0607880139532222,1.0522102133013094,0.0,0.0,0.0,0.0,34,-0.014804842964995237
1.075084348373077,1.075084348373077,1.075084348373077,1.0665065477211642,0.0,0.0,0.0,0.0,34,-0.015053663855163225
1.0893806827929318,1.075084348373077,1.075084348373077,1.0665065477211642,0.0,0.0,0.0,0.0,34,-0.015302484745331212
1.0893806827929318,1.0893806827929318,1.0950992165608737,1.086521415908961,0.0,0.0,0.0,0.0,36,-0.015551305635499202
1.1065362840967574,1.0893806827929318,1.0950992165608737,1.086521415908961,0.0,0.0,0.0,0.0,38,-0.015800126525667188
1.1065362840967574,1.1093955509807283,1.1093955509807283,1.1093955509807283,0.0,0.0,0.0,0.0,38,-0.01617335786091917
1.1236918854005833,1.1093955509807283,1.1093955509807283,1.1093955509807283,0.0,0.0,0.0,0.0,39,-0.01654658919617115
1.1236918854005833,1.129410419168525,1.129410419168525,1.1179733516326413,0.0,0.0,0.0,0.0,39,-0.016795410086339134
1.140847486704409,1.129410419168525,1.129410419168525,1.1179733516326413,0.0,0.0,0.0,0.0,40,-0.01729305186667511
1.140847486704409,1.1465660204723507,1.1437067535883798,1.135128952936467,0.0,0.0,0.0,0.0,39,-0.01766628320192709
1.1551438211242637,1.1465660204723507,1.1437067535883798,1.135128952936467,0.0,0.0,0.0,0.0,38,-0.018163924982263067
1.1551438211242637,1.1637216217761766,1.1551438211242637,1.1551438211242637,0.0,0.0,0.0,0.0,38,-0.018537156317515045
1.1694401555441183,1.1637216217761766,1.1551438211242637,1.1551438211242637,0.0,0.0,0.0,0.0,40,-0.01891038765276703
1.1694401555441183,1.1694401555441183,1.1751586893120602,1.1580030880082346,0.0,0.0,0.0,0.0,42,-0.019283618988019006
1.1865957568479442,1.1694401555441183,1.1751586893120602,1.1580030880082346,0.0,0.0,0.0,0.0,43,-0.019532439878186997
1.1865957568479442,1.189455023731915,1.1865957568479442,1.1780179561960313,0.0,0.0,0.0,0.0,43,-0.020030081658522967
1.2037513581517698,1.189455023731915,1.1865957568479442,1.1780179561960313,0.0,0.0,0.0,0.0,43,-0.020527723438858947
1.2180476925716244,1.2123291588036826,1.200892091267799,1.1951735574998568,0.0,0.0,0.0,0.0,44,-0.020900954774110924
1.2180476925716244,1.2123291588036826,1.200892091267799,1.1951735574998568,0.0,0.0,0.0,0.0,47,-0.021398596554446897
1.2323440269914794,1.2237662263395666,1.2180476925716244,1.2066106250357407,0.0,0.0,0.0,0.0,46,-0.021896238334782877
1.2323440269914794,1.2237662263395666,1.2294847601075083,1.2066106250357407,0.0,0.0,0.0,0.0,49,-0.022393880115118846
1.2466403614113342,1.2323440269914794,1.2294847601075083,1.2266254932235374,0.0,0.0,0.0,0.0,51,-0.022767111450370827
1.2466403614113342,1.2323440269914794,1.2437810945273633,1.2266254932235374,0.0,0.0,0.0,0.0,52,-0.023264753230706803
1.2637959627151596,1.252358895179276,1.2437810945273633,1.240921827643392,0.0,0.0,0.0,0.0,54,-0.023762395011042776
1.2637959627151596,1.2666552295991305,1.2580774289472179,1.2580774289472179,0.0,0.0,0.0,0.0,56,-0.02426003679137875
1.2780922971350144,1.2666552295991305,1.2580774289472179,1.2580774289472179,0.0,0.0,0.0,0.0,58,-0.024633268126630734
1.2780922971350144,1.2695144964831018,1.2723737633670726,1.2723737633670726,0.0,0.0,0.0,0.0,60,-0.025130909906966706
1.289529364670898,1.2695144964831018,1.2723737633670726,1.2723737633670726,0.0,0.0,0.0,0.0,62,-0.02562855168730268
1.303825699090753,1.289529364670898,1.2866700977869272,1.2752330302510435,0.0,0.0,0.0,0.0,64,-0.026126193467638656
1.303825699090753,1.289529364670898,1.2981071653228111,1.2752330302510435,0.0,0.0,0.0,0.0,66,-0.02662383524797463
1.315262766626637,1.306684965974724,1.2981071653228111,1.2952478984388403,0.0,0.0,0.0,0.0,69,-0.027121477028310605
1.315262766626637,1.306684965974724,1.3124034997426657,1.2952478984388403,0.0,0.0,0.0,0.0,71,-0.027494708363562586
1.3295591010464916,1.3209813003945787,1.3124034997426657,1.315262766626637,0.0,0.0,0.0,0.0,73,-0.027867939698814567
1.3295591010464916,1.3352776348144335,1.3295591010464916,1.3238405672785496,0.0,0.0,0.0,0.0,76,-0.028241171034066544
1.3467147023503172,1.3352776348144335,1.3295591010464916,1.3238405672785496,0.0,0.0,0.0,0.0,78,-0.028489991924234535
1.3581517698862011,1.3467147023503172,1.3438554354663463,1.3352776348144335,0.0,0.0,0.0,0.0,81,-0.028738812814402524
1.3581517698862011,1.3467147023503172,1.3524332361182592,1.3352776348144335,0.0,0.0,0.0,0.0,84,-0.0291120441496545
1.3724481043060557,1.361011036770172,1.3524332361182592,1.3438554354663463,0.0,0.0,0.0,0.0,86,-0.02936086503982249
1.3724481043060557,1.3781666380739979,1.366729570538114,1.3524332361182592,0.0,0.0,0.0,0.0,89,-0.029734096375074473
1.3896037056098816,1.3781666380739979,1.366729570538114,1.3524332361182592,0.0,0.0,0.0,0.0,91,-0.03010732771032645
1.4067593069137072,1.3896037056098816,1.3753073711900268,1.366729570538114,0.0,0.0,0.0,0.0,94,-0.03035614860049444
1.4067593069137072,1.3896037056098816,1.3981815062617942,1.366729570538114,0.0,0.0,0.0,0.0,95,-0.03072937993574642
1.423914908217533,1.4067593069137072,1.3981815062617942,1.3781666380739979,0.0,0.0,0.0,0.0,97,-0.030978200825914404
1.4439297764053294,1.4296334419854748,1.423914908217533,1.3953222393778233,0.0,0.0,0.0,0.0,100,-0.031227021716082395
1.4439297764053294,1.4296334419854748,1.4382112426373876,1.3953222393778233,0.0,0.0,0.0,0.0,104,-0.03147584260625038
1.466803911477097,1.4410705095213585,1.4382112426373876,1.4210556413335618,0.0,0.0,0.0,0.0,105,-0.031600253051334376
1.4896780465488646,1.4525075770572424,1.4639446445931261,1.4210556413335618,0.0,0.0,0.0,0.0,108,-0.031724663496418365
1.4896780465488646,1.4525075770572424,1.4639446445931261,1.4324927088694457,0.0,0.0,0.0,0.0,111,-0.03197348438658636
1.5182707153885744,1.4696631783610679,1.4925373134328357,1.4496483101732716,0.0,0.0,0.0,0.0,112,-0.03222230527675434
1.5440041173443129,1.4896780465488646,1.5125521816206322,1.4496483101732716,0.0,0.0,0.0,0.0,114,-0.03247112616692233
1.5440041173443129,1.4896780465488646,1.5125521816206322,1.478240979012981,0.0,0.0,0.0,0.0,117,-0.032844357502174314
1.5640189855321094,1.5125521816206322,1.532567049808429,1.4896780465488646,0.0,0.0,0.0,0.0,119,-0.0330931783923423
1.589752387487848,1.538285583576371,1.5611597186481385,1.4896780465488646,0.0,0.0,0.0,0.0,122,-0.03321758883742629
1.589752387487848,1.538285583576371,1.5840338537199061,1.5182707153885744,0.0,0.0,0.0,0.0,124,-0.03334199928251028
1.6154857894435866,1.5697375193000513,1.5840338537199061,1.5554411848801966,0.0,0.0,0.0,0.0,126,-0.03346640972759428
1.641219191399325,1.6011894550237318,1.6126265225596155,1.5554411848801966,0.0,0.0,0.0,0.0,129,-0.03346640972759428
1.6669525933550635,1.6011894550237318,1.644078458283296,1.5783153199519642,0.0,0.0,0.0,0.0,131,-0.03346640972759428
1.6669525933550635,1.6326413907474122,1.644078458283296,1.6069079887916737,0.0,0.0,0.0,0.0,131,-0.03359082017267827
1.704123062846686,1.6612340595871218,1.6726711271230057,1.6383599245153542,0.0,0.0,0.0,0.0,135,-0.03359082017267827
1.7412935323383083,1.6841081946588892,1.7069823297306568,1.6383599245153542,0.0,0.0,0.0,0.0,137,-0.03371523061776227
1.7784640018299305,1.6841081946588892,1.7498713329902211,1.6583747927031507,0.0,0.0,0.0,0.0,139,-0.03383964106284626
1.7784640018299305,1.7069823297306568,1.7498713329902211,1.6783896608909474,0.0,0.0,0.0,0.0,139,-0.03383964106284626
1.815634471321553,1.755589866758163,1.7841825355978727,1.6783896608909474,0.0,0.0,0.0,0.0,139,-0.03383964106284626
1.8499456739292042,1.7984788700177272,1.818493738205524,1.7241379310344827,0.0,0.0,0.0,0.0,139,-0.03383964106284626
1.8842568765368557,1.7984788700177272,1.8556642076971464,1.761308400526105,0.0,0.0,0.0,0.0,139,-0.03383964106284626
1.9185680791445072,1.827071538857437,1.8871161434208268,1.801338136901698,0.0,0.0,0.0,0.0,138,-0.03383964106284626
1.9443014811002457,1.86710127523303,1.9157088122605361,1.8385086063933205,0.0,0.0,0.0,0.0,137,-0.03383964106284626
1.9443014811002457,1.8956939440727396,1.9157088122605361,1.8385086063933205,0.0,0.0,0.0,0.0,135,-0.03383964106284626
1.9728941499399553,1.9242866129124492,1.9443014811002457,1.875679075884943,0.0,0.0,0.0,0.0,133,-0.03383964106284626
2.0129238863155483,1.9614570824040716,1.9843312174758392,1.9242866129124492,0.0,0.0,0.0,0.0,131,-0.03383964106284626
2.0472350889232,2.0043460856636357,2.024360953851432,1.9557385486361294,0.0,0.0,0.0,0.0,130,-0.03383964106284626
2.0786870246468805,2.0043460856636357,2.0558128895751127,1.9814719505918679,0.0,0.0,0.0,0.0,128,-0.03383964106284626
2.110138960370561,2.038657288271287,2.087264825298793,2.0215016869674614,0.0,0.0,0.0,0.0,127,-0.03383964106284626
2.1387316292102705,2.0729684908789383,2.1158574941385027,2.0729684908789383,0.0,0.0,0.0,0.0,126,-0.03383964106284626
2.1644650311660087,2.112998227254532,2.147309429862183,2.0929833590667353,0.0,0.0,0.0,0.0,125,-0.03383964106284626
2.195916966889689,2.158746497398067,2.1759020987018927,2.1244352947904153,0.0,0.0,0.0,0.0,124,-0.03383964106284626
2.2245096357293987,2.1930577000057183,2.2016355006576314,2.1244352947904153,0.0,0.0,0.0,0.0,123,-0.03383964106284626
2.25882083833705,2.213072568193515,2.2359467032652827,2.1673242980499796,0.0,0.0,0.0,0.0,122,-0.03383964106284626
2.2874135071767596,2.2445245039171957,2.270257905872934,2.1787613655858635,0.0,0.0,0.0,0.0,122,-0.03383964106284626
2.316006176016469,2.281694973408818,2.2959913078286722,2.221650368845428,0.0,0.0,0.0,0.0,121,-0.03383964106284626
2.3474581117401496,2.3131469091324983,2.3245839766683822,2.255961571453079,0.0,0.0,0.0,0.0,121,-0.03383964106284626
2.3731915136958883,2.330302510436324,2.3503173786241205,2.2845542402927888,0.0,0.0,0.0,0.0,121,-0.03383964106284626
2.4046434494195688,2.3560359123920627,2.3731915136958883,2.31886544290044,0.0,0.0,0.0,0.0,121,-0.03383964106284626
2.430376851375307,2.3903471149997135,2.4046434494195688,2.3503173786241205,0.0,0.0,0.0,0.0,121,-0.03383964106284626
2.4589695202150166,2.3960656487676557,2.430376851375307,2.4046434494195688,0.0,0.0,0.0,0.0,120,-0.03383964106284626
2.481843655286784,2.427517584491336,2.447532452679133,2.4160805169554522,0.0,0.0,0.0,0.0,121,-0.03383964106284626
2.5075770572425227,2.4704065877509005,2.4732658546348714,2.4561102533310457,0.0,0.0,0.0,0.0,121,-0.03383964106284626
2.533310459198261,2.496139989706639,2.504717790358552,2.496139989706639,0.0,0.0,0.0,0.0,121,-0.03383964106284626
2.559043861154,2.559043861154,2.533310459198261,2.5104363241264935,0.0,0.0,0.0,0.0,123,-0.03383964106284626
2.6248069994853314,2.5761994624578253,2.559043861154,2.527591925430319,0.0,0.0,0.0,0.0,123,-0.03383964106284626
2.6448218676731283,2.599073597529593,2.5904957968776805,2.553325327386058,0.0,0.0,0.0,0.0,124,-0.03371523061776227
2.6676960027448957,2.6162291988334188,2.633384800137245,2.5704809286898835,0.0,0.0,0.0,0.0,125,-0.03359082017267827
2.6905701378166635,2.6448218676731283,2.659118202092983,2.5962143306456222,0.0,0.0,0.0,0.0,126,-0.03334199928251028
2.707725739120489,2.684851604048722,2.6877108709326927,2.6219477326013605,0.0,0.0,0.0,0.0,127,-0.0329687679472583
2.7363184079601988,2.7134442728884314,2.707725739120489,2.6762738033968088,0.0,0.0,0.0,0.0,128,-0.03259553661200632
2.7734888774518214,2.7363184079601988,2.730599874192257,2.699147938468576,0.0,0.0,0.0,0.0,128,-0.032097894831670346
2.802081546291531,2.7448962086121114,2.779207411219763,2.7363184079601988,0.0,0.0,0.0,0.0,129,-0.03147584260625038
2.827814948247269,2.779207411219763,2.802081546291531,2.7448962086121114,0.0,0.0,0.0,0.0,129,-0.030978200825914404
2.853548350203008,2.8249556813632983,2.83067421513124,2.7506147423800535,0.0,0.0,0.0,0.0,129,-0.03035614860049444
2.905015154114485,2.8592668839709496,2.8564076170869788,2.8220964144793275,0.0,0.0,0.0,0.0,129,-0.029858506820158465
2.930748556070223,2.882141019042717,2.902155887230514,2.8392520157831527,0.0,0.0,0.0,0.0,130,-0.02936086503982249
2.953622691141991,2.905015154114485,2.9250300223022814,2.853548350203008,0.0,0.0,0.0,0.0,130,-0.02898763370457051
2.9907931606336136,2.9250300223022814,2.95076342425802,2.882141019042717,0.0,0.0,0.0,0.0,131,-0.028489991924234535
3.0079487619374388,2.9736375593297875,2.9736375593297875,2.905015154114485,0.0,0.0,0.0,0.0,131,-0.02799235014389856
3.0365414307771488,3.002230228169497,3.0279636301252353,2.9450448904900783,0.0,0.0,0.0,0.0,131,-0.027370297918478594
3.053697032080974,3.013667295705381,3.0451192314290614,2.956481958025962,0.0,0.0,0.0,0.0,132,-0.02674824569305862
3.0880082346886257,3.053697032080974,3.062274832732887,3.005089495053468,0.0,0.0,0.0,0.0,133,-0.026126193467638656
3.113741636644364,3.073711900268771,3.10230456910848,3.0308228970092066,0.0,0.0,0.0,0.0,134,-0.02562855168730268
3.1594899067878996,3.0880082346886257,3.1280379710642188,3.062274832732887,0.0,0.0,0.0,0.0,135,-0.025130909906966706
3.182364041859667,3.1280379710642188,3.150912106135986,3.0937267684565675,0.0,0.0,0.0,0.0,135,-0.024757678571714726
3.1995196431634922,3.1623491736718705,3.1909418425115796,3.122319437296277,0.0,0.0,0.0,0.0,135,-0.02426003679137875
3.2281123120032023,3.2109567106993766,3.205238176931435,3.150912106135986,0.0,0.0,0.0,0.0,136,-0.02388680545612677
3.2595642477268827,3.2281123120032023,3.2481271801909983,3.1909418425115796,0.0,0.0,0.0,0.0,136,-0.0233891636757908
3.2967347172185044,3.22239377823526,3.2681420483787953,3.2109567106993766,0.0,0.0,0.0,0.0,136,-0.022767111450370827
3.3196088522902722,3.2967347172185044,3.3110310516383596,3.2080974438154057,0.0,0.0,0.0,0.0,137,-0.02214505922495086
3.3624978555498366,3.3167495854063014,3.331045919826156,3.2652827814948244,0.0,0.0,0.0,0.0,138,-0.021523006999530893
3.391090524389546,3.3624978555498366,3.353920054897924,3.2910161834505627,0.0,0.0,0.0,0.0,140,-0.02077654432902693
3.40252759192543,3.3767941899696914,3.391090524389546,3.333905186710127,0.0,0.0,0.0,0.0,141,-0.020154492103606963
3.4396980614170527,3.391090524389546,3.4139646594613136,3.3710756562017496,0.0,0.0,0.0,0.0,142,-0.019408029433103
3.451135128952936,3.4111053925773427,3.4454165951849944,3.3767941899696914,0.0,0.0,0.0,0.0,144,-0.01866156676259904
3.4911648653285297,3.468290730256762,3.4625721964888196,3.4111053925773427,0.0,0.0,0.0,0.0,145,-0.01791510409209508
3.5426316692400066,3.488305598444559,3.508320466632355,3.465431463372791,0.0,0.0,0.0,0.0,146,-0.017168641421591118
3.556928003659861,3.5340538685880936,3.5311946017041227,3.4854463315605875,0.0,0.0,0.0,0.0,147,-0.016422178751087157
3.588379939383542,3.5426316692400066,3.556928003659861,3.508320466632355,0.0,0.0,0.0,0.0,148,-0.015551305635499202
3.608394807571339,3.5940984731514836,3.5998170069194253,3.52261680105221,0.0,0.0,0.0,0.0,150,-0.014680432519911244
3.634128209527077,3.605535540687367,3.6141133413392805,3.5454909361239775,0.0,0.0,0.0,0.0,151,-0.01380955940432329
3.6627208783667866,3.625550408875164,3.6484245439469314,3.5912392062675127,0.0,0.0,0.0,0.0,152,-0.013063096733819328
3.67415794590267,3.634128209527077,3.657002344598845,3.622691141991193,0.0,0.0,0.0,0.0,152,-0.012316634063315367
3.7170469491622344,3.67415794590267,3.6941728140904666,3.6598616114828157,0.0,0.0,0.0,0.0,153,-0.011570171392811406
3.7284840166981184,3.7199062160462053,3.7284840166981184,3.682735746554583,0.0,0.0,0.0,0.0,151,-0.010948119167391438
3.7627952193057697,3.7427803511179727,3.7427803511179727,3.7199062160462053,0.0,0.0,0.0,0.0,151,-0.010201656496887474
3.79424715502945,3.7685137530737114,3.7770915537256244,3.7199062160462053,0.0,0.0,0.0,0.0,150,-0.009579604271467507
3.805684222565334,3.802824955681363,3.805684222565334,3.7427803511179727,0.0,0.0,0.0,0.0,151,-0.008833141600963546
3.842854692056956,3.8342768914050436,3.8285583576371014,3.7799508206095953,0.0,0.0,0.0,0.0,150,-0.00833549982062757
3.8886029622004914,3.842854692056956,3.868588094012695,3.808543489449305,0.0,0.0,0.0,0.0,150,-0.007713447595207603
3.911477097272259,3.85429175959284,3.908617830388288,3.8399954251729853,0.0,0.0,0.0,0.0,150,-0.007215805814871629
3.957225367415794,3.868588094012695,3.928632698576085,3.880025161548579,0.0,0.0,0.0,0.0,150,-0.006842574479619648
4.00297363755933,3.908617830388288,3.9686624349516784,3.8886029622004914,0.0,0.0,0.0,0.0,151,-0.006469343144367668
4.014410705095213,3.9486475667638814,4.0287070395150675,3.922914164808143,0.0,0.0,0.0,0.0,152,-0.0060961118091156855
4.051581174586835,3.97438096871962,4.054440441470806,3.9629439011837357,0.0,0.0,0.0,0.0,152,-0.005598470028779712
4.077314576542574,3.9943958369074166,4.0658775090066905,4.011551438211242,0.0,0.0,0.0,0.0,152,-0.005100828248443737
4.103047978498313,4.045862640818894,4.0944701778464,3.988677303139475,0.0,0.0,0.0,0.0,152,-0.004603186468107763
4.123062846686109,4.068736775890661,4.105907245382284,4.054440441470806,0.0,0.0,0.0,0.0,152,-0.0042299551328557825
4.131640647338022,4.0944701778464,4.134499914221993,4.097329444730371,0.0,0.0,0.0,0.0,152,-0.0038567237976038014
4.163092583061703,4.071596042774632,4.151655515525818,4.1487962486418475,0.0,0.0,0.0,0.0,152,-0.003483492462351821
4.194544518785383,4.145936981757877,4.180248184365529,4.12592211357008,0.0,0.0,0.0,0.0,152,-0.002985850682015846
4.223137187625093,4.194544518785383,4.217418653857151,4.1688111168296444,0.0,0.0,0.0,0.0,152,-0.0023637984565958786
4.254589123348773,4.214559386973179,4.2488705895808305,4.203122319437296,0.0,0.0,0.0,0.0,151,-0.001617335786091917
4.283181792188483,4.2088408532052375,4.2688854577686275,4.220277920741122,0.0,0.0,0.0,0.0,151,-0.0008708731155879552
4.291759592840395,4.225996454509064,4.30319666037628,4.240292788928918,0.0,0.0,0.0,0.0,151,-0.0001244104450839936
4.320352261680105,4.271744724652598,4.33750786298393,4.2688854577686275,0.0,0.0,0.0,0.0,151,0.0004976417803359744
4.3489449305198145,4.2889003259564245,4.3489449305198145,4.3060559272602505,0.0,0.0,0.0,0.0,151,0.001244104450839936
4.371819065591582,4.311774461028192,4.386115400011437,4.331789329215988,0.0,0.0,0.0,0.0,152,0.0017417462311759104
4.391833933779378,4.3489449305198145,4.39469320066335,4.3060559272602505,0.0,0.0,0.0,0.0,153,0.0023637984565958786
4.423285869503059,4.374678332475553,4.417567335735117,4.391833933779378,0.0,0.0,0.0,0.0,154,0.00311026112709984
4.420426602619088,4.39469320066335,4.443300737690856,4.400411734431292,0.0,0.0,0.0,0.0,160,0.003732313352519808
4.440441470806885,4.434722937038942,4.463315605878653,4.403271001315263,0.0,0.0,0.0,0.0,163,0.004354365577939776
4.451878538342768,4.4490192714587975,4.491908274718362,4.440441470806885,0.0,0.0,0.0,0.0,166,0.004976417803359744
4.497626808486304,4.45759707211071,4.5090638760221875,4.451878538342768,0.0,0.0,0.0,0.0,173,0.005474059583695719
4.526219477326013,4.4690341396465945,4.537656544861897,4.480471207182478,0.0,0.0,0.0,0.0,176,0.0058472909189477
4.557671413049693,4.480471207182478,4.563389946817636,4.511923142906158,0.0,0.0,0.0,0.0,179,0.0060961118091156855
4.563389946817636,4.514782409790129,4.586264081889403,4.534797277977926,0.0,0.0,0.0,0.0,185,0.006344932699283674
4.5919826156573444,4.557671413049693,4.614856750729112,4.543375078629839,0.0,0.0,0.0,0.0,186,0.006593753589451661
4.611997483845141,4.534797277977926,4.623434551381026,4.577686281237491,0.0,0.0,0.0,0.0,188,0.007091395369787636
4.63773088580088,4.600560416309258,4.6520272202207344,4.5891233487733745,0.0,0.0,0.0,0.0,180,0.00758903715012361
4.669182821524561,4.594841882541316,4.674901355292503,4.623434551381026,0.0,0.0,0.0,0.0,181,0.008086678930459584
4.69777549036427,4.6291530851489675,4.709212557900154,4.6520272202207344,0.0,0.0,0.0,0.0,182,0.008584320710795559
4.714931091668096,4.640590152684851,4.732086692971921,4.692056956596328,0.0,0.0,0.0,0.0,184,0.00895755204604754
4.749242294275747,4.677760622176473,4.763538628695602,4.692056956596328,0.0,0.0,0.0,0.0,184,0.00933078338129952
4.783553496883399,4.694916223480299,4.783553496883399,4.732086692971921,0.0,0.0,0.0,0.0,186,0.009579604271467507
4.797849831303254,4.72636815920398,4.794990564419282,4.746383027391777,0.0,0.0,0.0,0.0,186,0.009952835606719487
4.81786469949105,4.752101561159718,4.823583233258992,4.760679361811631,0.0,0.0,0.0,0.0,187,0.010450477387055462
4.8493166352147306,4.783553496883399,4.837879567678847,4.774975696231485,0.0,0.0,0.0,0.0,102,0.010948119167391438
4.8493166352147306,4.7892720306513406,4.880768570938411,4.815005432607079,0.0,0.0,0.0,0.0,107,0.011570171392811406
4.875050037170469,4.823583233258992,4.9093612397781206,4.860753702750614,0.0,0.0,0.0,0.0,107,0.012192223618231371
4.8893463715903245,4.863612969634586,4.912220506662091,4.866472236518556,0.0,0.0,0.0,0.0,107,0.01281427584365134
4.903642706010179,4.90650197289415,4.923657574197975,4.9093612397781206,0.0,0.0,0.0,0.0,111,0.013187507178903322
4.935094641733859,4.877909304054439,4.949390976153714,4.9093612397781206,0.0,0.0,0.0,0.0,115,0.013560738514155303
4.963687310573568,4.957968776805626,4.980842911877395,4.923657574197975,0.0,0.0,0.0,0.0,115,0.01380955940432329
4.960828043689598,4.946531709269743,4.989420712529307,4.96654657745754,0.0,0.0,0.0,0.0,114,0.014182790739575271
4.983702178761365,4.946531709269743,4.99799851318122,4.986561445645337,0.0,0.0,0.0,0.0,117,0.014680432519911244
5.02659118202093,4.977983644993423,5.05804311774461,5.023731915136959,0.0,0.0,0.0,0.0,115,0.01517807430024722
5.080917252816377,5.006576313833133,5.1123691885400575,5.043746783324755,0.0,0.0,0.0,0.0,119,0.015551305635499202
5.143821124263739,5.038028249556813,5.1523989249156505,5.049465317092697,0.0,0.0,0.0,0.0,125,0.01592453697075118
5.158117458683592,5.032309715788871,5.160976725567564,5.040887516440784,0.0,0.0,0.0,0.0,125,0.01629776830600316
5.158117458683592,5.072339452164465,5.158117458683592,5.100932121004174,0.0,0.0,0.0,0.0,129,0.01654658919617115
5.175273059987419,5.106650654772116,5.183850860639331,5.146680391147709,0.0,0.0,0.0,0.0,129,0.01667099964125514
5.218162063246983,5.083776519700349,5.223880597014925,5.1695545262194775,0.0,0.0,0.0,0.0,147,0.01691982053142313
5.241036198318751,5.126665522959913,5.263910333390518,5.180991593755361,0.0,0.0,0.0,0.0,149,0.01729305186667511
5.249613998970663,5.178132326871389,5.275347400926401,5.215302796363012,0.0,0.0,0.0,0.0,149,0.01766628320192709
5.263910333390518,5.180991593755361,5.272488134042431,5.223880597014925,0.0,0.0,0.0,0.0,159,0.01803951453717907
5.306799336650082,5.238176931434779,5.321095671069937,5.241036198318751,0.0,0.0,0.0,0.0,160,0.01828833542734706
5.366843941213472,5.218162063246983,5.409732944473037,5.309658603534054,0.0,0.0,0.0,0.0,160,0.018412745872431052
5.378281008749355,5.215302796363012,5.426888545776863,5.32967347172185,0.0,0.0,0.0,0.0,163,0.018537156317515045
5.401155143821124,5.26962886715846,5.424029278892891,5.323954937953908,0.0,0.0,0.0,0.0,170,0.018785977207683033
5.441184880196717,5.338251272373763,5.464059015268484,5.363984674329502,0.0,0.0,0.0,0.0,175,0.01903479809785102
5.4726368159203975,5.355406873677588,5.50980728541202,5.395436610053182,0.0,0.0,0.0,0.0,175,0.019283618988019006
5.478355349688339,5.369703208097444,5.544118488019671,5.42117001200892,0.0,0.0,0.0,0.0,175,0.01965685032327099
5.504088751644078,5.398295876937152,5.549837021787613,5.458340481500542,0.0,0.0,0.0,0.0,179,0.020030081658522967
5.524103619831875,5.429747812660834,5.564133356207468,5.466918282152456,0.0,0.0,0.0,0.0,179,0.020527723438858947
5.575570423743351,5.438325613312746,5.621318693886887,5.489792417224223,0.0,0.0,0.0,0.0,186,0.02077654432902693
5.607022359467032,5.501229484760107,5.66134843026248,5.558414822439526,0.0,0.0,0.0,0.0,195,0.02102536521919492
5.615600160118945,5.518385086063933,5.669926230914394,5.587007491279235,0.0,0.0,0.0,0.0,194,0.021274186109362905
5.615600160118945,5.60130382569909,5.66134843026248,5.6298964945388,0.0,0.0,0.0,0.0,199,0.02177182788969888
5.652770629610567,5.589866758163207,5.678504031566305,5.649911362726597,0.0,0.0,0.0,0.0,201,0.022393880115118846
5.704237433522044,5.604163092583062,5.744267169897638,5.678504031566305,0.0,0.0,0.0,0.0,203,0.022767111450370827
5.770000571853376,5.638474295190712,5.798593240693086,5.652770629610567,0.0,0.0,0.0,0.0,205,0.023264753230706803
5.784296906273231,5.672785497798364,5.824326642648824,5.724252301709841,0.0,0.0,0.0,0.0,204,0.023637984565958784
5.798593240693086,5.727111568593812,5.835763710184708,5.7957339738091145,0.0,0.0,0.0,0.0,205,0.024011215901210765
5.812889575112941,5.755704237433521,5.835763710184708,5.790015440041173,0.0,0.0,0.0,0.0,205,0.02450885768154674
5.8329044433007375,5.7728598387373475,5.8757934465603014,5.861497112140446,0.0,0.0,0.0,0.0,208,0.024757678571714726
5.881511980328243,5.764282038085434,5.938697318007662,5.8557785783725045,0.0,0.0,0.0,0.0,209,0.0252553203520507
5.93011951735575,5.827185909532795,5.973008520615314,5.87007491279236,0.0,0.0,0.0,0.0,210,0.02562855168730268
5.952993652427517,5.878652713444271,6.004460456338994,5.912963916051924,0.0,0.0,0.0,0.0,209,0.026126193467638656
5.993023388803111,5.918682449819865,6.024475324526791,5.9358380511236915,0.0,0.0,0.0,0.0,210,0.026499424802890637
6.0130382569909075,5.947275118659575,6.053067993366501,5.990164121919139,0.0,0.0,0.0,0.0,209,0.02674824569305862
6.044490192714587,5.944415851775604,6.087379195974151,6.018756790758849,0.0,0.0,0.0,0.0,209,0.02699706658322661
6.058786527134442,5.952993652427517,6.133127466117687,6.047349459598559,0.0,0.0,0.0,0.0,210,0.027121477028310605
6.104534797277978,5.998741922571052,6.158860868073425,6.118831131697832,0.0,0.0,0.0,0.0,211,0.0272458874733946
6.1560016011894545,6.0759421284382675,6.193172070681077,6.118831131697832,0.0,0.0,0.0,0.0,213,0.027370297918478594
6.198890604449018,6.0759421284382675,6.218905472636815,6.130268199233716,0.0,0.0,0.0,0.0,215,0.027370297918478594
6.207468405100932,6.11311259792989,6.2560759421284375,6.196031337565048,0.0,0.0,0.0,0.0,221,0.027494708363562586
6.241779607708583,6.081660662206209,6.287527877852119,6.218905472636815,0.0,0.0,0.0,0.0,221,0.027743529253730574
6.287527877852119,6.118831131697832,6.330416881111683,6.238920340824612,0.0,0.0,0.0,0.0,222,0.02799235014389856
6.304683479155944,6.193172070681077,6.333276147995654,6.278950077200205,0.0,0.0,0.0,0.0,223,0.028365581479150543
6.324698347343741,6.196031337565048,6.384742951907131,6.298964945388002,0.0,0.0,0.0,0.0,222,0.028614402369318528
6.347572482415508,6.247498141476525,6.421913421398753,6.3361354148796245,0.0,0.0,0.0,0.0,224,0.028863223259486516
6.384742951907131,6.250357408360496,6.453365357122433,6.361868816835362,0.0,0.0,0.0,0.0,227,0.0291120441496545
6.433350488934637,6.301824212271972,6.490535826614055,6.3990392863269845,0.0,0.0,0.0,0.0,226,0.02948527548490648
6.447646823354491,6.347572482415508,6.527706296105678,6.427631955166695,0.0,0.0,0.0,0.0,226,0.029858506820158465
6.47338022531023,6.344713215531537,6.553439698061417,6.433350488934637,0.0,0.0,0.0,0.0,227,0.03035614860049444
6.481958025962143,6.401898553210956,6.576313833133184,6.484817292846113,0.0,0.0,0.0,0.0,239,0.03085379038083041
6.519128495453765,6.433350488934637,6.607765768856864,6.513409961685824,0.0,0.0,0.0,0.0,239,0.03135143216116639
6.5391433636415615,6.450506090238462,6.642076971464516,6.53342482987362,0.0,0.0,0.0,0.0,241,0.031724663496418365
6.590610167553039,6.484817292846113,6.676388174072168,6.576313833133184,0.0,0.0,0.0,0.0,240,0.032097894831670346
6.613484302624806,6.481958025962143,6.704980842911876,6.602047235088922,0.0,0.0,0.0,0.0,242,0.03234671572183834
6.647795505232458,6.5391433636415615,6.730714244867615,6.633499170812603,0.0,0.0,0.0,0.0,245,0.03259553661200632
6.684965974724079,6.590610167553039,6.765025447475266,6.704980842911876,0.0,0.0,0.0,0.0,244,0.03271994705709032
6.71355864356379,6.607765768856864,6.785040315663063,6.733573511751587,0.0,0.0,0.0,0.0,244,0.032844357502174314
6.7593069137073245,6.664951106536283,6.83364785269057,6.782181048779092,0.0,0.0,0.0,0.0,245,0.0330931783923423
6.785040315663063,6.673528907188196,6.859381254646308,6.770743981243208,0.0,0.0,0.0,0.0,249,0.03334199928251028
6.822210785154685,6.7192771773317315,6.882255389718075,6.810773717618802,0.0,0.0,0.0,0.0,241,0.03346640972759428
6.850803453994395,6.739292045519528,6.910848058557786,6.867959055298221,0.0,0.0,0.0,0.0,241,0.03371523061776227
6.885114656602047,6.762166180591296,6.9594555955852915,6.893692457253959,0.0,0.0,0.0,0.0,251,0.03383964106284626
6.9194258592096975,6.825070052038657,7.005203865728826,6.922285126093669,0.0,0.0,0.0,0.0,251,0.033964051507930255
6.948018528049407,6.8393663864585115,7.033796534568536,6.922285126093669,0.0,0.0,0.0,0.0,255,0.033964051507930255
6.985188997541029,6.882255389718075,7.0595299365242745,6.970892663121175,0.0,0.0,0.0,0.0,257,0.034088461953014244
7.022359467032652,6.890833190369989,7.090981872247955,7.008063132612798,0.0,0.0,0.0,0.0,257,0.03421287239809824
7.050952135872362,6.905129524789844,7.113856007319722,7.056670669640304,0.0,0.0,0.0,0.0,250,0.03458610373335022
7.088122605363983,6.968033396237204,7.16818207811517,7.070967004060158,0.0,0.0,0.0,0.0,259,0.034834924623518206
7.133870875507519,6.9994853319608845,7.205352547606792,7.0766855378281,0.0,0.0,0.0,0.0,262,0.0350837455136862
7.176759878767084,7.028078000800594,7.2396637502144445,7.139589409275461,0.0,0.0,0.0,0.0,264,0.03533256640385418
7.216789615142678,7.01664093326471,7.271115685938125,7.162463544347228,0.0,0.0,0.0,0.0,264,0.03545697684893818
7.245382283982386,7.090981872247955,7.308286155429748,7.199634013838851,0.0,0.0,0.0,0.0,266,0.03545697684893818
7.259678618402241,7.125293074855607,7.351175158689311,7.205352547606792,0.0,0.0,0.0,0.0,266,0.03558138729402217
7.296849087893863,7.148167209927374,7.394064161948875,7.262537885286212,0.0,0.0,0.0,0.0,260,0.03558138729402217
7.31400468919769,7.1653228112312,7.411219763252702,7.291130554125921,0.0,0.0,0.0,0.0,271,0.03558138729402217
7.351175158689311,7.191056213186939,7.454108766512266,7.31400468919769,0.0,0.0,0.0,0.0,272,0.03570579773910616
7.385486361296963,7.242523017098415,7.508434837307714,7.362612226225195,0.0,0.0,0.0,0.0,272,0.03595461862927415
7.425516097672555,7.251100817750328,7.5227311717275684,7.37690856064505,0.0,0.0,0.0,0.0,275,0.03595461862927415
7.456968033396237,7.305426888545776,7.551323840567278,7.422656830788585,0.0,0.0,0.0,0.0,271,0.03595461862927415
7.479842168468004,7.3225824898496015,7.5999313775947845,7.459827300280208,0.0,0.0,0.0,0.0,271,0.03595461862927415
7.505575570423742,7.371190026877108,7.628524046434493,7.488419969119917,0.0,0.0,0.0,0.0,278,0.03607902907435814
7.554183107451249,7.414079030136672,7.645679647738319,7.514153371075656,0.0,0.0,0.0,0.0,281,0.03620343951944213
7.591353576942871,7.439812432092411,7.6828501172299415,7.5827757762909584,0.0,0.0,0.0,0.0,280,0.03657667085469412
7.61708697889861,7.49699776977183,7.71144278606965,7.631383313318465,0.0,0.0,0.0,0.0,283,0.036701081299778116
7.659975982158174,7.491279236003887,7.754331789329215,7.659975982158174,0.0,0.0,0.0,0.0,277,0.0369499021899461
7.685709384113912,7.565620174987132,7.780065191284954,7.679990850345971,0.0,0.0,0.0,0.0,277,0.0369499021899461
7.717161319837594,7.594212843826843,7.800080059472751,7.685709384113912,0.0,0.0,0.0,0.0,288,0.03707431263503009
7.765768856865099,7.657116715274203,7.837250528964373,7.765768856865099,0.0,0.0,0.0,0.0,289,0.037198723080114085
7.797220792588779,7.631383313318465,7.900154400411734,7.797220792588779,0.0,0.0,0.0,0.0,289,0.03732313352519808
7.822954194544518,7.6828501172299415,7.928747069251443,7.834391262080402,0.0,0.0,0.0,0.0,289,0.03732313352519808
7.871561731572024,7.73717618802539,7.9630582718590945,7.825813461428489,0.0,0.0,0.0,0.0,285,0.03744754397028207
7.9258878023674715,7.797220792588779,7.997369474466746,7.885858065991879,0.0,0.0,0.0,0.0,284,0.037571954415366066
7.951621204323211,7.800080059472751,8.03739921084234,7.928747069251443,0.0,0.0,0.0,0.0,291,0.03769636486045006
7.988791673814833,7.808657860124664,8.074569680333962,7.974495339394978,0.0,0.0,0.0,0.0,290,0.03769636486045006
8.051695545262193,7.868702464688053,8.123177217361468,7.985932406930862,0.0,0.0,0.0,0.0,291,0.03769636486045006
8.097443815405729,7.905872934179676,8.143192085549265,8.034539943958368,0.0,0.0,0.0,0.0,284,0.03782077530553406
8.140332818665293,7.934465603019385,8.200377423228684,8.074569680333962,0.0,0.0,0.0,0.0,283,0.03782077530553406
8.163206953737062,7.928747069251443,8.226110825184422,8.12603648424544,0.0,0.0,0.0,0.0,289,0.03782077530553406
8.166066220621033,8.00594727511866,8.268999828443986,8.117458683593526,0.0,0.0,0.0,0.0,289,0.03782077530553406
8.206095956996625,8.020243609538513,8.317607365471492,8.168925487505003,0.0,0.0,0.0,0.0,287,0.03782077530553406
8.254703494024131,8.043117744610282,8.363355635615028,8.197518156344712,0.0,0.0,0.0,0.0,280,0.03782077530553406
8.291873963515753,8.086006747869845,8.403385371990622,8.246125693372218,0.0,0.0,0.0,0.0,280,0.03782077530553406
8.297592497283695,8.154629153085148,8.437696574598272,8.260422027792073,0.0,0.0,0.0,0.0,281,0.037945185750618046
8.34048150054326,8.168925487505003,8.46342997655401,8.291873963515753,0.0,0.0,0.0,0.0,285,0.037945185750618046
8.36907416938297,8.19179962257677,8.497741179161661,8.360496368731058,0.0,0.0,0.0,0.0,283,0.037945185750618046
8.420540973294447,8.208955223880597,8.529193114885343,8.420540973294447,0.0,0.0,0.0,0.0,283,0.03806959619570204
8.451992909018127,8.294733230399725,8.557785783725052,8.434837307714302,0.0,0.0,0.0,0.0,273,0.03819400664078604
8.474867044089894,8.329044433007375,8.569222851260935,8.469148510321952,0.0,0.0,0.0,0.0,273,0.03831841708587003
8.512037513581516,8.377651970034883,8.617830388288443,8.55206724995711,0.0,0.0,0.0,0.0,281,0.03856723797603801
8.563504317492994,8.371933436266941,8.660719391548007,8.60639332075256,0.0,0.0,0.0,0.0,281,0.038816058866206
8.600674786984616,8.451992909018127,8.689312060387715,8.563504317492994,0.0,0.0,0.0,0.0,281,0.03894046931129
8.634985989592268,8.500600446045633,8.743638131183165,8.64070452336021,0.0,0.0,0.0,0.0,271,0.039064879756373995
8.660719391548007,8.52061531423343,8.749356664951106,8.67215645908389,0.0,0.0,0.0,0.0,274,0.039189290201457984
8.700749127923599,8.532052381769313,8.786527134442728,8.709326928575512,0.0,0.0,0.0,0.0,274,0.039189290201457984
8.73220106364728,8.586378452564762,8.840853205238176,8.689312060387715,0.0,0.0,0.0,0.0,282,0.039189290201457984
8.777949333790815,8.64070452336021,8.889460742265682,8.795104935094642,0.0,0.0,0.0,0.0,280,0.03931370064654198
8.82655687081832,8.64356379024418,8.918053411105392,8.809401269514495,0.0,0.0,0.0,0.0,275,0.03943811109162597
8.886601475381712,8.666437925315948,8.9466460799451,8.786527134442728,0.0,0.0,0.0,0.0,275,0.039562521536709964
8.920912677989362,8.72934179676331,8.96952021501687,8.840853205238176,0.0,0.0,0.0,0.0,275,0.03968693198179396
8.963801681248928,8.755075198719048,9.018127752044375,8.920912677989362,0.0,0.0,0.0,0.0,282,0.03968693198179396
8.998112883856578,8.726482529879338,9.086750157259678,8.9466460799451,0.0,0.0,0.0,0.0,283,0.03968693198179396
9.012409218276433,8.809401269514495,9.129639160519242,8.949505346829072,0.0,0.0,0.0,0.0,275,0.03968693198179396
9.061016755303939,8.829416137702292,9.138216961171155,8.998112883856578,0.0,0.0,0.0,0.0,275,0.03968693198179396
9.089609424143648,8.872305140961856,9.206839366386458,9.046720420884084,0.0,0.0,0.0,0.0,276,0.03968693198179396
9.118202092983358,8.900897809801565,9.24115056899411,9.075313089723794,0.0,0.0,0.0,0.0,283,0.03968693198179396
9.158231829358952,8.960942414364956,9.284039572253672,9.072453822839822,0.0,0.0,0.0,0.0,283,0.03968693198179396
9.206839366386458,8.963801681248928,9.309772974209412,9.149654028707038,0.0,0.0,0.0,0.0,275,0.03968693198179396
9.235432035226166,8.986675816320695,9.318350774861326,9.203980099502486,0.0,0.0,0.0,0.0,275,0.03968693198179396
9.255446903413963,9.012409218276433,9.36409904500486,9.20969863327043,0.0,0.0,0.0,0.0,277,0.03968693198179396
9.304054440441469,9.109624292331445,9.39841024761251,9.272602504717788,0.0,0.0,0.0,0.0,285,0.03968693198179396
9.344084176817063,9.138216961171155,9.435580717104134,9.30691370732544,0.0,0.0,0.0,0.0,285,0.03968693198179396
9.401269514496482,9.143935494939097,9.45559558529193,9.39555098072854,0.0,0.0,0.0,0.0,278,0.03968693198179396
9.42414364956825,9.20969863327043,9.509921656087377,9.344084176817063,0.0,0.0,0.0,0.0,278,0.03981134242687795
9.447017784640018,9.258306170297935,9.532795791159147,9.444158517756046,0.0,0.0,0.0,0.0,281,0.03981134242687795
9.48704752101561,9.309772974209412,9.569966260650768,9.458454852175901,0.0,0.0,0.0,0.0,287,0.03981134242687795
9.51564018985532,9.292617372905585,9.627151598330187,9.472751186595756,0.0,0.0,0.0,0.0,288,0.03981134242687795
9.552810659346944,9.389832446960598,9.652885000285925,9.501343855435467,0.0,0.0,0.0,0.0,282,0.03981134242687795
9.601418196374448,9.421284382684279,9.701492537313431,9.567106993766798,0.0,0.0,0.0,0.0,283,0.03981134242687795
9.650025733401955,9.435580717104134,9.730085206153142,9.595699662606508,0.0,0.0,0.0,0.0,290,0.03981134242687795
9.707211071081375,9.472751186595756,9.772974209412705,9.589981128838565,0.0,0.0,0.0,0.0,289,0.03981134242687795
9.767255675644765,9.51564018985532,9.8130039457883,9.735803739921082,0.0,0.0,0.0,0.0,290,0.03981134242687795
9.807285412020358,9.552810659346944,9.873048550351688,9.727225939269172,0.0,0.0,0.0,0.0,283,0.03981134242687795
9.810144678904328,9.541373591811057,9.904500486075369,9.718648138617258,0.0,0.0,0.0,0.0,283,0.03981134242687795
9.853033682163892,9.632870132098128,9.93595242179905,9.755818608108878,0.0,0.0,0.0,0.0,292,0.03981134242687795
9.873048550351688,9.641447932750042,10.007434093898324,9.821581746440213,0.0,0.0,0.0,0.0,290,0.03981134242687795
9.915937553611252,9.63858866586607,10.036026762738032,9.878767084119632,0.0,0.0,0.0,0.0,290,0.03981134242687795
9.93595242179905,9.730085206153142,10.070337965345685,9.887344884771544,0.0,0.0,0.0,0.0,285,0.03981134242687795
9.9702636244067,9.767255675644765,10.08463429976554,9.918796820495222,0.0,0.0,0.0,0.0,285,0.03981134242687795
10.010293360782294,9.784411276948589,10.107508434837307,9.96168582375479,0.0,0.0,0.0,0.0,283,0.03981134242687795
10.050323097157888,9.810144678904328,10.15039743809687,9.990278492594497,0.0,0.0,0.0,0.0,291,0.03981134242687795
10.098930634185393,9.84731514839595,10.187567907588495,10.11608623548922,0.0,0.0,0.0,0.0,283,0.03981134242687795
10.11608623548922,9.918796820495222,10.213301309544232,10.11894550237319,0.0,0.0,0.0,0.0,285,0.03981134242687795
10.173271573168638,9.93595242179905,10.250471779035854,10.138960370560987,0.0,0.0,0.0,0.0,282,0.03981134242687795
10.196145708240406,10.024589695202149,10.287642248527478,10.1475381712129,0.0,0.0,0.0,0.0,290,0.03981134242687795
10.241893978383942,10.061760164693771,10.32767198490307,10.20758277577629,0.0,0.0,0.0,0.0,290,0.039935752871961945
10.247612512151884,10.050323097157888,10.353405386858809,10.236175444616,0.0,0.0,0.0,0.0,284,0.039935752871961945
10.316234917367185,10.110367701721277,10.41630925830617,10.259049579687767,0.0,0.0,0.0,0.0,286,0.039935752871961945
10.370560988162635,10.156115971864814,10.450620460913822,10.310516383599245,0.0,0.0,0.0,0.0,283,0.039935752871961945
10.41916852519014,10.199004975124378,10.490650197289414,10.347686853090865,0.0,0.0,0.0,0.0,292,0.039935752871961945
10.47921312975353,10.190427174472465,10.530679933665006,10.361983187510722,0.0,0.0,0.0,0.0,288,0.039935752871961945
10.53925773431692,10.241893978383942,10.5707096700406,10.442042660261908,0.0,0.0,0.0,0.0,288,0.039935752871961945
10.544976268084863,10.273345914107622,10.63361354148796,10.462057528449705,0.0,0.0,0.0,0.0,287,0.039935752871961945
10.556413335620746,10.27048664722365,10.653628409675758,10.459198261565733,0.0,0.0,0.0,0.0,294,0.039935752871961945
10.60216160576428,10.364842454394692,10.71939154800709,10.507805798593239,0.0,0.0,0.0,0.0,291,0.039935752871961945
10.63361354148796,10.353405386858809,10.742265683078857,10.54211700120089,0.0,0.0,0.0,0.0,290,0.039935752871961945
10.667924744095613,10.384857322582489,10.773717618802538,10.579287470692513,0.0,0.0,0.0,0.0,290,0.039935752871961945
10.702235946703263,10.439183393377936,10.802310287642248,10.62789500772002,0.0,0.0,0.0,0.0,289,0.039935752871961945
10.7479842168468,10.493509464173385,10.833762223365929,10.682221078515468,0.0,0.0,0.0,0.0,296,0.039935752871961945
10.790873220106365,10.490650197289414,10.868073425973579,10.699376679819293,0.0,0.0,0.0,0.0,292,0.039935752871961945
10.833762223365929,10.579287470692513,10.893806827929318,10.782295419454451,0.0,0.0,0.0,0.0,291,0.039935752871961945
10.890947561045348,10.607880139532224,10.936695831188882,10.845199290901812,0.0,0.0,0.0,0.0,289,0.039935752871961945
10.939555098072852,10.63361354148796,10.968147766912562,10.853777091553725,0.0,0.0,0.0,0.0,297,0.039935752871961945
10.965288500028592,10.68793961228341,11.011036770172126,10.876651226625492,0.0,0.0,0.0,0.0,291,0.039935752871961945
10.982444101332419,10.745124949962827,11.04820723966375,10.948132898724765,0.0,0.0,0.0,0.0,292,0.039935752871961945
11.013896037056098,10.75370275061474,11.093955509807286,10.910962429233145,0.0,0.0,0.0,0.0,291,0.039935752871961945
11.04820723966375,10.833762223365929,11.14256304683479,10.982444101332419,0.0,0.0,0.0,0.0,298,0.039935752871961945
11.151140847486703,10.859495625321667,11.176874249442443,11.05106650654772,0.0,0.0,0.0,0.0,293,0.039935752871961945
11.23120032023789,10.868073425973579,11.20546691828215,11.062503574083603,0.0,0.0,0.0,0.0,292,0.039935752871961945
11.274089323497455,10.910962429233145,11.2597929890776,11.13970377995082,0.0,0.0,0.0,0.0,291,0.039935752871961945
11.328415394292902,10.959569966260648,11.311259792989077,11.148281580602733,0.0,0.0,0.0,0.0,299,0.039935752871961945
11.305541259221133,10.959569966260648,11.359867330016584,11.162577915022586,0.0,0.0,0.0,0.0,293,0.039935752871961945
11.316978326757019,10.985303368216389,11.425630468347915,11.214044718934064,0.0,0.0,0.0,0.0,296,0.039935752871961945
11.374163664436438,11.031051638359923,11.445645336535712,11.268370789729513,0.0,0.0,0.0,0.0,292,0.039935752871961945
11.439926802767769,11.04820723966375,11.465660204723507,11.274089323497455,0.0,0.0,0.0,0.0,300,0.039935752871961945
11.468519471607479,11.116829644879052,11.508549207983071,11.31983759364099,0.0,0.0,0.0,0.0,298,0.039935752871961945
11.605764282038086,11.162577915022586,11.534282609938812,11.348430262480697,0.0,0.0,0.0,0.0,292,0.039935752871961945
11.968891176302394,11.17401498255847,11.562875278778519,11.385600731972321,0.0,0.0,0.0,0.0,300,0.04018457376212993
12.266254932235373,11.23120032023789,11.600045748270142,11.468519471607479,0.0,0.0,0.0,0.0,293,0.040682215542465906
12.271973466003315,11.282667124149366,11.660090352833533,11.514267741751015,0.0,0.0,0.0,0.0,297,0.04117985732280188
11.83450563275576,11.285526391033338,11.6829644879053,11.497112140447188,0.0,0.0,0.0,0.0,291,0.041055446877717894
11.419911934579972,11.328415394292902,11.717275690512952,11.540001143706752,0.0,0.0,0.0,0.0,301,0.040806625987549895
11.542860410590723,11.408474867044088,11.783038828844283,11.600045748270142,0.0,0.0,0.0,0.0,293,0.041055446877717894
11.671527420369417,11.417052667696002,11.865957568479441,11.61720134957397,0.0,0.0,0.0,0.0,297,0.04130426776788588
11.880253902899296,11.47709727225939,11.883113169783266,11.6829644879053,0.0,0.0,0.0,0.0,291,0.04117985732280188
11.903128037971063,11.497112140447188,11.888831703551208,11.6829644879053,0.0,0.0,0.0,0.0,299,0.040806625987549895
11.968891176302394,11.49997140733116,11.95745410876651,11.700120089209125,0.0,0.0,0.0,0.0,293,0.040682215542465906
12.211928861439926,11.588608680734259,12.037513581517699,11.794475896380167,0.0,0.0,0.0,0.0,297,0.04093103643263389
12.457825813461428,11.640075484645736,12.086121118545204,11.840224166523702,0.0,0.0,0.0,0.0,292,0.04130426776788588
12.452107279693486,11.61720134957397,12.111854520500941,11.851661234059586,0.0,0.0,0.0,0.0,301,0.04130426776788588
12.206210327671982,11.671527420369417,12.126150854920798,11.903128037971063,0.0,0.0,0.0,0.0,286,0.04093103643263389
11.89169097043518,11.665808886601475,12.177617658832276,11.888831703551208,0.0,0.0,0.0,0.0,287,0.040682215542465906
11.95459484188254,11.73729055870075,12.229084462743751,11.948876308114597,0.0,0.0,0.0,0.0,282,0.040682215542465906
12.063246983473435,11.825927832103847,12.22336592897581,12.008920912677988,0.0,0.0,0.0,0.0,291,0.040806625987549895
12.163321324412419,11.845942700291644,12.22050666209184,12.040372848401669,0.0,0.0,0.0,0.0,289,0.04055780509738191
12.186195459484185,11.817350031451934,12.249099330931548,12.129010121804768,0.0,0.0,0.0,0.0,285,0.040060163317045934
12.197632527020073,11.883113169783266,12.312003202378909,12.171899125064332,0.0,0.0,0.0,0.0,293,0.03981134242687795
12.231943729627723,11.937439240578714,12.369188540058326,12.177617658832276,0.0,0.0,0.0,0.0,286,0.03981134242687795
12.240521530279636,12.040372848401669,12.37776634071024,12.237662263395665,0.0,0.0,0.0,0.0,289,0.03968693198179396
12.329158803682734,12.086121118545204,12.380625607594213,12.246240064047576,0.0,0.0,0.0,0.0,284,0.03943811109162597
12.3720478069423,12.048950649053582,12.420655343969804,12.297706867959054,0.0,0.0,0.0,0.0,293,0.03894046931129
12.389203408246123,12.108995253616971,12.49785554983702,12.363470006290386,0.0,0.0,0.0,0.0,286,0.03831841708587003
12.443529479041572,12.171899125064332,12.537885286212614,12.312003202378909,0.0,0.0,0.0,0.0,290,0.03769636486045006
12.506433350488933,12.163321324412419,12.55790015440041,12.400640475782007,0.0,0.0,0.0,0.0,283,0.037198723080114085
12.492137016069078,12.240521530279636,12.566477955052324,12.449248012809514,0.0,0.0,0.0,0.0,292,0.036701081299778116
12.515011151140847,12.25767713158346,12.649396694687482,12.452107279693486,0.0,0.0,0.0,0.0,286,0.03607902907435814
12.546463086864527,12.249099330931548,12.686567164179102,12.515011151140847,0.0,0.0,0.0,0.0,290,0.03583020818419016
12.583633556356148,12.303425401726996,12.723737633670725,12.503574083604963,0.0,0.0,0.0,0.0,291,0.03558138729402217
12.620804025847772,12.303425401726996,12.709441299250871,12.546463086864527,0.0,0.0,0.0,0.0,284,0.03545697684893818
12.663693029107336,12.394921942014067,12.740893234974552,12.569337221936294,0.0,0.0,0.0,0.0,287,0.03533256640385418
12.709441299250871,12.40349974266598,12.775204437582202,12.620804025847772,0.0,0.0,0.0,0.0,286,0.03533256640385418
12.746611768742493,12.4406702121576,12.818093440841766,12.695144964831016,0.0,0.0,0.0,0.0,246,0.03533256640385418
12.795219305769999,12.506433350488933,12.849545376565446,12.738033968090582,0.0,0.0,0.0,0.0,282,0.03533256640385418
12.818093440841766,12.5293074855607,12.860982444101332,12.732315434322638,0.0,0.0,0.0,0.0,285,0.03533256640385418
12.835249042145593,12.583633556356148,12.883856579173099,12.775204437582202,0.0,0.0,0.0,0.0,280,0.03520815595877019
12.880997312289129,12.640818894035569,12.952478984388403,12.769485903814262,0.0,0.0,0.0,0.0,283,0.03520815595877019
12.926745582432662,12.626522559615713,13.001086521415907,12.840967575913535,0.0,0.0,0.0,0.0,280,0.03520815595877019
12.995367987647967,12.695144964831016,13.023960656487676,12.880997312289129,0.0,0.0,0.0,0.0,277,0.03520815595877019
13.035397724023559,12.740893234974552,13.04397552467547,12.880997312289129,0.0,0.0,0.0,0.0,280,0.0350837455136862
13.00966432206782,12.718019099902785,13.069708926631211,12.958197518156343,0.0,0.0,0.0,0.0,276,0.0349593350686022
13.00680505518385,12.789500772002059,13.115457196774745,12.94676045062046,0.0,0.0,0.0,0.0,276,0.03471051417843421
12.995367987647967,12.766626636930289,13.152627666266367,12.986790186996053,0.0,0.0,0.0,0.0,277,0.034461693288266225
12.995367987647967,12.835249042145593,13.16406473380225,13.00680505518385,0.0,0.0,0.0,0.0,280,0.034088461953014244
13.00680505518385,12.82667124149368,13.149768399382397,13.029679190255617,0.0,0.0,0.0,0.0,278,0.03383964106284626
13.015382855835764,12.832389775261623,13.15834620003431,13.069708926631211,0.0,0.0,0.0,0.0,277,0.03371523061776227
13.021101389603704,12.918167781780749,13.178361068222108,13.09830159547092,0.0,0.0,0.0,0.0,283,0.03359082017267827
13.049694058443414,12.909589981128837,13.204094470177845,13.16406473380225,0.0,0.0,0.0,0.0,280,0.03359082017267827
13.089723794819006,12.932464116200606,13.224109338365642,13.189798135757991,0.0,0.0,0.0,0.0,281,0.03359082017267827
13.104020129238862,12.952478984388403,13.261279807857264,13.169783267570194,0.0,0.0,0.0,0.0,284,0.03359082017267827
13.138331331846514,12.986790186996053,13.28129467604506,13.224109338365642,0.0,0.0,0.0,0.0,284,0.03359082017267827
13.175501801338134,13.04397552467547,13.335620746840508,13.204094470177845,0.0,0.0,0.0,0.0,285,0.03359082017267827
13.255561274089322,13.063990392863268,13.372791216332132,13.24984274032138,0.0,0.0,0.0,0.0,287,0.03359082017267827
13.301309544232858,13.055412592211356,13.409961685823752,13.255561274089322,0.0,0.0,0.0,0.0,297,0.03359082017267827
13.392806084519929,13.124034997426659,13.46142848973523,13.264139074741236,0.0,0.0,0.0,0.0,294,0.03359082017267827
13.409961685823752,13.109738663006803,13.504317492994796,13.335620746840508,0.0,0.0,0.0,0.0,301,0.03359082017267827
13.45570995596729,13.15834620003431,13.57865843197804,13.341339280608452,0.0,0.0,0.0,0.0,307,0.03359082017267827
13.504317492994796,13.184079601990048,13.624406702121574,13.392806084519929,0.0,0.0,0.0,0.0,312,0.03359082017267827
13.572939898210096,13.178361068222108,13.664436438497168,13.398524618287869,0.0,0.0,0.0,0.0,314,0.03359082017267827
13.635843769657457,13.244124206553439,13.673014239149081,13.418539486475666,0.0,0.0,0.0,0.0,319,0.03359082017267827
13.833133184651455,13.24984274032138,13.718762509292617,13.46142848973523,0.0,0.0,0.0,0.0,326,0.03371523061776227
14.356379024418137,13.315605878652711,13.755932978784237,13.510036026762737,0.0,0.0,0.0,0.0,324,0.034088461953014244
14.888202664836735,13.335620746840508,13.815977583347628,13.587236232629953,0.0,0.0,0.0,0.0,323,0.03533256640385418
15.168410819465889,13.352776348144335,13.778807113856006,13.630125235889517,0.0,0.0,0.0,0.0,330,0.036701081299778116
15.025447475267342,13.372791216332132,13.738777377480414,13.61011036770172,0.0,0.0,0.0,0.0,325,0.03732313352519808
14.685194716074797,13.415680219591696,13.76165151255218,13.658717904729226,0.0,0.0,0.0,0.0,332,0.036825491744862104
14.324927088694457,13.510036026762737,13.921770458054553,13.647280837193343,0.0,0.0,0.0,0.0,330,0.03595461862927415
14.036141133413393,13.535769428718476,14.104763538628694,13.724481043060557,0.0,0.0,0.0,0.0,322,0.03558138729402217
13.973237261966032,13.572939898210096,14.17910447761194,13.750214445016297,0.0,0.0,0.0,0.0,324,0.03595461862927415
14.18196374449591,13.598673300165837,14.161948876308113,13.798821982043801,0.0,0.0,0.0,0.0,319,0.036701081299778116
14.81100245896952,13.61582890146966,14.21341568021959,13.856007319723222,0.0,0.0,0.0,0.0,321,0.03744754397028207
15.500085778006518,13.690169840452906,14.313490021158573,13.850288785955279,0.0,0.0,0.0,0.0,323,0.038816058866206
16.106250357408356,13.684451306684965,14.2420083490593,13.927488991822495,0.0,0.0,0.0,0.0,316,0.04043339465229792
16.486532852976495,13.73305884371247,14.070452336021043,13.921770458054553,0.0,0.0,0.0,0.0,321,0.04117985732280188
16.59232572768342,13.724481043060557,13.956081660662205,13.973237261966032,0.0,0.0,0.0,0.0,319,0.040308984207213926
16.49796992051238,13.750214445016297,14.03042259964545,14.016126265225596,0.0,0.0,0.0,0.0,310,0.03831841708587003
16.269228569794702,13.793103448275861,14.17910447761194,14.036141133413393,0.0,0.0,0.0,0.0,315,0.03620343951944213
15.96042774632584,13.773088580088064,14.30205295362269,14.110482072396636,0.0,0.0,0.0,0.0,311,0.0349593350686022
15.651626922856979,13.867444387259106,14.33636415623034,14.070452336021043,0.0,0.0,0.0,0.0,303,0.03520815595877019
15.488648710470635,13.887459255446903,14.396408760793731,14.133356207468404,0.0,0.0,0.0,0.0,308,0.03607902907435814
15.671641791044776,13.967518728198089,14.487905301080803,14.133356207468404,0.0,0.0,0.0,0.0,308,0.03732313352519808
16.100531823640416,13.996111397037799,14.585120375135814,14.21341568021959,0.0,0.0,0.0,0.0,299,0.03869164842112201
16.549436724423856,13.978955795733972,14.616572310859496,14.224852747755474,0.0,0.0,0.0,0.0,305,0.039562521536709964
16.989763824555382,14.053296734717216,14.613713043975523,14.24772688282724,0.0,0.0,0.0,0.0,308,0.03943811109162597
17.401498255847198,14.041859667181333,14.622290844627436,14.296334419854748,0.0,0.0,0.0,0.0,300,0.03856723797603801
17.49299479613427,14.116200606164579,14.713787384914507,14.307771487390632,0.0,0.0,0.0,0.0,303,0.037945185750618046
17.25567564476468,14.139074741236346,14.773831989477896,14.396408760793731,0.0,0.0,0.0,0.0,303,0.03806959619570204
16.7124149368102,14.133356207468404,14.84817292846114,14.410705095213585,0.0,0.0,0.0,0.0,295,0.039189290201457984
16.006176016469375,14.173385943843996,15.034025275919252,14.410705095213585,0.0,0.0,0.0,0.0,294,0.04093103643263389
15.148395951278092,14.187682278263853,15.851775604734943,14.470749699776976,0.0,0.0,0.0,0.0,298,0.042299551328557825
14.619431577743466,14.262023217247098,16.878252416080514,14.51077943615257,0.0,0.0,0.0,0.0,290,0.04205073043838984
14.81100245896952,14.279178818550921,17.34717218505175,14.62800937839538,0.0,0.0,0.0,0.0,294,0.040682215542465906
15.488648710470635,14.3306456224624,16.921141419340078,14.605135243323609,0.0,0.0,0.0,0.0,299,0.03931370064654198
16.569451592611653,14.416423628981528,15.923257276834217,14.616572310859496,0.0,0.0,0.0,0.0,290,0.038816058866206
17.401498255847198,14.427860696517412,14.685194716074797,14.590838908903756,0.0,0.0,0.0,0.0,293,0.03856723797603801
17.638817407216788,14.51077943615257,14.942528735632182,14.69663178361068,0.0,0.0,0.0,0.0,297,0.03806959619570204
17.335735117515867,14.487905301080803,15.26276662663693,14.72808371933436,0.0,0.0,0.0,0.0,294,0.037198723080114085
16.609481328987247,14.559386973180075,15.757419797563903,14.779550523245838,0.0,0.0,0.0,0.0,291,0.03732313352519808
15.657345456624919,14.553668439412133,17.084119631726423,14.805283925201577,0.0,0.0,0.0,0.0,296,0.03806959619570204
14.796706124549663,14.65946131411906,18.06770743981243,14.808143192085547,0.0,0.0,0.0,0.0,295,0.03732313352519808
15.054040144107049,14.642305712815233,17.93618116314977,14.836735860925257,0.0,0.0,0.0,0.0,290,0.03533256640385418
15.437181906559157,14.653742780351116,16.70669640304226,14.839595127809227,0.0,0.0,0.0,0.0,291,0.034337282843182236
16.34642877566192,14.665179847887,15.154114485046032,14.931091668096299,0.0,0.0,0.0,0.0,291,0.03545697684893818
17.432950191570878,14.7538171212901,15.122662549322353,14.951106536284096,0.0,0.0,0.0,0.0,290,0.03707431263503009
18.290730256762163,14.796706124549663,15.302796363012522,15.082632812946759,0.0,0.0,0.0,0.0,289,0.037945185750618046
18.42225653342483,14.779550523245838,15.797449533939496,15.094069880482643,0.0,0.0,0.0,0.0,285,0.03894046931129
17.533024532509863,14.822439526505404,16.883970949848457,15.074055012294846,0.0,0.0,0.0,0.0,289,0.04018457376212993
16.106250357408356,14.87390633041688,18.2478412535026,15.039743809687195,0.0,0.0,0.0,0.0,289,0.039935752871961945
14.97112140447189,15.011151140847485,18.539486475667637,15.154114485046032,0.0,0.0,0.0,0.0,289,0.037571954415366066
15.228455424029276,15.019728941499398,17.850403156630637,15.217018356493393,0.0,0.0,0.0,0.0,292,0.03471051417843421
15.57156745010579,15.028306742151312,16.49796992051238,15.23703322468119,0.0,0.0,0.0,0.0,290,0.03458610373335022
16.35214730942986,15.034025275919252,15.391433636415622,15.199862755189569,0.0,0.0,0.0,0.0,288,0.03583020818419016
17.593069137073254,15.102647681134556,15.545834048150054,15.214159089609423,0.0,0.0,0.0,0.0,288,0.036452260409610124
18.61096814776691,15.134099616858236,15.846057070967003,15.342826099388116,0.0,0.0,0.0,0.0,288,0.03707431263503009
19.06273231543432,15.122662549322353,16.38073997826957,15.339966832504144,0.0,0.0,0.0,0.0,288,0.03943811109162597
18.61668668153485,15.136958883742206,17.452965059758675,15.359981700691941,0.0,0.0,0.0,0.0,289,0.04217514088347383
17.68170641047635,15.148395951278092,18.756790758849426,15.348544633156058,0.0,0.0,0.0,0.0,289,0.04254837221872581
16.34642877566192,15.217018356493393,19.139932521301535,15.477211642934751,0.0,0.0,0.0,0.0,289,0.04018457376212993
15.394292903299593,15.202722022073539,18.253559787270543,15.534396980614169,0.0,0.0,0.0,0.0,291,0.036701081299778116
15.583004517641674,15.288500028592667,16.82964487905301,15.514382112426372,0.0,0.0,0.0,0.0,286,0.03570579773910616
16.34642877566192,15.322811231200319,15.774575398867729,15.465774575398868,0.0,0.0,0.0,0.0,287,0.037571954415366066
17.878995825470348,15.411448504603417,15.966146280093783,15.525819179962257,0.0,0.0,0.0,0.0,285,0.040060163317045934
18.919768971235772,15.377137301995766,16.52656258935209,15.594441585177558,0.0,0.0,0.0,0.0,286,0.04192631999330584
19.342940470063475,15.38571510264768,17.70172127866415,15.671641791044776,0.0,0.0,0.0,0.0,285,0.043419245334313766
19.091324984274028,15.411448504603417,18.85114656602047,15.663063990392862,0.0,0.0,0.0,0.0,285,0.04478776023023769
17.99908503459713,15.485789443586663,19.391548007090982,15.631612054669182,0.0,0.0,0.0,0.0,286,0.04441452889498571
16.669525933550638,15.551552581917994,18.896894836164005,15.677360324812716,0.0,0.0,0.0,0.0,287,0.04142867821296987
15.877509006690683,15.562989649453877,17.447246525990735,15.725967861840223,0.0,0.0,0.0,0.0,285,0.0369499021899461
16.357865843197803,15.551552581917994,16.160576428203807,15.83462000343112,0.0,0.0,0.0,0.0,286,0.0349593350686022
17.335735117515867,15.562989649453877,16.38073997826957,15.86321267227083,0.0,0.0,0.0,0.0,284,0.036452260409610124
18.327900726253784,15.631612054669182,16.65808886601475,15.96042774632584,0.0,0.0,0.0,0.0,285,0.03968693198179396
18.65385715102647,15.671641791044776,17.6473952078687,15.926116543718189,0.0,0.0,0.0,0.0,285,0.04254837221872581
18.525190141247784,15.78029393263567,18.868302167324295,15.971864813861725,0.0,0.0,0.0,0.0,284,0.04416570800481773
17.93618116314977,15.797449533939496,19.42585920969863,15.943272145022014,0.0,0.0,0.0,0.0,283,0.04416570800481773
17.12986790186996,15.877509006690683,18.6910276205181,16.08337622233659,0.0,0.0,0.0,0.0,284,0.04242396177364182
16.729570538114025,15.877509006690683,17.40721678961514,16.106250357408356,0.0,0.0,0.0,0.0,285,0.039562521536709964
16.9783267570195,15.98902041516555,16.426488248413104,16.194887630811458,0.0,0.0,0.0,0.0,285,0.036825491744862104
18.15348544633156,15.96042774632584,16.749585406301822,16.160576428203807,0.0,0.0,0.0,0.0,284,0.03583020818419016
19.165665923257276,16.000457482701435,17.264253445416593,16.229198833419108,0.0,0.0,0.0,0.0,284,0.037945185750618046
19.505918682449817,15.994738948933492,18.682449819866186,16.20632469834734,0.0,0.0,0.0,0.0,285,0.042672782663809805
18.99982844398696,16.071939154800706,20.07491279236004,16.274947103562646,0.0,0.0,0.0,0.0,285,0.04628068557124562
17.8246697546749,16.094813289872473,20.252187339166234,16.303539772402356,0.0,0.0,0.0,0.0,286,0.04565863334582565
16.70669640304226,16.151998627551894,18.896894836164005,16.392177045805454,0.0,0.0,0.0,0.0,285,0.04254837221872581
16.28638417109853,16.151998627551894,17.401498255847198,16.40933264710928,0.0,0.0,0.0,0.0,289,0.03844282753095402
16.858237547892717,16.2006061645794,16.755303940069766,16.455080917252815,0.0,0.0,0.0,0.0,288,0.03607902907435814
18.16778178075141,16.303539772402356,16.921141419340078,16.426488248413104,0.0,0.0,0.0,0.0,287,0.03533256640385418
19.45159261165437,16.323554640590153,17.289986847372333,16.509406988048262,0.0,0.0,0.0,0.0,286,0.03620343951944213
20.37513581517699,16.303539772402356,18.399382398353058,16.520844055584146,0.0,0.0,0.0,0.0,282,0.03931370064654198
20.518099159375534,16.340710241893976,19.797563904614854,16.575170126379593,0.0,0.0,0.0,0.0,285,0.04416570800481773
19.671756161720133,16.426488248413104,20.23789100474638,16.537999656887973,0.0,0.0,0.0,0.0,286,0.04702714824174958
18.15348544633156,16.44936238348487,19.448733344770396,16.609481328987247,0.0,0.0,0.0,0.0,287,0.04603186468107763
16.723852004346085,16.403614113341337,17.92188482872991,16.635214730942984,0.0,0.0,0.0,0.0,286,0.042672782663809805
16.841081946588893,16.437925315948988,17.04123062846686,16.70097786927432,0.0,0.0,0.0,0.0,287,0.03943811109162597
17.467261394178532,16.492251386744435,17.472979927946472,16.76674100760565,0.0,0.0,0.0,0.0,285,0.039189290201457984
18.533767941899697,16.569451592611653,18.48801967175616,16.858237547892717,0.0,0.0,0.0,0.0,285,0.04242396177364182
19.30862926745582,16.486532852976495,19.531652084405557,16.778178075141533,0.0,0.0,0.0,0.0,285,0.04603186468107763
20.049179390404298,16.537999656887973,20.23217247097844,16.841081946588893,0.0,0.0,0.0,0.0,286,0.04789802135733754
20.089209126779892,16.635214730942984,19.917653113741633,16.82964487905301,0.0,0.0,0.0,0.0,287,0.048893304918009486
19.325784868759648,16.749585406301822,18.65385715102647,16.94687482129582,0.0,0.0,0.0,0.0,286,0.04839566313767351
18.385086063933205,16.772459541373593,17.321438783096013,16.94687482129582,0.0,0.0,0.0,0.0,286,0.04590745423599364
17.61308400526105,16.778178075141533,17.418653857151025,17.026934294047006,0.0,0.0,0.0,0.0,287,0.04180190954822185
17.361468519471604,16.76102247383771,17.976210899525363,17.026934294047006,0.0,0.0,0.0,0.0,285,0.03831841708587003
17.790358552067246,16.821067078401096,19.134213987533595,17.10413449991422,0.0,0.0,0.0,0.0,285,0.039562521536709964
18.979813575799163,16.86681534854463,20.132098130039456,17.064104763538626,0.0,0.0,0.0,0.0,283,0.045036581120405685
20.189283467718873,16.921141419340078,20.366558014525076,17.109853033682164,0.0,0.0,0.0,0.0,286,0.0505106407041014
20.50380282495568,16.909704351804194,19.505918682449817,17.1355864356379,0.0,0.0,0.0,0.0,285,0.052874439160697284
20.014868187796647,16.909704351804194,17.927603362497855,17.25567564476468,0.0,0.0,0.0,0.0,287,0.05200356604510933
19.165665923257276,16.921141419340078,17.52444673185795,17.28140904672042,0.0,0.0,0.0,0.0,285,0.04951535714342945
18.233544919082746,17.064104763538626,17.956196031337566,17.3814833876594,0.0,0.0,0.0,0.0,286,0.046156275126161626
17.58735060330531,17.121290101218047,18.756790758849426,17.3814833876594,0.0,0.0,0.0,0.0,285,0.04441452889498571
17.756047349459596,17.16131983759364,19.90907531308972,17.387201921427344,0.0,0.0,0.0,0.0,285,0.046653916906497596
18.868302167324295,17.089838165494367,20.526676960027448,17.34717218505175,0.0,0.0,0.0,0.0,285,0.051381513819689355
20.260765139818147,17.19849030708526,20.360839480757132,17.401498255847198,0.0,0.0,0.0,0.0,286,0.0562335211779651
20.8068851146566,17.224223709041002,19.285755132384054,17.43866872533882,0.0,0.0,0.0,0.0,286,0.05797526740914102
20.62103276719849,17.295705381140273,17.899010693658145,17.513009664322066,0.0,0.0,0.0,0.0,286,0.05586028984271313
19.977697718305027,17.244238577228796,18.053411105392577,17.513009664322066,0.0,0.0,0.0,0.0,285,0.05150592426477336
19.022702579058727,17.24995711099674,18.699605421170013,17.5787728026534,0.0,0.0,0.0,0.0,284,0.047649200467169556
18.21067078401098,17.244238577228796,19.849030708526332,17.67312860982444,0.0,0.0,0.0,0.0,283,0.048146842247505525
17.83038828844284,17.31572024932807,20.643906902270256,17.627380339680904,0.0,0.0,0.0,0.0,283,0.05200356604510933
18.347915594441584,17.361468519471604,20.68965517241379,17.65311374163664,0.0,0.0,0.0,0.0,283,0.05586028984271313
19.614570824040715,17.432950191570878,20.032023789100474,17.6473952078687,0.0,0.0,0.0,0.0,283,0.058348498744393004
20.769714645164978,17.467261394178532,18.959798707611366,17.741751015039743,0.0,0.0,0.0,0.0,282,0.058224088299309
21.41019042717447,17.49299479613427,18.053411105392577,17.781780751415337,0.0,0.0,0.0,0.0,282,0.05598470028779712
21.152856407617087,17.51872819809001,18.533767941899697,17.810373420255043,0.0,0.0,0.0,0.0,281,0.0523767973803613
20.18070566706696,17.538743066277807,19.677474695488076,17.810373420255043,0.0,0.0,0.0,0.0,281,0.04951535714342945
18.99982844398696,17.558757934465604,20.792588780236745,17.816091954022987,0.0,0.0,0.0,0.0,280,0.05026181981393341
18.239263452850686,17.567335735117513,21.044204266026192,17.838966089094754,0.0,0.0,0.0,0.0,279,0.05399413316645322
18.139189111911705,17.6473952078687,20.56384742951907,17.878995825470348,0.2,0.2,0.0,0.0,279,0.05809967785422501
18.805398295876934,17.658832275404585,19.54594841882541,17.94189969691771,0.5,0.5,0.0,0.0,279,0.059592603195232935
20.11208326185166,17.727454680619886,18.465145536684393,18.03911477097272,0.8,0.8,0.0,0.0,279,0.058224088299309
21.31583462000343,17.68170641047635,18.533767941899697,18.082003774232284,1.2000000000000002,1.2000000000000002,0.0,0.0,278,0.055362648062377146
21.83336192600217,17.77034368387945,19.17424372390919,18.053411105392577,1.6,1.6,0.0,0.0,280,0.05275002871561329
21.41019042717447,17.79607708583519,20.518099159375534,18.090581574884197,2.2,2.2,0.0,0.0,279,0.05200356604510933
20.303654143077715,17.878995825470348,21.387316292102703,18.119174243723908,2.9000000000000004,2.9000000000000004,0.0,0.0,278,0.05312326005086527
18.982672842683133,17.873277291702404,21.190026877108707,18.15348544633156,3.3000000000000003,3.3000000000000003,0.0,0.0,276,0.055362648062377146
18.139189111911705,17.947618230685652,20.166409332647106,18.18207811517127,3.3000000000000003,3.3000000000000003,0.0,0.0,277,0.05785085696405702
18.45084920226454,17.976210899525363,18.813976096528847,18.224967118430833,3.3000000000000003,3.3000000000000003,0.0,0.0,273,0.060090244975568904
19.471607479842163,17.990507233945216,18.61668668153485,18.299308057414077,3.3000000000000003,3.3000000000000003,0.0,0.0,272,0.06108552853624086
20.526676960027448,17.97049236575742,19.12563618688168,18.31360439183393,3.6,3.6,0.0,0.0,272,0.06071229720098888
21.207182478412534,17.93618116314977,20.23789100474638,18.356493395093498,4.1000000000000005,4.1000000000000005,0.0,0.0,272,0.059468192750148946
21.324412420655342,18.013381369016983,21.404471893406527,18.327900726253784,4.1000000000000005,4.1000000000000005,0.0,0.0,271,0.058348498744393004
20.875507519871903,18.053411105392577,21.31583462000343,18.399382398353058,3.9000000000000004,3.9000000000000004,0.0,0.0,270,0.05797526740914102
19.957682850117227,18.15348544633156,20.152112998227253,18.39366386458512,3.7,3.7,0.0,0.0,269,0.058348498744393004
19.03128037971064,18.196374449591122,18.713901755589866,18.525190141247784,3.4000000000000004,3.4000000000000004,0.0,0.0,266,0.05859731963456099
18.87402070109224,18.2478412535026,19.03128037971064,18.533767941899697,3.2,3.2,0.0,0.0,189,0.05797526740914102
19.460170412306283,18.21924858466289,19.614570824040715,18.525190141247784,2.9000000000000004,2.9000000000000004,0.0,0.0,199,0.05797526740914102
20.18070566706696,18.2478412535026,20.33796534568536,18.539486475667637,3.1,3.1,0.0,0.0,195,0.059468192750148946
20.638188368502316,18.267856121690397,20.763996111397038,18.556642076971464,3.7,3.7,0.0,0.0,197,0.06170758076166082
20.51238062560759,18.299308057414077,20.409447017784636,18.556642076971464,3.5,3.5,0.0,0.0,198,0.06282727476741677
20.006290387144734,18.319322925601877,19.33436266941156,18.608108880882938,3.4000000000000004,3.4000000000000004,0.0,0.0,196,0.06195640165182881
19.30862926745582,18.31360439183393,18.805398295876934,18.779664893921197,3.3000000000000003,3.3000000000000003,0.0,0.0,197,0.059592603195232935
18.779664893921197,18.42225653342483,19.214273460284783,18.805398295876934,2.8000000000000003,2.8000000000000003,0.0,0.0,197,0.056109110732881114
18.736775890661633,18.379367530165265,19.374392405787155,18.81969463029679,2.5,2.5,0.0,0.0,197,0.05349649138611724
19.06273231543432,18.48230113798822,19.44587407788643,18.782524160805167,2.4000000000000004,2.4000000000000004,0.0,0.0,195,0.05349649138611724
19.523074283753644,18.436552867844682,19.285755132384054,18.79110196145708,2.3000000000000003,1.9000000000000001,0.0,0.0,194,0.05573587939762913
19.76039343512323,18.533767941899697,19.282895865500084,18.85114656602047,2.1,1.5,0.0,0.0,186,0.05785085696405702
19.51449648310173,18.562360610739404,19.348659003831415,18.916909704351802,2.0,1.2000000000000002,0.0,0.0,182,0.05797526740914102
18.922628238119746,18.62240521530279,19.27717733173214,19.022702579058727,1.5,1.0,0.0,0.0,182,0.05660675251321709
18.682449819866186,18.630983015954705,19.214273460284783,19.0055469777549,1.2000000000000002,0.8,0.0,0.0,178,0.053620901831201245
18.72247955624178,18.593812546463084,19.188540058329043,19.06273231543432,0.9,0.7000000000000001,0.0,0.0,175,0.04976417803359744
18.891176302396065,18.61668668153485,19.17424372390919,19.054154514782407,0.8,0.6000000000000001,0.0,0.0,175,0.04652950646141361
19.06845084920226,18.593812546463084,19.194258592096983,19.102762051809915,0.7000000000000001,0.5,0.0,0.0,178,0.04478776023023769
19.054154514782407,18.576656945159257,19.219991994052723,19.11705838622977,0.7000000000000001,0.5,0.0,0.0,179,0.04441452889498571
18.951220906959453,18.630983015954705,19.219991994052723,19.094184251158,0.7000000000000001,0.5,0.0,0.0,182,0.04441452889498571
18.85114656602047,18.745353691313547,19.219991994052723,19.20569565963287,0.7000000000000001,0.5,0.0,0.0,182,0.04441452889498571
18.842568765368558,18.79682049522502,19.27717733173214,19.20569565963287,0.6000000000000001,0.5,0.0,0.0,183,0.04416570800481773
18.9369245725396,18.745353691313547,19.30005146680391,19.134213987533595,0.6000000000000001,0.5,0.0,0.0,186,0.04317042444414578
19.016984045290787,18.768227826385314,19.27717733173214,19.10562131869389,0.6000000000000001,0.5,0.0,0.0,187,0.04117985732280188
19.06273231543432,18.736775890661633,19.245725396008464,19.085606450506088,0.6000000000000001,0.4,0.0,0.0,192,0.038816058866206
19.045576714130494,18.82255389718076,19.317207068107734,19.188540058329043,0.6000000000000001,0.4,0.0,0.0,196,0.036825491744862104
19.06273231543432,18.79682049522502,19.288614399268027,19.199977125864926,0.5,0.4,0.0,0.0,196,0.03607902907435814
19.162806656373302,18.768227826385314,19.35723680448333,19.27717733173214,0.5,0.4,0.0,0.0,198,0.036701081299778116
19.27717733173214,18.842568765368558,19.348659003831415,19.188540058329043,0.5,0.4,0.0,0.0,203,0.03769636486045006
19.285755132384054,18.805398295876934,19.405844341510836,19.17424372390919,0.5,0.4,0.0,0.0,206,0.03819400664078604
19.30291073368788,18.914050437467832,19.448733344770396,19.219991994052723,0.5,0.4,0.0,0.0,213,0.03819400664078604
19.348659003831415,18.94264310630754,19.505918682449817,19.245725396008464,0.5,0.4,0.0,0.0,216,0.03819400664078604
19.39440727397495,19.03699891347858,19.554526219477324,19.322925601875678,0.5,0.30000000000000004,0.0,0.0,214,0.03819400664078604
19.440155544118486,19.014124778406813,19.525933550637617,19.26859953108023,0.4,0.30000000000000004,0.0,0.0,214,0.03819400664078604
19.480185280494076,19.054154514782407,19.537370618173497,19.27717733173214,0.4,0.30000000000000004,0.0,0.0,214,0.03819400664078604
19.51449648310173,19.048435981014467,19.511637216217757,19.297192199919937,0.4,0.30000000000000004,0.0,0.0,218,0.03819400664078604
19.531652084405557,19.045576714130494,19.57168182078115,19.365814605135242,0.4,0.30000000000000004,0.0,0.0,218,0.03831841708587003
19.585978155201005,19.12563618688168,19.511637216217757,19.44587407788643,0.4,0.30000000000000004,0.0,0.0,219,0.038816058866206
19.620289357808655,19.12277691999771,19.57168182078115,19.422999942814663,0.4,0.30000000000000004,0.0,0.0,222,0.039562521536709964
19.617430090924685,19.102762051809915,19.59741522273689,19.505918682449817,0.4,0.30000000000000004,0.0,0.0,225,0.04018457376212993
19.68605249613999,19.108480585577855,19.706067364327783,19.45159261165437,0.4,0.30000000000000004,0.0,0.0,229,0.040682215542465906
19.731800766283524,19.197117858980956,19.72036369874764,19.48876308114599,0.30000000000000004,0.30000000000000004,0.0,0.0,228,0.04130426776788588
19.771830502659117,19.27717733173214,19.731800766283524,19.557385486361298,0.30000000000000004,0.2,0.0,0.0,230,0.04217514088347383
19.731800766283524,19.254303196660373,19.69177102990793,19.497340881797903,0.30000000000000004,0.2,0.0,0.0,235,0.0429216035539778
19.637444959112482,19.288614399268027,19.680333962372046,19.565963287013208,0.30000000000000004,0.2,0.0,0.0,237,0.04329483488922977
19.58883742208498,19.260021730428317,19.677474695488076,19.531652084405557,0.30000000000000004,0.2,0.0,0.0,241,0.04329483488922977
19.57740035454909,19.254303196660373,19.671756161720133,19.591696688968945,0.30000000000000004,0.2,0.0,0.0,243,0.04329483488922977
19.637444959112482,19.2714587979642,19.671756161720133,19.66317836106822,0.30000000000000004,0.2,0.0,0.0,247,0.04329483488922977
19.731800766283524,19.260021730428317,19.72036369874764,19.68605249613999,0.30000000000000004,0.2,0.0,0.0,253,0.04329483488922977
19.671756161720133,19.30862926745582,19.68891176302396,19.637444959112482,0.30000000000000004,0.2,0.0,0.0,256,0.04329483488922977
19.617430090924685,19.30862926745582,19.766111968891174,19.651741293532336,0.30000000000000004,0.2,0.0,0.0,264,0.04329483488922977
19.66317836106822,19.35723680448333,19.831875107222505,19.671756161720133,0.2,0.2,0.0,0.0,267,0.04329483488922977
19.771830502659117,19.380110939555095,19.957682850117227,19.69177102990793,0.2,0.2,0.0,0.0,199,0.04329483488922977
19.78040830331103,19.405844341510836,19.869045576714125,19.697489563675873,0.2,0.2,0.0,0.0,199,0.04329483488922977
19.757534168239264,19.463029679190257,19.84045290787442,19.72322296563161,0.2,0.2,0.0,0.0,203,0.04329483488922977
19.78040830331103,19.42585920969863,19.826156573454565,19.706067364327783,0.2,0.2,0.0,0.0,211,0.04329483488922977
19.86618630983016,19.463029679190257,19.951964316349287,19.757534168239264,0.2,0.2,0.0,0.0,209,0.04329483488922977
19.99199405272488,19.44587407788643,20.006290387144734,19.814719505918678,0.2,0.2,0.0,0.0,220,0.043419245334313766
20.11208326185166,19.440155544118486,20.034883055984444,19.82329730657059,0.2,0.1,0.0,0.0,225,0.043916887114649736
20.10922399496769,19.517355749985704,20.000571853376794,19.894778978669866,0.2,0.1,0.0,0.0,232,0.04441452889498571
20.020586721564587,19.48876308114599,20.049179390404298,19.86046777606222,0.2,0.1,0.0,0.0,236,0.04453893934006971
20.02630525533253,19.585978155201005,20.097786927431805,19.90907531308972,0.2,0.1,0.0,0.0,241,0.04453893934006971
20.089209126779892,19.605993023388802,20.209298335906674,19.917653113741633,0.2,0.1,0.0,0.0,241,0.044912170675321696
20.277920741121974,19.671756161720133,20.163550065763136,19.943386515697373,0.2,0.1,0.0,0.0,250,0.04578304379090964
20.50380282495568,19.714645164979697,20.166409332647106,19.943386515697373,0.2,0.1,0.0,0.0,98,0.04727596913191757
20.72682564190541,19.69177102990793,20.23789100474638,19.937667981929433,0.2,0.1,0.0,0.0,23,0.048893304918009486
20.82975924972837,19.714645164979697,20.332246811917422,20.020586721564587,0.2,0.1,0.0,0.0,-50,0.0505106407041014
21.027048664722365,19.68605249613999,20.389432149596843,20.126379596271512,0.1,0.1,0.0,0.0,-50,0.05225238693527731
21.112826671241493,19.680333962372046,20.403728484016696,20.132098130039456,0.1,0.1,0.0,0.0,-49,0.05424295405662121
20.906959455595583,19.75181563447132,20.423743352204493,20.11208326185166,0.1,0.1,0.0,0.0,-48,0.05598470028779712
20.666781037342023,19.706067364327783,20.47521015611597,20.08349059301195,0.1,0.1,0.0,0.0,-47,0.056855573403385075
20.555269628867155,19.794704637730884,20.498084291187737,20.17498713329902,0.1,0.1,0.0,0.0,138,0.057228804738637055
20.495225024303767,19.849030708526332,20.518099159375534,20.266483673586087,0.1,0.1,0.0,0.0,194,0.05785085696405702
20.455195287928174,19.917653113741633,20.50380282495568,20.223594670326527,0.1,0.1,0.0,0.0,234,0.058846140524728974
20.489506490535824,19.90335677932178,20.526676960027448,20.209298335906674,0.1,0.1,0.0,0.0,306,0.059592603195232935
20.65820323669011,19.889060444901926,20.555269628867155,20.215016869674614,0.1,0.1,0.0,0.0,292,0.06033906586573689
20.921255790015437,19.90907531308972,20.586721564590835,20.260765139818147,0.1,0.1,0.0,0.0,295,0.06096111809115686
21.152856407617087,19.894778978669866,20.62103276719849,20.389432149596843,0.1,0.1,0.0,0.0,293,0.06145875987149284
21.152856407617087,19.900497512437813,20.65248470292217,20.41802481843655,0.1,0.1,0.0,0.0,298,0.06145875987149284
20.89838165494367,19.951964316349287,20.718247841253504,20.38085434894493,0.1,0.1,0.0,0.0,302,0.06083670764607287
20.518099159375534,19.92337164750958,20.755418310745124,20.395150683364783,0.1,0.1,0.0,0.0,326,0.05971701364031693
20.34940241322125,19.943386515697373,20.824040715960425,20.38085434894493,0.1,0.1,0.0,0.0,352,0.05872173007964498
20.61531423343055,20.020586721564587,20.846914851032192,20.518099159375534,0.1,0.1,0.0,0.0,357,0.058846140524728974
20.89838165494367,20.089209126779892,20.8068851146566,20.498084291187737,0.1,0.1,0.0,0.0,359,0.059468192750148946
21.075656201749872,20.117801795619602,20.82975924972837,20.50380282495568,0.1,0.1,0.0,0.0,361,0.05984142408540092
21.09853033682164,20.08349059301195,20.8068851146566,20.498084291187737,0.1,0.1,0.0,0.0,361,0.05971701364031693
21.052782066678102,20.103505461199745,20.875507519871903,20.56384742951907,0.1,0.1,0.0,0.0,363,0.05971701364031693
20.967004060158974,20.117801795619602,20.952707725739117,20.68965517241379,0.1,0.1,0.0,0.0,364,0.05971701364031693
20.8068851146566,20.14353519757534,21.004174529650598,20.672499571109963,0.1,0.1,0.0,0.0,333,0.059592603195232935
20.80116658088866,20.223594670326527,21.03562646537428,20.69537370618173,0.1,0.0,0.0,0.0,364,0.059468192750148946
21.012752330302508,20.160690798879166,21.052782066678102,20.718247841253504,0.1,0.0,0.0,0.0,364,0.05934378230506495
21.244352947904154,20.23217247097844,21.081374735517812,20.755418310745124,0.1,0.0,0.0,0.0,331,0.05934378230506495
21.26150854920798,20.2950763424258,21.112826671241493,20.74112197632527,0.1,0.0,0.0,0.0,364,0.05934378230506495
21.121404471893406,20.33796534568536,21.09853033682164,20.755418310745124,0.1,0.0,0.0,0.0,364,0.05897055096981296
20.95842625950706,20.37513581517699,21.121404471893406,20.74112197632527,0.1,0.0,0.0,0.0,366,0.058348498744393004
21.012752330302508,20.360839480757132,21.112826671241493,20.82975924972837,0.1,0.0,0.0,0.0,332,0.05797526740914102
21.301538285583575,20.389432149596843,21.158574941385027,20.935552124435294,0.1,0.0,0.0,0.0,364,0.05809967785422501
21.435923829130207,20.403728484016696,21.2300566134843,20.981300394578827,0.1,0.0,0.0,0.0,366,0.05809967785422501
21.275804883627835,20.432321152856407,21.270086349859895,20.935552124435294,0.0,0.0,0.0,0.0,334,0.05785085696405702
21.238634414136214,20.41230628466861,21.31583462000343,20.884085320523816,0.0,0.0,0.0,0.0,353,0.057353215183721044
21.34728655572711,20.409447017784636,21.395894092754613,20.921255790015437,0.0,0.0,0.0,0.0,351,0.057228804738637055
21.4759535655058,20.489506490535824,21.404471893406527,21.03562646537428,0.0,0.0,0.0,0.0,320,0.05747762562880505
21.50740550122948,20.61531423343055,21.37873849145079,21.027048664722365,0.0,0.0,0.0,0.0,352,0.05747762562880505
21.547435237605075,20.606736432778636,21.364442157030936,21.012752330302508,0.0,0.0,0.0,0.0,353,0.057353215183721044
21.604620575284496,20.62103276719849,21.395894092754613,21.004174529650598,0.0,0.0,0.0,0.0,351,0.057228804738637055
21.67610224738377,20.59244009835878,21.45022016355006,21.075656201749872,0.0,0.0,0.0,0.0,318,0.057228804738637055
21.61891690970435,20.62103276719849,21.48167209927374,21.19860467776062,0.0,0.0,0.0,0.0,350,0.057228804738637055
21.44450162978212,20.68965517241379,21.53027963630125,21.175730542688854,0.0,0.0,0.0,0.0,350,0.056731162958301086
21.404471893406527,20.666781037342023,21.570309372676842,21.16715274203694,0.0,0.0,0.0,0.0,319,0.05598470028779712
21.570309372676842,20.65248470292217,21.627494710356263,21.207182478412534,0.0,0.0,0.0,0.0,353,0.05548705850746115
21.661805912963914,20.718247841253504,21.64465031166009,21.207182478412534,0.0,0.0,0.0,0.0,354,0.05548705850746115
21.578887173328756,20.792588780236745,21.564590838908902,21.207182478412534,0.0,0.0,0.0,0.0,323,0.05511382717220916
21.48167209927374,20.875507519871903,21.538857436953162,21.275804883627835,0.0,0.0,0.0,0.0,358,0.05424295405662121
21.48167209927374,20.852633384800136,21.570309372676842,21.238634414136214,0.0,0.0,0.0,0.0,355,0.05299884960578127
21.564590838908902,20.852633384800136,21.604620575284496,21.31583462000343,0.0,0.0,0.0,0.0,359,0.052127976490193316
21.61891690970435,20.89838165494367,21.636072511008177,21.404471893406527,0.0,0.0,0.0,0.0,322,0.05150592426477336
21.515983301881395,20.912677989363527,21.627494710356263,21.404471893406527,0.0,0.0,0.0,0.0,357,0.0506350511491854
21.498827700577568,20.906959455595583,21.68468004803568,21.370160690798876,0.0,0.0,0.0,0.0,360,0.04951535714342945
21.653228112312004,20.95842625950706,21.7418653857151,21.44450162978212,0.0,0.0,0.0,0.0,323,0.048644484027841495
21.841939726654083,20.912677989363527,21.784754388974665,21.435923829130207,0.0,0.0,0.0,0.0,362,0.0485200735827575
21.824784125350256,20.981300394578827,21.724709784411274,21.458797964201974,0.0,0.0,0.0,0.0,362,0.0485200735827575
21.564590838908902,21.121404471893406,21.693257848687594,21.467375764853887,0.0,0.0,0.0,0.0,325,0.04777361091225354
21.578887173328756,21.112826671241493,21.750443186367015,21.4759535655058,0.0,0.0,0.0,0.0,362,0.0467783273515816
21.899125064333504,21.112826671241493,21.76759878767084,21.52456110253331,0.0,0.0,0.0,0.0,361,0.046156275126161626
22.150740550122947,21.081374735517812,21.850517527305996,21.570309372676842,0.0,0.0,0.0,0.0,361,0.04628068557124562
21.999199405272485,21.10424887058958,21.86481386172585,21.61891690970435,0.0,0.0,0.0,0.0,362,0.04628068557124562
21.733287585063188,21.16715274203694,21.907702864985417,21.627494710356263,0.0,0.0,0.0,0.0,362,0.045534222900741654
21.661805912963914,21.144278606965173,21.907702864985417,21.604620575284496,0.0,0.0,0.0,0.0,360,0.04453893934006971
21.841939726654083,21.152856407617087,21.973466003316748,21.636072511008177,0.0,0.0,0.0,0.0,321,0.04453893934006971
22.024932807228225,21.238634414136214,21.950591868244977,21.71041344999142,0.0,0.0,0.0,0.0,360,0.045036581120405685
21.973466003316748,21.324412420655342,21.924858466289244,21.64465031166009,0.0,0.0,0.0,0.0,363,0.045036581120405685
21.824784125350256,21.37873849145079,21.924858466289244,21.667524446731857,0.0,0.0,0.0,0.0,323,0.04416570800481773
21.973466003316748,21.387316292102703,21.933436266941158,21.733287585063188,0.0,0.0,0.0,0.0,361,0.04317042444414578
22.185051752730597,21.355864356379023,21.999199405272485,21.79047292274261,0.0,0.0,0.0,0.0,361,0.04329483488922977
21.999199405272485,21.364442157030936,22.059244009835876,21.83336192600217,0.0,0.0,0.0,0.0,322,0.043419245334313766
21.83336192600217,21.45022016355006,22.084977411791613,21.841939726654083,0.0,0.0,0.0,0.0,361,0.042797193108893794
21.99062160462057,21.418768227826384,22.084977411791613,21.79047292274261,0.0,0.0,0.0,0.0,361,0.04217514088347383
22.084977411791613,21.427346028478294,22.125007148167207,21.776176588322752,0.0,0.0,0.0,0.0,362,0.04217514088347383
22.142162749471034,21.427346028478294,22.110710813747353,21.91628066563733,0.0,0.0,0.0,0.0,322,0.04254837221872581
22.076399611139703,21.52456110253331,22.13358494881912,21.89054726368159,0.0,0.0,0.0,0.0,361,0.04242396177364182
21.99062160462057,21.61891690970435,22.110710813747353,21.91628066563733,0.0,0.0,0.0,0.0,361,0.04180190954822185
22.142162749471034,21.578887173328756,22.125007148167207,21.89054726368159,0.0,0.0,0.0,0.0,322,0.04142867821296987
22.322296563161206,21.61891690970435,22.185051752730597,21.964888202664838,0.0,0.0,0.0,0.0,361,0.04167749910313785
22.4109338365643,21.64465031166009,22.245096357293985,22.024932807228225,0.0,0.0,0.0,0.0,361,0.042299551328557825
22.33087436381312,21.578887173328756,22.313718762509293,22.076399611139703,0.0,0.0,0.0,0.0,321,0.042299551328557825
22.287985360553552,21.596042774632583,22.30514096185738,22.042088408532052,0.0,0.0,0.0,0.0,357,0.04217514088347383
22.46240064047578,21.653228112312004,22.34802996511694,21.999199405272485,0.0,0.0,0.0,0.0,357,0.042299551328557825
22.70257905872934,21.661805912963914,22.359467032652827,22.093555212443526,0.0,0.0,0.0,0.0,318,0.04317042444414578
22.774060730828616,21.724709784411274,22.33087436381312,22.076399611139703,0.0,0.0,0.0,0.0,365,0.04429011844990172
22.63967518728198,21.841939726654083,22.313718762509293,22.10213301309544,0.0,0.0,0.0,0.0,365,0.04453893934006971
22.542460113226966,21.784754388974665,22.33087436381312,22.076399611139703,0.0,0.0,0.0,0.0,365,0.04404129755973374
22.774060730828616,21.79905072339452,22.43666723852004,22.15931835077486,0.0,0.0,0.0,0.0,365,0.04404129755973374
22.928461142563044,21.807628524046432,22.505289643735345,22.176473952078684,0.0,0.0,0.0,0.0,365,0.0446633497851537
22.836964602275977,21.776176588322752,22.525304511923142,22.236518556642075,0.0,0.0,0.0,0.0,365,0.045036581120405685
22.602504717790357,21.79047292274261,22.533882312575052,22.185051752730597,0.0,0.0,0.0,0.0,330,0.04453893934006971
22.48813404243152,21.89054726368159,22.593926917138443,22.185051752730597,0.0,0.0,0.0,0.0,364,0.04366806622448175
22.479556241779605,21.89054726368159,22.57677131583462,22.30514096185738,0.0,0.0,0.0,0.0,364,0.043419245334313766
22.479556241779605,21.933436266941158,22.58534911648653,22.262251958597812,0.0,0.0,0.0,0.0,330,0.04354365577939776
22.46240064047578,22.06782181048779,22.57677131583462,22.296563161205466,0.0,0.0,0.0,0.0,365,0.043419245334313766
22.711156859381255,22.042088408532052,22.542460113226966,22.359467032652827,0.0,0.0,0.0,0.0,365,0.04329483488922977
22.899868473723334,22.059244009835876,22.611082518442267,22.393778235260477,0.0,0.0,0.0,0.0,331,0.043419245334313766
22.71973466003317,22.06782181048779,22.711156859381255,22.46240064047578,0.0,0.0,0.0,0.0,366,0.043419245334313766
22.505289643735345,22.024932807228225,22.728312460685075,22.48813404243152,0.0,0.0,0.0,0.0,366,0.04317042444414578
22.58534911648653,22.06782181048779,22.745468061988902,22.445245039171954,0.0,0.0,0.0,0.0,331,0.04317042444414578
22.774060730828616,22.150740550122947,22.745468061988902,22.496711843083432,0.0,0.0,0.0,0.0,365,0.04329483488922977
22.828386801624063,22.084977411791613,22.73689026133699,22.568193515182706,0.0,0.0,0.0,0.0,364,0.043419245334313766
22.816949734088176,22.093555212443526,22.774060730828616,22.51672671127123,0.0,0.0,0.0,0.0,330,0.043419245334313766
22.95419454451878,22.19362955338251,22.816949734088176,22.479556241779605,0.0,0.0,0.0,0.0,363,0.04366806622448175
23.251558300451762,22.176473952078684,22.816949734088176,22.559615714530793,0.0,0.0,0.0,0.0,363,0.04453893934006971
23.351632641390744,22.210785154686338,22.8541202035798,22.665408589237718,0.0,0.0,0.0,0.0,363,0.045409812455657665
23.317321438783093,22.202207354034424,22.908446274375247,22.631097386630067,0.0,0.0,0.0,0.0,362,0.04565863334582565
23.383084577114424,22.19362955338251,22.982787213358492,22.602504717790357,0.0,0.0,0.0,0.0,361,0.04578304379090964
23.594670326528274,22.22794075599016,23.045691084805856,22.63967518728198,0.0,0.0,0.0,0.0,361,0.04628068557124562
23.837708011665807,22.296563161205466,22.99994281466232,22.673986389889627,0.0,0.0,0.0,0.0,360,0.04715155868683357
24.05787156173157,22.27940755990164,22.937038943214958,22.665408589237718,0.0,0.0,0.0,0.0,363,0.04802243180242153
24.26945731114542,22.313718762509293,22.899868473723334,22.694001258077428,0.0,0.0,0.0,0.0,363,0.04839566313767351
24.501057928747066,22.419511637216214,22.962772345170695,22.611082518442267,0.0,0.0,0.0,0.0,362,0.04839566313767351
24.71264367816092,22.385200434608567,22.982787213358492,22.673986389889627,0.0,0.0,0.0,0.0,362,0.04839566313767351
24.81843655286784,22.428089437868127,23.02853548350203,22.862698004231714,0.0,0.0,0.0,0.0,361,0.04839566313767351
24.887058958083145,22.46240064047578,23.057128152341736,22.774060730828616,0.0,0.0,0.0,0.0,361,0.04839566313767351
24.932807228226682,22.393778235260477,23.12860982444101,22.78263853148053,0.0,0.0,0.0,0.0,360,0.04839566313767351
24.952822096414476,22.419511637216214,23.222965631612052,22.745468061988902,0.0,0.0,0.0,0.0,362,0.04839566313767351
24.944244295762562,22.419511637216214,23.21438783096014,22.78263853148053,0.0,0.0,0.0,0.0,362,0.04839566313767351
24.907073826270942,22.428089437868127,23.21438783096014,22.808371933436263,0.0,0.0,0.0,0.0,364,0.048768894472925484
24.84416995482358,22.542460113226966,23.280150969291473,22.862698004231714,0.0,0.0,0.0,0.0,361,0.04926653625326147
24.675473208669292,22.611082518442267,23.391662377766337,22.862698004231714,0.0,0.0,0.0,0.0,363,0.04976417803359744
24.295190713101157,22.63967518728198,23.526047921312973,22.874135071767597,0.0,0.0,0.0,0.0,364,0.0505106407041014
23.8577228798536,22.602504717790357,23.583233258992394,22.99994281466232,0.0,0.0,0.0,0.0,363,0.05150592426477336
23.44884771544576,22.631097386630067,23.680448333047405,23.045691084805856,0.0,0.0,0.0,0.0,361,0.0523767973803613
23.177217361468518,22.68256419054154,23.69188540058329,23.037113284153943,0.0,0.0,0.0,0.0,359,0.05299884960578127
23.297306570595296,22.68256419054154,23.594670326528274,23.057128152341736,0.0,0.0,0.0,0.0,358,0.053372080941033254
23.477440384285465,22.665408589237718,23.48601818493738,23.16578029393263,0.0,0.0,0.0,0.0,363,0.05349649138611724
23.703322468119172,22.71973466003317,23.497455252473266,23.120032023789097,0.0,0.0,0.0,0.0,361,0.053620901831201245
23.8777377480414,22.78263853148053,23.51747012066106,23.157202493280717,0.0,0.0,0.0,0.0,360,0.053620901831201245
23.6118259278321,22.845542402927887,23.594670326528274,23.20295076342426,0.0,0.0,0.0,0.0,359,0.053620901831201245
23.345914107622804,22.899868473723334,23.583233258992394,23.26585463487162,0.0,0.0,0.0,0.0,359,0.05349649138611724
23.3659289758106,22.8541202035798,23.603248127180187,23.317321438783093,0.0,0.0,0.0,0.0,359,0.05349649138611724
23.526047921312973,22.816949734088176,23.709041001887115,23.317321438783093,0.0,0.0,0.0,0.0,363,0.05349649138611724
23.660433464859608,22.862698004231714,23.709041001887115,23.317321438783093,0.0,0.0,0.0,0.0,362,0.053372080941033254
23.720478069423,22.874135071767597,23.680448333047405,23.325899239435007,0.0,0.0,0.0,0.0,362,0.05275002871561329
23.843426545433747,22.816949734088176,23.67187053239549,23.325899239435007,0.0,0.0,0.0,0.0,360,0.05187915560002533
24.077886429919367,22.899868473723334,23.69188540058329,23.36306970892663,0.0,0.0,0.0,0.0,360,0.051630334709857346
24.11791616629496,23.00852061531423,23.809115342826097,23.325899239435007,0.0,0.0,0.0,0.0,359,0.051630334709857346
23.92634528506891,22.99994281466232,23.84628581231772,23.391662377766337,0.0,0.0,0.0,0.0,359,0.05175474515494134
23.720478069423,22.99994281466232,23.897752616229194,23.546062789500773,0.0,0.0,0.0,0.0,359,0.051630334709857346
23.866300680505514,23.045691084805856,23.917767484416995,23.526047921312973,0.0,0.0,0.0,0.0,360,0.052127976490193316
24.086464230571277,23.02853548350203,23.997826957168183,23.497455252473266,0.0,0.0,0.0,0.0,358,0.05299884960578127
24.100760564991134,23.02853548350203,23.966375021444502,23.468862583633552,0.0,0.0,0.0,0.0,358,0.053745312276285234
24.046434494195687,23.10287642248527,23.917767484416995,23.5432035226168,0.0,0.0,0.0,0.0,360,0.05386972272136923
24.197975639046145,23.057128152341736,23.92634528506891,23.534625721964886,0.0,0.0,0.0,0.0,358,0.053745312276285234
24.380968719620284,23.120032023789097,24.017841825355976,23.546062789500773,0.0,0.0,0.0,0.0,358,0.054118543611537215
24.389546520272198,23.20295076342426,24.066449362383484,23.594670326528274,0.0,0.0,0.0,0.0,360,0.054865006282041176
24.258020243609536,23.231543432263965,24.097901298107164,23.64327786355578,0.0,0.0,0.0,0.0,358,0.05523823761729316
24.183679304626292,23.194372962772345,24.14936810201864,23.654714931091668,0.0,0.0,0.0,0.0,361,0.05511382717220916
24.17796077085835,23.140046891976898,24.30948704752101,23.594670326528274,0.0,0.0,0.0,0.0,359,0.05511382717220916
24.286612912449243,23.14862469262881,24.320924115056897,23.680448333047405,0.0,0.0,0.0,0.0,359,0.05523823761729316
24.380968719620284,23.14862469262881,24.217990507233942,23.651855664207694,0.0,0.0,0.0,0.0,360,0.05523823761729316
24.50963572939898,23.177217361468518,24.15794590267055,23.67187053239549,0.0,0.0,0.0,0.0,359,0.05523823761729316
24.738377080116653,23.297306570595296,24.226568307885856,23.69188540058329,0.0,0.0,0.0,0.0,358,0.05523823761729316
24.78126608337622,23.268713901755586,24.34093898324469,23.700463201235202,0.0,0.0,0.0,0.0,361,0.05511382717220916
24.738377080116653,23.33447704008692,24.37239091896837,23.743352204494766,0.0,0.0,0.0,0.0,361,0.05511382717220916
24.675473208669292,23.351632641390744,24.37239091896837,23.829130211013894,0.0,0.0,0.0,0.0,362,0.054865006282041176
24.63258420540973,23.403099445302225,24.423857722879852,23.866300680505514,0.0,0.0,0.0,0.0,361,0.0544917749467892
24.56968033396237,23.374506776462514,24.463887459255446,23.809115342826097,0.0,0.0,0.0,0.0,340,0.05399413316645322
24.47532452679133,23.345914107622804,24.44101332418368,23.809115342826097,0.0,0.0,0.0,0.0,360,0.053372080941033254
24.558243266426487,23.374506776462514,24.44101332418368,23.809115342826097,0.0,0.0,0.0,0.0,361,0.05275002871561329
24.738377080116653,23.354491908274717,24.403842854692055,23.88345628180934,0.0,0.0,0.0,0.0,337,0.05225238693527731
24.801280951564014,23.44884771544576,24.501057928747066,23.8777377480414,0.0,0.0,0.0,0.0,360,0.05225238693527731
24.78126608337622,23.54892205638474,24.60113226968605,23.93778235260479,0.0,0.0,0.0,0.0,361,0.05225238693527731
24.706925144392972,23.583233258992394,24.615428604105904,24.017841825355976,0.0,0.0,0.0,0.0,341,0.052127976490193316
24.704065877509006,23.55464059015268,24.704065877509006,24.006404757820093,0.0,0.0,0.0,0.0,360,0.05200356604510933
24.721221478812833,23.526047921312973,24.64973980671356,24.017841825355976,0.0,0.0,0.0,0.0,360,0.05200356604510933
24.726940012580773,23.583233258992394,24.63258420540973,24.017841825355976,0.0,0.0,0.0,0.0,338,0.05187915560002533
24.827014353519754,23.566077657688567,24.69262880997312,24.086464230571277,0.0,0.0,0.0,0.0,359,0.05175474515494134
24.98713329902213,23.603248127180187,24.684051009321205,24.023560359123916,0.0,0.0,0.0,0.0,357,0.05150592426477336
24.915651626922855,23.6318407960199,24.652599073597525,24.02641962600789,0.0,0.0,0.0,0.0,337,0.05113269292952137
24.8813404243152,23.68616686681535,24.64973980671356,24.09218276433922,0.0,0.0,0.0,0.0,359,0.0506350511491854
24.92422942757477,23.749070738262706,24.78126608337622,24.20941270658203,0.0,0.0,0.0,0.0,355,0.05026181981393341
24.918510893806825,23.749070738262706,24.852747755475495,24.166523703322465,0.0,0.0,0.0,0.0,338,0.05001299892376543
24.98713329902213,23.7891004746383,24.801280951564014,24.15794590267055,0.0,0.0,0.0,0.0,358,0.05001299892376543
25.007148167209927,23.72905587007491,24.666895408017382,24.17510150397438,0.0,0.0,0.0,0.0,359,0.04951535714342945
25.08720763996111,23.769085606450503,24.64973980671356,24.249442442957623,0.0,0.0,0.0,0.0,337,0.048768894472925484
25.20729684908789,23.769085606450503,24.644021272945615,24.252301709841596,0.0,0.0,0.0,0.0,357,0.04777361091225354
25.215874649739803,23.809115342826097,24.71264367816092,24.249442442957623,0.0,0.0,0.0,0.0,358,0.04690273779666559
25.23303025104363,23.866300680505514,24.78126608337622,24.26945731114542,0.0,0.0,0.0,0.0,358,0.04628068557124562
25.253045119231427,23.93778235260479,24.809858752215927,24.352376050780578,0.0,0.0,0.0,0.0,358,0.04590745423599364
25.26162291988334,23.974952822096416,24.87562189054726,24.37239091896837,0.0,0.0,0.0,0.0,357,0.04590745423599364
25.23303025104363,23.92634528506891,24.944244295762562,24.320924115056897,0.0,0.0,0.0,0.0,357,0.04628068557124562
25.26162291988334,23.93206381883685,24.89849602561903,24.389546520272198,0.0,0.0,0.0,0.0,358,0.0467783273515816
25.38171212901012,23.92634528506891,24.8813404243152,24.41527992222794,0.0,0.0,0.0,0.0,337,0.04702714824174958
25.401726997197915,24.006404757820093,24.835592154171668,24.380968719620284,0.0,0.0,0.0,0.0,357,0.04690273779666559
25.38171212901012,23.974952822096416,24.92994796134271,24.389546520272198,0.0,0.0,0.0,0.0,359,0.0467783273515816
25.373134328358205,24.037856693543773,25.041459369817577,24.37239091896837,0.0,0.0,0.0,0.0,341,0.04690273779666559
25.430319666037626,24.11791616629496,25.124378109452735,24.458168925487502,0.0,0.0,0.0,0.0,361,0.04727596913191757
25.46749013552925,24.146508835134668,25.187281980900096,24.518213530050893,0.0,0.0,0.0,0.0,361,0.04802243180242153
25.456053067993363,24.14936810201864,25.187281980900096,24.486761594327213,0.0,0.0,0.0,0.0,340,0.048893304918009486
25.484645736833073,24.097901298107164,25.17012637959627,24.48390232744324,0.0,0.0,0.0,0.0,359,0.049390946698345456
25.570423743352205,24.12649396694687,25.20729684908789,24.50963572939898,0.0,0.0,0.0,0.0,360,0.04951535714342945
25.484645736833073,24.146508835134668,25.17012637959627,24.589695202150168,0.0,0.0,0.0,0.0,339,0.04926653625326147
25.35597872705438,24.183679304626292,25.224452450391716,24.589695202150168,0.0,0.0,0.0,0.0,359,0.048768894472925484
25.318808257562758,24.20941270658203,25.401726997197915,24.558243266426487,0.0,0.0,0.0,0.0,359,0.048271252692589514
25.298793389374964,24.320924115056897,25.56184594270029,24.598273002802078,0.0,0.0,0.0,0.0,360,0.048146842247505525
25.335963858866585,24.278035111797333,25.496082804368957,24.704065877509006,0.0,0.0,0.0,0.0,361,0.048271252692589514
25.298793389374964,24.338079716360724,25.215874649739803,24.721221478812833,0.0,0.0,0.0,0.0,361,0.04802243180242153
25.550408875164404,24.30948704752101,25.178704180248182,24.74981414765254,0.0,0.0,0.0,0.0,360,0.04789802135733754
25.656201749871332,24.320924115056897,25.253045119231427,24.71264367816092,0.0,0.0,0.0,0.0,361,0.04740037957700156
25.476067936181163,24.32950191570881,25.281637788071137,24.72979927946474,0.0,0.0,0.0,0.0,341,0.0467783273515816
25.335963858866585,24.346657517012638,25.253045119231427,24.801280951564014,0.0,0.0,0.0,0.0,361,0.046156275126161626
25.41030479784983,24.39240578715617,25.307371190026874,24.801280951564014,0.0,0.0,0.0,0.0,362,0.04578304379090964
25.46749013552925,24.44101332418368,25.373134328358205,24.8813404243152,0.0,0.0,0.0,0.0,345,0.04578304379090964
25.430319666037626,24.449591124835592,25.456053067993363,24.89849602561903,0.0,0.0,0.0,0.0,366,0.04578304379090964
25.27020072053525,24.47532452679133,25.38171212901012,24.89849602561903,0.0,0.0,0.0,0.0,362,0.04528540201057367
25.344541659518498,24.50963572939898,25.344541659518498,24.941385028878592,0.0,0.0,0.0,0.0,341,0.04478776023023769
25.68479441871104,24.492480128095153,25.344541659518498,24.96139989706639,0.0,0.0,0.0,0.0,365,0.0446633497851537
25.770572425230167,24.526791330702807,25.393149196546002,24.944244295762562,0.0,0.0,0.0,0.0,363,0.044912170675321696
25.590438611539998,24.53536913135472,25.430319666037626,24.944244295762562,0.0,0.0,0.0,0.0,342,0.0446633497851537
25.59901641219191,24.60685080345399,25.50466060502087,24.944244295762562,0.0,0.0,0.0,0.0,363,0.04416570800481773
25.750557557042374,24.621147137873844,25.590438611539998,25.007148167209927,0.0,0.0,0.0,0.0,363,0.04416570800481773
25.884943100589005,24.684051009321205,25.607594212843825,25.095785440613025,0.1,0.0,0.0,0.0,366,0.04441452889498571
25.701950020014866,24.684051009321205,25.54183107451249,25.072911305541254,0.30000000000000004,0.30000000000000004,0.0,0.0,363,0.04416570800481773
25.570423743352205,24.74981414765254,25.484645736833073,25.041459369817577,0.6000000000000001,0.6000000000000001,0.0,0.0,345,0.043419245334313766
25.770572425230167,24.675473208669292,25.56184594270029,25.02430376851375,0.9,0.9,0.0,0.0,365,0.042672782663809805
25.884943100589005,24.675473208669292,25.590438611539998,25.08720763996111,1.3,1.3,0.0,0.0,364,0.04254837221872581
25.933550637616513,24.675473208669292,25.61903128037971,25.141533710756562,1.8,1.7000000000000002,0.0,0.0,348,0.042672782663809805
25.916395036312686,24.789843884028134,25.644764682335445,25.141533710756562,2.4000000000000004,2.3000000000000003,0.0,0.0,364,0.042672782663809805
25.933550637616513,24.852747755475495,25.71338708755075,25.198719048435976,3.0,2.9000000000000004,0.0,0.0,364,0.04242396177364182
25.973580373992107,24.889918224967115,25.721964888202663,25.244467318579517,3.6,3.5,0.0,0.0,346,0.042299551328557825
26.082232515583,24.81843655286784,25.636186881683532,25.215874649739803,3.8000000000000003,3.8000000000000003,0.0,0.0,362,0.04217514088347383
26.219477326013607,24.887058958083145,25.607594212843825,25.253045119231427,3.9000000000000004,3.9000000000000004,0.0,0.0,360,0.04217514088347383
26.23091439354949,24.84416995482358,25.59901641219191,25.281637788071137,3.9000000000000004,3.9000000000000004,0.0,0.0,362,0.04205073043838984
26.139417853262422,24.872762623663288,25.656201749871332,25.25876365299937,3.9000000000000004,3.9000000000000004,0.0,0.0,356,0.04142867821296987
26.042202779207408,24.827014353519754,25.761994624578257,25.253045119231427,3.7,3.7,0.0,0.0,351,0.040682215542465906
25.876365299937092,24.941385028878592,25.847772631097385,25.281637788071137,3.6,3.6,0.0,0.0,356,0.040060163317045934
25.644764682335445,24.998570366558013,25.86778749928518,25.364556527706295,3.5,3.5,0.0,0.0,351,0.03968693198179396
25.496082804368957,25.08720763996111,25.86778749928518,25.401726997197915,3.3000000000000003,3.3000000000000003,0.0,0.0,330,0.03894046931129
25.733401955738547,25.05289643735346,25.750557557042374,25.364556527706295,3.1,3.1,0.0,0.0,347,0.03831841708587003
26.0136101103677,25.05289643735346,25.74197975639046,25.373134328358205,3.0,3.0,0.0,0.0,349,0.03806959619570204
25.973580373992107,25.015725967861837,25.761994624578257,25.43889746668954,2.9000000000000004,2.9000000000000004,0.0,0.0,331,0.037571954415366066
25.61903128037971,25.041459369817577,25.790587293417964,25.401726997197915,2.8000000000000003,2.8000000000000003,0.0,0.0,344,0.036452260409610124
25.521816206324697,25.061474238005374,25.819179962257675,25.43889746668954,2.7,2.7,0.0,0.0,347,0.03458610373335022
25.521816206324697,25.124378109452735,25.847772631097385,25.44747526734145,2.7,2.7,0.0,0.0,330,0.0330931783923423
25.61903128037971,25.178704180248182,25.86778749928518,25.607594212843825,2.7,2.7,0.0,0.0,343,0.03222230527675434
25.673357351175156,25.224452450391716,25.819179962257675,25.607594212843825,2.7,2.7,0.0,0.0,342,0.031600253051334376
25.86778749928518,25.17012637959627,25.790587293417964,25.56184594270029,2.7,2.7,0.0,0.0,340,0.031102611270998403
25.973580373992107,25.161548578944355,25.770572425230167,25.56184594270029,2.7,2.7,0.0,0.0,339,0.031102611270998403
25.86778749928518,25.161548578944355,25.819179962257675,25.590438611539998,2.7,2.7,0.0,0.0,319,0.031102611270998403
25.847772631097385,25.178704180248182,25.876365299937092,25.636186881683532,2.7,2.7,0.0,0.0,332,0.031102611270998403
25.876365299937092,25.224452450391716,25.9249728369646,25.607594212843825,2.7,2.7,0.0,0.0,330,0.031102611270998403
26.0136101103677,25.26162291988334,25.98215817464402,25.61903128037971,2.6,2.6,0.0,0.0,314,0.031102611270998403
26.002173042831814,25.335963858866585,25.973580373992107,25.673357351175156,2.6,2.6,0.0,0.0,323,0.031102611270998403
25.944987705152396,25.32738605821467,25.933550637616513,25.693372219362953,2.6,2.6,0.0,0.0,322,0.031102611270998403
26.159432721450216,25.344541659518498,25.953565505804306,25.664779550523246,2.6,2.6,0.0,0.0,310,0.03135143216116639
26.219477326013607,25.307371190026874,25.973580373992107,25.68479441871104,2.6,2.6,0.0,0.0,321,0.03184907394150236
26.070795448047118,25.318808257562758,25.973580373992107,25.68479441871104,2.6,2.6,0.0,0.0,318,0.03222230527675434
25.9935952421799,25.364556527706295,26.033624978555494,25.71338708755075,2.6,2.6,0.0,0.0,316,0.032097894831670346
25.916395036312686,25.373134328358205,26.05078057985932,25.664779550523246,2.6,2.6,0.0,0.0,315,0.03184907394150236
25.98215817464402,25.418882598501742,26.119402985074625,25.733401955738547,2.6,2.6,0.0,0.0,300,0.03197348438658636
26.119402985074625,25.513238405672784,26.090810316234915,25.790587293417964,2.6,2.6,0.0,0.0,315,0.03234671572183834
26.1908846571739,25.50466060502087,26.033624978555494,25.80774289472179,2.6,2.6,0.0,0.0,311,0.03271994705709032
26.19946245782581,25.476067936181163,26.033624978555494,25.790587293417964,2.6,2.6,0.0,0.0,299,0.03259553661200632
26.1022473837708,25.44747526734145,26.033624978555494,25.790587293417964,2.6,2.6,0.0,0.0,307,0.03247112616692233
26.090810316234915,25.456053067993363,26.082232515583,25.80774289472179,2.6,2.6,0.0,0.0,307,0.03247112616692233
26.022187911019614,25.521816206324697,26.150854920798306,25.799165094069878,2.6,2.6,0.0,0.0,293,0.03247112616692233
25.953565505804306,25.50466060502087,26.170869788986103,25.836335563561498,2.6,2.6,0.0,0.0,302,0.03247112616692233
25.973580373992107,25.590438611539998,26.1908846571739,25.933550637616513,2.6,2.6,0.0,0.0,299,0.03247112616692233
26.062217647395208,25.61903128037971,26.139417853262422,25.896380168124892,2.6,2.6,0.0,0.0,299,0.03247112616692233
26.19946245782581,25.636186881683532,26.1022473837708,25.876365299937092,2.6,2.6,0.0,0.0,297,0.03247112616692233
26.210899525361693,25.636186881683532,26.13084005261051,25.884943100589005,2.6,2.6,0.0,0.0,285,0.03247112616692233
26.033624978555494,25.636186881683532,26.150854920798306,25.965002573340193,2.6,2.6,0.0,0.0,297,0.03222230527675434
26.022187911019614,25.62760908103162,26.1908846571739,25.965002573340193,2.4000000000000004,2.4000000000000004,0.0,0.0,295,0.03184907394150236
26.119402985074625,25.636186881683532,26.23091439354949,25.896380168124892,2.3000000000000003,2.3000000000000003,0.0,0.0,285,0.03184907394150236
26.150854920798306,25.636186881683532,26.2595070623892,25.953565505804306,2.2,2.2,0.0,0.0,292,0.03197348438658636
26.13084005261051,25.693372219362953,26.279521930576998,26.070795448047118,2.1,2.1,0.0,0.0,291,0.03197348438658636
26.19946245782581,25.770572425230167,26.23091439354949,26.070795448047118,2.0,2.0,0.0,0.0,278,0.03184907394150236
26.359581403328182,25.733401955738547,26.219477326013607,26.033624978555494,2.0,2.0,0.0,0.0,289,0.03184907394150236
26.33956653514039,25.733401955738547,26.23091439354949,26.082232515583,2.0,2.0,0.0,0.0,285,0.03184907394150236
26.268084863041114,25.701950020014866,26.288099731228908,26.062217647395208,2.0,2.0,0.0,0.0,283,0.03184907394150236
26.288099731228908,25.74197975639046,26.3281294676045,26.070795448047118,2.0,2.0,0.0,0.0,280,0.03184907394150236
26.35100360267627,25.721964888202663,26.359581403328182,26.033624978555494,2.0,2.0,0.0,0.0,272,0.03197348438658636
26.49110767999085,25.770572425230167,26.391033339051862,26.082232515583,2.0,2.0,0.0,0.0,278,0.03222230527675434
26.522559615714528,25.8563504317493,26.359581403328182,26.179447589638013,2.0,2.0,0.0,0.0,277,0.03234671572183834
26.634071024189396,25.86778749928518,26.35100360267627,26.1022473837708,2.0,2.0,0.0,0.0,265,0.03247112616692233
26.777034368387945,25.896380168124892,26.35100360267627,26.110825184422712,2.0,2.0,0.0,0.0,273,0.03259553661200632
26.76845656773603,25.836335563561498,26.3281294676045,26.139417853262422,2.0,2.0,0.0,0.0,275,0.0329687679472583
26.71698976382455,25.827757762909588,26.391033339051862,26.119402985074625,2.0,2.0,0.0,0.0,267,0.0330931783923423
26.788471435923825,25.847772631097385,26.43964087607937,26.13084005261051,2.0,2.0,0.0,0.0,272,0.0330931783923423
26.882827243094866,25.80774289472179,26.479670612454964,26.139417853262422,2.0,2.0,0.0,0.0,272,0.03334199928251028
26.902842111282666,25.884943100589005,26.479670612454964,26.239492194201404,2.0,2.0,0.0,0.0,270,0.03359082017267827
26.89140504374678,25.965002573340193,26.419626007891576,26.23091439354949,2.0,2.0,0.0,0.0,269,0.03359082017267827
26.997197918453708,25.9935952421799,26.43964087607937,26.1908846571739,2.0,2.0,0.0,0.0,264,0.03359082017267827
26.92285697947046,25.933550637616513,26.451077943615257,26.179447589638013,2.0,2.0,0.0,0.0,268,0.03359082017267827
26.70555269628867,25.904957968776806,26.49968548064276,26.23091439354949,2.0,2.0,0.0,0.0,269,0.03334199928251028
26.419626007891576,25.896380168124892,26.551152284554238,26.279521930576998,2.0,2.0,0.0,0.0,261,0.03271994705709032
26.399611139703776,25.953565505804306,26.6140561560016,26.23091439354949,2.0,2.0,0.0,0.0,266,0.03222230527675434
26.43964087607937,25.965002573340193,26.634071024189396,26.308114599416708,2.0,2.0,0.0,0.0,265,0.03197348438658636
26.47109281180305,26.0136101103677,26.571167152742035,26.37101847086407,2.0,2.0,0.0,0.0,265,0.03197348438658636
26.634071024189396,26.1022473837708,26.53113741636644,26.3281294676045,2.0,2.0,0.0,0.0,263,0.03197348438658636
26.665522959913076,26.082232515583,26.551152284554238,26.379596271515982,2.0,2.0,0.0,0.0,256,0.031724663496418365
26.511122548178644,26.090810316234915,26.602619088465715,26.37101847086407,2.0,2.0,0.0,0.0,262,0.031600253051334376
26.47109281180305,26.033624978555494,26.654085892377193,26.37101847086407,2.0,2.0,0.0,0.0,261,0.031227021716082395
26.511122548178644,26.022187911019614,26.665522959913076,26.37101847086407,2.0,2.0,0.0,0.0,256,0.031227021716082395
26.56258935209012,26.042202779207408,26.67410076056499,26.391033339051862,2.0,2.0,0.0,0.0,261,0.031227021716082395
26.56258935209012,26.090810316234915,26.694115628752783,26.479670612454964,2.0,2.0,0.0,0.0,260,0.031102611270998403
26.67410076056499,26.159432721450216,26.654085892377193,26.47109281180305,2.0,2.0,0.0,0.0,260,0.030978200825914404
26.808486304111625,26.159432721450216,26.67410076056499,26.43964087607937,2.0,2.0,0.0,0.0,261,0.030978200825914404
26.73700463201235,26.170869788986103,26.68553782810087,26.431063075427456,2.0,2.0,0.0,0.0,250,0.030978200825914404
26.654085892377193,26.170869788986103,26.71698976382455,26.49110767999085,2.0,2.0,0.0,0.0,250,0.03085379038083041
26.745582432664264,26.179447589638013,26.73700463201235,26.49968548064276,2.0,2.0,0.0,0.0,255,0.03085379038083041
26.777034368387945,26.219477326013607,26.79990850345971,26.45965574426717,2.0,2.0,0.0,0.0,254,0.03085379038083041
26.71698976382455,26.19946245782581,26.819923371647505,26.53113741636644,2.0,2.0,0.0,0.0,250,0.03072937993574642
26.71698976382455,26.2595070623892,26.788471435923825,26.6140561560016,2.0,2.0,0.0,0.0,249,0.03035614860049444
26.882827243094866,26.319551666952588,26.757019500200144,26.542574483902325,2.0,2.0,0.0,0.0,256,0.029982917265242458
26.965745982730027,26.3281294676045,26.76845656773603,26.56258935209012,2.0,2.0,0.0,0.0,257,0.029858506820158465
26.831360439183392,26.308114599416708,26.777034368387945,26.542574483902325,1.8,1.8,0.0,0.0,253,0.029858506820158465
26.788471435923825,26.268084863041114,26.819923371647505,26.58260422027792,1.7000000000000002,1.7000000000000002,0.0,0.0,256,0.029609685929990474
26.808486304111625,26.279521930576998,26.8599531080231,26.571167152742035,1.6,1.6,0.0,0.0,257,0.02948527548490648
26.831360439183392,26.268084863041114,26.934294047006347,26.58260422027792,1.5,1.5,0.0,0.0,252,0.02936086503982249
26.788471435923825,26.3281294676045,26.902842111282666,26.67410076056499,1.5,1.5,0.0,0.0,257,0.02936086503982249
26.914279178818546,26.411048207239663,26.831360439183392,26.665522959913076,1.4000000000000001,1.4000000000000001,0.0,0.0,257,0.0291120441496545
27.051523989249155,26.411048207239663,26.839938239835305,26.6140561560016,1.3,1.3,0.0,0.0,257,0.02898763370457051
26.98576085091782,26.419626007891576,26.871390175558986,26.602619088465715,1.3,1.3,0.0,0.0,257,0.028863223259486516
26.851375307371185,26.35100360267627,26.914279178818546,26.67410076056499,1.2000000000000002,1.2000000000000002,0.0,0.0,252,0.028489991924234535
26.8599531080231,26.37101847086407,26.95430891519414,26.71698976382455,1.2000000000000002,1.2000000000000002,0.0,0.0,256,0.02799235014389856
26.945731114542227,26.43964087607937,26.98576085091782,26.654085892377193,1.2000000000000002,1.2000000000000002,0.0,0.0,256,0.027867939698814567
26.934294047006347,26.391033339051862,27.020072053525475,26.694115628752783,1.2000000000000002,1.2000000000000002,0.0,0.0,251,0.02761911880864658
27.00863498598959,26.451077943615257,26.934294047006347,26.757019500200144,1.2000000000000002,1.2000000000000002,0.0,0.0,256,0.0272458874733946
27.15731686395608,26.511122548178644,26.965745982730027,26.745582432664264,1.2000000000000002,1.2000000000000002,0.0,0.0,256,0.026872656138142617
27.114427860696512,26.511122548178644,26.95430891519414,26.76845656773603,1.2000000000000002,1.2000000000000002,0.0,0.0,256,0.02662383524797463
26.98576085091782,26.511122548178644,27.028649854177385,26.777034368387945,1.2000000000000002,1.2000000000000002,0.0,0.0,256,0.02625060391272265
26.98576085091782,26.47109281180305,27.071538857436952,26.76845656773603,1.1,1.1,0.0,0.0,250,0.02587737257747067
27.020072053525475,26.49968548064276,27.114427860696512,26.76845656773603,1.1,1.1,0.0,0.0,257,0.025504141242218687
27.091553725624745,26.479670612454964,27.134442728884313,26.777034368387945,1.1,1.1,0.0,0.0,255,0.025504141242218687
27.18876879967976,26.53113741636644,27.082975924972832,26.902842111282666,1.0,1.0,0.0,0.0,252,0.025379730797134695
27.34030994453022,26.622633956653512,27.051523989249155,26.8599531080231,1.0,1.0,0.0,0.0,255,0.025379730797134695
27.360324812718016,26.622633956653512,27.082975924972832,26.839938239835305,1.0,1.0,0.0,0.0,256,0.025379730797134695
27.18876879967976,26.622633956653512,27.102990793160632,26.831360439183392,1.0,1.0,0.0,0.0,255,0.025130909906966706
27.082975924972832,26.571167152742035,27.134442728884313,26.839938239835305,0.9,0.9,0.0,0.0,256,0.024384447236462742
27.091553725624745,26.58260422027792,27.18876879967976,26.871390175558986,0.9,0.9,0.0,0.0,252,0.023637984565958784
27.177331732143873,26.622633956653512,27.263109738663005,26.851375307371185,0.9,0.9,0.0,0.0,256,0.023015932340538815
27.208783667867554,26.6140561560016,27.23165780293932,26.92285697947046,0.9,0.9,0.0,0.0,257,0.022642701005286835
27.28598387373477,26.665522959913076,27.177331732143873,26.965745982730027,0.8,0.8,0.0,0.0,252,0.02214505922495086
27.40321381597758,26.725567564476464,27.165894664607993,26.95430891519414,0.8,0.8,0.0,0.0,257,0.021896238334782877
27.294561674386685,26.757019500200144,27.20020586721564,26.945731114542227,0.8,0.8,0.0,0.0,257,0.021523006999530893
27.165894664607993,26.777034368387945,27.243094870475208,26.997197918453708,0.7000000000000001,0.7000000000000001,0.0,0.0,256,0.02102536521919492
27.145879796420193,26.70555269628867,27.294561674386685,27.020072053525475,0.7000000000000001,0.7000000000000001,0.0,0.0,256,0.020278902548690955
27.18876879967976,26.70555269628867,27.317435809458452,26.98576085091782,0.7000000000000001,0.7000000000000001,0.0,0.0,252,0.019781260768354982
27.208783667867554,26.70555269628867,27.328872876994335,27.020072053525475,0.6000000000000001,0.6000000000000001,0.0,0.0,258,0.019283618988019006
27.274546806198888,26.76845656773603,27.274546806198888,27.071538857436952,0.6000000000000001,0.6000000000000001,0.0,0.0,257,0.01891038765276703
27.383198947789783,26.871390175558986,27.274546806198888,27.04008692171327,0.5,0.5,0.0,0.0,258,0.018537156317515045
27.30599874192257,26.882827243094866,27.28598387373477,27.082975924972832,0.5,0.5,0.0,0.0,259,0.018412745872431052
27.243094870475208,26.8599531080231,27.328872876994335,27.082975924972832,0.4,0.4,0.0,0.0,254,0.01828833542734706
27.243094870475208,26.8599531080231,27.360324812718016,27.060101789901065,0.4,0.4,0.0,0.0,257,0.018163924982263067
27.274546806198888,26.831360439183392,27.426087951049347,27.091553725624745,0.4,0.4,0.0,0.0,257,0.01803951453717907
27.34030994453022,26.871390175558986,27.437525018585234,27.091553725624745,0.30000000000000004,0.30000000000000004,0.0,0.0,254,0.01803951453717907
27.437525018585234,26.871390175558986,27.383198947789783,27.23165780293932,0.30000000000000004,0.30000000000000004,0.0,0.0,258,0.01803951453717907
27.589066163435696,26.95430891519414,27.3717618802539,27.20020586721564,0.30000000000000004,0.30000000000000004,0.0,0.0,259,0.01803951453717907
27.52330302510436,27.00863498598959,27.383198947789783,27.145879796420193,0.30000000000000004,0.30000000000000004,0.0,0.0,258,0.01803951453717907
27.468976954308914,26.98576085091782,27.437525018585234,27.165894664607993,0.30000000000000004,0.30000000000000004,0.0,0.0,260,0.01803951453717907
27.457539886773027,26.965745982730027,27.49185108938068,27.165894664607993,0.30000000000000004,0.30000000000000004,0.0,0.0,256,0.01803951453717907
27.480414021844794,26.945731114542227,27.511865957568475,27.208783667867554,0.30000000000000004,0.30000000000000004,0.0,0.0,260,0.01803951453717907
27.52330302510436,26.95430891519414,27.57762909589981,27.208783667867554,0.30000000000000004,0.30000000000000004,0.0,0.0,260,0.01803951453717907
27.52330302510436,26.92285697947046,27.52330302510436,27.274546806198888,0.2,0.2,0.0,0.0,257,0.01803951453717907
27.64625150111511,27.04008692171327,27.52330302510436,27.294561674386685,0.2,0.2,0.0,0.0,259,0.01803951453717907
27.66626636930291,27.1258649282324,27.511865957568475,27.274546806198888,0.2,0.2,0.0,0.0,261,0.01803951453717907
27.569051295247895,27.18876879967976,27.557614227712012,27.28598387373477,0.2,0.2,0.0,0.0,261,0.01803951453717907
27.53474009264024,27.177331732143873,27.600503230971576,27.328872876994335,0.2,0.2,0.0,0.0,261,0.01803951453717907
27.600503230971576,27.102990793160632,27.654829301767023,27.348887745182132,0.2,0.2,0.0,0.0,259,0.01803951453717907
27.611940298507463,27.114427860696512,27.700577571910557,27.294561674386685,0.2,0.2,0.0,0.0,263,0.01803951453717907
27.600503230971576,27.1258649282324,27.67770343683879,27.348887745182132,0.2,0.2,0.0,0.0,264,0.01803951453717907
27.723451706982328,27.177331732143873,27.611940298507463,27.468976954308914,0.2,0.2,0.0,0.0,263,0.01803951453717907
27.78921484531366,27.274546806198888,27.64625150111511,27.40321381597758,0.2,0.2,0.0,0.0,264,0.01803951453717907
27.67770343683879,27.28598387373477,27.66626636930291,27.40321381597758,0.2,0.2,0.0,0.0,260,0.01803951453717907
27.63481443357923,27.243094870475208,27.73488877451821,27.468976954308914,0.2,0.2,0.0,0.0,264,0.01791510409209508
27.66626636930291,27.243094870475208,27.754903642706008,27.457539886773027,0.2,0.2,0.0,0.0,264,0.017790693647011083
27.689140504374677,27.23165780293932,27.834963115457196,27.426087951049347,0.2,0.2,0.0,0.0,265,0.017790693647011083
27.689140504374677,27.28598387373477,27.812088980385425,27.448962086121114,0.2,0.2,0.0,0.0,265,0.0175418727568431
27.777777777777775,27.328872876994335,27.754903642706008,27.569051295247895,0.1,0.1,0.0,0.0,262,0.017168641421591118
27.889289186252643,27.391776748441696,27.76634071024189,27.569051295247895,0.1,0.1,0.0,0.0,266,0.016795410086339134
27.834963115457196,27.40321381597758,27.800651912849542,27.589066163435696,0.1,0.1,0.0,0.0,266,0.01617335786091917
27.78921484531366,27.468976954308914,27.857837250528963,27.569051295247895,0.1,0.1,0.0,0.0,265,0.015426895190415206
27.812088980385425,27.3717618802539,27.923600388860294,27.569051295247895,0.1,0.1,0.0,0.0,267,0.014680432519911244
27.846400182993076,27.3717618802539,27.952193057700004,27.600503230971576,0.1,0.1,0.0,0.0,269,0.014431611629743258
27.877852118716756,27.414650883513463,27.957911591467944,27.623377366043343,0.1,0.1,0.0,0.0,269,0.014307201184659264
27.935037456396177,27.40321381597758,27.889289186252643,27.73488877451821,0.1,0.1,0.0,0.0,269,0.014058380294491276
28.072282266826786,27.49185108938068,27.923600388860294,27.73488877451821,0.1,0.1,0.0,0.0,266,0.01380955940432329
28.015096929147365,27.57762909589981,27.935037456396177,27.689140504374677,0.1,0.1,0.0,0.0,271,0.013560738514155303
27.98078572653971,27.557614227712012,27.992222794075598,27.66626636930291,0.1,0.1,0.0,0.0,269,0.013063096733819328
27.98078572653971,27.511865957568475,28.04940813175502,27.73488877451821,0.1,0.1,0.0,0.0,271,0.012565454953483353
28.00080059472751,27.511865957568475,28.08657860124664,27.689140504374677,0.1,0.1,0.0,0.0,271,0.012192223618231371
28.037971064219132,27.511865957568475,28.095156401898553,27.73488877451821,0.1,0.1,0.0,0.0,267,0.011818992282979392
28.095156401898553,27.53474009264024,28.037971064219132,27.834963115457196,0.1,0.1,0.0,0.0,271,0.01144576094772741
28.209527077257388,27.66626636930291,28.04940813175502,27.857837250528963,0.1,0.1,0.0,0.0,272,0.011196940057559423
28.18665294218562,27.73488877451821,28.072282266826786,27.82352604792131,0.1,0.1,0.0,0.0,273,0.010948119167391438
28.138045405158113,27.754903642706008,28.11803053697032,27.857837250528963,0.1,0.1,0.0,0.0,273,0.010574887832139456
28.1294676045062,27.73488877451821,28.175215874649737,27.834963115457196,0.1,0.1,0.0,0.0,268,0.01032606694197147
28.163778807113854,27.689140504374677,28.209527077257388,27.889289186252643,0.1,0.1,0.0,0.0,275,0.010201656496887474
28.18665294218562,27.67770343683879,28.243838279865038,27.889289186252643,0.1,0.1,0.0,0.0,275,0.009828425161635495
28.21524561102533,27.743466575170125,28.163778807113854,27.972207925887798,0.1,0.1,0.0,0.0,272,0.00933078338129952
28.335334820152113,27.754903642706008,28.206667810373418,27.992222794075598,0.1,0.1,0.0,0.0,275,0.008708731155879551
28.30102361754446,27.857837250528963,28.198090009721504,27.946474523932064,0.1,0.1,0.0,0.0,273,0.008211089375543578
28.22096414479327,27.923600388860294,28.255275347400925,27.957911591467944,0.1,0.1,0.0,0.0,277,0.00758903715012361
28.235260479213128,27.889289186252643,28.312460685080342,27.96934865900383,0.1,0.1,0.0,0.0,277,0.007215805814871629
28.278149482472692,27.834963115457196,28.36392748899182,28.015096929147365,0.1,0.1,0.0,0.0,273,0.006966984924703642
28.30102361754446,27.889289186252643,28.3953794247155,28.026533996683245,0.1,0.1,0.0,0.0,280,0.006966984924703642
28.335334820152113,27.866415051180876,28.312460685080342,28.09801566878252,0.1,0.1,0.0,0.0,275,0.006718164034535654
28.455424029278888,27.932178189512204,28.335334820152113,28.140904672042087,0.1,0.1,0.0,0.0,280,0.00622052225419968
28.418253559787267,28.0608451992909,28.346771887687993,28.083719334362666,0.1,0.1,0.0,0.0,279,0.005474059583695719
28.36964602275976,28.083719334362666,28.418253559787267,28.083719334362666,0.0,0.0,0.0,0.0,279,0.004603186468107763
28.375364556527707,28.037971064219132,28.4640018299308,28.140904672042087,0.0,0.0,0.0,0.0,282,0.0038567237976038014
28.418253559787267,28.026533996683245,28.50975010007434,28.146623205810027,0.0,0.0,0.0,0.0,285,0.003483492462351821
28.441127694859034,28.003659861611478,28.524046434494196,28.140904672042087,0.0,0.0,0.0,0.0,284,0.003234671572183834
28.49545376565448,28.037971064219132,28.4640018299308,28.209527077257388,0.0,0.0,0.0,0.0,287,0.00311026112709984
28.629839309201117,28.106593469434433,28.4640018299308,28.243838279865038,0.0,0.0,0.0,0.0,283,0.002985850682015846
28.595528106593466,28.22096414479327,28.498313032538455,28.243838279865038,0.0,0.0,0.0,0.0,290,0.0028614402369318524
28.535483502030075,28.232401212329158,28.57551323840567,28.22096414479327,0.0,0.0,0.0,0.0,289,0.002488208901679872
28.535483502030075,28.209527077257388,28.618402241665233,28.255275347400925,0.0,0.0,0.0,0.0,291,0.001866156676259904
28.584091039057583,28.18665294218562,28.675587579344654,28.289586550008575,0.0,0.0,0.0,0.0,292,0.001244104450839936
28.60410590724538,28.198090009721504,28.689883913764508,28.26385314805284,0.0,0.0,0.0,0.0,291,0.00037323133525198076
28.687024646880538,28.22096414479327,28.618402241665233,28.35820895522388,0.0,0.0,0.0,0.0,294,-0.0004976417803359744
28.82141019042717,28.289586550008575,28.63555784296906,28.3953794247155,0.0,0.0,0.0,0.0,294,-0.0011196940057559425
28.769943386515695,28.355349688339906,28.689883913764508,28.383942357179613,0.0,0.0,0.0,0.0,296,-0.0013685148959239298
28.712758048836275,28.3953794247155,28.738491450792015,28.35820895522388,0.0,0.0,0.0,0.0,299,-0.001617335786091917
28.72419511637216,28.381083090295647,28.807113856007316,28.406816492251387,0.0,0.0,0.0,0.0,297,-0.001866156676259904
28.77852118716761,28.383942357179613,28.850002859266883,28.423972093555207,0.0,0.0,0.0,0.0,302,-0.002239388011511885
28.78423972093555,28.36964602275976,28.86715846057071,28.441127694859034,0.0,0.0,0.0,0.0,303,-0.002985850682015846
28.87287699433865,28.381083090295647,28.798536055355402,28.50975010007434,0.0,0.0,0.0,0.0,304,-0.004105544687771789
28.984388402813515,28.443986961743008,28.832847257963056,28.57551323840567,0.0,0.0,0.0,0.0,305,-0.005225238693527731
28.927203065134098,28.56979470463773,28.87287699433865,28.50975010007434,0.0,0.0,0.0,0.0,301,-0.0060961118091156855
28.892891862526444,28.60410590724538,28.927203065134098,28.486875965002568,0.0,0.0,0.0,0.0,305,-0.006593753589451661
28.927203065134098,28.57551323840567,28.955795733973805,28.535483502030075,0.0,0.0,0.0,0.0,303,-0.006718164034535654
28.975810602161605,28.558357637101842,29.05015154114485,28.56979470463773,0.0,0.0,0.0,0.0,306,-0.006842574479619648
28.99010693658146,28.54406130268199,29.05872934179676,28.57551323840567,0.0,0.0,0.0,0.0,308,-0.007091395369787636
29.070166409332643,28.558357637101842,28.984388402813515,28.652713444272887,0.0,0.0,0.0,0.0,305,-0.007713447595207603
29.184537084691485,28.641276376737,29.001544004117342,28.70132098130039,0.0,0.0,0.0,0.0,308,-0.008584320710795559
29.110196145708237,28.74706925144393,29.05872934179676,28.675587579344654,0.0,0.0,0.0,0.0,306,-0.0097040147165515
29.078744209984556,28.795676788471436,29.110196145708237,28.675587579344654,0.1,0.1,0.0,0.0,310,-0.010823708722307443
29.08732201063647,28.769943386515695,29.153085148967804,28.707039515068335,0.30000000000000004,0.30000000000000004,0.0,0.0,310,-0.01144576094772741
29.141648081431917,28.70132098130039,29.238863155486932,28.72419511637216,0.4,0.4,0.0,0.0,310,-0.011570171392811406
29.173100017155598,28.75850631897981,29.158803682735744,28.695602447532448,0.5,0.5,0.0,0.0,310,-0.011570171392811406
29.270315091210612,28.795676788471436,29.110196145708237,28.844284325498936,0.7000000000000001,0.7000000000000001,0.0,0.0,306,-0.011570171392811406
29.321781895122086,28.861439926802763,29.184537084691485,28.881454794990564,1.0,1.0,0.0,0.0,310,-0.0116945818378954
29.258878023674725,28.952936467089835,29.233144621718992,28.832847257963056,1.2000000000000002,1.2000000000000002,0.0,0.0,311,-0.012067813173147379
29.270315091210612,29.007262537885282,29.278892891862526,28.850002859266883,1.2000000000000002,1.2000000000000002,0.0,0.0,312,-0.012565454953483353
29.278892891862526,28.984388402813515,29.301767026934293,28.855721393034823,1.3,1.3,0.0,0.0,310,-0.013063096733819328
29.333218962657973,28.927203065134098,29.396122834105334,28.892891862526444,1.5,1.5,0.0,0.0,308,-0.013560738514155303
29.38754503345342,28.901469663178357,29.35895236461371,28.91576599759821,1.5,1.5,0.0,0.0,312,-0.013933969849407283
29.5076342425802,28.90432893006233,29.376107965917537,29.015840338537195,1.5,1.5,0.0,0.0,312,-0.014307201184659264
29.50477497569623,29.007262537885282,29.396122834105334,29.038714473608962,1.4000000000000001,1.4000000000000001,0.0,0.0,311,-0.014680432519911244
29.45044890490078,29.147366615199857,29.4189969691771,28.964373534625718,1.4000000000000001,1.5,0.0,0.0,311,-0.015053663855163225
29.45044890490078,29.184537084691485,29.484760107508432,28.955795733973805,1.5,1.5,0.0,0.0,308,-0.01517807430024722
29.493337908160346,29.141648081431917,29.57053811402756,28.99010693658146,1.5,1.5,0.0,0.0,312,-0.01517807430024722
29.521930577000052,29.135929547663977,29.613427117287127,29.05872934179676,1.5,1.5,0.0,0.0,311,-0.015426895190415206
29.581975181563447,29.121633213244124,29.559101046491676,29.098759078172353,1.5,1.5,0.0,0.0,311,-0.01592453697075118
29.69062732315434,29.184537084691485,29.547663978955793,29.195974152227365,1.5,1.5,0.0,0.0,312,-0.01654658919617115
29.644879053010808,29.307485560702233,29.59055298221536,29.133070280780004,1.6,1.6,0.0,0.0,311,-0.017168641421591118
29.624864184823007,29.4189969691771,29.62200491793904,29.184537084691485,1.6,1.6,0.0,0.0,315,-0.01766628320192709
29.636301252358894,29.38754503345342,29.679190255618455,29.247440956138846,1.6,1.6,0.0,0.0,311,-0.01791510409209508
29.673471721850515,29.333218962657973,29.74495339394979,29.258878023674725,1.6,1.6,0.0,0.0,315,-0.01791510409209508
29.710642191342135,29.313204094470173,29.77640532967347,29.184537084691485,1.6,1.6,0.0,0.0,315,-0.01791510409209508
29.77640532967347,29.396122834105334,29.69062732315434,29.227426087951045,1.6,1.6,0.0,0.0,316,-0.01791510409209508
29.876479670612454,29.439011837364898,29.699205123806255,29.344656030193853,1.7000000000000002,1.7000000000000002,0.0,0.0,316,-0.01791510409209508
29.822153599817003,29.57053811402756,29.722079258878022,29.344656030193853,1.7000000000000002,1.7000000000000002,0.0,0.0,312,-0.01803951453717907
29.799279464745236,29.547663978955793,29.81071653228112,29.364670898381654,1.7000000000000002,1.7000000000000002,0.0,0.0,316,-0.018163924982263067
29.799279464745236,29.57053811402756,29.876479670612454,29.396122834105334,1.7000000000000002,1.7000000000000002,0.0,0.0,315,-0.01828833542734706
29.8421684680048,29.53622691141991,29.9308057414079,29.38754503345342,1.8,1.8,0.0,0.0,316,-0.018412745872431052
29.865042603076567,29.53622691141991,29.876479670612454,29.321781895122086,1.7000000000000002,1.7000000000000002,0.0,0.0,315,-0.018537156317515045
30.01086521415909,29.581975181563447,29.827872133584947,29.4189969691771,1.7000000000000002,1.7000000000000002,0.0,0.0,312,-0.018785977207683033
29.999428146623202,29.644879053010808,29.9107908732201,29.53622691141991,1.7000000000000002,1.7000000000000002,0.0,0.0,315,-0.019283618988019006
29.96511694401555,29.736375593297875,29.94224280894378,29.50477497569623,1.7000000000000002,1.7000000000000002,0.0,0.0,312,-0.01965685032327099
29.95367987647967,29.733516326413906,29.98799107908732,29.50477497569623,1.7000000000000002,1.7000000000000002,0.0,0.0,315,-0.020030081658522967
29.976554011551436,29.710642191342135,30.099502487562184,29.496197175044315,1.7000000000000002,1.7000000000000002,0.0,0.0,315,-0.020278902548690955
30.02230228169497,29.699205123806255,30.14525075770572,29.53622691141991,1.7000000000000002,1.7000000000000002,0.0,0.0,315,-0.02102536521919492
30.088065420026304,29.74495339394979,30.030880082346883,29.53622691141991,1.7000000000000002,1.7000000000000002,0.0,0.0,315,-0.02214505922495086
30.188139760965285,29.74495339394979,30.076628352490417,29.679190255618455,1.7000000000000002,1.7000000000000002,0.0,0.0,311,-0.0233891636757908
30.156687825241605,29.81071653228112,30.22245096357294,29.69062732315434,1.7000000000000002,1.7000000000000002,0.0,0.0,314,-0.025130909906966706
30.133813690169838,29.9308057414079,30.359695774003544,29.624864184823007,1.7000000000000002,1.7000000000000002,0.0,0.0,313,-0.027121477028310605
30.133813690169838,29.9107908732201,30.39400697661119,29.5962715159833,1.7000000000000002,1.7000000000000002,0.0,0.0,314,-0.028863223259486516
30.19957682850117,29.876479670612454,30.428318179218845,29.636301252358894,1.7000000000000002,1.7000000000000002,0.0,0.0,315,-0.03010732771032645
30.268199233716473,29.833590667352887,30.496940584434146,29.636301252358894,1.7000000000000002,1.7000000000000002,0.0,0.0,314,-0.03147584260625038
30.38256990907531,29.89935380568422,30.577000057185334,29.69062732315434,1.7000000000000002,1.7000000000000002,0.0,0.0,316,-0.03359082017267827
30.428318179218845,29.919368673872015,30.954423285869503,29.833590667352887,1.7000000000000002,1.7000000000000002,0.0,0.0,313,-0.036327849964526135
30.336821638931777,30.030880082346883,31.071653228112307,29.799279464745236,1.7000000000000002,1.7000000000000002,0.0,0.0,315,-0.03894046931129
30.313947503860007,30.05375421741865,30.965860353405382,29.722079258878022,1.7000000000000002,1.7000000000000002,0.0,0.0,314,-0.04018457376212993
30.39400697661119,30.030880082346883,30.822897009206834,29.722079258878022,1.7000000000000002,1.7000000000000002,0.0,0.0,313,-0.04018457376212993
30.542688854577683,30.01086521415909,30.754274603991533,29.756390461485672,1.7000000000000002,1.7000000000000002,0.0,0.0,312,-0.03968693198179396
30.671355864356375,29.98799107908732,30.800022874135067,29.733516326413906,1.6,1.6,0.0,0.0,312,-0.039935752871961945
30.800022874135067,29.999428146623202,30.942986218333616,29.77640532967347,1.5,1.5,0.0,0.0,311,-0.04117985732280188
30.788585806599187,30.099502487562184,31.025904957968773,29.89935380568422,1.4000000000000001,1.4000000000000001,0.0,0.0,312,-0.04242396177364182
30.705667066964025,30.211013896037052,31.266083376222337,29.853605535540684,1.4000000000000001,1.4000000000000001,0.0,0.0,310,-0.042672782663809805
30.602733459141074,30.22245096357294,31.546291530851487,29.865042603076567,1.2000000000000002,1.2000000000000002,0.0,0.0,311,-0.04242396177364182
30.614170526676958,30.1767026934294,31.9094184251158,29.876479670612454,1.2000000000000002,1.2000000000000002,0.0,0.0,311,-0.04217514088347383
30.637044661748725,30.133813690169838,32.046663235546404,29.865042603076567,1.1,1.1,0.0,0.0,312,-0.04117985732280188
30.74283753645565,30.1767026934294,31.94658889460742,29.81071653228112,1.1,1.1,0.0,0.0,312,-0.039562521536709964
30.7771487390633,30.22245096357294,31.869388688740205,29.9107908732201,1.1,1.1,0.0,0.0,310,-0.03782077530553406
30.7771487390633,30.302510436324123,32.03522616801052,29.95367987647967,1.0,1.0,0.0,0.0,312,-0.03657667085469412
30.728541202035796,30.359695774003544,32.44696059930234,29.95367987647967,1.0,1.0,0.0,0.0,311,-0.03620343951944213
30.694229999428146,30.371132841539424,32.69571681820781,29.95367987647967,0.9,0.9,0.0,0.0,311,-0.036327849964526135
30.68279293189226,30.313947503860007,32.69571681820781,29.95367987647967,0.9,0.9,0.0,0.0,308,-0.03607902907435814
30.83433407674272,30.279636301252356,32.658546348716186,29.9308057414079,0.8,0.8,0.0,0.0,308,-0.03558138729402217
31.025904957968773,30.268199233716473,32.64425001429633,29.94224280894378,0.7000000000000001,0.7000000000000001,0.0,0.0,306,-0.03471051417843421
31.037342025504657,30.371132841539424,32.901584033853716,30.099502487562184,0.7000000000000001,0.7000000000000001,0.0,0.0,304,-0.034088461953014244
30.98873448847715,30.519814719505916,33.113169783267566,30.076628352490417,0.6000000000000001,0.6000000000000001,0.0,0.0,305,-0.03421287239809824
30.965860353405382,30.5312517870418,33.138903185223306,30.05375421741865,0.6000000000000001,0.6000000000000001,0.0,0.0,305,-0.03421287239809824
31.037342025504657,30.4626293818265,32.890146966317836,30.076628352490417,0.5,0.5,0.0,0.0,304,-0.03371523061776227
31.206038771658942,30.39400697661119,32.43552353176645,30.076628352490417,0.5,0.5,0.0,0.0,305,-0.0330931783923423
31.534854463315604,30.47406644936238,32.13815977583347,30.05375421741865,0.4,0.4,0.0,0.0,305,-0.0329687679472583
31.683536341282093,30.5312517870418,31.94658889460742,30.156687825241605,0.4,0.4,0.0,0.0,306,-0.03359082017267827
31.70641047635386,30.637044661748725,31.43478012237662,30.279636301252356,0.4,0.4,0.0,0.0,303,-0.034461693288266225
31.572024932807224,30.68279293189226,31.131697832675698,30.245325098644706,0.30000000000000004,0.30000000000000004,0.0,0.0,304,-0.03458610373335022
31.423343054840736,30.705667066964025,31.131697832675698,30.279636301252356,0.30000000000000004,0.30000000000000004,0.0,0.0,305,-0.03334199928251028
31.266083376222337,30.671355864356375,31.21747583919483,30.29107336878824,0.5,0.5,0.0,0.0,305,-0.031102611270998403
31.449076456796476,30.68279293189226,31.206038771658942,30.268199233716473,0.6000000000000001,0.6000000000000001,0.0,0.0,305,-0.028489991924234535
31.523417395779717,30.65991879682049,31.303253845713957,30.302510436324123,0.7000000000000001,0.7000000000000001,0.0,0.0,305,-0.026001783022554664
31.46051352433236,30.754274603991533,31.37473551781323,30.485503516898266,0.9,0.9,0.0,0.0,306,-0.024135626346294757
31.314690913249837,30.905815748841995,31.40046891976897,30.5312517870418,0.9,0.9,0.0,0.0,306,-0.023015932340538815
31.240349974266596,30.942986218333616,31.46051352433236,30.4626293818265,1.1,1.1,0.0,0.0,308,-0.021896238334782877
31.337565048321608,30.86006747869846,31.22891290673071,30.4626293818265,1.3,1.3,0.0,0.0,308,-0.020154492103606963
31.40046891976897,30.788585806599187,31.060216160576424,30.451192314290612,1.5,1.5,0.0,0.0,306,-0.01791510409209508
31.46051352433236,30.83433407674272,31.131697832675698,30.451192314290612,1.5,1.5,0.0,0.0,308,-0.015551305635499202
31.351861382741465,30.917252816377875,31.22891290673071,30.614170526676958,1.4000000000000001,1.4000000000000001,0.0,0.0,307,-0.013063096733819328
31.25464630868645,31.060216160576424,31.277520443758217,30.74283753645565,1.2000000000000002,1.2000000000000002,0.0,0.0,308,-0.010948119167391438
31.25464630868645,31.120260765139815,31.19174243723909,30.694229999428146,1.1,1.1,0.0,0.0,306,-0.008833141600963546
31.303253845713957,31.025904957968773,31.157431234631435,30.671355864356375,1.1,1.1,0.0,0.0,306,-0.00758903715012361
31.314690913249837,30.98873448847715,31.120260765139815,30.671355864356375,1.0,1.0,0.0,0.0,304,-0.007340216259955622
31.411905987304852,30.965860353405382,31.120260765139815,30.68279293189226,0.9,0.9,0.0,0.0,306,-0.007713447595207603
31.40046891976897,30.965860353405382,31.21747583919483,30.76571167152742,0.8,0.8,0.0,0.0,303,-0.007837858040291598
31.363298450277345,31.060216160576424,31.351861382741465,30.87150454623434,0.7000000000000001,0.7000000000000001,0.0,0.0,303,-0.007713447595207603
31.337565048321608,31.168868302167322,31.46051352433236,30.882941613770228,0.6000000000000001,0.6000000000000001,0.0,0.0,301,-0.007713447595207603
31.337565048321608,31.120260765139815,31.38617258534911,30.811459941670954,0.6000000000000001,0.6000000000000001,0.0,0.0,301,-0.007340216259955622
31.337565048321608,31.071653228112307,31.240349974266596,30.86006747869846,0.5,0.5,0.0,0.0,300,-0.006718164034535654
31.40046891976897,31.025904957968773,31.22891290673071,30.86006747869846,0.5,0.5,0.0,0.0,301,-0.0060961118091156855
31.449076456796476,31.085949562532164,31.22891290673071,30.905815748841995,0.5,0.5,0.0,0.0,301,-0.0058472909189477
31.337565048321608,31.10882369760393,31.25464630868645,31.025904957968773,0.5,0.5,0.0,0.0,301,-0.0058472909189477
31.288957511294104,31.25464630868645,31.314690913249837,31.10882369760393,0.4,0.4,0.0,0.0,302,-0.0058472909189477
31.303253845713957,31.21747583919483,31.363298450277345,31.000171556013036,0.4,0.4,0.0,0.0,302,-0.0058472909189477
31.37473551781323,31.131697832675698,31.314690913249837,30.98873448847715,0.4,0.4,0.0,0.0,301,-0.0058472909189477
31.449076456796476,31.10882369760393,31.351861382741465,31.01446789043289,0.4,0.4,0.0,0.0,301,-0.0058472909189477
31.509121061359863,31.120260765139815,31.337565048321608,31.01446789043289,0.4,0.4,0.0,0.0,300,-0.0058472909189477
31.471950591868243,31.120260765139815,31.46051352433236,31.071653228112307,0.4,0.4,0.0,0.0,301,-0.0058472909189477
31.486246926288096,31.22891290673071,31.534854463315604,31.180305369703202,0.4,0.4,0.0,0.0,231,-0.005971701364031692
31.43478012237662,31.288957511294104,31.58346200034311,31.120260765139815,0.4,0.4,0.0,0.0,160,-0.0060961118091156855
31.46051352433236,31.277520443758217,31.471950591868243,31.085949562532164,0.30000000000000004,0.30000000000000004,0.0,0.0,13,-0.0060961118091156855
31.49768399382398,31.19174243723909,31.46051352433236,31.085949562532164,0.30000000000000004,0.30000000000000004,0.0,0.0,-56,-0.006344932699283674
31.63206953737061,31.206038771658942,31.49768399382398,31.097386630068048,0.30000000000000004,0.30000000000000004,0.0,0.0,122,-0.006966984924703642
31.58346200034311,31.21747583919483,31.546291530851487,31.120260765139815,0.30000000000000004,0.30000000000000004,0.0,0.0,307,-0.008086678930459584
31.486246926288096,31.303253845713957,31.534854463315604,31.25464630868645,0.30000000000000004,0.30000000000000004,0.0,0.0,311,-0.00933078338129952
31.411905987304852,31.40046891976897,31.509121061359863,31.288957511294104,0.30000000000000004,0.30000000000000004,0.0,0.0,321,-0.010201656496887474
31.411905987304852,31.37473551781323,31.43478012237662,31.25464630868645,0.30000000000000004,0.30000000000000004,0.0,0.0,319,-0.010699298277223449
31.486246926288096,31.303253845713957,31.363298450277345,31.206038771658942,0.30000000000000004,0.30000000000000004,0.0,0.0,322,-0.010948119167391438
31.646365871790472,31.266083376222337,31.486246926288096,31.180305369703202,0.30000000000000004,0.30000000000000004,0.0,0.0,318,-0.011321350502643417
31.70641047635386,31.303253845713957,31.59489906787899,31.145994167095555,0.30000000000000004,0.30000000000000004,0.0,0.0,320,-0.012067813173147379
31.646365871790472,31.363298450277345,31.683536341282093,31.277520443758217,0.30000000000000004,0.30000000000000004,0.0,0.0,320,-0.01281427584365134
31.546291530851487,31.486246926288096,31.646365871790472,31.411905987304852,0.2,0.2,0.0,0.0,321,-0.013436328069071309
31.534854463315604,31.49768399382398,31.62063246983473,31.337565048321608,0.2,0.2,0.0,0.0,323,-0.013933969849407283
31.63206953737061,31.423343054840736,31.523417395779717,31.303253845713957,0.2,0.2,0.0,0.0,322,-0.014182790739575271
31.720706810773713,31.37473551781323,31.55772859838737,31.288957511294104,0.2,0.2,0.0,0.0,320,-0.014307201184659264
31.806484817292844,31.37473551781323,31.62063246983473,31.266083376222337,0.2,0.2,0.0,0.0,321,-0.014307201184659264
31.69497340881798,31.40046891976897,31.683536341282093,31.351861382741465,0.2,0.2,0.0,0.0,320,-0.014307201184659264
31.63206953737061,31.49768399382398,31.683536341282093,31.449076456796476,0.2,0.2,0.0,0.0,325,-0.014307201184659264
31.63206953737061,31.55772859838737,31.720706810773713,31.37473551781323,0.2,0.2,0.0,0.0,322,-0.014431611629743258
31.720706810773713,31.572024932807224,31.657802939326352,31.326127980785724,0.2,0.2,0.0,0.0,322,-0.014431611629743258
31.806484817292844,31.509121061359863,31.657802939326352,31.363298450277345,0.2,0.2,0.0,0.0,322,-0.014431611629743258
31.869388688740205,31.46051352433236,31.683536341282093,31.38617258534911,0.2,0.2,0.0,0.0,323,-0.014431611629743258
31.79504774975696,31.486246926288096,31.69497340881798,31.40046891976897,0.2,0.2,0.0,0.0,322,-0.014431611629743258
31.757877280265337,31.572024932807224,31.757877280265337,31.471950591868243,0.2,0.2,0.0,0.0,322,-0.014431611629743258
31.76931434780122,31.69497340881798,31.83221821924858,31.43478012237662,0.2,0.2,0.0,0.0,322,-0.014431611629743258
31.83221821924858,31.657802939326352,31.806484817292844,31.43478012237662,0.2,0.2,0.0,0.0,321,-0.014431611629743258
31.895122090695942,31.59489906787899,31.746440212729453,31.46051352433236,0.2,0.2,0.0,0.0,324,-0.014431611629743258
32.03522616801052,31.572024932807224,31.76931434780122,31.46051352433236,0.1,0.1,0.0,0.0,322,-0.014431611629743258
31.998055698518897,31.58346200034311,31.83221821924858,31.449076456796476,0.1,0.1,0.0,0.0,321,-0.014431611629743258
31.98375936409904,31.657802939326352,31.932292560187566,31.546291530851487,0.1,0.1,0.0,0.0,322,-0.014431611629743258
31.94658889460742,31.76931434780122,31.97232229656316,31.59489906787899,0.1,0.1,0.0,0.0,322,-0.014431611629743258
31.97232229656316,31.783610682221074,32.009492766054784,31.534854463315604,0.1,0.1,0.0,0.0,322,-0.014431611629743258
32.02378910047464,31.7321438783096,31.92085549265168,31.55772859838737,0.1,0.1,0.0,0.0,321,-0.014431611629743258
32.16389317778921,31.66924000686224,31.94658889460742,31.59489906787899,0.1,0.1,0.0,0.0,322,-0.014431611629743258
32.16389317778921,31.720706810773713,31.97232229656316,31.59489906787899,0.1,0.1,0.0,0.0,321,-0.014431611629743258
32.09813003945788,31.720706810773713,32.06095956996626,31.646365871790472,0.1,0.1,0.0,0.0,323,-0.014431611629743258
32.086692971922,31.85795162120432,32.09813003945788,31.76931434780122,0.1,0.1,0.0,0.0,322,-0.014431611629743258
32.086692971922,31.92085549265168,32.12386344141362,31.69497340881798,0.1,0.1,0.0,0.0,322,-0.014431611629743258
32.12386344141362,31.92085549265168,32.046663235546404,31.720706810773713,0.1,0.1,0.0,0.0,321,-0.014307201184659264
32.22679704923657,31.820781151712698,32.06095956996626,31.69497340881798,0.1,0.1,0.0,0.0,322,-0.014307201184659264
32.27826385314805,31.83221821924858,32.072396637502145,31.70641047635386,0.1,0.1,0.0,0.0,320,-0.014307201184659264
32.20106364728083,31.820781151712698,32.14959684336936,31.757877280265337,0.1,0.1,0.0,0.0,322,-0.014307201184659264
32.16389317778921,31.958025962143303,32.20106364728083,31.869388688740205,0.1,0.1,0.0,0.0,321,-0.014307201184659264
32.17533024532509,32.03522616801052,32.25253045119231,31.869388688740205,0.1,0.1,0.0,0.0,322,-0.014307201184659264
32.215359981700686,32.02378910047464,32.16389317778921,31.806484817292844,0.1,0.1,0.0,0.0,322,-0.014182790739575271
32.30399725510379,31.958025962143303,32.16389317778921,31.83221821924858,0.1,0.1,0.0,0.0,320,-0.014058380294491276
32.36976039343512,31.92085549265168,32.189626579744946,31.83221821924858,0.1,0.1,0.0,0.0,321,-0.014058380294491276
32.26682678561217,31.958025962143303,32.22679704923657,31.820781151712698,0.1,0.1,0.0,0.0,321,-0.014058380294491276
32.27826385314805,32.046663235546404,32.30399725510379,31.97232229656316,0.1,0.1,0.0,0.0,321,-0.014058380294491276
32.31829358952364,32.14959684336936,32.44696059930234,31.97232229656316,0.1,0.1,0.0,0.0,319,-0.014058380294491276
32.36976039343512,32.11242637387773,32.36976039343512,31.932292560187566,0.1,0.1,0.0,0.0,319,-0.014058380294491276
32.40693086292674,32.046663235546404,32.32973065705953,31.94658889460742,0.1,0.1,0.0,0.0,319,-0.014058380294491276
32.48699033567793,32.03522616801052,32.32973065705953,31.958025962143303,0.1,0.1,0.0,0.0,319,-0.013933969849407283
32.40693086292674,32.086692971922,32.395493795390855,31.932292560187566,0.1,0.1,0.0,0.0,319,-0.01380955940432329
32.36976039343512,32.189626579744946,32.43552353176645,32.06095956996626,0.1,0.1,0.0,0.0,319,-0.013436328069071309
32.381197460971,32.26682678561217,32.48699033567793,32.11242637387773,0.1,0.1,0.0,0.0,319,-0.01281427584365134
32.40693086292674,32.215359981700686,32.421227197346596,32.06095956996626,0.1,0.1,0.0,0.0,319,-0.011818992282979392
32.46125693372219,32.16389317778921,32.36976039343512,32.02378910047464,0.1,0.1,0.0,0.0,319,-0.010823708722307443
32.578486875965,32.14959684336936,32.421227197346596,32.03522616801052,0.0,0.0,0.0,0.0,318,-0.009952835606719487
32.54131640647338,32.20106364728083,32.48699033567793,32.046663235546404,0.0,0.0,0.0,0.0,318,-0.009455193826383514
32.51272373763367,32.26682678561217,32.564190541545145,32.11242637387773,0.0,0.0,0.0,0.0,320,-0.00895755204604754
32.527020072053524,32.31829358952364,32.62995367987648,32.20106364728083,0.0,0.0,0.0,0.0,320,-0.008459910265711565
32.578486875965,32.31829358952364,32.59278321038486,32.14959684336936,0.0,0.0,0.0,0.0,319,-0.00796226848537559
32.658546348716186,32.2925601875679,32.552753474009265,32.16389317778921,0.0,0.0,0.0,0.0,318,-0.007215805814871629
32.764339223423114,32.2925601875679,32.61851661234059,32.189626579744946,0.0,0.0,0.0,0.0,318,-0.006344932699283674
32.7357465545834,32.381197460971,32.68142048378795,32.20106364728083,0.0,0.0,0.0,0.0,318,-0.005349649138611724
32.69285755132384,32.381197460971,32.7357465545834,32.26682678561217,0.0,0.0,0.0,0.0,316,-0.004354365577939776
32.68427975067193,32.44696059930234,32.80436895979871,32.395493795390855,0.0,0.0,0.0,0.0,316,-0.003483492462351821
32.7357465545834,32.47269400125808,32.79007262537885,32.34402699147938,0.0,0.0,0.0,0.0,316,-0.002488208901679872
32.79007262537885,32.49842740321381,32.72430948704752,32.35546405901526,0.0,0.0,0.0,0.0,316,-0.001866156676259904
32.92445816892548,32.44696059930234,32.78435409161091,32.35546405901526,0.0,0.0,0.0,0.0,317,-0.0017417462311759104
32.85583576371018,32.47269400125808,32.83010236175444,32.35546405901526,0.0,0.0,0.0,0.0,315,-0.001617335786091917
32.81580602733459,32.47269400125808,32.895865500085776,32.421227197346596,0.0,0.0,0.0,0.0,316,-0.0013685148959239298
32.81580602733459,32.62995367987648,32.938754503345336,32.59278321038486,0.0,0.0,0.0,0.0,316,-0.0008708731155879552
32.85583576371018,32.647109281180306,32.938754503345336,32.527020072053524,0.0,0.0,0.0,0.0,315,0.0
32.92445816892548,32.61851661234059,32.88442843254989,32.48699033567793,0.0,0.0,0.0,0.0,315,0.001244104450839936
33.03311031051638,32.564190541545145,32.938754503345336,32.49842740321381,0.0,0.0,0.0,0.0,314,0.002488208901679872
33.018813976096524,32.552753474009265,32.97306570595299,32.527020072053524,0.0,0.0,0.0,0.0,316,0.003359082017267827
32.938754503345336,32.59278321038486,33.044547378052265,32.5985017441528,0.0,0.0,0.0,0.0,314,0.003732313352519808
32.938754503345336,32.72430948704752,33.08457711442786,32.79007262537885,0.0,0.0,0.0,0.0,313,0.003981134242687795
32.97878423972093,32.795791159146795,33.0902956481958,32.71001315262767,0.0,0.0,0.0,0.0,313,0.0042299551328557825
33.06742151312403,32.75004288900326,33.03311031051638,32.66998341625207,0.0,0.0,0.0,0.0,313,0.004603186468107763
33.181792188482866,32.66998341625207,33.05884371247212,32.69571681820781,0.0,0.0,0.0,0.0,313,0.005100828248443737
33.16749585406301,32.69571681820781,33.11602905015154,32.738605821467374,0.0,0.0,0.0,0.0,313,0.0058472909189477
33.055984445588145,32.72430948704752,33.16749585406301,32.79007262537885,0.0,0.0,0.0,0.0,312,0.006842574479619648
33.044547378052265,32.86727283124607,33.22182192485846,32.91016183450563,0.0,0.0,0.0,0.0,314,0.00796226848537559
33.113169783267566,32.895865500085776,33.19894778978669,32.870132098130036,0.0,0.0,0.0,0.0,314,0.009081962491131534
33.19894778978669,32.85583576371018,33.138903185223306,32.82152456110253,0.0,0.0,0.0,0.0,313,0.0097040147165515
33.29044433007377,32.775776290958994,33.17321438783095,32.844398696174295,0.0,0.0,0.0,0.0,312,0.009828425161635495
33.25899239435009,32.795791159146795,33.261851661234054,32.895865500085776,0.1,0.1,0.0,0.0,311,0.009828425161635495
33.19608852290273,32.83010236175444,33.30474066449362,32.91016183450563,0.30000000000000004,0.30000000000000004,0.0,0.0,312,0.009828425161635495
33.19608852290273,32.95019157088122,33.34191113398524,33.03311031051638,0.4,0.4,0.0,0.0,311,0.010077246051803481
33.24469605993023,33.03311031051638,33.319036998913475,33.018813976096524,0.6000000000000001,0.6000000000000001,0.0,0.0,310,0.010823708722307443
33.33047406644936,32.98450277348887,33.281866529421855,33.00451764167667,0.8,0.8,0.0,0.0,310,0.011818992282979392
33.450563275576144,32.88442843254989,33.30474066449362,33.00737690856064,1.0,1.0,0.0,0.0,309,0.012689865398567347
33.42768914050437,32.92445816892548,33.37908160347687,33.018813976096524,1.3,1.3,0.0,0.0,308,0.013436328069071309
33.34191113398524,32.97306570595299,33.42768914050437,33.00451764167667,1.6,1.6,0.0,0.0,306,0.01380955940432329
33.344770400869216,33.05884371247212,33.450563275576144,33.150340252759186,2.1,2.1,0.0,0.0,305,0.014058380294491276
33.41339280608452,33.12746611768742,33.44198547492423,33.16749585406301,2.5,2.5,0.0,0.0,305,0.01455602207482725
33.48487447818379,33.0902956481958,33.39051867101275,33.16749585406301,2.7,2.7,0.0,0.0,305,0.015426895190415206
33.58494881912277,33.00451764167667,33.456281809344084,33.12746611768742,2.9000000000000004,2.9000000000000004,0.0,0.0,304,0.01654658919617115
33.55349688339909,33.018813976096524,33.47629667753188,33.12746611768742,3.3000000000000003,3.3000000000000003,0.0,0.0,303,0.01803951453717907
33.487733745067764,33.055984445588145,33.524904214559385,33.150340252759186,3.6,3.6,0.0,0.0,302,0.019408029433103
33.44198547492423,33.16749585406301,33.58494881912277,33.344770400869216,3.7,3.7,0.0,0.0,302,0.02065213388394294
33.499170812603644,33.20752559043861,33.56779321781895,33.30474066449362,4.0,4.0,0.0,0.0,299,0.021523006999530893
33.59638588665866,33.18751072225081,33.53634128209527,33.27042946188597,4.3,4.3,0.0,0.0,298,0.022518290560202842
33.72219362955338,33.09887344884771,33.55921541716704,33.250414593698174,4.4,4.4,0.0,0.0,298,0.023264753230706803
33.65928975810602,33.12746611768742,33.59638588665866,33.281866529421855,4.800000000000001,4.800000000000001,0.0,0.0,297,0.024135626346294757
33.55349688339909,33.138903185223306,33.65928975810602,33.29044433007377,5.0,5.0,0.0,0.0,297,0.025006499461882714
33.53634128209527,33.23611825927832,33.736489963973234,33.43912620804026,5.1000000000000005,5.1000000000000005,0.0,0.0,295,0.026126193467638656
33.59638588665866,33.319036998913475,33.68216389317779,33.37336306970892,5.4,5.4,0.0,0.0,293,0.027370297918478594
33.73363069708926,33.23611825927832,33.66500829187396,33.37908160347687,5.5,5.5,0.0,0.0,292,0.028738812814402524
33.868016240635896,33.16749585406301,33.68216389317779,33.40195573854864,6.0,6.0,0.0,0.0,291,0.029982917265242458
33.75078629839309,33.16177732029507,33.73363069708926,33.41339280608452,6.0,6.0,0.0,0.0,290,0.03072937993574642
33.6707268256419,33.181792188482866,33.80797163607251,33.456281809344084,6.0,6.0,0.0,0.0,290,0.030978200825914404
33.64499342368617,33.30474066449362,33.85657917310001,33.55921541716704,6.2,6.2,0.0,0.0,289,0.031227021716082395
33.736489963973234,33.35906673528907,33.80797163607251,33.524904214559385,6.6000000000000005,6.6000000000000005,0.0,0.0,288,0.031724663496418365
33.88231257505575,33.30474066449362,33.793675301652655,33.53634128209527,7.0,7.0,0.0,0.0,287,0.03271994705709032
33.99382398353062,33.19608852290273,33.793675301652655,33.51060788013953,7.1000000000000005,7.1000000000000005,0.0,0.0,287,0.033964051507930255
33.8480013724481,33.22182192485846,33.85657917310001,33.53634128209527,7.1000000000000005,7.1000000000000005,0.0,0.0,284,0.03533256640385418
33.74506776462515,33.27042946188597,33.91948304454737,33.55349688339909,7.300000000000001,7.300000000000001,0.0,0.0,282,0.036327849964526135
33.74506776462515,33.387659404128776,33.942357179619144,33.70789729513353,7.800000000000001,7.800000000000001,0.0,0.0,281,0.037198723080114085
33.8480013724481,33.43912620804026,33.89374964259164,33.65928975810602,8.1,8.1,0.0,0.0,280,0.03806959619570204
33.99382398353062,33.35906673528907,33.89374964259164,33.624978555498366,8.6,8.6,0.0,0.0,278,0.03869164842112201
34.042431520558125,33.293303596957735,33.89089037570766,33.6221192886144,9.0,9.0,0.0,0.0,279,0.03869164842112201
33.89374964259164,33.319036998913475,33.98238691599474,33.66500829187396,9.5,9.5,0.0,0.0,277,0.03869164842112201
33.82226797049236,33.34191113398524,34.03099445302224,33.70789729513353,10.0,10.0,0.0,0.0,276,0.03869164842112201
33.80797163607251,33.47057814376394,34.05672785497798,33.78223823411677,10.3,10.3,0.0,0.0,275,0.038816058866206
33.868016240635896,33.499170812603644,33.93377937896723,33.75078629839309,10.8,10.8,0.0,0.0,273,0.039064879756373995
34.048150054326065,33.40195573854864,33.956653514039,33.71933436266941,11.100000000000001,11.100000000000001,0.0,0.0,273,0.03943811109162597
34.11963172642534,33.35334820152113,33.96809058157488,33.73363069708926,11.100000000000001,11.100000000000001,0.0,0.0,272,0.03968693198179396
33.93092011208326,33.37336306970892,34.06244638874592,33.69360096071367,11.100000000000001,11.100000000000001,0.0,0.0,272,0.03968693198179396
33.868016240635896,33.40195573854864,34.11963172642534,33.793675301652655,10.9,10.9,0.0,0.0,271,0.03968693198179396
33.948075713387084,33.47057814376394,34.068164922513866,33.93092011208326,10.600000000000001,10.600000000000001,0.0,0.0,268,0.040060163317045934
34.093898324469606,33.524904214559385,33.99382398353062,33.779378967232795,10.200000000000001,10.200000000000001,0.0,0.0,264,0.04117985732280188
34.24543946932006,33.499170812603644,34.01955738548636,33.80797163607251,9.8,9.8,0.0,0.0,253,0.04217514088347383
34.20826899982844,33.42768914050437,34.06244638874592,33.830845771144276,9.3,9.3,0.0,0.0,228,0.042672782663809805
34.105335392005486,33.47057814376394,34.11963172642534,33.793675301652655,8.8,8.8,0.0,0.0,206,0.043046013999061786
34.07674272316578,33.47629667753188,34.105335392005486,33.85657917310001,8.200000000000001,8.200000000000001,0.0,0.0,187,0.043792476669565754
34.03099445302224,33.56779321781895,34.042431520558125,33.88231257505575,7.800000000000001,7.800000000000001,0.0,0.0,169,0.04478776023023769
33.956653514039,33.54777834963115,33.948075713387084,33.83370503802824,7.4,7.4,0.0,0.0,155,0.04565863334582565
33.93092011208326,33.524904214559385,33.956653514039,33.85657917310001,7.0,7.0,0.0,0.0,147,0.046156275126161626
33.8480013724481,33.42768914050437,33.98238691599474,33.830845771144276,6.6000000000000005,6.6000000000000005,0.0,0.0,126,0.04640509601632961
33.793675301652655,33.524904214559385,34.01955738548636,33.70789729513353,6.300000000000001,6.300000000000001,0.0,0.0,109,0.04652950646141361
33.70789729513353,33.47629667753188,33.97666838222679,33.84514210556413,6.1000000000000005,6.1000000000000005,0.0,0.0,96,0.046653916906497596
33.59638588665866,33.55349688339909,33.88231257505575,33.88231257505575,6.1000000000000005,6.1000000000000005,0.0,0.0,83,0.046653916906497596
33.58494881912277,33.51060788013953,33.81940870360839,33.87659404128781,6.1000000000000005,6.1000000000000005,0.0,0.0,74,0.046653916906497596
33.53920054897924,33.43912620804026,33.80797163607251,33.75650483216103,6.1000000000000005,6.1000000000000005,0.0,0.0,62,0.0467783273515816
33.41339280608452,33.40195573854864,33.84514210556413,33.65928975810602,5.6000000000000005,5.6000000000000005,0.0,0.0,56,0.0467783273515816
33.29044433007377,33.40195573854864,33.905186710127516,33.67930462629381,5.1000000000000005,5.1000000000000005,0.0,0.0,48,0.04690273779666559
33.22182192485846,33.36764453594098,33.93092011208326,33.81940870360839,4.800000000000001,4.800000000000001,0.0,0.0,40,0.04740037957700156
33.181792188482866,33.42768914050437,33.793675301652655,33.793675301652655,4.3,4.3,0.0,0.0,34,0.04789802135733754
33.27614799565391,33.42768914050437,33.81940870360839,33.70789729513353,4.0,4.0,0.0,0.0,29,0.04839566313767351
33.319036998913475,33.344770400869216,33.793675301652655,33.68216389317779,3.6,3.6,0.0,0.0,24,0.04914212580817747
33.23611825927832,33.30474066449362,33.830845771144276,33.67930462629381,3.4000000000000004,3.4000000000000004,0.0,0.0,18,0.050137409368849424
33.11602905015154,33.27614799565391,33.84514210556413,33.63355635615028,3.2,3.2,0.0,0.0,16,0.05113269292952137
33.044547378052265,33.25899239435009,33.84514210556413,33.71933436266941,3.0,3.0,0.0,0.0,13,0.05225238693527731
33.00451764167667,33.33047406644936,33.75078629839309,33.67930462629381,2.8000000000000003,2.8000000000000003,0.0,0.0,10,0.05349649138611724
33.10173271573168,33.319036998913475,33.73363069708926,33.61068222107851,2.6,2.6,0.0,0.0,7,0.05498941672712517
33.12746611768742,33.23611825927832,33.75078629839309,33.624978555498366,2.4000000000000004,2.4000000000000004,0.0,0.0,5,0.05648234206813309
33.113169783267566,33.138903185223306,33.80797163607251,33.58494881912277,2.6,2.6,0.0,0.0,2,0.057353215183721044
33.044547378052265,33.11602905015154,33.80797163607251,33.53920054897924,2.9000000000000004,2.9000000000000004,0.0,0.0,0,0.05785085696405702
32.938754503345336,33.09887344884771,33.793675301652655,33.6707268256419,3.1,3.1,0.0,0.0,-1,0.058348498744393004
32.870132098130036,33.17321438783095,33.69646022759764,33.6221192886144,3.3000000000000003,3.3000000000000003,0.0,0.0,-2,0.058348498744393004
32.99022130725682,33.15319951964316,33.70789729513353,33.55349688339909,3.4000000000000004,3.4000000000000004,0.0,0.0,-4,0.058348498744393004
33.018813976096524,33.044547378052265,33.72219362955338,33.53634128209527,3.8000000000000003,3.8000000000000003,0.0,0.0,-5,0.058348498744393004
32.96448790530108,32.938754503345336,33.74506776462515,33.48487447818379,4.0,4.0,0.0,0.0,-6,0.058348498744393004
32.844398696174295,32.895865500085776,33.73363069708926,33.499170812603644,4.3,4.3,0.0,0.0,-7,0.058348498744393004
32.62995367987648,32.88442843254989,33.63641562303425,33.59638588665866,4.800000000000001,4.800000000000001,0.0,0.0,-8,0.058348498744393004
32.564190541545145,32.92445816892548,33.487733745067764,33.499170812603644,5.2,5.2,0.0,0.0,-8,0.058348498744393004
32.68427975067193,32.890146966317836,33.44198547492423,33.48487447818379,5.800000000000001,5.800000000000001,0.0,0.0,-9,0.058348498744393004
32.69571681820781,32.764339223423114,33.499170812603644,33.462000343112024,6.800000000000001,6.800000000000001,0.2,0.2,-9,0.058348498744393004
32.61851661234059,32.658546348716186,33.524904214559385,33.387659404128776,7.9,7.9,1.1,1.1,-10,0.05797526740914102
32.538457139589404,32.59278321038486,33.524904214559385,33.40195573854864,9.1,9.1,2.6,2.5,-10,0.05747762562880505
32.395493795390855,32.564190541545145,33.42768914050437,33.48487447818379,10.5,10.5,4.3,4.2,-10,0.056855573403385075
32.34402699147938,32.552753474009265,33.319036998913475,33.41339280608452,12.0,12.100000000000001,6.7,6.6000000000000005,-10,0.0562335211779651
32.36976039343512,32.51272373763367,33.30474066449362,33.27614799565391,13.8,13.8,9.3,9.200000000000001,-9,0.055362648062377146
32.421227197346596,32.34402699147938,33.37908160347687,33.17321438783095,13.8,13.8,12.4,12.200000000000001,-9,0.054118543611537215
32.40693086292674,32.072396637502145,33.51060788013953,33.08457711442786,15.5,15.600000000000001,14.100000000000001,14.0,-10,0.052127976490193316
32.25253045119231,31.88368502316006,33.47629667753188,33.09887344884771,17.2,18.2,14.100000000000001,15.8,-10,0.0505106407041014
32.06095956996626,31.58346200034311,33.22182192485846,33.10173271573168,17.2,18.2,14.100000000000001,19.5,-17,0.04976417803359744
32.072396637502145,31.486246926288096,33.138903185223306,32.97878423972093,20.400000000000002,18.2,10.5,19.900000000000002,-17,0.048893304918009486
32.09813003945788,31.69497340881798,33.21038485732258,32.79007262537885,20.400000000000002,18.2,8.0,24.400000000000002,-17,0.04752479002208555
32.09813003945788,31.958025962143303,33.27614799565391,32.64425001429633,20.400000000000002,21.900000000000002,8.0,29.0,-23,0.04628068557124562
31.869388688740205,31.998055698518897,33.25899239435009,32.47269400125808,20.400000000000002,21.900000000000002,8.0,32.1,-23,0.04528540201057367
31.70641047635386,32.03522616801052,33.16749585406301,32.381197460971,20.400000000000002,21.900000000000002,8.0,33.0,-29,0.04429011844990172
31.63206953737061,32.072396637502145,33.03311031051638,32.34688625836335,20.400000000000002,21.900000000000002,8.0,34.0,-29,0.043419245334313766
31.509121061359863,32.16389317778921,32.901584033853716,32.32973065705953,24.1,21.900000000000002,8.0,31.700000000000003,-29,0.04254837221872581
31.288957511294104,32.11242637387773,32.85583576371018,32.27826385314805,22.0,21.900000000000002,8.0,34.7,-34,0.04192631999330584
31.19174243723909,31.958025962143303,32.83010236175444,32.17533024532509,22.0,21.900000000000002,8.0,34.7,-34,0.04192631999330584
31.071653228112307,31.85795162120432,32.80436895979871,32.12386344141362,22.0,21.900000000000002,8.0,34.6,-34,0.04180190954822185
30.917252816377875,31.85795162120432,32.68142048378795,31.958025962143303,22.0,21.900000000000002,8.0,34.6,-34,0.04155308865805386
30.74283753645565,31.92085549265168,32.51272373763367,31.98375936409904,22.0,24.6,8.0,34.5,-34,0.04155308865805386
30.348258706467657,31.958025962143303,32.30399725510379,32.03522616801052,22.0,22.8,8.0,34.300000000000004,-33,0.04155308865805386
29.999428146623202,31.94658889460742,32.381197460971,31.9094184251158,22.0,22.8,8.0,34.2,-33,0.041055446877717894
29.764968262137586,31.846514553668435,32.395493795390855,31.92085549265168,23.900000000000002,22.8,8.0,28.700000000000003,-33,0.040682215542465906
29.344656030193853,31.69497340881798,32.2925601875679,31.932292560187566,23.900000000000002,22.8,8.0,33.7,-33,0.040682215542465906
28.75850631897981,31.63206953737061,32.16389317778921,31.683536341282093,23.900000000000002,22.8,8.0,33.7,-33,0.040682215542465906
28.04940813175502,31.63206953737061,32.02378910047464,31.683536341282093,23.900000000000002,22.8,8.0,33.6,-18,0.04055780509738191
27.34030994453022,31.62063246983473,31.9094184251158,31.609195402298845,23.900000000000002,26.1,8.0,33.9,-13,0.04055780509738191
26.665522959913076,31.58346200034311,31.79504774975696,31.509121061359863,23.900000000000002,26.1,8.0,33.9,-13,0.04055780509738191
26.070795448047118,31.49768399382398,31.70641047635386,31.46051352433236,20.400000000000002,26.1,8.0,33.9,-12,0.04055780509738191
25.656201749871332,31.37473551781323,31.63206953737061,31.363298450277345,17.400000000000002,24.5,10.8,33.9,-11,0.040682215542465906
25.54183107451249,31.22891290673071,31.646365871790472,31.22891290673071,14.700000000000001,23.200000000000003,13.9,33.9,-11,0.040682215542465906
25.733401955738547,31.060216160576424,31.58346200034311,31.145994167095555,12.5,23.400000000000002,17.400000000000002,33.9,-12,0.041055446877717894
26.239492194201404,30.728541202035796,31.37473551781323,31.120260765139815,12.5,26.900000000000002,17.400000000000002,33.9,-11,0.04167749910313785
26.95430891519414,30.405444044147078,31.21747583919483,31.097386630068048,12.5,26.900000000000002,17.400000000000002,33.9,-12,0.04254837221872581
27.723451706982328,30.1767026934294,31.04877909304054,30.98873448847715,12.5,26.900000000000002,17.400000000000002,33.800000000000004,-12,0.04354365577939776
28.689883913764508,30.02230228169497,31.037342025504657,30.954423285869503,12.5,26.900000000000002,17.400000000000002,33.7,-12,0.04416570800481773
29.853605535540684,29.887916738148334,31.04877909304054,30.882941613770228,12.5,26.900000000000002,17.400000000000002,33.7,-13,0.04416570800481773
31.071653228112307,29.77640532967347,31.025904957968773,30.811459941670954,17.8,27.200000000000003,21.200000000000003,19.5,-13,0.04366806622448175
31.326127980785724,29.547663978955793,31.025904957968773,30.894378681306108,17.8,28.1,24.700000000000003,24.0,-13,0.04180190954822185
31.22891290673071,29.158803682735744,31.145994167095555,30.894378681306108,17.8,28.1,29.3,28.6,-13,0.038816058866206
31.04877909304054,28.524046434494196,31.22891290673071,30.76571167152742,17.8,28.1,29.3,28.6,-13,0.03620343951944213
30.788585806599187,27.623377366043343,31.21747583919483,30.62560759421284,17.8,30.1,21.900000000000002,21.3,-13,0.03533256640385418
30.800022874135067,26.8599531080231,31.120260765139815,30.68279293189226,17.8,30.1,16.400000000000002,16.0,-13,0.03545697684893818
30.928689883913762,26.2595070623892,30.98873448847715,30.882941613770228,17.8,30.1,12.4,12.200000000000001,-13,0.03545697684893818
30.97729742094127,26.159432721450216,31.071653228112307,31.145994167095555,19.200000000000003,30.1,9.4,9.1,-14,0.0350837455136862
30.76571167152742,26.399611139703776,31.097386630068048,31.180305369703202,20.400000000000002,31.6,7.2,7.1000000000000005,-13,0.03421287239809824
30.47406644936238,26.902842111282666,30.942986218333616,31.097386630068048,21.6,31.6,7.2,7.1000000000000005,-14,0.03383964106284626
30.22245096357294,27.557614227712012,30.7771487390633,30.965860353405382,24.8,33.1,7.2,7.1000000000000005,-14,0.03383964106284626
30.065191284954537,28.435409161091094,30.8457711442786,30.822897009206834,24.8,33.2,7.2,7.1000000000000005,-14,0.03383964106284626
30.030880082346883,29.547663978955793,30.98873448847715,30.76571167152742,24.8,33.800000000000004,7.2,7.1000000000000005,-14,0.03383964106284626
30.01086521415909,30.19957682850117,31.025904957968773,30.74283753645565,25.8,34.0,9.9,9.8,-14,0.034088461953014244
30.04231714988277,30.29107336878824,30.882941613770228,30.717104134499913,28.700000000000003,33.9,9.9,11.200000000000001,-15,0.034088461953014244
30.11093955509807,30.245325098644706,30.65991879682049,30.602733459141074,28.700000000000003,33.9,9.9,11.200000000000001,-15,0.034088461953014244
30.11093955509807,30.14525075770572,30.416881111682958,30.519814719505916,31.700000000000003,33.800000000000004,9.9,11.200000000000001,-15,0.034337282843182236
29.95367987647967,30.04231714988277,30.405444044147078,30.47406644936238,34.9,34.2,9.9,11.200000000000001,-15,0.033964051507930255
29.644879053010808,29.919368673872015,30.508377651970033,30.4626293818265,34.9,34.5,11.3,11.200000000000001,-15,0.0330931783923423
29.57053811402756,29.764968262137586,30.542688854577683,30.359695774003544,34.6,34.300000000000004,14.5,14.3,-15,0.03259553661200632
29.610567850403154,29.613427117287127,30.47406644936238,30.29107336878824,34.5,35.300000000000004,14.5,17.900000000000002,-15,0.03259553661200632
29.59055298221536,29.484760107508432,30.32538457139589,30.14525075770572,34.4,35.4,14.5,22.0,-15,0.03222230527675434
29.484760107508432,29.290329959398406,30.19957682850117,29.95367987647967,35.6,35.6,14.5,26.5,-15,0.03135143216116639
29.141648081431917,29.227426087951045,30.188139760965285,29.876479670612454,35.6,35.6,14.5,31.1,-15,0.030604969490662423
28.761365585863782,29.147366615199857,30.268199233716473,29.77640532967347,35.6,35.6,14.5,34.2,-15,0.029982917265242458
28.655572711156857,29.121633213244124,30.19957682850117,29.733516326413906,35.800000000000004,35.800000000000004,14.5,34.2,-15,0.029858506820158465
28.56979470463773,29.090181277520443,30.088065420026304,29.69062732315434,36.0,36.0,14.5,34.2,-15,0.029858506820158465
28.35820895522388,29.038714473608962,29.976554011551436,29.69062732315434,35.9,35.9,14.5,34.2,-15,0.029734096375074473
28.4640018299308,29.078744209984556,29.976554011551436,29.584834448447413,35.800000000000004,35.800000000000004,14.5,34.2,-16,0.0291120441496545
28.99010693658146,29.08732201063647,29.887916738148334,29.516212043232112,35.800000000000004,35.800000000000004,14.5,34.2,-20,0.02898763370457051
29.344656030193853,29.101618345056323,29.83930920112083,29.484760107508432,35.7,35.7,14.5,34.2,-20,0.028738812814402524
29.439011837364898,29.090181277520443,29.81071653228112,29.35609309772974,35.7,35.7,14.5,34.2,-20,0.027494708363562586
29.461885972436665,29.001544004117342,29.865042603076567,29.195974152227365,35.6,35.6,14.5,34.2,-20,0.025006499461882714
29.344656030193853,28.850002859266883,29.822153599817003,29.195974152227365,35.6,35.6,14.5,34.2,-20,0.02289152189545482
29.215989020415165,28.74706925144393,29.679190255618455,29.238863155486932,35.800000000000004,35.6,14.5,34.2,-24,0.021523006999530893
29.164522216503684,28.707039515068335,29.559101046491676,29.173100017155598,36.1,36.1,14.5,34.2,-24,0.02077654432902693
29.210270486647218,28.641276376737,29.493337908160346,29.141648081431917,36.4,36.4,14.5,34.2,-27,0.02077654432902693
29.070166409332643,28.66700977869274,29.516212043232112,29.121633213244124,36.300000000000004,36.300000000000004,14.5,34.2,-27,0.02077654432902693
28.927203065134098,28.74706925144393,29.5076342425802,29.038714473608962,36.4,36.4,14.5,34.2,-27,0.02077654432902693
28.901469663178357,28.70132098130039,29.439011837364898,28.964373534625718,36.4,36.4,14.5,34.2,-28,0.02065213388394294
28.892891862526444,28.584091039057583,29.321781895122086,29.02441813918911,36.800000000000004,36.800000000000004,14.5,34.2,-27,0.02065213388394294
28.829987991079083,28.546920569565962,29.184537084691485,29.05872934179676,36.800000000000004,36.800000000000004,14.5,34.2,-31,0.020527723438858947
28.641276376737,28.535483502030075,29.121633213244124,28.932921598902038,36.9,36.9,14.5,34.2,-32,0.020527723438858947
28.3953794247155,28.524046434494196,29.05872934179676,28.772802653399665,37.300000000000004,37.300000000000004,14.5,34.2,-32,0.02065213388394294
28.175215874649737,28.535483502030075,29.061588608680733,28.74706925144393,37.6,37.6,14.5,34.2,-32,0.02077654432902693
28.243838279865038,28.524046434494196,28.9958254703494,28.73563218390804,37.800000000000004,37.800000000000004,14.5,34.2,-32,0.020900954774110924
28.3953794247155,28.429690627323154,28.94149939955395,28.60410590724538,38.1,38.1,14.5,34.2,-32,0.020900954774110924
28.355349688339906,28.36964602275976,28.82141019042717,28.564076170869786,38.400000000000006,38.400000000000006,14.5,34.2,-32,0.020900954774110924
28.22096414479327,28.255275347400925,28.712758048836275,28.498313032538455,38.400000000000006,38.400000000000006,14.5,34.2,-31,0.020900954774110924
28.163778807113854,28.15234173957797,28.626980042317147,28.406816492251387,38.400000000000006,38.400000000000006,14.5,34.2,-31,0.020900954774110924
28.140904672042087,28.140904672042087,28.60410590724538,28.36392748899182,38.6,38.6,14.5,34.2,-31,0.020900954774110924
28.069422999942812,28.1294676045062,28.535483502030075,28.243838279865038,38.900000000000006,38.900000000000006,14.5,34.2,-31,0.020900954774110924
28.0608451992909,28.095156401898553,28.486875965002568,28.175215874649737,38.900000000000006,38.900000000000006,14.5,34.2,-31,0.02065213388394294
28.11803053697032,28.009378395379425,28.486875965002568,28.072282266826786,39.0,39.0,14.5,34.2,-31,0.02065213388394294
28.1294676045062,27.866415051180876,28.36392748899182,28.04940813175502,38.900000000000006,39.300000000000004,14.5,35.300000000000004,-25,0.02065213388394294
28.083719334362666,27.743466575170125,28.289586550008575,28.026533996683245,39.2,39.300000000000004,14.5,35.300000000000004,-22,0.02065213388394294
28.003659861611478,27.712014639446444,28.198090009721504,27.957911591467944,39.2,39.300000000000004,14.5,35.300000000000004,-19,0.02065213388394294
27.8835706524847,27.67770343683879,28.1294676045062,27.846400182993076,39.2,39.300000000000004,14.5,35.300000000000004,-19,0.02065213388394294
27.743466575170125,27.654829301767023,28.11803053697032,27.754903642706008,39.2,39.300000000000004,14.5,35.300000000000004,-18,0.02065213388394294
27.76634071024189,27.63481443357923,28.15520100646194,27.723451706982328,39.2,39.300000000000004,14.5,35.300000000000004,-17,0.02065213388394294
27.76634071024189,27.589066163435696,28.072282266826786,27.63481443357923,39.2,39.300000000000004,14.5,35.300000000000004,-18,0.02077654432902693
27.63481443357923,27.468976954308914,27.82352604792131,27.589066163435696,39.300000000000004,39.300000000000004,14.5,35.300000000000004,-17,0.02077654432902693
27.600503230971576,27.40321381597758,27.754903642706008,27.57762909589981,39.300000000000004,39.300000000000004,14.5,35.300000000000004,-17,0.02077654432902693
27.623377366043343,27.391776748441696,27.82352604792131,27.52330302510436,39.300000000000004,39.300000000000004,14.5,35.300000000000004,-17,0.02077654432902693
27.589066163435696,27.294561674386685,27.877852118716756,27.391776748441696,39.300000000000004,39.300000000000004,14.5,35.300000000000004,-17,0.02077654432902693
27.49185108938068,27.28598387373477,27.78921484531366,27.328872876994335,39.300000000000004,39.300000000000004,14.5,35.300000000000004,-16,0.020900954774110924
27.383198947789783,27.294561674386685,27.689140504374677,27.274546806198888,39.300000000000004,39.300000000000004,14.5,35.300000000000004,-15,0.02102536521919492
27.383198947789783,27.243094870475208,27.64625150111511,27.208783667867554,39.300000000000004,39.300000000000004,14.5,35.300000000000004,-15,0.02102536521919492
27.448962086121114,27.177331732143873,27.63481443357923,27.165894664607993,39.300000000000004,39.300000000000004,14.5,35.300000000000004,-15,0.02102536521919492
27.426087951049347,26.997197918453708,27.569051295247895,27.1258649282324,39.300000000000004,39.300000000000004,14.5,35.300000000000004,-16,0.02102536521919492
27.25167267112712,26.92285697947046,27.448962086121114,27.04008692171327,39.300000000000004,39.300000000000004,14.5,35.300000000000004,-16,0.02102536521919492
27.15731686395608,26.914279178818546,27.414650883513463,26.98576085091782,39.300000000000004,39.300000000000004,14.5,35.300000000000004,-16,0.02102536521919492
27.145879796420193,26.902842111282666,27.40321381597758,26.92285697947046,39.300000000000004,39.300000000000004,14.5,35.300000000000004,-17,0.021149775664278912
27.102990793160632,26.92285697947046,27.383198947789783,26.851375307371185,39.300000000000004,39.300000000000004,14.5,35.300000000000004,-17,0.021274186109362905
27.00863498598959,26.902842111282666,27.263109738663005,26.851375307371185,39.6,39.6,14.5,35.300000000000004,-17,0.021274186109362905
26.965745982730027,26.757019500200144,27.177331732143873,26.79990850345971,39.900000000000006,39.900000000000006,14.5,35.300000000000004,-18,0.021274186109362905
26.98576085091782,26.665522959913076,27.051523989249155,26.851375307371185,40.2,40.2,14.5,35.300000000000004,-18,0.021274186109362905
26.8599531080231,26.56258935209012,27.00863498598959,26.788471435923825,40.400000000000006,40.400000000000006,14.5,35.300000000000004,-18,0.021274186109362905
26.725567564476464,26.511122548178644,26.914279178818546,26.654085892377193,40.6,40.6,14.5,35.300000000000004,-18,0.021398596554446897
26.6140561560016,26.522559615714528,26.8599531080231,26.622633956653512,40.7,40.7,14.5,35.300000000000004,-18,0.021647417444614885
26.49110767999085,26.511122548178644,26.831360439183392,26.522559615714528,40.800000000000004,40.800000000000004,14.5,35.300000000000004,-19,0.02214505922495086
26.45965574426717,26.49968548064276,26.777034368387945,26.49110767999085,41.0,41.0,14.5,35.300000000000004,-18,0.022642701005286835
26.419626007891576,26.411048207239663,26.725567564476464,26.419626007891576,41.2,41.2,14.5,35.300000000000004,-18,0.02289152189545482
26.411048207239663,26.288099731228908,26.6140561560016,26.411048207239663,41.2,41.2,14.5,35.300000000000004,-18,0.02289152189545482
26.3281294676045,26.23091439354949,26.511122548178644,26.411048207239663,41.300000000000004,41.300000000000004,14.5,35.300000000000004,-19,0.02289152189545482
26.250929261737287,26.159432721450216,26.451077943615257,26.299536798764795,41.300000000000004,41.300000000000004,14.5,35.300000000000004,-19,0.02289152189545482
26.170869788986103,26.070795448047118,26.431063075427456,26.1908846571739,41.6,41.6,14.5,35.300000000000004,-19,0.023015932340538815
26.1022473837708,26.033624978555494,26.411048207239663,26.159432721450216,41.6,41.6,14.5,35.300000000000004,-19,0.023015932340538815
25.9935952421799,26.042202779207408,26.37101847086407,26.042202779207408,41.6,41.6,14.5,35.300000000000004,-19,0.02314034278562281
25.9935952421799,26.002173042831814,26.3281294676045,25.98215817464402,41.6,41.6,14.5,35.300000000000004,-18,0.023264753230706803
25.9935952421799,25.847772631097385,26.250929261737287,25.916395036312686,41.6,41.6,14.5,35.300000000000004,-18,0.023264753230706803
26.0136101103677,25.74197975639046,26.159432721450216,25.9249728369646,41.5,41.5,14.5,35.300000000000004,-19,0.023264753230706803
25.944987705152396,25.636186881683532,26.110825184422712,25.836335563561498,41.5,41.5,14.5,35.300000000000004,-19,0.023264753230706803
25.86778749928518,25.607594212843825,26.05078057985932,25.733401955738547,41.5,41.5,14.5,35.300000000000004,-19,0.023264753230706803
25.799165094069878,25.54183107451249,26.022187911019614,25.656201749871332,41.5,41.5,14.5,35.300000000000004,-19,0.023264753230706803
25.733401955738547,25.550408875164404,26.022187911019614,25.62760908103162,41.5,41.5,14.5,35.300000000000004,-19,0.023264753230706803
25.68479441871104,25.550408875164404,25.973580373992107,25.579001544004118,41.5,41.5,14.5,35.300000000000004,-20,0.023264753230706803
25.644764682335445,25.50466060502087,25.884943100589005,25.46749013552925,41.5,41.5,14.5,35.300000000000004,-19,0.023264753230706803
25.61903128037971,25.364556527706295,25.799165094069878,25.43889746668954,41.5,41.5,14.5,35.300000000000004,-19,0.023264753230706803
25.56184594270029,25.253045119231427,25.693372219362953,25.476067936181163,41.5,41.5,14.5,35.300000000000004,-19,0.023264753230706803
25.43889746668954,25.187281980900096,25.62760908103162,25.430319666037626,41.5,41.5,14.5,35.300000000000004,-19,0.023264753230706803
25.307371190026874,25.141533710756562,25.54183107451249,25.281637788071137,41.5,41.5,14.5,35.300000000000004,-19,0.0233891636757908
25.244467318579517,25.104363241264934,25.521816206324697,25.26162291988334,41.5,41.5,14.5,35.300000000000004,-22,0.023637984565958784
25.141533710756562,25.070052038657288,25.484645736833073,25.198719048435976,41.5,41.5,14.5,35.300000000000004,-22,0.024135626346294757
25.061474238005374,25.070052038657288,25.393149196546002,25.141533710756562,41.5,41.5,14.5,35.300000000000004,-22,0.02488208901679872
25.015725967861837,24.98713329902213,25.307371190026874,25.032881569165664,41.5,41.5,14.5,35.300000000000004,-21,0.025504141242218687
24.932807228226682,24.907073826270942,25.215874649739803,25.015725967861837,41.5,41.5,14.5,35.300000000000004,-21,0.02575296213238668
24.861325556127408,24.78126608337622,25.13295591010465,25.007148167209927,41.5,41.5,14.5,35.300000000000004,-21,0.026001783022554664
24.789843884028134,24.706925144392972,25.032881569165664,24.92422942757477,41.5,41.5,14.5,35.300000000000004,-25,0.026126193467638656
24.664036141133412,24.64973980671356,24.932807228226682,24.867044089895348,41.5,41.5,14.5,35.300000000000004,-25,0.026126193467638656
24.581117401498254,24.624006404757818,24.89849602561903,24.772688282724307,41.5,41.5,14.5,35.300000000000004,-24,0.026126193467638656
24.458168925487502,24.526791330702807,24.932807228226682,24.684051009321205,41.2,41.2,14.5,35.300000000000004,-28,0.02625060391272265
24.443872591067645,24.50963572939898,24.852747755475495,24.621147137873844,40.900000000000006,40.900000000000006,14.5,35.300000000000004,-28,0.02662383524797463
24.44101332418368,24.39240578715617,24.75553268142048,24.501057928747066,40.900000000000006,40.900000000000006,14.5,35.300000000000004,-28,0.027121477028310605
24.423857722879852,24.286612912449243,24.60113226968605,24.501057928747066,40.900000000000006,40.900000000000006,14.5,35.300000000000004,-28,0.027121477028310605
24.320924115056897,24.17796077085835,24.63258420540973,24.463887459255446,40.900000000000006,40.900000000000006,14.5,35.300000000000004,-28,0.027121477028310605
24.15794590267055,24.075027163035397,24.552524732658544,24.423857722879852,40.900000000000006,40.900000000000006,14.5,35.300000000000004,-28,0.027121477028310605
23.940641619488762,23.986389889632296,24.518213530050893,24.278035111797333,40.900000000000006,40.900000000000006,14.5,35.300000000000004,-28,0.027370297918478594
23.75764853891462,23.93206381883685,24.380968719620284,24.243723909189683,40.900000000000006,40.900000000000006,14.5,35.300000000000004,-31,0.027867939698814567
23.374506776462514,23.886315548693315,24.35523531766455,24.11791616629496,40.900000000000006,40.900000000000006,14.5,35.300000000000004,-31,0.028738812814402524
22.891290673071424,23.886315548693315,24.30948704752101,24.08360496368731,40.900000000000006,40.900000000000006,14.5,35.300000000000004,-31,0.02948527548490648
22.71973466003317,23.874878481157428,24.26087951049351,23.906330416881108,40.900000000000006,40.900000000000006,14.5,35.300000000000004,-31,0.03035614860049444
22.754045862640815,23.75764853891462,24.066449362383484,23.88345628180934,40.900000000000006,40.900000000000006,14.5,35.300000000000004,-31,0.031724663496418365
22.88271287241951,23.660433464859608,23.92634528506891,23.897752616229194,40.900000000000006,40.900000000000006,14.5,35.300000000000004,-31,0.03247112616692233
23.140046891976898,23.583233258992394,23.88345628180934,23.809115342826097,40.900000000000006,40.900000000000006,14.5,35.300000000000004,-31,0.03247112616692233
23.57465545834048,23.546062789500773,23.946360153256702,23.67187053239549,40.900000000000006,40.900000000000006,14.5,35.300000000000004,-25,0.03234671572183834
23.583233258992394,23.411677245954134,23.917767484416995,23.583233258992394,40.900000000000006,40.900000000000006,14.5,35.300000000000004,-23,0.03234671572183834
23.411677245954134,23.374506776462514,23.809115342826097,23.566077657688567,40.900000000000006,40.900000000000006,14.5,35.300000000000004,-21,0.03222230527675434
23.297306570595296,23.354491908274717,23.777663407102416,23.50603305312518,40.5,40.5,14.5,35.300000000000004,-21,0.03234671572183834
23.251558300451762,23.231543432263965,23.75764853891462,23.374506776462514,40.2,40.2,14.5,35.300000000000004,-21,0.03234671572183834
23.222965631612052,23.082861554297477,23.646137130439755,23.30874363813118,40.2,40.2,14.5,35.300000000000004,-21,0.03222230527675434
23.268713901755586,22.937038943214958,23.57465545834048,23.260136101103676,40.2,40.2,14.5,35.300000000000004,-20,0.03222230527675434
23.194372962772345,22.79979413278435,23.468862583633552,23.217247097844112,40.2,40.2,14.5,35.300000000000004,-20,0.03222230527675434
23.019957682850116,22.745468061988902,23.43169211414193,23.10287642248527,40.2,40.2,14.5,35.300000000000004,-19,0.03222230527675434
22.94561674386687,22.694001258077428,23.494595985589292,23.111454223137184,40.2,40.2,14.5,35.300000000000004,-18,0.03222230527675434
22.874135071767597,22.68256419054154,23.46028478298164,22.99994281466232,40.2,40.2,14.5,35.300000000000004,-16,0.03222230527675434
22.711156859381255,22.665408589237718,23.325899239435007,22.974209412706582,40.2,40.2,14.5,35.300000000000004,-16,0.03222230527675434
22.622519585978154,22.665408589237718,23.222965631612052,22.962772345170695,40.2,40.2,14.5,35.300000000000004,-17,0.03222230527675434
22.593926917138443,22.673986389889627,23.157202493280717,22.828386801624063,39.7,39.7,14.5,35.300000000000004,-17,0.03222230527675434
22.51672671127123,22.55103791387888,23.10287642248527,22.816949734088176,39.400000000000006,39.400000000000006,14.5,35.300000000000004,-17,0.03222230527675434
22.46240064047578,22.445245039171954,23.057128152341736,22.808371933436263,39.400000000000006,39.400000000000006,14.5,35.300000000000004,-16,0.03234671572183834
22.40235603591239,22.428089437868127,22.8541202035798,22.73689026133699,39.400000000000006,39.400000000000006,14.5,35.300000000000004,-15,0.03247112616692233
22.33087436381312,22.339452164465026,22.728312460685075,22.602504717790357,39.400000000000006,39.400000000000006,14.5,35.300000000000004,-15,0.03259553661200632
22.210785154686338,22.2536741579459,22.711156859381255,22.559615714530793,39.400000000000006,39.400000000000006,14.5,35.300000000000004,-15,0.03259553661200632
22.059244009835876,22.236518556642075,22.774060730828616,22.542460113226966,39.400000000000006,39.400000000000006,14.5,35.300000000000004,-15,0.03259553661200632
21.79047292274261,22.210785154686338,22.71973466003317,22.4109338365643,39.400000000000006,39.400000000000006,14.5,35.300000000000004,-14,0.03271994705709032
21.7418653857151,22.16789615142677,22.68256419054154,22.322296563161206,39.400000000000006,39.400000000000006,14.5,35.300000000000004,-14,0.0329687679472583
21.816206324698346,22.150740550122947,22.533882312575052,22.287985360553552,39.400000000000006,39.400000000000006,14.5,35.300000000000004,-14,0.0329687679472583
21.824784125350256,21.950591868244977,22.43666723852004,22.270829759249725,39.400000000000006,39.400000000000006,14.5,35.300000000000004,-14,0.0329687679472583
21.67610224738377,21.83336192600217,22.376622633956654,22.210785154686338,39.400000000000006,39.400000000000006,14.5,35.300000000000004,-14,0.0329687679472583
21.636072511008177,21.733287585063188,22.36804483330474,22.150740550122947,38.900000000000006,38.900000000000006,14.5,35.300000000000004,-13,0.0329687679472583
21.64465031166009,21.61891690970435,22.36804483330474,22.0077772059244,38.5,38.5,14.5,35.300000000000004,-13,0.0329687679472583
21.61319837593641,21.52456110253331,22.27940755990164,21.933436266941158,38.5,38.5,14.5,35.300000000000004,-13,0.0329687679472583
21.45022016355006,21.490249899925654,22.185051752730597,21.89054726368159,38.5,38.5,14.5,35.300000000000004,-13,0.0329687679472583
21.184308343340767,21.458797964201974,22.142162749471034,21.79047292274261,38.5,38.5,14.5,35.300000000000004,-13,0.0329687679472583
20.95842625950706,21.4759535655058,22.13358494881912,21.718991250643334,38.5,38.5,14.5,35.300000000000004,-13,0.03346640972759428
20.672499571109963,21.467375764853887,21.964888202664838,21.653228112312004,38.5,38.5,14.5,35.300000000000004,-13,0.03421287239809824
20.37513581517699,21.370160690798876,21.89054726368159,21.596042774632583,37.9,37.9,14.5,35.300000000000004,-13,0.034834924623518206
20.05489792417224,21.307256819351515,21.79047292274261,21.627494710356263,37.300000000000004,37.300000000000004,14.5,35.300000000000004,-14,0.03533256640385418
19.620289357808655,21.212901012180474,21.750443186367015,21.538857436953162,37.0,37.0,14.5,35.300000000000004,-15,0.03583020818419016
19.245725396008464,21.175730542688854,21.68468004803568,21.418768227826384,36.6,36.6,14.5,35.300000000000004,-15,0.036452260409610124
18.916909704351802,21.121404471893406,21.653228112312004,21.355864356379023,36.6,36.6,14.5,35.300000000000004,-16,0.036825491744862104
18.51947160747984,21.081374735517812,21.604620575284496,21.31583462000343,36.6,36.6,14.5,35.300000000000004,-19,0.03707431263503009
18.16778178075141,21.075656201749872,21.515983301881395,21.252930748556068,36.6,36.6,14.5,35.300000000000004,-19,0.03732313352519808
17.956196031337566,21.081374735517812,21.48167209927374,21.2300566134843,36.6,36.6,14.5,35.300000000000004,-19,0.03782077530553406
17.76176588322754,20.98987819523074,21.370160690798876,21.081374735517812,36.6,36.6,14.5,35.300000000000004,-19,0.03869164842112201
17.573054268885457,20.889803854291756,21.307256819351515,21.058500600446045,36.6,36.6,14.5,35.300000000000004,-19,0.03943811109162597
17.42723165780294,20.8068851146566,21.238634414136214,21.06707840109796,36.6,36.6,14.5,35.300000000000004,-19,0.03981134242687795
17.264253445416593,20.65248470292217,21.158574941385027,20.952707725739117,36.6,36.6,14.5,35.300000000000004,-18,0.04018457376212993
17.089838165494367,20.51238062560759,21.144278606965173,20.884085320523816,31.400000000000002,34.4,18.0,35.300000000000004,-19,0.040308984207213926
17.04123062846686,20.44661748727626,21.09853033682164,20.846914851032192,27.900000000000002,32.4,21.8,35.300000000000004,-23,0.04043339465229792
17.567335735117513,20.252187339166234,21.10424887058958,20.749699776977184,27.900000000000002,31.5,23.900000000000002,35.300000000000004,-23,0.04093103643263389
18.430834334076742,20.07491279236004,20.98987819523074,20.65820323669011,27.900000000000002,31.5,23.900000000000002,35.300000000000004,-22,0.04180190954822185
19.531652084405557,19.889060444901926,20.749699776977184,20.56384742951907,27.900000000000002,32.0,23.900000000000002,35.300000000000004,-22,0.04317042444414578
20.549551095099215,19.826156573454565,20.483787956767884,20.518099159375534,31.400000000000002,32.7,23.900000000000002,27.700000000000003,-26,0.04366806622448175
20.681077371761877,19.969119917653114,20.638188368502316,20.489506490535824,31.400000000000002,33.4,23.900000000000002,27.700000000000003,-26,0.042672782663809805
20.47521015611597,19.96626065076914,20.666781037342023,20.469491622348027,31.400000000000002,34.2,23.900000000000002,27.700000000000003,-26,0.04130426776788588
20.117801795619602,19.943386515697373,20.47521015611597,20.43803968662435,31.200000000000003,33.0,26.5,30.6,-26,0.041055446877717894
19.98627551895694,19.806141705266768,20.37513581517699,20.38085434894493,31.200000000000003,32.800000000000004,29.3,30.6,-26,0.04205073043838984
20.05489792417224,19.68605249613999,20.360839480757132,20.260765139818147,31.200000000000003,33.6,31.400000000000002,30.6,-25,0.0429216035539778
20.117801795619602,19.523074283753644,20.31223194372963,20.217876136558587,32.6,33.5,31.400000000000002,30.6,-26,0.04329483488922977
19.971979184537084,19.322925601875678,20.28935780865786,20.166409332647106,33.9,33.2,31.400000000000002,30.6,-26,0.04329483488922977
19.72322296563161,19.17424372390919,20.32366901126551,20.126379596271512,35.1,33.0,31.400000000000002,30.6,-30,0.04329483488922977
19.585978155201005,18.959798707611366,20.280780008005948,20.097786927431805,34.300000000000004,32.7,31.400000000000002,30.6,-30,0.04329483488922977
19.51449648310173,18.7596500257334,20.23789100474638,19.98627551895694,33.6,32.4,31.400000000000002,30.6,-22,0.04329483488922977
19.440155544118486,18.62240521530279,20.152112998227253,19.926230914393546,33.1,32.2,31.400000000000002,30.6,-22,0.04329483488922977
19.38297020643907,18.599531080231024,20.000571853376794,19.849030708526332,32.5,32.0,23.3,30.6,-18,0.04329483488922977
19.380110939555095,18.676731286098246,19.90907531308972,19.849030708526332,32.1,31.700000000000003,22.6,30.6,-15,0.04329483488922977
19.400125807742892,18.88545776862812,19.9605421170012,19.740378566935437,31.8,31.5,22.6,30.6,4,0.04329483488922977
19.325784868759648,19.23714759535655,19.937667981929433,19.591696688968945,31.5,31.3,22.6,30.6,2,0.04329483488922977
19.27717733173214,19.20569565963287,19.849030708526332,19.554526219477324,31.3,31.0,22.6,30.5,7,0.04329483488922977
19.20569565963287,19.079887916738148,19.731800766283524,19.523074283753644,31.200000000000003,30.8,22.6,30.5,14,0.04329483488922977
19.20569565963287,18.88259850174415,19.637444959112482,19.440155544118486,31.1,30.6,22.6,30.700000000000003,40,0.04329483488922977
19.14851032195345,18.859724366672385,19.580259621433065,19.405844341510836,31.0,30.6,22.6,30.900000000000002,57,0.04329483488922977
18.99982844398696,18.868302167324295,19.491622348029964,19.282895865500084,31.0,30.6,22.6,30.900000000000002,97,0.04329483488922977
18.868302167324295,18.868302167324295,19.448733344770396,19.260021730428317,30.8,30.6,22.6,30.700000000000003,130,0.043419245334313766
18.813976096528847,18.87402070109224,19.374392405787155,19.188540058329043,30.6,30.200000000000003,22.6,30.5,139,0.043419245334313766
18.779664893921197,18.6910276205181,19.30291073368788,19.168525190141246,30.400000000000002,29.900000000000002,22.6,30.400000000000002,146,0.04354365577939776
18.6910276205181,18.593812546463084,19.260021730428317,19.102762051809915,30.200000000000003,29.700000000000003,22.6,30.200000000000003,148,0.04354365577939776
18.576656945159257,18.48230113798822,19.219991994052723,19.014124778406813,30.1,29.700000000000003,22.6,30.1,152,0.04366806622448175
18.45942700291645,18.40796019900497,19.17424372390919,19.03128037971064,30.1,29.700000000000003,22.6,30.1,154,0.04416570800481773
18.42225653342483,18.436552867844682,19.102762051809915,18.928346771887686,30.1,29.700000000000003,22.6,30.1,151,0.045036581120405685
18.399382398353058,18.305026591182017,18.99982844398696,18.868302167324295,30.1,29.700000000000003,22.6,30.1,150,0.04578304379090964
18.37078972951335,18.319322925601877,18.93406530565563,18.7596500257334,30.1,29.700000000000003,22.6,30.1,151,0.04603186468107763
18.253559787270543,18.224967118430833,18.868302167324295,18.72247955624178,30.1,29.400000000000002,22.6,30.1,144,0.04603186468107763
18.196374449591122,18.224967118430833,18.85114656602047,18.65385715102647,30.1,29.1,22.6,30.1,135,0.04603186468107763
18.090581574884197,18.147766912563615,18.8282724309487,18.599531080231024,30.1,29.1,22.6,30.1,124,0.04628068557124562
18.06770743981243,18.124892777491848,18.676731286098246,18.593812546463084,30.1,29.1,22.6,30.1,110,0.04640509601632961
18.06770743981243,18.00480356836507,18.58523474581117,18.502316006176017,30.1,29.1,22.6,30.1,95,0.04652950646141361
18.06770743981243,17.899010693658145,18.576656945159257,18.45084920226454,29.8,29.1,22.6,29.8,79,0.04652950646141361
18.024818436552867,17.83038828844284,18.570938411391317,18.37078972951335,29.6,29.1,22.6,29.6,59,0.04652950646141361
17.99908503459713,17.7360324812718,18.525190141247784,18.347915594441584,29.400000000000002,29.1,22.6,29.400000000000002,49,0.046653916906497596
17.99908503459713,17.693143478012235,18.48801967175616,18.267856121690397,29.400000000000002,29.1,22.6,29.400000000000002,35,0.046653916906497596
17.947618230685652,17.593069137073254,18.40796019900497,18.176359581403325,29.400000000000002,29.1,22.6,29.400000000000002,12,0.0467783273515816
17.878995825470348,17.558757934465604,18.33361926002173,18.124892777491848,26.6,26.700000000000003,22.6,29.400000000000002,-7,0.0467783273515816
17.927603362497855,17.48727626236633,18.436552867844682,18.03911477097272,26.6,26.700000000000003,22.6,30.3,-7,0.0467783273515816
17.83038828844284,17.478698461714416,18.342197060673644,18.019099902784927,26.6,26.700000000000003,22.6,29.6,-10,0.0467783273515816
17.70172127866415,17.401498255847198,18.16778178075141,17.93618116314977,26.6,26.700000000000003,22.6,29.0,-12,0.04715155868683357
17.638817407216788,17.43866872533882,18.047692571624633,17.947618230685652,26.6,26.700000000000003,22.6,28.6,-12,0.04752479002208555
17.70172127866415,17.341453651283807,18.053411105392577,17.873277291702404,26.6,26.700000000000003,22.6,28.3,-14,0.04777361091225354
17.687424944244295,17.327157316863953,18.13347057814376,17.88757362612226,26.6,26.700000000000003,22.6,28.1,-14,0.04802243180242153
17.65311374163664,17.24995711099674,18.09630010865214,17.77034368387945,26.6,26.700000000000003,22.6,27.900000000000002,-18,0.04802243180242153
17.598787670841194,17.21850517527306,18.00480356836507,17.76176588322754,26.6,24.900000000000002,22.6,27.700000000000003,-15,0.048271252692589514
17.49299479613427,17.16703837136158,18.013381369016983,17.721736146851946,26.6,24.900000000000002,22.6,27.6,-15,0.0485200735827575
17.418653857151025,17.147023503173784,17.927603362497855,17.6674100760565,26.6,24.900000000000002,22.6,27.5,-12,0.04901771536309348
17.40721678961514,17.064104763538626,17.850403156630637,17.593069137073254,26.6,24.900000000000002,22.6,27.5,-9,0.04976417803359744
17.295705381140273,17.04123062846686,17.741751015039743,17.567335735117513,26.6,24.900000000000002,22.6,27.5,-19,0.0505106407041014
17.178475438897465,17.001200892091266,17.68170641047635,17.472979927946472,26.6,24.900000000000002,22.6,27.400000000000002,-19,0.05113269292952137
17.12986790186996,17.00977869274318,17.638817407216788,17.452965059758675,26.6,24.900000000000002,22.6,27.400000000000002,-19,0.05175474515494134
17.064104763538626,16.9783267570195,17.58735060330531,17.498713329902213,26.6,24.900000000000002,22.6,27.400000000000002,-19,0.05225238693527731
17.046949162234803,16.952593355063758,17.498713329902213,17.432950191570878,26.6,24.900000000000002,22.6,27.3,-19,0.052874439160697284
17.001200892091266,16.858237547892717,17.45868359352662,17.40721678961514,26.6,24.900000000000002,22.6,27.3,-19,0.05324767049594926
16.98404529078744,16.772459541373593,17.45868359352662,17.289986847372333,26.6,24.900000000000002,22.6,27.3,-19,0.053372080941033254
16.9583118888317,16.7124149368102,17.472979927946472,17.31572024932807,26.6,24.900000000000002,22.6,27.3,-19,0.053620901831201245
16.921141419340078,16.640933264710927,17.41293532338308,17.19277177331732,24.700000000000003,24.900000000000002,22.6,27.200000000000003,-19,0.0544917749467892
16.989763824555382,16.635214730942984,17.264253445416593,17.21278664150512,24.700000000000003,24.900000000000002,22.6,27.1,-18,0.05573587939762913
16.921141419340078,16.56373305884371,17.21850517527306,17.064104763538626,24.700000000000003,24.900000000000002,22.6,27.1,-21,0.05660675251321709
16.786755875793446,16.49796992051238,17.21278664150512,17.052667696002743,24.700000000000003,24.900000000000002,22.6,27.0,-24,0.05697998384846907
16.65237033224681,16.492251386744435,17.244238577228796,16.94687482129582,24.700000000000003,24.900000000000002,22.6,27.0,-27,0.05697998384846907
16.603762795219303,16.486532852976495,17.19277177331732,16.9583118888317,24.700000000000003,24.900000000000002,22.6,26.900000000000002,-30,0.057228804738637055
16.569451592611653,16.44364384971693,17.046949162234803,16.89540801738434,24.700000000000003,24.900000000000002,22.6,26.8,-30,0.05809967785422501
16.569451592611653,16.392177045805454,16.909704351804194,16.93257848687596,24.700000000000003,24.900000000000002,22.6,26.8,-30,0.058846140524728974
16.53228112312003,16.340710241893976,16.878252416080514,16.841081946588893,24.700000000000003,24.900000000000002,22.6,26.700000000000003,-30,0.059468192750148946
16.38073997826957,16.263510036026762,16.89540801738434,16.821067078401096,24.700000000000003,24.900000000000002,22.6,26.700000000000003,-30,0.06033906586573689
16.292102704866473,16.17773202950763,16.909704351804194,16.7124149368102,24.700000000000003,24.900000000000002,22.6,26.700000000000003,-30,0.06133434942640885
16.25779150225882,16.134843026248067,16.82964487905301,16.663807399782694,24.700000000000003,24.900000000000002,22.6,26.6,-30,0.062329632987080795
16.246354434722935,16.04906501972894,16.723852004346085,16.629496197175044,24.700000000000003,24.900000000000002,22.6,26.6,-30,0.06344932699283673
16.217761765883225,16.026190884657172,16.68382226797049,16.598044261451363,24.700000000000003,24.900000000000002,22.6,26.5,-30,0.0640713792182567
16.160576428203807,15.93183507748613,16.663807399782694,16.543718190655913,24.700000000000003,24.900000000000002,22.6,26.5,-30,0.06444461055350868
16.043346485961,15.90038314176245,16.615199862755187,16.52656258935209,24.700000000000003,24.900000000000002,22.6,26.400000000000002,-30,0.06481784188876066
15.943272145022014,15.90038314176245,16.549436724423856,16.40933264710928,24.700000000000003,24.900000000000002,22.6,26.400000000000002,-30,0.06531548366909663
15.90038314176245,15.817464402127293,16.47509578544061,16.38073997826957,24.700000000000003,24.900000000000002,22.6,26.3,-30,0.06568871500434863
15.883227540458625,15.797449533939496,16.420769714645164,16.323554640590153,24.700000000000003,24.900000000000002,22.6,26.3,-30,0.0661863567846846
15.823182935895236,15.700234459884484,16.369302910733687,16.340710241893976,24.700000000000003,24.900000000000002,22.6,26.200000000000003,-30,0.06631076722976859
15.797449533939496,15.651626922856979,16.329273174358093,16.240635900954995,24.700000000000003,24.900000000000002,22.6,26.1,-30,0.06631076722976859
15.774575398867729,15.485789443586663,16.31783610682221,16.25207296849088,24.700000000000003,23.1,22.6,26.1,-30,0.06631076722976859
15.711671527420368,15.50866357865843,16.397895579573397,16.134843026248067,24.700000000000003,23.1,22.6,26.0,-30,0.06631076722976859
15.671641791044776,15.38571510264768,16.334991708126037,16.1119688911763,22.900000000000002,23.1,22.6,26.0,-30,0.06643517767485257
15.754560530679932,15.371418768227825,16.23491736718705,16.01475381712129,22.900000000000002,23.1,22.6,25.900000000000002,-30,0.06680840901010457
15.705952993652426,15.26276662663693,16.117687424944243,16.000457482701435,22.900000000000002,23.1,22.6,25.8,-30,0.06693281945518856
15.634471321553152,15.228455424029276,16.08337622233659,15.923257276834217,22.900000000000002,23.1,22.6,25.8,-30,0.06693281945518856
15.50866357865843,15.128381083090295,16.066220621032766,15.937553611254073,22.900000000000002,23.1,22.6,25.700000000000003,-30,0.06693281945518856
15.425744839023274,15.079773546062789,16.07765768856865,15.828901469663176,22.900000000000002,23.1,22.6,25.700000000000003,-30,0.06705722990027255
15.348544633156058,15.108366214902498,16.020472350889232,15.797449533939496,22.900000000000002,23.1,22.6,25.6,-30,0.06718164034535654
15.345685366272086,15.034025275919252,15.906101675530392,15.731686395608165,22.900000000000002,23.1,22.6,25.6,-22,0.06730605079044054
15.32852976496826,15.054040144107049,15.811745868359353,15.757419797563903,22.900000000000002,23.1,22.6,25.5,-21,0.06743046123552454
15.26276662663693,15.028306742151312,15.78029393263567,15.694515926116543,22.900000000000002,23.1,22.6,25.5,-17,0.06755487168060853
15.179847887001772,15.042603076571165,15.806027334591409,15.677360324812716,22.900000000000002,23.1,22.6,25.400000000000002,-12,0.06755487168060853
15.142677417510148,14.96540287070395,15.777434665751699,15.603019385829471,22.900000000000002,23.1,22.6,25.400000000000002,-11,0.06755487168060853
15.096929147366614,14.951106536284096,15.720249328072281,15.54011551438211,22.900000000000002,21.400000000000002,22.6,25.3,-11,0.06767928212569252
15.068336478526906,14.859609995997024,15.731686395608165,15.477211642934751,22.900000000000002,21.400000000000002,22.6,25.200000000000003,-10,0.06792810301586051
15.054040144107049,14.836735860925257,15.677360324812716,15.480070909818721,22.900000000000002,21.400000000000002,22.6,25.200000000000003,-10,0.06817692390602849
14.991136272659688,14.736661519986274,15.603019385829471,15.394292903299593,22.900000000000002,21.400000000000002,22.6,25.1,-11,0.06879897613144846
14.956825070052037,14.710928118030536,15.514382112426372,15.354263166924,22.900000000000002,21.400000000000002,22.6,25.1,-10,0.06979425969212041
14.919654600560415,14.665179847887,15.45147824097901,15.342826099388116,21.1,21.400000000000002,22.6,25.0,-11,0.07066513280770836
14.931091668096299,14.625150111511406,15.431463372791214,15.222736890261336,21.1,21.400000000000002,22.6,25.0,-10,0.07141159547821233
14.81672099273746,14.573683307599929,15.411448504603417,15.194144221421626,21.1,21.400000000000002,22.6,24.900000000000002,-10,0.0720336477036323
14.702350317378622,14.567964773831989,15.345685366272086,15.1769886201178,21.1,21.400000000000002,22.6,24.900000000000002,-11,0.07240687903888426
14.676616915422883,14.587979642019786,15.23417395779722,15.208440555841479,21.1,21.400000000000002,22.6,24.8,-11,0.07327775215447223
14.710928118030536,14.51077943615257,15.188425687653686,15.102647681134556,21.1,21.400000000000002,22.6,24.8,-11,0.07452185660531217
14.688053982958769,14.476468233544917,15.217018356493393,15.096929147366614,21.1,21.400000000000002,22.6,24.8,-12,0.07564155061106811
14.63372791216332,14.433579230285355,15.174129353233829,14.96540287070395,21.1,21.400000000000002,22.6,24.700000000000003,-12,0.07638801328157208
14.567964773831989,14.350660490650196,15.156973751930003,14.959684336936007,21.1,21.400000000000002,22.6,24.700000000000003,-12,0.07688565506190805
14.493623834848743,14.324927088694457,15.082632812946759,14.893921198604676,21.1,21.400000000000002,22.6,24.700000000000003,-12,0.07788093862258
14.473608966660947,14.267741751015038,15.016869674615428,14.882484131068793,21.1,21.400000000000002,22.6,24.6,-12,0.07887622218325194
14.416423628981528,14.236289815291357,14.991136272659688,14.84817292846114,21.1,21.400000000000002,22.6,24.6,-13,0.07987150574392389
14.379253159489904,14.133356207468404,14.919654600560415,14.825298793389374,21.1,21.400000000000002,22.6,24.6,-13,0.08074237885951184
14.30205295362269,14.116200606164579,14.893921198604676,14.748098587522158,21.1,21.400000000000002,22.6,24.5,-14,0.0814888415300158
14.230571281523417,14.053296734717216,14.839595127809227,14.69663178361068,21.1,21.400000000000002,22.6,24.5,-14,0.08186207286526778
14.121919139932519,13.996111397037799,14.779550523245838,14.670898381654943,21.1,21.400000000000002,22.6,24.400000000000002,-13,0.08223530420051978
14.05901526848516,14.001829930805739,14.736661519986274,14.616572310859496,21.1,21.400000000000002,22.6,24.400000000000002,-14,0.08310617731610773
13.967518728198089,13.927488991822495,14.665179847887,14.62800937839538,21.1,21.400000000000002,22.6,24.400000000000002,-14,0.08447469221203166
13.978955795733972,13.927488991822495,14.616572310859496,14.573683307599929,21.1,21.400000000000002,22.6,24.400000000000002,-14,0.0858432071079556
13.938926059358378,13.815977583347628,14.590838908903756,14.536512838108308,21.1,19.8,22.6,24.3,-14,0.08683849066862753
13.927488991822495,13.787384914507918,14.702350317378622,14.482186767312859,19.5,19.8,22.6,24.3,-14,0.0873361324489635
13.990392863269856,13.76165151255218,14.62800937839538,14.402127294561675,19.5,19.8,22.6,24.200000000000003,-15,0.0877093637842155
13.933207525590438,13.690169840452906,14.576542574483902,14.413564362097558,19.5,19.8,22.6,24.200000000000003,-15,0.0877093637842155
13.856007319723222,13.6415623034254,14.456453365357122,14.3306456224624,19.5,19.8,22.6,24.1,-15,0.08795818467438346
13.793103448275861,13.55006576313833,14.427860696517412,14.33636415623034,19.5,18.3,22.6,24.1,-15,0.08820700556455147
13.787384914507918,13.58151769886201,14.496483101732714,14.267741751015038,19.5,18.3,22.6,24.0,-16,0.08858023689980345
13.773088580088064,13.504317492994796,14.505060902384628,14.227712014639444,18.0,18.3,22.6,24.0,-16,0.08895346823505543
13.844570252187339,13.510036026762737,14.410705095213585,14.18482301137988,18.0,18.3,22.6,24.0,-16,0.0894511100153914
13.773088580088064,13.367072682564189,14.307771487390632,14.116200606164579,18.0,18.3,23.5,23.900000000000002,-16,0.08969993090555937
13.652999370961284,13.358494881912275,14.230571281523417,14.104763538628694,18.0,18.3,23.5,23.900000000000002,-16,0.08982434135064339
13.555784296906273,13.372791216332132,14.207697146451647,14.110482072396636,18.0,18.3,23.5,23.8,-16,0.09007316224081137
13.535769428718476,13.327042946188596,14.207697146451647,14.121919139932519,18.0,18.3,23.5,23.8,-16,0.09106844580148331
13.498598959226854,13.301309544232858,14.17910447761194,14.02470406587751,18.0,18.3,23.5,23.8,-16,0.09218813980723926
13.510036026762737,13.28129467604506,14.133356207468404,13.967518728198089,18.0,16.900000000000002,23.5,23.8,-16,0.09343224425807918
13.467147023503173,13.204094470177845,14.173385943843996,13.933207525590438,16.6,16.900000000000002,23.5,23.8,-16,0.09467634870891913
13.467147023503173,13.218390804597702,14.139074741236346,13.876022187911019,16.6,16.900000000000002,23.5,23.700000000000003,-16,0.09592045315975907
13.367072682564189,13.118316463658717,14.070452336021043,13.916051924286611,16.6,16.900000000000002,23.5,23.700000000000003,-16,0.09753778894585097
13.3070280780008,13.104020129238862,14.016126265225596,13.778807113856006,16.6,16.900000000000002,23.5,23.6,-20,0.09890630384177491
13.28129467604506,13.04397552467547,13.956081660662205,13.787384914507918,16.6,16.900000000000002,23.5,23.6,-19,0.10027481873769885
13.264139074741236,12.986790186996053,13.956081660662205,13.773088580088064,16.6,16.900000000000002,23.5,23.6,-19,0.10151892318853878
13.218390804597702,12.989649453880023,13.91033339051867,13.727340309944529,16.6,16.900000000000002,23.5,23.6,-19,0.10276302763937871
13.16406473380225,12.909589981128837,13.856007319723222,13.684451306684965,16.6,15.600000000000001,23.5,23.6,-19,0.10363390075496667
13.124034997426659,12.918167781780749,13.867444387259106,13.61582890146966,15.200000000000001,15.600000000000001,23.5,23.6,-18,0.10400713209021865
13.09830159547092,12.835249042145593,13.827414650883512,13.587236232629953,15.200000000000001,15.600000000000001,23.5,23.6,-17,0.10450477387055462
12.986790186996053,12.740893234974552,13.76737004632012,13.55006576313833,15.200000000000001,15.600000000000001,23.5,23.6,-18,0.10537564698614259
12.926745582432662,12.760908103162349,13.678732772917023,13.572939898210096,15.200000000000001,15.600000000000001,23.5,23.6,-22,0.10637093054681453
12.875278778521187,12.760908103162349,13.630125235889517,13.561502830674213,15.200000000000001,15.600000000000001,23.5,23.6,-21,0.1071173932173185
12.866700977869273,12.695144964831016,13.61582890146966,13.49288042545891,15.200000000000001,15.600000000000001,23.5,23.6,-21,0.10761503499765447
12.832389775261623,12.715159833018813,13.621547435237604,13.467147023503173,15.200000000000001,15.600000000000001,23.5,23.6,-21,0.10786385588782245
12.82095270772574,12.649396694687482,13.624406702121574,13.404243152055813,15.200000000000001,14.3,23.5,23.6,-25,0.10798826633290644
12.795219305769999,12.615085492079828,13.630125235889517,13.398524618287869,13.9,14.3,23.5,23.6,-25,0.10798826633290644
12.780922971350146,12.597929890776005,13.587236232629953,13.358494881912275,13.9,14.3,23.5,23.6,-25,0.10811267677799044
12.766626636930289,12.492137016069078,13.518613827414649,13.335620746840508,13.9,14.3,23.5,23.6,-25,0.10836149766815842
12.718019099902785,12.512151884256875,13.475724824155085,13.335620746840508,13.9,14.3,23.5,23.6,-25,0.1087347290034104
12.689426431063074,12.40349974266598,13.387087550751986,13.269857608509177,13.9,14.3,23.5,23.6,-26,0.10935678122883037
12.615085492079828,12.389203408246123,13.335620746840508,13.244124206553439,13.9,13.200000000000001,23.5,23.6,-26,0.11010324389933433
12.597929890776005,12.37776634071024,13.384228283868016,13.189798135757991,13.9,13.200000000000001,23.5,23.6,-26,0.11072529612475429
12.615085492079828,12.294847601075084,13.367072682564189,13.089723794819006,12.8,13.200000000000001,23.5,23.6,-29,0.11122293790509029
12.649396694687482,12.297706867959054,13.352776348144335,13.144049865614454,12.8,13.200000000000001,23.5,23.6,-29,0.11184499013051025
12.552181620632467,12.22050666209184,13.235546405901525,13.09830159547092,12.8,13.200000000000001,23.5,23.6,-29,0.11234263191084622
12.472122147881281,12.180476925716246,13.144049865614454,13.124034997426659,12.8,12.100000000000001,23.5,23.6,-29,0.11296468413626617
12.40921827643392,12.180476925716246,13.15834620003431,13.084005261051065,12.8,12.100000000000001,23.5,23.6,-25,0.11371114680677015
12.386344141362153,12.180476925716246,13.184079601990048,12.986790186996053,11.8,12.100000000000001,23.5,23.6,-22,0.1148308408125261
12.40349974266598,12.094698919197118,13.195516669525931,12.98107165322811,11.8,12.100000000000001,23.5,23.6,-18,0.11619935570845003
12.386344141362153,12.094698919197118,13.13261279807857,12.909589981128837,11.8,12.100000000000001,23.5,23.6,-14,0.11756787060437396
12.363470006290386,12.028935780865785,13.063990392863268,12.926745582432662,11.8,12.100000000000001,23.5,23.6,-13,0.11918520639046587
12.306284668610967,12.020357980213872,13.021101389603704,12.866700977869273,11.8,12.100000000000001,23.5,23.6,-13,0.1204293108413058
12.237662263395665,11.986046777606221,13.021101389603704,12.789500772002059,11.8,11.100000000000001,23.5,23.6,-13,0.12167341529214575
12.194773260136099,11.9288614399268,13.109738663006803,12.812374907073826,10.9,11.100000000000001,23.5,23.6,-13,0.12279310929790169
12.22336592897581,11.89455023731915,13.0411162577915,12.755189569394405,10.9,11.100000000000001,23.5,23.6,-13,0.12403721374874162
12.229084462743751,11.840224166523702,12.961056785040313,12.766626636930289,10.9,11.100000000000001,23.5,23.6,-13,0.12528131819958158
12.22050666209184,11.757305426888543,12.849545376565446,12.70372276548293,10.9,11.100000000000001,23.5,23.6,-14,0.1260277808700855
12.169039858180362,11.751586893120603,12.846686109681476,12.620804025847772,10.9,11.100000000000001,23.5,23.6,-13,0.12627660176025352
12.13472865557271,11.711557156745009,12.880997312289129,12.649396694687482,10.9,11.100000000000001,23.5,23.6,-13,0.12627660176025352
12.091839652313146,11.671527420369417,12.860982444101332,12.643678160919539,10.9,11.100000000000001,23.5,23.6,-13,0.12627660176025352
12.031795047749755,11.65437181906559,12.766626636930289,12.589352090124091,10.9,11.100000000000001,17.400000000000002,23.6,-14,0.1265254226504215
12.003202378910046,11.680105221021329,12.740893234974552,12.635100360267625,10.9,10.200000000000001,13.200000000000001,24.700000000000003,-14,0.12689865398567346
11.968891176302394,11.77732029507634,12.723737633670725,12.566477955052324,10.0,10.200000000000001,13.200000000000001,24.200000000000003,-14,0.12727188532092545
11.966031909418424,11.888831703551208,12.740893234974552,12.535026019328644,10.0,10.200000000000001,13.200000000000001,23.8,-14,0.12776952710126144
11.911705838622977,11.83450563275576,12.732315434322638,12.537885286212614,9.3,9.3,13.200000000000001,23.6,-13,0.12839157932668138
11.903128037971063,11.785898095728253,12.732315434322638,12.489277749185108,9.3,9.3,13.200000000000001,23.400000000000002,-13,0.12938686288735335
11.900268771087092,11.722994224280892,12.709441299250871,12.512151884256875,9.3,9.3,13.200000000000001,23.3,-12,0.13063096733819327
11.865957568479441,11.628638417109853,12.629381826499685,12.4406702121576,9.3,9.3,13.200000000000001,23.200000000000003,-13,0.1319994822341172
11.814490764567964,11.665808886601475,12.652255961571452,12.429233144621717,9.3,9.3,13.200000000000001,23.1,-12,0.13349240757512515
11.754446160004573,11.68582375478927,12.603648424543945,12.449248012809514,9.3,9.3,13.200000000000001,23.1,-12,0.13498533291613307
11.731572024932806,11.62291988334191,12.546463086864527,12.394921942014067,8.700000000000001,8.6,13.200000000000001,23.1,-13,0.13697590003747695
11.71441642362898,11.605764282038086,12.552181620632467,12.37776634071024,8.700000000000001,8.6,13.200000000000001,23.1,-13,0.13909087760390484
11.722994224280892,11.562875278778519,12.512151884256875,12.323440269914792,8.700000000000001,8.6,13.200000000000001,23.1,-13,0.14108144472524875
11.705838622977067,11.497112140447188,12.480699948533195,12.283410533539199,8.0,8.0,13.200000000000001,23.1,-13,0.14282319095642465
11.700120089209125,11.514267741751015,12.472122147881281,12.303425401726996,8.0,8.0,13.200000000000001,23.200000000000003,-14,0.1440672954072646
11.642934751529706,11.485675072911304,12.412077543317894,12.303425401726996,8.0,8.0,13.200000000000001,23.3,-14,0.14506257896793653
11.600045748270142,11.445645336535712,12.380625607594213,12.25767713158346,7.4,7.4,13.200000000000001,23.400000000000002,-15,0.14593345208352448
11.588608680734259,11.428489735231885,12.369188540058326,12.25767713158346,7.0,7.4,13.200000000000001,23.400000000000002,-15,0.14643109386386047
11.557156745010579,11.382741465088351,12.37776634071024,12.197632527020073,7.0,6.6000000000000005,13.200000000000001,23.400000000000002,-15,0.14667991475402847
11.491393606679246,11.342711728712757,12.369188540058326,12.180476925716246,6.4,6.6000000000000005,13.200000000000001,23.5,-15,0.14680432519911246
11.47423800537542,11.365585863784524,12.380625607594213,12.177617658832276,6.0,6.0,13.200000000000001,23.5,-16,0.14692873564419645
11.479956539143362,11.336993194944814,12.369188540058326,12.13472865557271,5.800000000000001,5.800000000000001,13.200000000000001,23.5,-16,0.14717755653436443
11.47709727225939,11.334133928060844,12.380625607594213,12.129010121804768,5.800000000000001,5.800000000000001,13.700000000000001,23.5,-16,0.1475507878696164
11.457082404071596,11.316978326757019,12.320581003030822,12.057528449705494,5.7,5.7,14.100000000000001,23.5,-17,0.14804842964995238
11.419911934579972,11.256933722193628,12.332018070566706,12.011780179561958,5.5,5.5,14.5,23.5,-17,0.14879489232045634
11.374163664436438,11.19974838451421,12.271973466003315,12.068965517241379,5.300000000000001,5.5,14.9,23.6,-17,0.1496657654360443
11.305541259221133,11.179733516326413,12.22050666209184,12.068965517241379,5.2,5.2,15.5,23.700000000000003,-18,0.15090986988688423
11.31983759364099,11.096814776691255,12.171899125064332,12.037513581517699,4.9,4.9,15.5,23.700000000000003,-18,0.15240279522789216
11.331274661176874,11.068222107851545,12.163321324412419,11.974609710070338,4.7,4.7,15.5,23.8,-18,0.15402013101398407
11.336993194944814,11.05106650654772,12.163321324412419,11.908846571739005,4.5,4.5,15.5,24.0,-18,0.15576187724516
11.316978326757019,10.999599702636242,12.171899125064332,11.9288614399268,4.3,4.3,15.5,24.0,-19,0.1573792130312519
11.271230056613483,10.973866300680506,12.146165723108595,11.940298507462686,4.1000000000000005,4.1000000000000005,15.5,24.0,-19,0.15837449659192385
11.23120032023789,10.971007033796532,12.111854520500941,11.908846571739005,3.9000000000000004,4.0,15.5,23.900000000000002,-19,0.1592453697075118
11.245496654657744,10.87379195974152,12.07754331789329,11.903128037971063,3.8000000000000003,3.8000000000000003,15.5,24.0,-20,0.16011624282309975
11.23405958712186,10.902384628581231,12.063246983473435,11.86309830159547,3.6,3.7,15.5,24.0,-20,0.1611115263837717
11.19974838451421,10.89952536169726,12.04609138216961,11.83164636587179,3.5,3.5,15.5,24.1,-23,0.16223122038952764
11.154000114370673,10.848058557785782,12.031795047749755,11.8602390347115,3.3000000000000003,3.4000000000000004,15.5,24.3,-23,0.1633509143952836
11.105392577343169,10.819465888946073,12.037513581517699,11.845942700291644,3.2,3.3000000000000003,15.5,24.3,-23,0.16434619795595554
11.102533310459197,10.828043689597985,12.020357980213872,11.77446102819237,3.1,3.2,15.5,24.3,-23,0.1650926606264595
11.105392577343169,10.80802882141019,12.000343112026075,11.783038828844283,3.0,3.1,15.5,24.3,-22,0.1658391232969635
11.062503574083603,10.819465888946073,12.003202378910046,11.757305426888543,2.9000000000000004,3.0,15.5,24.400000000000002,-22,0.16658558596746745
11.028192371475953,10.810888088294162,11.994624578258135,11.791616629496197,2.8000000000000003,2.9000000000000004,15.5,24.400000000000002,-21,0.1675808695281394
11.002458969520214,10.793732486990335,11.948876308114597,11.763023960656486,2.7,2.8000000000000003,15.5,24.5,-21,0.16845174264372734
10.953851432492709,10.762280551266654,11.908846571739005,11.700120089209125,2.6,2.7,15.5,24.700000000000003,-21,0.1693226157593153
10.936695831188882,10.790873220106365,11.871676102247383,11.674386687253387,2.5,2.7,15.5,24.8,-24,0.17056672021015523
10.933836564304912,10.762280551266654,11.854520500943558,11.660090352833533,2.5,2.6,15.5,25.0,-25,0.17243287688641515
10.890947561045348,10.6593469434437,11.80305369703208,11.62006061645794,2.4000000000000004,2.5,15.5,25.0,-25,0.17479667534301102
10.859495625321667,10.642191342139874,11.785898095728253,11.61720134957397,2.3000000000000003,2.5,15.5,25.200000000000003,-24,0.17691165290943892
10.868073425973579,10.607880139532224,11.751586893120603,11.62006061645794,2.3000000000000003,2.4000000000000004,15.5,25.5,-24,0.1787778095856988
10.859495625321667,10.553554068736776,11.74300909246869,11.577171613198376,2.2,2.4000000000000004,15.5,25.5,-28,0.18039514537179072
10.782295419454451,10.576428203808543,11.717275690512952,11.545719677474695,2.1,2.3000000000000003,15.5,25.6,-28,0.18151483937754667
10.75656201749871,10.556413335620746,11.71441642362898,11.531423343054838,2.1,2.3000000000000003,15.5,25.700000000000003,-27,0.18226130204805063
10.739406416194887,10.502087264825299,11.694401555441184,11.491393606679246,2.0,2.2,15.5,25.8,-27,0.18313217516363856
10.682221078515468,10.507805798593239,11.68582375478927,11.497112140447188,2.0,2.2,15.5,26.0,-27,0.18362981694397457
10.679361811631496,10.444901927145878,11.671527420369417,11.479956539143362,1.9000000000000001,2.1,15.5,25.900000000000002,-27,0.18437627961447853
10.650769142791788,10.402012923886316,11.691542288557212,11.408474867044088,1.9000000000000001,2.1,15.5,26.0,-23,0.18524715273006645
10.619317207068107,10.399153657002342,11.642934751529706,11.417052667696002,1.9000000000000001,2.1,15.5,26.1,-19,0.18624243629073842
10.59930233888031,10.4134499914222,11.640075484645736,11.371304397552468,1.8,2.0,15.5,26.1,-16,0.18748654074157836
10.56785040315663,10.367701721278662,11.61720134957397,11.379882198204381,1.8,2.0,15.5,26.1,-14,0.1888550556375023
10.53639846743295,10.361983187510722,11.565734545662492,11.374163664436438,1.8,2.0,15.5,26.0,-12,0.1900991600883422
10.53639846743295,10.347686853090865,11.557156745010579,11.331274661176874,1.7000000000000002,2.0,15.5,26.1,-10,0.19059680186867822
10.502087264825299,10.273345914107622,11.519986275518955,11.299822725453193,1.7000000000000002,1.9000000000000001,15.5,26.1,-8,0.19059680186867822
10.47921312975353,10.264768113455709,11.511408474867043,11.279807857265396,1.7000000000000002,1.9000000000000001,15.5,26.1,-6,0.19097003320393016
10.473494595985589,10.259049579687767,11.47423800537542,11.248355921541716,1.7000000000000002,1.9000000000000001,15.5,26.3,-4,0.19159208542935016
10.470635329101617,10.230456910848059,11.497112140447188,11.23120032023789,1.6,1.9000000000000001,15.5,26.3,-2,0.19271177943510606
10.493509464173385,10.1475381712129,11.439926802767769,11.245496654657744,1.6,1.9000000000000001,15.5,26.200000000000003,0,0.194329115221198
10.467776062217647,10.141819637444957,11.414193400812032,11.20260765139818,1.6,1.8,15.5,26.3,2,0.1963196823425419
10.422027792074111,10.08749356664951,11.385600731972321,11.216903985818035,1.6,1.8,15.5,26.3,2,0.19768819723846584
10.41630925830617,9.987419225710527,11.371304397552468,11.214044718934064,1.6,1.8,15.5,26.3,3,0.19868348079913778
10.361983187510722,10.033167495854062,11.35700806313261,11.148281580602733,1.5,1.8,11.8,26.3,4,0.19955435391472573
10.330531251787042,10.101789901069365,11.342711728712757,11.13684451306685,1.5,1.8,8.9,26.3,5,0.19980317480489374
10.319094184251158,10.138960370560987,11.345570995596727,11.125407445530966,1.5,1.8,8.9,26.3,6,0.1999275852499777
10.330531251787042,10.213301309544232,11.348430262480697,11.0825184422714,1.5,1.8,8.9,26.1,7,0.2003008165852297
10.310516383599245,10.11608623548922,11.35414879624864,11.105392577343169,1.5,1.8,8.9,26.0,8,0.20104727925573365
10.273345914107622,10.041745296505974,11.334133928060844,11.073940641619489,1.5,1.8,8.9,26.0,9,0.20166933148115362
10.273345914107622,9.978841425058613,11.348430262480697,11.036770172127866,1.5,1.8,8.9,25.900000000000002,10,0.20241579415165759
10.221879110196145,10.007434093898324,11.274089323497455,11.068222107851545,1.5,1.7000000000000002,8.9,25.700000000000003,11,0.20353548815741354
10.173271573168638,10.044604563389946,11.256933722193628,11.059644307199633,1.4000000000000001,1.7000000000000002,8.9,25.5,12,0.2046551821631695
10.227597643964087,10.03030822897009,11.219763252702007,11.031051638359923,1.4000000000000001,1.7000000000000002,8.9,25.1,13,0.20565046572384144
10.236175444616,10.02744896208612,11.245496654657744,11.01961457082404,1.4000000000000001,1.7000000000000002,8.9,24.6,14,0.20652133883942939
10.201864242008348,10.001715560130382,11.23120032023789,10.996740435752272,1.4000000000000001,1.6,8.9,24.1,16,0.20701898061976537
10.158975238748784,9.93023388803111,11.219763252702007,10.939555098072852,1.4000000000000001,1.6,8.9,23.5,16,0.20701898061976537
10.138960370560987,9.958826556870816,11.176874249442443,10.965288500028592,1.4000000000000001,1.6,8.9,22.900000000000002,18,0.20751662240010132
10.11894550237319,9.93595242179905,11.119688911763022,10.973866300680506,1.3,1.6,8.9,22.3,19,0.2083874955156893
10.124664036141134,9.898781952307427,11.093955509807286,10.950992165608739,1.3,1.6,8.9,21.8,20,0.2097560104116132
10.1475381712129,9.881626351003602,11.076799908503459,10.933836564304912,1.3,1.5,8.9,21.200000000000003,23,0.21137334619770512
10.161834505632754,9.861611482815805,11.088236976039342,10.936695831188882,1.3,1.5,8.9,20.6,24,0.213239502873965
10.098930634185393,9.84731514839595,11.116829644879052,10.893806827929318,1.3,1.5,8.9,20.0,27,0.21473242821497296
10.058900897809801,9.790129810716532,11.131125979298906,10.89952536169726,1.2000000000000002,1.5,8.9,19.400000000000002,29,0.21560330133056094
10.061760164693771,9.84445588151198,11.116829644879052,10.902384628581231,1.2000000000000002,1.5,8.9,18.7,31,0.21634976400106484
10.024589695202149,9.792989077600502,11.088236976039342,10.845199290901812,1.2000000000000002,1.5,8.9,18.0,33,0.21697181622648484
10.021730428318179,9.744381540572995,11.05106650654772,10.828043689597985,1.2000000000000002,1.5,8.9,17.400000000000002,33,0.2174694580068208
10.044604563389946,9.767255675644765,11.045347972779778,10.868073425973579,1.2000000000000002,1.5,8.9,17.6,34,0.2182159206773248
10.041745296505974,9.715788871733288,11.062503574083603,10.819465888946073,1.2000000000000002,1.4000000000000001,8.9,17.7,36,0.21883797290274473
9.99885629324641,9.710070337965345,11.05106650654772,10.80802882141019,1.2000000000000002,1.4000000000000001,8.9,16.6,38,0.21933561468308072
9.975982158174643,9.687196202893578,11.07965917538743,10.802310287642248,1.1,1.4000000000000001,6.9,15.600000000000001,42,0.2195844355732487
9.9702636244067,9.730085206153142,11.045347972779778,10.770858351918568,1.1,1.4000000000000001,5.4,15.9,42,0.2199576669085007
9.975982158174643,9.792989077600502,11.042488705895806,10.75656201749871,1.1,1.4000000000000001,4.9,15.9,44,0.22057971913392066
9.941670955566993,9.747240807456969,10.999599702636242,10.782295419454451,1.1,1.4000000000000001,4.9,15.700000000000001,44,0.22095295046917263
9.93595242179905,9.798707611368444,10.968147766912562,10.75370275061474,1.0,1.4000000000000001,4.9,14.3,45,0.22107736091425664
9.93595242179905,9.764396408760792,10.950992165608739,10.7479842168468,1.0,1.4000000000000001,4.9,13.100000000000001,45,0.22107736091425664
9.910219019843312,9.661462800937839,10.962429233144622,10.790873220106365,1.0,1.4000000000000001,4.9,12.0,47,0.22107736091425664
9.93595242179905,9.698633270429461,10.953851432492709,10.802310287642248,1.0,1.4000000000000001,4.9,12.200000000000001,49,0.22132618180442462
9.953108023102876,9.698633270429461,10.956710699376679,10.793732486990335,1.0,1.4000000000000001,4.9,12.200000000000001,51,0.22207264447492858
9.93309315491508,9.701492537313431,10.939555098072852,10.773717618802538,1.0,1.4000000000000001,4.9,11.9,54,0.2231923384806845
9.941670955566993,9.652885000285925,10.879510493509464,10.75084348373077,0.9,1.4000000000000001,4.9,10.5,56,0.22443644293152445
9.96740435752273,9.678618402241664,10.916680963001085,10.713673014239147,1.0,1.4000000000000001,4.9,9.200000000000001,58,0.22592936827253235
9.927374621147136,9.650025733401955,10.89952536169726,10.765139818150624,0.9,1.4000000000000001,4.9,8.200000000000001,62,0.22717347272337232
9.881626351003602,9.621433064562245,10.925258763652998,10.770858351918568,0.9,1.4000000000000001,4.9,8.3,64,0.22804434583896027
9.881626351003602,9.650025733401955,10.879510493509464,10.72225081489106,0.9,1.4000000000000001,4.9,8.3,65,0.22866639806438022
9.873048550351688,9.612855263910332,10.89952536169726,10.713673014239147,0.9,1.4000000000000001,4.4,8.1,67,0.2291640398447162
9.870189283467719,9.592840395722535,10.908103162349173,10.667924744095613,0.9,1.4000000000000001,3.9000000000000004,6.6000000000000005,68,0.2296616816250522
9.873048550351688,9.63858866586607,10.893806827929318,10.653628409675758,0.9,1.4000000000000001,3.3000000000000003,5.4,70,0.23003491296030415
9.898781952307427,9.601418196374448,10.905243895465201,10.72511008177503,0.8,1.4000000000000001,2.8000000000000003,4.3,77,0.23065696518572415
9.890204151655515,9.627151598330187,10.850917824669754,10.72225081489106,1.3,1.4000000000000001,2.2,3.0,80,0.23152783830131207
9.878767084119632,9.607136730142392,10.865214159089609,10.702235946703263,1.3,1.3,2.0,2.4000000000000004,83,0.23214989052673204
9.835878080860066,9.627151598330187,10.802310287642248,10.710813747355177,1.3,1.3,1.8,1.9000000000000001,86,0.23227430097181606
9.818722479556241,9.627151598330187,10.856636358437695,10.713673014239147,1.2000000000000002,1.2000000000000002,1.6,1.7000000000000002,88,0.23227430097181606
9.798707611368444,9.589981128838565,10.859495625321667,10.647909875907816,1.2000000000000002,1.2000000000000002,1.5,1.6,91,0.23227430097181606
9.810144678904328,9.621433064562245,10.865214159089609,10.682221078515468,1.2000000000000002,1.2000000000000002,1.4000000000000001,1.4000000000000001,96,0.23227430097181606
9.821581746440213,9.618573797678275,10.87379195974152,10.693658146051352,1.1,1.1,1.3,1.4000000000000001,100,0.23227430097181606
9.818722479556241,9.632870132098128,10.876651226625492,10.682221078515468,1.1,1.1,1.2000000000000002,1.3,102,0.23227430097181606
9.853033682163892,9.569966260650768,10.888088294161376,10.710813747355177,1.1,1.1,1.2000000000000002,1.2000000000000002,105,0.23239871141690005
9.821581746440213,9.598558929490478,10.910962429233145,10.71653228112312,1.0,1.0,1.1,1.2000000000000002,107,0.23227430097181606
9.838737347744038,9.601418196374448,10.925258763652998,10.667924744095613,1.0,1.0,1.1,1.1,112,0.23227430097181606
9.870189283467719,9.569966260650768,10.925258763652998,10.705095213587235,1.0,1.0,1.0,1.1,114,0.23227430097181606
9.898781952307427,9.587121861954595,10.950992165608739,10.702235946703263,0.9,0.9,1.0,1.0,115,0.23227430097181606
9.870189283467719,9.609995997026362,10.936695831188882,10.693658146051352,0.9,0.9,0.9,1.0,117,0.23227430097181606
9.858752215931835,9.607136730142392,10.939555098072852,10.679361811631496,0.9,0.9,0.9,0.9,118,0.23227430097181606
9.893063418539485,9.567106993766798,10.985303368216389,10.71653228112312,0.9,0.9,0.8,0.9,120,0.23227430097181606
9.84445588151198,9.607136730142392,10.968147766912562,10.676502544747526,0.8,0.8,0.8,0.8,122,0.23227430097181606
9.873048550351688,9.578544061302681,10.973866300680506,10.742265683078857,0.8,0.8,0.8,0.8,123,0.23227430097181606
9.87590781723566,9.54995139246297,10.956710699376679,10.736547149310917,0.8,0.8,0.7000000000000001,0.7000000000000001,124,0.23227430097181606
9.910219019843312,9.630010865214158,10.953851432492709,10.705095213587235,0.8,0.8,0.7000000000000001,0.7000000000000001,125,0.23227430097181606
9.901641219191399,9.652885000285925,10.930977297420942,10.702235946703263,0.7000000000000001,0.7000000000000001,0.7000000000000001,0.7000000000000001,126,0.23227430097181606
9.901641219191399,9.615714530794303,10.950992165608739,10.759421284382684,0.7000000000000001,0.7000000000000001,0.6000000000000001,0.6000000000000001,127,0.23227430097181606
9.950248756218906,9.567106993766798,10.933836564304912,10.736547149310917,0.7000000000000001,0.7000000000000001,0.6000000000000001,0.6000000000000001,128,0.23227430097181606
9.910219019843312,9.567106993766798,10.942414364956825,10.75656201749871,0.7000000000000001,0.7000000000000001,0.6000000000000001,0.6000000000000001,128,0.23227430097181606
9.958826556870816,9.621433064562245,10.942414364956825,10.796591753874305,0.6000000000000001,0.6000000000000001,0.5,0.5,128,0.23227430097181606
9.955967289986846,9.632870132098128,10.942414364956825,10.796591753874305,0.6000000000000001,0.6000000000000001,0.5,0.5,128,0.23227430097181606
9.975982158174643,9.658603534053867,10.956710699376679,10.776576885686508,0.6000000000000001,0.6000000000000001,0.5,0.5,129,0.23227430097181606
10.010293360782294,9.652885000285925,10.971007033796532,10.799451020758278,0.6000000000000001,0.6000000000000001,0.5,0.5,130,0.23227430097181606
9.984559958826557,9.607136730142392,10.999599702636242,10.848058557785782,0.6000000000000001,0.6000000000000001,0.4,0.4,131,0.23227430097181606
9.99599702636244,9.609995997026362,11.013896037056098,10.813747355178132,0.6000000000000001,0.6000000000000001,0.4,0.4,131,0.23227430097181606
10.076056499113626,9.612855263910332,11.013896037056098,10.813747355178132,0.5,0.5,0.4,0.4,130,0.23227430097181606
10.05604163092583,9.678618402241664,11.011036770172126,10.810888088294162,0.5,0.5,0.4,0.4,130,0.23227430097181606
10.141819637444957,9.624292331446217,11.01961457082404,10.765139818150624,0.5,0.5,0.4,0.4,130,0.23227430097181606
10.076056499113626,9.672899868473722,11.042488705895806,10.83948075713387,0.5,0.5,0.30000000000000004,0.30000000000000004,131,0.23227430097181606
10.050323097157888,9.641447932750042,11.022473837708011,10.822325155830045,0.5,0.5,0.30000000000000004,0.30000000000000004,131,0.23227430097181606
10.081775032881568,9.587121861954595,11.022473837708011,10.796591753874305,0.5,0.5,0.30000000000000004,0.30000000000000004,131,0.23227430097181606
10.098930634185393,9.67004060158975,11.005318236404186,10.822325155830045,0.4,0.4,0.30000000000000004,0.30000000000000004,132,0.23227430097181606
10.044604563389946,9.650025733401955,11.022473837708011,10.819465888946073,0.4,0.4,0.30000000000000004,0.30000000000000004,132,0.23227430097181606
10.044604563389946,9.655744267169897,10.999599702636242,10.782295419454451,0.4,0.4,0.30000000000000004,0.30000000000000004,132,0.23227430097181606
10.078915765997596,9.658603534053867,11.033910905243895,10.799451020758278,0.4,0.4,0.2,0.30000000000000004,132,0.23227430097181606
10.11894550237319,9.695774003545491,11.042488705895806,10.845199290901812,0.4,0.4,0.2,0.2,133,0.23227430097181606
10.110367701721277,9.690055469777548,11.033910905243895,10.816606622062102,0.4,0.4,0.2,0.2,133,0.23227430097181606
10.09035283353348,9.641447932750042,11.025333104591983,10.833762223365929,0.4,0.4,0.2,0.2,133,0.23227430097181606
10.076056499113626,9.675759135357694,11.011036770172126,10.850917824669754,0.4,0.4,0.2,0.2,133,0.23227430097181606
10.107508434837307,9.67004060158975,11.045347972779778,10.836621490249899,0.30000000000000004,0.30000000000000004,0.2,0.2,134,0.23227430097181606
10.05318236404186,9.718648138617258,11.042488705895806,10.868073425973579,0.30000000000000004,0.30000000000000004,0.2,0.2,134,0.23227430097181606
10.024589695202149,9.715788871733288,11.062503574083603,10.942414364956825,0.30000000000000004,0.30000000000000004,0.2,0.2,135,0.23227430097181606
10.133241836793044,9.755818608108878,11.062503574083603,10.859495625321667,0.30000000000000004,0.30000000000000004,0.2,0.2,135,0.23227430097181606
10.130382569909074,9.755818608108878,11.07965917538743,10.868073425973579,0.30000000000000004,0.30000000000000004,0.2,0.2,136,0.23214989052673204
10.098930634185393,9.715788871733288,11.111111111111109,10.890947561045348,0.30000000000000004,0.30000000000000004,0.1,0.1,136,0.23190106963656407
10.170412306284668,9.792989077600502,11.093955509807286,10.845199290901812,0.30000000000000004,0.30000000000000004,0.1,0.1,136,0.23152783830131207
10.250471779035854,9.767255675644765,11.151140847486703,10.908103162349173,0.30000000000000004,0.30000000000000004,0.1,0.1,135,0.23152783830131207
10.210442042660262,9.767255675644765,11.122548178646992,10.916680963001085,0.30000000000000004,0.30000000000000004,0.1,0.1,136,0.23152783830131207
10.241893978383942,9.790129810716532,11.093955509807286,10.865214159089609,0.30000000000000004,0.30000000000000004,0.1,0.1,138,0.2311546069660601
10.219019843312175,9.798707611368444,11.073940641619489,10.930977297420942,0.2,0.30000000000000004,0.1,0.1,139,0.2307813756308081
10.224738377080115,9.792989077600502,11.096814776691255,10.925258763652998,0.2,0.2,0.1,0.1,141,0.23028373385047216
10.219019843312175,9.761537141876822,11.122548178646992,10.89952536169726,0.2,0.2,0.1,0.1,142,0.22978609207013617
10.233316177732029,9.807285412020358,11.13684451306685,10.942414364956825,0.2,0.2,0.1,0.1,144,0.22928845028980022
10.181849373820551,9.784411276948589,11.116829644879052,10.942414364956825,0.2,0.2,0.1,0.1,146,0.22879080850946423
10.184708640704521,9.747240807456969,11.122548178646992,10.919540229885056,0.2,0.2,0.1,0.1,147,0.22804434583896027
10.247612512151884,9.830159547092125,11.105392577343169,10.950992165608739,0.2,0.2,0.1,0.1,148,0.22717347272337232
10.287642248527478,9.801566878252416,11.133985246182878,10.919540229885056,0.2,0.2,0.1,0.1,148,0.22655142049795235
10.236175444616,9.810144678904328,11.16543718190656,10.930977297420942,0.2,0.2,0.1,0.1,148,0.22592936827253235
10.344827586206895,9.818722479556241,11.179733516326413,10.982444101332419,0.2,0.2,0.1,0.1,150,0.22518290560202842
10.319094184251158,9.838737347744038,11.185452050094353,11.011036770172126,0.2,0.2,0.1,0.1,151,0.22456085337660844
10.299079316063361,9.890204151655515,11.179733516326413,10.948132898724765,0.2,0.2,0.1,0.1,153,0.2236899802610205
10.29622004917939,9.853033682163892,11.208326185166124,11.005318236404186,0.2,0.2,0.1,0.1,154,0.22257028625526454
10.393435123234402,9.93595242179905,11.20546691828215,10.999599702636242,0.2,0.2,0.1,0.1,155,0.22182382358476058
10.402012923886316,9.93595242179905,11.23405958712186,10.959569966260648,0.2,0.2,0.0,0.1,157,0.22132618180442462
10.430605592726025,9.864470749699775,11.254074455309658,11.01961457082404,0.2,0.2,0.0,0.0,157,0.22082854002408864
10.430605592726025,9.910219019843312,11.214044718934064,11.005318236404186,0.1,0.2,0.0,0.0,159,0.22020648779866867
10.527820666781036,9.927374621147136,11.23405958712186,10.965288500028592,0.1,0.1,0.0,0.0,159,0.2195844355732487
10.487790930405442,9.93309315491508,11.208326185166124,11.011036770172126,0.1,0.1,0.0,0.0,160,0.21883797290274473
10.41630925830617,9.93595242179905,11.242637387773774,10.999599702636242,0.1,0.1,0.0,0.0,163,0.2178426893420728
10.444901927145878,9.96168582375479,11.239778120889802,10.982444101332419,0.1,0.1,0.0,0.0,164,0.21684740578140085
10.453479727797792,9.958826556870816,11.248355921541716,11.01961457082404,0.1,0.1,0.0,0.0,166,0.21597653266581288
10.376279521930575,9.910219019843312,11.219763252702007,11.045347972779778,0.1,0.1,0.0,0.0,167,0.21510565955022493
10.442042660261908,9.975982158174643,11.228341053353919,10.991021901984329,0.1,0.1,0.0,0.0,169,0.214234786434637
10.51066506547721,9.99313775947847,11.23405958712186,11.045347972779778,0.1,0.1,0.0,0.0,170,0.21336391331904903
10.516383599245152,9.96740435752273,11.256933722193628,11.031051638359923,0.1,0.1,0.0,0.0,171,0.21274186109362905
10.507805798593239,10.041745296505974,11.279807857265396,11.04820723966375,0.1,0.1,0.0,0.0,172,0.2121198088682091
10.54211700120089,10.001715560130382,11.268370789729513,11.108251844227139,0.1,0.1,0.0,0.0,174,0.21149775664278914
10.550694801852803,9.99599702636244,11.29124492480128,11.13970377995082,0.1,0.1,0.0,0.0,177,0.21100011486245315
10.499227997941325,10.016011894550237,11.296963458569222,11.05106650654772,0.1,0.1,0.0,0.0,182,0.21050247308211714
10.487790930405442,10.061760164693771,11.328415394292902,11.096814776691255,0.1,0.1,0.0,0.0,182,0.2097560104116132
10.470635329101617,10.11608623548922,11.336993194944814,11.102533310459197,0.1,0.1,0.0,0.0,187,0.20888513729602526
10.647909875907816,10.096071367301423,11.371304397552468,11.093955509807286,0.1,0.1,0.0,0.0,180,0.2083874955156893
10.679361811631496,10.11894550237319,11.331274661176874,11.162577915022586,0.1,0.1,0.0,0.0,180,0.20813867462552127
10.693658146051352,10.130382569909074,11.345570995596727,11.151140847486703,0.1,0.1,0.0,0.0,181,0.2077654432902693
10.647909875907816,10.09035283353348,11.348430262480697,11.093955509807286,0.1,0.1,0.0,0.0,181,0.20701898061976537
10.759421284382684,10.156115971864814,11.35700806313261,11.154000114370673,0.1,0.1,0.0,0.0,182,0.2062725179492614
10.80802882141019,10.164693772516726,11.35128952936467,11.16543718190656,0.1,0.1,0.0,0.0,182,0.20565046572384144
10.770858351918568,10.141819637444957,11.371304397552468,11.148281580602733,0.1,0.1,0.0,0.0,183,0.20477959260825346
10.72511008177503,10.178990106936581,11.365585863784524,11.179733516326413,0.1,0.1,0.0,0.0,183,0.20353548815741354
10.762280551266654,10.170412306284668,11.365585863784524,11.208326185166124,0.1,0.1,0.0,0.0,184,0.20191815237132163
10.845199290901812,10.196145708240406,11.394178532624235,11.154000114370673,0.1,0.1,0.0,0.0,184,0.20067404792048166
10.853777091553725,10.181849373820551,11.402756333276148,11.214044718934064,0.1,0.1,0.0,0.0,188,0.19955435391472573
10.75656201749871,10.210442042660262,11.402756333276148,11.242637387773774,0.1,0.1,0.0,0.0,189,0.19831024946388578
10.736547149310917,10.219019843312175,11.419911934579972,11.254074455309658,0.1,0.1,0.0,0.0,193,0.19706614501304587
10.83948075713387,10.219019843312175,11.439926802767769,11.279807857265396,0.1,0.1,0.0,0.0,197,0.19607086145237393
10.83948075713387,10.23903471149997,11.465660204723507,11.29410419168525,0.1,0.1,0.0,0.0,199,0.19507557789170193
10.802310287642248,10.281923714759534,11.488534339795276,11.256933722193628,0.0,0.1,0.0,0.0,199,0.19408029433103
10.796591753874305,10.256190312803795,11.465660204723507,11.285526391033338,0.0,0.0,0.0,0.0,205,0.19308501077035806
10.876651226625492,10.293360782295418,11.491393606679246,11.311259792989077,0.0,0.0,0.0,0.0,206,0.19208972720968612
10.950992165608739,10.339109052438955,11.528564076170868,11.29124492480128,0.0,0.0,0.0,0.0,207,0.19146767498426615
10.933836564304912,10.347686853090865,11.514267741751015,11.345570995596727,0.0,0.0,0.0,0.0,207,0.19097003320393016
10.919540229885056,10.379138788814547,11.540001143706752,11.311259792989077,0.0,0.0,0.0,0.0,208,0.19022357053342623
11.028192371475953,10.407731457654256,11.514267741751015,11.282667124149366,0.0,0.0,0.0,0.0,202,0.1900991600883422
11.125407445530966,10.376279521930575,11.519986275518955,11.35414879624864,0.0,0.0,0.0,0.0,201,0.1900991600883422
11.088236976039342,10.393435123234402,11.497112140447188,11.368445130668494,0.0,0.0,0.0,0.0,210,0.1900991600883422
11.04820723966375,10.427746325842053,11.519986275518955,11.35700806313261,0.0,0.0,0.0,0.0,209,0.18972592875309024
11.102533310459197,10.44776119402985,11.531423343054838,11.391319265740265,0.0,0.0,0.0,0.0,208,0.1892282869727543
11.16543718190656,10.427746325842053,11.577171613198376,11.348430262480697,0.0,0.0,0.0,0.0,213,0.1888550556375023
11.239778120889802,10.487790930405442,11.554297478126609,11.365585863784524,0.0,0.0,0.0,0.0,206,0.1883574138571663
11.228341053353919,10.482072396637502,11.568593812546462,11.405615600160118,0.0,0.0,0.0,0.0,207,0.18723771985141036
11.222622519585977,10.4134499914222,11.565734545662492,11.408474867044088,0.0,0.0,0.0,0.0,215,0.1863668467358224
11.256933722193628,10.470635329101617,11.600045748270142,11.437067535883799,0.0,0.0,0.0,0.0,215,0.18562038406531844
11.239778120889802,10.513524332361182,11.642934751529706,11.451363870303654,0.0,0.0,0.0,0.0,212,0.1851227422849825
11.208326185166124,10.513524332361182,11.660090352833533,11.417052667696002,0.0,0.0,0.0,0.0,218,0.1847495109497305
11.13684451306685,10.5707096700406,11.662949619717503,11.457082404071596,0.0,0.0,0.0,0.0,218,0.18437627961447853
11.093955509807286,10.53925773431692,11.65437181906559,11.47423800537542,0.0,0.0,0.0,0.0,210,0.18375422738905856
11.093955509807286,10.519242866129122,11.731572024932806,11.462800937839537,0.0,0.0,0.0,0.0,212,0.1827589438283866
11.131125979298906,10.593583805112369,11.722994224280892,11.514267741751015,0.0,0.0,0.0,0.0,212,0.18176366026771465
11.20260765139818,10.59930233888031,11.73729055870075,11.49997140733116,0.0,0.0,0.0,0.0,210,0.18101719759721072
11.29124492480128,10.642191342139874,11.694401555441184,11.462800937839537,0.0,0.0,0.0,0.0,216,0.18027073492670673
11.334133928060844,10.670784010979583,11.694401555441184,11.542860410590723,0.0,0.0,0.0,0.0,215,0.17964868270128678
11.336993194944814,10.685080345399438,11.68582375478927,11.554297478126609,0.0,0.0,0.0,0.0,209,0.17902663047586678
11.216903985818035,10.619317207068107,11.734431291816776,11.540001143706752,0.0,0.0,0.0,0.0,216,0.17803134691519484
11.088236976039342,10.696517412935323,11.757305426888543,11.588608680734259,0.0,0.0,0.0,0.0,217,0.17691165290943892
11.133985246182878,10.72225081489106,11.783038828844283,11.577171613198376,0.0,0.0,0.0,0.0,215,0.17591636934876692
11.20260765139818,10.693658146051352,11.77732029507634,11.562875278778519,0.0,0.0,0.0,0.0,214,0.175045496233179
11.23405958712186,10.72225081489106,11.783038828844283,11.62006061645794,0.0,0.0,0.0,0.0,221,0.17417462311759105
11.20546691828215,10.713673014239147,11.77732029507634,11.628638417109853,0.0,0.0,0.0,0.0,214,0.1729305186667511
11.228341053353919,10.710813747355177,11.825927832103847,11.640075484645736,0.0,0.0,0.0,0.0,214,0.17156200377082717
11.282667124149366,10.739406416194887,11.845942700291644,11.700120089209125,0.0,0.0,0.0,0.0,225,0.17044230976507121
11.228341053353919,10.788013953222393,11.874535369131353,11.702979356093095,0.0,0.0,0.0,0.0,220,0.1691982053142313
11.17401498255847,10.779436152570481,11.871676102247383,11.700120089209125,0.0,0.0,0.0,0.0,220,0.1675808695281394
11.219763252702007,10.802310287642248,11.883113169783266,11.734431291816776,0.0,0.0,0.0,0.0,228,0.16596353374204745
11.256933722193628,10.813747355178132,11.931720706810774,11.700120089209125,0.0,0.0,0.0,0.0,219,0.16459501884612351
11.305541259221133,10.80802882141019,11.92600217304283,11.763023960656486,0.0,0.0,0.0,0.0,218,0.16359973528545158
11.365585863784524,10.819465888946073,11.903128037971063,11.751586893120603,0.0,0.0,0.0,0.0,231,0.1629776830600316
11.439926802767769,10.87379195974152,11.89169097043518,11.71441642362898,0.0,0.0,0.0,0.0,229,0.16248004127969565
11.522845542402928,10.89952536169726,11.911705838622977,11.77446102819237,0.0,0.0,0.0,0.0,228,0.16198239949935966
11.628638417109853,10.89952536169726,11.908846571739005,11.77732029507634,0.0,0.0,0.0,0.0,235,0.1613603472739397
11.6829644879053,10.950992165608739,11.920283639274889,11.7716017613084,0.0,0.0,0.0,0.0,226,0.16061388460343573
11.605764282038086,10.948132898724765,11.92600217304283,11.797335163264137,0.0,0.0,0.0,0.0,227,0.1594941905976798
11.562875278778519,10.950992165608739,11.931720706810774,11.80305369703208,0.0,0.0,0.0,0.0,237,0.15812567570175587
11.597186481386172,10.991021901984329,11.966031909418424,11.765883227540456,0.0,0.0,0.0,0.0,230,0.15688157125091592
11.702979356093095,11.022473837708011,12.008920912677988,11.817350031451934,0.0,0.0,0.0,0.0,232,0.15638392947057997
11.823068565219877,11.002458969520214,11.994624578258135,11.825927832103847,0.0,0.0,0.0,0.0,238,0.15601069813532797
11.920283639274889,11.042488705895806,11.986046777606221,11.817350031451934,0.0,0.0,0.0,0.0,229,0.15563746680007598
11.931720706810774,11.04820723966375,12.008920912677988,11.888831703551208,0.0,0.0,0.0,0.0,230,0.15489100412957205
11.948876308114597,11.031051638359923,12.054669182821524,11.8602390347115,0.0,0.0,0.0,0.0,239,0.15402013101398407
11.937439240578714,11.0825184422714,12.063246983473435,11.900268771087092,0.0,0.0,0.0,0.0,235,0.15277602656314415
11.931720706810774,11.073940641619489,12.100417452965058,11.89455023731915,0.0,0.0,0.0,0.0,236,0.15128310122213623
11.8602390347115,11.14256304683479,12.068965517241379,11.854520500943558,0.0,0.0,0.0,0.0,235,0.1495413549909603
11.757305426888543,11.133985246182878,12.07754331789329,11.903128037971063,0.0,0.0,0.0,0.0,233,0.1476751983147004
11.6829644879053,11.131125979298906,12.100417452965058,11.911705838622977,0.0,0.0,0.0,0.0,233,0.1458090416384405
11.731572024932806,11.119688911763022,12.13472865557271,11.917424372390917,0.0,0.0,0.0,0.0,241,0.14468934763268454
11.811631497683994,11.179733516326413,12.108995253616971,11.968891176302394,0.0,0.0,0.0,0.0,237,0.1439428849621806
11.851661234059586,11.20260765139818,12.111854520500941,11.974609710070338,0.0,0.0,0.0,0.0,238,0.14344524318184462
11.854520500943558,11.239778120889802,12.100417452965058,11.963172642534454,0.0,0.0,0.0,0.0,238,0.14269878051134066
11.83164636587179,11.274089323497455,12.129010121804768,12.020357980213872,0.0,0.0,0.0,0.0,235,0.14170349695066872
11.840224166523702,11.285526391033338,12.163321324412419,12.003202378910046,0.0,0.0,0.0,0.0,234,0.14058380294491277
11.931720706810774,11.29124492480128,12.180476925716246,12.037513581517699,0.0,0.0,0.0,0.0,243,0.13971292982932482
11.940298507462686,11.336993194944814,12.163321324412419,12.057528449705494,0.0,0.0,0.0,0.0,240,0.13884205671373684
11.811631497683994,11.316978326757019,12.203351060788012,12.057528449705494,0.0,0.0,0.0,0.0,240,0.1377223627079809
11.691542288557212,11.345570995596727,12.231943729627723,12.108995253616971,0.0,0.0,0.0,0.0,240,0.13660266870222496
11.71441642362898,11.394178532624235,12.289129067307142,12.143306456224622,0.0,0.0,0.0,0.0,239,0.135980616476805
11.725853491164864,11.379882198204381,12.306284668610967,12.13472865557271,0.0,0.0,0.0,0.0,239,0.13585620603172102
11.77446102819237,11.417052667696002,12.312003202378909,12.169039858180362,0.0,0.0,0.0,0.0,247,0.135731795586637
11.823068565219877,11.405615600160118,12.297706867959054,12.126150854920798,0.0,0.0,0.0,0.0,245,0.13510974336121706
11.8602390347115,11.391319265740265,12.314862469262879,12.151884256876535,0.0,0.0,0.0,0.0,245,0.13374122846529313
11.8602390347115,11.454223137187624,12.352032938754503,12.211928861439926,0.0,0.0,0.0,0.0,246,0.1319994822341172
11.931720706810774,11.457082404071596,12.352032938754503,12.160462057528449,0.0,0.0,0.0,0.0,244,0.1302577360029413
11.977468976954308,11.451363870303654,12.337736604334646,12.22336592897581,0.0,0.0,0.0,0.0,244,0.1285159897717654
12.008920912677988,11.479956539143362,12.329158803682734,12.22336592897581,0.0,0.0,0.0,0.0,252,0.12689865398567346
12.011780179561958,11.534282609938812,12.34059587121862,12.206210327671982,0.0,0.0,0.0,0.0,249,0.12540572864466557
11.9288614399268,11.542860410590723,12.400640475782007,12.263395665351403,0.0,0.0,0.0,0.0,249,0.1241616241938256
11.8602390347115,11.588608680734259,12.426373877737747,12.263395665351403,0.0,0.0,0.0,0.0,249,0.12291751974298568
11.845942700291644,11.600045748270142,12.4406702121576,12.22336592897581,0.0,0.0,0.0,0.0,249,0.12179782573722973
11.908846571739005,11.577171613198376,12.452107279693486,12.303425401726996,0.0,0.0,0.0,0.0,249,0.1204293108413058
11.974609710070338,11.640075484645736,12.452107279693486,12.297706867959054,0.0,0.0,0.0,0.0,257,0.11918520639046587
12.014639446445932,11.671527420369417,12.489277749185108,12.363470006290386,0.0,0.0,0.0,0.0,256,0.11769228104945795
11.977468976954308,11.65151255218162,12.512151884256875,12.389203408246123,0.0,0.0,0.0,0.0,255,0.11619935570845003
11.974609710070338,11.711557156745009,12.52644821867673,12.3720478069423,0.0,0.0,0.0,0.0,257,0.11470643036744209
11.991765311374161,11.68582375478927,12.552181620632467,12.40921827643392,0.0,0.0,0.0,0.0,256,0.11346232591660217
12.003202378910046,11.711557156745009,12.575055755704238,12.420655343969804,0.0,0.0,0.0,0.0,264,0.1124670423559302
12.028935780865785,11.73729055870075,12.575055755704238,12.369188540058326,0.0,0.0,0.0,0.0,265,0.11159616924034226
12.057528449705494,11.71441642362898,12.569337221936294,12.460685080345398,0.0,0.0,0.0,0.0,262,0.11084970656983831
12.068965517241379,11.783038828844283,12.575055755704238,12.426373877737747,0.0,0.0,0.0,0.0,262,0.10985442300916635
12.108995253616971,11.791616629496197,12.569337221936294,12.460685080345398,0.0,0.0,0.0,0.0,262,0.1087347290034104
12.154743523760505,11.77446102819237,12.583633556356148,12.474981414765253,0.0,0.0,0.0,0.0,260,0.10761503499765447
12.203351060788012,11.825927832103847,12.592211357008061,12.457825813461428,0.0,0.0,0.0,0.0,269,0.10624652010173054
12.194773260136099,11.883113169783266,12.612226225195858,12.512151884256875,0.0,0.0,0.0,0.0,269,0.10462918431563861
12.163321324412419,11.883113169783266,12.629381826499685,12.506433350488933,0.0,0.0,0.0,0.0,264,0.10226538585904274
12.169039858180362,11.937439240578714,12.663693029107336,12.506433350488933,0.0,0.0,0.0,0.0,266,0.09990158740244687
12.189054726368159,11.966031909418424,12.686567164179102,12.543603819980556,0.0,0.0,0.0,0.0,265,0.09766219939093498
12.211928861439926,11.95459484188254,12.700863498598958,12.52644821867673,0.0,0.0,0.0,0.0,263,0.09592045315975907
12.229084462743751,12.011780179561958,12.700863498598958,12.589352090124091,0.0,0.0,0.0,0.0,274,0.09455193826383514
12.249099330931548,11.986046777606221,12.740893234974552,12.620804025847772,0.0,0.0,0.0,0.0,269,0.0935566547031632
12.263395665351403,12.011780179561958,12.746611768742493,12.615085492079828,0.0,0.0,0.0,0.0,271,0.09243696069740724
12.263395665351403,12.057528449705494,12.809515640189854,12.640818894035569,0.0,0.0,0.0,0.0,272,0.09119285624656731
12.312003202378909,12.014639446445932,12.789500772002059,12.606507691427918,0.0,0.0,0.0,0.0,272,0.08969993090555937
12.332018070566706,12.083261851661232,12.803797106421912,12.626522559615713,0.0,0.0,0.0,0.0,270,0.08795818467438346
12.360610739406416,12.066106250357407,12.760908103162349,12.666552295991307,0.0,0.0,0.0,0.0,281,0.08609202799812357
12.400640475782007,12.07468405100932,12.803797106421912,12.620804025847772,0.0,0.0,0.0,0.0,279,0.08459910265711565
12.480699948533195,12.143306456224622,12.812374907073826,12.70372276548293,0.0,0.0,0.0,0.0,278,0.0836038190964437
12.52644821867673,12.143306456224622,12.82095270772574,12.718019099902785,0.0,0.0,0.0,0.0,277,0.08298176687102372
12.537885286212614,12.129010121804768,12.818093440841766,12.70372276548293,0.0,0.0,0.0,0.0,276,0.08223530420051978
12.535026019328644,12.197632527020073,12.82095270772574,12.755189569394405,0.0,0.0,0.0,0.0,287,0.08124002063984782
12.512151884256875,12.231943729627723,12.85526391033339,12.755189569394405,0.0,0.0,0.0,0.0,287,0.07987150574392389
12.503574083604963,12.280551266655229,12.895293646708982,12.769485903814262,0.0,0.0,0.0,0.0,285,0.07788093862258
12.543603819980556,12.314862469262879,12.909589981128837,12.809515640189854,0.0,0.0,0.0,0.0,286,0.07551714016598411
12.552181620632467,12.274832732887287,12.941041916852518,12.795219305769999,0.0,0.0,0.0,0.0,287,0.07265569992905227
12.580774289472178,12.323440269914792,12.952478984388403,12.860982444101332,0.0,0.0,0.0,0.0,284,0.06979425969212041
12.569337221936294,12.369188540058326,12.961056785040313,12.866700977869273,0.0,0.0,0.0,0.0,296,0.06743046123552454
12.603648424543945,12.34631440498656,13.00966432206782,12.875278778521187,0.0,0.0,0.0,0.0,293,0.06581312544943262
12.649396694687482,12.400640475782007,13.021101389603704,12.875278778521187,0.0,0.0,0.0,0.0,291,0.06481784188876066
12.666552295991307,12.386344141362153,13.029679190255617,12.860982444101332,0.0,0.0,0.0,0.0,291,0.0640713792182567
12.666552295991307,12.457825813461428,13.023960656487676,12.918167781780749,0.0,0.0,0.0,0.0,276,0.06320050610266875
12.672270829759249,12.460685080345398,13.029679190255617,12.898152913592954,0.0,0.0,0.0,0.0,276,0.06183199120674482
12.709441299250871,12.449248012809514,13.04397552467547,12.941041916852518,0.0,0.0,0.0,0.0,291,0.06033906586573689
12.775204437582202,12.483559215417166,13.055412592211356,12.97535311946017,0.0,0.0,0.0,0.0,288,0.05897055096981296
12.82667124149368,12.52644821867673,13.063990392863268,12.952478984388403,0.0,0.0,0.0,0.0,286,0.05785085696405702
12.883856579173099,12.5293074855607,13.084005261051065,12.98107165322811,0.0,0.0,0.0,0.0,285,0.05710439429355306
12.869560244753243,12.640818894035569,13.109738663006803,12.989649453880023,0.0,0.0,0.0,0.0,281,0.056731162958301086
12.875278778521187,12.663693029107336,13.152627666266367,12.94676045062046,0.0,0.0,0.0,0.0,297,0.05648234206813309
12.903871447360896,12.70372276548293,13.175501801338134,13.049694058443414,0.0,0.0,0.0,0.0,288,0.0562335211779651
12.926745582432662,12.740893234974552,13.195516669525931,13.049694058443414,0.0,0.0,0.0,0.0,290,0.05498941672712517
12.958197518156343,12.700863498598958,13.218390804597702,13.09830159547092,0.0,0.0,0.0,0.0,293,0.05299884960578127
12.966775318808256,12.775204437582202,13.255561274089322,13.124034997426659,0.0,0.0,0.0,0.0,287,0.050137409368849424
12.972493852576198,12.780922971350146,13.28129467604506,13.09830159547092,0.0,0.0,0.0,0.0,287,0.04715155868683357
13.00966432206782,12.798078572653969,13.301309544232858,13.16406473380225,0.0,0.0,0.0,0.0,304,0.04478776023023769
13.058271859095328,12.82095270772574,13.3070280780008,13.1297535311946,0.0,0.0,0.0,0.0,302,0.04317042444414578
13.104020129238862,12.783782238234116,13.301309544232858,13.189798135757991,0.0,0.0,0.0,0.0,299,0.04205073043838984
13.124034997426659,12.849545376565446,13.321324412420655,13.189798135757991,0.0,0.0,0.0,0.0,299,0.04117985732280188
13.118316463658717,12.835249042145593,13.332761479956538,13.175501801338134,0.0,0.0,0.0,0.0,295,0.04018457376212993
13.15834620003431,12.88957511294104,13.341339280608452,13.255561274089322,0.0,0.0,0.0,0.0,313,0.038816058866206
13.198375936409905,12.938182649968546,13.358494881912275,13.215531537713728,0.0,0.0,0.0,0.0,308,0.03732313352519808
13.261279807857264,12.912449248012809,13.367072682564189,13.269857608509177,0.0,0.0,0.0,0.0,307,0.03570579773910616
13.289872476696974,12.958197518156343,13.404243152055813,13.3070280780008,0.0,0.0,0.0,0.0,306,0.034088461953014244
13.275576142277119,13.0411162577915,13.42997655401155,13.244124206553439,0.0,0.0,0.0,0.0,304,0.03234671572183834
13.289872476696974,13.0411162577915,13.45570995596729,13.321324412420655,0.0,0.0,0.0,0.0,321,0.03085379038083041
13.295591010464916,13.13261279807857,13.475724824155085,13.3070280780008,0.0,0.0,0.0,0.0,320,0.029982917265242458
13.327042946188596,13.089723794819006,13.504317492994796,13.367072682564189,0.0,0.0,0.0,0.0,314,0.02948527548490648
13.358494881912275,13.15834620003431,13.524332361182593,13.404243152055813,0.0,0.0,0.0,0.0,315,0.02898763370457051
13.367072682564189,13.198375936409905,13.567221364442156,13.404243152055813,0.0,0.0,0.0,0.0,311,0.02811676058898255
13.372791216332132,13.204094470177845,13.598673300165837,13.467147023503173,0.0,0.0,0.0,0.0,310,0.02674824569305862
13.415680219591696,13.284153942929033,13.592954766397893,13.415680219591696,0.0,0.0,0.0,0.0,329,0.024757678571714726
13.46142848973523,13.238405672785497,13.604391833933777,13.475724824155085,0.0,0.0,0.0,0.0,325,0.022518290560202842
13.498598959226854,13.301309544232858,13.621547435237604,13.467147023503173,0.0,0.0,0.0,0.0,326,0.020403312993774948
13.49288042545891,13.284153942929033,13.621547435237604,13.510036026762737,0.0,0.0,0.0,0.0,326,0.01891038765276703
13.518613827414649,13.335620746840508,13.624406702121574,13.55006576313833,0.0,0.0,0.0,0.0,322,0.017790693647011083
13.57865843197804,13.372791216332132,13.647280837193343,13.541487962486416,0.0,0.0,0.0,0.0,339,0.017417462311759103
13.658717904729226,13.372791216332132,13.70160690798879,13.57865843197804,0.0,0.0,0.0,0.0,336,0.01729305186667511
13.695888374220848,13.409961685823752,13.724481043060557,13.561502830674213,0.0,0.0,0.0,0.0,335,0.017417462311759103
13.690169840452906,13.472865557271113,13.744495911248354,13.58151769886201,0.0,0.0,0.0,0.0,337,0.017168641421591118
13.70160690798879,13.49288042545891,13.76165151255218,13.652999370961284,0.0,0.0,0.0,0.0,331,0.016795410086339134
13.695888374220848,13.567221364442156,13.787384914507918,13.652999370961284,0.0,0.0,0.0,0.0,350,0.016048947415835173
13.713043975524673,13.535769428718476,13.821696117115572,13.73305884371247,0.0,0.0,0.0,0.0,345,0.015426895190415206
13.750214445016297,13.58151769886201,13.844570252187339,13.690169840452906,0.0,0.0,0.0,0.0,344,0.014804842964995237
13.778807113856006,13.624406702121574,13.916051924286611,13.718762509292617,0.0,0.0,0.0,0.0,346,0.014431611629743258
13.810259049579688,13.61582890146966,13.898896322982786,13.755932978784237,0.0,0.0,0.0,0.0,344,0.014307201184659264
13.787384914507918,13.635843769657457,13.870303654143076,13.727340309944529,0.0,0.0,0.0,0.0,362,0.014431611629743258
13.815977583347628,13.61582890146966,13.850288785955279,13.838851718419395,0.0,0.0,0.0,0.0,364,0.014431611629743258
13.821696117115572,13.678732772917023,13.876022187911019,13.738777377480414,0.0,0.0,0.0,0.0,357,0.014431611629743258
13.827414650883512,13.652999370961284,13.876022187911019,13.810259049579688,0.0,0.0,0.0,0.0,359,0.014431611629743258
13.838851718419395,13.707325441756732,13.861725853491164,13.821696117115572,0.0,0.0,0.0,0.0,349,0.014431611629743258
13.904614856750728,13.713043975524673,13.876022187911019,13.861725853491164,0.0,0.0,0.0,0.0,366,0.014431611629743258
13.990392863269856,13.707325441756732,13.944644593126322,13.833133184651455,0.0,0.0,0.0,0.0,359,0.014431611629743258
13.996111397037799,13.76737004632012,14.001829930805739,13.810259049579688,0.0,0.0,0.0,0.0,358,0.014431611629743258
13.984674329501916,13.755932978784237,14.001829930805739,13.844570252187339,0.0,0.0,0.0,0.0,351,0.014431611629743258
13.927488991822495,13.833133184651455,13.990392863269856,13.870303654143076,0.0,0.0,0.0,0.0,368,0.014431611629743258
13.91033339051867,13.833133184651455,13.990392863269856,13.944644593126322,0.0,0.0,0.0,0.0,360,0.014431611629743258
13.938926059358378,13.850288785955279,14.018985532109566,13.956081660662205,0.0,0.0,0.0,0.0,355,0.014431611629743258
13.990392863269856,13.861725853491164,14.09332647109281,13.950363126894262,0.0,0.0,0.0,0.0,349,0.014431611629743258
13.990392863269856,13.833133184651455,14.09332647109281,13.938926059358378,0.0,0.0,0.0,0.0,367,0.014431611629743258
14.001829930805739,13.904614856750728,14.087607937324869,13.927488991822495,0.0,0.0,0.0,0.0,360,0.014431611629743258
14.007548464573683,13.867444387259106,14.0647338022531,13.973237261966032,0.0,0.0,0.0,0.0,345,0.014431611629743258
14.05901526848516,13.916051924286611,14.104763538628694,13.984674329501916,0.0,0.0,0.0,0.0,365,0.014307201184659264
14.079030136672957,13.887459255446903,14.127637673700463,14.02470406587751,0.0,0.0,0.0,0.0,354,0.014058380294491276
14.099045004860752,13.927488991822495,14.110482072396636,14.036141133413393,0.0,0.0,0.0,0.0,351,0.013933969849407283
14.15051180877223,13.973237261966032,14.133356207468404,14.036141133413393,0.0,0.0,0.0,0.0,342,0.013560738514155303
14.201978612683707,13.938926059358378,14.190541545147823,14.09332647109281,0.0,0.0,0.0,0.0,359,0.013311917623987314
14.2420083490593,14.001829930805739,14.262023217247098,14.041859667181333,0.0,0.0,0.0,0.0,349,0.012938686288735336
14.2420083490593,14.018985532109566,14.262023217247098,14.087607937324869,0.0,0.0,0.0,0.0,345,0.012689865398567347
14.230571281523417,14.081889403556927,14.279178818550921,14.121919139932519,0.0,0.0,0.0,0.0,340,0.01244104450839936
14.21341568021959,14.116200606164579,14.276319551666951,14.190541545147823,0.0,0.0,0.0,0.0,351,0.012067813173147379
14.253445416595184,14.087607937324869,14.324927088694457,14.219134213987534,0.0,0.0,0.0,0.0,343,0.0116945818378954
14.2420083490593,14.156230342540171,14.344941956882254,14.17910447761194,0.0,0.0,0.0,0.0,326,0.011321350502643417
14.236289815291357,14.133356207468404,14.350660490650196,14.230571281523417,0.0,0.0,0.0,0.0,350,0.010823708722307443
14.290615886086806,14.17910447761194,14.347801223766224,14.201978612683707,0.0,0.0,0.0,0.0,344,0.010450477387055462
14.347801223766224,14.144793275004288,14.384971693257848,14.273460284782981,0.0,0.0,0.0,0.0,338,0.009952835606719487
14.396408760793731,14.201978612683707,14.422142162749468,14.262023217247098,0.0,0.0,0.0,0.0,329,0.00933078338129952
14.402127294561675,14.196260078915763,14.439297764053295,14.296334419854748,0.0,0.0,0.0,0.0,334,0.008833141600963546
14.416423628981528,14.21055641333562,14.413564362097558,14.307771487390632,0.0,0.0,0.0,0.0,338,0.008211089375543578
14.459312632241092,14.262023217247098,14.416423628981528,14.319208554926515,0.0,0.0,0.0,0.0,327,0.00758903715012361
14.51077943615257,14.207697146451647,14.462171899125062,14.36781609195402,0.0,0.0,0.0,0.0,347,0.007091395369787636
14.536512838108308,14.296334419854748,14.519357236804481,14.324927088694457,0.0,0.0,0.0,0.0,339,0.006593753589451661
14.545090638760222,14.290615886086806,14.553668439412133,14.356379024418137,0.0,0.0,0.0,0.0,324,0.0058472909189477
14.54223137187625,14.356379024418137,14.567964773831989,14.36781609195402,0.0,0.0,0.0,0.0,346,0.005474059583695719
14.547949905644192,14.390690227025788,14.596557442671699,14.450734831589179,0.0,0.0,0.0,0.0,339,0.005100828248443737
14.590838908903756,14.390690227025788,14.613713043975523,14.476468233544917,0.0,0.0,0.0,0.0,338,0.004603186468107763
14.605135243323609,14.445016297821239,14.690913249842739,14.487905301080803,0.0,0.0,0.0,0.0,349,0.0042299551328557825
14.605135243323609,14.427860696517412,14.670898381654943,14.499342368616686,0.0,0.0,0.0,0.0,338,0.0038567237976038014
14.610853777091553,14.487905301080803,14.639446445931263,14.476468233544917,0.0,0.0,0.0,0.0,335,0.0036079029074358145
14.639446445931263,14.456453365357122,14.653742780351116,14.573683307599929,0.0,0.0,0.0,0.0,347,0.003359082017267827
14.72808371933436,14.525075770572425,14.702350317378622,14.505060902384628,0.0,0.0,0.0,0.0,339,0.00311026112709984
14.78240979012981,14.473608966660947,14.765254188825983,14.576542574483902,0.0,0.0,0.0,0.0,335,0.002985850682015846
14.836735860925257,14.567964773831989,14.779550523245838,14.585120375135814,0.0,0.0,0.0,0.0,326,0.0028614402369318524
14.868187796648938,14.54223137187625,14.793846857665693,14.605135243323609,0.0,0.0,0.0,0.0,336,0.0028614402369318524
14.893921198604676,14.565105506948017,14.822439526505404,14.610853777091553,0.0,0.0,0.0,0.0,333,0.0028614402369318524
14.925373134328357,14.670898381654943,14.879624864184821,14.642305712815233,0.0,0.0,0.0,0.0,325,0.0027370297918478596
14.945388002516154,14.65946131411906,14.931091668096299,14.679476182306855,0.0,0.0,0.0,0.0,338,0.0026126193467638655
14.956825070052037,14.730942986218333,14.991136272659688,14.713787384914507,0.0,0.0,0.0,0.0,336,0.0026126193467638655
14.979699205123804,14.742380053754216,15.011151140847485,14.81100245896952,0.0,0.0,0.0,0.0,323,0.0026126193467638655
15.022588208383368,14.78812832389775,15.059758677874992,14.793846857665693,0.0,0.0,0.0,0.0,340,0.0026126193467638655
15.039743809687195,14.853891462229084,15.074055012294846,14.853891462229084,0.0,0.0,0.0,0.0,335,0.002488208901679872
15.079773546062789,14.853891462229084,15.096929147366614,14.822439526505404,0.0,0.0,0.0,0.0,324,0.0023637984565958786
15.122662549322353,14.868187796648938,15.108366214902498,14.87390633041688,0.0,0.0,0.0,0.0,343,0.0023637984565958786
15.154114485046032,14.8424543946932,15.148395951278092,14.90535826614056,0.0,0.0,0.0,0.0,340,0.0023637984565958786
15.208440555841479,14.922513867444385,15.174129353233829,14.931091668096299,0.0,0.0,0.0,0.0,330,0.002239388011511885
15.288500028592667,14.919654600560415,15.217018356493393,14.982558472007774,0.0,0.0,0.0,0.0,339,0.002239388011511885
15.365700234459883,14.99399553954366,15.26848516040487,14.999714073311601,0.0,0.0,0.0,0.0,335,0.002239388011511885
15.402870703951507,14.996854806427631,15.314233430548406,15.074055012294846,0.0,0.0,0.0,0.0,325,0.002239388011511885
15.41716703837136,15.048321610339109,15.379996568879736,15.039743809687195,0.0,0.0,0.0,0.0,341,0.0021149775664278912
15.462915308514894,15.11408474867044,15.442900440327097,15.108366214902498,0.0,0.0,0.0,0.0,342,0.0019905671213438975
15.494367244238575,15.188425687653686,15.514382112426372,15.154114485046032,0.0,0.0,0.0,0.0,333,0.001866156676259904
15.525819179962257,15.23417395779722,15.562989649453877,15.26276662663693,0.0,0.0,0.0,0.0,345,0.0017417462311759104
15.562989649453877,15.282781494824725,15.634471321553152,15.288500028592667,0.0,0.0,0.0,0.0,340,0.001617335786091917
15.603019385829471,15.314233430548406,15.668782524160804,15.29421856236061,0.0,0.0,0.0,0.0,325,0.001617335786091917
15.663063990392862,15.32852976496826,15.677360324812716,15.302796363012522,0.0,0.0,0.0,0.0,334,0.001617335786091917
15.683078858580659,15.405729970835477,15.691656659232573,15.397152170183563,0.0,0.0,0.0,0.0,313,0.001617335786091917
15.705952993652426,15.394292903299593,15.71453079430434,15.45147824097901,0.0,0.0,0.0,0.0,300,0.001617335786091917
15.737404929376106,15.477211642934751,15.74884199691199,15.488648710470635,0.0,0.0,0.0,0.0,307,0.001617335786091917
15.806027334591409,15.47435237605078,15.757419797563903,15.514382112426372,0.0,0.0,0.0,0.0,281,0.001617335786091917
15.851775604734943,15.562989649453877,15.768856865099787,15.525819179962257,0.0,0.0,0.0,0.0,294,0.0017417462311759104
15.826042202779206,15.545834048150054,15.803168067707439,15.594441585177558,0.0,0.0,0.0,0.0,287,0.0017417462311759104
15.823182935895236,15.631612054669182,15.83462000343112,15.583004517641674,0.0,0.0,0.0,0.0,303,0.0017417462311759104
15.846057070967003,15.668782524160804,15.860353405386856,15.683078858580659,0.0,0.0,0.0,0.0,304,0.0017417462311759104
15.883227540458625,15.737404929376106,15.917538743066277,15.694515926116543,0.0,0.0,0.0,0.0,310,0.0017417462311759104
15.926116543718189,15.743123463144048,15.943272145022014,15.791731000171556,0.0,0.0,0.0,0.0,308,0.0017417462311759104
15.948990678789956,15.757419797563903,16.020472350889232,15.768856865099787,0.0,0.0,0.0,0.0,307,0.0017417462311759104
15.977583347629666,15.786012466403612,16.020472350889232,15.811745868359353,0.0,0.0,0.0,0.0,307,0.0017417462311759104
16.037627952193056,15.806027334591409,16.043346485961,15.78029393263567,0.0,0.0,0.0,0.0,306,0.001866156676259904
16.089094756104533,15.826042202779206,16.060502087264823,15.857494138502886,0.0,0.0,0.0,0.0,309,0.001866156676259904
16.14628009378395,15.803168067707439,16.123405958712183,15.87179047292274,0.0,0.0,0.0,0.0,307,0.001866156676259904
16.229198833419108,15.828901469663176,16.166294961971747,15.90038314176245,0.0,0.0,0.0,0.0,298,0.001866156676259904
16.323554640590153,15.894664607994509,16.20632469834734,15.90038314176245,0.0,0.0,0.0,0.0,303,0.001866156676259904
16.392177045805454,15.948990678789956,16.25779150225882,15.948990678789956,0.0,0.0,0.0,0.0,299,0.0019905671213438975
16.37502144450163,15.977583347629666,16.329273174358093,16.006176016469375,0.0,0.0,0.0,0.0,291,0.0021149775664278912
16.403614113341337,16.037627952193056,16.392177045805454,16.026190884657172,0.0,0.0,0.0,0.0,298,0.0021149775664278912
16.437925315948988,16.066220621032766,16.437925315948988,16.060502087264823,0.0,0.0,0.0,0.0,298,0.0021149775664278912
16.48081431920855,16.157717161319834,16.48081431920855,16.1119688911763,0.0,0.0,0.0,0.0,289,0.0021149775664278912
16.50368845428032,16.160576428203807,16.55801452507577,16.166294961971747,0.0,0.0,0.0,0.0,296,0.0021149775664278912
16.515125521816206,16.229198833419108,16.56373305884371,16.217761765883225,0.0,0.0,0.0,0.0,293,0.0021149775664278912
16.53228112312003,16.194887630811458,16.537999656887973,16.25207296849088,0.0,0.0,0.0,0.0,295,0.0021149775664278912
16.543718190655913,16.269228569794702,16.543718190655913,16.269228569794702,0.0,0.0,0.0,0.0,295,0.002239388011511885
16.56373305884371,16.269228569794702,16.55801452507577,16.323554640590153,0.0,0.0,0.0,0.0,292,0.0023637984565958786
16.609481328987247,16.363584376965747,16.598044261451363,16.340710241893976,0.0,0.0,0.0,0.0,296,0.0023637984565958786
16.68382226797049,16.35214730942986,16.615199862755187,16.392177045805454,0.0,0.0,0.0,0.0,295,0.0026126193467638655
16.7124149368102,16.420769714645164,16.646651798478867,16.41505118087722,0.0,0.0,0.0,0.0,286,0.0027370297918478596
16.695259335506375,16.40933264710928,16.70097786927432,16.44364384971693,0.0,0.0,0.0,0.0,294,0.0027370297918478596
16.7124149368102,16.48081431920855,16.743866872533882,16.46079945102076,0.0,0.0,0.0,0.0,294,0.0027370297918478596
16.729570538114025,16.53228112312003,16.778178075141533,16.520844055584146,0.0,0.0,0.0,0.0,287,0.0027370297918478596
16.76674100760565,16.640933264710927,16.82964487905301,16.56373305884371,0.0,0.0,0.0,0.0,295,0.0027370297918478596
16.80391147709727,16.603762795219303,16.903985818036254,16.646651798478867,0.0,0.0,0.0,0.0,293,0.0027370297918478596
16.841081946588893,16.669525933550638,16.909704351804194,16.65237033224681,0.0,0.0,0.0,0.0,291,0.0028614402369318524
16.89540801738434,16.62091839652313,16.909704351804194,16.669525933550638,0.0,0.0,0.0,0.0,291,0.00311026112709984
16.93257848687596,16.689540801738435,16.92685995310802,16.663807399782694,0.0,0.0,0.0,0.0,288,0.003234671572183834
16.98404529078744,16.663807399782694,16.98404529078744,16.729570538114025,0.0,0.0,0.0,0.0,292,0.003234671572183834
17.058386229770687,16.749585406301822,17.01549722651112,16.76102247383771,0.0,0.0,0.0,0.0,292,0.003234671572183834
17.147023503173784,16.743866872533882,17.052667696002743,16.772459541373593,0.0,0.0,0.0,0.0,283,0.003359082017267827
17.172756905129525,16.786755875793446,17.109853033682164,16.815348544633157,0.0,0.0,0.0,0.0,290,0.003483492462351821
17.19849030708526,16.786755875793446,17.172756905129525,16.858237547892717,0.0,0.0,0.0,0.0,291,0.003483492462351821
17.21850517527306,16.903985818036254,17.224223709041002,16.883970949848457,0.0,0.0,0.0,0.0,283,0.003483492462351821
17.24995711099674,16.94687482129582,17.289986847372333,16.915422885572138,0.0,0.0,0.0,0.0,291,0.003483492462351821
17.295705381140273,17.01549722651112,17.341453651283807,16.989763824555382,0.0,0.0,0.0,0.0,288,0.003483492462351821
17.301423914908217,17.01549722651112,17.392920455195284,17.046949162234803,0.0,0.0,0.0,0.0,293,0.0036079029074358145
17.34717218505175,17.04123062846686,17.401498255847198,17.046949162234803,0.0,0.0,0.0,0.0,290,0.0036079029074358145
17.40721678961514,17.032652827814946,17.387201921427344,17.084119631726423,0.0,0.0,0.0,0.0,283,0.003732313352519808
17.41293532338308,17.089838165494367,17.41293532338308,17.109853033682164,0.0,0.0,0.0,0.0,287,0.003732313352519808
17.45868359352662,17.115571567450104,17.467261394178532,17.12986790186996,0.0,0.0,0.0,0.0,288,0.003732313352519808
17.533024532509863,17.10413449991422,17.498713329902213,17.19849030708526,0.0,0.0,0.0,0.0,289,0.003732313352519808
17.573054268885457,17.16703837136158,17.51872819809001,17.18705323954938,0.0,0.0,0.0,0.0,287,0.003732313352519808
17.567335735117513,17.18705323954938,17.573054268885457,17.24995711099674,0.0,0.0,0.0,0.0,280,0.003732313352519808
17.5787728026534,17.21850517527306,17.607365471493107,17.229942242808942,0.0,0.0,0.0,0.0,286,0.003732313352519808
17.58735060330531,17.31572024932807,17.65311374163664,17.28140904672042,0.0,0.0,0.0,0.0,284,0.003732313352519808
17.598787670841194,17.3814833876594,17.68170641047635,17.321438783096013,0.0,0.0,0.0,0.0,278,0.003732313352519808
17.627380339680904,17.401498255847198,17.7360324812718,17.432950191570878,0.0,0.0,0.0,0.0,287,0.003732313352519808
17.68170641047635,17.472979927946472,17.741751015039743,17.452965059758675,0.0,0.0,0.0,0.0,285,0.0038567237976038014
17.70743981243209,17.43866872533882,17.713158346200032,17.48727626236633,0.0,0.0,0.0,0.0,285,0.0038567237976038014
17.741751015039743,17.507291130554126,17.747469548807683,17.467261394178532,0.0,0.0,0.0,0.0,284,0.0038567237976038014
17.79607708583519,17.49299479613427,17.79607708583519,17.55303940069766,0.0,0.0,0.0,0.0,280,0.0038567237976038014
17.878995825470348,17.58735060330531,17.810373420255043,17.567335735117513,0.0,0.0,0.0,0.0,284,0.003981134242687795
17.93618116314977,17.558757934465604,17.850403156630637,17.607365471493107,0.0,0.0,0.0,0.0,284,0.003981134242687795
17.94189969691771,17.61880253902899,17.878995825470348,17.633098873448848,0.0,0.0,0.0,0.0,284,0.003981134242687795
17.956196031337566,17.638817407216788,17.94189969691771,17.68170641047635,0.0,0.0,0.0,0.0,284,0.004105544687771789
17.97049236575742,17.713158346200032,18.019099902784927,17.687424944244295,0.0,0.0,0.0,0.0,279,0.004105544687771789
17.99908503459713,17.727454680619886,18.061988906044487,17.747469548807683,0.0,0.0,0.0,0.0,283,0.004105544687771789
18.03911477097272,17.810373420255043,18.110596443071994,17.8246697546749,0.0,0.0,0.0,0.0,284,0.004105544687771789
18.061988906044487,17.816091954022987,18.119174243723908,17.850403156630637,0.0,0.0,0.0,0.0,280,0.004105544687771789
18.10487790930405,17.850403156630637,18.119174243723908,17.90758849431006,0.0,0.0,0.0,0.0,283,0.004105544687771789
18.15348544633156,17.878995825470348,18.147766912563615,17.85898095728255,0.0,0.0,0.0,0.0,283,0.0042299551328557825
18.196374449591122,17.85898095728255,18.196374449591122,17.92188482872991,0.0,0.0,0.0,0.0,285,0.004354365577939776
18.290730256762163,17.90758849431006,18.21924858466289,17.961914565105506,0.0,0.0,0.0,0.0,283,0.00447877602302377
18.347915594441584,17.899010693658145,18.233544919082746,18.00480356836507,0.0,0.0,0.0,0.0,278,0.00447877602302377
18.347915594441584,17.984788700177273,18.290730256762163,18.00480356836507,0.0,0.0,0.0,0.0,286,0.004603186468107763
18.379367530165265,17.976210899525363,18.37078972951335,18.013381369016983,0.0,0.0,0.0,0.0,284,0.004727596913191757
18.379367530165265,18.10487790930405,18.413678732772915,18.03911477097272,0.0,0.0,0.0,0.0,286,0.00485200735827575
18.436552867844682,18.119174243723908,18.45942700291645,18.124892777491848,0.0,0.0,0.0,0.0,286,0.004976417803359744
18.45084920226454,18.18207811517127,18.525190141247784,18.196374449591122,0.0,0.0,0.0,0.0,280,0.004976417803359744
18.510893806827927,18.176359581403325,18.539486475667637,18.204952250243036,0.0,0.0,0.0,0.0,285,0.004976417803359744
18.525190141247784,18.21067078401098,18.533767941899697,18.262137587922457,0.0,0.0,0.0,0.0,283,0.004976417803359744
18.54806427631955,18.233544919082746,18.570938411391317,18.21067078401098,0.0,0.0,0.0,0.0,284,0.004976417803359744
18.608108880882938,18.224967118430833,18.62240521530279,18.31360439183393,0.0,0.0,0.0,0.0,284,0.004976417803359744
18.736775890661633,18.290730256762163,18.636701549722652,18.305026591182017,0.0,0.0,0.0,0.0,279,0.004976417803359744
18.782524160805167,18.27643392234231,18.65957568479442,18.305026591182017,0.0,0.0,0.0,0.0,284,0.004976417803359744
18.72819809000972,18.342197060673644,18.6910276205181,18.347915594441584,0.0,0.0,0.0,0.0,279,0.004976417803359744
18.72247955624178,18.379367530165265,18.736775890661633,18.379367530165265,0.0,0.0,0.0,0.0,282,0.005100828248443737
18.745353691313547,18.40796019900497,18.773946360153253,18.39366386458512,0.0,0.0,0.0,0.0,283,0.004976417803359744
18.779664893921197,18.465145536684393,18.859724366672385,18.445130668496596,0.0,0.0,0.0,0.0,279,0.004976417803359744
18.813976096528847,18.510893806827927,18.891176302396065,18.52233087436381,0.0,0.0,0.0,0.0,284,0.004976417803359744
18.859724366672385,18.58523474581117,18.868302167324295,18.54806427631955,0.0,0.0,0.0,0.0,279,0.004976417803359744
18.859724366672385,18.570938411391317,18.842568765368558,18.645279350374565,0.0,0.0,0.0,0.0,282,0.004976417803359744
18.88259850174415,18.630983015954705,18.896894836164005,18.61668668153485,0.0,0.0,0.0,0.0,281,0.004976417803359744
18.965517241379306,18.58523474581117,18.914050437467832,18.636701549722652,0.0,0.0,0.0,0.0,282,0.004976417803359744
19.06273231543432,18.645279350374565,18.945502373191513,18.6910276205181,0.0,0.0,0.0,0.0,281,0.004976417803359744
19.022702579058727,18.6910276205181,18.991250643335047,18.72247955624178,0.0,0.0,0.0,0.0,278,0.004976417803359744
19.022702579058727,18.705323954937953,19.03128037971064,18.805398295876934,0.0,0.0,0.0,0.0,282,0.004976417803359744
19.059873048550347,18.736775890661633,19.091324984274028,18.79682049522502,0.0,0.0,0.0,0.0,281,0.004976417803359744
19.102762051809915,18.805398295876934,19.139932521301535,18.868302167324295,0.0,0.0,0.0,0.0,282,0.004976417803359744
19.12563618688168,18.928346771887686,19.188540058329043,18.85114656602047,0.0,0.0,0.0,0.0,281,0.004976417803359744
19.14851032195345,18.90547263681592,19.194258592096983,18.928346771887686,0.0,0.0,0.0,0.0,279,0.004976417803359744
19.17424372390919,18.982672842683133,19.188540058329043,18.951220906959453,0.0,0.0,0.0,0.0,282,0.004976417803359744
19.20569565963287,18.9369245725396,19.228569794704637,18.976954308915193,0.0,0.0,0.0,0.0,278,0.004976417803359744
19.285755132384054,18.948361640075483,19.2714587979642,19.022702579058727,0.0,0.0,0.0,0.0,280,0.004976417803359744
19.36867387201921,19.0055469777549,19.30862926745582,19.0055469777549,0.0,0.0,0.0,0.0,280,0.00485200735827575
19.422999942814663,19.014124778406813,19.33436266941156,19.094184251158,0.0,0.0,0.0,0.0,280,0.00485200735827575
19.400125807742892,19.06273231543432,19.380110939555095,19.102762051809915,0.0,0.0,0.0,0.0,279,0.004727596913191757
19.41442214216275,19.028421112826667,19.440155544118486,19.11705838622977,0.0,0.0,0.0,0.0,275,0.004603186468107763
19.460170412306283,19.14851032195345,19.505918682449817,19.134213987533595,0.0,0.0,0.0,0.0,278,0.0042299551328557825
19.48876308114599,19.165665923257276,19.554526219477324,19.165665923257276,0.0,0.0,0.0,0.0,280,0.003732313352519808
19.505918682449817,19.225710527820663,19.57168182078115,19.23714759535655,0.0,0.0,0.0,0.0,278,0.003234671572183834
19.563104020129238,19.26859953108023,19.563104020129238,19.260021730428317,0.0,0.0,0.0,0.0,277,0.0027370297918478596
19.580259621433065,19.228569794704637,19.57168182078115,19.342940470063475,0.0,0.0,0.0,0.0,278,0.0023637984565958786
19.637444959112482,19.297192199919937,19.614570824040715,19.2714587979642,0.0,0.0,0.0,0.0,278,0.001866156676259904
19.75181563447132,19.27717733173214,19.63172642534454,19.30862926745582,0.0,0.0,0.0,0.0,274,0.001617335786091917
19.797563904614854,19.30862926745582,19.68891176302396,19.38868874020701,0.0,0.0,0.0,0.0,276,0.0011196940057559425
19.75181563447132,19.322925601875678,19.72036369874764,19.391548007090982,0.0,0.0,0.0,0.0,275,0.00037323133525198076
19.763252702007204,19.38297020643907,19.763252702007204,19.463029679190257,0.0,0.0,0.0,0.0,275,-0.000622052225419968
19.771830502659117,19.440155544118486,19.800423171498824,19.434437010350543,0.0,0.0,0.0,0.0,275,-0.0017417462311759104
19.806141705266768,19.497340881797903,19.874764110482072,19.48876308114599,0.0,0.0,0.0,0.0,271,-0.0027370297918478596
19.826156573454565,19.591696688968945,19.900497512437813,19.537370618173497,0.0,0.0,0.0,0.0,274,-0.003359082017267827
19.86046777606222,19.59741522273689,19.874764110482072,19.620289357808655,0.0,0.0,0.0,0.0,272,-0.0036079029074358145
19.8919197117859,19.605993023388802,19.874764110482072,19.677474695488076,0.0,0.0,0.0,0.0,273,-0.003981134242687795
19.937667981929433,19.654600560416306,19.92909018127752,19.620289357808655,0.0,0.0,0.0,0.0,273,-0.004354365577939776
20.049179390404298,19.646022759764396,19.92337164750958,19.63172642534454,0.0,0.0,0.0,0.0,274,-0.004976417803359744
20.09206839366386,19.680333962372046,20.003431120260764,19.697489563675873,0.0,0.0,0.0,0.0,273,-0.0058472909189477
20.063475724824155,19.697489563675873,20.034883055984444,19.72036369874764,0.0,0.0,0.0,0.0,274,-0.006718164034535654
20.063475724824155,19.740378566935437,20.07491279236004,19.78612683707897,0.0,0.0,0.0,0.0,272,-0.007837858040291598
20.097786927431805,19.78040830331103,20.117801795619602,19.731800766283524,0.0,0.0,0.0,0.0,272,-0.008708731155879551
20.117801795619602,19.84045290787442,20.197861268370787,19.78612683707897,0.0,0.0,0.0,0.0,272,-0.009206372936215526
20.14067593069137,19.943386515697373,20.217876136558587,19.849030708526332,0.0,0.0,0.0,0.0,272,-0.009455193826383514
20.18070566706696,19.92337164750958,20.18070566706696,19.90907531308972,0.0,0.0,0.0,0.0,271,-0.009455193826383514
20.217876136558587,19.951964316349287,20.195002001486817,19.937667981929433,0.0,0.0,0.0,0.0,271,-0.009579604271467507
20.260765139818147,19.977697718305027,20.215016869674614,19.874764110482072,0.0,0.0,0.0,0.0,271,-0.009952835606719487
20.346543146337275,19.977697718305027,20.195002001486817,19.92909018127752,0.0,0.0,0.0,0.0,271,-0.01032606694197147
20.389432149596843,20.034883055984444,20.252187339166234,19.977697718305027,0.0,0.0,0.0,0.0,270,-0.010574887832139456
20.366558014525076,20.05775719105621,20.332246811917422,20.003431120260764,0.0,0.0,0.0,0.0,271,-0.01107252961247543
20.38085434894493,20.063475724824155,20.423743352204493,20.063475724824155,0.0,0.0,0.0,0.0,270,-0.0116945818378954
20.403728484016696,20.126379596271512,20.469491622348027,20.020586721564587,0.0,0.0,0.0,0.0,270,-0.012316634063315367
20.423743352204493,20.17212786641505,20.566706696403042,20.066334991708125,0.0,0.0,0.0,0.0,270,-0.012938686288735336
20.469491622348027,20.275061474238,20.526676960027448,20.166409332647106,0.0,0.0,0.0,0.0,269,-0.013311917623987314
20.489506490535824,20.252187339166234,20.455195287928174,20.266483673586087,0.0,0.0,0.0,0.0,270,-0.013311917623987314
20.526676960027448,20.309372676845655,20.483787956767884,20.23217247097844,0.0,0.0,0.0,0.0,271,-0.013311917623987314
20.601017899010692,20.33796534568536,20.56384742951907,20.17212786641505,0.0,0.0,0.0,0.0,268,-0.013311917623987314
20.68965517241379,20.31223194372963,20.606736432778636,20.209298335906674,0.0,0.0,0.0,0.0,268,-0.013436328069071309
20.703951506833643,20.31795047749757,20.672499571109963,20.32366901126551,0.0,0.0,0.0,0.0,269,-0.01380955940432329
20.703951506833643,20.37513581517699,20.69537370618173,20.309372676845655,0.0,0.0,0.0,0.0,266,-0.014182790739575271
20.69537370618173,20.403728484016696,20.749699776977184,20.28935780865786,0.0,0.0,0.0,0.0,266,-0.01455602207482725
20.74112197632527,20.50380282495568,20.824040715960425,20.2064390690227,0.0,0.0,0.0,0.0,267,-0.014929253410079233
20.763996111397038,20.549551095099215,20.89838165494367,20.209298335906674,0.0,0.0,0.0,0.0,265,-0.015302484745331212
20.80116658088866,20.569565963287012,20.83833705038028,20.395150683364783,0.0,0.0,0.0,0.0,268,-0.015302484745331212
20.824040715960425,20.61531423343055,20.77829244581689,20.53525476067936,0.0,0.0,0.0,0.0,267,-0.015302484745331212
20.86978898610396,20.59244009835878,20.846914851032192,20.555269628867155,0.0,0.0,0.0,0.0,266,-0.015302484745331212
20.967004060158974,20.63246983473437,20.92983359066735,20.489506490535824,0.0,0.0,0.0,0.0,266,-0.015302484745331212
21.02133013095442,20.61531423343055,21.004174529650598,20.455195287928174,0.0,0.0,0.0,0.0,265,-0.015551305635499202
20.99845599588265,20.643906902270256,21.052782066678102,20.549551095099215,0.0,0.0,0.0,0.0,266,-0.015675716080583196
20.99845599588265,20.68965517241379,21.058500600446045,20.586721564590835,0.0,0.0,0.0,0.0,265,-0.016048947415835173
21.027048664722365,20.69537370618173,21.027048664722365,20.638188368502316,0.0,0.0,0.0,0.0,265,-0.01629776830600316
21.052782066678102,20.763996111397038,21.112826671241493,20.643906902270256,0.0,0.0,0.0,0.0,265,-0.01654658919617115
21.081374735517812,20.875507519871903,21.19860467776062,20.638188368502316,0.0,0.0,0.0,0.0,264,-0.01654658919617115
21.10424887058958,20.889803854291756,21.152856407617087,20.732544175673358,0.0,0.0,0.0,0.0,265,-0.01654658919617115
21.144278606965173,20.921255790015437,21.112826671241493,20.74112197632527,0.0,0.0,0.0,0.0,266,-0.01654658919617115
21.207182478412534,20.912677989363527,21.13570080631326,20.77829244581689,0.0,0.0,0.0,0.0,265,-0.01667099964125514
21.307256819351515,20.921255790015437,21.238634414136214,20.82975924972837,0.0,0.0,0.0,0.0,265,-0.01691982053142313
21.307256819351515,20.952707725739117,21.332990221307256,20.824040715960425,0.0,0.0,0.0,0.0,265,-0.017168641421591118
21.28438268427975,20.95842625950706,21.364442157030936,20.792588780236745,0.0,0.0,0.0,0.0,264,-0.017417462311759103
21.292960484931662,20.99845599588265,21.332990221307256,20.852633384800136,0.0,0.0,0.0,0.0,266,-0.0175418727568431
21.332990221307256,21.075656201749872,21.355864356379023,20.852633384800136,0.0,0.0,0.0,0.0,267,-0.0175418727568431
21.355864356379023,21.112826671241493,21.41019042717447,20.92983359066735,0.0,0.0,0.0,0.0,265,-0.0175418727568431
21.395894092754613,21.152856407617087,21.404471893406527,20.99845599588265,0.0,0.0,0.0,0.0,265,-0.0175418727568431
21.41019042717447,21.19860467776062,21.404471893406527,20.98987819523074,0.0,0.0,0.0,0.0,265,-0.0175418727568431
21.4759535655058,21.19860467776062,21.395894092754613,20.981300394578827,0.0,0.0,0.0,0.0,266,-0.0175418727568431
21.55601303825699,21.212901012180474,21.41019042717447,21.02133013095442,0.0,0.0,0.0,0.0,266,-0.0175418727568431
21.596042774632583,21.212901012180474,21.498827700577568,21.081374735517812,0.0,0.0,0.0,0.0,266,-0.0175418727568431
21.578887173328756,21.2300566134843,21.547435237605075,21.158574941385027,0.0,0.0,0.0,0.0,265,-0.0175418727568431
21.564590838908902,21.270086349859895,21.578887173328756,21.075656201749872,0.0,0.0,0.0,0.0,268,-0.0175418727568431
21.604620575284496,21.301538285583575,21.64465031166009,21.121404471893406,0.0,0.0,0.0,0.0,267,-0.0175418727568431
21.61891690970435,21.404471893406527,21.701835649339507,21.190026877108707,0.0,0.0,0.0,0.0,265,-0.0175418727568431
21.661805912963914,21.490249899925654,21.64465031166009,21.26150854920798,0.0,0.0,0.0,0.0,266,-0.0175418727568431
21.68468004803568,21.435923829130207,21.661805912963914,21.31583462000343,0.0,0.0,0.0,0.0,267,-0.0175418727568431
21.724709784411274,21.4759535655058,21.718991250643334,21.301538285583575,0.0,0.0,0.0,0.0,265,-0.0175418727568431
21.83336192600217,21.53027963630125,21.724709784411274,21.28438268427975,0.0,0.0,0.0,0.0,267,-0.0175418727568431
21.873391662377763,21.50740550122948,21.750443186367015,21.37873849145079,0.0,0.0,0.0,0.0,267,-0.0175418727568431
21.86481386172585,21.515983301881395,21.807628524046432,21.404471893406527,0.0,0.0,0.0,0.0,267,-0.0175418727568431
21.85909532795791,21.564590838908902,21.89054726368159,21.387316292102703,0.0,0.0,0.0,0.0,264,-0.0175418727568431
21.881969463029677,21.570309372676842,21.950591868244977,21.395894092754613,0.0,0.0,0.0,0.0,266,-0.0175418727568431
21.899125064333504,21.64465031166009,21.99062160462057,21.404471893406527,0.0,0.0,0.0,0.0,266,-0.0175418727568431
21.942014067593064,21.75902098701893,21.982043803968658,21.498827700577568,0.0,0.0,0.0,0.0,265,-0.0175418727568431
21.964888202664838,21.733287585063188,21.950591868244977,21.627494710356263,0.0,0.0,0.0,0.0,266,-0.0175418727568431
22.016355006576312,21.7418653857151,21.99062160462057,21.564590838908902,0.0,0.0,0.0,0.0,265,-0.017417462311759103
22.10213301309544,21.807628524046432,22.024932807228225,21.578887173328756,0.0,0.0,0.0,0.0,265,-0.017417462311759103
22.150740550122947,21.784754388974665,22.076399611139703,21.64465031166009,0.0,0.0,0.0,0.0,266,-0.017417462311759103
22.150740550122947,21.784754388974665,22.125007148167207,21.67610224738377,0.0,0.0,0.0,0.0,266,-0.017417462311759103
22.15931835077486,21.86481386172585,22.185051752730597,21.693257848687594,0.0,0.0,0.0,0.0,266,-0.017417462311759103
22.15931835077486,21.86481386172585,22.236518556642075,21.724709784411274,0.0,0.0,0.0,0.0,267,-0.01729305186667511
22.176473952078684,21.950591868244977,22.287985360553552,21.693257848687594,0.0,0.0,0.0,0.0,268,-0.017168641421591118
22.202207354034424,22.042088408532052,22.2536741579459,21.7418653857151,0.0,0.0,0.0,0.0,269,-0.01691982053142313
22.270829759249725,22.03351060788014,22.2536741579459,21.881969463029677,0.0,0.0,0.0,0.0,268,-0.016795410086339134
22.313718762509293,22.042088408532052,22.287985360553552,21.924858466289244,0.0,0.0,0.0,0.0,269,-0.01654658919617115
22.376622633956654,22.084977411791613,22.322296563161206,21.86481386172585,0.0,0.0,0.0,0.0,270,-0.016422178751087157
22.43666723852004,22.06782181048779,22.34802996511694,21.907702864985417,0.0,0.0,0.0,0.0,269,-0.01617335786091917
22.428089437868127,22.093555212443526,22.385200434608567,21.924858466289244,0.0,0.0,0.0,0.0,269,-0.016048947415835173
22.419511637216214,22.16789615142677,22.453822839823868,21.950591868244977,0.0,0.0,0.0,0.0,269,-0.01592453697075118
22.46240064047578,22.142162749471034,22.479556241779605,22.03351060788014,0.0,0.0,0.0,0.0,270,-0.01592453697075118
22.46240064047578,22.185051752730597,22.559615714530793,21.99062160462057,0.0,0.0,0.0,0.0,270,-0.015675716080583196
22.48813404243152,22.322296563161206,22.525304511923142,22.03351060788014,0.0,0.0,0.0,0.0,268,-0.015302484745331212
22.533882312575052,22.33087436381312,22.479556241779605,22.142162749471034,0.0,0.0,0.0,0.0,268,-0.014929253410079233
22.622519585978154,22.33087436381312,22.55103791387888,22.176473952078684,0.0,0.0,0.0,0.0,267,-0.014680432519911244
22.694001258077428,22.34802996511694,22.58534911648653,22.150740550122947,0.0,0.0,0.0,0.0,267,-0.014680432519911244
22.70257905872934,22.313718762509293,22.648252987933894,22.21936295533825,0.0,0.0,0.0,0.0,267,-0.014680432519911244
22.694001258077428,22.34802996511694,22.70257905872934,22.245096357293985,0.0,0.0,0.0,0.0,267,-0.014680432519911244
22.694001258077428,22.4109338365643,22.774060730828616,22.21936295533825,0.0,0.0,0.0,0.0,266,-0.014680432519911244
22.745468061988902,22.4109338365643,22.808371933436263,22.287985360553552,0.0,0.0,0.0,0.0,268,-0.014680432519911244
22.754045862640815,22.470978441127695,22.899868473723334,22.287985360553552,0.0,0.0,0.0,0.0,268,-0.014680432519911244
22.78263853148053,22.602504717790357,22.816949734088176,22.33087436381312,0.0,0.0,0.0,0.0,268,-0.014680432519911244
22.816949734088176,22.559615714530793,22.79121633213244,22.470978441127695,0.0,0.0,0.0,0.0,267,-0.014680432519911244
22.899868473723334,22.593926917138443,22.828386801624063,22.428089437868127,0.0,0.0,0.0,0.0,267,-0.014680432519911244
22.99994281466232,22.631097386630067,22.899868473723334,22.453822839823868,0.0,0.0,0.0,0.0,267,-0.014680432519911244
22.982787213358492,22.58534911648653,22.94561674386687,22.505289643735345,0.0,0.0,0.0,0.0,267,-0.014680432519911244
22.974209412706582,22.648252987933894,22.982787213358492,22.496711843083432,0.0,0.0,0.0,0.0,266,-0.014680432519911244
22.974209412706582,22.665408589237718,23.02853548350203,22.55103791387888,0.0,0.0,0.0,0.0,266,-0.014680432519911244
22.99994281466232,22.71973466003317,23.120032023789097,22.568193515182706,0.0,0.0,0.0,0.0,266,-0.014680432519911244
23.037113284153943,22.765482930176702,23.111454223137184,22.58534911648653,0.0,0.0,0.0,0.0,266,-0.014680432519911244
23.074283753645563,22.8541202035798,23.057128152341736,22.622519585978154,0.0,0.0,0.0,0.0,266,-0.014680432519911244
23.10287642248527,22.891290673071424,23.09143935494939,22.73689026133699,0.0,0.0,0.0,0.0,266,-0.014680432519911244
23.157202493280717,22.862698004231714,23.074283753645563,22.754045862640815,0.0,0.0,0.0,0.0,265,-0.014680432519911244
23.194372962772345,22.8541202035798,23.111454223137184,22.711156859381255,0.0,0.0,0.0,0.0,266,-0.014680432519911244
23.18579516212043,22.91702407502716,23.140046891976898,22.754045862640815,0.0,0.0,0.0,0.0,265,-0.014680432519911244
23.140046891976898,22.88271287241951,23.177217361468518,22.808371933436263,0.0,0.0,0.0,0.0,265,-0.014680432519911244
23.140046891976898,22.899868473723334,23.194372962772345,22.79121633213244,0.0,0.0,0.0,0.0,264,-0.014680432519911244
23.12860982444101,22.991365014010405,23.20295076342426,22.828386801624063,0.0,0.0,0.0,0.0,264,-0.014680432519911244
23.20295076342426,23.019957682850116,23.20295076342426,22.816949734088176,0.0,0.0,0.0,0.0,261,-0.014680432519911244
23.33447704008692,23.082861554297477,23.268713901755586,22.88271287241951,0.0,0.0,0.0,0.0,261,-0.014680432519911244
23.44884771544576,23.09143935494939,23.36306970892663,22.928461142563044,0.0,0.0,0.0,0.0,262,-0.014804842964995237
23.477440384285465,23.06570595299365,23.403099445302225,22.99994281466232,0.0,0.0,0.0,0.0,263,-0.014929253410079233
23.43741064790987,23.09143935494939,23.40595871218619,22.95419454451878,0.0,0.0,0.0,0.0,264,-0.014929253410079233
23.411677245954134,23.120032023789097,23.403099445302225,23.00852061531423,0.0,0.0,0.0,0.0,264,-0.014929253410079233
23.411677245954134,23.18579516212043,23.44884771544576,23.02853548350203,0.0,0.0,0.0,0.0,265,-0.014929253410079233
23.420255046606048,23.12860982444101,23.50603305312518,23.057128152341736,0.0,0.0,0.0,0.0,267,-0.014929253410079233
23.391662377766337,23.194372962772345,23.46028478298164,23.02853548350203,0.0,0.0,0.0,0.0,268,-0.014929253410079233
23.411677245954134,23.345914107622804,23.354491908274717,23.120032023789097,0.0,0.0,0.0,0.0,269,-0.014929253410079233
23.423114313490018,23.297306570595296,23.3659289758106,23.222965631612052,0.0,0.0,0.0,0.0,270,-0.014929253410079233
23.546062789500773,23.33447704008692,23.411677245954134,23.24298049979985,0.0,0.0,0.0,0.0,270,-0.014929253410079233
23.583233258992394,23.297306570595296,23.440269914793845,23.12860982444101,0.0,0.0,0.0,0.0,270,-0.014929253410079233
23.526047921312973,23.33447704008692,23.420255046606048,23.194372962772345,0.0,0.0,0.0,0.0,270,-0.014929253410079233
23.51747012066106,23.317321438783093,23.44884771544576,23.211528564076172,0.0,0.0,0.0,0.0,216,-0.014929253410079233
23.5432035226168,23.317321438783093,23.534625721964886,23.251558300451762,0.0,0.0,0.0,0.0,76,-0.014929253410079233
23.6318407960199,23.391662377766337,23.66329273174358,23.268713901755586,0.0,0.0,0.0,0.0,-65,-0.014929253410079233
23.720478069423,23.44884771544576,23.69188540058329,23.21438783096014,0.0,0.0,0.0,0.0,-64,-0.015053663855163225
23.720478069423,23.477440384285465,23.651855664207694,23.251558300451762,0.0,0.0,0.0,0.0,-64,-0.01517807430024722
23.68616686681535,23.503173786241206,23.583233258992394,23.345914107622804,0.0,0.0,0.0,0.0,-62,-0.01517807430024722
23.720478069423,23.488877451821352,23.54892205638474,23.440269914793845,0.0,0.0,0.0,0.0,-59,-0.015302484745331212
23.72905587007491,23.488877451821352,23.6318407960199,23.383084577114424,0.0,0.0,0.0,0.0,-59,-0.015426895190415206
23.743352204494766,23.477440384285465,23.709041001887115,23.36306970892663,0.0,0.0,0.0,0.0,-57,-0.015800126525667188
23.769085606450503,23.51747012066106,23.760507805798593,23.40024017841825,0.0,0.0,0.0,0.0,-55,-0.01629776830600316
23.75764853891462,23.471721850517525,23.809115342826097,23.440269914793845,0.0,0.0,0.0,0.0,-54,-0.01667099964125514
23.777663407102416,23.623262995367988,23.769085606450503,23.411677245954134,0.0,0.0,0.0,0.0,-52,-0.017044230976507122
23.7891004746383,23.700463201235202,23.72905587007491,23.46028478298164,0.0,0.0,0.0,0.0,-50,-0.017168641421591118
23.8577228798536,23.680448333047405,23.769085606450503,23.534625721964886,0.0,0.0,0.0,0.0,78,-0.01729305186667511
23.92634528506891,23.66329273174358,23.769085606450503,23.55464059015268,0.0,0.0,0.0,0.0,202,-0.017417462311759103
23.966375021444502,23.603248127180187,23.797678275290213,23.51747012066106,0.0,0.0,0.0,0.0,205,-0.01766628320192709
23.93778235260479,23.69188540058329,23.8577228798536,23.546062789500773,0.0,0.0,0.0,0.0,205,-0.01803951453717907
23.917767484416995,23.67187053239549,23.92634528506891,23.546062789500773,0.0,0.0,0.0,0.0,200,-0.01866156676259904
23.917767484416995,23.680448333047405,23.974952822096416,23.566077657688567,0.0,0.0,0.0,0.0,204,-0.019408029433103
23.966375021444502,23.75764853891462,23.997826957168183,23.597529593412247,0.0,0.0,0.0,0.0,208,-0.020030081658522967
24.017841825355976,23.81769314347801,23.966375021444502,23.603248127180187,0.0,0.0,0.0,0.0,214,-0.020403312993774948
24.066449362383484,23.866300680505514,23.974952822096416,23.651855664207694,0.0,0.0,0.0,0.0,215,-0.02077654432902693
24.12649396694687,23.829130211013894,24.037856693543773,23.680448333047405,0.0,0.0,0.0,0.0,219,-0.021149775664278912
24.197975639046145,23.84628581231772,24.100760564991134,23.69474466746726,0.0,0.0,0.0,0.0,231,-0.021896238334782877
24.20941270658203,23.809115342826097,24.166523703322465,23.700463201235202,0.0,0.0,0.0,0.0,239,-0.022518290560202842
24.186538571510262,23.8577228798536,24.23514610853777,23.72905587007491,0.0,0.0,0.0,0.0,245,-0.023264753230706803
24.183679304626292,23.8777377480414,24.30948704752101,23.75193000514668,0.0,0.0,0.0,0.0,257,-0.02426003679137875
24.197975639046145,23.900611883113168,24.346657517012638,23.777663407102416,0.0,0.0,0.0,0.0,276,-0.025006499461882714
24.23514610853777,23.997826957168183,24.278035111797333,23.72905587007491,0.0,0.0,0.0,0.0,305,-0.025504141242218687
24.278035111797333,24.066449362383484,24.243723909189683,23.797678275290213,0.0,0.0,0.0,0.0,308,-0.02562855168730268
24.338079716360724,24.097901298107164,24.26945731114542,23.917767484416995,0.0,0.0,0.0,0.0,317,-0.02562855168730268
24.412420655343965,24.037856693543773,24.312346314404984,23.917767484416995,0.0,0.0,0.0,0.0,325,-0.02562855168730268
24.37239091896837,24.049293761079657,24.34093898324469,23.866300680505514,0.0,0.0,0.0,0.0,337,-0.02562855168730268
24.380968719620284,24.05787156173157,24.380968719620284,23.8577228798536,0.0,0.0,0.0,0.0,338,-0.02562855168730268
24.403842854692055,24.140790301366728,24.41527992222794,23.95779722079259,0.0,0.0,0.0,0.0,355,-0.02562855168730268
24.423857722879852,24.137931034482758,24.455309658603532,23.940641619488762,0.0,0.0,0.0,0.0,357,-0.02562855168730268
24.463887459255446,24.192257105278205,24.432435523531765,23.906330416881108,0.0,0.0,0.0,0.0,359,-0.02562855168730268
24.518213530050893,24.26945731114542,24.423857722879852,23.946360153256702,0.0,0.0,0.0,0.0,360,-0.02562855168730268
24.589695202150168,24.286612912449243,24.492480128095153,24.040715960427743,0.0,0.0,0.0,0.0,353,-0.02562855168730268
24.684051009321205,24.289472179333217,24.581117401498254,24.11791616629496,0.0,0.0,0.0,0.0,351,-0.02562855168730268
24.69262880997312,24.295190713101157,24.675473208669292,24.075027163035397,0.0,0.0,0.0,0.0,350,-0.02562855168730268
24.721221478812833,24.32950191570881,24.78126608337622,24.097901298107164,0.0,0.0,0.0,0.0,350,-0.02575296213238668
24.738377080116653,24.320924115056897,24.998570366558013,24.109338365643048,0.0,0.0,0.0,0.0,351,-0.02625060391272265
24.769829015840333,24.338079716360724,25.187281980900096,24.15794590267055,0.0,0.0,0.0,0.0,351,-0.027121477028310605
24.809858752215927,24.412420655343965,25.215874649739803,24.17510150397438,0.0,0.0,0.0,0.0,350,-0.028241171034066544
24.852747755475495,24.526791330702807,25.244467318579517,24.20941270658203,0.0,0.0,0.0,0.0,351,-0.02936086503982249
24.92422942757477,24.526791330702807,25.32738605821467,24.243723909189683,0.0,0.0,0.0,0.0,351,-0.030604969490662423
24.98713329902213,24.54394693200663,25.32738605821467,24.320924115056897,0.0,0.0,0.0,0.0,351,-0.031600253051334376
24.984274032138156,24.50963572939898,25.17012637959627,24.320924115056897,0.0,0.0,0.0,0.0,349,-0.03184907394150236
24.978555498370216,24.589695202150168,25.038600102933607,24.32950191570881,0.0,0.0,0.0,0.0,349,-0.031600253051334376
24.98713329902213,24.624006404757818,24.998570366558013,24.32950191570881,0.0,0.0,0.0,0.0,350,-0.03147584260625038
25.007148167209927,24.64973980671356,25.178704180248182,24.403842854692055,0.0,0.0,0.0,0.0,351,-0.031724663496418365
25.02430376851375,24.675473208669292,25.198719048435976,24.406702121576025,0.0,0.0,0.0,0.0,350,-0.03197348438658636
25.032881569165664,24.772688282724307,25.041459369817577,24.406702121576025,0.0,0.0,0.0,0.0,355,-0.031724663496418365
25.11580030880082,24.764110482072393,25.05289643735346,24.47532452679133,0.0,0.0,0.0,0.0,355,-0.031227021716082395
25.204437582203923,24.827014353519754,25.152970778292442,24.53536913135472,0.0,0.0,0.0,0.0,357,-0.030978200825914404
25.178704180248182,24.78126608337622,25.187281980900096,24.549665465774574,0.0,0.0,0.0,0.0,356,-0.030978200825914404
25.178704180248182,24.81843655286784,25.178704180248182,24.526791330702807,0.0,0.0,0.0,0.0,355,-0.030604969490662423
25.161548578944355,24.801280951564014,25.253045119231427,24.53536913135472,0.0,0.0,0.0,0.0,359,-0.029734096375074473
25.215874649739803,24.84416995482358,25.344541659518498,24.50677646251501,0.0,0.0,0.0,0.0,359,-0.028863223259486516
25.26162291988334,24.89849602561903,25.318808257562758,24.552524732658544,0.0,0.0,0.0,0.0,360,-0.028241171034066544
25.281637788071137,25.032881569165664,25.26162291988334,24.561102533310457,0.0,0.0,0.0,0.0,360,-0.027867939698814567
25.35597872705438,25.02430376851375,25.281637788071137,24.675473208669292,0.0,0.0,0.0,0.0,359,-0.027494708363562586
25.430319666037626,25.015725967861837,25.281637788071137,24.764110482072393,0.0,0.0,0.0,0.0,359,-0.027370297918478594
25.43889746668954,24.96139989706639,25.298793389374964,24.772688282724307,0.0,0.0,0.0,0.0,360,-0.027370297918478594
25.41030479784983,25.02430376851375,25.373134328358205,24.72979927946474,0.0,0.0,0.0,0.0,361,-0.027370297918478594
25.418882598501742,25.107222508148908,25.44747526734145,24.758391948304453,0.0,0.0,0.0,0.0,361,-0.02699706658322661
25.430319666037626,25.092926173729055,25.476067936181163,24.789843884028134,0.0,0.0,0.0,0.0,361,-0.02625060391272265
25.44747526734145,25.13295591010465,25.401726997197915,24.84416995482358,0.0,0.0,0.0,0.0,361,-0.025130909906966706
25.484645736833073,25.23303025104363,25.456053067993363,24.827014353519754,0.0,0.0,0.0,0.0,365,-0.02426003679137875
25.59901641219191,25.26162291988334,25.590438611539998,24.915651626922855,0.0,0.0,0.0,0.0,363,-0.023762395011042776
25.636186881683532,25.27020072053525,25.761994624578257,24.99571109967404,0.0,0.0,0.0,0.0,359,-0.023762395011042776
25.61903128037971,25.23303025104363,25.799165094069878,25.015725967861837,0.0,0.0,0.0,0.0,365,-0.023762395011042776
25.59901641219191,25.244467318579517,25.733401955738547,24.96139989706639,0.0,0.0,0.0,0.0,366,-0.023637984565958784
25.62760908103162,25.318808257562758,25.819179962257675,24.98713329902213,0.0,0.0,0.0,0.0,366,-0.023637984565958784
25.673357351175156,25.298793389374964,25.933550637616513,24.998570366558013,0.0,0.0,0.0,0.0,363,-0.023637984565958784
25.71338708755075,25.38171212901012,25.790587293417964,25.070052038657288,0.0,0.0,0.0,0.0,369,-0.02351357412087479
25.761994624578257,25.43889746668954,25.71338708755075,25.061474238005374,0.0,0.0,0.0,0.0,363,-0.023015932340538815
25.8563504317493,25.476067936181163,25.80774289472179,25.11580030880082,0.0,0.0,0.0,0.0,365,-0.022518290560202842
25.884943100589005,25.43889746668954,25.944987705152396,25.253045119231427,0.0,0.0,0.0,0.0,366,-0.022393880115118846
25.884943100589005,25.456053067993363,26.139417853262422,25.27020072053525,0.0,0.0,0.0,0.0,369,-0.022642701005286835
25.847772631097385,25.44747526734145,26.308114599416708,25.253045119231427,0.0,0.0,0.0,0.0,366,-0.022767111450370827
25.80774289472179,25.513238405672784,26.47109281180305,25.215874649739803,0.0,0.0,0.0,0.0,366,-0.022518290560202842
25.827757762909588,25.533253273860577,26.3281294676045,25.224452450391716,0.0,0.0,0.0,0.0,365,-0.021896238334782877
25.904957968776806,25.607594212843825,26.062217647395208,25.281637788071137,0.0,0.0,0.0,0.0,369,-0.02065213388394294
26.042202779207408,25.68479441871104,25.933550637616513,25.364556527706295,0.0,0.0,0.0,0.0,369,-0.019532439878186997
26.139417853262422,25.693372219362953,25.933550637616513,25.44747526734145,0.0,0.0,0.0,0.0,369,-0.018785977207683033
26.070795448047118,25.693372219362953,25.973580373992107,25.533253273860577,0.0,0.0,0.0,0.0,369,-0.018412745872431052
26.033624978555494,25.644764682335445,26.1022473837708,25.44747526734145,0.0,0.0,0.0,0.0,369,-0.018163924982263067
26.033624978555494,25.693372219362953,26.219477326013607,25.456053067993363,0.0,0.0,0.0,0.0,368,-0.01803951453717907
26.090810316234915,25.721964888202663,26.139417853262422,25.50466060502087,0.0,0.0,0.0,0.0,369,-0.017790693647011083
26.110825184422712,25.819179962257675,25.98215817464402,25.56184594270029,0.0,0.0,0.0,0.0,366,-0.017168641421591118
26.139417853262422,25.884943100589005,26.033624978555494,25.570423743352205,0.0,0.0,0.0,0.0,368,-0.01654658919617115
26.219477326013607,25.933550637616513,26.090810316234915,25.607594212843825,0.0,0.0,0.0,0.0,364,-0.015800126525667188
26.250929261737287,25.916395036312686,26.13084005261051,25.721964888202663,0.0,0.0,0.0,0.0,367,-0.015302484745331212
26.210899525361693,25.896380168124892,26.170869788986103,25.750557557042374,0.0,0.0,0.0,0.0,366,-0.014929253410079233
26.219477326013607,25.9249728369646,26.219477326013607,25.733401955738547,0.0,0.0,0.0,0.0,365,-0.014929253410079233
26.23091439354949,25.953565505804306,26.299536798764795,25.71338708755075,0.0,0.0,0.0,0.0,361,-0.014929253410079233
26.2595070623892,26.002173042831814,26.250929261737287,25.770572425230167,0.0,0.0,0.0,0.0,361,-0.014929253410079233
26.279521930576998,26.022187911019614,26.219477326013607,25.790587293417964,0.0,0.0,0.0,0.0,361,-0.014804842964995237
26.33956653514039,26.1022473837708,26.268084863041114,25.77915022588208,0.4,0.4,0.0,0.0,357,-0.014804842964995237
26.43964087607937,26.1022473837708,26.319551666952588,25.8563504317493,0.7000000000000001,0.7000000000000001,0.0,0.0,358,-0.014680432519911244
26.419626007891576,26.090810316234915,26.33956653514039,25.98215817464402,1.1,1.1,0.0,0.0,361,-0.014804842964995237
26.391033339051862,26.110825184422712,26.411048207239663,26.002173042831814,1.4000000000000001,1.4000000000000001,0.0,0.0,357,-0.014804842964995237
26.379596271515982,26.139417853262422,26.45965574426717,25.933550637616513,2.0,2.0,0.0,0.0,357,-0.014680432519911244
26.399611139703776,26.159432721450216,26.47109281180305,25.9935952421799,2.2,2.2,0.0,0.0,355,-0.014804842964995237
26.451077943615257,26.159432721450216,26.419626007891576,25.98215817464402,2.2,2.2,0.0,0.0,355,-0.014804842964995237
26.49110767999085,26.23091439354949,26.431063075427456,26.033624978555494,2.4000000000000004,2.4000000000000004,0.0,0.0,351,-0.014804842964995237
26.56258935209012,26.319551666952588,26.451077943615257,26.042202779207408,2.4000000000000004,2.4000000000000004,0.0,0.0,351,-0.014804842964995237
26.58260422027792,26.33956653514039,26.49110767999085,26.070795448047118,2.6,2.6,0.0,0.0,350,-0.014804842964995237
26.551152284554238,26.308114599416708,26.551152284554238,26.19946245782581,2.6,2.6,0.0,0.0,351,-0.014804842964995237
26.56258935209012,26.268084863041114,26.622633956653512,26.150854920798306,2.6,2.6,0.0,0.0,350,-0.014804842964995237
26.571167152742035,26.288099731228908,26.665522959913076,26.1908846571739,2.7,2.7,0.0,0.0,350,-0.014804842964995237
26.58260422027792,26.3281294676045,26.58260422027792,26.219477326013607,2.7,2.7,0.0,0.0,350,-0.014804842964995237
26.594041287813802,26.391033339051862,26.56258935209012,26.179447589638013,2.7,2.7,0.0,0.0,350,-0.014804842964995237
26.665522959913076,26.47109281180305,26.602619088465715,26.1908846571739,2.7,2.7,0.0,0.0,350,-0.014804842964995237
26.79990850345971,26.45965574426717,26.634071024189396,26.23091439354949,2.7,2.7,0.0,0.0,350,-0.014804842964995237
26.757019500200144,26.479670612454964,26.67410076056499,26.379596271515982,2.7,2.7,0.0,0.0,353,-0.014929253410079233
26.725567564476464,26.47109281180305,26.745582432664264,26.399611139703776,2.9000000000000004,2.9000000000000004,0.0,0.0,350,-0.01517807430024722
26.70555269628867,26.479670612454964,26.788471435923825,26.319551666952588,2.9000000000000004,2.9000000000000004,0.0,0.0,356,-0.015302484745331212
26.76845656773603,26.522559615714528,26.831360439183392,26.3281294676045,2.8000000000000003,2.8000000000000003,0.0,0.0,350,-0.015302484745331212
26.788471435923825,26.49968548064276,26.745582432664264,26.359581403328182,2.8000000000000003,2.8000000000000003,0.0,0.0,353,-0.015302484745331212
26.839938239835305,26.6140561560016,26.788471435923825,26.431063075427456,2.9000000000000004,2.9000000000000004,0.0,0.0,353,-0.015551305635499202
26.92285697947046,26.694115628752783,26.79990850345971,26.399611139703776,2.8000000000000003,2.8000000000000003,0.0,0.0,353,-0.015800126525667188
26.95430891519414,26.68553782810087,26.871390175558986,26.479670612454964,2.9000000000000004,2.9000000000000004,0.0,0.0,353,-0.01629776830600316
26.934294047006347,26.654085892377193,26.934294047006347,26.542574483902325,2.9000000000000004,2.9000000000000004,0.0,0.0,353,-0.016795410086339134
26.945731114542227,26.64264882484131,26.997197918453708,26.522559615714528,2.9000000000000004,2.9000000000000004,0.0,0.0,352,-0.017417462311759103
26.95430891519414,26.64264882484131,27.071538857436952,26.542574483902325,2.9000000000000004,2.9000000000000004,0.0,0.0,351,-0.01803951453717907
26.98576085091782,26.73700463201235,27.00863498598959,26.56258935209012,2.8000000000000003,2.8000000000000003,0.0,0.0,350,-0.018412745872431052
27.020072053525475,26.73700463201235,26.997197918453708,26.56258935209012,2.9000000000000004,2.9000000000000004,0.0,0.0,349,-0.01866156676259904
27.114427860696512,26.851375307371185,27.060101789901065,26.571167152742035,2.9000000000000004,2.9000000000000004,0.0,0.0,345,-0.01903479809785102
27.18876879967976,26.882827243094866,27.091553725624745,26.602619088465715,2.9000000000000004,2.9000000000000004,0.0,0.0,346,-0.019532439878186997
27.15731686395608,26.839938239835305,27.134442728884313,26.73700463201235,2.9000000000000004,2.9000000000000004,0.0,0.0,345,-0.019905671213438975
27.1258649282324,26.831360439183392,27.20020586721564,26.745582432664264,2.9000000000000004,2.9000000000000004,0.0,0.0,343,-0.020403312993774948
27.134442728884313,26.831360439183392,27.28598387373477,26.68553782810087,2.9000000000000004,2.9000000000000004,0.0,0.0,342,-0.02077654432902693
27.15731686395608,26.89140504374678,27.22022073540344,26.73700463201235,2.9000000000000004,2.9000000000000004,0.0,0.0,343,-0.020900954774110924
27.18876879967976,26.945731114542227,27.145879796420193,26.725567564476464,2.9000000000000004,2.9000000000000004,0.0,0.0,341,-0.020900954774110924
27.25167267112712,26.98576085091782,27.20020586721564,26.777034368387945,2.9000000000000004,2.9000000000000004,0.0,0.0,339,-0.020900954774110924
27.34030994453022,27.051523989249155,27.208783667867554,26.757019500200144,2.8000000000000003,2.8000000000000003,0.0,0.0,337,-0.020900954774110924
27.30599874192257,27.060101789901065,27.23165780293932,26.8599531080231,2.8000000000000003,2.8000000000000003,0.0,0.0,337,-0.020900954774110924
27.28598387373477,27.028649854177385,27.28598387373477,26.914279178818546,2.7,2.7,0.0,0.0,339,-0.020900954774110924
27.28598387373477,27.00863498598959,27.3717618802539,26.839938239835305,2.7,2.7,0.0,0.0,337,-0.020900954774110924
27.294561674386685,27.04008692171327,27.348887745182132,26.851375307371185,2.6,2.6,0.0,0.0,336,-0.020900954774110924
27.328872876994335,27.04008692171327,27.25167267112712,26.92285697947046,2.6,2.6,0.0,0.0,333,-0.020900954774110924
27.40321381597758,27.15731686395608,27.317435809458452,26.902842111282666,2.4000000000000004,2.4000000000000004,0.0,0.0,335,-0.020900954774110924
27.511865957568475,27.208783667867554,27.34030994453022,26.882827243094866,2.4000000000000004,2.4000000000000004,0.0,0.0,331,-0.020900954774110924
27.49185108938068,27.208783667867554,27.348887745182132,26.92285697947046,2.3000000000000003,2.3000000000000003,0.0,0.0,331,-0.020900954774110924
27.457539886773027,27.22022073540344,27.426087951049347,27.028649854177385,2.3000000000000003,2.3000000000000003,0.0,0.0,327,-0.020900954774110924
27.448962086121114,27.18876879967976,27.49185108938068,27.051523989249155,2.3000000000000003,2.3000000000000003,0.0,0.0,327,-0.020900954774110924
27.503288156916565,27.18876879967976,27.511865957568475,27.00863498598959,2.3000000000000003,2.3000000000000003,0.0,0.0,325,-0.020900954774110924
27.52330302510436,27.22022073540344,27.448962086121114,26.997197918453708,2.2,2.2,0.0,0.0,324,-0.020900954774110924
27.53474009264024,27.317435809458452,27.448962086121114,27.091553725624745,2.1,2.1,0.0,0.0,323,-0.020900954774110924
27.64625150111511,27.391776748441696,27.49185108938068,27.060101789901065,1.9000000000000001,1.9000000000000001,0.0,0.0,320,-0.020900954774110924
27.712014639446444,27.383198947789783,27.511865957568475,27.071538857436952,1.9000000000000001,1.9000000000000001,0.0,0.0,321,-0.02077654432902693
27.66626636930291,27.360324812718016,27.569051295247895,27.208783667867554,1.8,1.8,0.0,0.0,318,-0.02077654432902693
27.623377366043343,27.40321381597758,27.64625150111511,27.22022073540344,1.7000000000000002,1.7000000000000002,0.0,0.0,317,-0.02077654432902693
27.611940298507463,27.414650883513463,27.712014639446444,27.177331732143873,1.6,1.6,0.0,0.0,317,-0.02077654432902693
27.66626636930291,27.317435809458452,27.63481443357923,27.20020586721564,1.6,1.6,0.0,0.0,316,-0.020527723438858947
27.712014639446444,27.391776748441696,27.63481443357923,27.20020586721564,1.6,1.6,0.0,0.0,316,-0.020403312993774948
27.812088980385425,27.53474009264024,27.700577571910557,27.23165780293932,1.6,1.6,0.0,0.0,315,-0.020403312993774948
27.857837250528963,27.57762909589981,27.73488877451821,27.23165780293932,1.6,1.6,0.0,0.0,310,-0.020403312993774948
27.812088980385425,27.54617716017613,27.754903642706008,27.317435809458452,1.5,1.5,0.0,0.0,312,-0.020403312993774948
27.76634071024189,27.448962086121114,27.81780751415337,27.40321381597758,1.5,1.5,0.0,0.0,313,-0.020403312993774948
27.76634071024189,27.468976954308914,27.91216332132441,27.317435809458452,1.4000000000000001,1.4000000000000001,0.0,0.0,310,-0.020403312993774948
27.800651912849542,27.53474009264024,27.857837250528963,27.328872876994335,1.4000000000000001,1.4000000000000001,0.0,0.0,310,-0.020403312993774948
27.82352604792131,27.600503230971576,27.76634071024189,27.40321381597758,1.4000000000000001,1.4000000000000001,0.0,0.0,309,-0.020278902548690955
27.91216332132441,27.654829301767023,27.800651912849542,27.40321381597758,1.4000000000000001,1.4000000000000001,0.0,0.0,309,-0.020278902548690955
27.992222794075598,27.64625150111511,27.857837250528963,27.3717618802539,1.4000000000000001,1.4000000000000001,0.0,0.0,308,-0.020278902548690955
27.932178189512204,27.654829301767023,27.91216332132441,27.480414021844794,1.4000000000000001,1.4000000000000001,0.0,0.0,309,-0.020278902548690955
27.900726253788523,27.64625150111511,27.935037456396177,27.54617716017613,1.4000000000000001,1.4000000000000001,0.0,0.0,307,-0.020278902548690955
27.877852118716756,27.611940298507463,28.003659861611478,27.503288156916565,1.4000000000000001,1.4000000000000001,0.0,0.0,308,-0.020278902548690955
27.923600388860294,27.712014639446444,27.957911591467944,27.503288156916565,1.4000000000000001,1.4000000000000001,0.0,0.0,307,-0.020030081658522967
27.923600388860294,27.712014639446444,27.900726253788523,27.511865957568475,1.4000000000000001,1.4000000000000001,0.0,0.0,306,-0.019905671213438975
28.037971064219132,27.78921484531366,27.940755990164117,27.53474009264024,1.4000000000000001,1.4000000000000001,0.0,0.0,305,-0.019905671213438975
28.083719334362666,27.812088980385425,27.935037456396177,27.53474009264024,1.4000000000000001,1.4000000000000001,0.0,0.0,304,-0.019781260768354982
28.0608451992909,27.78921484531366,27.957911591467944,27.57762909589981,1.4000000000000001,1.4000000000000001,0.0,0.0,303,-0.019781260768354982
28.02939326356722,27.777777777777775,28.037971064219132,27.64625150111511,1.4000000000000001,1.4000000000000001,0.0,0.0,304,-0.019532439878186997
28.026533996683245,27.812088980385425,28.11803053697032,27.66626636930291,1.4000000000000001,1.4000000000000001,0.0,0.0,305,-0.019408029433103
28.04940813175502,27.82352604792131,28.0608451992909,27.63481443357923,1.4000000000000001,1.4000000000000001,0.0,0.0,304,-0.019159208542935013
28.072282266826786,27.800651912849542,27.98078572653971,27.689140504374677,1.4000000000000001,1.4000000000000001,0.0,0.0,303,-0.018785977207683033
28.1294676045062,27.903585520672497,28.020815462915305,27.67770343683879,1.4000000000000001,1.4000000000000001,0.0,0.0,304,-0.018537156317515045
28.21524561102533,27.957911591467944,28.04940813175502,27.64625150111511,1.4000000000000001,1.4000000000000001,0.0,0.0,303,-0.01828833542734706
28.22096414479327,27.98078572653971,28.095156401898553,27.700577571910557,1.4000000000000001,1.4000000000000001,0.0,0.0,304,-0.01803951453717907
28.198090009721504,27.957911591467944,28.15234173957797,27.846400182993076,1.4000000000000001,1.4000000000000001,0.0,0.0,303,-0.017790693647011083
28.209527077257388,27.923600388860294,28.22096414479327,27.834963115457196,1.4000000000000001,1.4000000000000001,0.0,0.0,303,-0.01766628320192709
28.206667810373418,27.935037456396177,28.21524561102533,27.754903642706008,1.4000000000000001,1.4000000000000001,0.0,0.0,301,-0.01729305186667511
28.243838279865038,27.91216332132441,28.140904672042087,27.777777777777775,1.4000000000000001,1.4000000000000001,0.0,0.0,300,-0.01691982053142313
28.30102361754446,28.026533996683245,28.175215874649737,27.800651912849542,1.4000000000000001,1.4000000000000001,0.0,0.0,301,-0.016422178751087157
28.406816492251387,28.126608337622233,28.209527077257388,27.834963115457196,1.4000000000000001,1.4000000000000001,0.0,0.0,300,-0.016048947415835173
28.375364556527707,28.1294676045062,28.243838279865038,27.857837250528963,1.4000000000000001,1.4000000000000001,0.0,0.0,300,-0.01592453697075118
28.335334820152113,28.106593469434433,28.323897752616226,27.96934865900383,1.4000000000000001,1.4000000000000001,0.0,0.0,299,-0.01592453697075118
28.335334820152113,28.037971064219132,28.381083090295647,27.960770858351918,1.4000000000000001,1.4000000000000001,0.0,0.0,300,-0.01592453697075118
28.343912620804023,28.015096929147365,28.375364556527707,27.900726253788523,1.4000000000000001,1.4000000000000001,0.0,0.0,298,-0.015800126525667188
28.381083090295647,28.04940813175502,28.278149482472692,27.935037456396177,1.4000000000000001,1.4000000000000001,0.0,0.0,298,-0.015675716080583196
28.441127694859034,28.163778807113854,28.335334820152113,27.935037456396177,1.4000000000000001,1.4000000000000001,0.0,0.0,298,-0.015426895190415206
28.535483502030075,28.255275347400925,28.36964602275976,27.98078572653971,1.4000000000000001,1.4000000000000001,0.0,0.0,297,-0.01517807430024722
28.498313032538455,28.26671241493681,28.3953794247155,27.98078572653971,1.4000000000000001,1.4000000000000001,0.0,0.0,301,-0.014929253410079233
28.45256476239492,28.209527077257388,28.4640018299308,28.072282266826786,1.4000000000000001,1.4000000000000001,0.0,0.0,299,-0.01455602207482725
28.443986961743008,28.15520100646194,28.535483502030075,28.106593469434433,1.4000000000000001,1.4000000000000001,0.0,0.0,300,-0.014431611629743258
28.4640018299308,28.15234173957797,28.524046434494196,28.037971064219132,1.4000000000000001,1.4000000000000001,0.0,0.0,301,-0.014431611629743258
28.475438897466688,28.198090009721504,28.45256476239492,28.04940813175502,1.4000000000000001,1.4000000000000001,0.0,0.0,298,-0.014431611629743258
28.54406130268199,28.243838279865038,28.475438897466688,28.072282266826786,1.4000000000000001,1.4000000000000001,0.0,0.0,299,-0.014431611629743258
28.618402241665233,28.343912620804023,28.515468633842282,28.1294676045062,1.4000000000000001,1.4000000000000001,0.0,0.0,299,-0.014431611629743258
28.581231772173613,28.335334820152113,28.558357637101842,28.163778807113854,1.4000000000000001,1.4000000000000001,0.0,0.0,297,-0.014431611629743258
28.524046434494196,28.30102361754446,28.595528106593466,28.223823411677245,1.4000000000000001,1.4000000000000001,0.0,0.0,297,-0.014431611629743258
28.524046434494196,28.27529021558872,28.675587579344654,28.243838279865038,1.4000000000000001,1.4000000000000001,0.0,0.0,295,-0.014431611629743258
28.54406130268199,28.26671241493681,28.641276376737,28.18665294218562,1.4000000000000001,1.4000000000000001,0.0,0.0,295,-0.014431611629743258
28.558357637101842,28.335334820152113,28.564076170869786,28.175215874649737,1.4000000000000001,1.4000000000000001,0.0,0.0,295,-0.014431611629743258
28.60410590724538,28.36964602275976,28.581231772173613,28.243838279865038,1.4000000000000001,1.4000000000000001,0.0,0.0,295,-0.014431611629743258
28.707039515068335,28.455424029278888,28.584091039057583,28.255275347400925,1.4000000000000001,1.4000000000000001,0.0,0.0,295,-0.014431611629743258
28.66415051180877,28.475438897466688,28.618402241665233,28.255275347400925,1.4000000000000001,1.4000000000000001,0.0,0.0,296,-0.014431611629743258
28.615542974781263,28.441127694859034,28.629839309201117,28.312460685080342,1.4000000000000001,1.4000000000000001,0.0,0.0,295,-0.014307201184659264
28.641276376737,28.423972093555207,28.718476582604218,28.375364556527707,1.4000000000000001,1.4000000000000001,0.0,0.0,293,-0.014182790739575271
28.655572711156857,28.3953794247155,28.689883913764508,28.335334820152113,1.4000000000000001,1.4000000000000001,0.0,0.0,295,-0.013685148959239297
28.66415051180877,28.429690627323154,28.615542974781263,28.30102361754446,1.4000000000000001,1.4000000000000001,0.0,0.0,293,-0.013311917623987314
28.772802653399665,28.504031566306395,28.641276376737,28.335334820152113,1.4000000000000001,1.4000000000000001,0.0,0.0,295,-0.012938686288735336
28.80997312289129,28.60410590724538,28.655572711156857,28.335334820152113,1.4000000000000001,1.4000000000000001,0.0,0.0,294,-0.012689865398567347
28.761365585863782,28.615542974781263,28.689883913764508,28.35820895522388,1.4000000000000001,1.4000000000000001,0.0,0.0,292,-0.01244104450839936
28.74706925144393,28.56979470463773,28.74706925144393,28.423972093555207,1.4000000000000001,1.4000000000000001,0.0,0.0,294,-0.012192223618231371
28.761365585863782,28.498313032538455,28.832847257963056,28.4640018299308,1.4000000000000001,1.4000000000000001,0.0,0.0,293,-0.011943402728063384
28.77852118716761,28.524046434494196,28.769943386515695,28.406816492251387,1.4000000000000001,1.4000000000000001,0.0,0.0,293,-0.0116945818378954
28.78423972093555,28.50975010007434,28.712758048836275,28.381083090295647,1.4000000000000001,1.4000000000000001,0.0,0.0,292,-0.011321350502643417
28.881454794990564,28.56979470463773,28.73563218390804,28.435409161091094,1.4000000000000001,1.4000000000000001,0.0,0.0,291,-0.010823708722307443
28.99010693658146,28.655572711156857,28.78995825470349,28.475438897466688,1.4000000000000001,1.4000000000000001,0.0,0.0,293,-0.010574887832139456
28.944358666437925,28.689883913764508,28.844284325498936,28.486875965002568,1.4000000000000001,1.4000000000000001,0.0,0.0,292,-0.010574887832139456
28.892891862526444,28.646994910504944,28.881454794990564,28.555498370217876,1.4000000000000001,1.4000000000000001,0.0,0.0,291,-0.010574887832139456
28.86715846057071,28.592668839709496,28.955795733973805,28.581231772173613,1.4000000000000001,1.4000000000000001,0.0,0.0,292,-0.010574887832139456
28.912906730714244,28.60410590724538,28.90432893006233,28.54406130268199,1.4000000000000001,1.4000000000000001,0.0,0.0,291,-0.010450477387055462
28.952936467089835,28.618402241665233,28.850002859266883,28.546920569565962,1.4000000000000001,1.4000000000000001,0.0,0.0,291,-0.010201656496887474
29.05872934179676,28.74706925144393,28.927203065134098,28.56979470463773,1.4000000000000001,1.4000000000000001,0.0,0.0,291,-0.010201656496887474
29.098759078172353,28.798536055355402,28.944358666437925,28.615542974781263,1.4000000000000001,1.4000000000000001,0.0,0.0,290,-0.010201656496887474
29.02727740607308,28.761365585863782,28.99010693658146,28.56979470463773,1.4000000000000001,1.4000000000000001,0.0,0.0,291,-0.010201656496887474
28.984388402813515,28.695602447532448,29.038714473608962,28.646994910504944,1.4000000000000001,1.4000000000000001,0.0,0.0,291,-0.010201656496887474
28.975810602161605,28.712758048836275,29.098759078172353,28.689883913764508,1.4000000000000001,1.4000000000000001,0.0,0.0,291,-0.010201656496887474
29.02727740607308,28.74706925144393,29.015840338537195,28.655572711156857,1.4000000000000001,1.4000000000000001,0.0,0.0,292,-0.010201656496887474
29.073025676216616,28.74706925144393,28.9958254703494,28.712758048836275,1.4000000000000001,1.4000000000000001,0.0,0.0,291,-0.010201656496887474
29.184537084691485,28.84142505861497,29.038714473608962,28.66415051180877,1.4000000000000001,1.4000000000000001,0.0,0.0,292,-0.010201656496887474
29.173100017155598,28.86715846057071,29.090181277520443,28.66700977869274,1.4000000000000001,1.4000000000000001,0.0,0.0,291,-0.010201656496887474
29.08732201063647,28.87287699433865,29.098759078172353,28.675587579344654,1.4000000000000001,1.4000000000000001,0.0,0.0,291,-0.010201656496887474
29.05872934179676,28.86715846057071,29.141648081431917,28.80997312289129,1.4000000000000001,1.4000000000000001,0.0,0.0,290,-0.010201656496887474
29.098759078172353,28.84142505861497,29.184537084691485,28.832847257963056,1.4000000000000001,1.4000000000000001,0.0,0.0,290,-0.010201656496887474
29.133070280780004,28.90432893006233,29.098759078172353,28.77852118716761,1.4000000000000001,1.4000000000000001,0.0,0.0,290,-0.010201656496887474
29.204551952879278,28.861439926802763,29.101618345056323,28.78423972093555,1.4000000000000001,1.4000000000000001,0.0,0.0,290,-0.010201656496887474
29.270315091210612,28.91576599759821,29.133070280780004,28.82141019042717,1.4000000000000001,1.4000000000000001,0.0,0.0,289,-0.010201656496887474
29.238863155486932,28.984388402813515,29.158803682735744,28.807113856007316,1.4000000000000001,1.4000000000000001,0.0,0.0,290,-0.010201656496887474
29.184537084691485,29.015840338537195,29.204551952879278,28.84142505861497,1.3,1.3,0.0,0.0,288,-0.010201656496887474
29.184537084691485,28.975810602161605,29.258878023674725,28.964373534625718,1.2000000000000002,1.2000000000000002,0.0,0.0,289,-0.010201656496887474
29.204551952879278,28.955795733973805,29.270315091210612,28.944358666437925,1.2000000000000002,1.2000000000000002,0.0,0.0,288,-0.010201656496887474
29.227426087951045,28.94149939955395,29.204551952879278,28.892891862526444,1.2000000000000002,1.2000000000000002,0.0,0.0,288,-0.010201656496887474
29.307485560702233,28.964373534625718,29.204551952879278,28.901469663178357,1.2000000000000002,1.2000000000000002,0.0,0.0,289,-0.010201656496887474
29.38754503345342,29.073025676216616,29.233144621718992,28.91576599759821,1.2000000000000002,1.2000000000000002,0.0,0.0,289,-0.010201656496887474
29.344656030193853,29.153085148967804,29.270315091210612,28.912906730714244,1.2000000000000002,1.2000000000000002,0.0,0.0,289,-0.010201656496887474
29.301767026934293,29.110196145708237,29.321781895122086,28.944358666437925,1.2000000000000002,1.2000000000000002,0.0,0.0,288,-0.010201656496887474
29.307485560702233,29.038714473608962,29.38754503345342,29.02441813918911,1.1,1.1,0.0,0.0,288,-0.010201656496887474
29.321781895122086,29.015840338537195,29.381826499685477,28.9958254703494,1.1,1.1,0.0,0.0,288,-0.010201656496887474
29.333218962657973,29.061588608680733,29.290329959398406,29.038714473608962,1.1,1.1,0.0,0.0,289,-0.010201656496887474
29.430434036712985,29.121633213244124,29.333218962657973,29.02727740607308,1.1,1.1,0.0,0.0,289,-0.010201656496887474
29.547663978955793,29.204551952879278,29.35895236461371,29.015840338537195,1.0,1.0,0.0,0.0,289,-0.010201656496887474
29.47332303997255,29.195974152227365,29.430434036712985,29.001544004117342,1.0,1.0,0.0,0.0,288,-0.010201656496887474
29.439011837364898,29.164522216503684,29.45044890490078,29.070166409332643,0.9,0.9,0.0,0.0,289,-0.01032606694197147
29.376107965917537,29.141648081431917,29.527649110767996,29.173100017155598,0.9,0.9,0.0,0.0,288,-0.01032606694197147
29.433293303596955,29.173100017155598,29.484760107508432,29.121633213244124,0.9,0.9,0.0,0.0,289,-0.01032606694197147
29.47332303997255,29.173100017155598,29.407559901641218,29.090181277520443,0.9,0.9,0.0,0.0,288,-0.010450477387055462
29.60199004975124,29.258878023674725,29.45044890490078,29.12449248012809,0.9,0.9,0.0,0.0,288,-0.010450477387055462
29.624864184823007,29.333218962657973,29.47332303997255,29.133070280780004,0.9,0.9,0.0,0.0,288,-0.010699298277223449
29.53622691141991,29.278892891862526,29.547663978955793,29.133070280780004,0.9,0.9,0.0,0.0,288,-0.010948119167391438
29.516212043232112,29.227426087951045,29.613427117287127,29.173100017155598,0.9,0.9,0.0,0.0,289,-0.01144576094772741
29.53336764453594,29.238863155486932,29.636301252358894,29.278892891862526,0.9,0.9,0.0,0.0,288,-0.011818992282979392
29.559101046491676,29.344656030193853,29.547663978955793,29.195974152227365,0.9,0.9,0.0,0.0,288,-0.012192223618231371
29.624864184823007,29.313204094470173,29.516212043232112,29.195974152227365,0.9,0.9,0.0,0.0,287,-0.012565454953483353
29.722079258878022,29.344656030193853,29.57053811402756,29.238863155486932,0.9,0.9,0.0,0.0,288,-0.01281427584365134
29.69062732315434,29.381826499685477,29.636301252358894,29.258878023674725,0.9,0.9,0.0,0.0,288,-0.013187507178903322
29.644879053010808,29.430434036712985,29.667753188082575,29.270315091210612,0.9,0.9,0.0,0.0,288,-0.013560738514155303
29.636301252358894,29.439011837364898,29.6849087893864,29.313204094470173,0.9,0.9,0.0,0.0,288,-0.013933969849407283
29.647738319894774,29.376107965917537,29.722079258878022,29.344656030193853,0.9,0.9,0.0,0.0,288,-0.014307201184659264
29.69062732315434,29.396122834105334,29.644879053010808,29.284611425630466,0.9,0.9,0.0,0.0,287,-0.01455602207482725
29.764968262137586,29.364670898381654,29.667753188082575,29.321781895122086,0.9,0.9,0.0,0.0,287,-0.014680432519911244
29.8421684680048,29.47332303997255,29.667753188082575,29.35609309772974,0.9,0.9,0.0,0.0,289,-0.014929253410079233
29.787842397209353,29.57053811402756,29.733516326413906,29.344656030193853,0.9,0.9,0.0,0.0,289,-0.015302484745331212
29.756390461485672,29.581975181563447,29.764968262137586,29.321781895122086,0.9,0.9,0.0,0.0,288,-0.015800126525667188
29.74495339394979,29.47046377308858,29.865042603076567,29.439011837364898,0.9,0.9,0.0,0.0,289,-0.016422178751087157
29.77640532967347,29.461885972436665,29.81071653228112,29.47332303997255,0.9,0.9,0.0,0.0,288,-0.017044230976507122
29.81071653228112,29.493337908160346,29.74495339394979,29.396122834105334,0.9,0.9,0.0,0.0,288,-0.017790693647011083
29.9107908732201,29.53622691141991,29.77640532967347,29.433293303596955,0.9,0.9,0.0,0.0,288,-0.01866156676259904
29.9308057414079,29.667753188082575,29.81071653228112,29.4189969691771,0.9,0.9,0.0,0.0,288,-0.019532439878186997
29.865042603076567,29.656316120546688,29.887916738148334,29.4189969691771,0.9,0.9,0.0,0.0,287,-0.020403312993774948
29.833590667352887,29.584834448447413,29.95367987647967,29.439011837364898,0.9,0.9,0.0,0.0,287,-0.021398596554446897
29.865042603076567,29.559101046491676,30.02230228169497,29.559101046491676,0.9,0.9,0.0,0.0,287,-0.022393880115118846
29.887916738148334,29.581975181563447,29.853605535540684,29.50477497569623,0.9,0.9,0.0,0.0,287,-0.023015932340538815
29.9308057414079,29.60199004975124,29.81071653228112,29.47332303997255,0.9,0.9,0.0,0.0,287,-0.02314034278562281
30.04231714988277,29.69062732315434,29.887916738148334,29.493337908160346,0.9,0.9,0.0,0.0,287,-0.02314034278562281
30.02230228169497,29.756390461485672,29.96511694401555,29.527649110767996,0.9,0.9,0.0,0.0,287,-0.0233891636757908
29.98799107908732,29.764968262137586,30.01086521415909,29.521930577000052,0.9,0.9,0.0,0.0,287,-0.024011215901210765
29.95653914336364,29.77640532967347,30.076628352490417,29.547663978955793,0.9,0.9,0.0,0.0,286,-0.024757678571714726
29.96511694401555,29.679190255618455,30.11093955509807,29.644879053010808,0.9,0.9,0.0,0.0,287,-0.025504141242218687
29.999428146623202,29.699205123806255,29.999428146623202,29.57053811402756,0.9,0.9,0.0,0.0,287,-0.026126193467638656
30.099502487562184,29.710642191342135,29.95367987647967,29.59055298221536,0.9,0.9,0.0,0.0,287,-0.026126193467638656
30.188139760965285,29.822153599817003,29.999428146623202,29.613427117287127,0.9,0.9,0.0,0.0,287,-0.026126193467638656
30.133813690169838,29.876479670612454,30.088065420026304,29.57053811402756,0.9,0.9,0.0,0.0,287,-0.026126193467638656
30.065191284954537,29.8421684680048,30.156687825241605,29.53622691141991,0.9,0.9,0.0,0.0,287,-0.02625060391272265
30.065191284954537,29.787842397209353,30.211013896037052,29.613427117287127,0.9,0.9,0.0,0.0,286,-0.02625060391272265
30.099502487562184,29.81071653228112,30.11093955509807,29.667753188082575,0.9,0.9,0.0,0.0,286,-0.02625060391272265
30.14525075770572,29.8421684680048,30.05375421741865,29.581975181563447,0.9,0.9,0.0,0.0,286,-0.02625060391272265
30.29107336878824,29.865042603076567,30.076628352490417,29.60199004975124,0.9,0.9,0.0,0.0,286,-0.026375014357806644
30.29107336878824,29.95367987647967,30.14525075770572,29.647738319894774,0.9,0.9,0.0,0.0,285,-0.026499424802890637
30.22245096357294,29.94224280894378,30.19957682850117,29.59055298221536,0.9,0.9,0.0,0.0,286,-0.026499424802890637
30.188139760965285,29.919368673872015,30.25676216618059,29.59055298221536,0.9,0.9,0.0,0.0,285,-0.02662383524797463
30.19957682850117,29.887916738148334,30.268199233716473,29.722079258878022,0.9,0.9,0.0,0.0,285,-0.02662383524797463
30.245325098644706,29.9308057414079,30.156687825241605,29.733516326413906,0.9,0.9,0.0,0.0,285,-0.02662383524797463
30.313947503860007,29.94224280894378,30.1767026934294,29.69062732315434,0.9,0.9,0.0,0.0,287,-0.02674824569305862
30.428318179218845,29.976554011551436,30.25676216618059,29.699205123806255,0.9,0.9,0.0,0.0,285,-0.02699706658322661
30.359695774003544,30.05375421741865,30.313947503860007,29.710642191342135,0.9,0.9,0.0,0.0,284,-0.02761911880864658
30.302510436324123,30.05375421741865,30.336821638931777,29.699205123806255,0.9,0.9,0.0,0.0,284,-0.028365581479150543
30.25676216618059,30.02230228169497,30.4626293818265,29.75067192771773,0.9,0.9,0.0,0.0,284,-0.029236454594738497
30.32538457139589,29.976554011551436,30.47406644936238,29.8421684680048,0.9,0.9,0.0,0.0,284,-0.03010732771032645
30.359695774003544,30.030880082346883,30.371132841539424,29.764968262137586,0.9,0.9,0.0,0.0,285,-0.03072937993574642
30.496940584434146,30.04231714988277,30.336821638931777,29.756390461485672,0.8,0.8,0.0,0.0,283,-0.031227021716082395
30.485503516898266,30.11093955509807,30.439755246754732,29.787842397209353,0.8,0.8,0.0,0.0,283,-0.03197348438658636
30.405444044147078,30.156687825241605,30.542688854577683,29.81071653228112,0.8,0.8,0.0,0.0,284,-0.0330931783923423
30.39400697661119,30.16812489277749,30.542688854577683,29.833590667352887,0.8,0.8,0.0,0.0,283,-0.03421287239809824
30.416881111682958,30.076628352490417,30.56556298964945,29.9107908732201,0.7000000000000001,0.7000000000000001,0.0,0.0,283,-0.03471051417843421
30.451192314290612,30.11093955509807,30.428318179218845,29.9308057414079,0.7000000000000001,0.7000000000000001,0.0,0.0,283,-0.034834924623518206
30.542688854577683,30.088065420026304,30.4626293818265,29.822153599817003,0.7000000000000001,0.7000000000000001,0.0,0.0,283,-0.03520815595877019
30.59129639160519,30.14525075770572,30.542688854577683,29.865042603076567,0.6000000000000001,0.6000000000000001,0.0,0.0,283,-0.03595461862927415
30.554125922113567,30.233888031108823,30.519814719505916,29.887916738148334,0.6000000000000001,0.6000000000000001,0.0,0.0,283,-0.03657667085469412
30.508377651970033,30.29107336878824,30.62560759421284,29.853605535540684,0.6000000000000001,0.6000000000000001,0.0,0.0,282,-0.03744754397028207
30.508377651970033,30.233888031108823,30.811459941670954,29.876479670612454,0.6000000000000001,0.6000000000000001,0.0,0.0,283,-0.03869164842112201
30.554125922113567,30.156687825241605,30.788585806599187,29.976554011551436,0.5,0.5,0.0,0.0,283,-0.040060163317045934
30.577000057185334,30.156687825241605,30.577000057185334,29.96511694401555,0.5,0.5,0.0,0.0,281,-0.041055446877717894
30.68279293189226,30.188139760965285,30.577000057185334,29.9107908732201,0.5,0.5,0.0,0.0,281,-0.04180190954822185
30.705667066964025,30.29107336878824,30.694229999428146,29.94224280894378,0.5,0.5,0.0,0.0,281,-0.042797193108893794
30.671355864356375,30.348258706467657,30.76571167152742,29.9308057414079,0.5,0.5,0.0,0.0,281,-0.043916887114649736
30.648481729284608,30.302510436324123,30.882941613770228,29.9107908732201,0.4,0.4,0.0,0.0,281,-0.045534222900741654
30.648481729284608,30.279636301252356,30.98873448847715,29.95367987647967,0.4,0.4,0.0,0.0,281,-0.04740037957700156
30.694229999428146,30.25676216618059,30.8457711442786,30.030880082346883,0.4,0.4,0.0,0.0,281,-0.0485200735827575
30.754274603991533,30.29107336878824,30.754274603991533,29.95367987647967,0.4,0.4,0.0,0.0,281,-0.04901771536309348
30.87150454623434,30.336821638931777,30.7771487390633,29.96511694401555,0.5,0.5,0.0,0.0,280,-0.049390946698345456
30.882941613770228,30.451192314290612,30.917252816377875,29.95367987647967,0.6000000000000001,0.6000000000000001,0.0,0.0,280,-0.04988858847868143
30.822897009206834,30.405444044147078,31.097386630068048,29.919368673872015,0.6000000000000001,0.6000000000000001,0.0,0.0,280,-0.05026181981393341
30.74283753645565,30.32538457139589,31.145994167095555,29.90507233945216,0.7000000000000001,0.7000000000000001,0.0,0.0,280,-0.05038623025901741
30.7771487390633,30.348258706467657,30.86006747869846,29.999428146623202,0.8,0.8,0.0,0.0,279,-0.05001299892376543
30.86006747869846,30.405444044147078,30.705667066964025,30.030880082346883,0.9,0.9,0.0,0.0,279,-0.04926653625326147
30.97729742094127,30.428318179218845,30.76571167152742,29.95367987647967,1.0,1.0,0.0,0.0,280,-0.04914212580817747
30.954423285869503,30.47406644936238,30.905815748841995,29.96511694401555,1.0,1.0,0.0,0.0,279,-0.04926653625326147
30.917252816377875,30.485503516898266,31.01446789043289,29.976554011551436,1.1,1.1,0.0,0.0,279,-0.04926653625326147
30.87150454623434,30.508377651970033,31.060216160576424,29.96511694401555,1.2000000000000002,1.2000000000000002,0.0,0.0,281,-0.04926653625326147
30.86006747869846,30.508377651970033,31.097386630068048,30.01086521415909,1.1,1.1,0.0,0.0,280,-0.04926653625326147
30.905815748841995,30.47406644936238,30.97729742094127,30.11093955509807,1.0,1.0,0.0,0.0,279,-0.04914212580817747
31.01446789043289,30.451192314290612,30.97729742094127,30.030880082346883,1.0,1.0,0.0,0.0,280,-0.04914212580817747
31.04877909304054,30.508377651970033,30.98873448847715,29.98799107908732,0.9,0.9,0.0,0.0,278,-0.04914212580817747
31.01446789043289,30.614170526676958,31.085949562532164,30.01086521415909,0.9,0.9,0.0,0.0,277,-0.04914212580817747
30.98873448847715,30.577000057185334,31.326127980785724,30.030880082346883,0.9,0.9,0.0,0.0,277,-0.04963976758851344
30.928689883913762,30.508377651970033,31.49768399382398,30.030880082346883,0.9,0.9,0.0,0.0,277,-0.05001299892376543
30.942986218333616,30.519814719505916,31.411905987304852,30.133813690169838,0.8,0.8,0.0,0.0,278,-0.05001299892376543
30.97729742094127,30.485503516898266,31.37473551781323,30.16812489277749,0.8,0.8,0.0,0.0,276,-0.05001299892376543
31.097386630068048,30.496940584434146,31.423343054840736,30.05375421741865,0.7000000000000001,0.7000000000000001,0.0,0.0,276,-0.05001299892376543
31.097386630068048,30.56556298964945,31.49768399382398,30.065191284954537,0.7000000000000001,0.7000000000000001,0.0,0.0,274,-0.05001299892376543
31.025904957968773,30.614170526676958,31.546291530851487,30.088065420026304,0.6000000000000001,0.6000000000000001,0.0,0.0,274,-0.05001299892376543
30.965860353405382,30.59129639160519,31.720706810773713,30.065191284954537,0.6000000000000001,0.6000000000000001,0.0,0.0,274,-0.050137409368849424
30.97729742094127,30.577000057185334,31.783610682221074,30.05375421741865,0.6000000000000001,0.6000000000000001,0.0,0.0,274,-0.05026181981393341
31.01446789043289,30.508377651970033,31.869388688740205,30.133813690169838,0.6000000000000001,0.6000000000000001,0.0,0.0,274,-0.05026181981393341
31.10882369760393,30.496940584434146,31.94658889460742,30.122376622633954,0.6000000000000001,0.6000000000000001,0.0,0.0,274,-0.05038623025901741
31.10882369760393,30.496940584434146,32.03522616801052,30.088065420026304,0.5,0.5,0.0,0.0,275,-0.05038623025901741
31.000171556013036,30.614170526676958,32.03522616801052,30.076628352490417,0.5,0.5,0.0,0.0,275,-0.05038623025901741
30.928689883913762,30.637044661748725,31.98375936409904,30.076628352490417,0.5,0.5,0.0,0.0,275,-0.05038623025901741
30.905815748841995,30.56556298964945,31.76931434780122,30.04231714988277,0.5,0.5,0.0,0.0,279,-0.05026181981393341
30.965860353405382,30.485503516898266,31.523417395779717,30.076628352490417,0.5,0.5,0.0,0.0,277,-0.04976417803359744
31.037342025504657,30.439755246754732,31.363298450277345,30.188139760965285,0.5,0.5,0.0,0.0,279,-0.04926653625326147
31.097386630068048,30.496940584434146,31.22891290673071,30.122376622633954,0.5,0.5,0.0,0.0,280,-0.04914212580817747
31.071653228112307,30.614170526676958,31.168868302167322,30.11093955509807,0.4,0.4,0.0,0.0,283,-0.04914212580817747
31.037342025504657,30.671355864356375,31.180305369703202,30.099502487562184,0.4,0.4,0.0,0.0,287,-0.04914212580817747
30.98873448847715,30.602733459141074,31.157431234631435,30.088065420026304,0.4,0.4,0.0,0.0,289,-0.048768894472925484
30.98873448847715,30.56556298964945,30.928689883913762,30.065191284954537,0.4,0.4,0.0,0.0,292,-0.047649200467169556
30.98873448847715,30.554125922113567,30.87150454623434,30.1767026934294,0.4,0.4,0.0,0.0,297,-0.04590745423599364
31.120260765139815,30.62560759421284,30.894378681306108,30.211013896037052,0.4,0.4,0.0,0.0,302,-0.0446633497851537
31.097386630068048,30.648481729284608,30.97729742094127,30.122376622633954,0.4,0.4,0.0,0.0,305,-0.043916887114649736
31.037342025504657,30.694229999428146,31.025904957968773,30.133813690169838,0.4,0.4,0.0,0.0,308,-0.043419245334313766
30.942986218333616,30.68279293189226,31.071653228112307,30.133813690169838,0.30000000000000004,0.30000000000000004,0.0,0.0,312,-0.04317042444414578
30.954423285869503,30.65991879682049,30.954423285869503,30.122376622633954,0.30000000000000004,0.30000000000000004,0.0,0.0,314,-0.042672782663809805
30.928689883913762,30.68279293189226,30.8457711442786,30.1767026934294,0.30000000000000004,0.30000000000000004,0.0,0.0,316,-0.042299551328557825
31.037342025504657,30.648481729284608,30.87150454623434,30.29107336878824,0.30000000000000004,0.30000000000000004,0.0,0.0,317,-0.042299551328557825
31.071653228112307,30.62560759421284,30.928689883913762,30.22245096357294,0.30000000000000004,0.30000000000000004,0.0,0.0,319,-0.042299551328557825
31.04877909304054,30.68279293189226,31.037342025504657,30.16812489277749,0.30000000000000004,0.30000000000000004,0.0,0.0,319,-0.042299551328557825
31.04877909304054,30.7771487390633,31.277520443758217,30.188139760965285,0.30000000000000004,0.30000000000000004,0.0,0.0,322,-0.042299551328557825
31.10882369760393,30.76571167152742,31.55772859838737,30.19957682850117,0.30000000000000004,0.30000000000000004,0.0,0.0,322,-0.042299551328557825
31.180305369703202,30.648481729284608,31.69497340881798,30.245325098644706,0.30000000000000004,0.30000000000000004,0.0,0.0,323,-0.042299551328557825
31.240349974266596,30.648481729284608,31.7321438783096,30.348258706467657,0.30000000000000004,0.30000000000000004,0.0,0.0,321,-0.04254837221872581
31.363298450277345,30.62560759421284,31.720706810773713,30.38256990907531,0.5,0.5,0.0,0.0,323,-0.043046013999061786
31.43478012237662,30.717104134499913,31.720706810773713,30.279636301252356,0.7000000000000001,0.7000000000000001,0.0,0.0,321,-0.043792476669565754
31.471950591868243,30.83433407674272,31.720706810773713,30.32538457139589,0.9,0.9,0.0,0.0,320,-0.04478776023023769
31.43478012237662,30.822897009206834,31.7321438783096,30.32538457139589,1.1,1.1,0.0,0.0,320,-0.04590745423599364
31.46051352433236,30.705667066964025,31.523417395779717,30.336821638931777,1.3,1.3,0.0,0.0,318,-0.04628068557124562
31.534854463315604,30.648481729284608,31.486246926288096,30.336821638931777,1.6,1.6,0.0,0.0,318,-0.04628068557124562
31.683536341282093,30.717104134499913,31.646365871790472,30.47406644936238,2.1,2.1,0.0,0.0,318,-0.04652950646141361
31.683536341282093,30.788585806599187,31.85795162120432,30.439755246754732,2.6,2.6,0.0,0.0,318,-0.04727596913191757
31.646365871790472,30.882941613770228,31.932292560187566,30.39400697661119,3.1,3.1,0.0,0.0,315,-0.04802243180242153
31.546291530851487,30.905815748841995,31.94658889460742,30.405444044147078,3.7,3.7,0.0,0.0,315,-0.048271252692589514
31.55772859838737,30.86006747869846,31.70641047635386,30.405444044147078,4.1000000000000005,4.1000000000000005,0.0,0.0,313,-0.04802243180242153
31.59489906787899,30.822897009206834,31.572024932807224,30.39400697661119,4.1000000000000005,4.1000000000000005,0.0,0.0,312,-0.047649200467169556
31.69497340881798,30.86006747869846,31.69497340881798,30.496940584434146,4.5,4.5,0.0,0.0,307,-0.04752479002208555
31.76931434780122,30.8457711442786,31.683536341282093,30.56556298964945,4.5,4.5,0.0,0.0,305,-0.04752479002208555
31.720706810773713,30.928689883913762,31.720706810773713,30.485503516898266,4.4,4.4,0.0,0.0,307,-0.04740037957700156
31.58346200034311,31.000171556013036,31.757877280265337,30.496940584434146,4.5,4.5,0.0,0.0,305,-0.04702714824174958
31.59489906787899,30.954423285869503,31.63206953737061,30.496940584434146,4.3,4.3,0.0,0.0,301,-0.04603186468107763
31.55772859838737,30.928689883913762,31.49768399382398,30.5312517870418,4.2,4.2,0.0,0.0,297,-0.04478776023023769
31.63206953737061,30.905815748841995,31.523417395779717,30.542688854577683,4.1000000000000005,4.1000000000000005,0.0,0.0,295,-0.04329483488922977
31.69497340881798,30.98873448847715,31.523417395779717,30.671355864356375,3.9000000000000004,3.9000000000000004,0.0,0.0,294,-0.04217514088347383
31.609195402298845,31.01446789043289,31.58346200034311,30.637044661748725,3.8000000000000003,3.8000000000000003,0.0,0.0,289,-0.04130426776788588
31.509121061359863,31.071653228112307,31.63206953737061,30.577000057185334,3.7,3.7,0.0,0.0,283,-0.04055780509738191
31.49768399382398,31.085949562532164,31.59489906787899,30.59129639160519,4.0,4.0,0.0,0.0,273,-0.03981134242687795
31.486246926288096,31.097386630068048,31.314690913249837,30.614170526676958,4.1000000000000005,4.1000000000000005,0.0,0.0,270,-0.03831841708587003
31.509121061359863,31.060216160576424,31.288957511294104,30.614170526676958,4.0,4.0,0.0,0.0,256,-0.03657667085469412
31.572024932807224,31.071653228112307,31.326127980785724,30.694229999428146,4.0,4.0,0.0,0.0,241,-0.0350837455136862
31.486246926288096,31.025904957968773,31.37473551781323,30.76571167152742,3.9000000000000004,3.9000000000000004,0.0,0.0,229,-0.034088461953014244
31.411905987304852,31.120260765139815,31.326127980785724,30.694229999428146,3.8000000000000003,3.8000000000000003,0.0,0.0,220,-0.0330931783923423
31.314690913249837,31.206038771658942,31.326127980785724,30.671355864356375,3.6,3.6,0.0,0.0,195,-0.032097894831670346
31.303253845713957,31.19174243723909,31.157431234631435,30.648481729284608,3.3000000000000003,3.3000000000000003,0.0,0.0,176,-0.030978200825914404
31.326127980785724,31.120260765139815,31.060216160576424,30.648481729284608,3.1,3.1,0.0,0.0,160,-0.029609685929990474
31.38617258534911,31.060216160576424,31.060216160576424,30.717104134499913,2.9000000000000004,2.9000000000000004,0.0,0.0,153,-0.028738812814402524
31.363298450277345,31.04877909304054,31.04877909304054,30.811459941670954,2.7,2.7,0.0,0.0,138,-0.02811676058898255
31.240349974266596,31.10882369760393,31.037342025504657,30.74283753645565,2.6,2.6,0.0,0.0,127,-0.02761911880864658
31.157431234631435,31.168868302167322,31.04877909304054,30.705667066964025,2.6,2.6,0.0,0.0,125,-0.0272458874733946
31.120260765139815,31.168868302167322,30.954423285869503,30.705667066964025,2.6,2.6,0.0,0.0,123,-0.02674824569305862
31.157431234631435,31.085949562532164,30.83433407674272,30.694229999428146,2.6,2.6,0.0,0.0,117,-0.026126193467638656
31.21747583919483,30.942986218333616,30.811459941670954,30.68279293189226,2.4000000000000004,2.4000000000000004,0.0,0.0,113,-0.025379730797134695
31.303253845713957,30.928689883913762,30.822897009206834,30.76571167152742,2.2,2.2,0.0,0.0,113,-0.025130909906966706
31.180305369703202,30.97729742094127,30.86006747869846,30.76571167152742,1.9000000000000001,1.9000000000000001,0.0,0.0,109,-0.025130909906966706
31.097386630068048,31.085949562532164,30.917252816377875,30.65991879682049,1.7000000000000002,1.7000000000000002,0.0,0.0,106,-0.025130909906966706
31.01446789043289,31.097386630068048,30.928689883913762,30.648481729284608,1.5,1.5,0.0,0.0,104,-0.025130909906966706
31.060216160576424,30.965860353405382,30.882941613770228,30.637044661748725,1.4000000000000001,1.4000000000000001,0.0,0.0,104,-0.025006499461882714
31.120260765139815,30.894378681306108,30.894378681306108,30.602733459141074,1.4000000000000001,1.4000000000000001,0.0,0.0,100,-0.025006499461882714
31.240349974266596,30.87150454623434,30.928689883913762,30.637044661748725,1.3,1.3,0.0,0.0,97,-0.025006499461882714
31.206038771658942,30.894378681306108,30.928689883913762,30.705667066964025,1.3,1.3,0.0,0.0,94,-0.025006499461882714
31.120260765139815,30.928689883913762,30.942986218333616,30.637044661748725,1.2000000000000002,1.2000000000000002,0.0,0.0,89,-0.025006499461882714
31.060216160576424,30.98873448847715,30.97729742094127,30.602733459141074,1.0,1.0,0.0,0.0,93,-0.025006499461882714
31.060216160576424,30.965860353405382,30.928689883913762,30.602733459141074,1.0,1.0,0.0,0.0,94,-0.025006499461882714
31.097386630068048,30.905815748841995,30.87150454623434,30.614170526676958,1.0,1.0,0.0,0.0,97,-0.025006499461882714
31.22891290673071,30.87150454623434,30.882941613770228,30.56556298964945,1.0,1.0,0.0,0.0,97,-0.02488208901679872
31.240349974266596,30.87150454623434,30.894378681306108,30.637044661748725,0.9,0.9,0.0,0.0,97,-0.02488208901679872
31.145994167095555,30.882941613770228,30.928689883913762,30.65991879682049,0.9,0.9,0.0,0.0,96,-0.02488208901679872
31.097386630068048,30.942986218333616,30.97729742094127,30.577000057185334,0.8,0.8,0.0,0.0,92,-0.02488208901679872
31.097386630068048,30.97729742094127,30.97729742094127,30.602733459141074,0.8,0.8,0.0,0.0,90,-0.02488208901679872
31.120260765139815,30.917252816377875,30.928689883913762,30.56556298964945,0.8,0.8,0.0,0.0,89,-0.02488208901679872
31.240349974266596,30.83433407674272,30.928689883913762,30.554125922113567,0.8,0.8,0.0,0.0,89,-0.02488208901679872
31.303253845713957,30.86006747869846,30.928689883913762,30.614170526676958,0.7000000000000001,0.7000000000000001,0.0,0.0,87,-0.02488208901679872
31.206038771658942,30.86006747869846,30.965860353405382,30.728541202035796,0.7000000000000001,0.7000000000000001,0.0,0.0,86,-0.02488208901679872
31.131697832675698,30.965860353405382,30.97729742094127,30.637044661748725,0.6000000000000001,0.6000000000000001,0.0,0.0,84,-0.02488208901679872
31.10882369760393,31.025904957968773,31.000171556013036,30.59129639160519,0.6000000000000001,0.6000000000000001,0.0,0.0,84,-0.02488208901679872
31.131697832675698,30.942986218333616,30.905815748841995,30.577000057185334,0.6000000000000001,0.6000000000000001,0.0,0.0,83,-0.02488208901679872
31.168868302167322,30.87150454623434,30.905815748841995,30.542688854577683,0.5,0.5,0.0,0.0,82,-0.02488208901679872
31.288957511294104,30.811459941670954,30.928689883913762,30.554125922113567,0.5,0.5,0.0,0.0,82,-0.025006499461882714
31.19174243723909,30.83433407674272,30.928689883913762,30.694229999428146,0.5,0.5,0.0,0.0,82,-0.0252553203520507
31.085949562532164,30.882941613770228,30.942986218333616,30.705667066964025,0.5,0.5,0.0,0.0,82,-0.02562855168730268
31.025904957968773,30.97729742094127,30.97729742094127,30.62560759421284,0.5,0.5,0.0,0.0,83,-0.026001783022554664
30.98873448847715,30.965860353405382,30.928689883913762,30.614170526676958,0.4,0.4,0.0,0.0,83,-0.02625060391272265
31.071653228112307,30.87150454623434,30.83433407674272,30.614170526676958,0.4,0.4,0.0,0.0,83,-0.02625060391272265
31.131697832675698,30.74283753645565,30.86006747869846,30.602733459141074,0.4,0.4,0.0,0.0,83,-0.02662383524797463
31.180305369703202,30.76571167152742,30.86006747869846,30.65991879682049,0.5,0.5,0.0,0.0,83,-0.027743529253730574
31.071653228112307,30.87150454623434,30.87150454623434,30.754274603991533,0.7000000000000001,0.7000000000000001,0.0,0.0,83,-0.028863223259486516
30.98873448847715,30.97729742094127,30.86006747869846,30.637044661748725,0.7000000000000001,0.7000000000000001,0.0,0.0,82,-0.029734096375074473
30.942986218333616,31.000171556013036,30.86006747869846,30.637044661748725,0.7000000000000001,0.7000000000000001,0.0,0.0,79,-0.03010732771032645
30.98873448847715,30.917252816377875,30.754274603991533,30.62560759421284,0.7000000000000001,0.7000000000000001,0.0,0.0,75,-0.03010732771032645
31.071653228112307,30.822897009206834,30.74283753645565,30.602733459141074,0.8,0.8,0.0,0.0,74,-0.03010732771032645
31.157431234631435,30.788585806599187,30.728541202035796,30.542688854577683,0.9,0.9,0.0,0.0,74,-0.030231738155410446
31.071653228112307,30.800022874135067,30.74283753645565,30.62560759421284,0.8,0.8,0.0,0.0,74,-0.030604969490662423
30.98873448847715,30.86006747869846,30.754274603991533,30.62560759421284,0.9,0.9,0.0,0.0,72,-0.030978200825914404
30.928689883913762,30.954423285869503,30.800022874135067,30.56556298964945,0.9,0.9,0.0,0.0,71,-0.031227021716082395
30.965860353405382,30.882941613770228,30.717104134499913,30.5312517870418,0.9,0.9,0.0,0.0,70,-0.03135143216116639
30.98873448847715,30.76571167152742,30.62560759421284,30.485503516898266,0.9,0.9,0.0,0.0,68,-0.03135143216116639
31.131697832675698,30.728541202035796,30.648481729284608,30.416881111682958,1.0,1.0,0.0,0.0,67,-0.03135143216116639
31.10882369760393,30.822897009206834,30.648481729284608,30.4626293818265,0.9,0.9,0.0,0.0,66,-0.03135143216116639
30.98873448847715,30.83433407674272,30.705667066964025,30.59129639160519,0.8,0.8,0.0,0.0,62,-0.03135143216116639
30.954423285869503,30.86006747869846,30.728541202035796,30.508377651970033,0.7000000000000001,0.7000000000000001,0.0,0.0,61,-0.03135143216116639
30.894378681306108,30.822897009206834,30.717104134499913,30.4626293818265,0.7000000000000001,0.7000000000000001,0.0,0.0,62,-0.03135143216116639
30.917252816377875,30.788585806599187,30.648481729284608,30.405444044147078,0.8,0.8,0.0,0.0,60,-0.03135143216116639
31.000171556013036,30.76571167152742,30.637044661748725,30.405444044147078,0.8,0.8,0.0,0.0,59,-0.03147584260625038
31.097386630068048,30.728541202035796,30.637044661748725,30.39400697661119,0.7000000000000001,0.7000000000000001,0.0,0.0,61,-0.03184907394150236
31.01446789043289,30.68279293189226,30.637044661748725,30.485503516898266,0.7000000000000001,0.7000000000000001,0.0,0.0,61,-0.03234671572183834
30.954423285869503,30.74283753645565,30.65991879682049,30.4626293818265,0.7000000000000001,0.7000000000000001,0.0,0.0,57,-0.0329687679472583
30.882941613770228,30.86006747869846,30.717104134499913,30.39400697661119,0.7000000000000001,0.7000000000000001,0.0,0.0,58,-0.03359082017267827
30.894378681306108,30.83433407674272,30.648481729284608,30.405444044147078,0.6000000000000001,0.6000000000000001,0.0,0.0,60,-0.03421287239809824
30.928689883913762,30.74283753645565,30.602733459141074,30.428318179218845,0.6000000000000001,0.6000000000000001,0.0,0.0,62,-0.03458610373335022
31.04877909304054,30.65991879682049,30.59129639160519,30.371132841539424,0.6000000000000001,0.6000000000000001,0.0,0.0,62,-0.0349593350686022
31.000171556013036,30.694229999428146,30.602733459141074,30.405444044147078,0.6000000000000001,0.6000000000000001,0.0,0.0,63,-0.03545697684893818
30.917252816377875,30.705667066964025,30.62560759421284,30.496940584434146,0.6000000000000001,0.6000000000000001,0.0,0.0,63,-0.03595461862927415
30.822897009206834,30.7771487390633,30.648481729284608,30.428318179218845,0.6000000000000001,0.6000000000000001,0.0,0.0,62,-0.036701081299778116
30.811459941670954,30.788585806599187,30.62560759421284,30.39400697661119,0.5,0.5,0.0,0.0,61,-0.037198723080114085
30.86006747869846,30.717104134499913,30.5312517870418,30.359695774003544,0.5,0.5,0.0,0.0,63,-0.03732313352519808
30.965860353405382,30.637044661748725,30.5312517870418,30.313947503860007,0.5,0.5,0.0,0.0,64,-0.03744754397028207
31.01446789043289,30.65991879682049,30.56556298964945,30.302510436324123,0.5,0.5,0.0,0.0,62,-0.03782077530553406
30.917252816377875,30.648481729284608,30.56556298964945,30.416881111682958,0.5,0.5,0.0,0.0,65,-0.03819400664078604
30.8457711442786,30.717104134499913,30.602733459141074,30.405444044147078,0.5,0.5,0.0,0.0,66,-0.03844282753095402
30.788585806599187,30.800022874135067,30.65991879682049,30.313947503860007,0.4,0.4,0.0,0.0,65,-0.03856723797603801
30.83433407674272,30.728541202035796,30.56556298964945,30.313947503860007,0.4,0.4,0.0,0.0,64,-0.03856723797603801
30.917252816377875,30.637044661748725,30.4626293818265,30.268199233716473,0.4,0.4,0.0,0.0,63,-0.03856723797603801
31.025904957968773,30.614170526676958,30.485503516898266,30.22245096357294,0.4,0.4,0.0,0.0,62,-0.03856723797603801
30.942986218333616,30.602733459141074,30.542688854577683,30.279636301252356,0.4,0.4,0.0,0.0,63,-0.03856723797603801
30.87150454623434,30.637044661748725,30.56556298964945,30.359695774003544,0.4,0.4,0.0,0.0,64,-0.03856723797603801
30.822897009206834,30.76571167152742,30.56556298964945,30.279636301252356,0.4,0.4,0.0,0.0,64,-0.03856723797603801
30.822897009206834,30.74283753645565,30.554125922113567,30.25676216618059,0.30000000000000004,0.30000000000000004,0.0,0.0,62,-0.03856723797603801
30.87150454623434,30.648481729284608,30.508377651970033,30.25676216618059,0.30000000000000004,0.30000000000000004,0.0,0.0,60,-0.03856723797603801
30.98873448847715,30.59129639160519,30.47406644936238,30.25676216618059,0.30000000000000004,0.30000000000000004,0.0,0.0,60,-0.03856723797603801
30.97729742094127,30.602733459141074,30.485503516898266,30.22245096357294,0.30000000000000004,0.30000000000000004,0.0,0.0,60,-0.03856723797603801
30.882941613770228,30.62560759421284,30.508377651970033,30.29107336878824,0.30000000000000004,0.30000000000000004,0.0,0.0,60,-0.03856723797603801
30.811459941670954,30.717104134499913,30.542688854577683,30.29107336878824,0.30000000000000004,0.30000000000000004,0.0,0.0,60,-0.03856723797603801
30.788585806599187,30.754274603991533,30.577000057185334,30.22245096357294,0.30000000000000004,0.30000000000000004,0.0,0.0,60,-0.03869164842112201
30.822897009206834,30.68279293189226,30.496940584434146,30.19957682850117,0.2,0.2,0.0,0.0,59,-0.03869164842112201
30.882941613770228,30.62560759421284,30.439755246754732,30.19957682850117,0.2,0.2,0.0,0.0,59,-0.03931370064654198
30.928689883913762,30.59129639160519,30.439755246754732,30.16812489277749,0.2,0.2,0.0,0.0,59,-0.040682215542465906
30.83433407674272,30.59129639160519,30.4626293818265,30.19957682850117,0.2,0.2,0.0,0.0,58,-0.04217514088347383
30.74283753645565,30.62560759421284,30.439755246754732,30.29107336878824,0.2,0.2,0.0,0.0,56,-0.04317042444414578
30.705667066964025,30.705667066964025,30.4626293818265,30.245325098644706,0.2,0.2,0.0,0.0,56,-0.04366806622448175
30.754274603991533,30.65991879682049,30.485503516898266,30.19957682850117,0.2,0.2,0.0,0.0,56,-0.04366806622448175
30.788585806599187,30.602733459141074,30.38256990907531,30.19957682850117,0.2,0.2,0.0,0.0,55,-0.043792476669565754
30.86006747869846,30.554125922113567,30.336821638931777,30.16812489277749,0.2,0.2,0.0,0.0,55,-0.04404129755973374
30.811459941670954,30.519814719505916,30.416881111682958,30.14525075770572,0.2,0.2,0.0,0.0,56,-0.045036581120405685
30.728541202035796,30.508377651970033,30.4626293818265,30.22245096357294,0.2,0.2,0.0,0.0,57,-0.046653916906497596
30.65991879682049,30.648481729284608,30.496940584434146,30.279636301252356,0.2,0.2,0.0,0.0,59,-0.04839566313767351
30.648481729284608,30.705667066964025,30.47406644936238,30.1767026934294,0.1,0.1,0.0,0.0,61,-0.049390946698345456
30.705667066964025,30.62560759421284,30.39400697661119,30.133813690169838,0.1,0.1,0.0,0.0,61,-0.04951535714342945
30.800022874135067,30.508377651970033,30.348258706467657,30.065191284954537,0.1,0.1,0.0,0.0,58,-0.04963976758851344
30.83433407674272,30.47406644936238,30.336821638931777,29.98799107908732,0.1,0.1,0.0,0.0,57,-0.05001299892376543
30.76571167152742,30.496940584434146,30.38256990907531,30.01086521415909,0.1,0.1,0.0,0.0,58,-0.05038623025901741
30.671355864356375,30.554125922113567,30.439755246754732,30.065191284954537,0.1,0.1,0.0,0.0,59,-0.0506350511491854
30.614170526676958,30.602733459141074,30.496940584434146,30.05375421741865,0.1,0.1,0.0,0.0,59,-0.051008282484437374
30.648481729284608,30.56556298964945,30.485503516898266,29.96511694401555,0.1,0.1,0.0,0.0,59,-0.05125710337460536
30.728541202035796,30.508377651970033,30.39400697661119,29.9308057414079,0.1,0.1,0.0,0.0,59,-0.05175474515494134
30.8457711442786,30.47406644936238,30.38256990907531,29.865042603076567,0.1,0.1,0.0,0.0,59,-0.0525012078254453
30.800022874135067,30.451192314290612,30.371132841539424,29.833590667352887,0.1,0.1,0.0,0.0,63,-0.05312326005086527
30.705667066964025,30.428318179218845,30.38256990907531,29.876479670612454,0.1,0.1,0.0,0.0,63,-0.05349649138611724
30.637044661748725,30.519814719505916,30.416881111682958,29.96511694401555,0.1,0.1,0.0,0.0,62,-0.053620901831201245
30.65991879682049,30.59129639160519,30.496940584434146,29.9308057414079,0.1,0.1,0.0,0.0,60,-0.053620901831201245
30.705667066964025,30.5312517870418,30.439755246754732,29.9308057414079,0.1,0.1,0.0,0.0,60,-0.053620901831201245
30.754274603991533,30.416881111682958,30.371132841539424,29.919368673872015,0.1,0.1,0.0,0.0,61,-0.05386972272136923
30.788585806599187,30.405444044147078,30.359695774003544,29.887916738148334,0.1,0.1,0.0,0.0,63,-0.0544917749467892
30.728541202035796,30.416881111682958,30.4626293818265,29.876479670612454,0.1,0.1,0.0,0.0,65,-0.05523823761729316
30.648481729284608,30.4626293818265,30.451192314290612,29.94224280894378,0.1,0.1,0.0,0.0,67,-0.05573587939762913
30.614170526676958,30.542688854577683,30.47406644936238,29.976554011551436,0.1,0.1,0.0,0.0,64,-0.05586028984271313
30.65991879682049,30.519814719505916,30.542688854577683,29.876479670612454,0.1,0.1,0.0,0.0,63,-0.05586028984271313
30.717104134499913,30.451192314290612,30.451192314290612,29.876479670612454,0.1,0.1,0.0,0.0,63,-0.05598470028779712
30.7771487390633,30.39400697661119,30.47406644936238,29.83930920112083,0.1,0.1,0.0,0.0,64,-0.056109110732881114
30.74283753645565,30.416881111682958,30.47406644936238,29.865042603076567,0.1,0.1,0.0,0.0,65,-0.056109110732881114
30.65991879682049,30.428318179218845,30.4626293818265,29.876479670612454,0.1,0.1,0.0,0.0,67,-0.056109110732881114
30.62560759421284,30.485503516898266,30.577000057185334,29.96511694401555,0.1,0.1,0.0,0.0,67,-0.056109110732881114
30.614170526676958,30.519814719505916,30.671355864356375,29.919368673872015,0.1,0.1,0.0,0.0,65,-0.0562335211779651
30.671355864356375,30.485503516898266,30.648481729284608,29.876479670612454,0.1,0.1,0.0,0.0,67,-0.0562335211779651
30.74283753645565,30.405444044147078,30.59129639160519,29.865042603076567,0.1,0.1,0.0,0.0,68,-0.0562335211779651
30.76571167152742,30.371132841539424,30.602733459141074,29.865042603076567,0.1,0.1,0.0,0.0,68,-0.0562335211779651
30.694229999428146,30.371132841539424,30.671355864356375,29.822153599817003,0.1,0.1,0.0,0.0,68,-0.05648234206813309
30.602733459141074,30.405444044147078,30.788585806599187,29.887916738148334,0.0,0.0,0.0,0.0,68,-0.057228804738637055
30.602733459141074,30.485503516898266,30.788585806599187,29.95367987647967,0.0,0.0,0.0,0.0,69,-0.05772644651897303
30.637044661748725,30.451192314290612,30.717104134499913,29.887916738148334,0.0,0.0,0.0,0.0,72,-0.05772644651897303
30.68279293189226,30.371132841539424,30.59129639160519,29.8421684680048,0.0,0.0,0.0,0.0,72,-0.05785085696405702
30.74283753645565,30.313947503860007,30.577000057185334,29.822153599817003,0.0,0.0,0.0,0.0,74,-0.058348498744393004
30.694229999428146,30.32538457139589,30.62560759421284,29.865042603076567,0.0,0.0,0.0,0.0,74,-0.058846140524728974
30.65991879682049,30.336821638931777,30.68279293189226,29.876479670612454,0.0,0.0,0.0,0.0,75,-0.058846140524728974
30.56556298964945,30.416881111682958,30.637044661748725,29.94224280894378,0.0,0.0,0.0,0.0,75,-0.05847290918947699
30.59129639160519,30.4626293818265,30.602733459141074,29.9308057414079,0.0,0.0,0.0,0.0,74,-0.05797526740914102
30.68279293189226,30.439755246754732,30.485503516898266,29.8421684680048,0.0,0.0,0.0,0.0,73,-0.05710439429355306
30.811459941670954,30.38256990907531,30.47406644936238,29.876479670612454,0.0,0.0,0.0,0.0,73,-0.05660675251321709
30.8457711442786,30.359695774003544,30.508377651970033,29.822153599817003,0.0,0.0,0.0,0.0,76,-0.05660675251321709
30.754274603991533,30.336821638931777,30.496940584434146,29.787842397209353,0.0,0.0,0.0,0.0,76,-0.05648234206813309
30.705667066964025,30.336821638931777,30.519814719505916,29.799279464745236,0.0,0.0,0.0,0.0,76,-0.05598470028779712
30.705667066964025,30.485503516898266,30.602733459141074,29.865042603076567,0.0,0.0,0.0,0.0,77,-0.05586028984271313
30.717104134499913,30.5312517870418,30.65991879682049,29.876479670612454,0.0,0.0,0.0,0.0,76,-0.05586028984271313
30.788585806599187,30.405444044147078,30.542688854577683,29.8421684680048,0.0,0.0,0.0,0.0,77,-0.05586028984271313
30.86006747869846,30.336821638931777,30.485503516898266,29.822153599817003,0.0,0.0,0.0,0.0,77,-0.055611468952545144
30.811459941670954,30.348258706467657,30.554125922113567,29.77640532967347,0.0,0.0,0.0,0.0,79,-0.05573587939762913
30.717104134499913,30.336821638931777,30.614170526676958,29.764968262137586,0.0,0.0,0.0,0.0,78,-0.05598470028779712
30.705667066964025,30.451192314290612,30.717104134499913,29.9107908732201,0.0,0.0,0.0,0.0,80,-0.05586028984271313
30.694229999428146,30.542688854577683,30.728541202035796,30.04231714988277,0.0,0.0,0.0,0.0,81,-0.05573587939762913
30.705667066964025,30.485503516898266,30.637044661748725,29.98799107908732,0.0,0.0,0.0,0.0,82,-0.05573587939762913
30.800022874135067,30.416881111682958,30.694229999428146,29.9308057414079,0.0,0.0,0.0,0.0,84,-0.0563579316230491
30.83433407674272,30.416881111682958,30.717104134499913,29.865042603076567,0.0,0.0,0.0,0.0,86,-0.05710439429355306
30.728541202035796,30.439755246754732,30.87150454623434,29.887916738148334,0.0,0.0,0.0,0.0,87,-0.05797526740914102
30.65991879682049,30.451192314290612,31.01446789043289,29.919368673872015,0.0,0.0,0.0,0.0,88,-0.05897055096981296
30.637044661748725,30.508377651970033,31.04877909304054,30.01086521415909,0.0,0.0,0.0,0.0,89,-0.060090244975568904
30.68279293189226,30.496940584434146,31.060216160576424,29.976554011551436,0.0,0.0,0.0,0.0,90,-0.06058788675590488
30.728541202035796,30.451192314290612,31.01446789043289,29.89935380568422,0.0,0.0,0.0,0.0,90,-0.06058788675590488
30.800022874135067,30.336821638931777,31.01446789043289,29.9107908732201,0.0,0.0,0.0,0.0,91,-0.06071229720098888
30.76571167152742,30.359695774003544,31.097386630068048,29.9308057414079,0.0,0.0,0.0,0.0,94,-0.06096111809115686
30.705667066964025,30.359695774003544,31.131697832675698,29.9308057414079,0.0,0.0,0.0,0.0,95,-0.061209938981324846
30.68279293189226,30.416881111682958,31.19174243723909,29.94224280894378,0.0,0.0,0.0,0.0,95,-0.06170758076166082
30.694229999428146,30.485503516898266,31.277520443758217,30.04231714988277,0.0,0.0,0.0,0.0,96,-0.062329632987080795
30.728541202035796,30.428318179218845,31.22891290673071,29.96511694401555,0.0,0.0,0.0,0.0,96,-0.06295168521250076
30.8457711442786,30.371132841539424,31.240349974266596,29.94224280894378,0.0,0.0,0.0,0.0,97,-0.06369814788300472
30.83433407674272,30.359695774003544,31.303253845713957,29.9107908732201,0.0,0.0,0.0,0.0,96,-0.06456902099859267
30.800022874135067,30.359695774003544,31.314690913249837,29.887916738148334,0.0,0.0,0.0,0.0,96,-0.06506666277892866
30.74283753645565,30.348258706467657,31.337565048321608,29.853605535540684,0.0,0.0,0.0,0.0,97,-0.06506666277892866
30.694229999428146,30.416881111682958,31.303253845713957,29.9308057414079,0.0,0.0,0.0,0.0,98,-0.06506666277892866
30.728541202035796,30.4626293818265,31.168868302167322,29.98799107908732,0.0,0.0,0.0,0.0,97,-0.06506666277892866
30.8457711442786,30.428318179218845,30.942986218333616,29.9308057414079,0.0,0.0,0.0,0.0,97,-0.06506666277892866
30.894378681306108,30.359695774003544,30.811459941670954,29.9107908732201,0.0,0.0,0.0,0.0,98,-0.06506666277892866
30.8457711442786,30.336821638931777,30.811459941670954,29.9107908732201,0.0,0.0,0.0,0.0,97,-0.06506666277892866
30.800022874135067,30.348258706467657,30.754274603991533,29.9308057414079,0.0,0.0,0.0,0.0,97,-0.06506666277892866
30.754274603991533,30.428318179218845,30.86006747869846,29.919368673872015,0.0,0.0,0.0,0.0,99,-0.06506666277892866
30.788585806599187,30.554125922113567,30.87150454623434,30.01086521415909,0.0,0.0,0.0,0.0,98,-0.06506666277892866
30.83433407674272,30.496940584434146,30.76571167152742,29.95367987647967,0.0,0.0,0.0,0.0,94,-0.06506666277892866
30.98873448847715,30.451192314290612,30.788585806599187,29.919368673872015,0.0,0.0,0.0,0.0,95,-0.06519107322401264
30.942986218333616,30.416881111682958,30.928689883913762,29.94224280894378,0.0,0.0,0.0,0.0,97,-0.06581312544943262
30.87150454623434,30.451192314290612,30.954423285869503,29.95367987647967,0.0,0.0,0.0,0.0,96,-0.06655958811993658
30.811459941670954,30.47406644936238,30.954423285869503,29.9308057414079,0.0,0.0,0.0,0.0,95,-0.06668399856502057
30.822897009206834,30.542688854577683,30.942986218333616,29.999428146623202,0.0,0.0,0.0,0.0,95,-0.06643517767485257
30.822897009206834,30.56556298964945,30.800022874135067,30.065191284954537,0.0,0.0,0.0,0.0,95,-0.06643517767485257
30.954423285869503,30.554125922113567,30.811459941670954,30.05375421741865,0.0,0.0,0.0,0.0,96,-0.06668399856502057
31.01446789043289,30.47406644936238,30.87150454623434,30.04231714988277,0.0,0.0,0.0,0.0,97,-0.06693281945518856
30.905815748841995,30.47406644936238,30.86006747869846,30.01086521415909,0.0,0.0,0.0,0.0,97,-0.06705722990027255
30.83433407674272,30.47406644936238,30.97729742094127,30.02230228169497,0.0,0.0,0.0,0.0,97,-0.06705722990027255
30.822897009206834,30.59129639160519,31.000171556013036,30.01086521415909,0.0,0.0,0.0,0.0,98,-0.06705722990027255
30.87150454623434,30.717104134499913,30.942986218333616,30.099502487562184,0.0,0.0,0.0,0.0,100,-0.06705722990027255
30.954423285869503,30.68279293189226,30.87150454623434,30.133813690169838,0.0,0.0,0.0,0.0,102,-0.06718164034535654
31.037342025504657,30.554125922113567,30.83433407674272,30.05375421741865,0.0,0.0,0.0,0.0,103,-0.06743046123552454
31.01446789043289,30.496940584434146,30.97729742094127,30.04231714988277,0.0,0.0,0.0,0.0,103,-0.06817692390602849
30.917252816377875,30.542688854577683,31.071653228112307,29.999428146623202,0.0,0.0,0.0,0.0,104,-0.06855015524128047
30.882941613770228,30.602733459141074,31.071653228112307,29.999428146623202,0.0,0.0,0.0,0.0,105,-0.06855015524128047
30.905815748841995,30.65991879682049,31.097386630068048,30.088065420026304,0.0,0.0,0.0,0.0,104,-0.06855015524128047
30.98873448847715,30.705667066964025,30.98873448847715,30.188139760965285,0.0,0.0,0.0,0.0,105,-0.06855015524128047
31.097386630068048,30.614170526676958,30.917252816377875,30.133813690169838,0.0,0.0,0.0,0.0,106,-0.06855015524128047
31.071653228112307,30.577000057185334,31.025904957968773,30.076628352490417,0.0,0.0,0.0,0.0,107,-0.06855015524128047
31.01446789043289,30.577000057185334,31.145994167095555,30.076628352490417,0.0,0.0,0.0,0.0,105,-0.06879897613144846
30.954423285869503,30.62560759421284,31.120260765139815,30.088065420026304,0.0,0.0,0.0,0.0,107,-0.06867456568636447
30.954423285869503,30.705667066964025,31.168868302167322,30.099502487562184,0.0,0.0,0.0,0.0,108,-0.06842574479619648
30.965860353405382,30.728541202035796,31.037342025504657,30.156687825241605,0.0,0.0,0.0,0.0,107,-0.06830133435111248
31.04877909304054,30.68279293189226,31.01446789043289,30.19957682850117,0.0,0.0,0.0,0.0,108,-0.06830133435111248
31.168868302167322,30.62560759421284,31.071653228112307,30.14525075770572,0.0,0.0,0.0,0.0,109,-0.06830133435111248
31.085949562532164,30.637044661748725,31.060216160576424,30.122376622633954,0.0,0.0,0.0,0.0,110,-0.06830133435111248
31.01446789043289,30.648481729284608,31.085949562532164,30.088065420026304,0.0,0.0,0.0,0.0,111,-0.06792810301586051
30.954423285869503,30.65991879682049,31.168868302167322,30.11093955509807,0.0,0.0,0.0,0.0,112,-0.06792810301586051
31.000171556013036,30.7771487390633,31.19174243723909,30.11093955509807,0.0,0.0,0.0,0.0,112,-0.06792810301586051
31.097386630068048,30.788585806599187,31.131697832675698,30.233888031108823,0.0,0.0,0.0,0.0,112,-0.06780369257077651
31.19174243723909,30.717104134499913,31.04877909304054,30.1767026934294,0.0,0.0,0.0,0.0,113,-0.06780369257077651
31.157431234631435,30.62560759421284,31.071653228112307,30.122376622633954,0.0,0.0,0.0,0.0,114,-0.06755487168060853
31.10882369760393,30.671355864356375,31.21747583919483,30.122376622633954,0.0,0.0,0.0,0.0,114,-0.06755487168060853
31.04877909304054,30.705667066964025,31.351861382741465,30.156687825241605,0.0,0.0,0.0,0.0,115,-0.06755487168060853
31.04877909304054,30.8457711442786,31.363298450277345,30.122376622633954,0.0,0.0,0.0,0.0,115,-0.06705722990027255
31.097386630068048,30.8457711442786,31.19174243723909,30.211013896037052,0.0,0.0,0.0,0.0,117,-0.06568871500434863
31.180305369703202,30.788585806599187,31.168868302167322,30.25676216618059,0.0,0.0,0.0,0.0,117,-0.06481784188876066
31.25464630868645,30.74283753645565,31.25464630868645,30.1767026934294,0.0,0.0,0.0,0.0,117,-0.06506666277892866
31.240349974266596,30.754274603991533,31.40046891976897,30.211013896037052,0.0,0.0,0.0,0.0,117,-0.06506666277892866
31.120260765139815,30.76571167152742,31.423343054840736,30.188139760965285,0.0,0.0,0.0,0.0,117,-0.06506666277892866
31.025904957968773,30.788585806599187,31.49768399382398,30.14525075770572,0.0,0.0,0.0,0.0,119,-0.06481784188876066
31.097386630068048,30.86006747869846,31.46051352433236,30.11093955509807,0.0,0.0,0.0,0.0,118,-0.06444461055350868
31.206038771658942,30.905815748841995,31.37473551781323,30.245325098644706,0.0,0.0,0.0,0.0,118,-0.06419578966334069
31.303253845713957,30.8457711442786,31.411905987304852,30.279636301252356,0.0,0.0,0.0,0.0,119,-0.06419578966334069
31.266083376222337,30.754274603991533,31.46051352433236,30.25676216618059,0.0,0.0,0.0,0.0,119,-0.06419578966334069
31.157431234631435,30.728541202035796,31.49768399382398,30.19957682850117,0.0,0.0,0.0,0.0,119,-0.06419578966334069
31.097386630068048,30.788585806599187,31.523417395779717,30.14525075770572,0.0,0.0,0.0,0.0,119,-0.0640713792182567
31.145994167095555,30.905815748841995,31.509121061359863,30.1767026934294,0.0,0.0,0.0,0.0,119,-0.06369814788300472
31.206038771658942,30.942986218333616,31.38617258534911,30.29107336878824,0.0,0.0,0.0,0.0,121,-0.06320050610266875
31.326127980785724,30.894378681306108,31.351861382741465,30.405444044147078,0.0,0.0,0.0,0.0,119,-0.06295168521250076
31.337565048321608,30.788585806599187,31.37473551781323,30.279636301252356,0.0,0.0,0.0,0.0,120,-0.06245404343216479
31.266083376222337,30.800022874135067,31.337565048321608,30.245325098644706,0.0,0.0,0.0,0.0,124,-0.06145875987149284
31.180305369703202,30.822897009206834,31.277520443758217,30.268199233716473,0.0,0.0,0.0,0.0,126,-0.0602146554206529
31.206038771658942,30.942986218333616,31.326127980785724,30.32538457139589,0.0,0.0,0.0,0.0,128,-0.05897055096981296
31.266083376222337,30.97729742094127,31.168868302167322,30.313947503860007,0.0,0.0,0.0,0.0,129,-0.057602036073889036
31.37473551781323,30.954423285869503,31.157431234631435,30.39400697661119,0.0,0.0,0.0,0.0,130,-0.05648234206813309
31.363298450277345,30.87150454623434,31.240349974266596,30.371132841539424,0.0,0.0,0.0,0.0,134,-0.05598470028779712
31.288957511294104,30.86006747869846,31.337565048321608,30.313947503860007,0.0,0.0,0.0,0.0,133,-0.05598470028779712
31.277520443758217,30.882941613770228,31.40046891976897,30.359695774003544,0.0,0.0,0.0,0.0,136,-0.05586028984271313
31.240349974266596,30.928689883913762,31.486246926288096,30.348258706467657,0.0,0.0,0.0,0.0,136,-0.055362648062377146
31.266083376222337,31.000171556013036,31.314690913249837,30.336821638931777,0.0,0.0,0.0,0.0,138,-0.05474059583695719
31.363298450277345,31.025904957968773,31.288957511294104,30.371132841539424,0.0,0.0,0.0,0.0,138,-0.0543673645017052
31.46051352433236,30.97729742094127,31.25464630868645,30.519814719505916,0.0,0.0,0.0,0.0,139,-0.05399413316645322
31.351861382741465,30.928689883913762,31.314690913249837,30.4626293818265,0.0,0.0,0.0,0.0,139,-0.05349649138611724
31.303253845713957,30.928689883913762,31.43478012237662,30.485503516898266,0.0,0.0,0.0,0.0,140,-0.05312326005086527
31.303253845713957,30.97729742094127,31.449076456796476,30.47406644936238,0.0,0.0,0.0,0.0,139,-0.052874439160697284
31.363298450277345,31.085949562532164,31.38617258534911,30.47406644936238,0.0,0.0,0.0,0.0,142,-0.0523767973803613
31.37473551781323,31.157431234631435,31.157431234631435,30.439755246754732,0.0,0.0,0.0,0.0,140,-0.051381513819689355
31.43478012237662,31.037342025504657,31.157431234631435,30.56556298964945,0.0,0.0,0.0,0.0,141,-0.05075946159426939
31.423343054840736,31.060216160576424,31.363298450277345,30.602733459141074,0.0,0.0,0.0,0.0,142,-0.0506350511491854
31.37473551781323,31.037342025504657,31.449076456796476,30.554125922113567,0.0,0.0,0.0,0.0,143,-0.0505106407041014
31.326127980785724,31.04877909304054,31.43478012237662,30.554125922113567,0.0,0.0,0.0,0.0,143,-0.04976417803359744
31.326127980785724,31.01446789043289,31.40046891976897,30.508377651970033,0.0,0.0,0.0,0.0,146,-0.048271252692589514
31.423343054840736,31.131697832675698,31.240349974266596,30.519814719505916,0.0,0.0,0.0,0.0,143,-0.046156275126161626
31.49768399382398,31.206038771658942,31.288957511294104,30.577000057185334,0.0,0.0,0.0,0.0,147,-0.04429011844990172
31.49768399382398,31.206038771658942,31.351861382741465,30.717104134499913,0.0,0.0,0.0,0.0,144,-0.04329483488922977
31.423343054840736,31.097386630068048,31.43478012237662,30.637044661748725,0.0,0.0,0.0,0.0,147,-0.042797193108893794
31.38617258534911,31.071653228112307,31.449076456796476,30.59129639160519,0.0,0.0,0.0,0.0,146,-0.042299551328557825
31.363298450277345,31.10882369760393,31.509121061359863,30.577000057185334,0.0,0.0,0.0,0.0,147,-0.04205073043838984
31.411905987304852,31.22891290673071,31.423343054840736,30.602733459141074,0.0,0.0,0.0,0.0,148,-0.04180190954822185
31.486246926288096,31.277520443758217,31.363298450277345,30.648481729284608,0.0,0.0,0.0,0.0,150,-0.04180190954822185
31.55772859838737,31.22891290673071,31.363298450277345,30.7771487390633,0.0,0.0,0.0,0.0,147,-0.04180190954822185
31.486246926288096,31.131697832675698,31.423343054840736,30.788585806599187,0.0,0.0,0.0,0.0,151,-0.04180190954822185
31.46051352433236,31.10882369760393,31.523417395779717,30.694229999428146,0.0,0.0,0.0,0.0,150,-0.04180190954822185
31.411905987304852,31.168868302167322,31.572024932807224,30.68279293189226,0.0,0.0,0.0,0.0,152,-0.04180190954822185
31.423343054840736,31.277520443758217,31.523417395779717,30.74283753645565,0.0,0.0,0.0,0.0,152,-0.04180190954822185
31.471950591868243,31.314690913249837,31.351861382741465,30.74283753645565,0.0,0.0,0.0,0.0,154,-0.04180190954822185
31.59489906787899,31.206038771658942,31.37473551781323,30.811459941670954,0.0,0.0,0.0,0.0,157,-0.04180190954822185
31.55772859838737,31.19174243723909,31.49768399382398,30.894378681306108,0.0,0.0,0.0,0.0,156,-0.04205073043838984
31.486246926288096,31.168868302167322,31.62063246983473,30.8457711442786,0.0,0.0,0.0,0.0,159,-0.042299551328557825
31.46051352433236,31.21747583919483,31.683536341282093,30.822897009206834,0.0,0.0,0.0,0.0,158,-0.042299551328557825
31.46051352433236,31.22891290673071,31.63206953737061,30.811459941670954,0.0,0.0,0.0,0.0,162,-0.04217514088347383
31.509121061359863,31.337565048321608,31.411905987304852,30.800022874135067,0.0,0.0,0.0,0.0,162,-0.04217514088347383
31.63206953737061,31.326127980785724,31.40046891976897,30.811459941670954,0.0,0.0,0.0,0.0,167,-0.04217514088347383
31.646365871790472,31.266083376222337,31.509121061359863,30.954423285869503,0.0,0.0,0.0,0.0,166,-0.04217514088347383
31.546291530851487,31.240349974266596,31.572024932807224,30.954423285869503,0.0,0.0,0.0,0.0,168,-0.04217514088347383
31.534854463315604,31.266083376222337,31.58346200034311,30.894378681306108,0.0,0.0,0.0,0.0,172,-0.04167749910313785
31.534854463315604,31.277520443758217,31.59489906787899,30.894378681306108,0.0,0.0,0.0,0.0,171,-0.04093103643263389
31.58346200034311,31.37473551781323,31.46051352433236,30.917252816377875,0.0,0.0,0.0,0.0,173,-0.039935752871961945
31.683536341282093,31.411905987304852,31.40046891976897,30.905815748841995,0.0,0.0,0.0,0.0,175,-0.039189290201457984
31.746440212729453,31.363298450277345,31.471950591868243,31.000171556013036,0.0,0.0,0.0,0.0,176,-0.03894046931129
31.646365871790472,31.337565048321608,31.523417395779717,31.04877909304054,0.0,0.0,0.0,0.0,177,-0.03894046931129
31.609195402298845,31.363298450277345,31.609195402298845,30.954423285869503,0.0,0.0,0.0,0.0,180,-0.03869164842112201
31.646365871790472,31.37473551781323,31.646365871790472,30.965860353405382,0.0,0.0,0.0,0.0,182,-0.03819400664078604
31.657802939326352,31.449076456796476,31.55772859838737,30.98873448847715,0.0,0.0,0.0,0.0,183,-0.037571954415366066
31.757877280265337,31.509121061359863,31.46051352433236,31.000171556013036,0.0,0.0,0.0,0.0,184,-0.036825491744862104
31.869388688740205,31.49768399382398,31.523417395779717,31.037342025504657,0.0,0.0,0.0,0.0,186,-0.03657667085469412
31.783610682221074,31.449076456796476,31.59489906787899,31.145994167095555,0.0,0.0,0.0,0.0,187,-0.03657667085469412
31.70641047635386,31.43478012237662,31.66924000686224,31.097386630068048,0.0,0.0,0.0,0.0,190,-0.03657667085469412
31.720706810773713,31.46051352433236,31.720706810773713,31.04877909304054,0.0,0.0,0.0,0.0,189,-0.03657667085469412
31.720706810773713,31.509121061359863,31.70641047635386,31.060216160576424,0.0,0.0,0.0,0.0,192,-0.03657667085469412
31.783610682221074,31.59489906787899,31.59489906787899,31.071653228112307,0.0,0.0,0.0,0.0,192,-0.03657667085469412
31.94658889460742,31.572024932807224,31.62063246983473,31.060216160576424,0.0,0.0,0.0,0.0,194,-0.03657667085469412
31.895122090695942,31.509121061359863,31.69497340881798,31.206038771658942,0.0,0.0,0.0,0.0,196,-0.03657667085469412
31.806484817292844,31.471950591868243,31.720706810773713,31.240349974266596,0.0,0.0,0.0,0.0,195,-0.03657667085469412
31.76931434780122,31.509121061359863,31.83221821924858,31.19174243723909,0.0,0.0,0.0,0.0,196,-0.03657667085469412
31.783610682221074,31.572024932807224,31.869388688740205,31.206038771658942,0.0,0.0,0.0,0.0,200,-0.03657667085469412
31.83221821924858,31.646365871790472,31.76931434780122,31.21747583919483,0.0,0.0,0.0,0.0,200,-0.03657667085469412
31.94658889460742,31.66924000686224,31.7321438783096,31.19174243723909,0.0,0.0,0.0,0.0,201,-0.03657667085469412
31.97232229656316,31.63206953737061,31.746440212729453,31.337565048321608,0.0,0.0,0.0,0.0,203,-0.03657667085469412
31.85795162120432,31.59489906787899,31.79504774975696,31.449076456796476,0.0,0.0,0.0,0.0,203,-0.036452260409610124
31.846514553668435,31.58346200034311,31.869388688740205,31.37473551781323,0.0,0.0,0.0,0.0,204,-0.036452260409610124
31.85795162120432,31.609195402298845,31.958025962143303,31.351861382741465,0.0,0.0,0.0,0.0,209,-0.036327849964526135
31.895122090695942,31.7321438783096,31.83221821924858,31.303253845713957,0.0,0.0,0.0,0.0,208,-0.03570579773910616
31.958025962143303,31.79504774975696,31.746440212729453,31.288957511294104,0.0,0.0,0.0,0.0,211,-0.034834924623518206
32.03522616801052,31.7321438783096,31.806484817292844,31.38617258534911,0.0,0.0,0.0,0.0,213,-0.034088461953014244
31.932292560187566,31.646365871790472,31.85795162120432,31.546291530851487,0.0,0.0,0.0,0.0,214,-0.03371523061776227
31.895122090695942,31.683536341282093,31.92085549265168,31.449076456796476,0.0,0.0,0.0,0.0,215,-0.03359082017267827
31.88368502316006,31.720706810773713,31.98375936409904,31.37473551781323,0.0,0.0,0.0,0.0,217,-0.03359082017267827
31.9094184251158,31.76931434780122,31.958025962143303,31.38617258534911,0.0,0.0,0.0,0.0,219,-0.03346640972759428
31.98375936409904,31.820781151712698,31.846514553668435,31.449076456796476,0.0,0.0,0.0,0.0,221,-0.0330931783923423
32.09813003945788,31.783610682221074,31.85795162120432,31.43478012237662,0.0,0.0,0.0,0.0,225,-0.03247112616692233
32.03522616801052,31.76931434780122,31.9094184251158,31.55772859838737,0.0,0.0,0.0,0.0,225,-0.031724663496418365
31.98375936409904,31.757877280265337,31.998055698518897,31.534854463315604,0.0,0.0,0.0,0.0,228,-0.03072937993574642
31.958025962143303,31.806484817292844,32.02378910047464,31.486246926288096,0.0,0.0,0.0,0.0,229,-0.029609685929990474
31.998055698518897,31.79504774975696,32.009492766054784,31.523417395779717,0.0,0.0,0.0,0.0,235,-0.028489991924234535
32.086692971922,31.9094184251158,31.932292560187566,31.523417395779717,0.0,0.0,0.0,0.0,239,-0.027494708363562586
32.16389317778921,31.92085549265168,31.958025962143303,31.509121061359863,0.0,0.0,0.0,0.0,237,-0.02699706658322661
32.12386344141362,31.85795162120432,31.98375936409904,31.59489906787899,0.0,0.0,0.0,0.0,241,-0.026872656138142617
32.072396637502145,31.806484817292844,32.06095956996626,31.657802939326352,0.2,0.2,0.0,0.0,243,-0.02674824569305862
32.046663235546404,31.83221821924858,32.12386344141362,31.572024932807224,0.4,0.4,0.0,0.0,243,-0.02662383524797463
32.11242637387773,31.88368502316006,32.16389317778921,31.58346200034311,0.9,0.9,0.0,0.0,245,-0.026126193467638656
32.13815977583347,31.932292560187566,32.03522616801052,31.59489906787899,1.8,1.8,0.0,0.0,239,-0.025130909906966706
32.25253045119231,31.998055698518897,32.03522616801052,31.572024932807224,3.1,3.1,0.0,0.0,230,-0.02388680545612677
32.20106364728083,31.932292560187566,32.046663235546404,31.63206953737061,4.3,4.3,0.0,0.0,210,-0.022518290560202842
32.14959684336936,31.9094184251158,32.03522616801052,31.757877280265337,5.6000000000000005,5.6000000000000005,0.0,0.0,142,-0.021398596554446897
32.06095956996626,31.932292560187566,32.009492766054784,31.66924000686224,7.0,7.0,0.0,0.0,137,-0.020403312993774948
32.009492766054784,31.9094184251158,31.94658889460742,31.657802939326352,8.200000000000001,8.200000000000001,0.0,0.0,125,-0.019408029433103
32.02378910047464,31.958025962143303,31.70641047635386,31.609195402298845,9.4,9.4,0.5,0.5,112,-0.018412745872431052
32.06095956996626,32.03522616801052,31.534854463315604,31.58346200034311,10.200000000000001,10.200000000000001,1.4000000000000001,1.4000000000000001,90,-0.017417462311759103
32.046663235546404,31.97232229656316,31.38617258534911,31.572024932807224,11.0,11.0,3.0,3.0,75,-0.016422178751087157
31.88368502316006,31.9094184251158,31.363298450277345,31.69497340881798,11.8,11.8,4.800000000000001,4.800000000000001,75,-0.015551305635499202
31.806484817292844,31.85795162120432,31.509121061359863,31.63206953737061,12.8,12.8,7.300000000000001,7.300000000000001,48,-0.014804842964995237
31.63206953737061,31.820781151712698,31.69497340881798,31.534854463315604,13.8,13.8,9.4,9.4,29,-0.014058380294491276
31.572024932807224,31.806484817292844,31.720706810773713,31.46051352433236,16.1,16.1,9.4,9.4,30,-0.012689865398567347
31.683536341282093,31.88368502316006,31.509121061359863,31.423343054840736,18.6,18.6,9.4,9.4,24,-0.010699298277223449
31.92085549265168,31.83221821924858,31.37473551781323,31.423343054840736,19.900000000000002,19.8,11.4,11.4,18,-0.00895755204604754
31.92085549265168,31.66924000686224,31.303253845713957,31.486246926288096,22.3,22.3,11.4,11.4,13,-0.008459910265711565
31.76931434780122,31.59489906787899,31.37473551781323,31.509121061359863,24.8,24.8,11.4,11.4,8,-0.00895755204604754
31.523417395779717,31.534854463315604,31.43478012237662,31.351861382741465,27.0,27.0,11.4,11.4,6,-0.00933078338129952
31.423343054840736,31.572024932807224,31.423343054840736,31.303253845713957,28.6,28.6,11.4,11.4,2,-0.009081962491131534
31.46051352433236,31.63206953737061,31.266083376222337,31.240349974266596,30.1,30.1,11.4,11.4,-2,-0.008584320710795559
31.70641047635386,31.58346200034311,31.168868302167322,31.19174243723909,31.8,31.8,13.0,13.0,-1,-0.008211089375543578
31.572024932807224,31.37473551781323,31.180305369703202,31.180305369703202,33.300000000000004,33.300000000000004,13.0,13.0,-1,-0.008211089375543578
31.351861382741465,31.22891290673071,31.168868302167322,31.277520443758217,34.9,34.9,13.0,13.0,-2,-0.00833549982062757
31.145994167095555,31.22891290673071,31.157431234631435,31.168868302167322,36.4,36.4,13.0,13.0,-2,-0.008086678930459584
31.168868302167322,31.240349974266596,31.071653228112307,31.10882369760393,38.2,38.2,14.200000000000001,14.200000000000001,-2,-0.007713447595207603
31.240349974266596,31.25464630868645,30.97729742094127,30.98873448847715,39.800000000000004,39.800000000000004,14.200000000000001,14.200000000000001,-3,-0.00758903715012361
31.314690913249837,31.21747583919483,30.8457711442786,30.928689883913762,41.2,41.2,14.200000000000001,14.200000000000001,-3,-0.00796226848537559
31.10882369760393,31.04877909304054,30.83433407674272,30.882941613770228,42.800000000000004,42.800000000000004,14.200000000000001,14.200000000000001,-4,-0.008211089375543578
30.917252816377875,30.917252816377875,30.8457711442786,30.954423285869503,44.400000000000006,44.400000000000006,15.8,15.8,-4,-0.00833549982062757
30.905815748841995,30.822897009206834,30.894378681306108,30.83433407674272,44.6,44.6,15.8,15.8,-4,-0.008086678930459584
30.87150454623434,30.83433407674272,30.7771487390633,30.705667066964025,44.6,44.6,15.8,15.8,-5,-0.008086678930459584
30.83433407674272,30.811459941670954,30.705667066964025,30.56556298964945,43.300000000000004,43.300000000000004,17.900000000000002,17.900000000000002,-5,-0.008459910265711565
30.86006747869846,30.728541202035796,30.56556298964945,30.439755246754732,43.800000000000004,43.800000000000004,19.5,19.5,-6,-0.00895755204604754
30.811459941670954,30.614170526676958,30.5312517870418,30.336821638931777,43.800000000000004,43.800000000000004,19.5,19.5,-6,-0.009081962491131534
30.62560759421284,30.47406644936238,30.4626293818265,30.313947503860007,43.7,43.7,19.5,19.5,-7,-0.009081962491131534
30.5312517870418,30.371132841539424,30.519814719505916,30.268199233716473,42.5,42.5,21.8,21.8,-7,-0.009206372936215526
30.4626293818265,30.313947503860007,30.4626293818265,30.122376622633954,42.800000000000004,42.800000000000004,23.5,23.5,-7,-0.009206372936215526
30.428318179218845,30.22245096357294,30.38256990907531,29.999428146623202,42.800000000000004,42.800000000000004,23.5,23.5,-8,-0.00933078338129952
30.336821638931777,30.19957682850117,30.19957682850117,29.919368673872015,42.7,42.7,23.5,23.5,-8,-0.010077246051803481
30.38256990907531,30.076628352490417,30.16812489277749,29.89935380568422,42.5,41.7,25.700000000000003,23.5,-9,-0.010948119167391438
30.245325098644706,29.95367987647967,30.099502487562184,29.8421684680048,42.2,41.6,25.700000000000003,23.5,-9,-0.011570171392811406
30.11093955509807,29.865042603076567,30.088065420026304,29.876479670612454,42.0,41.5,25.700000000000003,23.5,-10,-0.012067813173147379
30.088065420026304,29.699205123806255,30.065191284954537,29.787842397209353,41.6,41.2,25.700000000000003,23.5,-10,-0.012067813173147379
30.076628352490417,29.60199004975124,29.95367987647967,29.636301252358894,41.300000000000004,41.0,25.700000000000003,23.5,-10,-0.011943402728063384
30.02230228169497,29.656316120546688,29.822153599817003,29.581975181563447,41.0,40.900000000000006,25.700000000000003,23.5,-10,-0.012316634063315367
29.96511694401555,29.667753188082575,29.710642191342135,29.47046377308858,40.900000000000006,40.800000000000004,25.700000000000003,23.5,-10,-0.012938686288735336
29.96511694401555,29.62200491793904,29.656316120546688,29.430434036712985,40.900000000000006,40.800000000000004,25.700000000000003,23.5,-11,-0.013436328069071309
29.81071653228112,29.50477497569623,29.59055298221536,29.364670898381654,40.900000000000006,40.800000000000004,25.700000000000003,23.5,-11,-0.013685148959239297
29.69062732315434,29.4189969691771,29.53622691141991,29.321781895122086,40.900000000000006,40.800000000000004,25.700000000000003,23.5,-11,-0.013685148959239297
29.656316120546688,29.313204094470173,29.484760107508432,29.221707554183105,40.900000000000006,40.800000000000004,25.700000000000003,23.5,-11,-0.013685148959239297
29.624864184823007,29.233144621718992,29.45044890490078,29.110196145708237,40.900000000000006,40.800000000000004,25.700000000000003,23.5,-11,-0.013685148959239297
29.547663978955793,29.247440956138846,29.376107965917537,29.038714473608962,40.900000000000006,40.800000000000004,25.700000000000003,23.5,-11,-0.01380955940432329
29.624864184823007,29.247440956138846,29.35609309772974,28.952936467089835,40.900000000000006,40.800000000000004,25.700000000000003,23.5,-11,-0.01380955940432329
29.613427117287127,29.184537084691485,29.29604849316635,28.84142505861497,40.900000000000006,40.800000000000004,25.700000000000003,23.5,-11,-0.01380955940432329
29.461885972436665,29.090181277520443,29.247440956138846,28.78423972093555,40.900000000000006,40.800000000000004,25.700000000000003,23.5,-11,-0.01380955940432329
29.35609309772974,28.964373534625718,29.227426087951045,28.80997312289129,40.900000000000006,40.800000000000004,25.700000000000003,23.5,-12,-0.01380955940432329
29.344656030193853,28.927203065134098,29.173100017155598,28.689883913764508,40.900000000000006,40.800000000000004,25.700000000000003,23.5,-12,-0.013685148959239297
29.333218962657973,28.87287699433865,29.141648081431917,28.629839309201117,40.900000000000006,40.800000000000004,25.700000000000003,23.5,-12,-0.013560738514155303
29.290329959398406,28.892891862526444,29.007262537885282,28.584091039057583,41.7,41.6,25.700000000000003,23.5,-12,-0.013685148959239297
29.313204094470173,28.901469663178357,28.94149939955395,28.56979470463773,42.5,42.400000000000006,25.700000000000003,23.5,-12,-0.013685148959239297
29.184537084691485,28.78423972093555,28.82141019042717,28.4640018299308,43.300000000000004,43.2,25.700000000000003,23.5,-12,-0.013560738514155303
29.070166409332643,28.675587579344654,28.807113856007316,28.498313032538455,43.7,43.6,25.700000000000003,23.5,-12,-0.013560738514155303
29.012981071653225,28.60410590724538,28.77852118716761,28.524046434494196,44.1,43.900000000000006,25.700000000000003,23.5,-11,-0.013560738514155303
28.924343798250124,28.592668839709496,28.712758048836275,28.435409161091094,44.400000000000006,44.300000000000004,25.700000000000003,23.5,-12,-0.013560738514155303
28.807113856007316,28.524046434494196,28.629839309201117,28.346771887687993,45.800000000000004,45.6,25.700000000000003,23.5,-12,-0.013436328069071309
28.78995825470349,28.546920569565962,28.423972093555207,28.289586550008575,47.1,47.0,25.700000000000003,23.5,-17,-0.013436328069071309
28.78423972093555,28.486875965002568,28.323897752616226,28.243838279865038,48.400000000000006,48.300000000000004,25.700000000000003,23.5,-17,-0.013436328069071309
28.60410590724538,28.36392748899182,28.22096414479327,28.138045405158113,49.800000000000004,49.6,25.700000000000003,23.5,-18,-0.013436328069071309
28.418253559787267,28.255275347400925,28.140904672042087,28.15234173957797,49.800000000000004,51.0,25.700000000000003,23.5,-18,-0.013436328069071309
28.3953794247155,28.175215874649737,28.02939326356722,28.140904672042087,49.800000000000004,51.0,25.700000000000003,23.5,-23,-0.013187507178903322
28.335334820152113,28.140904672042087,27.98078572653971,27.98078572653971,49.800000000000004,51.0,25.700000000000003,23.5,-23,-0.013063096733819328
28.323897752616226,28.02939326356722,27.889289186252643,27.857837250528963,49.800000000000004,51.0,25.700000000000003,23.5,-27,-0.013063096733819328
28.243838279865038,28.0608451992909,27.76634071024189,27.777777777777775,49.800000000000004,51.0,25.700000000000003,23.5,-27,-0.013063096733819328
28.175215874649737,28.026533996683245,27.66626636930291,27.723451706982328,49.800000000000004,51.0,25.700000000000003,23.5,-27,-0.013063096733819328
28.003659861611478,27.889289186252643,27.54617716017613,27.623377366043343,49.800000000000004,51.0,25.700000000000003,23.5,-32,-0.013063096733819328
27.91216332132441,27.723451706982328,27.49185108938068,27.589066163435696,49.800000000000004,51.0,25.700000000000003,23.5,-32,-0.013063096733819328
27.834963115457196,27.57762909589981,27.49185108938068,27.511865957568475,49.800000000000004,51.0,25.700000000000003,23.5,-32,-0.013063096733819328
27.73488877451821,27.52330302510436,27.391776748441696,27.34030994453022,49.800000000000004,51.0,25.700000000000003,23.5,-31,-0.013063096733819328
27.689140504374677,27.437525018585234,27.28598387373477,27.23165780293932,49.800000000000004,51.0,25.700000000000003,23.5,-31,-0.013063096733819328
27.712014639446444,27.3717618802539,27.208783667867554,27.177331732143873,49.800000000000004,51.0,25.700000000000003,23.5,-31,-0.013187507178903322
27.66626636930291,27.3717618802539,27.15731686395608,27.060101789901065,49.800000000000004,51.0,25.700000000000003,23.5,-31,-0.013436328069071309
27.480414021844794,27.243094870475208,27.060101789901065,26.965745982730027,49.800000000000004,51.0,25.700000000000003,23.5,-31,-0.013560738514155303
27.3717618802539,27.114427860696512,26.97718305026591,26.89140504374678,49.800000000000004,51.0,25.700000000000003,23.5,-31,-0.013560738514155303
27.274546806198888,26.97718305026591,26.95430891519414,26.882827243094866,49.800000000000004,51.0,25.700000000000003,23.5,-31,-0.013560738514155303
27.25167267112712,26.914279178818546,26.882827243094866,26.808486304111625,49.800000000000004,51.0,25.700000000000003,23.5,-31,-0.013560738514155303
27.1258649282324,26.819923371647505,26.839938239835305,26.67410076056499,49.800000000000004,51.0,25.700000000000003,23.5,-31,-0.013685148959239297
27.091553725624745,26.73700463201235,26.67410076056499,26.58260422027792,49.800000000000004,51.0,25.700000000000003,23.5,-31,-0.014182790739575271
26.97718305026591,26.76845656773603,26.594041287813802,26.45965574426717,49.800000000000004,51.0,25.700000000000003,23.5,-31,-0.01517807430024722
26.902842111282666,26.73700463201235,26.419626007891576,26.43964087607937,49.800000000000004,51.0,25.700000000000003,23.5,-31,-0.016048947415835173
26.757019500200144,26.542574483902325,26.2595070623892,26.37101847086407,49.800000000000004,51.0,25.700000000000003,23.5,-31,-0.016795410086339134
26.665522959913076,26.451077943615257,26.1022473837708,26.308114599416708,49.800000000000004,51.0,25.700000000000003,23.5,-31,-0.01766628320192709
26.53113741636644,26.35100360267627,25.896380168124892,26.268084863041114,49.800000000000004,48.6,30.400000000000002,23.5,-23,-0.01866156676259904
26.45965574426717,26.210899525361693,25.607594212843825,26.13084005261051,49.800000000000004,48.6,30.400000000000002,23.5,-19,-0.01965685032327099
26.391033339051862,26.082232515583,25.107222508148908,26.022187911019614,49.800000000000004,48.6,30.400000000000002,23.5,-14,-0.020527723438858947
26.359581403328182,26.042202779207408,24.463887459255446,25.953565505804306,50.300000000000004,49.1,30.400000000000002,23.5,-14,-0.02177182788969888
26.411048207239663,26.1022473837708,23.81769314347801,25.827757762909588,50.2,49.800000000000004,30.400000000000002,23.5,-14,-0.023015932340538815
26.3281294676045,25.965002573340193,23.18579516212043,25.770572425230167,50.1,50.0,30.400000000000002,23.5,-14,-0.024135626346294757
26.110825184422712,25.819179962257675,22.665408589237718,25.68479441871104,50.1,50.0,30.400000000000002,23.5,-13,-0.025379730797134695
26.002173042831814,25.701950020014866,22.03351060788014,25.636186881683532,50.1,50.0,30.400000000000002,23.5,-13,-0.02625060391272265
26.022187911019614,25.59901641219191,21.275804883627835,25.533253273860577,50.6,50.5,30.400000000000002,23.5,-13,-0.026375014357806644
26.042202779207408,25.513238405672784,20.57814376393892,25.373134328358205,48.1,42.2,35.7,28.1,-13,-0.02662383524797463
26.042202779207408,25.476067936181163,20.20357980213873,25.13295591010465,46.300000000000004,35.9,39.1,33.2,-13,-0.027494708363562586
26.090810316234915,25.44747526734145,20.23789100474638,24.861325556127408,44.6,30.8,39.1,37.6,-13,-0.029236454594738497
25.933550637616513,25.35597872705438,20.824040715960425,24.47532452679133,43.5,29.5,39.1,40.300000000000004,-13,-0.03147584260625038
25.74197975639046,25.26162291988334,21.881969463029677,24.049293761079657,43.5,29.5,39.1,40.300000000000004,-13,-0.033964051507930255
25.61903128037971,25.124378109452735,23.222965631612052,23.51747012066106,43.5,29.5,39.1,40.300000000000004,-13,-0.03607902907435814
25.46749013552925,24.952822096414476,24.615428604105904,22.91702407502716,47.6,36.1,23.6,29.8,-13,-0.03657667085469412
25.26162291988334,24.944244295762562,25.476067936181163,22.533882312575052,51.400000000000006,39.900000000000006,17.6,22.400000000000002,-14,-0.03570579773910616
25.05289643735346,25.224452450391716,25.187281980900096,22.542460113226966,55.300000000000004,39.900000000000006,13.4,16.7,-14,-0.033964051507930255
24.75553268142048,25.401726997197915,24.81843655286784,22.95419454451878,59.300000000000004,39.900000000000006,10.100000000000001,12.700000000000001,-14,-0.03321758883742629
24.320924115056897,25.54183107451249,24.71264367816092,23.720478069423,59.300000000000004,39.900000000000006,10.100000000000001,12.700000000000001,-15,-0.03570579773910616
23.917767484416995,25.393149196546002,24.84416995482358,24.801280951564014,57.6,39.900000000000006,10.100000000000001,12.700000000000001,-15,-0.040308984207213926
23.84628581231772,25.107222508148908,24.852747755475495,25.015725967861837,55.0,37.6,13.200000000000001,16.8,-15,-0.04254837221872581
23.940641619488762,24.772688282724307,24.704065877509006,24.835592154171668,48.1,38.5,16.6,16.8,-15,-0.04130426776788588
24.558243266426487,24.715502945044886,24.320924115056897,24.666895408017382,45.2,42.800000000000004,16.6,16.8,-14,-0.038816058866206
25.32738605821467,24.72979927946474,23.949219420140675,24.423857722879852,49.6,47.2,16.6,16.8,-12,-0.03558138729402217
24.932807228226682,24.772688282724307,23.30874363813118,24.252301709841596,54.1,46.400000000000006,20.3,16.8,-11,-0.03371523061776227
24.432435523531765,24.772688282724307,22.4109338365643,24.186538571510262,54.1,46.400000000000006,20.3,16.8,-9,-0.034088461953014244
24.612569337221935,24.801280951564014,21.538857436953162,24.14936810201864,54.1,46.400000000000006,20.3,16.8,-10,-0.034088461953014244
25.041459369817577,24.63258420540973,20.906959455595583,24.15794590267055,54.0,46.400000000000006,20.3,16.8,-11,-0.034088461953014244
24.889918224967115,24.458168925487502,20.703951506833643,24.11791616629496,54.0,40.6,20.3,16.8,-11,-0.03583020818419016
24.32950191570881,24.289472179333217,20.432321152856407,23.977812088980382,54.0,35.300000000000004,20.3,16.8,-12,-0.03819400664078604
24.11791616629496,24.26945731114542,20.23217247097844,23.837708011665807,51.300000000000004,29.8,24.200000000000003,20.6,-12,-0.039064879756373995
24.186538571510262,24.229427574769826,20.5409732944473,23.597529593412247,51.300000000000004,25.900000000000002,24.200000000000003,20.6,-12,-0.03819400664078604
24.458168925487502,24.192257105278205,21.515983301881395,23.33447704008692,51.300000000000004,25.900000000000002,24.200000000000003,20.6,-12,-0.037945185750618046
24.346657517012638,24.05787156173157,22.899868473723334,23.082861554297477,51.300000000000004,25.900000000000002,24.200000000000003,20.6,-12,-0.039562521536709964
23.7891004746383,24.017841825355976,23.946360153256702,23.037113284153943,51.300000000000004,29.6,24.200000000000003,20.6,-13,-0.04180190954822185
23.391662377766337,23.949219420140675,24.08360496368731,22.91702407502716,51.300000000000004,33.800000000000004,24.200000000000003,20.6,-13,-0.04242396177364182
23.288728769943386,24.006404757820093,23.81769314347801,22.874135071767597,51.300000000000004,38.0,24.200000000000003,20.6,-14,-0.04180190954822185
23.157202493280717,23.93206381883685,23.403099445302225,22.836964602275977,51.300000000000004,38.0,24.200000000000003,20.6,-14,-0.04217514088347383
23.037113284153943,23.837708011665807,23.20295076342426,22.88271287241951,51.300000000000004,38.0,24.200000000000003,20.6,-14,-0.04354365577939776
22.937038943214958,23.75764853891462,23.280150969291473,22.91702407502716,51.300000000000004,38.0,24.200000000000003,20.6,-15,-0.04441452889498571
23.280150969291473,23.63755932978784,23.48601818493738,22.808371933436263,49.7,42.5,24.200000000000003,25.200000000000003,-15,-0.043419245334313766
23.800537542174183,23.651855664207694,23.33447704008692,22.36804483330474,49.7,42.5,24.200000000000003,25.200000000000003,-15,-0.04117985732280188
23.809115342826097,23.57465545834048,23.120032023789097,21.873391662377763,52.800000000000004,42.5,24.200000000000003,25.200000000000003,-15,-0.039562521536709964
23.420255046606048,23.603248127180187,22.845542402927887,21.121404471893406,55.6,45.400000000000006,18.0,18.6,-16,-0.03968693198179396
23.00852061531423,23.63755932978784,22.754045862640815,20.3837136158289,55.6,48.5,13.600000000000001,14.100000000000001,-19,-0.040060163317045934
22.8541202035798,23.651855664207694,22.602504717790357,19.92337164750958,54.400000000000006,48.5,10.200000000000001,10.8,-19,-0.04018457376212993
22.891290673071424,23.526047921312973,22.57677131583462,19.78612683707897,53.5,51.1,7.800000000000001,8.200000000000001,-20,-0.040682215542465906
23.00852061531423,23.411677245954134,22.43666723852004,20.032023789100474,52.800000000000004,51.1,6.0,6.5,-20,-0.041055446877717894
23.140046891976898,23.354491908274717,22.385200434608567,20.346543146337275,52.2,51.1,6.0,6.5,-20,-0.04093103643263389
23.260136101103676,23.260136101103676,22.445245039171954,20.889803854291756,51.800000000000004,50.900000000000006,6.0,6.5,-24,-0.040682215542465906
23.268713901755586,23.280150969291473,22.46240064047578,21.784754388974665,51.300000000000004,50.7,6.0,6.5,-24,-0.04055780509738191
23.260136101103676,23.23440269914794,22.36804483330474,22.428089437868127,48.800000000000004,48.1,9.3,9.8,-27,-0.04055780509738191
23.251558300451762,23.09143935494939,22.296563161205466,22.559615714530793,47.300000000000004,46.6,12.4,12.9,-27,-0.04055780509738191
23.21438783096014,22.928461142563044,22.2536741579459,22.445245039171954,47.6,46.6,15.5,15.5,-27,-0.04055780509738191
23.02853548350203,22.79979413278435,22.15931835077486,22.116429347515297,49.6,48.7,15.5,15.5,-27,-0.04055780509738191
22.88271287241951,22.79121633213244,21.924858466289244,21.95916966889689,51.6,50.7,15.5,15.5,-27,-0.04055780509738191
22.79121633213244,22.711156859381255,21.395894092754613,21.79905072339452,53.6,52.6,15.5,15.5,-31,-0.04055780509738191
22.765482930176702,22.728312460685075,20.498084291187737,21.570309372676842,52.5,50.300000000000004,19.5,11.700000000000001,-31,-0.04043339465229792
22.845542402927887,22.58534911648653,19.400125807742892,21.458797964201974,51.7,48.1,24.0,11.700000000000001,-31,-0.04043339465229792
22.88271287241951,22.470978441127695,18.45084920226454,21.667524446731857,51.0,47.0,28.6,11.700000000000001,-31,-0.04043339465229792
22.754045862640815,22.296563161205466,17.43866872533882,21.79047292274261,50.5,41.1,28.6,11.700000000000001,-31,-0.04043339465229792
22.58534911648653,22.270829759249725,16.52656258935209,21.776176588322752,50.1,35.7,28.6,11.700000000000001,-31,-0.040308984207213926
22.55103791387888,22.21936295533825,15.846057070967003,21.701835649339507,49.800000000000004,30.6,28.6,11.700000000000001,-31,-0.04018457376212993
22.505289643735345,22.245096357293985,15.608737919597415,21.61891690970435,49.800000000000004,26.5,28.6,11.700000000000001,-32,-0.040308984207213926
22.376622633956654,22.236518556642075,15.71453079430434,21.61891690970435,49.800000000000004,22.900000000000002,28.6,11.700000000000001,-31,-0.040806625987549895
22.2536741579459,22.06782181048779,16.17773202950763,21.61319837593641,49.800000000000004,19.6,28.6,11.700000000000001,-31,-0.04155308865805386
22.236518556642075,21.942014067593064,16.941156287527875,21.50740550122948,49.800000000000004,19.6,28.6,11.700000000000001,-31,-0.04217514088347383
22.19362955338251,21.91628066563733,17.990507233945216,21.547435237605075,47.1,19.6,28.6,14.9,-31,-0.042672782663809805
22.142162749471034,21.907702864985417,19.108480585577855,21.490249899925654,50.1,19.6,28.6,16.900000000000002,-31,-0.0429216035539778
21.973466003316748,21.85909532795791,20.260765139818147,21.307256819351515,49.800000000000004,24.6,22.1,16.900000000000002,-31,-0.0429216035539778
21.75902098701893,21.982043803968658,21.31583462000343,21.16715274203694,49.7,27.1,22.1,16.900000000000002,-28,-0.04242396177364182
21.71041344999142,21.999199405272485,21.661805912963914,20.99845599588265,49.5,29.5,22.1,16.900000000000002,-25,-0.041055446877717894
22.0077772059244,21.899125064333504,21.75902098701893,20.86978898610396,49.300000000000004,33.800000000000004,22.1,16.900000000000002,-21,-0.039562521536709964
21.950591868244977,21.83336192600217,21.55601303825699,20.82975924972837,49.0,38.1,22.1,16.900000000000002,-18,-0.03894046931129
21.61319837593641,21.67610224738377,21.212901012180474,20.72682564190541,48.800000000000004,38.1,22.1,16.900000000000002,-18,-0.039189290201457984
21.418768227826384,21.564590838908902,21.081374735517812,20.67821810487791,46.6,36.7,26.700000000000003,20.8,-17,-0.03931370064654198
21.538857436953162,21.53027963630125,21.052782066678102,20.518099159375534,46.2,36.7,26.700000000000003,25.3,-17,-0.039189290201457984
21.547435237605075,21.498827700577568,20.935552124435294,20.089209126779892,48.300000000000004,39.300000000000004,26.700000000000003,26.6,-16,-0.039189290201457984
21.458797964201974,21.44450162978212,20.718247841253504,19.57168182078115,51.300000000000004,42.400000000000006,26.700000000000003,26.6,-16,-0.039189290201457984
21.364442157030936,21.395894092754613,20.638188368502316,18.93406530565563,54.400000000000006,45.5,26.700000000000003,26.6,-15,-0.03931370064654198
21.221478812832387,21.301538285583575,20.569565963287012,18.176359581403325,52.7,48.0,19.700000000000003,19.400000000000002,-15,-0.039562521536709964
21.13570080631326,21.307256819351515,20.483787956767884,17.70743981243209,51.300000000000004,50.5,14.9,14.600000000000001,-15,-0.03981134242687795
21.244352947904154,21.2300566134843,20.360839480757132,17.42723165780294,50.1,53.0,11.3,11.100000000000001,-15,-0.03981134242687795
21.184308343340767,21.175730542688854,20.08349059301195,17.627380339680904,49.1,51.300000000000004,8.5,8.3,-15,-0.040060163317045934
20.967004060158974,21.16715274203694,19.75181563447132,18.18207811517127,48.2,49.800000000000004,6.6000000000000005,6.5,-15,-0.041055446877717894
20.935552124435294,21.081374735517812,19.26859953108023,19.022702579058727,47.300000000000004,48.6,6.6000000000000005,6.5,-15,-0.04217514088347383
21.044204266026192,21.044204266026192,19.094184251158,20.049179390404298,46.6,41.5,6.6000000000000005,6.5,-15,-0.043419245334313766
21.089952536169726,20.98987819523074,19.617430090924685,20.65820323669011,44.1,33.300000000000004,9.3,9.600000000000001,-15,-0.045409812455657665
20.98987819523074,20.749699776977184,20.586721564590835,20.62103276719849,44.1,32.9,10.8,9.600000000000001,-15,-0.047649200467169556
20.672499571109963,20.638188368502316,20.569565963287012,20.43803968662435,43.300000000000004,35.7,10.8,10.8,-16,-0.047649200467169556
20.489506490535824,20.638188368502316,20.17498713329902,20.18070566706696,43.300000000000004,38.400000000000006,10.8,10.8,-16,-0.046156275126161626
20.586721564590835,20.606736432778636,19.74895636758735,20.014868187796647,43.300000000000004,41.2,10.8,10.8,-16,-0.04565863334582565
20.643906902270256,20.603877165894662,19.517355749985704,19.943386515697373,43.400000000000006,41.2,10.8,10.8,-17,-0.04727596913191757
20.586721564590835,20.50380282495568,19.094184251158,19.98627551895694,45.800000000000004,41.2,10.8,10.8,-17,-0.049390946698345456
20.366558014525076,20.352261680105222,18.713901755589866,19.93480871504546,43.5,40.300000000000004,13.9,14.200000000000001,-17,-0.05026181981393341
20.37513581517699,20.223594670326527,18.42225653342483,19.820438039686625,43.2,42.400000000000006,13.9,14.200000000000001,-17,-0.05026181981393341
20.43803968662435,20.217876136558587,17.76176588322754,19.585978155201005,42.900000000000006,42.400000000000006,13.9,14.200000000000001,-17,-0.0505106407041014
20.38085434894493,20.266483673586087,16.815348544633157,19.422999942814663,40.800000000000004,40.300000000000004,17.3,17.6,-17,-0.0506350511491854
20.432321152856407,20.2064390690227,16.08337622233659,19.27717733173214,39.800000000000004,39.2,21.200000000000003,21.6,-17,-0.05038623025901741
20.395150683364783,20.049179390404298,15.640189855321095,19.042717447246524,37.9,32.0,25.8,26.200000000000003,-18,-0.0505106407041014
20.08349059301195,19.874764110482072,15.248470292217073,18.61668668153485,39.6,27.700000000000003,25.8,26.200000000000003,-18,-0.052127976490193316
19.894778978669866,19.731800766283524,15.162692285697945,18.09630010865214,39.6,24.0,28.700000000000003,26.200000000000003,-19,-0.0543673645017052
19.874764110482072,19.605993023388802,15.763138331331845,17.513009664322066,39.6,20.5,28.700000000000003,26.200000000000003,-20,-0.05586028984271313
19.78040830331103,19.58883742208498,16.989763824555382,16.883970949848457,41.900000000000006,20.5,21.400000000000002,19.200000000000003,-20,-0.05747762562880505
19.511637216217757,19.6260078915766,18.54806427631955,16.50368845428032,42.900000000000006,20.5,16.1,14.600000000000001,-21,-0.05984142408540092
19.03128037971064,19.740378566935437,19.57740035454909,16.420769714645164,45.5,23.200000000000003,12.3,11.100000000000001,-23,-0.06170758076166082
18.09630010865214,19.83473437410648,19.365814605135242,16.80391147709727,44.0,26.1,9.3,8.4,-23,-0.06195640165182881
17.18705323954938,19.900497512437813,18.976954308915193,17.341453651283807,42.800000000000004,29.200000000000003,9.3,8.4,-23,-0.06195640165182881
16.772459541373593,19.766111968891174,18.782524160805167,18.290730256762163,36.2,29.200000000000003,9.3,8.4,-23,-0.06282727476741677
17.001200892091266,19.54594841882541,18.82255389718076,19.048435981014467,31.1,29.200000000000003,9.3,8.4,-23,-0.06357373743792073
18.204952250243036,19.42585920969863,18.991250643335047,19.254303196660373,25.200000000000003,30.1,12.4,11.3,-23,-0.062205222541996806
19.771830502659117,19.27717733173214,18.72819809000972,19.03699891347858,24.3,31.3,15.600000000000001,14.4,-26,-0.05872173007964498
19.771830502659117,19.214273460284783,18.239263452850686,18.682449819866186,26.6,31.3,15.600000000000001,14.4,-26,-0.05598470028779712
19.400125807742892,19.20569565963287,17.97049236575742,18.37078972951335,28.900000000000002,31.3,15.600000000000001,14.4,-25,-0.0562335211779651
19.03128037971064,19.165665923257276,18.124892777491848,18.03911477097272,27.6,30.6,18.8,18.0,-28,-0.0562335211779651
19.002687710870934,19.188540058329043,18.430834334076742,17.8246697546749,27.6,30.6,18.8,18.0,-28,-0.05474059583695719
19.06273231543432,19.139932521301535,18.413678732772915,17.392920455195284,29.8,33.2,18.8,18.0,-28,-0.05324767049594926
19.139932521301535,19.094184251158,18.139189111911705,16.858237547892717,30.0,33.800000000000004,22.900000000000002,22.1,-27,-0.052625618270529285
19.13707325441757,18.896894836164005,18.053411105392577,16.217761765883225,32.6,36.300000000000004,22.900000000000002,22.1,-27,-0.0525012078254453
18.8282724309487,18.836850231600614,18.00480356836507,15.411448504603417,34.7,38.400000000000006,17.0,16.5,-27,-0.0525012078254453
18.630983015954705,18.879739234860182,17.6473952078687,14.679476182306855,36.800000000000004,40.5,12.9,12.5,-32,-0.05275002871561329
18.533767941899697,18.914050437467832,17.10413449991422,14.196260078915763,38.800000000000004,39.0,9.700000000000001,9.3,-32,-0.053745312276285234
18.562360610739404,18.9369245725396,16.40933264710928,14.013266998341622,40.6,37.7,7.4,7.2,-32,-0.055611468952545144
18.676731286098246,18.7596500257334,15.911820209298334,14.24772688282724,38.800000000000004,31.400000000000002,5.800000000000001,5.6000000000000005,-32,-0.057353215183721044
18.65385715102647,18.65385715102647,16.240635900954995,14.736661519986274,37.2,27.200000000000003,5.2,5.0,-32,-0.05921937185998095
18.436552867844682,18.556642076971464,17.387201921427344,15.548693315034024,36.0,23.5,5.2,5.0,-32,-0.06183199120674482
18.15348544633156,18.54806427631955,18.27643392234231,16.269228569794702,35.0,23.5,5.2,5.0,-32,-0.06369814788300472
18.047692571624633,18.556642076971464,18.253559787270543,17.361468519471604,34.300000000000004,24.700000000000003,5.2,5.0,-32,-0.06320050610266875
18.090581574884197,18.510893806827927,17.97049236575742,18.019099902784927,32.2,23.8,7.9,7.7,-32,-0.061583170316576834
18.45942700291645,18.40796019900497,17.61880253902899,17.947618230685652,30.3,23.0,10.700000000000001,10.200000000000001,-25,-0.059965834530484916
18.61668668153485,18.21924858466289,17.48727626236633,17.810373420255043,28.8,22.0,13.5,13.3,-22,-0.059468192750148946
18.327900726253784,18.16206324698347,17.538743066277807,17.5787728026534,29.400000000000002,21.3,15.9,13.3,-22,-0.05984142408540092
17.90758849431006,18.053411105392577,17.387201921427344,17.28140904672042,30.0,21.900000000000002,15.9,13.3,-19,-0.06033906586573689
17.70743981243209,18.082003774232284,17.064104763538626,17.089838165494367,31.3,23.0,15.9,13.3,-19,-0.0602146554206529
17.899010693658145,18.082003774232284,16.62091839652313,16.858237547892717,29.400000000000002,22.900000000000002,18.400000000000002,16.7,-18,-0.060090244975568904
18.16206324698347,17.947618230685652,16.117687424944243,16.635214730942984,30.6,23.1,20.200000000000003,12.700000000000001,-18,-0.060090244975568904
18.110596443071994,17.816091954022987,15.705952993652426,16.280665637330586,30.400000000000002,23.5,21.900000000000002,9.5,-18,-0.0602146554206529
17.93618116314977,17.70172127866415,15.468633842282838,16.14628009378395,30.1,24.1,23.1,8.9,-18,-0.0602146554206529
17.844684622862697,17.727454680619886,15.431463372791214,16.212043232115285,30.0,24.700000000000003,24.1,8.9,-20,-0.0602146554206529
17.990507233945216,17.741751015039743,15.442900440327097,16.586607193915476,29.8,25.1,24.700000000000003,8.9,-20,-0.0602146554206529
18.09630010865214,17.756047349459596,15.894664607994509,16.821067078401096,29.8,25.400000000000002,25.1,8.9,-20,-0.06033906586573689
17.864699491050494,17.5787728026534,16.809630010865213,17.032652827814946,29.6,25.8,25.6,8.9,-20,-0.06145875987149284
17.478698461714416,17.48727626236633,17.172756905129525,17.058386229770687,29.400000000000002,26.6,26.3,8.9,-20,-0.06257845387724878
17.34717218505175,17.355749985703664,17.121290101218047,17.07268256419054,29.200000000000003,27.3,27.1,8.9,-20,-0.062205222541996806
17.478698461714416,17.361468519471604,16.872533882312574,16.92685995310802,28.900000000000002,28.0,27.900000000000002,8.9,-20,-0.06108552853624086
17.638817407216788,17.28140904672042,16.65237033224681,16.772459541373593,28.5,28.0,27.8,8.9,-20,-0.06096111809115686
17.558757934465604,17.264253445416593,16.569451592611653,16.675244467318578,28.3,27.900000000000002,27.8,8.9,-18,-0.06133434942640885
17.432950191570878,17.141304969405844,16.598044261451363,16.695259335506375,28.0,27.8,27.700000000000003,8.9,-16,-0.06133434942640885
17.310001715560126,17.141304969405844,16.675244467318578,16.629496197175044,27.8,27.8,27.700000000000003,8.9,-16,-0.06133434942640885
17.361468519471604,17.16131983759364,16.537999656887973,16.629496197175044,27.6,27.6,27.6,8.9,-16,-0.06133434942640885
17.43866872533882,17.19277177331732,16.34642877566192,16.486532852976495,27.3,27.5,27.400000000000002,8.9,-17,-0.06133434942640885
17.387201921427344,17.089838165494367,16.23491736718705,16.437925315948988,27.200000000000003,27.400000000000002,27.3,8.9,-17,-0.06133434942640885
17.224223709041002,17.026934294047006,16.212043232115285,16.340710241893976,27.0,27.400000000000002,27.400000000000002,8.9,-17,-0.06133434942640885
17.155601303825698,16.93257848687596,16.183450563275574,16.34642877566192,26.8,27.400000000000002,27.400000000000002,8.9,-18,-0.06133434942640885
17.115571567450104,16.915422885572138,16.117687424944243,16.323554640590153,26.700000000000003,25.1,27.400000000000002,8.9,-18,-0.06133434942640885
17.10413449991422,16.83536341282095,16.212043232115285,16.340710241893976,24.700000000000003,25.1,29.6,8.9,-18,-0.06133434942640885
17.109853033682164,16.76674100760565,16.20632469834734,16.292102704866473,24.700000000000003,25.1,28.8,8.9,-18,-0.06133434942640885
16.9783267570195,16.695259335506375,16.166294961971747,16.25779150225882,24.700000000000003,25.1,28.1,8.9,-18,-0.06133434942640885
16.846800480356833,16.646651798478867,16.166294961971747,16.151998627551894,24.700000000000003,25.1,27.5,8.9,-17,-0.06133434942640885
16.809630010865213,16.640933264710927,16.160576428203807,16.160576428203807,24.700000000000003,25.1,27.1,8.9,-17,-0.06133434942640885
16.749585406301822,16.65808886601475,16.151998627551894,16.094813289872473,24.700000000000003,23.3,26.8,8.9,-17,-0.06145875987149284
16.76102247383771,16.615199862755187,16.246354434722935,16.1119688911763,24.700000000000003,23.3,26.5,8.9,-17,-0.06145875987149284
16.76102247383771,16.569451592611653,16.20632469834734,16.01475381712129,22.5,23.3,26.3,8.9,-17,-0.06145875987149284
16.846800480356833,16.47509578544061,16.071939154800706,16.01189455023732,22.5,23.3,26.1,8.9,-17,-0.06145875987149284
16.76674100760565,16.40933264710928,15.96042774632584,15.93183507748613,22.5,23.3,26.0,8.9,-17,-0.061583170316576834
16.663807399782694,16.392177045805454,15.948990678789956,15.90038314176245,22.5,21.6,25.8,8.9,-17,-0.062205222541996806
16.53228112312003,16.357865843197803,16.066220621032766,15.860353405386856,22.5,21.6,25.8,8.9,-17,-0.06295168521250076
16.403614113341337,16.28638417109853,16.01189455023732,15.857494138502886,22.5,21.6,26.1,8.9,-17,-0.06357373743792073
16.397895579573397,16.25779150225882,15.84033853719906,15.828901469663176,22.5,21.6,25.900000000000002,8.9,-21,-0.06394696877317271
16.41505118087722,16.2006061645794,15.743123463144048,15.768856865099787,20.8,21.6,25.700000000000003,8.9,-20,-0.06469343144367667
16.53228112312003,16.14628009378395,15.657345456624919,15.694515926116543,20.8,21.6,25.700000000000003,8.9,-21,-0.06643517767485257
16.392177045805454,16.106250357408356,15.640189855321095,15.677360324812716,20.8,21.6,25.700000000000003,8.9,-20,-0.06867456568636447
16.269228569794702,16.129124492480127,15.6887973923486,15.600160118945501,20.8,21.6,25.700000000000003,8.9,-20,-0.07128718503312834
16.17773202950763,16.123405958712183,15.668782524160804,15.57156745010579,20.8,19.900000000000002,25.700000000000003,8.9,-20,-0.07340216259955623
16.2006061645794,16.1119688911763,15.700234459884484,15.548693315034024,20.8,19.900000000000002,25.700000000000003,8.9,-24,-0.07477067749548015
16.23491736718705,16.020472350889232,15.608737919597415,15.514382112426372,20.8,19.900000000000002,25.700000000000003,8.9,-23,-0.0757659610561521
16.183450563275574,15.966146280093783,15.494367244238575,15.500085778006518,20.8,19.900000000000002,25.700000000000003,8.9,-23,-0.07626360283648807
16.071939154800706,15.860353405386856,15.425744839023274,15.377137301995766,19.200000000000003,19.900000000000002,25.700000000000003,8.9,-23,-0.07701006550699203
16.04906501972894,15.8660719391548,15.379996568879736,15.379996568879736,19.200000000000003,19.900000000000002,25.700000000000003,8.9,-28,-0.07800534906766399
16.01475381712129,15.791731000171556,15.374278035111796,15.339966832504144,19.200000000000003,19.900000000000002,25.700000000000003,8.9,-28,-0.07887622218325194
15.943272145022014,15.817464402127293,15.322811231200319,15.377137301995766,19.200000000000003,18.5,25.700000000000003,8.9,-27,-0.07987150574392389
15.911820209298334,15.731686395608165,15.345685366272086,15.29993709612855,19.200000000000003,18.5,25.700000000000003,8.9,-27,-0.08061796841442785
15.906101675530392,15.743123463144048,15.282781494824725,15.277062961056783,19.200000000000003,18.5,25.700000000000003,8.9,-27,-0.08099119974967983
15.877509006690683,15.663063990392862,15.214159089609423,15.154114485046032,19.200000000000003,18.5,25.700000000000003,8.9,-27,-0.08099119974967983
15.87179047292274,15.705952993652426,15.214159089609423,15.154114485046032,17.8,18.5,25.700000000000003,8.9,-27,-0.08099119974967983
15.883227540458625,15.6887973923486,15.194144221421626,15.0883513467147,17.8,18.5,25.700000000000003,8.9,-32,-0.08111561019476382
15.851775604734943,15.694515926116543,15.154114485046032,15.074055012294846,17.8,18.5,25.700000000000003,8.9,-32,-0.08111561019476382
15.78029393263567,15.631612054669182,15.11408474867044,15.016869674615428,17.8,18.5,25.700000000000003,8.9,-32,-0.08136443108493181
15.677360324812716,15.577285983873734,15.022588208383368,14.976839938239834,17.8,17.1,25.700000000000003,8.9,-32,-0.08186207286526778
15.620174987133298,15.548693315034024,15.054040144107049,14.931091668096299,17.8,17.1,25.700000000000003,8.9,-22,-0.08273294598085575
15.57156745010579,15.468633842282838,15.011151140847485,14.859609995997024,17.8,17.1,25.700000000000003,8.9,-23,-0.08372822954152769
15.557271115685937,15.442900440327097,14.979699205123804,14.862469262880996,16.400000000000002,17.1,25.700000000000003,8.9,-18,-0.08472351310219964
15.565848916337849,15.38285583576371,14.87390633041688,14.793846857665693,16.400000000000002,17.1,25.700000000000003,8.9,-13,-0.0858432071079556
15.548693315034024,15.345685366272086,14.779550523245838,14.81100245896952,16.400000000000002,17.1,25.700000000000003,8.9,-13,-0.08708731155879552
15.494367244238575,15.274203694172813,14.7538171212901,14.779550523245838,16.400000000000002,17.1,25.700000000000003,8.9,-13,-0.08870464734488744
15.45147824097901,15.26848516040487,14.779550523245838,14.716646651798477,16.400000000000002,15.700000000000001,25.700000000000003,8.9,-13,-0.09007316224081137
15.425744839023274,15.197003488305596,14.879624864184821,14.679476182306855,16.400000000000002,15.700000000000001,25.700000000000003,8.9,-13,-0.09144167713673529
15.379996568879736,15.194144221421626,14.805283925201577,14.590838908903756,16.400000000000002,15.700000000000001,25.700000000000003,8.9,-13,-0.09268578158757523
15.400011437067533,15.194144221421626,14.742380053754216,14.573683307599929,14.9,15.700000000000001,25.700000000000003,8.9,-13,-0.09368106514824719
15.44861897409504,15.188425687653686,14.690913249842739,14.51077943615257,14.9,15.700000000000001,25.700000000000003,8.9,-13,-0.09455193826383514
15.44575970721107,15.122662549322353,14.605135243323609,14.547949905644192,14.9,15.700000000000001,25.700000000000003,8.9,-13,-0.09567163226959106
15.374278035111796,15.096929147366614,14.596557442671699,14.467890432893006,14.9,14.5,25.700000000000003,8.9,-14,-0.097164557610599
15.302796363012522,15.0883513467147,14.702350317378622,14.462171899125062,14.9,14.5,25.700000000000003,8.9,-14,-0.09890630384177491
15.23417395779722,15.034025275919252,14.702350317378622,14.384971693257848,14.5,14.5,30.0,11.8,-14,-0.10039922918278284
15.1769886201178,15.022588208383368,14.613713043975523,14.350660490650196,14.5,14.5,28.8,15.0,-14,-0.1012701022983708
15.154114485046032,14.945388002516154,14.487905301080803,14.287756619202835,14.5,14.5,27.900000000000002,18.7,-14,-0.10201656496887475
15.094069880482643,14.919654600560415,14.36209755818608,14.167667410076056,14.5,14.5,27.200000000000003,22.900000000000002,-13,-0.1028874380844627
15.054040144107049,14.865328529764968,14.253445416595184,14.121919139932519,13.5,13.4,26.8,25.3,-13,-0.10400713209021865
15.079773546062789,14.87390633041688,14.319208554926515,13.961800194430147,13.5,13.4,26.400000000000002,25.400000000000002,-14,-0.10525123654105857
15.074055012294846,14.793846857665693,14.3306456224624,13.876022187911019,13.5,13.4,26.1,25.400000000000002,-14,-0.1066197514369825
14.99399553954366,14.836735860925257,14.273460284782981,13.718762509292617,12.4,12.4,25.900000000000002,25.400000000000002,-14,-0.10786385588782245
15.022588208383368,14.828158060273344,14.224852747755474,13.635843769657457,12.4,12.4,25.700000000000003,25.3,-14,-0.1089835498935784
14.97112140447189,14.831017327157317,14.173385943843996,13.572939898210096,12.4,12.4,25.5,25.200000000000003,-14,-0.10997883345425034
14.991136272659688,14.81672099273746,14.14765254188826,13.567221364442156,12.4,12.4,25.400000000000002,18.7,-15,-0.11072529612475429
14.951106536284096,14.713787384914507,14.110482072396636,13.778807113856006,12.4,12.4,25.400000000000002,17.7,-16,-0.11134734835017428
14.893921198604676,14.62800937839538,14.099045004860752,13.856007319723222,12.4,12.4,25.3,17.7,-13,-0.11209381102067824
14.822439526505404,14.525075770572425,14.001829930805739,13.916051924286611,11.4,11.4,25.3,17.7,-15,-0.11296468413626617
14.81100245896952,14.553668439412133,14.02470406587751,13.887459255446903,11.4,11.4,25.200000000000003,17.7,-15,-0.11383555725185414
14.742380053754216,14.487905301080803,14.007548464573683,13.76737004632012,11.4,11.4,25.200000000000003,17.7,-14,-0.1145820199223581
14.690913249842739,14.499342368616686,13.956081660662205,13.652999370961284,11.4,11.4,25.1,17.7,-14,-0.11520407214777807
14.642305712815233,14.442157030937265,13.893177789214844,13.587236232629953,10.3,10.3,25.0,17.7,-14,-0.11532848259286207
14.676616915422883,14.433579230285355,13.88174072167896,13.647280837193343,10.3,10.3,25.0,17.7,-14,-0.11532848259286207
14.685194716074797,14.384971693257848,13.827414650883512,13.727340309944529,9.4,9.4,25.0,17.7,-14,-0.11545289303794606
14.690913249842739,14.373534625721964,13.844570252187339,13.690169840452906,8.8,8.8,24.900000000000002,17.7,-14,-0.11557730348303005
14.665179847887,14.402127294561675,13.833133184651455,13.61582890146966,8.8,8.8,24.900000000000002,17.7,-15,-0.11607494526336602
14.596557442671699,14.373534625721964,13.784525647623948,13.481443357923027,8.1,8.1,24.8,17.7,-15,-0.11669699748878601
14.573683307599929,14.384971693257848,13.778807113856006,13.441413621547433,8.1,8.1,24.8,17.7,-15,-0.11769228104945795
14.519357236804481,14.30205295362269,13.73305884371247,13.392806084519929,7.2,7.2,24.8,17.7,-16,-0.11881197505521389
14.51077943615257,14.30205295362269,13.684451306684965,13.418539486475666,7.2,7.2,24.8,17.7,-16,-0.11993166906096983
14.487905301080803,14.24772688282724,13.652999370961284,13.361354148796249,6.7,6.7,24.8,17.7,-16,-0.12105136306672577
14.430719963401382,14.196260078915763,13.635843769657457,13.3070280780008,6.7,6.7,24.700000000000003,17.7,-17,-0.12217105707248171
14.379253159489904,14.190541545147823,13.58151769886201,13.327042946188596,6.1000000000000005,6.1000000000000005,24.700000000000003,17.7,-17,-0.12353957196840565
14.319208554926515,14.133356207468404,13.567221364442156,13.261279807857264,6.1000000000000005,6.1000000000000005,24.700000000000003,17.7,-20,-0.12515690775449756
14.267741751015038,14.15051180877223,13.555784296906273,13.229827872133585,5.9,5.9,24.700000000000003,17.7,-20,-0.12689865398567346
14.2420083490593,14.076170869788985,13.510036026762737,13.224109338365642,5.7,5.9,24.700000000000003,17.7,-20,-0.1286404002168494
14.279178818550921,14.081889403556927,13.42997655401155,13.169783267570194,5.5,5.6000000000000005,24.700000000000003,17.7,-20,-0.13000891511277332
14.30205295362269,14.02470406587751,13.398524618287869,13.195516669525931,5.300000000000001,5.4,24.700000000000003,17.7,-20,-0.13112860911852925
14.279178818550921,13.973237261966032,13.418539486475666,13.16406473380225,5.1000000000000005,4.9,24.700000000000003,17.7,-20,-0.1323727135693692
14.279178818550921,14.010407731457653,13.415680219591696,13.124034997426659,4.9,4.9,24.700000000000003,17.7,-20,-0.13349240757512515
14.236289815291357,14.007548464573683,13.367072682564189,13.078286727283123,4.7,4.6000000000000005,24.700000000000003,17.7,-20,-0.13461210158088108
14.219134213987534,13.996111397037799,13.335620746840508,13.015382855835764,4.5,4.5,24.700000000000003,17.7,-23,-0.13535856425138504
14.196260078915763,13.950363126894262,13.301309544232858,13.001086521415907,4.3,4.3,24.700000000000003,17.7,-23,-0.135980616476805
14.173385943843996,13.944644593126322,13.284153942929033,12.923886315548692,4.3,4.3,24.700000000000003,17.7,-22,-0.13660266870222496
14.156230342540171,13.933207525590438,13.269857608509177,12.912449248012809,4.1000000000000005,4.1000000000000005,24.700000000000003,17.7,-22,-0.13734913137272894
14.070452336021043,13.876022187911019,13.229827872133585,12.82667124149368,3.9000000000000004,3.9000000000000004,24.700000000000003,17.7,-26,-0.1380955940432329
14.041859667181333,13.898896322982786,13.169783267570194,12.760908103162349,3.9000000000000004,3.9000000000000004,24.700000000000003,17.7,-26,-0.13884205671373684
13.950363126894262,13.798821982043801,13.115457196774745,12.755189569394405,3.7,3.7,24.700000000000003,17.7,-25,-0.13933969849407282
13.933207525590438,13.815977583347628,13.09830159547092,12.738033968090582,3.5,3.5,24.700000000000003,17.7,-25,-0.1398373402744088
13.933207525590438,13.744495911248354,13.075427460399153,12.700863498598958,3.4000000000000004,3.4000000000000004,24.700000000000003,17.7,-25,-0.14021057160966077
13.933207525590438,13.784525647623948,13.04397552467547,12.68084863041116,3.2,3.2,24.700000000000003,17.7,-25,-0.14058380294491277
13.961800194430147,13.70160690798879,13.00966432206782,12.583633556356148,3.0,3.0,24.700000000000003,17.7,-25,-0.14108144472524875
13.921770458054553,13.690169840452906,12.966775318808256,12.580774289472178,2.9000000000000004,2.8000000000000003,24.700000000000003,13.3,-25,-0.1420767282859207
13.933207525590438,13.70160690798879,12.958197518156343,12.640818894035569,2.8000000000000003,2.7,24.700000000000003,9.9,-30,-0.14319642229167664
13.904614856750728,13.673014239149081,12.941041916852518,12.746611768742493,2.7,2.5,24.700000000000003,7.6000000000000005,-30,-0.14481375807776853
13.898896322982786,13.707325441756732,12.923886315548692,12.866700977869273,2.6,2.4000000000000004,24.700000000000003,7.6000000000000005,-29,-0.14643109386386047
13.88174072167896,13.647280837193343,12.895293646708982,12.82667124149368,2.4000000000000004,2.3000000000000003,24.700000000000003,7.6000000000000005,-29,-0.14804842964995238
13.870303654143076,13.598673300165837,12.866700977869273,12.789500772002059,2.3000000000000003,2.1,24.700000000000003,7.6000000000000005,-29,-0.1494169445458763
13.821696117115572,13.621547435237604,12.875278778521187,12.70372276548293,2.1,2.0,24.700000000000003,7.6000000000000005,-30,-0.15041222810654828
13.798821982043801,13.530050894950532,12.835249042145593,12.626522559615713,2.0,1.9000000000000001,24.700000000000003,7.6000000000000005,-29,-0.1516563325573882
13.727340309944529,13.541487962486416,12.832389775261623,12.629381826499685,1.9000000000000001,1.8,24.700000000000003,7.6000000000000005,-29,-0.15290043700822814
13.678732772917023,13.512895293646707,12.795219305769999,12.643678160919539,1.8,1.7000000000000002,24.700000000000003,7.6000000000000005,-22,-0.15414454145906806
13.635843769657457,13.444272888431406,12.738033968090582,12.640818894035569,1.7000000000000002,1.6,25.3,7.6000000000000005,-19,-0.155388645909908
13.58151769886201,13.49288042545891,12.689426431063074,12.649396694687482,1.6,1.5,25.400000000000002,7.6000000000000005,-18,-0.15650833991566396
13.57865843197804,13.409961685823752,12.657974495339394,12.55790015440041,1.6,1.5,25.400000000000002,7.6000000000000005,-14,-0.1573792130312519
13.587236232629953,13.42425802024361,12.615085492079828,12.512151884256875,1.6,1.5,25.400000000000002,7.6000000000000005,-13,-0.15812567570175587
13.592954766397893,13.404243152055813,12.583633556356148,12.49785554983702,1.6,1.5,25.400000000000002,7.6000000000000005,-13,-0.15862331748209185
13.587236232629953,13.378509750100072,12.566477955052324,12.472122147881281,1.6,1.5,25.6,7.6000000000000005,-13,-0.15887213837225983
13.555784296906273,13.358494881912275,12.520729684908789,12.506433350488933,1.5,1.5,25.6,7.6000000000000005,4,-0.1591209592624278
13.541487962486416,13.321324412420655,12.492137016069078,12.506433350488933,1.5,1.5,25.5,7.6000000000000005,3,-0.1591209592624278
13.55006576313833,13.352776348144335,12.506433350488933,12.43495167838966,1.5,1.5,25.5,7.6000000000000005,4,-0.1591209592624278
13.530050894950532,13.332761479956538,12.535026019328644,12.400640475782007,1.5,1.4000000000000001,25.5,7.6000000000000005,11,-0.1591209592624278
13.55006576313833,13.315605878652711,12.535026019328644,12.320581003030822,1.5,1.4000000000000001,25.5,7.6000000000000005,17,-0.1591209592624278
13.572939898210096,13.284153942929033,12.543603819980556,12.329158803682734,1.5,1.4000000000000001,25.5,7.6000000000000005,30,-0.1591209592624278
13.510036026762737,13.218390804597702,12.492137016069078,12.323440269914792,1.5,1.4000000000000001,25.400000000000002,7.6000000000000005,38,-0.1592453697075118
13.504317492994796,13.224109338365642,12.457825813461428,12.283410533539199,1.5,1.4000000000000001,25.3,7.6000000000000005,46,-0.1592453697075118
13.418539486475666,13.169783267570194,12.472122147881281,12.294847601075084,1.4000000000000001,1.4000000000000001,25.200000000000003,7.6000000000000005,67,-0.1592453697075118
13.361354148796249,13.15834620003431,12.492137016069078,12.240521530279636,1.4000000000000001,1.4000000000000001,25.1,7.6000000000000005,77,-0.1592453697075118
13.361354148796249,13.16406473380225,12.429233144621717,12.194773260136099,1.4000000000000001,1.4000000000000001,24.8,7.6000000000000005,92,-0.1592453697075118
13.341339280608452,13.09544232858695,12.389203408246123,12.214788128323896,1.4000000000000001,1.4000000000000001,24.5,7.6000000000000005,98,-0.1592453697075118
13.361354148796249,13.09830159547092,12.394921942014067,12.171899125064332,1.4000000000000001,1.4000000000000001,24.5,7.6000000000000005,107,-0.15936978015259579
13.315605878652711,13.104020129238862,12.306284668610967,12.160462057528449,1.4000000000000001,1.4000000000000001,24.5,7.6000000000000005,114,-0.1596186010427638
13.275576142277119,13.084005261051065,12.25767713158346,12.137587922456682,1.4000000000000001,1.4000000000000001,24.5,7.6000000000000005,116,-0.16024065326818374
13.264139074741236,13.109738663006803,12.271973466003315,12.111854520500941,1.4000000000000001,1.4000000000000001,23.400000000000002,7.6000000000000005,116,-0.16098711593868772
13.229827872133585,13.055412592211356,12.266254932235373,12.111854520500941,1.4000000000000001,1.4000000000000001,22.5,7.6000000000000005,117,-0.16173357860919169
13.218390804597702,13.09544232858695,12.206210327671982,12.120432321152855,1.4000000000000001,1.4000000000000001,21.6,7.6000000000000005,117,-0.16235563083461166
13.184079601990048,13.084005261051065,12.171899125064332,12.07754331789329,1.4000000000000001,1.4000000000000001,20.700000000000003,7.6000000000000005,117,-0.16310209350511562
13.204094470177845,13.049694058443414,12.163321324412419,12.048950649053582,1.4000000000000001,1.4000000000000001,19.900000000000002,7.6000000000000005,117,-0.16434619795595554
13.198375936409905,13.0411162577915,12.13472865557271,11.986046777606221,1.4000000000000001,1.4000000000000001,19.1,7.6000000000000005,116,-0.1655903024067955
13.124034997426659,12.961056785040313,12.108995253616971,11.968891176302394,1.3,1.3,18.3,7.6000000000000005,115,-0.16745645908305537
13.084005261051065,12.961056785040313,12.108995253616971,11.991765311374161,1.3,1.3,17.6,7.6000000000000005,113,-0.16982025753965124
13.035397724023559,12.932464116200606,12.083261851661232,11.92600217304283,1.3,1.2000000000000002,16.8,7.6000000000000005,112,-0.17218405599624714
13.021101389603704,12.88957511294104,12.091839652313146,11.9288614399268,1.2000000000000002,1.2000000000000002,16.1,7.6000000000000005,109,-0.17405021267250706
12.995367987647967,12.898152913592954,12.083261851661232,11.900268771087092,1.2000000000000002,1.2000000000000002,15.4,7.6000000000000005,106,-0.175418727568431
13.021101389603704,12.818093440841766,12.07468405100932,11.8602390347115,1.1,1.1,14.700000000000001,7.6000000000000005,103,-0.17628960068401892
13.029679190255617,12.835249042145593,12.020357980213872,11.8602390347115,1.1,1.1,14.0,7.6000000000000005,100,-0.17641401112910293
13.00680505518385,12.795219305769999,11.994624578258135,11.865957568479441,1.0,1.0,13.3,7.6000000000000005,98,-0.17653842157418692
13.001086521415907,12.780922971350146,12.000343112026075,11.80591296391605,1.0,1.0,12.600000000000001,7.6000000000000005,95,-0.17691165290943892
13.001086521415907,12.840967575913535,11.948876308114597,11.797335163264137,1.0,1.0,11.9,7.6000000000000005,93,-0.1771604737996069
12.958197518156343,12.832389775261623,11.931720706810774,11.785898095728253,0.9,0.9,11.200000000000001,7.6000000000000005,90,-0.17728488424469085
12.966775318808256,12.812374907073826,11.920283639274889,11.765883227540456,0.9,0.9,10.5,7.6000000000000005,86,-0.17728488424469085
12.961056785040313,12.812374907073826,11.89169097043518,11.814490764567964,0.9,0.9,9.9,7.6000000000000005,80,-0.17728488424469085
12.958197518156343,12.752330302510435,11.865957568479441,11.77732029507634,0.8,0.8,9.200000000000001,7.6000000000000005,72,-0.17728488424469085
12.938182649968546,12.803797106421912,11.86309830159547,11.722994224280892,0.8,0.8,8.6,7.6000000000000005,64,-0.17728488424469085
12.94676045062046,12.789500772002059,11.845942700291644,11.705838622977067,0.8,0.8,8.0,7.6000000000000005,58,-0.17728488424469085
12.875278778521187,12.715159833018813,11.83450563275576,11.631497683993823,0.7000000000000001,0.7000000000000001,7.4,7.1000000000000005,54,-0.17728488424469085
12.849545376565446,12.740893234974552,11.8602390347115,11.648653285297648,0.7000000000000001,0.7000000000000001,6.800000000000001,6.6000000000000005,46,-0.17728488424469085
12.846686109681476,12.695144964831016,11.83164636587179,11.640075484645736,0.7000000000000001,0.7000000000000001,6.300000000000001,6.1000000000000005,38,-0.17728488424469085
12.846686109681476,12.746611768742493,11.797335163264137,11.580030880082345,0.7000000000000001,0.7000000000000001,5.7,5.6000000000000005,28,-0.17728488424469085
12.849545376565446,12.70372276548293,11.843083433407674,11.628638417109853,0.6000000000000001,0.6000000000000001,5.2,5.1000000000000005,13,-0.17728488424469085
12.849545376565446,12.666552295991307,11.817350031451934,11.605764282038086,0.6000000000000001,0.6000000000000001,4.6000000000000005,4.6000000000000005,3,-0.1775337051348589
12.849545376565446,12.695144964831016,11.74300909246869,11.585749413850289,0.6000000000000001,0.6000000000000001,4.1000000000000005,4.1000000000000005,-4,-0.1775337051348589
12.82095270772574,12.649396694687482,11.722994224280892,11.600045748270142,0.6000000000000001,0.6000000000000001,3.6,3.6,-4,-0.1775337051348589
12.809515640189854,12.657974495339394,11.725853491164864,11.591467947618229,0.6000000000000001,0.6000000000000001,3.1,3.1,5,-0.1775337051348589
12.803797106421912,12.649396694687482,11.705838622977067,11.542860410590723,0.5,0.5,2.6,2.6,-5,-0.1775337051348589
12.818093440841766,12.626522559615713,11.671527420369417,11.554297478126609,0.8,0.8,1.9000000000000001,1.9000000000000001,-6,-0.1775337051348589
12.769485903814262,12.657974495339394,11.671527420369417,11.562875278778519,0.8,0.8,1.6,1.5,-5,-0.1775337051348589
12.738033968090582,12.640818894035569,11.648653285297648,11.545719677474695,0.7000000000000001,0.7000000000000001,1.4000000000000001,1.4000000000000001,-5,-0.1775337051348589
12.755189569394405,12.612226225195858,11.608623548922056,11.600045748270142,0.7000000000000001,0.7000000000000001,1.3,1.3,-5,-0.1775337051348589
12.715159833018813,12.640818894035569,11.611482815806026,11.628638417109853,0.6000000000000001,0.7000000000000001,1.2000000000000002,1.2000000000000002,-5,-0.1775337051348589
12.689426431063074,12.583633556356148,11.591467947618229,11.574312346314406,0.6000000000000001,0.6000000000000001,1.2000000000000002,1.2000000000000002,-4,-0.1775337051348589
12.68084863041116,12.583633556356148,11.580030880082345,11.600045748270142,0.6000000000000001,0.6000000000000001,1.1,1.1,-6,-0.1775337051348589
12.700863498598958,12.535026019328644,11.600045748270142,11.534282609938812,0.6000000000000001,0.6000000000000001,1.1,1.0,-6,-0.17765811557994285
12.652255961571452,12.472122147881281,11.591467947618229,11.519986275518955,0.6000000000000001,0.6000000000000001,1.0,1.0,-6,-0.17778252602502687
12.629381826499685,12.49785554983702,11.554297478126609,11.557156745010579,0.6000000000000001,0.6000000000000001,1.0,1.0,-7,-0.17803134691519484
12.620804025847772,12.449248012809514,11.540001143706752,11.502830674215131,0.5,0.5,0.9,0.9,-6,-0.17803134691519484
12.592211357008061,12.4406702121576,11.580030880082345,11.531423343054838,0.5,0.5,0.9,0.9,-6,-0.17803134691519484
12.583633556356148,12.443529479041572,11.562875278778519,11.491393606679246,0.5,0.5,0.8,0.8,-6,-0.17803134691519484
12.580774289472178,12.412077543317894,11.551438211242635,11.445645336535712,0.5,0.5,0.8,0.8,-7,-0.17803134691519484
12.629381826499685,12.429233144621717,11.545719677474695,11.468519471607479,0.5,0.5,0.8,0.7000000000000001,-6,-0.17803134691519484
12.612226225195858,12.466403614113341,11.531423343054838,11.439926802767769,0.5,0.5,0.7000000000000001,0.7000000000000001,-6,-0.17803134691519484
12.620804025847772,12.417796077085834,11.485675072911304,11.397037799508205,0.4,0.4,0.7000000000000001,0.7000000000000001,-6,-0.17803134691519484
12.597929890776005,12.43495167838966,11.491393606679246,11.414193400812032,0.4,0.4,0.6000000000000001,0.6000000000000001,-7,-0.17803134691519484
12.583633556356148,12.417796077085834,11.491393606679246,11.439926802767769,0.4,0.4,0.6000000000000001,0.6000000000000001,-7,-0.17803134691519484
12.56075942128438,12.417796077085834,11.479956539143362,11.437067535883799,0.4,0.4,0.6000000000000001,0.6000000000000001,-6,-0.17803134691519484
12.535026019328644,12.429233144621717,11.465660204723507,11.445645336535712,0.4,0.4,0.6000000000000001,0.5,-6,-0.17803134691519484
12.483559215417166,12.394921942014067,11.465660204723507,11.445645336535712,0.4,0.4,0.5,0.5,-6,-0.17803134691519484
12.489277749185108,12.389203408246123,11.451363870303654,11.385600731972321,0.4,0.4,0.5,0.5,-6,-0.17803134691519484
12.480699948533195,12.386344141362153,11.431349002115857,11.397037799508205,0.4,0.4,0.5,0.5,-5,-0.17803134691519484
12.460685080345398,12.332018070566706,11.457082404071596,11.374163664436438,0.30000000000000004,0.30000000000000004,0.5,0.4,-5,-0.17803134691519484
12.472122147881281,12.360610739406416,11.454223137187624,11.316978326757019,0.30000000000000004,0.30000000000000004,0.4,0.4,-4,-0.17803134691519484
12.474981414765253,12.312003202378909,11.445645336535712,11.35414879624864,0.30000000000000004,0.30000000000000004,0.4,0.4,-3,-0.17803134691519484
12.480699948533195,12.337736604334646,11.465660204723507,11.328415394292902,0.30000000000000004,0.30000000000000004,0.4,0.4,-3,-0.17803134691519484
12.466403614113341,12.354892205638473,11.451363870303654,11.32269686052496,0.30000000000000004,0.30000000000000004,0.4,0.4,-3,-0.17803134691519484
12.474981414765253,12.314862469262879,11.419911934579972,11.32269686052496,0.30000000000000004,0.30000000000000004,0.4,0.30000000000000004,0,-0.17803134691519484
12.480699948533195,12.329158803682734,11.425630468347915,11.308400526105107,0.30000000000000004,0.30000000000000004,0.30000000000000004,0.30000000000000004,7,-0.17803134691519484
12.483559215417166,12.363470006290386,11.408474867044088,11.285526391033338,0.30000000000000004,0.30000000000000004,0.30000000000000004,0.30000000000000004,11,-0.17803134691519484
12.474981414765253,12.337736604334646,11.382741465088351,11.308400526105107,0.30000000000000004,0.30000000000000004,0.30000000000000004,0.30000000000000004,15,-0.17803134691519484
12.480699948533195,12.323440269914792,11.35414879624864,11.2597929890776,0.30000000000000004,0.30000000000000004,0.30000000000000004,0.30000000000000004,14,-0.17803134691519484
12.457825813461428,12.312003202378909,11.368445130668494,11.23120032023789,0.30000000000000004,0.30000000000000004,0.30000000000000004,0.30000000000000004,24,-0.17803134691519484
12.449248012809514,12.274832732887287,11.35414879624864,11.23405958712186,0.2,0.2,0.30000000000000004,0.30000000000000004,31,-0.17803134691519484
12.43495167838966,12.323440269914792,11.334133928060844,11.219763252702007,0.2,0.2,0.2,0.2,36,-0.17803134691519484
12.417796077085834,12.25481786469949,11.334133928060844,11.265511522845541,0.2,0.2,0.2,0.2,36,-0.17803134691519484
12.380625607594213,12.274832732887287,11.342711728712757,11.279807857265396,0.2,0.2,0.2,0.2,33,-0.17803134691519484
12.40921827643392,12.229084462743751,11.35700806313261,11.271230056613483,0.2,0.2,0.2,0.2,46,-0.17803134691519484
12.420655343969804,12.211928861439926,11.414193400812032,11.245496654657744,0.2,0.2,0.2,0.2,46,-0.17803134691519484
12.489277749185108,12.22336592897581,11.465660204723507,11.228341053353919,0.2,0.2,0.2,0.2,60,-0.17803134691519484
12.52644821867673,12.211928861439926,11.519986275518955,11.185452050094353,0.2,0.2,0.2,0.2,61,-0.17803134691519484
12.552181620632467,12.180476925716246,11.600045748270142,11.239778120889802,0.2,0.2,0.2,0.2,72,-0.17803134691519484
12.49785554983702,12.214788128323896,11.628638417109853,11.23120032023789,0.2,0.2,0.2,0.2,75,-0.17803134691519484
12.466403614113341,12.186195459484185,11.68582375478927,11.185452050094353,0.2,0.2,0.2,0.1,90,-0.17803134691519484
12.460685080345398,12.214788128323896,11.794475896380167,11.274089323497455,0.2,0.2,0.1,0.1,103,-0.17803134691519484
12.472122147881281,12.197632527020073,11.883113169783266,11.242637387773774,0.2,0.2,0.1,0.1,104,-0.17803134691519484
12.537885286212614,12.197632527020073,11.908846571739005,11.216903985818035,0.2,0.2,0.1,0.1,108,-0.17803134691519484
12.52644821867673,12.25767713158346,11.968891176302394,11.2597929890776,0.2,0.2,0.1,0.1,124,-0.17803134691519484
12.535026019328644,12.289129067307142,12.066106250357407,11.245496654657744,0.2,0.2,0.1,0.1,126,-0.17803134691519484
12.466403614113341,12.271973466003315,12.07468405100932,11.20260765139818,0.1,0.1,0.1,0.1,129,-0.17803134691519484
12.4406702121576,12.294847601075084,12.083261851661232,11.245496654657744,0.1,0.1,0.1,0.1,132,-0.17803134691519484
12.457825813461428,12.249099330931548,12.031795047749755,11.296963458569222,0.1,0.1,0.1,0.1,133,-0.17803134691519484
12.4406702121576,12.271973466003315,11.968891176302394,11.274089323497455,0.1,0.1,0.1,0.1,134,-0.17803134691519484
12.474981414765253,12.312003202378909,11.966031909418424,11.359867330016584,0.1,0.1,0.1,0.1,134,-0.17803134691519484
12.483559215417166,12.237662263395665,11.994624578258135,11.391319265740265,0.1,0.1,0.1,0.1,133,-0.17803134691519484
12.480699948533195,12.280551266655229,12.000343112026075,11.35700806313261,0.1,0.1,0.1,0.1,133,-0.17803134691519484
12.457825813461428,12.249099330931548,11.963172642534454,11.35414879624864,0.1,0.1,0.1,0.1,130,-0.17803134691519484
12.480699948533195,12.280551266655229,11.9288614399268,11.35414879624864,0.1,0.1,0.1,0.1,125,-0.17803134691519484
12.489277749185108,12.332018070566706,11.908846571739005,11.331274661176874,0.1,0.1,0.1,0.1,123,-0.17803134691519484
12.515011151140847,12.323440269914792,11.920283639274889,11.379882198204381,0.1,0.1,0.1,0.1,123,-0.17815575736027883
12.5293074855607,12.312003202378909,11.86309830159547,11.394178532624235,0.1,0.1,0.1,0.1,125,-0.17815575736027883
12.580774289472178,12.34059587121862,11.874535369131353,11.382741465088351,0.1,0.1,0.1,0.1,127,-0.17815575736027883
12.566477955052324,12.332018070566706,11.8602390347115,11.437067535883799,0.1,0.1,0.1,0.1,127,-0.17815575736027883
12.55790015440041,12.40349974266598,11.797335163264137,11.417052667696002,0.1,0.1,0.0,0.0,126,-0.17815575736027883
12.620804025847772,12.389203408246123,11.783038828844283,11.402756333276148,0.1,0.1,0.0,0.0,126,-0.17815575736027883
12.589352090124091,12.363470006290386,11.783038828844283,11.419911934579972,0.1,0.1,0.0,0.0,127,-0.17815575736027883
12.537885286212614,12.412077543317894,11.77446102819237,11.408474867044088,0.1,0.1,0.0,0.0,130,-0.17815575736027883
12.55790015440041,12.43495167838966,11.83450563275576,11.419911934579972,0.1,0.1,0.0,0.0,132,-0.17815575736027883
12.566477955052324,12.400640475782007,11.794475896380167,11.454223137187624,0.1,0.1,0.0,0.0,133,-0.17815575736027883
12.583633556356148,12.420655343969804,11.77732029507634,11.437067535883799,0.1,0.1,0.0,0.0,134,-0.17815575736027883
12.592211357008061,12.380625607594213,11.794475896380167,11.451363870303654,0.1,0.1,0.0,0.0,134,-0.17815575736027883
12.629381826499685,12.457825813461428,11.751586893120603,11.502830674215131,0.1,0.1,0.0,0.0,134,-0.17815575736027883
12.620804025847772,12.443529479041572,11.77446102819237,11.488534339795276,0.1,0.1,0.0,0.0,133,-0.17815575736027883
12.629381826499685,12.429233144621717,11.80591296391605,11.47709727225939,0.1,0.1,0.0,0.0,133,-0.17815575736027883
12.649396694687482,12.452107279693486,11.817350031451934,11.502830674215131,0.1,0.1,0.0,0.0,132,-0.17815575736027883
12.663693029107336,12.472122147881281,11.843083433407674,11.454223137187624,0.1,0.1,0.0,0.0,131,-0.17815575736027883
12.67798936352719,12.492137016069078,11.8602390347115,11.49997140733116,0.1,0.1,0.0,0.0,130,-0.17815575736027883
12.695144964831016,12.552181620632467,11.900268771087092,11.491393606679246,0.1,0.1,0.0,0.0,131,-0.17815575736027883
12.738033968090582,12.503574083604963,11.888831703551208,11.44278606965174,0.1,0.1,0.0,0.0,131,-0.17815575736027883
12.723737633670725,12.52644821867673,11.840224166523702,11.508549207983071,0.1,0.1,0.0,0.0,131,-0.17815575736027883
12.738033968090582,12.52644821867673,11.825927832103847,11.508549207983071,0.0,0.0,0.0,0.0,131,-0.17815575736027883
12.709441299250871,12.503574083604963,11.874535369131353,11.497112140447188,0.0,0.0,0.0,0.0,136,-0.17815575736027883
12.732315434322638,12.566477955052324,11.871676102247383,11.519986275518955,0.0,0.0,0.0,0.0,138,-0.17815575736027883
12.732315434322638,12.535026019328644,11.883113169783266,11.540001143706752,0.0,0.0,0.0,0.0,139,-0.17803134691519484
12.738033968090582,12.52644821867673,11.871676102247383,11.497112140447188,0.0,0.0,0.0,0.0,140,-0.17790693647011085
12.740893234974552,12.5293074855607,11.920283639274889,11.531423343054838,0.0,0.0,0.0,0.0,141,-0.17778252602502687
12.760908103162349,12.474981414765253,11.9288614399268,11.554297478126609,0.0,0.0,0.0,0.0,142,-0.17765811557994285
12.769485903814262,12.56075942128438,11.986046777606221,11.542860410590723,0.0,0.0,0.0,0.0,143,-0.1775337051348589
12.760908103162349,12.537885286212614,12.028935780865785,11.605764282038086,0.0,0.0,0.0,0.0,143,-0.1775337051348589
12.769485903814262,12.543603819980556,12.063246983473435,11.62291988334191,0.0,0.0,0.0,0.0,143,-0.17728488424469085
12.775204437582202,12.55790015440041,12.086121118545204,11.580030880082345,0.0,0.0,0.0,0.0,137,-0.17691165290943892
12.809515640189854,12.543603819980556,12.120432321152855,11.61720134957397,0.0,0.0,0.0,0.0,136,-0.17653842157418692
12.82667124149368,12.580774289472178,12.13472865557271,11.577171613198376,0.0,0.0,0.0,0.0,135,-0.17616519023893495
12.860982444101332,12.589352090124091,12.177617658832276,11.585749413850289,0.0,0.0,0.0,0.0,138,-0.17554313801351498
12.840967575913535,12.615085492079828,12.171899125064332,11.600045748270142,0.0,0.0,0.0,0.0,140,-0.17492108578809498
12.82667124149368,12.643678160919539,12.143306456224622,11.557156745010579,0.0,0.0,0.0,0.0,142,-0.17405021267250706
12.835249042145593,12.643678160919539,12.091839652313146,11.640075484645736,0.0,0.0,0.0,0.0,143,-0.1729305186667511
12.82095270772574,12.629381826499685,12.086121118545204,11.642934751529706,0.0,0.0,0.0,0.0,145,-0.1716864142159112
12.840967575913535,12.666552295991307,12.151884256876535,11.62291988334191,0.0,0.0,0.0,0.0,146,-0.17031789931998725
12.849545376565446,12.643678160919539,12.22050666209184,11.65151255218162,0.0,0.0,0.0,0.0,146,-0.1693226157593153
12.82095270772574,12.663693029107336,12.189054726368159,11.671527420369417,0.0,0.0,0.0,0.0,147,-0.16832733219864335
12.818093440841766,12.657974495339394,12.171899125064332,11.634356950877793,0.0,0.0,0.0,0.0,147,-0.16695881730271941
12.869560244753243,12.620804025847772,12.194773260136099,11.662949619717503,0.0,0.0,0.0,0.0,146,-0.1655903024067955
12.880997312289129,12.672270829759249,12.263395665351403,11.68582375478927,0.0,0.0,0.0,0.0,145,-0.16459501884612351
12.875278778521187,12.652255961571452,12.25481786469949,11.691542288557212,0.0,0.0,0.0,0.0,145,-0.16384855617561958
12.849545376565446,12.718019099902785,12.231943729627723,11.763023960656486,0.0,0.0,0.0,0.0,145,-0.16322650395019958
12.85526391033339,12.67798936352719,12.237662263395665,11.785898095728253,0.0,0.0,0.0,0.0,145,-0.16260445172477964
12.903871447360896,12.672270829759249,12.25767713158346,11.73729055870075,0.0,0.0,0.0,0.0,147,-0.16198239949935966
12.952478984388403,12.715159833018813,12.25481786469949,11.765883227540456,0.0,0.0,0.0,0.0,148,-0.16148475771902368
12.961056785040313,12.738033968090582,12.249099330931548,11.74300909246869,0.0,0.0,0.0,0.0,149,-0.16098711593868772
12.938182649968546,12.760908103162349,12.231943729627723,11.797335163264137,0.0,0.0,0.0,0.0,150,-0.16048947415835174
12.938182649968546,12.798078572653969,12.25481786469949,11.811631497683994,0.0,0.0,0.0,0.0,150,-0.15999183237801576
12.926745582432662,12.755189569394405,12.22336592897581,11.77446102819237,0.0,0.0,0.0,0.0,149,-0.1596186010427638
12.958197518156343,12.783782238234116,12.237662263395665,11.845942700291644,0.0,0.0,0.0,0.0,149,-0.1592453697075118
12.94676045062046,12.803797106421912,12.25481786469949,11.845942700291644,0.0,0.0,0.0,0.0,149,-0.15887213837225983
12.961056785040313,12.766626636930289,12.263395665351403,11.83164636587179,0.0,0.0,0.0,0.0,149,-0.15837449659192385
12.98107165322811,12.82667124149368,12.283410533539199,11.888831703551208,0.0,0.0,0.0,0.0,149,-0.15775244436650387
12.986790186996053,12.769485903814262,12.274832732887287,11.871676102247383,0.0,0.0,0.0,0.0,150,-0.15713039214108393
12.966775318808256,12.798078572653969,12.297706867959054,11.825927832103847,0.0,0.0,0.0,0.0,152,-0.15650833991566396
13.00680505518385,12.812374907073826,12.294847601075084,11.880253902899296,0.0,0.0,0.0,0.0,154,-0.15563746680007598
12.995367987647967,12.82095270772574,12.294847601075084,11.917424372390917,0.0,0.0,0.0,0.0,156,-0.15451777279432005
13.0411162577915,12.880997312289129,12.320581003030822,11.9288614399268,0.0,0.0,0.0,0.0,157,-0.1537713101238161
13.058271859095328,12.840967575913535,12.394921942014067,12.020357980213872,0.0,0.0,0.0,0.0,157,-0.1535224892336481
13.089723794819006,12.860982444101332,12.40349974266598,11.977468976954308,0.0,0.0,0.0,0.0,158,-0.1532736683434801
13.09544232858695,12.898152913592954,12.394921942014067,12.000343112026075,0.0,0.0,0.0,0.0,156,-0.15302484745331213
13.138331331846514,12.938182649968546,12.452107279693486,11.974609710070338,0.0,0.0,0.0,0.0,154,-0.15290043700822814
13.118316463658717,12.966775318808256,12.580774289472178,11.937439240578714,0.0,0.0,0.0,0.0,155,-0.15290043700822814
13.104020129238862,12.941041916852518,12.552181620632467,12.003202378910046,0.0,0.0,0.0,0.0,160,-0.15290043700822814
13.058271859095328,12.932464116200606,12.40921827643392,12.011780179561958,0.0,0.0,0.0,0.0,162,-0.15252720567297615
13.089723794819006,12.995367987647967,12.40921827643392,11.991765311374161,0.0,0.0,0.0,0.0,163,-0.15190515344755617
13.152627666266367,12.966775318808256,12.515011151140847,12.054669182821524,0.0,0.0,0.0,0.0,163,-0.1516563325573882
13.169783267570194,12.972493852576198,12.766626636930289,12.057528449705494,0.0,0.0,0.0,0.0,163,-0.1516563325573882
13.1297535311946,12.961056785040313,12.812374907073826,12.091839652313146,0.0,0.0,0.0,0.0,164,-0.1516563325573882
13.104020129238862,12.926745582432662,12.695144964831016,12.086121118545204,0.0,0.0,0.0,0.0,164,-0.15140751166722022
13.138331331846514,12.989649453880023,12.546463086864527,12.068965517241379,0.0,0.0,0.0,0.0,163,-0.15053663855163227
13.215531537713728,12.961056785040313,12.5293074855607,12.083261851661232,0.0,0.0,0.0,0.0,165,-0.1495413549909603
13.261279807857264,13.029679190255617,12.746611768742493,12.137587922456682,0.0,0.0,0.0,0.0,168,-0.14929253410079232
13.24984274032138,13.023960656487676,12.869560244753243,12.137587922456682,0.0,0.0,0.0,0.0,170,-0.14929253410079232
13.195516669525931,12.989649453880023,13.00680505518385,12.177617658832276,0.0,0.0,0.0,0.0,172,-0.14929253410079232
13.218390804597702,13.023960656487676,13.115457196774745,12.197632527020073,0.0,0.0,0.0,0.0,171,-0.14891930276554033
13.235546405901525,13.04397552467547,13.218390804597702,12.160462057528449,0.0,0.0,0.0,0.0,169,-0.14854607143028836
13.327042946188596,13.104020129238862,13.289872476696974,12.203351060788012,0.0,0.0,0.0,0.0,169,-0.14854607143028836
13.3070280780008,13.1297535311946,13.275576142277119,12.171899125064332,0.0,0.0,0.0,0.0,169,-0.14854607143028836
13.235546405901525,13.058271859095328,13.144049865614454,12.22050666209184,0.0,0.0,0.0,0.0,169,-0.14829725054012036
13.218390804597702,13.09544232858695,12.961056785040313,12.214788128323896,0.0,0.0,0.0,0.0,172,-0.1475507878696164
13.301309544232858,13.055412592211356,13.021101389603704,12.194773260136099,0.0,0.0,0.0,0.0,171,-0.14680432519911246
13.358494881912275,13.149768399382397,13.229827872133585,12.271973466003315,0.0,0.0,0.0,0.0,171,-0.14655550430894446
13.367072682564189,13.149768399382397,13.347057814376392,12.283410533539199,0.0,0.0,0.0,0.0,170,-0.14655550430894446
13.309887344884771,13.089723794819006,13.372791216332132,12.271973466003315,0.0,0.0,0.0,0.0,171,-0.14655550430894446
13.301309544232858,13.118316463658717,13.392806084519929,12.323440269914792,0.0,0.0,0.0,0.0,171,-0.14630668341877648
13.378509750100072,13.084005261051065,13.418539486475666,12.303425401726996,0.0,0.0,0.0,0.0,173,-0.14605786252860847
13.42425802024361,13.195516669525931,13.42997655401155,12.329158803682734,0.0,0.0,0.0,0.0,173,-0.14605786252860847
13.441413621547433,13.178361068222108,13.321324412420655,12.369188540058326,0.0,0.0,0.0,0.0,172,-0.14605786252860847
13.415680219591696,13.16406473380225,13.3070280780008,12.3720478069423,0.0,0.0,0.0,0.0,172,-0.14556022074827252
13.42997655401155,13.198375936409905,13.449991422199346,12.4406702121576,0.0,0.0,0.0,0.0,172,-0.14518698941302052
13.487161891690969,13.204094470177845,13.744495911248354,12.452107279693486,0.0,0.0,0.0,0.0,172,-0.14506257896793653
13.541487962486416,13.261279807857264,13.978955795733972,12.412077543317894,0.0,0.0,0.0,0.0,174,-0.14493816852285255
13.530050894950532,13.295591010464916,13.927488991822495,12.43495167838966,0.0,0.0,0.0,0.0,174,-0.14493816852285255
13.481443357923027,13.255561274089322,13.510036026762737,12.426373877737747,0.0,0.0,0.0,0.0,174,-0.14481375807776853
13.510036026762737,13.309887344884771,13.0411162577915,12.460685080345398,0.0,0.0,0.0,0.0,174,-0.1438184745170966
13.518613827414649,13.284153942929033,13.09544232858695,12.512151884256875,0.0,0.0,0.0,0.0,175,-0.14257437006625667
13.567221364442156,13.327042946188596,13.544347229370388,12.466403614113341,0.0,0.0,0.0,0.0,175,-0.14232554917608867
13.541487962486416,13.315605878652711,13.76165151255218,12.535026019328644,0.0,0.0,0.0,0.0,176,-0.14220113873100468
13.555784296906273,13.28129467604506,13.707325441756732,12.5293074855607,0.0,0.0,0.0,0.0,176,-0.14133026561541673
13.544347229370388,13.358494881912275,13.530050894950532,12.506433350488933,0.0,0.0,0.0,0.0,175,-0.13946410893915684
13.61011036770172,13.352776348144335,13.504317492994796,12.566477955052324,0.0,0.0,0.0,0.0,175,-0.1378467731530649
13.707325441756732,13.404243152055813,13.604391833933777,12.566477955052324,0.0,0.0,0.0,0.0,175,-0.13710031048256094
13.673014239149081,13.384228283868016,13.713043975524673,12.597929890776005,0.0,0.0,0.0,0.0,175,-0.13685148959239296
13.658717904729226,13.387087550751986,13.76737004632012,12.615085492079828,0.0,0.0,0.0,0.0,176,-0.13660266870222496
13.713043975524673,13.441413621547433,13.810259049579688,12.620804025847772,0.0,0.0,0.0,0.0,176,-0.135980616476805
13.718762509292617,13.475724824155085,13.921770458054553,12.666552295991307,0.0,0.0,0.0,0.0,176,-0.13523415380630102
13.778807113856006,13.535769428718476,14.036141133413393,12.726596900554696,0.0,0.0,0.0,0.0,176,-0.13510974336121706
13.724481043060557,13.524332361182593,13.944644593126322,12.686567164179102,0.0,0.0,0.0,0.0,176,-0.13510974336121706
13.713043975524673,13.49288042545891,13.572939898210096,12.709441299250871,0.0,0.0,0.0,0.0,176,-0.13461210158088108
13.73305884371247,13.541487962486416,13.392806084519929,12.657974495339394,0.0,0.0,0.0,0.0,176,-0.13349240757512515
13.755932978784237,13.524332361182593,13.518613827414649,12.738033968090582,0.0,0.0,0.0,0.0,176,-0.13249712401445318
13.810259049579688,13.58151769886201,13.827414650883512,12.789500772002059,0.0,0.0,0.0,0.0,175,-0.1323727135693692
13.784525647623948,13.592954766397893,14.053296734717216,12.780922971350146,0.0,0.0,0.0,0.0,175,-0.1323727135693692
13.784525647623948,13.541487962486416,14.127637673700463,12.832389775261623,0.0,0.0,0.0,0.0,176,-0.13212389267920122
13.821696117115572,13.572939898210096,14.110482072396636,12.775204437582202,0.0,0.0,0.0,0.0,176,-0.13175066134394922
13.88174072167896,13.541487962486416,14.013266998341622,12.803797106421912,0.0,0.0,0.0,0.0,176,-0.13137743000869725
13.933207525590438,13.6415623034254,13.88174072167896,12.840967575913535,0.0,0.0,0.0,0.0,174,-0.13100419867344526
13.916051924286611,13.635843769657457,13.76165151255218,12.866700977869273,0.0,0.0,0.0,0.0,175,-0.1303821464480253
13.933207525590438,13.647280837193343,13.713043975524673,12.880997312289129,0.0,0.0,0.0,0.0,176,-0.12913804199718534
13.927488991822495,13.647280837193343,13.798821982043801,12.860982444101332,0.0,0.0,0.0,0.0,175,-0.12739629576600944
13.990392863269856,13.673014239149081,14.053296734717216,12.909589981128837,0.0,0.0,0.0,0.0,175,-0.12590337042500152
13.961800194430147,13.738777377480414,14.201978612683707,12.98107165322811,0.0,0.0,0.0,0.0,175,-0.12515690775449756
13.938926059358378,13.744495911248354,14.099045004860752,12.986790186996053,0.0,0.0,0.0,0.0,174,-0.12465926597416159
13.956081660662205,13.798821982043801,13.755932978784237,13.021101389603704,0.0,0.0,0.0,0.0,175,-0.12391280330365761
13.978955795733972,13.798821982043801,13.541487962486416,13.029679190255617,0.0,0.0,0.0,0.0,175,-0.12291751974298568
14.001829930805739,13.755932978784237,13.744495911248354,13.001086521415907,0.0,0.0,0.0,0.0,175,-0.12217105707248171
13.998970663921769,13.815977583347628,13.938926059358378,13.069708926631211,0.0,0.0,0.0,0.0,174,-0.12192223618231372
13.956081660662205,13.755932978784237,14.139074741236346,13.015382855835764,0.0,0.0,0.0,0.0,175,-0.12154900484706174
13.978955795733972,13.861725853491164,14.18196374449591,13.104020129238862,0.0,0.0,0.0,0.0,175,-0.12055372128638979
14.02470406587751,13.815977583347628,14.133356207468404,13.109738663006803,0.0,0.0,0.0,0.0,174,-0.11943402728063386
14.116200606164579,13.893177789214844,14.018985532109566,13.09830159547092,0.0,0.0,0.0,0.0,173,-0.1186875646101299
14.139074741236346,13.821696117115572,13.876022187911019,13.16406473380225,0.0,0.0,0.0,0.0,171,-0.11806551238470993
14.09332647109281,13.844570252187339,13.810259049579688,13.13261279807857,0.0,0.0,0.0,0.0,170,-0.11756787060437396
14.05901526848516,13.898896322982786,13.804540515811745,13.152627666266367,0.0,0.0,0.0,0.0,170,-0.11657258704370199
14.116200606164579,13.916051924286611,14.013266998341622,13.184079601990048,0.0,0.0,0.0,0.0,168,-0.11532848259286207
14.144793275004288,13.956081660662205,14.201978612683707,13.209813003945788,0.0,0.0,0.0,0.0,165,-0.11433319903219011
14.139074741236346,13.967518728198089,14.219134213987534,13.309887344884771,0.0,0.0,0.0,0.0,168,-0.11371114680677015
14.104763538628694,13.944644593126322,13.961800194430147,13.275576142277119,0.0,0.0,0.0,0.0,169,-0.11259145280101421
14.116200606164579,14.013266998341622,13.673014239149081,13.269857608509177,0.0,0.0,0.0,0.0,171,-0.11072529612475429
14.190541545147823,13.984674329501916,13.73305884371247,13.28129467604506,0.0,0.0,0.0,0.0,171,-0.1087347290034104
14.262023217247098,14.036141133413393,13.921770458054553,13.238405672785497,0.0,0.0,0.0,0.0,171,-0.10798826633290644
14.201978612683707,13.967518728198089,14.139074741236346,13.378509750100072,0.0,0.0,0.0,0.0,172,-0.10798826633290644
14.139074741236346,14.02470406587751,14.17910447761194,13.289872476696974,0.0,0.0,0.0,0.0,172,-0.10786385588782245
14.144793275004288,14.036141133413393,14.036141133413393,13.372791216332132,0.0,0.0,0.0,0.0,172,-0.1068685723271505
14.267741751015038,14.081889403556927,13.927488991822495,13.367072682564189,0.0,0.0,0.0,0.0,172,-0.10550005743122658
14.379253159489904,14.099045004860752,13.938926059358378,13.372791216332132,0.0,0.0,0.0,0.0,171,-0.10450477387055462
14.36781609195402,14.036141133413393,13.827414650883512,13.444272888431406,0.0,0.0,0.0,0.0,172,-0.10375831120005066
14.290615886086806,14.121919139932519,13.861725853491164,13.384228283868016,0.0,0.0,0.0,0.0,171,-0.1031362589746307
14.287756619202835,14.133356207468404,14.087607937324869,13.409961685823752,0.0,0.0,0.0,0.0,172,-0.10263861719429472
14.313490021158573,14.207697146451647,14.24772688282724,13.42997655401155,0.0,0.0,0.0,0.0,173,-0.10263861719429472
14.33636415623034,14.227712014639444,14.296334419854748,13.518613827414649,0.0,0.0,0.0,0.0,174,-0.10251420674921072
14.296334419854748,14.196260078915763,14.076170869788985,13.592954766397893,0.0,0.0,0.0,0.0,174,-0.10214097541395875
14.3306456224624,14.219134213987534,13.916051924286611,13.541487962486416,0.0,0.0,0.0,0.0,173,-0.10077246051803482
14.36781609195402,14.167667410076056,13.956081660662205,13.57865843197804,0.0,0.0,0.0,0.0,173,-0.09915512473194289
14.439297764053295,14.2420083490593,14.053296734717216,13.510036026762737,0.0,0.0,0.0,0.0,174,-0.09791102028110296
14.402127294561675,14.207697146451647,14.110482072396636,13.561502830674213,0.0,0.0,0.0,0.0,174,-0.097040147165515
14.379253159489904,14.219134213987534,14.136215474352374,13.572939898210096,0.0,0.0,0.0,0.0,174,-0.09604486360484306
14.36781609195402,14.219134213987534,14.219134213987534,13.55006576313833,0.0,0.0,0.0,0.0,175,-0.09492516959908712
14.470749699776976,14.273460284782981,14.279178818550921,13.6415623034254,0.0,0.0,0.0,0.0,175,-0.09417870692858316
14.519357236804481,14.307771487390632,14.2420083490593,13.624406702121574,0.0,0.0,0.0,0.0,175,-0.09330783381299519
14.527935037456395,14.267741751015038,14.173385943843996,13.684451306684965,0.0,0.0,0.0,0.0,177,-0.09231255025232325
14.493623834848743,14.307771487390632,14.104763538628694,13.713043975524673,0.0,0.0,0.0,0.0,175,-0.09094403535639932
14.505060902384628,14.307771487390632,14.230571281523417,13.621547435237604,0.0,0.0,0.0,0.0,176,-0.08969993090555937
14.519357236804481,14.402127294561675,14.3306456224624,13.707325441756732,0.0,0.0,0.0,0.0,178,-0.08895346823505543
14.527935037456395,14.427860696517412,14.324927088694457,13.707325441756732,0.0,0.0,0.0,0.0,178,-0.08833141600963546
14.505060902384628,14.399268027677701,14.201978612683707,13.798821982043801,0.0,0.0,0.0,0.0,178,-0.08746054289404749
14.536512838108308,14.402127294561675,14.173385943843996,13.856007319723222,0.0,0.0,0.0,0.0,177,-0.08596761755303958
14.567964773831989,14.384971693257848,14.173385943843996,13.844570252187339,0.0,0.0,0.0,0.0,179,-0.08459910265711565
14.605135243323609,14.493623834848743,14.18196374449591,13.856007319723222,0.0,0.0,0.0,0.0,178,-0.08385263998661167
14.567964773831989,14.436438497169325,14.190541545147823,13.838851718419395,0.0,0.0,0.0,0.0,180,-0.08310617731610773
14.54223137187625,14.456453365357122,14.17910447761194,13.88174072167896,0.0,0.0,0.0,0.0,181,-0.08235971464560377
14.579401841367872,14.390690227025788,14.201978612683707,13.870303654143076,0.0,0.0,0.0,0.0,181,-0.08136443108493181
14.65946131411906,14.525075770572425,14.156230342540171,13.933207525590438,0.0,0.0,0.0,0.0,181,-0.08061796841442785
14.69377251672671,14.519357236804481,14.15051180877223,13.967518728198089,0.0,0.0,0.0,0.0,182,-0.0797470952988399
14.710928118030536,14.487905301080803,14.227712014639444,13.973237261966032,0.0,0.0,0.0,0.0,182,-0.07862740129308396
14.72808371933436,14.54223137187625,14.356379024418137,13.944644593126322,0.0,0.0,0.0,0.0,181,-0.077632117732412
14.759535655058043,14.54223137187625,14.462171899125062,13.933207525590438,0.0,0.0,0.0,0.0,183,-0.07676124461682406
14.716646651798477,14.590838908903756,14.487905301080803,13.973237261966032,0.0,0.0,0.0,0.0,185,-0.07601478194632008
14.713787384914507,14.610853777091553,14.430719963401382,14.02470406587751,0.0,0.0,0.0,0.0,186,-0.07514390883073213
14.733802253102303,14.62800937839538,14.33636415623034,14.099045004860752,0.0,0.0,0.0,0.0,188,-0.0738998043798922
14.759535655058043,14.665179847887,14.33636415623034,14.139074741236346,0.0,0.0,0.0,0.0,187,-0.07265569992905227
14.773831989477896,14.62800937839538,14.396408760793731,14.087607937324869,0.0,0.0,0.0,0.0,193,-0.07153600592329633
14.759535655058043,14.650883513467146,14.382112426373878,14.144793275004288,0.0,0.0,0.0,0.0,194,-0.07091395369787636
14.72808371933436,14.622290844627436,14.350660490650196,14.087607937324869,0.0,0.0,0.0,0.0,196,-0.07041631191754039
14.765254188825983,14.69663178361068,14.356379024418137,14.161948876308113,0.0,0.0,0.0,0.0,200,-0.07004308058228839
14.81100245896952,14.665179847887,14.350660490650196,14.156230342540171,0.0,0.0,0.0,0.0,202,-0.06942102835686842
14.888202664836735,14.69663178361068,14.379253159489904,14.207697146451647,0.0,0.0,0.0,0.0,203,-0.06855015524128047
14.90535826614056,14.648024246583175,14.436438497169325,14.21341568021959,0.0,0.0,0.0,0.0,209,-0.06767928212569252
14.87390633041688,14.679476182306855,14.450734831589179,14.196260078915763,0.0,0.0,0.0,0.0,207,-0.06693281945518856
14.822439526505404,14.765254188825983,14.462171899125062,14.2420083490593,0.0,0.0,0.0,0.0,215,-0.06606194633960061
14.84531366157717,14.759535655058043,14.553668439412133,14.17910447761194,0.0,0.0,0.0,0.0,142,-0.06531548366909663
14.899639732372618,14.773831989477896,14.590838908903756,14.236289815291357,0.0,0.0,0.0,0.0,143,-0.06444461055350868
14.931091668096299,14.716646651798477,14.567964773831989,14.267741751015038,0.0,0.0,0.0,0.0,148,-0.06369814788300472
14.913936066792473,14.78240979012981,14.536512838108308,14.33636415623034,0.0,0.0,0.0,0.0,153,-0.06282727476741677
14.913936066792473,14.773831989477896,14.565105506948017,14.373534625721964,0.0,0.0,0.0,0.0,155,-0.0620808120969128
14.925373134328357,14.839595127809227,14.585120375135814,14.3306456224624,0.0,0.0,0.0,0.0,155,-0.061209938981324846
14.942528735632182,14.779550523245838,14.596557442671699,14.359238291302109,0.0,0.0,0.0,0.0,159,-0.060090244975568904
14.951106536284096,14.808143192085547,14.596557442671699,14.344941956882254,0.0,0.0,0.0,0.0,162,-0.058846140524728974
14.979699205123804,14.773831989477896,14.610853777091553,14.384971693257848,0.0,0.0,0.0,0.0,162,-0.057602036073889036
15.048321610339109,14.879624864184821,14.62800937839538,14.396408760793731,0.0,0.0,0.0,0.0,163,-0.05660675251321709
15.096929147366614,14.865328529764968,14.685194716074797,14.427860696517412,0.0,0.0,0.0,0.0,167,-0.055362648062377146
15.094069880482643,14.828158060273344,14.7538171212901,14.450734831589179,0.0,0.0,0.0,0.0,170,-0.0543673645017052
15.094069880482643,14.896780465488648,14.779550523245838,14.482186767312859,0.0,0.0,0.0,0.0,173,-0.053372080941033254
15.048321610339109,14.925373134328357,14.773831989477896,14.490764567964773,0.0,0.0,0.0,0.0,173,-0.0523767973803613
15.059758677874992,14.985417738891748,14.836735860925257,14.427860696517412,0.0,0.0,0.0,0.0,179,-0.05150592426477336
15.102647681134556,14.939669468748212,14.853891462229084,14.530794304340366,0.0,0.0,0.0,0.0,174,-0.05038623025901741
15.136958883742206,15.019728941499398,14.862469262880996,14.525075770572425,0.0,0.0,0.0,0.0,171,-0.04901771536309348
15.154114485046032,14.982558472007774,14.853891462229084,14.613713043975523,0.0,0.0,0.0,0.0,172,-0.047649200467169556
15.134099616858236,15.005432607079545,14.853891462229084,14.648024246583175,0.0,0.0,0.0,0.0,174,-0.04652950646141361
15.134099616858236,15.022588208383368,14.87390633041688,14.665179847887,0.0,0.0,0.0,0.0,174,-0.045534222900741654
15.159833018813975,15.014010407731455,14.919654600560415,14.656602047235086,0.0,0.0,0.0,0.0,174,-0.04453893934006971
15.217018356493393,15.048321610339109,14.959684336936007,14.65946131411906,0.0,0.0,0.0,0.0,303,-0.043792476669565754
15.274203694172813,15.054040144107049,14.97112140447189,14.708068851146564,0.0,0.0,0.0,0.0,306,-0.0429216035539778
15.29421856236061,15.0883513467147,14.979699205123804,14.679476182306855,0.0,0.0,0.0,0.0,308,-0.04205073043838984
15.274203694172813,15.062617944758962,14.996854806427631,14.78526905701378,0.0,0.0,0.0,0.0,314,-0.04130426776788588
15.248470292217073,15.122662549322353,15.014010407731455,14.765254188825983,0.0,0.0,0.0,0.0,317,-0.040308984207213926
15.23417395779722,15.154114485046032,15.022588208383368,14.81100245896952,0.0,0.0,0.0,0.0,307,-0.03894046931129
15.239892491565163,15.197003488305596,15.068336478526906,14.793846857665693,0.0,0.0,0.0,0.0,319,-0.03769636486045006
15.29993709612855,15.154114485046032,15.11408474867044,14.779550523245838,0.0,0.0,0.0,0.0,323,-0.036452260409610124
15.322811231200319,15.182707153885742,15.096929147366614,14.836735860925257,0.0,0.0,0.0,0.0,310,-0.03545697684893818
15.26848516040487,15.23417395779722,15.054040144107049,14.888202664836735,0.0,0.0,0.0,0.0,328,-0.03421287239809824
15.242751758449133,15.222736890261336,15.005432607079545,14.97112140447189,0.0,0.0,0.0,0.0,314,-0.0330931783923423
15.257048092868986,15.23703322468119,15.011151140847485,14.928232401212327,0.0,0.0,0.0,0.0,331,-0.03222230527675434
15.314233430548406,15.179847887001772,15.068336478526906,14.945388002516154,0.0,0.0,0.0,0.0,312,-0.031600253051334376
15.365700234459883,15.197003488305596,15.116944015554411,14.90249899925659,0.0,0.0,0.0,0.0,316,-0.031102611270998403
15.394292903299593,15.199862755189569,15.154114485046032,14.96540287070395,0.0,0.0,0.0,0.0,338,-0.03048055904557843
15.440041173443127,15.257048092868986,15.142677417510148,14.96540287070395,0.0,0.0,0.0,0.0,317,-0.029858506820158465
15.425744839023274,15.23703322468119,15.174129353233829,15.022588208383368,0.0,0.0,0.0,0.0,340,-0.029236454594738497
15.442900440327097,15.26276662663693,15.214159089609423,15.011151140847485,0.0,0.0,0.0,0.0,324,-0.028489991924234535
15.397152170183563,15.257048092868986,15.248470292217073,15.022588208383368,0.0,0.0,0.0,0.0,339,-0.027743529253730574
15.379996568879736,15.319951964316347,15.277062961056783,15.014010407731455,0.0,0.0,0.0,0.0,324,-0.0272458874733946
15.400011437067533,15.308514896780464,15.274203694172813,15.042603076571165,0.0,0.0,0.0,0.0,326,-0.02699706658322661
15.440041173443127,15.334248298736203,15.274203694172813,15.082632812946759,0.0,0.0,0.0,0.0,349,-0.02699706658322661
15.47435237605078,15.377137301995766,15.29993709612855,15.082632812946759,0.0,0.0,0.0,0.0,321,-0.02699706658322661
15.477211642934751,15.339966832504144,15.322811231200319,15.182707153885742,0.0,0.0,0.0,0.0,350,-0.026872656138142617
15.482930176702691,15.354263166924,15.348544633156058,15.162692285697945,0.0,0.0,0.0,0.0,348,-0.02674824569305862
15.485789443586663,15.32852976496826,15.348544633156058,15.168410819465889,0.0,0.0,0.0,0.0,323,-0.02625060391272265
15.525819179962257,15.371418768227825,15.354263166924,15.134099616858236,0.0,0.0,0.0,0.0,348,-0.02562855168730268
15.594441585177558,15.371418768227825,15.402870703951507,15.194144221421626,0.0,0.0,0.0,0.0,330,-0.02488208901679872
15.634471321553152,15.411448504603417,15.41716703837136,15.194144221421626,0.0,0.0,0.0,0.0,326,-0.024384447236462742
15.585863784525646,15.38571510264768,15.442900440327097,15.228455424029276,0.0,0.0,0.0,0.0,348,-0.024135626346294757
15.603019385829471,15.45147824097901,15.480070909818721,15.248470292217073,0.0,0.0,0.0,0.0,325,-0.024011215901210765
15.608737919597415,15.462915308514894,15.514382112426372,15.254188825985016,0.0,0.0,0.0,0.0,347,-0.02388680545612677
15.645908389089035,15.542974781266082,15.588723051409618,15.322811231200319,0.0,0.0,0.0,0.0,347,-0.023637984565958784
15.663063990392862,15.514382112426372,15.600160118945501,15.274203694172813,0.0,0.0,0.0,0.0,325,-0.0233891636757908
15.671641791044776,15.557271115685937,15.591582318293588,15.322811231200319,0.0,0.0,0.0,0.0,346,-0.02314034278562281
15.694515926116543,15.557271115685937,15.588723051409618,15.308514896780464,0.0,0.0,0.0,0.0,347,-0.022393880115118846
15.725967861840223,15.591582318293588,15.620174987133298,15.41716703837136,0.0,0.0,0.0,0.0,320,-0.021647417444614885
15.757419797563903,15.557271115685937,15.640189855321095,15.437181906559157,0.0,0.0,0.0,0.0,343,-0.020900954774110924
15.768856865099787,15.57156745010579,15.651626922856979,15.440041173443127,0.0,0.0,0.0,0.0,343,-0.020278902548690955
15.783153199519642,15.565848916337849,15.648767655973009,15.400011437067533,0.0,0.0,0.0,0.0,320,-0.019532439878186997
15.806027334591409,15.668782524160804,15.651626922856979,15.44861897409504,0.0,0.0,0.0,0.0,345,-0.01891038765276703
15.828901469663176,15.663063990392862,15.645908389089035,15.480070909818721,0.0,0.0,0.0,0.0,347,-0.01828833542734706
15.823182935895236,15.671641791044776,15.677360324812716,15.525819179962257,0.0,0.0,0.0,0.0,323,-0.01766628320192709
15.883227540458625,15.71453079430434,15.774575398867729,15.531537713730199,0.0,0.0,0.0,0.0,317,-0.017168641421591118
15.894664607994509,15.731686395608165,15.84033853719906,15.534396980614169,0.0,0.0,0.0,0.0,346,-0.017044230976507122
15.923257276834217,15.797449533939496,15.906101675530392,15.557271115685937,0.0,0.0,0.0,0.0,322,-0.01667099964125514
15.90038314176245,15.754560530679932,15.857494138502886,15.545834048150054,0.0,0.0,0.0,0.0,320,-0.01592453697075118
15.937553611254073,15.828901469663176,15.83462000343112,15.625893520901238,0.0,0.0,0.0,0.0,344,-0.015053663855163225
15.98902041516555,15.786012466403612,15.90038314176245,15.668782524160804,0.0,0.0,0.0,0.0,346,-0.014307201184659264
16.04906501972894,15.857494138502886,15.977583347629666,15.743123463144048,0.0,0.0,0.0,0.0,322,-0.013560738514155303
16.04906501972894,15.811745868359353,16.000457482701435,15.697375193000513,0.0,0.0,0.0,0.0,351,-0.013311917623987314
16.089094756104533,15.894664607994509,16.006176016469375,15.74884199691199,0.0,0.0,0.0,0.0,348,-0.013311917623987314
16.151998627551894,15.857494138502886,16.043346485961,15.74884199691199,0.0,0.0,0.0,0.0,322,-0.013311917623987314
16.217761765883225,15.948990678789956,16.106250357408356,15.823182935895236,0.0,0.0,0.0,0.0,325,-0.013187507178903322
16.212043232115285,15.937553611254073,16.14628009378395,15.803168067707439,0.0,0.0,0.0,0.0,350,-0.013063096733819328
16.22348029965117,15.9547092125579,16.17773202950763,15.883227540458625,0.0,0.0,0.0,0.0,323,-0.01281427584365134
16.212043232115285,16.043346485961,16.23491736718705,15.860353405386856,0.0,0.0,0.0,0.0,330,-0.01244104450839936
16.280665637330586,16.100531823640416,16.31783610682221,15.943272145022014,0.0,0.0,0.0,0.0,356,-0.011943402728063384
16.309258306170296,16.123405958712183,16.340710241893976,15.90038314176245,0.0,0.0,0.0,0.0,358,-0.011570171392811406
16.357865843197803,16.129124492480127,16.340710241893976,15.966146280093783,0.0,0.0,0.0,0.0,331,-0.011321350502643417
16.392177045805454,16.151998627551894,16.369302910733687,16.006176016469375,0.0,0.0,0.0,0.0,358,-0.01107252961247543
16.426488248413104,16.160576428203807,16.420769714645164,16.094813289872473,0.0,0.0,0.0,0.0,358,-0.010948119167391438
16.486532852976495,16.183450563275574,16.48081431920855,16.14056156001601,0.0,0.0,0.0,0.0,334,-0.01107252961247543
16.543718190655913,16.240635900954995,16.52656258935209,16.14628009378395,0.0,0.0,0.0,0.0,331,-0.010948119167391438
16.640933264710927,16.23491736718705,16.580888660147536,16.166294961971747,0.0,0.0,0.0,0.0,361,-0.01107252961247543
16.723852004346085,16.28638417109853,16.640933264710927,16.20632469834734,0.0,0.0,0.0,0.0,361,-0.01107252961247543
16.755303940069766,16.297821238634413,16.7124149368102,16.25779150225882,0.0,0.0,0.0,0.0,331,-0.011196940057559423
16.772459541373593,16.38073997826957,16.786755875793446,16.31783610682221,0.0,0.0,0.0,0.0,331,-0.011321350502643417
16.80391147709727,16.455080917252815,16.841081946588893,16.35214730942986,0.0,0.0,0.0,0.0,355,-0.01144576094772741
16.852519014124777,16.520844055584146,16.98404529078744,16.386458512037514,0.0,0.0,0.0,0.0,358,-0.011570171392811406
16.89540801738434,16.537999656887973,17.16703837136158,16.426488248413104,0.0,0.0,0.0,0.0,333,-0.012067813173147379
16.9583118888317,16.549436724423856,17.121290101218047,16.44364384971693,0.0,0.0,0.0,0.0,326,-0.012316634063315367
16.995482358323322,16.609481328987247,16.952593355063758,16.49796992051238,0.0,0.0,0.0,0.0,344,-0.01244104450839936
17.046949162234803,16.663807399782694,17.021215760279063,16.55801452507577,0.0,0.0,0.0,0.0,323,-0.012565454953483353
17.155601303825698,16.669525933550638,17.155601303825698,16.609481328987247,0.0,0.0,0.0,0.0,311,-0.012689865398567347
17.224223709041002,16.70097786927432,17.19849030708526,16.635214730942984,0.0,0.0,0.0,0.0,314,-0.01281427584365134
17.21850517527306,16.689540801738435,17.141304969405844,16.675244467318578,0.0,0.0,0.0,0.0,312,-0.01281427584365134
17.21850517527306,16.80391147709727,17.147023503173784,16.70669640304226,0.0,0.0,0.0,0.0,278,-0.012565454953483353
17.178475438897465,16.846800480356833,17.18705323954938,16.743866872533882,0.0,0.0,0.0,0.0,273,-0.012689865398567347
17.204208840853205,16.878252416080514,17.204208840853205,16.79819294332933,0.0,0.0,0.0,0.0,281,-0.012689865398567347
17.178475438897465,16.941156287527875,17.238520043460856,16.815348544633157,0.0,0.0,0.0,0.0,283,-0.012565454953483353
17.19277177331732,16.9783267570195,17.275690512952476,16.846800480356833,0.0,0.0,0.0,0.0,273,-0.01244104450839936
17.21278664150512,17.001200892091266,17.238520043460856,16.852519014124777,0.0,0.0,0.0,0.0,273,-0.01244104450839936
17.238520043460856,17.089838165494367,17.19277177331732,16.909704351804194,0.0,0.0,0.0,0.0,276,-0.012316634063315367
17.264253445416593,17.089838165494367,17.238520043460856,16.941156287527875,0.0,0.0,0.0,0.0,275,-0.011943402728063384
17.275690512952476,17.089838165494367,17.289986847372333,17.04123062846686,0.0,0.0,0.0,0.0,263,-0.011570171392811406
17.289986847372333,17.064104763538626,17.289986847372333,17.026934294047006,0.0,0.0,0.0,0.0,265,-0.01107252961247543
17.361468519471604,17.115571567450104,17.289986847372333,17.064104763538626,0.0,0.0,0.0,0.0,265,-0.010574887832139456
17.43866872533882,17.1355864356379,17.321438783096013,17.032652827814946,0.0,0.0,0.0,0.0,264,-0.010201656496887474
17.432950191570878,17.19849030708526,17.367187053239547,17.12986790186996,0.0,0.0,0.0,0.0,255,-0.009952835606719487
17.41293532338308,17.19849030708526,17.418653857151025,17.084119631726423,0.0,0.0,0.0,0.0,254,-0.0097040147165515
17.42723165780294,17.264253445416593,17.43866872533882,17.172756905129525,0.0,0.0,0.0,0.0,266,-0.009455193826383514
17.45868359352662,17.264253445416593,17.507291130554126,17.147023503173784,0.0,0.0,0.0,0.0,270,-0.009081962491131534
17.49299479613427,17.361468519471604,17.513009664322066,17.21278664150512,0.0,0.0,0.0,0.0,266,-0.008708731155879551
17.52444673185795,17.355749985703664,17.498713329902213,17.204208840853205,0.0,0.0,0.0,0.0,268,-0.008211089375543578
17.567335735117513,17.418653857151025,17.533024532509863,17.28140904672042,0.0,0.0,0.0,0.0,277,-0.007713447595207603
17.593069137073254,17.372905587007487,17.593069137073254,17.301423914908217,0.0,0.0,0.0,0.0,279,-0.007215805814871629
17.638817407216788,17.40721678961514,17.61880253902899,17.40721678961514,0.0,0.0,0.0,0.0,275,-0.006966984924703642
17.70743981243209,17.418653857151025,17.6473952078687,17.392920455195284,0.0,0.0,0.0,0.0,273,-0.006842574479619648
17.776062217647393,17.418653857151025,17.70743981243209,17.392920455195284,0.0,0.0,0.0,0.0,275,-0.006842574479619648
17.838966089094754,17.49299479613427,17.76176588322754,17.41293532338308,0.0,0.0,0.0,0.0,282,-0.006842574479619648
17.83038828844284,17.498713329902213,17.816091954022987,17.43866872533882,0.0,0.0,0.0,0.0,281,-0.006842574479619648
17.85898095728255,17.538743066277807,17.878995825470348,17.52444673185795,0.0,0.0,0.0,0.0,276,-0.006842574479619648
17.878995825470348,17.627380339680904,17.956196031337566,17.544461600045747,0.0,0.0,0.0,0.0,274,-0.006718164034535654
17.927603362497855,17.693143478012235,17.976210899525363,17.573054268885457,0.0,0.0,0.0,0.0,281,-0.006718164034535654
17.94189969691771,17.70743981243209,17.956196031337566,17.567335735117513,0.0,0.0,0.0,0.0,282,-0.006718164034535654
17.97049236575742,17.76176588322754,17.961914565105506,17.61308400526105,0.0,0.0,0.0,0.0,273,-0.006593753589451661
18.00480356836507,17.713158346200032,18.024818436552867,17.658832275404585,0.0,0.0,0.0,0.0,275,-0.006469343144367668
18.03911477097272,17.790358552067246,18.061988906044487,17.776062217647393,0.0,0.0,0.0,0.0,274,-0.006344932699283674
18.10487790930405,17.77034368387945,18.06770743981243,17.77034368387945,0.0,0.0,0.0,0.0,282,-0.006344932699283674
18.16778178075141,17.838966089094754,18.110596443071994,17.79607708583519,0.0,0.0,0.0,0.0,280,-0.00622052225419968
18.196374449591122,17.878995825470348,18.16206324698347,17.76176588322754,0.0,0.0,0.0,0.0,275,-0.0060961118091156855
18.196374449591122,17.90758849431006,18.204952250243036,17.85898095728255,0.0,0.0,0.0,0.0,274,-0.0058472909189477
18.21067078401098,17.8932921598902,18.233544919082746,17.873277291702404,0.0,0.0,0.0,0.0,283,-0.005474059583695719
18.239263452850686,17.961914565105506,18.305026591182017,17.88757362612226,0.0,0.0,0.0,0.0,283,-0.005100828248443737
18.262137587922457,18.053411105392577,18.319322925601877,17.93618116314977,0.0,0.0,0.0,0.0,282,-0.00485200735827575
18.290730256762163,18.061988906044487,18.282152456110254,17.956196031337566,0.0,0.0,0.0,0.0,275,-0.004354365577939776
18.327900726253784,18.119174243723908,18.305026591182017,17.961914565105506,0.0,0.0,0.0,0.0,278,-0.0038567237976038014
18.356493395093498,18.03911477097272,18.356493395093498,17.99908503459713,0.0,0.0,0.0,0.0,283,-0.003483492462351821
18.379367530165265,18.147766912563615,18.385086063933205,18.13347057814376,0.0,0.0,0.0,0.0,283,-0.003234671572183834
18.445130668496596,18.119174243723908,18.40796019900497,18.13347057814376,0.0,0.0,0.0,0.0,284,-0.0028614402369318524
18.533767941899697,18.147766912563615,18.445130668496596,18.147766912563615,0.0,0.0,0.0,0.0,275,-0.002488208901679872
18.54806427631955,18.176359581403325,18.48801967175616,18.124892777491848,0.0,0.0,0.0,0.0,278,-0.0023637984565958786
18.528049408131753,18.18207811517127,18.556642076971464,18.204952250243036,0.0,0.0,0.0,0.0,283,-0.0021149775664278912
18.562360610739404,18.2478412535026,18.576656945159257,18.224967118430833,0.0,0.0,0.0,0.0,283,-0.001866156676259904
18.58523474581117,18.342197060673644,18.65957568479442,18.253559787270543,0.0,0.0,0.0,0.0,284,-0.001492925341007923
18.61668668153485,18.39366386458512,18.645279350374565,18.27643392234231,0.0,0.0,0.0,0.0,278,-0.0011196940057559425
18.645279350374565,18.356493395093498,18.645279350374565,18.327900726253784,0.0,0.0,0.0,0.0,279,-0.0004976417803359744
18.682449819866186,18.45084920226454,18.668153485446332,18.342197060673644,0.0,0.0,0.0,0.0,277,0.0
18.699605421170013,18.42225653342483,18.72247955624178,18.37078972951335,0.0,0.0,0.0,0.0,284,0.00037323133525198076
18.736775890661633,18.510893806827927,18.736775890661633,18.48230113798822,0.0,0.0,0.0,0.0,285,0.0007464626705039615
18.8282724309487,18.465145536684393,18.773946360153253,18.473723337336306,0.0,0.0,0.0,0.0,277,0.001244104450839936
18.896894836164005,18.465145536684393,18.813976096528847,18.539486475667637,0.0,0.0,0.0,0.0,277,0.0017417462311759104
18.87402070109224,18.562360610739404,18.85114656602047,18.51947160747984,0.0,0.0,0.0,0.0,276,0.0019905671213438975
18.88259850174415,18.570938411391317,18.914050437467832,18.562360610739404,0.0,0.0,0.0,0.0,284,0.0023637984565958786
18.891176302396065,18.599531080231024,18.959798707611366,18.608108880882938,0.0,0.0,0.0,0.0,285,0.0026126193467638655
18.951220906959453,18.65957568479442,19.016984045290787,18.599531080231024,0.0,0.0,0.0,0.0,285,0.003234671572183834
18.979813575799163,18.7596500257334,18.982672842683133,18.6910276205181,0.0,0.0,0.0,0.0,278,0.003981134242687795
19.0055469777549,18.713901755589866,18.99982844398696,18.645279350374565,0.0,0.0,0.0,0.0,277,0.004727596913191757
19.022702579058727,18.7596500257334,19.014124778406813,18.751072225081487,0.0,0.0,0.0,0.0,279,0.005349649138611724
19.06273231543432,18.751072225081487,19.059873048550347,18.7596500257334,0.0,0.0,0.0,0.0,283,0.0058472909189477
19.12277691999771,18.762509292617374,19.094184251158,18.8282724309487,0.0,0.0,0.0,0.0,284,0.006344932699283674
19.214273460284783,18.81969463029679,19.139932521301535,18.836850231600614,0.0,0.0,0.0,0.0,284,0.006718164034535654
19.228569794704637,18.805398295876934,19.17424372390919,18.85400583290444,0.0,0.0,0.0,0.0,277,0.006966984924703642
19.225710527820663,18.891176302396065,19.219991994052723,18.951220906959453,0.0,0.0,0.0,0.0,278,0.007091395369787636
19.23714759535655,18.868302167324295,19.285755132384054,18.896894836164005,0.0,0.0,0.0,0.0,278,0.00758903715012361
19.294332933035967,18.948361640075483,19.348659003831415,18.991250643335047,0.0,0.0,0.0,0.0,282,0.008459910265711565
19.322925601875678,19.0055469777549,19.342940470063475,18.965517241379306,0.0,0.0,0.0,0.0,282,0.00933078338129952
19.342940470063475,19.014124778406813,19.325784868759648,19.022702579058727,0.0,0.0,0.0,0.0,282,0.01032606694197147
19.374392405787155,19.077028649854174,19.348659003831415,19.03128037971064,0.0,0.0,0.0,0.0,278,0.01107252961247543
19.374392405787155,19.085606450506088,19.391548007090982,19.094184251158,0.0,0.0,0.0,0.0,277,0.0116945818378954
19.431577743466576,19.134213987533595,19.42585920969863,19.17996225767713,0.0,0.0,0.0,0.0,280,0.012067813173147379
19.537370618173497,19.102762051809915,19.463029679190257,19.197117858980956,0.0,0.0,0.0,0.0,281,0.01244104450839936
19.605993023388802,19.11705838622977,19.51449648310173,19.254303196660373,0.0,0.0,0.0,0.0,281,0.01281427584365134
19.557385486361298,19.13707325441757,19.55166695259335,19.231429061588607,0.0,0.0,0.0,0.0,281,0.013187507178903322
19.563104020129238,19.197117858980956,19.620289357808655,19.254303196660373,0.0,0.0,0.0,0.0,280,0.013560738514155303
19.59741522273689,19.228569794704637,19.677474695488076,19.342940470063475,0.0,0.0,0.0,0.0,278,0.014307201184659264
19.654600560416306,19.27717733173214,19.68605249613999,19.35437753759936,0.0,0.0,0.0,0.0,277,0.015426895190415206
19.677474695488076,19.38297020643907,19.654600560416306,19.391548007090982,0.0,0.0,0.0,0.0,276,0.016422178751087157
19.731800766283524,19.35437753759936,19.677474695488076,19.36867387201921,0.0,0.0,0.0,0.0,279,0.01729305186667511
19.706067364327783,19.400125807742892,19.731800766283524,19.431577743466576,0.0,0.0,0.0,0.0,279,0.01766628320192709
19.766111968891174,19.405844341510836,19.76039343512323,19.505918682449817,0.0,0.0,0.0,0.0,279,0.01791510409209508
19.883341911133986,19.374392405787155,19.797563904614854,19.55166695259335,0.0,0.0,0.0,0.0,279,0.01828833542734706
19.96626065076914,19.463029679190257,19.83473437410648,19.59741522273689,0.0,0.0,0.0,0.0,276,0.01866156676259904
19.8919197117859,19.440155544118486,19.883341911133986,19.55166695259335,0.0,0.0,0.0,0.0,275,0.01891038765276703
19.917653113741633,19.45731114542231,19.943386515697373,19.620289357808655,0.0,0.0,0.0,0.0,275,0.019532439878186997
19.971979184537084,19.485903814262024,20.020586721564587,19.63172642534454,0.0,0.0,0.0,0.0,278,0.02065213388394294
20.003431120260764,19.554526219477324,20.020586721564587,19.671756161720133,0.0,0.0,0.0,0.0,280,0.021896238334782877
20.014868187796647,19.666037627952193,19.98627551895694,19.74895636758735,0.0,0.0,0.0,0.0,278,0.02289152189545482
20.034883055984444,19.637444959112482,20.014868187796647,19.72036369874764,0.0,0.0,0.0,0.0,279,0.02351357412087479
20.003431120260764,19.68605249613999,20.063475724824155,19.78040830331103,0.0,0.0,0.0,0.0,274,0.023637984565958784
20.069194258592095,19.680333962372046,20.10922399496769,19.814719505918678,0.0,0.0,0.0,0.0,272,0.023637984565958784
20.17498713329902,19.677474695488076,20.14067593069137,19.8919197117859,0.0,0.0,0.0,0.0,274,0.023762395011042776
20.266483673586087,19.771830502659117,20.17498713329902,19.90335677932178,0.0,0.0,0.0,0.0,273,0.024135626346294757
20.215016869674614,19.731800766283524,20.209298335906674,19.883341911133986,0.0,0.0,0.0,0.0,277,0.024757678571714726
20.246468805398294,19.78040830331103,20.26934294047006,19.9605421170012,0.0,0.0,0.0,0.0,276,0.02575296213238668
20.246468805398294,19.78612683707897,20.346543146337275,19.98627551895694,0.0,0.0,0.0,0.0,276,0.026872656138142617
20.28935780865786,19.85474924229427,20.352261680105222,20.006290387144734,0.0,0.0,0.0,0.0,277,0.027867939698814567
20.360839480757132,19.977697718305027,20.33796534568536,20.08349059301195,0.0,0.0,0.0,0.0,272,0.028614402369318528
20.389432149596843,19.96626065076914,20.352261680105222,20.049179390404298,0.0,0.0,0.0,0.0,273,0.02898763370457051
20.403728484016696,19.977697718305027,20.395150683364783,20.126379596271512,0.0,0.0,0.0,0.0,271,0.02898763370457051
20.47521015611597,19.951964316349287,20.420884085320523,20.195002001486817,0.0,0.0,0.0,0.0,272,0.029236454594738497
20.549551095099215,19.943386515697373,20.469491622348027,20.223594670326527,0.0,0.0,0.0,0.0,271,0.02936086503982249
20.56384742951907,20.000571853376794,20.51238062560759,20.23789100474638,0.0,0.0,0.0,0.0,277,0.029609685929990474
20.498084291187737,19.98627551895694,20.569565963287012,20.217876136558587,0.0,0.0,0.0,0.0,275,0.029982917265242458
20.53525476067936,20.063475724824155,20.606736432778636,20.28935780865786,0.0,0.0,0.0,0.0,277,0.030604969490662423
20.586721564590835,20.08349059301195,20.681077371761877,20.403728484016696,0.0,0.0,0.0,0.0,277,0.03135143216116639
20.606736432778636,20.163550065763136,20.666781037342023,20.366558014525076,0.0,0.0,0.0,0.0,270,0.032097894831670346
20.65820323669011,20.252187339166234,20.65248470292217,20.403728484016696,0.0,0.0,0.0,0.0,271,0.03247112616692233
20.72682564190541,20.223594670326527,20.666781037342023,20.360839480757132,0.0,0.0,0.0,0.0,270,0.03271994705709032
20.82975924972837,20.252187339166234,20.718247841253504,20.432321152856407,0.0,0.0,0.0,0.0,271,0.03321758883742629
21.004174529650598,20.275061474238,20.755418310745124,20.569565963287012,0.0,0.0,0.0,0.0,269,0.03383964106284626
21.13570080631326,20.26934294047006,20.8068851146566,20.586721564590835,0.0,0.0,0.0,0.0,274,0.03458610373335022
21.058500600446045,20.309372676845655,20.846914851032192,20.555269628867155,0.0,0.0,0.0,0.0,275,0.03533256640385418
20.89838165494367,20.275061474238,20.906959455595583,20.555269628867155,0.0,0.0,0.0,0.0,275,0.03570579773910616
20.935552124435294,20.2950763424258,20.95842625950706,20.59244009835878,0.0,0.0,0.0,0.0,275,0.03620343951944213
21.112826671241493,20.366558014525076,21.004174529650598,20.68965517241379,0.0,0.0,0.0,0.0,268,0.03732313352519808
21.332990221307256,20.420884085320523,20.975581860810884,20.672499571109963,0.0,0.0,0.0,0.0,268,0.039064879756373995
21.467375764853887,20.51238062560759,20.944129925087204,20.65820323669011,0.0,0.0,0.0,0.0,269,0.04055780509738191
21.467375764853887,20.44661748727626,20.967004060158974,20.69537370618173,0.0,0.0,0.0,0.0,269,0.04117985732280188
21.570309372676842,20.455195287928174,20.967004060158974,20.718247841253504,0.0,0.0,0.0,0.0,267,0.04130426776788588
21.776176588322752,20.489506490535824,21.058500600446045,20.86978898610396,0.0,0.0,0.0,0.0,269,0.04130426776788588
21.79047292274261,20.498084291187737,21.075656201749872,20.846914851032192,0.0,0.0,0.0,0.0,267,0.04130426776788588
21.578887173328756,20.549551095099215,21.13570080631326,20.786870246468805,0.0,0.0,0.0,0.0,268,0.041055446877717894
21.332990221307256,20.601017899010692,21.190026877108707,20.824040715960425,0.0,0.0,0.0,0.0,267,0.040806625987549895
21.31583462000343,20.5409732944473,21.292960484931662,20.86121118545205,0.0,0.0,0.0,0.0,266,0.04117985732280188
21.55601303825699,20.62103276719849,21.307256819351515,20.912677989363527,0.0,0.0,0.0,0.0,266,0.042299551328557825
21.661805912963914,20.672499571109963,21.307256819351515,20.981300394578827,0.0,0.0,0.0,0.0,268,0.04354365577939776
21.564590838908902,20.755418310745124,21.307256819351515,20.921255790015437,0.0,0.0,0.0,0.0,268,0.04366806622448175
21.61891690970435,20.8068851146566,21.307256819351515,20.99845599588265,0.0,0.0,0.0,0.0,265,0.04329483488922977
21.89054726368159,20.769714645164978,21.387316292102703,21.10424887058958,0.0,0.0,0.0,0.0,266,0.04329483488922977
22.125007148167207,20.755418310745124,21.435923829130207,21.144278606965173,0.0,0.0,0.0,0.0,266,0.04404129755973374
21.924858466289244,20.82975924972837,21.44450162978212,21.152856407617087,0.0,0.0,0.0,0.0,266,0.04429011844990172
21.55601303825699,20.82975924972837,21.4759535655058,21.13570080631326,0.0,0.0,0.0,0.0,268,0.043792476669565754
21.50740550122948,20.846914851032192,21.58746497398067,21.184308343340767,0.1,0.1,0.0,0.0,268,0.04354365577939776
21.76759878767084,20.86978898610396,21.653228112312004,21.252930748556068,0.4,0.4,0.0,0.0,271,0.04453893934006971
21.999199405272485,20.967004060158974,21.627494710356263,21.275804883627835,0.7000000000000001,0.7000000000000001,0.0,0.0,273,0.0467783273515816
22.076399611139703,21.058500600446045,21.538857436953162,21.292960484931662,1.0,1.0,0.0,0.0,271,0.04839566313767351
22.116429347515297,21.004174529650598,21.490249899925654,21.301538285583575,1.4000000000000001,1.4000000000000001,0.0,0.0,273,0.0485200735827575
22.27940755990164,21.004174529650598,21.578887173328756,21.332990221307256,2.0,2.0,0.0,0.0,271,0.048146842247505525
22.385200434608567,21.044204266026192,21.701835649339507,21.387316292102703,2.6,2.6,0.0,0.0,273,0.048146842247505525
22.2536741579459,21.02133013095442,21.7418653857151,21.467375764853887,3.3000000000000003,3.3000000000000003,0.0,0.0,271,0.048271252692589514
22.0077772059244,21.052782066678102,21.750443186367015,21.427346028478294,3.9000000000000004,3.9000000000000004,0.0,0.0,271,0.048271252692589514
21.85909532795791,21.10424887058958,21.824784125350256,21.41019042717447,4.5,4.5,0.0,0.0,272,0.04839566313767351
21.964888202664838,21.03562646537428,21.86481386172585,21.45022016355006,5.2,5.2,0.0,0.0,271,0.048893304918009486
22.024932807228225,21.112826671241493,21.899125064333504,21.467375764853887,6.0,6.0,0.0,0.0,271,0.0505106407041014
22.03351060788014,21.158574941385027,21.881969463029677,21.515983301881395,6.800000000000001,6.800000000000001,0.0,0.0,272,0.0523767973803613
22.024932807228225,21.2300566134843,21.86481386172585,21.53027963630125,7.6000000000000005,7.6000000000000005,0.0,0.0,271,0.053745312276285234
22.093555212443526,21.26150854920798,21.841939726654083,21.547435237605075,8.4,8.4,0.0,0.0,271,0.05386972272136923
22.116429347515297,21.190026877108707,21.950591868244977,21.627494710356263,9.200000000000001,9.200000000000001,0.0,0.0,270,0.05349649138611724
21.973466003316748,21.184308343340767,22.016355006576312,21.653228112312004,10.0,10.0,0.0,0.0,270,0.05349649138611724
21.7418653857151,21.252930748556068,22.024932807228225,21.636072511008177,11.0,11.0,0.0,0.0,271,0.05324767049594926
21.667524446731857,21.252930748556068,21.999199405272485,21.667524446731857,11.9,11.9,0.0,0.0,271,0.05275002871561329
21.750443186367015,21.252930748556068,21.933436266941158,21.68468004803568,12.5,12.5,0.0,0.0,271,0.05275002871561329
21.83336192600217,21.301538285583575,21.91628066563733,21.724709784411274,12.8,12.8,0.0,0.0,269,0.05275002871561329
21.75902098701893,21.34728655572711,21.973466003316748,21.750443186367015,13.0,13.0,0.0,0.0,269,0.0525012078254453
21.807628524046432,21.427346028478294,21.973466003316748,21.67610224738377,13.100000000000001,13.100000000000001,0.0,0.0,268,0.05200356604510933
21.99062160462057,21.44450162978212,21.982043803968658,21.750443186367015,13.5,13.5,0.0,0.0,269,0.051381513819689355
22.093555212443526,21.404471893406527,22.0077772059244,21.850517527305996,14.0,14.0,0.0,0.0,267,0.050883872039353385
21.99062160462057,21.41019042717447,22.03351060788014,21.816206324698346,14.100000000000001,14.100000000000001,0.0,0.0,268,0.04988858847868143
21.850517527305996,21.355864356379023,22.084977411791613,21.841939726654083,14.4,14.4,0.0,0.0,266,0.0485200735827575
21.816206324698346,21.37873849145079,22.110710813747353,21.816206324698346,14.5,14.5,0.0,0.0,267,0.04740037957700156
21.824784125350256,21.427346028478294,22.084977411791613,21.79905072339452,14.5,14.5,0.0,0.0,265,0.04702714824174958
21.924858466289244,21.395894092754613,22.050666209183966,21.824784125350256,14.8,14.8,0.0,0.0,266,0.04702714824174958
21.942014067593064,21.45022016355006,22.059244009835876,21.89054726368159,14.8,14.8,0.0,0.0,264,0.04702714824174958
21.973466003316748,21.547435237605075,22.03351060788014,21.83336192600217,15.0,15.0,0.0,0.0,264,0.04702714824174958
22.10213301309544,21.50740550122948,22.042088408532052,21.86481386172585,15.0,15.0,0.0,0.0,264,0.04702714824174958
22.084977411791613,21.538857436953162,22.050666209183966,22.0077772059244,15.0,15.0,0.0,0.0,265,0.04702714824174958
21.964888202664838,21.564590838908902,22.110710813747353,21.924858466289244,15.100000000000001,15.100000000000001,0.0,0.0,264,0.04690273779666559
21.950591868244977,21.52456110253331,22.125007148167207,21.924858466289244,15.3,15.3,0.0,0.0,262,0.04690273779666559
21.99062160462057,21.52456110253331,22.16789615142677,21.950591868244977,15.5,15.5,0.0,0.0,263,0.04690273779666559
21.964888202664838,21.604620575284496,22.13358494881912,21.973466003316748,15.3,15.3,0.0,0.0,263,0.04690273779666559
22.0077772059244,21.547435237605075,22.110710813747353,21.950591868244977,15.3,15.3,0.0,0.0,262,0.04690273779666559
22.03351060788014,21.578887173328756,22.10213301309544,21.982043803968658,15.200000000000001,15.200000000000001,0.0,0.0,259,0.04690273779666559
22.059244009835876,21.68468004803568,22.093555212443526,21.933436266941158,15.100000000000001,15.100000000000001,0.0,0.0,258,0.04690273779666559
22.059244009835876,21.67610224738377,22.084977411791613,21.99062160462057,14.9,14.9,0.0,0.0,258,0.04690273779666559
22.042088408532052,21.68468004803568,22.116429347515297,22.110710813747353,14.5,14.5,0.0,0.0,254,0.04690273779666559
21.973466003316748,21.68468004803568,22.13358494881912,22.0077772059244,14.200000000000001,14.200000000000001,0.0,0.0,255,0.04690273779666559
22.050666209183966,21.627494710356263,22.22794075599016,21.982043803968658,14.200000000000001,14.200000000000001,0.0,0.0,252,0.04690273779666559
22.150740550122947,21.61891690970435,22.287985360553552,22.03351060788014,14.200000000000001,14.200000000000001,0.0,0.0,252,0.04702714824174958
22.210785154686338,21.701835649339507,22.30514096185738,22.042088408532052,14.200000000000001,14.200000000000001,0.0,0.0,251,0.04702714824174958
22.22794075599016,21.667524446731857,22.202207354034424,22.016355006576312,13.600000000000001,13.600000000000001,0.0,0.0,251,0.04702714824174958
22.150740550122947,21.701835649339507,22.15931835077486,22.06782181048779,13.200000000000001,13.200000000000001,0.0,0.0,251,0.04702714824174958
22.093555212443526,21.750443186367015,22.13358494881912,21.99062160462057,13.0,13.0,0.0,0.0,250,0.04715155868683357
22.15931835077486,21.784754388974665,22.15931835077486,22.050666209183966,12.8,12.8,0.0,0.0,251,0.04752479002208555
22.142162749471034,21.807628524046432,22.19362955338251,22.15931835077486,12.8,12.8,0.0,0.0,248,0.048146842247505525
21.99062160462057,21.776176588322752,22.210785154686338,22.093555212443526,12.5,12.5,0.0,0.0,249,0.0485200735827575
21.973466003316748,21.7418653857151,22.150740550122947,22.050666209183966,12.100000000000001,12.100000000000001,0.0,0.0,247,0.0485200735827575
22.03351060788014,21.7418653857151,22.185051752730597,22.10213301309544,11.5,11.5,0.0,0.0,241,0.048768894472925484
22.024932807228225,21.7418653857151,22.13358494881912,22.084977411791613,11.0,11.0,0.0,0.0,228,0.04951535714342945
21.933436266941158,21.733287585063188,22.116429347515297,22.06782181048779,10.5,10.5,0.0,0.0,222,0.04988858847868143
21.907702864985417,21.784754388974665,22.13358494881912,22.10213301309544,9.8,9.8,0.0,0.0,195,0.04988858847868143
21.982043803968658,21.75902098701893,22.19362955338251,22.03351060788014,9.1,9.1,0.0,0.0,184,0.05001299892376543
22.076399611139703,21.79905072339452,22.2536741579459,22.06782181048779,8.6,8.6,0.0,0.0,175,0.0506350511491854
22.110710813747353,21.816206324698346,22.313718762509293,22.19362955338251,8.200000000000001,8.200000000000001,0.0,0.0,130,0.05113269292952137
22.125007148167207,21.733287585063188,22.359467032652827,22.10213301309544,7.7,7.7,0.0,0.0,124,0.051630334709857346
22.142162749471034,21.718991250643334,22.339452164465026,22.10213301309544,7.2,7.2,0.0,0.0,113,0.05225238693527731
22.059244009835876,21.76759878767084,22.296563161205466,22.116429347515297,6.7,6.7,0.0,0.0,112,0.052874439160697284
21.933436266941158,21.7418653857151,22.210785154686338,22.116429347515297,6.300000000000001,6.300000000000001,0.0,0.0,109,0.053372080941033254
21.816206324698346,21.718991250643334,22.125007148167207,22.13358494881912,5.9,5.9,0.0,0.0,100,0.053745312276285234
21.724709784411274,21.733287585063188,22.116429347515297,22.185051752730597,5.5,5.5,0.0,0.0,92,0.05386972272136923
21.724709784411274,21.784754388974665,22.150740550122947,22.06782181048779,5.2,5.2,0.0,0.0,80,0.05424295405662121
21.807628524046432,21.816206324698346,22.19362955338251,22.10213301309544,4.9,4.9,0.0,0.0,72,0.054865006282041176
21.950591868244977,21.841939726654083,22.270829759249725,22.202207354034424,4.5,4.5,0.0,0.0,64,0.05598470028779712
22.016355006576312,21.7418653857151,22.359467032652827,22.142162749471034,4.1000000000000005,4.1000000000000005,0.0,0.0,53,0.05697998384846907
22.076399611139703,21.653228112312004,22.40235603591239,22.125007148167207,3.7,3.7,0.0,0.0,46,0.05772644651897303
22.059244009835876,21.701835649339507,22.40235603591239,22.093555212443526,3.3000000000000003,3.3000000000000003,0.0,0.0,22,0.05859731963456099
21.942014067593064,21.693257848687594,22.322296563161206,22.076399611139703,2.9000000000000004,2.9000000000000004,0.0,0.0,-18,0.05934378230506495
21.86481386172585,21.693257848687594,22.21936295533825,22.13358494881912,2.5,2.5,0.0,0.0,-37,0.0602146554206529
21.85909532795791,21.71041344999142,22.262251958597812,22.15931835077486,2.2,2.2,0.0,0.0,-36,0.06096111809115686
21.942014067593064,21.701835649339507,22.262251958597812,22.06782181048779,1.9000000000000001,1.9000000000000001,0.0,0.0,-36,0.06183199120674482
22.024932807228225,21.7418653857151,22.33087436381312,22.093555212443526,1.7000000000000002,1.7000000000000002,0.0,0.0,-35,0.06307609565758475
22.03351060788014,21.75902098701893,22.339452164465026,22.202207354034424,1.5,1.5,0.0,0.0,-35,0.06382255832808872
22.042088408532052,21.71041344999142,22.339452164465026,22.15931835077486,1.4000000000000001,1.4000000000000001,0.0,0.0,-34,0.0643202001084247
21.973466003316748,21.67610224738377,22.313718762509293,22.15931835077486,1.4000000000000001,1.4000000000000001,0.0,0.0,-34,0.06494225233384467
21.881969463029677,21.71041344999142,22.322296563161206,22.150740550122947,1.3,1.3,0.0,0.0,-34,0.06506666277892866
21.816206324698346,21.661805912963914,22.322296563161206,22.16789615142677,1.3,1.3,0.0,0.0,-34,0.06506666277892866
21.841939726654083,21.667524446731857,22.30514096185738,22.16789615142677,1.2000000000000002,1.2000000000000002,0.0,0.0,-33,0.06531548366909663
21.824784125350256,21.64465031166009,22.30514096185738,22.116429347515297,1.2000000000000002,1.2000000000000002,0.0,0.0,-33,0.06556430455926462
21.881969463029677,21.667524446731857,22.236518556642075,22.059244009835876,1.1,1.1,0.0,0.0,-9,0.06581312544943262
21.964888202664838,21.701835649339507,22.245096357293985,22.116429347515297,1.1,1.1,0.0,0.0,-9,0.06606194633960061
22.0077772059244,21.653228112312004,22.262251958597812,22.21936295533825,1.1,1.1,0.0,0.0,-22,0.06631076722976859
21.942014067593064,21.604620575284496,22.322296563161206,22.150740550122947,1.0,1.0,0.0,0.0,-33,0.06631076722976859
21.86481386172585,21.61891690970435,22.33087436381312,22.116429347515297,1.0,1.0,0.30000000000000004,0.30000000000000004,-32,0.06631076722976859
21.86481386172585,21.538857436953162,22.376622633956654,22.116429347515297,1.0,1.0,1.2000000000000002,1.2000000000000002,-32,0.06668399856502057
21.841939726654083,21.538857436953162,22.313718762509293,22.116429347515297,1.0,1.0,2.7,2.7,-15,0.06730605079044054
21.79047292274261,21.52456110253331,22.270829759249725,22.076399611139703,1.0,1.0,4.4,4.4,1,0.06767928212569252
21.816206324698346,21.44450162978212,22.22794075599016,22.06782181048779,1.0,1.0,6.9,6.9,-2,0.06817692390602849
21.881969463029677,21.435923829130207,22.210785154686338,22.016355006576312,1.0,1.0,9.600000000000001,9.600000000000001,-3,0.06904779702161645
21.95916966889689,21.467375764853887,22.236518556642075,22.016355006576312,1.0,1.0,12.700000000000001,12.700000000000001,-5,0.07041631191754039
21.91628066563733,21.370160690798876,22.22794075599016,22.06782181048779,1.0,1.0,16.0,16.0,-7,0.07116277458804433
21.86481386172585,21.31583462000343,22.287985360553552,21.982043803968658,1.0,1.0,19.700000000000003,19.700000000000003,-8,0.07116277458804433
21.824784125350256,21.2300566134843,22.262251958597812,21.873391662377763,1.0,1.0,23.0,23.0,-6,0.07116277458804433
21.76759878767084,21.09853033682164,22.287985360553552,21.85909532795791,1.0,1.0,24.1,24.1,-6,0.07116277458804433
21.724709784411274,21.004174529650598,22.210785154686338,21.841939726654083,2.9000000000000004,2.9000000000000004,19.8,19.8,-6,0.07116277458804433
21.693257848687594,21.075656201749872,22.150740550122947,21.881969463029677,2.8000000000000003,2.8000000000000003,24.400000000000002,24.400000000000002,-7,0.07116277458804433
21.667524446731857,20.944129925087204,22.150740550122947,21.824784125350256,2.7,2.7,25.700000000000003,25.700000000000003,-21,0.07116277458804433
21.718991250643334,20.921255790015437,22.125007148167207,21.71041344999142,2.6,2.6,25.700000000000003,25.700000000000003,-25,0.07128718503312834
21.750443186367015,20.77829244581689,22.150740550122947,21.701835649339507,2.5,2.5,25.5,25.5,-30,0.07116277458804433
21.784754388974665,20.69537370618173,22.142162749471034,21.7418653857151,2.4000000000000004,2.4000000000000004,25.5,25.5,-30,0.07128718503312834
21.733287585063188,20.62103276719849,22.142162749471034,21.71041344999142,2.4000000000000004,2.4000000000000004,25.400000000000002,25.400000000000002,-30,0.07116277458804433
21.68468004803568,20.455195287928174,22.13358494881912,21.7418653857151,2.3000000000000003,2.3000000000000003,25.3,25.3,-21,0.07116277458804433
21.596042774632583,20.2950763424258,22.13358494881912,21.718991250643334,2.3000000000000003,2.3000000000000003,18.7,25.200000000000003,-21,0.07128718503312834
21.564590838908902,20.366558014525076,22.084977411791613,21.68468004803568,2.3000000000000003,2.3000000000000003,14.100000000000001,25.1,-18,0.07128718503312834
21.547435237605075,20.63246983473437,22.03351060788014,21.636072511008177,2.3000000000000003,2.3000000000000003,10.600000000000001,25.0,-18,0.07116277458804433
21.48167209927374,21.044204266026192,22.016355006576312,21.701835649339507,3.8000000000000003,4.2,6.9,21.6,-14,0.07128718503312834
21.44450162978212,21.207182478412534,21.907702864985417,21.71041344999142,3.8000000000000003,4.0,6.9,25.700000000000003,-9,0.07128718503312834
21.41019042717447,21.275804883627835,21.91628066563733,21.636072511008177,3.8000000000000003,4.0,6.9,25.8,-3,0.07128718503312834
21.418768227826384,21.28438268427975,21.907702864985417,21.693257848687594,3.8000000000000003,4.0,6.9,25.8,-4,0.07128718503312834
21.338708755075196,21.152856407617087,21.95916966889689,21.58746497398067,5.2,4.0,6.9,19.3,-4,0.07128718503312834
21.26150854920798,21.044204266026192,21.964888202664838,21.64465031166009,5.2,5.2,5.6000000000000005,22.3,-4,0.07128718503312834
21.19860467776062,21.052782066678102,21.907702864985417,21.653228112312004,7.2,6.1000000000000005,5.6000000000000005,18.0,-5,0.07128718503312834
21.158574941385027,21.089952536169726,21.718991250643334,21.693257848687594,6.7,6.1000000000000005,5.6000000000000005,20.6,-5,0.07141159547821233
21.10424887058958,21.12998227254532,21.67610224738377,21.50740550122948,6.7,6.1000000000000005,5.6000000000000005,23.8,-5,0.07153600592329633
21.10424887058958,21.158574941385027,21.67610224738377,21.48167209927374,6.7,7.0,5.6000000000000005,24.3,-5,0.07153600592329633
21.175730542688854,20.981300394578827,21.653228112312004,21.395894092754613,6.7,7.0,5.6000000000000005,24.200000000000003,-6,0.07153600592329633
21.212901012180474,20.952707725739117,21.733287585063188,21.44450162978212,8.5,9.3,5.6000000000000005,17.7,-6,0.07153600592329633
21.12998227254532,20.921255790015437,21.653228112312004,21.64465031166009,8.5,8.6,5.6000000000000005,21.700000000000003,-6,0.07166041636838032
21.058500600446045,20.981300394578827,21.661805912963914,21.467375764853887,8.5,8.6,5.6000000000000005,23.3,-6,0.0717848268134643
20.981300394578827,21.004174529650598,21.596042774632583,21.427346028478294,8.5,8.6,5.6000000000000005,23.200000000000003,-7,0.07215805814871629
20.944129925087204,20.89838165494367,21.596042774632583,21.28438268427975,10.0,11.3,5.6000000000000005,18.3,-7,0.07290452081922025
20.875507519871903,20.824040715960425,21.48167209927374,21.364442157030936,10.0,11.3,5.6000000000000005,22.5,-7,0.07402421482497619
20.80116658088866,20.846914851032192,21.41019042717447,21.324412420655342,11.8,11.3,5.6000000000000005,17.2,-7,0.07501949838564814
20.749699776977184,20.82975924972837,21.387316292102703,21.332990221307256,11.8,11.3,5.6000000000000005,21.1,-8,0.07613919239140408
20.74112197632527,20.824040715960425,21.338708755075196,21.175730542688854,11.8,11.3,5.6000000000000005,21.700000000000003,-8,0.07713447595207602
20.68965517241379,20.77829244581689,21.370160690798876,21.12998227254532,11.8,14.100000000000001,5.6000000000000005,21.700000000000003,-8,0.07825416995783198
20.703951506833643,20.755418310745124,21.307256819351515,21.112826671241493,13.200000000000001,12.700000000000001,8.3,17.8,-9,0.07924945351850393
20.69537370618173,20.718247841253504,21.332990221307256,21.221478812832387,13.200000000000001,12.700000000000001,8.3,21.0,-9,0.07987150574392389
20.65820323669011,20.643906902270256,21.324412420655342,21.152856407617087,13.200000000000001,12.700000000000001,8.3,21.0,-9,0.08012032663409187
20.57814376393892,20.59244009835878,21.31583462000343,21.052782066678102,13.200000000000001,12.700000000000001,8.3,20.8,-10,0.08036914752425986
20.53525476067936,20.56384742951907,21.307256819351515,20.975581860810884,13.200000000000001,14.8,8.3,20.700000000000003,-10,0.08036914752425986
20.569565963287012,20.489506490535824,21.207182478412534,20.981300394578827,13.200000000000001,14.8,8.3,20.5,-10,0.08036914752425986
20.518099159375534,20.429461885972437,21.175730542688854,20.975581860810884,13.200000000000001,14.8,8.3,20.200000000000003,-11,0.08049355796934386
20.555269628867155,20.44661748727626,21.09853033682164,21.004174529650598,14.8,14.8,8.3,16.1,-11,0.08049355796934386
20.460913821696117,20.37513581517699,21.121404471893406,21.012752330302508,14.8,14.8,8.3,19.0,-11,0.08049355796934386
20.395150683364783,20.37513581517699,21.13570080631326,20.98987819523074,14.8,14.8,8.3,19.0,-11,0.08049355796934386
20.41802481843655,20.332246811917422,21.144278606965173,21.02133013095442,14.8,14.8,8.3,19.0,-12,0.08049355796934386
20.409447017784636,20.309372676845655,21.19860467776062,20.92983359066735,14.8,14.8,8.3,18.900000000000002,-12,0.08049355796934386
20.432321152856407,20.340824612569335,21.184308343340767,20.824040715960425,14.8,14.8,8.3,19.0,-12,0.08049355796934386
20.423743352204493,20.246468805398294,21.112826671241493,20.852633384800136,14.8,14.8,8.3,19.0,-13,0.08049355796934386
20.31795047749757,20.217876136558587,21.02133013095442,20.906959455595583,18.3,17.900000000000002,8.3,17.900000000000002,-13,0.08061796841442785
20.152112998227253,20.11208326185166,20.944129925087204,20.967004060158974,16.1,16.2,8.3,19.0,-13,0.08061796841442785
20.160690798879166,20.10922399496769,20.944129925087204,20.921255790015437,16.1,16.2,8.3,19.0,-14,0.08061796841442785
20.223594670326527,20.146394464459313,20.952707725739117,20.786870246468805,16.1,16.2,8.3,19.0,-14,0.08086678930459584
20.23789100474638,20.089209126779892,21.004174529650598,20.72682564190541,16.1,16.2,8.3,19.0,-14,0.0814888415300158
20.20357980213873,20.07491279236004,20.95842625950706,20.723966375021444,16.1,16.2,8.3,19.0,-15,0.0817376624201838
20.2064390690227,20.066334991708125,20.952707725739117,20.732544175673358,18.2,17.8,8.3,17.8,-15,0.08198648331035177
20.07491279236004,20.07491279236004,20.83833705038028,20.815462915308512,18.2,17.8,8.3,19.1,-19,0.08198648331035177
20.014868187796647,20.089209126779892,20.755418310745124,20.706810773717617,18.2,17.8,8.3,19.200000000000003,-19,0.08211089375543579
19.9605421170012,19.99485331960885,20.72682564190541,20.666781037342023,18.2,17.8,8.3,19.200000000000003,-19,0.08211089375543579
19.92909018127752,19.92909018127752,20.74112197632527,20.629610567850403,19.400000000000002,19.1,8.3,19.3,-19,0.08211089375543579
19.86046777606222,19.869045576714125,20.749699776977184,20.586721564590835,19.400000000000002,19.200000000000003,8.3,19.3,-19,0.08211089375543579
19.714645164979697,19.849030708526332,20.643906902270256,20.629610567850403,19.400000000000002,19.200000000000003,8.3,19.3,-23,0.08211089375543579
19.6260078915766,19.85474924229427,20.57814376393892,20.59244009835878,19.400000000000002,19.3,8.3,19.3,-23,0.08211089375543579
19.58883742208498,19.82329730657059,20.495225024303767,20.601017899010692,19.400000000000002,19.3,8.3,19.3,-23,0.08211089375543579
19.465888946074223,19.800423171498824,20.518099159375534,20.601017899010692,19.5,19.5,8.3,19.5,-26,0.08211089375543579
19.440155544118486,19.766111968891174,20.57814376393892,20.483787956767884,19.6,19.6,8.3,19.6,-26,0.08211089375543579
19.374392405787155,19.740378566935437,20.569565963287012,20.38085434894493,19.6,19.6,8.3,19.6,-26,0.08211089375543579
19.27717733173214,19.740378566935437,20.460913821696117,20.32366901126551,19.6,19.6,8.3,19.6,-26,0.08235971464560377
19.054154514782407,19.646022759764396,20.360839480757132,20.332246811917422,19.6,19.6,8.3,19.6,-26,0.08260853553577176
18.859724366672385,19.585978155201005,20.303654143077715,20.366558014525076,19.6,19.6,8.3,19.6,-30,0.08260853553577176
18.782524160805167,19.537370618173497,20.260765139818147,20.260765139818147,19.6,19.6,8.3,19.6,-30,0.08260853553577176
18.699605421170013,19.460170412306283,20.223594670326527,20.189283467718873,19.6,19.6,8.3,19.6,-30,0.08260853553577176
18.6710127523303,19.48876308114599,20.195002001486817,20.117801795619602,19.6,19.6,8.3,19.5,-30,0.08260853553577176
18.630983015954705,19.391548007090982,20.089209126779892,20.066334991708125,19.6,19.6,8.3,19.5,-30,0.08260853553577176
18.51947160747984,19.42014067593069,20.08349059301195,20.132098130039456,19.6,19.6,8.3,19.5,-30,0.08260853553577176
18.33361926002173,19.391548007090982,20.103505461199745,20.034883055984444,19.6,19.6,8.3,19.5,-30,0.08260853553577176
18.239263452850686,19.374392405787155,20.089209126779892,20.003431120260764,19.6,19.6,8.3,19.5,-30,0.08260853553577176
18.27643392234231,19.365814605135242,20.020586721564587,19.977697718305027,19.6,19.6,8.3,19.5,-30,0.08260853553577176
18.436552867844682,19.245725396008464,19.943386515697373,19.894778978669866,19.5,19.5,8.3,19.5,-30,0.08260853553577176
18.61668668153485,19.225710527820663,19.90907531308972,19.849030708526332,19.5,19.5,8.3,19.5,-30,0.08235971464560377
18.713901755589866,19.108480585577855,19.788986103962944,19.76039343512323,19.5,19.5,8.3,19.5,-30,0.0817376624201838
18.61668668153485,19.022702579058727,19.72036369874764,19.797563904614854,19.5,19.5,8.3,19.5,-30,0.08136443108493181
18.37078972951335,19.028421112826667,19.706067364327783,19.740378566935437,19.5,19.5,8.3,19.5,-30,0.08086678930459584
18.327900726253784,18.919768971235772,19.78040830331103,19.697489563675873,18.0,18.0,8.3,19.5,-30,0.08024473707917587
18.636701549722652,18.9369245725396,19.90907531308972,19.72608223251558,18.0,16.8,10.3,19.400000000000002,-30,0.07924945351850393
18.836850231600614,18.836850231600614,19.900497512437813,19.585978155201005,18.0,16.0,11.8,19.400000000000002,-30,0.07850299084799996
18.682449819866186,18.81969463029679,19.794704637730884,19.563104020129238,18.0,16.0,11.8,19.3,-23,0.07825416995783198
18.556642076971464,18.736775890661633,19.62886715846057,19.59741522273689,18.0,16.1,11.8,19.200000000000003,-20,0.07800534906766399
18.593812546463084,18.65385715102647,19.57168182078115,19.531652084405557,18.0,16.1,11.8,19.1,-16,0.07738329684224401
18.62240521530279,18.570938411391317,19.580259621433065,19.563104020129238,18.0,16.1,11.8,19.1,-16,0.07701006550699203
18.48801967175616,18.496597472408073,19.59741522273689,19.45159261165437,18.0,16.1,11.8,19.0,-16,0.07688565506190805
18.39366386458512,18.51947160747984,19.580259621433065,19.348659003831415,18.0,16.1,11.8,19.0,-15,0.07676124461682406
18.385086063933205,18.45084920226454,19.525933550637617,19.257162463544343,18.0,16.1,11.8,19.0,-15,0.07663683417174005
18.413678732772915,18.45942700291645,19.497340881797903,19.228569794704637,16.6,16.1,11.8,19.0,-15,0.07663683417174005
18.510893806827927,18.473723337336306,19.480185280494076,19.317207068107734,16.6,16.1,11.8,18.900000000000002,-15,0.07663683417174005
18.525190141247784,18.473723337336306,19.440155544118486,19.257162463544343,16.6,16.1,11.8,18.900000000000002,-15,0.07663683417174005
18.45942700291645,18.465145536684393,19.374392405787155,19.214273460284783,16.6,16.1,11.8,18.900000000000002,-15,0.07663683417174005
18.327900726253784,18.473723337336306,19.317207068107734,19.12563618688168,16.6,16.1,11.8,19.0,-15,0.07663683417174005
18.204952250243036,18.496597472408073,19.26859953108023,19.028421112826667,16.6,16.1,11.8,19.0,-15,0.07663683417174005
18.21067078401098,18.399382398353058,19.231429061588607,19.085606450506088,16.6,16.1,11.8,19.0,-15,0.07676124461682406
18.204952250243036,18.37078972951335,19.17424372390919,18.982672842683133,16.6,16.1,11.8,19.0,-15,0.07701006550699203
18.053411105392577,18.2478412535026,19.12563618688168,19.03128037971064,16.6,16.1,11.8,19.0,-15,0.07701006550699203
17.990507233945216,18.305026591182017,19.11133985246183,18.922628238119746,16.6,16.1,11.8,19.0,-15,0.07688565506190805
18.024818436552867,18.253559787270543,19.06845084920226,18.896894836164005,16.6,16.1,11.8,19.0,-15,0.07701006550699203
18.053411105392577,18.253559787270543,19.054154514782407,18.914050437467832,16.6,16.1,11.8,19.0,-16,0.07688565506190805
17.984788700177273,18.18207811517127,18.976954308915193,18.868302167324295,16.6,16.1,11.8,19.0,-15,0.07688565506190805
17.913307028078,18.16206324698347,18.928346771887686,18.868302167324295,16.6,16.1,11.8,19.1,-15,0.07688565506190805
17.878995825470348,18.16206324698347,18.896894836164005,18.793961228341054,16.6,16.1,11.8,19.1,-14,0.07688565506190805
17.79607708583519,18.147766912563615,18.891176302396065,18.79110196145708,16.6,16.1,11.8,19.1,-15,0.07688565506190805
17.776062217647393,18.139189111911705,18.868302167324295,18.705323954937953,16.6,16.1,11.8,19.1,-15,0.07676124461682406
17.8932921598902,18.019099902784927,18.81969463029679,18.65957568479442,16.6,16.1,11.8,19.1,-15,0.07688565506190805
17.864699491050494,18.024818436552867,18.705323954937953,18.65385715102647,16.6,16.1,11.8,19.1,-15,0.07688565506190805
17.70172127866415,17.913307028078,18.668153485446332,18.645279350374565,16.6,16.1,11.8,19.1,-16,0.07676124461682406
17.633098873448848,17.913307028078,18.61668668153485,18.562360610739404,16.6,16.1,11.8,19.200000000000003,-16,0.07651242372665606
17.687424944244295,17.873277291702404,18.630983015954705,18.525190141247784,16.6,16.1,11.8,19.200000000000003,-16,0.07651242372665606
17.83038828844284,17.85898095728255,18.65957568479442,18.562360610739404,16.6,16.1,11.8,19.3,-16,0.07651242372665606
17.878995825470348,17.781780751415337,18.62240521530279,18.465145536684393,16.6,16.1,11.8,19.3,-17,0.07638801328157208
17.838966089094754,17.776062217647393,18.562360610739404,18.48230113798822,16.6,16.1,11.8,19.3,-17,0.07626360283648807
17.790358552067246,17.77034368387945,18.496597472408073,18.39366386458512,16.6,16.1,11.8,19.3,-17,0.07601478194632008
17.70743981243209,17.747469548807683,18.45942700291645,18.347915594441584,16.6,16.1,11.8,19.400000000000002,-18,0.07564155061106811
17.747469548807683,17.756047349459596,18.45942700291645,18.356493395093498,15.200000000000001,16.1,11.8,19.400000000000002,-18,0.07539272972090012
17.844684622862697,17.658832275404585,18.445130668496596,18.27643392234231,15.200000000000001,16.1,11.8,19.400000000000002,-18,0.07539272972090012
17.790358552067246,17.61880253902899,18.319322925601877,18.267856121690397,15.200000000000001,14.8,11.8,19.400000000000002,-18,0.07539272972090012
17.58735060330531,17.513009664322066,18.385086063933205,18.196374449591122,15.200000000000001,14.8,11.8,19.400000000000002,-18,0.07526831927581613
17.48727626236633,17.544461600045747,18.299308057414077,18.21067078401098,15.200000000000001,14.8,11.8,19.400000000000002,-20,0.07514390883073213
17.447246525990735,17.45868359352662,18.362211928861438,18.204952250243036,15.200000000000001,14.8,11.8,19.5,-20,0.07514390883073213
17.48727626236633,17.43866872533882,18.319322925601877,18.2478412535026,15.200000000000001,14.8,11.8,19.5,-19,0.07514390883073213
17.573054268885457,17.361468519471604,18.262137587922457,18.124892777491848,15.200000000000001,14.8,11.8,19.6,-19,0.07514390883073213
17.5787728026534,17.40721678961514,18.21067078401098,18.06770743981243,14.100000000000001,14.8,11.8,19.6,-19,0.07514390883073213
17.567335735117513,17.367187053239547,18.16778178075141,18.03911477097272,14.100000000000001,14.8,11.8,19.6,-19,0.07514390883073213
17.452965059758675,17.418653857151025,18.15348544633156,17.990507233945216,14.100000000000001,13.700000000000001,11.8,19.6,-23,0.07514390883073213
17.42723165780294,17.387201921427344,18.239263452850686,18.00480356836507,14.100000000000001,13.700000000000001,11.8,19.6,-23,0.07514390883073213
17.452965059758675,17.335735117515867,18.15348544633156,17.93618116314977,14.100000000000001,13.700000000000001,11.8,19.700000000000003,-23,0.07514390883073213
17.43866872533882,17.269971979184536,18.061988906044487,17.94189969691771,14.100000000000001,13.700000000000001,11.8,19.700000000000003,-27,0.07539272972090012
17.341453651283807,17.19849030708526,17.947618230685652,17.83038828844284,14.100000000000001,13.700000000000001,11.8,19.700000000000003,-27,0.0757659610561521
17.275690512952476,17.21278664150512,17.961914565105506,17.850403156630637,14.100000000000001,13.700000000000001,11.8,19.700000000000003,-27,0.0757659610561521
17.244238577228796,17.16131983759364,17.976210899525363,17.838966089094754,14.100000000000001,13.700000000000001,11.8,19.8,-27,0.07589037150123609
17.16703837136158,17.18705323954938,18.019099902784927,17.90758849431006,14.100000000000001,13.700000000000001,11.8,20.0,-27,0.07638801328157208
17.16703837136158,17.12986790186996,17.984788700177273,17.76176588322754,14.100000000000001,13.700000000000001,11.8,20.0,-27,0.07676124461682406
17.1355864356379,17.095556699262307,17.93618116314977,17.693143478012235,14.100000000000001,13.700000000000001,11.8,20.0,-30,0.07713447595207602
17.12986790186996,17.089838165494367,17.79607708583519,17.65311374163664,13.0,13.700000000000001,11.8,20.0,-30,0.07788093862258
17.095556699262307,17.109853033682164,17.7360324812718,17.6473952078687,13.0,13.700000000000001,11.8,20.1,-30,0.07887622218325194
17.026934294047006,17.095556699262307,17.713158346200032,17.70172127866415,13.0,13.700000000000001,11.8,20.1,-30,0.0796226848537559
17.032652827814946,17.078401097958483,17.741751015039743,17.607365471493107,13.0,13.700000000000001,11.8,20.200000000000003,-30,0.0797470952988399
17.00977869274318,16.9583118888317,17.68170641047635,17.573054268885457,13.0,13.700000000000001,11.8,20.200000000000003,-30,0.08024473707917587
16.909704351804194,16.93257848687596,17.65311374163664,17.533024532509863,13.0,13.700000000000001,11.8,20.3,-30,0.08049355796934386
16.821067078401096,16.86681534854463,17.638817407216788,17.498713329902213,13.0,12.600000000000001,11.8,20.3,-30,0.08049355796934386
16.76674100760565,16.903985818036254,17.6473952078687,17.498713329902213,13.0,12.600000000000001,11.8,20.3,-30,0.08061796841442785
16.729570538114025,16.821067078401096,17.68170641047635,17.538743066277807,13.0,12.600000000000001,11.8,20.400000000000002,-30,0.08099119974967983
16.729570538114025,16.82964487905301,17.633098873448848,17.40721678961514,13.0,12.600000000000001,11.8,20.400000000000002,-30,0.08136443108493181
16.778178075141533,16.749585406301822,17.544461600045747,17.40721678961514,13.0,12.600000000000001,11.8,20.400000000000002,-30,0.0817376624201838
16.778178075141533,16.76674100760565,17.43866872533882,17.289986847372333,13.0,12.600000000000001,11.8,20.400000000000002,-27,0.08198648331035177
16.76674100760565,16.729570538114025,17.418653857151025,17.327157316863953,13.0,12.600000000000001,11.8,20.400000000000002,-24,0.08198648331035177
16.723852004346085,16.755303940069766,17.432950191570878,17.321438783096013,12.0,12.600000000000001,11.8,20.400000000000002,-21,0.08198648331035177
16.755303940069766,16.68382226797049,17.432950191570878,17.321438783096013,12.0,12.600000000000001,11.8,20.400000000000002,-18,0.08198648331035177
16.76674100760565,16.675244467318578,17.40721678961514,17.204208840853205,12.0,12.600000000000001,11.8,20.400000000000002,-18,0.08198648331035177
16.749585406301822,16.575170126379593,17.341453651283807,17.21850517527306,12.0,12.600000000000001,11.8,20.5,-19,0.08198648331035177
16.71813347057814,16.586607193915476,17.31572024932807,17.1355864356379,12.0,12.600000000000001,11.8,20.5,-18,0.08223530420051978
16.603762795219303,16.49796992051238,17.269971979184536,17.172756905129525,12.0,12.600000000000001,11.8,20.5,-19,0.08285735642593973
16.543718190655913,16.520844055584146,17.321438783096013,17.155601303825698,12.0,12.600000000000001,11.8,20.5,-19,0.08385263998661167
16.520844055584146,16.44936238348487,17.335735117515867,17.12986790186996,12.0,12.600000000000001,11.8,20.5,-19,0.08484792354728364
16.549436724423856,16.46079945102076,17.295705381140273,17.078401097958483,12.0,11.600000000000001,11.8,20.6,-18,0.0857187966628716
16.580888660147536,16.369302910733687,17.321438783096013,16.9783267570195,12.0,11.600000000000001,11.8,20.6,-18,0.08609202799812357
16.537999656887973,16.397895579573397,17.229942242808942,17.01549722651112,12.0,11.600000000000001,11.8,20.6,-17,0.08646525933337555
16.492251386744435,16.369302910733687,17.19277177331732,17.021215760279063,12.0,11.600000000000001,11.8,20.6,-17,0.08696290111371152
16.432206782181048,16.40933264710928,17.109853033682164,17.01549722651112,11.100000000000001,11.600000000000001,11.8,20.700000000000003,-17,0.08758495333913151
16.48081431920855,16.357865843197803,17.095556699262307,16.93257848687596,11.100000000000001,11.600000000000001,11.8,20.700000000000003,-16,0.08870464734488744
16.47509578544061,16.35214730942986,17.078401097958483,16.93257848687596,11.100000000000001,11.600000000000001,11.8,20.8,-16,0.08969993090555937
16.432206782181048,16.240635900954995,17.052667696002743,16.89540801738434,11.100000000000001,11.600000000000001,11.8,20.8,-16,0.09032198313097936
16.35214730942986,16.25779150225882,17.01549722651112,16.852519014124777,11.100000000000001,11.600000000000001,11.8,20.8,-17,0.09106844580148331
16.246354434722935,16.17773202950763,17.04123062846686,16.841081946588893,11.100000000000001,11.600000000000001,11.8,21.0,-16,0.09156608758181928
16.212043232115285,16.2006061645794,17.026934294047006,16.846800480356833,11.100000000000001,10.5,11.8,21.0,-16,0.09193931891707127
16.229198833419108,16.123405958712183,17.052667696002743,16.809630010865213,11.100000000000001,10.5,11.8,21.0,-16,0.09243696069740724
16.240635900954995,16.123405958712183,17.04123062846686,16.79819294332933,10.200000000000001,10.5,11.8,21.1,-16,0.09281019203265922
16.263510036026762,16.037627952193056,16.969748956367585,16.73814833876594,10.200000000000001,10.5,11.8,21.1,-15,0.09305901292282721
16.22348029965117,16.066220621032766,16.903985818036254,16.749585406301822,10.200000000000001,9.700000000000001,11.8,21.1,-14,0.09305901292282721
16.194887630811458,16.04906501972894,16.903985818036254,16.68382226797049,9.3,9.700000000000001,11.8,21.1,-14,0.09305901292282721
16.189169097043518,16.094813289872473,16.878252416080514,16.70097786927432,9.3,9.700000000000001,11.8,21.200000000000003,-15,0.09330783381299519
16.17773202950763,16.04620575284497,16.878252416080514,16.646651798478867,9.3,8.8,11.8,21.3,-14,0.09380547559333118
16.134843026248067,16.006176016469375,16.852519014124777,16.695259335506375,8.5,8.8,11.8,21.3,-14,0.09430311737366714
16.106250357408356,15.96042774632584,16.821067078401096,16.603762795219303,8.5,8.8,11.8,21.3,-14,0.09492516959908712
16.026190884657172,15.911820209298334,16.749585406301822,16.586607193915476,8.5,8.1,11.8,21.3,-15,0.09604486360484306
15.923257276834217,15.8660719391548,16.749585406301822,16.575170126379593,8.0,8.1,11.8,21.400000000000002,-15,0.097164557610599
15.90038314176245,15.860353405386856,16.743866872533882,16.629496197175044,8.0,8.1,11.8,21.6,-15,0.09828425161635494
15.894664607994509,15.803168067707439,16.70097786927432,16.549436724423856,8.0,8.1,11.8,21.700000000000003,-16,0.0994039456221109
15.851775604734943,15.791731000171556,16.70097786927432,16.543718190655913,8.0,8.1,11.8,22.0,-19,0.10052363962786683
15.846057070967003,15.743123463144048,16.640933264710927,16.455080917252815,7.4,7.4,11.8,22.0,-20,0.10164333363362278
15.84033853719906,15.740264196260078,16.598044261451363,16.437925315948988,7.4,7.4,11.8,22.0,-20,0.10251420674921072
15.791731000171556,15.768856865099787,16.569451592611653,16.420769714645164,7.4,7.4,11.8,22.0,-19,0.10338507986479867
15.78029393263567,15.731686395608165,16.575170126379593,16.426488248413104,7.4,7.4,11.8,22.1,-19,0.10450477387055462
15.743123463144048,15.74884199691199,16.537999656887973,16.334991708126037,6.9,7.0,11.8,22.200000000000003,-19,0.10574887832139457
15.737404929376106,15.6887973923486,16.52656258935209,16.363584376965747,6.9,7.0,11.8,22.400000000000002,-23,0.1068685723271505
15.705952993652426,15.677360324812716,16.469377251672668,16.309258306170296,6.9,7.0,11.8,22.400000000000002,-23,0.10811267677799044
15.654486189740949,15.594441585177558,16.44936238348487,16.303539772402356,6.9,7.0,11.8,22.5,-23,0.1087347290034104
15.583004517641674,15.620174987133298,16.426488248413104,16.280665637330586,6.4,6.4,11.8,22.5,-23,0.10885913944849439
15.514382112426372,15.534396980614169,16.41505118087722,16.269228569794702,6.4,6.4,11.8,22.700000000000003,-27,0.10885913944849439
15.500085778006518,15.557271115685937,16.403614113341337,16.25207296849088,6.4,6.4,11.8,23.0,-27,0.10885913944849439
15.485789443586663,15.488648710470635,16.420769714645164,16.22348029965117,6.4,6.4,11.8,23.0,-26,0.10885913944849439
15.514382112426372,15.468633842282838,16.357865843197803,16.194887630811458,6.4,6.4,11.8,23.1,-27,0.10885913944849439
15.494367244238575,15.394292903299593,16.297821238634413,16.166294961971747,6.1000000000000005,5.9,11.8,23.1,-27,0.10885913944849439
15.440041173443127,15.348544633156058,16.28638417109853,16.117687424944243,6.0,5.9,11.8,23.200000000000003,-27,0.10885913944849439
15.425744839023274,15.354263166924,16.246354434722935,16.123405958712183,6.0,5.9,11.8,23.3,-27,0.10885913944849439
15.44861897409504,15.339966832504144,16.25207296849088,16.066220621032766,5.800000000000001,5.9,11.8,23.400000000000002,-31,0.10885913944849439
15.480070909818721,15.348544633156058,16.229198833419108,16.054783553496883,5.6000000000000005,5.6000000000000005,11.8,23.400000000000002,-31,0.10885913944849439
15.482930176702691,15.29421856236061,16.240635900954995,16.031909418425116,5.4,5.5,11.8,23.5,-31,0.10885913944849439
15.462915308514894,15.26276662663693,16.229198833419108,16.01475381712129,5.300000000000001,5.300000000000001,11.8,23.5,-31,0.10885913944849439
15.400011437067533,15.1769886201178,16.22348029965117,15.98902041516555,5.1000000000000005,5.1000000000000005,11.8,23.6,-23,0.10885913944849439
15.314233430548406,15.188425687653686,16.246354434722935,15.983301881397608,4.9,4.9,11.8,23.6,-19,0.10885913944849439
15.314233430548406,15.11408474867044,16.212043232115285,15.966146280093783,4.800000000000001,4.800000000000001,11.8,23.700000000000003,-15,0.10885913944849439
15.288500028592667,15.134099616858236,16.22348029965117,15.9547092125579,4.800000000000001,4.800000000000001,11.8,24.0,-15,0.10885913944849439
15.26848516040487,15.028306742151312,16.160576428203807,15.937553611254073,4.800000000000001,4.800000000000001,11.8,24.0,-15,0.10885913944849439
15.26276662663693,15.042603076571165,16.1119688911763,15.877509006690683,4.6000000000000005,4.6000000000000005,11.8,24.0,-14,0.10885913944849439
15.239892491565163,14.956825070052037,16.07765768856865,15.87179047292274,4.5,4.5,11.8,24.0,-14,0.10885913944849439
15.23417395779722,14.945388002516154,16.07765768856865,15.84033853719906,4.4,4.4,11.8,24.0,-14,0.10885913944849439
15.197003488305596,14.982558472007774,16.071939154800706,15.817464402127293,4.4,4.4,11.8,24.0,-12,0.10885913944849439
15.208440555841479,14.951106536284096,16.054783553496883,15.763138331331845,4.4,4.4,11.8,24.3,-12,0.1089835498935784
15.214159089609423,14.996854806427631,16.043346485961,15.811745868359353,4.4,4.4,11.8,24.3,-12,0.10923237078374638
15.208440555841479,14.96540287070395,15.994738948933492,15.705952993652426,4.4,4.4,11.8,24.3,-12,0.10948119167391437
15.197003488305596,14.976839938239834,15.96042774632584,15.711671527420368,4.4,4.4,11.8,24.6,-12,0.11010324389933433
15.148395951278092,14.90249899925659,15.937553611254073,15.694515926116543,4.4,4.4,11.8,24.8,-12,0.11084970656983831
15.096929147366614,14.90535826614056,15.906101675530392,15.720249328072281,4.4,4.4,11.8,25.0,-12,0.11159616924034226
15.028306742151312,14.839595127809227,15.888946074226567,15.645908389089035,4.4,4.4,11.8,25.1,-13,0.11196940057559424
14.991136272659688,14.84817292846114,15.894664607994509,15.663063990392862,4.4,4.4,11.8,25.200000000000003,-12,0.11234263191084622
14.96540287070395,14.81672099273746,15.828901469663176,15.603019385829471,4.3,4.3,11.8,25.400000000000002,-13,0.1127158632460982
14.991136272659688,14.836735860925257,15.811745868359353,15.583004517641674,4.2,4.2,11.8,25.6,-14,0.11296468413626617
14.96540287070395,14.822439526505404,15.803168067707439,15.562989649453877,4.0,4.0,11.8,25.6,-14,0.11308909458135019
14.991136272659688,14.768113455709955,15.78029393263567,15.548693315034024,3.9000000000000004,3.9000000000000004,11.8,25.700000000000003,-14,0.11308909458135019
14.96540287070395,14.748098587522158,15.754560530679932,15.502945044890488,3.8000000000000003,3.8000000000000003,11.8,26.0,-14,0.11346232591660217
14.919654600560415,14.768113455709955,15.725967861840223,15.50866357865843,3.8000000000000003,3.7,11.8,26.1,-14,0.11408437814202213
14.945388002516154,14.805283925201577,15.705952993652426,15.482930176702691,3.7,3.7,11.8,26.400000000000002,-14,0.11470643036744209
14.90249899925659,14.722365185566419,15.657345456624919,15.44575970721107,3.6,3.6,11.8,26.400000000000002,-15,0.1148308408125261
14.879624864184821,14.730942986218333,15.657345456624919,15.47435237605078,3.5,3.5,11.8,26.6,-14,0.1148308408125261
14.888202664836735,14.653742780351116,15.640189855321095,15.41716703837136,3.4000000000000004,3.4000000000000004,11.8,27.0,-14,0.1148308408125261
14.836735860925257,14.653742780351116,15.645908389089035,15.480070909818721,3.3000000000000003,3.3000000000000003,11.8,27.200000000000003,-14,0.11507966170269408
14.793846857665693,14.625150111511406,15.645908389089035,15.42002630525533,3.2,3.2,11.8,27.3,-14,0.11507966170269408
14.796706124549663,14.585120375135814,15.594441585177558,15.38571510264768,3.1,3.1,11.8,27.700000000000003,-14,0.11545289303794606
14.745239320638186,14.596557442671699,15.562989649453877,15.274203694172813,3.0,3.0,11.8,27.700000000000003,-13,0.11632376615353401
14.69663178361068,14.567964773831989,15.520100646194315,15.288500028592667,2.9000000000000004,2.9000000000000004,11.8,28.1,-14,0.11719463926912198
14.690913249842739,14.553668439412133,15.477211642934751,15.23417395779722,2.8000000000000003,2.8000000000000003,11.8,28.5,-14,0.11806551238470993
14.685194716074797,14.487905301080803,15.477211642934751,15.26848516040487,2.8000000000000003,2.7,11.8,28.6,-14,0.11893638550029789
14.65946131411906,14.476468233544917,15.45147824097901,15.208440555841479,2.7,2.7,11.8,29.0,-15,0.11980725861588583
14.665179847887,14.470749699776976,15.468633842282838,15.214159089609423,2.6,2.6,11.8,29.200000000000003,-16,0.12067813173147378
14.639446445931263,14.505060902384628,15.431463372791214,15.162692285697945,2.6,2.6,11.8,29.400000000000002,-17,0.12154900484706174
14.642305712815233,14.519357236804481,15.397152170183563,15.102647681134556,2.5,2.5,11.8,29.6,-20,0.12241987796264969
14.648024246583175,14.445016297821239,15.365700234459883,15.128381083090295,2.5,2.4000000000000004,11.8,29.700000000000003,-20,0.12329075107823766
14.619431577743466,14.439297764053295,15.365700234459883,15.11408474867044,2.4000000000000004,2.4000000000000004,11.8,30.200000000000003,-20,0.12403721374874162
14.573683307599929,14.356379024418137,15.377137301995766,15.134099616858236,2.4000000000000004,2.4000000000000004,11.8,30.400000000000002,-20,0.12490808686432958
14.567964773831989,14.390690227025788,15.400011437067533,15.096929147366614,2.3000000000000003,2.3000000000000003,11.8,30.700000000000003,-20,0.12590337042500152
14.499342368616686,14.33350488934637,15.394292903299593,15.0883513467147,2.3000000000000003,2.3000000000000003,11.8,30.900000000000002,-17,0.12664983309550548
14.482186767312859,14.324927088694457,15.362840967575913,15.025447475267342,2.3000000000000003,2.2,11.8,30.900000000000002,-17,0.12702306443075745
14.456453365357122,14.273460284782981,15.302796363012522,15.048321610339109,2.2,2.2,11.8,31.1,-17,0.12727188532092545
14.459312632241092,14.262023217247098,15.26276662663693,14.99399553954366,2.2,2.2,11.8,31.5,-17,0.12752070621109343
14.450734831589179,14.267741751015038,15.254188825985016,15.011151140847485,2.1,2.1,11.8,31.6,-17,0.12752070621109343
14.402127294561675,14.204837879567677,15.188425687653686,14.956825070052037,2.1,2.1,11.8,31.6,-17,0.12764511665617745
14.422142162749468,14.190541545147823,15.179847887001772,14.982558472007774,2.1,2.1,11.8,31.5,-17,0.12776952710126144
14.350660490650196,14.161948876308113,15.188425687653686,14.959684336936007,2.0,2.1,11.8,31.400000000000002,-16,0.12776952710126144
14.382112426373878,14.173385943843996,15.162692285697945,14.836735860925257,2.0,2.0,11.8,31.5,-16,0.12789393754634543
14.373534625721964,14.17910447761194,15.168410819465889,14.868187796648938,2.0,2.0,11.8,31.700000000000003,-16,0.12801834799142942
14.344941956882254,14.133356207468404,15.168410819465889,14.90535826614056,2.0,2.0,11.8,31.700000000000003,-16,0.12801834799142942
14.279178818550921,14.104763538628694,15.108366214902498,14.922513867444385,1.9000000000000001,2.0,11.8,31.8,-13,0.12801834799142942
14.279178818550921,14.041859667181333,15.134099616858236,14.8424543946932,1.9000000000000001,2.0,11.8,32.0,-11,0.12801834799142942
14.279178818550921,14.070452336021043,15.094069880482643,14.825298793389374,1.9000000000000001,1.9000000000000001,11.8,32.0,-11,0.12801834799142942
14.262023217247098,14.007548464573683,15.096929147366614,14.790987590781723,1.9000000000000001,1.9000000000000001,11.8,32.0,-10,0.12801834799142942
14.267741751015038,14.02470406587751,15.0883513467147,14.805283925201577,1.9000000000000001,1.9000000000000001,11.8,32.2,-8,0.12801834799142942
14.273460284782981,13.956081660662205,15.062617944758962,14.773831989477896,1.8,1.9000000000000001,11.8,32.2,-6,0.12801834799142942
14.21341568021959,13.950363126894262,15.062617944758962,14.716646651798477,1.8,1.9000000000000001,11.8,31.900000000000002,-4,0.12801834799142942
14.21055641333562,13.961800194430147,14.996854806427631,14.742380053754216,1.8,1.9000000000000001,11.8,31.400000000000002,-3,0.12801834799142942
14.224852747755474,13.887459255446903,15.028306742151312,14.702350317378622,1.8,1.9000000000000001,11.8,30.900000000000002,-4,0.12801834799142942
14.207697146451647,13.927488991822495,15.002573340195571,14.773831989477896,1.8,1.8,11.8,30.200000000000003,-3,0.12801834799142942
14.18482301137988,13.893177789214844,14.991136272659688,14.72808371933436,1.7000000000000002,1.8,11.8,29.5,-2,0.12801834799142942
14.207697146451647,13.927488991822495,14.97112140447189,14.72808371933436,1.7000000000000002,1.8,11.8,28.700000000000003,-1,0.12801834799142942
14.167667410076056,13.961800194430147,14.96540287070395,14.78240979012981,1.7000000000000002,1.7000000000000002,11.8,28.0,0,0.12801834799142942
14.110482072396636,13.893177789214844,14.939669468748212,14.81100245896952,1.7000000000000002,1.7000000000000002,11.8,27.200000000000003,1,0.12801834799142942
14.099045004860752,13.91033339051867,14.956825070052037,14.84817292846114,1.6,1.7000000000000002,11.8,26.400000000000002,2,0.12839157932668138
14.09332647109281,13.844570252187339,14.893921198604676,14.7538171212901,1.5,1.7000000000000002,11.8,26.8,3,0.12951127333243734
14.053296734717216,13.850288785955279,14.8424543946932,14.733802253102303,1.5,1.6,11.8,27.0,3,0.13087978822836127
14.018985532109566,13.876022187911019,14.796706124549663,14.648024246583175,1.5,1.6,11.8,25.6,4,0.13212389267920122
14.001829930805739,13.833133184651455,14.790987590781723,14.670898381654943,1.4000000000000001,1.6,11.8,24.400000000000002,4,0.13374122846529313
13.944644593126322,13.844570252187339,14.765254188825983,14.547949905644192,1.4000000000000001,1.6,11.8,23.3,3,0.13548297469646903
13.950363126894262,13.76165151255218,14.748098587522158,14.582261108251842,1.4000000000000001,1.6,11.8,22.3,3,0.13722472092764496
13.921770458054553,13.778807113856006,14.72808371933436,14.553668439412133,1.4000000000000001,1.6,11.8,21.3,3,0.13859323582356886
13.927488991822495,13.713043975524673,14.708068851146564,14.519357236804481,1.4000000000000001,1.5,11.8,20.400000000000002,4,0.1399617507194928
13.978955795733972,13.718762509292617,14.679476182306855,14.51077943615257,1.4000000000000001,1.5,11.8,19.400000000000002,4,0.14145467606050072
13.91033339051867,13.755932978784237,14.702350317378622,14.413564362097558,1.3,1.5,11.8,18.5,5,0.14257437006625667
13.978955795733972,13.713043975524673,14.690913249842739,14.439297764053295,1.3,1.5,11.8,17.5,5,0.14332083273676063
13.938926059358378,13.750214445016297,14.679476182306855,14.456453365357122,1.3,1.5,11.8,16.6,8,0.1439428849621806
13.876022187911019,13.664436438497168,14.665179847887,14.522216503688453,1.3,1.5,11.8,15.700000000000001,8,0.1440672954072646
13.810259049579688,13.678732772917023,14.653742780351116,14.456453365357122,1.3,1.5,11.8,14.8,9,0.1440672954072646
13.750214445016297,13.70160690798879,14.590838908903756,14.476468233544917,1.3,1.4000000000000001,11.8,13.8,15,0.1440672954072646
13.738777377480414,13.658717904729226,14.590838908903756,14.487905301080803,1.2000000000000002,1.4000000000000001,11.8,12.9,30,0.1440672954072646
13.690169840452906,13.630125235889517,14.573683307599929,14.462171899125062,1.2000000000000002,1.4000000000000001,11.100000000000001,11.9,40,0.1440672954072646
13.695888374220848,13.55006576313833,14.553668439412133,14.487905301080803,1.2000000000000002,1.4000000000000001,10.4,11.0,54,0.1439428849621806
13.718762509292617,13.572939898210096,14.553668439412133,14.422142162749468,1.2000000000000002,1.4000000000000001,9.600000000000001,11.200000000000001,62,0.1439428849621806
13.684451306684965,13.498598959226854,14.525075770572425,14.445016297821239,1.2000000000000002,1.4000000000000001,8.700000000000001,11.200000000000001,75,0.1436940640720126
13.635843769657457,13.567221364442156,14.519357236804481,14.382112426373878,1.2000000000000002,1.4000000000000001,7.800000000000001,9.700000000000001,86,0.14344524318184462
13.621547435237604,13.510036026762737,14.519357236804481,14.439297764053295,1.1,1.4000000000000001,7.0,8.4,92,0.14332083273676063
13.621547435237604,13.49288042545891,14.51077943615257,14.416423628981528,1.1,1.4000000000000001,6.0,8.5,101,0.14332083273676063
13.61582890146966,13.504317492994796,14.530794304340366,14.422142162749468,1.1,1.4000000000000001,5.1000000000000005,8.5,109,0.14332083273676063
13.6415623034254,13.475724824155085,14.530794304340366,14.410705095213585,1.1,1.4000000000000001,4.2,7.800000000000001,112,0.14332083273676063
13.630125235889517,13.535769428718476,14.496483101732714,14.36781609195402,2.1,1.9000000000000001,3.2,4.5,116,0.14319642229167664
13.561502830674213,13.561502830674213,14.505060902384628,14.462171899125062,2.1,1.9000000000000001,2.6,3.6,118,0.14307201184659266
13.524332361182593,13.530050894950532,14.456453365357122,14.439297764053295,2.1,1.8,2.3000000000000003,2.9000000000000004,121,0.14294760140150864
13.555784296906273,13.555784296906273,14.436438497169325,14.476468233544917,2.0,1.7000000000000002,2.1,2.6,121,0.14282319095642465
13.518613827414649,13.504317492994796,14.422142162749468,14.396408760793731,1.9000000000000001,1.6,1.9000000000000001,2.3000000000000003,121,0.14282319095642465
13.512895293646707,13.512895293646707,14.422142162749468,14.390690227025788,1.8,1.5,1.7000000000000002,2.1,120,0.14257437006625667
13.49288042545891,13.510036026762737,14.433579230285355,14.344941956882254,1.7000000000000002,1.4000000000000001,1.5,1.9000000000000001,119,0.14244995962117266
13.487161891690969,13.45570995596729,14.467890432893006,14.33350488934637,1.6,1.4000000000000001,1.4000000000000001,1.7000000000000002,118,0.14220113873100468
13.487161891690969,13.475724824155085,14.462171899125062,14.33636415623034,1.5,1.4000000000000001,1.3,1.5,118,0.1419523178408367
13.487161891690969,13.392806084519929,14.470749699776976,14.313490021158573,1.4000000000000001,1.3,1.3,1.4000000000000001,118,0.1419523178408367
13.498598959226854,13.398524618287869,14.462171899125062,14.36209755818608,1.4000000000000001,1.3,1.2000000000000002,1.4000000000000001,117,0.1418279073957527
13.524332361182593,13.392806084519929,14.422142162749468,14.30205295362269,1.3,1.2000000000000002,1.2000000000000002,1.3,115,0.1418279073957527
13.510036026762737,13.409961685823752,14.422142162749468,14.284897352318865,1.3,1.2000000000000002,1.1,1.2000000000000002,112,0.14170349695066872
13.510036026762737,13.441413621547433,14.422142162749468,14.284897352318865,1.3,1.2000000000000002,1.0,1.2000000000000002,110,0.14145467606050072
13.518613827414649,13.404243152055813,14.396408760793731,14.313490021158573,1.2000000000000002,1.1,1.0,1.1,107,0.14120585517033274
13.512895293646707,13.441413621547433,14.445016297821239,14.3306456224624,1.2000000000000002,1.1,0.9,1.0,104,0.14083262383508077
13.49288042545891,13.42425802024361,14.410705095213585,14.284897352318865,1.2000000000000002,1.1,0.9,1.0,102,0.14021057160966077
13.512895293646707,13.404243152055813,14.416423628981528,14.30205295362269,1.1,1.0,0.9,1.0,99,0.13958851938424083
13.510036026762737,13.409961685823752,14.396408760793731,14.219134213987534,1.1,1.0,0.8,0.9,96,0.13896646715882086
13.435695087779493,13.347057814376392,14.36495682507005,14.279178818550921,1.1,1.0,0.8,0.9,93,0.13859323582356886
13.398524618287869,13.387087550751986,14.344941956882254,14.253445416595184,1.0,0.9,0.7000000000000001,0.8,89,0.13834441493340088
13.384228283868016,13.335620746840508,14.324927088694457,14.273460284782981,1.0,0.9,0.7000000000000001,0.8,86,0.13834441493340088
13.372791216332132,13.358494881912275,14.30205295362269,14.259163950363126,1.0,0.9,0.7000000000000001,0.7000000000000001,83,0.1382200044883169
13.372791216332132,13.315605878652711,14.284897352318865,14.190541545147823,0.9,0.9,0.6000000000000001,0.7000000000000001,78,0.1382200044883169
13.384228283868016,13.261279807857264,14.293475152970776,14.230571281523417,0.9,0.8,0.6000000000000001,0.7000000000000001,73,0.1382200044883169
13.387087550751986,13.315605878652711,14.284897352318865,14.15051180877223,0.9,0.8,0.6000000000000001,0.6000000000000001,67,0.1380955940432329
13.367072682564189,13.269857608509177,14.290615886086806,14.190541545147823,0.8,0.8,0.5,0.6000000000000001,65,0.1380955940432329
13.341339280608452,13.301309544232858,14.273460284782981,14.167667410076056,0.8,0.8,0.5,0.6000000000000001,64,0.1379711835981489
13.384228283868016,13.301309544232858,14.262023217247098,14.196260078915763,0.8,0.7000000000000001,0.5,0.5,56,0.13759795226289692
13.404243152055813,13.332761479956538,14.284897352318865,14.190541545147823,0.8,0.7000000000000001,0.5,0.5,50,0.13734913137272894
13.409961685823752,13.347057814376392,14.236289815291357,14.121919139932519,0.7000000000000001,0.7000000000000001,0.4,0.5,43,0.13722472092764496
13.398524618287869,13.28129467604506,14.21341568021959,14.15051180877223,0.7000000000000001,0.7000000000000001,0.4,0.5,33,0.13685148959239296
13.372791216332132,13.28129467604506,14.207697146451647,14.0647338022531,0.7000000000000001,0.6000000000000001,0.4,0.4,20,0.13635384781205698
13.361354148796249,13.255561274089322,14.18482301137988,14.116200606164579,0.7000000000000001,0.6000000000000001,0.4,0.4,7,0.135731795586637
13.301309544232858,13.198375936409905,14.18482301137988,14.05901526848516,0.7000000000000001,0.6000000000000001,0.4,0.4,-1,0.13486092247104908
13.261279807857264,13.261279807857264,14.187682278263853,14.104763538628694,0.6000000000000001,0.6000000000000001,0.30000000000000004,0.4,-3,0.13386563891037712
13.295591010464916,13.218390804597702,14.161948876308113,14.070452336021043,0.6000000000000001,0.6000000000000001,0.30000000000000004,0.4,-4,0.13287035534970515
13.3070280780008,13.244124206553439,14.139074741236346,14.047578200949276,0.6000000000000001,0.6000000000000001,0.30000000000000004,0.30000000000000004,-5,0.1323727135693692
13.295591010464916,13.204094470177845,14.139074741236346,14.081889403556927,0.6000000000000001,0.5,0.30000000000000004,0.30000000000000004,-5,0.13175066134394922
13.238405672785497,13.195516669525931,14.144793275004288,14.018985532109566,0.6000000000000001,0.5,0.30000000000000004,0.30000000000000004,-5,0.13100419867344526
13.255561274089322,13.261279807857264,14.139074741236346,14.05901526848516,0.5,0.5,0.30000000000000004,0.30000000000000004,-5,0.1302577360029413
13.224109338365642,13.215531537713728,14.161948876308113,14.053296734717216,0.5,0.5,0.30000000000000004,0.30000000000000004,-5,0.12963568377752133
13.229827872133585,13.215531537713728,14.144793275004288,14.110482072396636,0.5,0.5,0.2,0.30000000000000004,-5,0.12938686288735335
13.24984274032138,13.184079601990048,14.127637673700463,14.110482072396636,0.5,0.5,0.2,0.30000000000000004,-6,0.12913804199718534
13.284153942929033,13.195516669525931,14.116200606164579,14.053296734717216,0.5,0.4,0.2,0.2,-5,0.12913804199718534
13.28129467604506,13.229827872133585,14.110482072396636,14.041859667181333,0.5,0.4,0.2,0.2,-5,0.12913804199718534
13.235546405901525,13.235546405901525,14.076170869788985,14.007548464573683,0.5,0.4,0.2,0.2,-5,0.12901363155210135
13.235546405901525,13.261279807857264,14.05901526848516,14.036141133413393,0.4,0.4,0.2,0.2,-5,0.12901363155210135
13.204094470177845,13.209813003945788,14.05901526848516,14.018985532109566,0.4,0.4,0.2,0.2,-5,0.12901363155210135
13.16406473380225,13.124034997426659,14.02470406587751,14.036141133413393,0.4,0.4,0.2,0.2,-4,0.12888922110701737
13.152627666266367,13.169783267570194,14.02470406587751,13.984674329501916,0.4,0.4,0.2,0.2,-3,0.1286404002168494
13.229827872133585,13.15834620003431,14.02470406587751,13.904614856750728,0.4,0.4,0.1,0.2,-4,0.1286404002168494
13.184079601990048,13.204094470177845,14.010407731457653,13.950363126894262,0.4,0.30000000000000004,0.1,0.2,-2,0.1286404002168494
13.184079601990048,13.152627666266367,13.996111397037799,13.927488991822495,0.4,0.30000000000000004,0.1,0.1,-2,0.1286404002168494
13.09544232858695,13.104020129238862,14.001829930805739,13.933207525590438,0.4,0.30000000000000004,0.1,0.1,-1,0.1285159897717654
13.118316463658717,13.1297535311946,14.018985532109566,13.904614856750728,0.30000000000000004,0.30000000000000004,0.1,0.1,2,0.1282671688815974
13.124034997426659,13.058271859095328,13.990392863269856,13.887459255446903,0.30000000000000004,0.30000000000000004,0.1,0.1,11,0.1282671688815974
13.118316463658717,13.078286727283123,14.013266998341622,13.927488991822495,0.30000000000000004,0.30000000000000004,0.1,0.1,7,0.1281427584365134
13.1297535311946,13.09830159547092,14.007548464573683,13.88174072167896,0.30000000000000004,0.30000000000000004,0.1,0.1,14,0.12789393754634543
13.209813003945788,13.058271859095328,13.973237261966032,13.961800194430147,0.30000000000000004,0.30000000000000004,0.1,0.1,16,0.12727188532092545
13.198375936409905,13.029679190255617,13.967518728198089,13.861725853491164,0.30000000000000004,0.30000000000000004,0.1,0.1,28,0.12664983309550548
13.169783267570194,12.995367987647967,13.973237261966032,13.856007319723222,0.30000000000000004,0.30000000000000004,0.1,0.1,27,0.12553013908974955
13.178361068222108,13.00966432206782,13.961800194430147,13.827414650883512,0.30000000000000004,0.30000000000000004,0.1,0.1,33,0.12441044508399361
13.195516669525931,13.04397552467547,13.944644593126322,13.821696117115572,0.30000000000000004,0.2,0.1,0.1,46,0.12378839285857363
13.124034997426659,13.001086521415907,13.904614856750728,13.88174072167896,0.30000000000000004,0.2,0.1,0.1,48,0.12353957196840565
13.109738663006803,13.029679190255617,13.91033339051867,13.821696117115572,0.2,0.2,0.1,0.1,48,0.12329075107823766
13.1297535311946,12.961056785040313,13.916051924286611,13.815977583347628,0.2,0.2,0.1,0.1,54,0.12329075107823766
13.235546405901525,12.926745582432662,13.990392863269856,13.787384914507918,0.2,0.2,0.1,0.1,68,0.12316634063315367
13.378509750100072,12.98107165322811,14.070452336021043,13.778807113856006,0.2,0.2,0.1,0.1,73,0.12316634063315367
13.498598959226854,12.938182649968546,14.121919139932519,13.821696117115572,0.2,0.2,0.1,0.1,73,0.12316634063315367
13.524332361182593,12.938182649968546,14.047578200949276,13.810259049579688,0.2,0.2,0.1,0.1,75,0.12291751974298568
13.592954766397893,12.912449248012809,14.036141133413393,13.838851718419395,0.2,0.2,0.0,0.1,96,0.12291751974298568
13.678732772917023,12.941041916852518,14.018985532109566,13.838851718419395,0.2,0.2,0.0,0.1,99,0.12291751974298568
13.727340309944529,13.198375936409905,14.05901526848516,13.844570252187339,0.2,0.2,0.0,0.0,105,0.12291751974298568
13.73305884371247,13.175501801338134,14.087607937324869,13.876022187911019,0.2,0.2,0.0,0.0,108,0.12291751974298568
13.933207525590438,13.215531537713728,14.070452336021043,13.815977583347628,0.2,0.2,0.0,0.0,108,0.12291751974298568
14.09332647109281,13.209813003945788,14.05901526848516,13.898896322982786,0.2,0.2,0.0,0.0,130,0.12304193018806968
14.236289815291357,13.1297535311946,14.001829930805739,13.815977583347628,0.2,0.2,0.0,0.0,130,0.12316634063315367
14.18196374449591,13.189798135757991,14.02470406587751,13.867444387259106,0.2,0.1,0.0,0.0,131,0.12316634063315367
14.001829930805739,13.169783267570194,14.0647338022531,13.904614856750728,0.2,0.1,0.0,0.0,132,0.12316634063315367
13.921770458054553,13.15834620003431,14.099045004860752,13.938926059358378,0.2,0.1,0.0,0.0,132,0.12316634063315367
13.944644593126322,13.124034997426659,14.081889403556927,13.938926059358378,0.1,0.1,0.0,0.0,132,0.12316634063315367
13.950363126894262,13.1297535311946,14.076170869788985,13.887459255446903,0.1,0.1,0.0,0.0,132,0.12316634063315367
14.001829930805739,13.204094470177845,14.09332647109281,13.893177789214844,0.1,0.1,0.0,0.0,131,0.12316634063315367
14.03042259964545,13.218390804597702,14.087607937324869,13.933207525590438,0.1,0.1,0.0,0.0,130,0.12316634063315367
14.007548464573683,13.309887344884771,14.133356207468404,14.013266998341622,0.1,0.1,0.0,0.0,130,0.12316634063315367
14.047578200949276,13.289872476696974,14.156230342540171,14.02756333276148,0.1,0.1,0.0,0.0,130,0.12316634063315367
14.110482072396636,13.189798135757991,14.121919139932519,13.978955795733972,0.1,0.1,0.0,0.0,130,0.12329075107823766
14.173385943843996,13.238405672785497,14.0647338022531,13.944644593126322,0.1,0.1,0.0,0.0,129,0.12353957196840565
14.113341339280607,13.238405672785497,14.09332647109281,13.898896322982786,0.1,0.1,0.0,0.0,128,0.12353957196840565
13.838851718419395,13.301309544232858,14.09332647109281,13.973237261966032,0.1,0.1,0.0,0.0,128,0.12353957196840565
13.684451306684965,13.358494881912275,14.099045004860752,13.967518728198089,0.1,0.1,0.0,0.0,128,0.12353957196840565
13.713043975524673,13.321324412420655,14.127637673700463,14.018985532109566,0.1,0.1,0.0,0.0,128,0.12353957196840565
13.893177789214844,13.361354148796249,14.15051180877223,14.007548464573683,0.1,0.1,0.0,0.0,127,0.12366398241348964
13.896037056098814,13.28129467604506,14.156230342540171,13.978955795733972,0.1,0.1,0.0,0.0,128,0.12366398241348964
13.876022187911019,13.295591010464916,14.139074741236346,14.001829930805739,0.1,0.1,0.0,0.0,128,0.12366398241348964
13.944644593126322,13.341339280608452,14.144793275004288,13.927488991822495,0.1,0.1,0.0,0.0,124,0.12366398241348964
14.007548464573683,13.347057814376392,14.190541545147823,14.013266998341622,0.1,0.1,0.0,0.0,123,0.12366398241348964
14.036141133413393,13.415680219591696,14.219134213987534,14.047578200949276,0.1,0.1,0.0,0.0,123,0.12378839285857363
13.933207525590438,13.361354148796249,14.253445416595184,14.110482072396636,0.1,0.1,0.0,0.0,127,0.12378839285857363
13.827414650883512,13.352776348144335,14.219134213987534,14.127637673700463,0.1,0.1,0.0,0.0,130,0.12378839285857363
13.856007319723222,13.358494881912275,14.21055641333562,14.053296734717216,0.1,0.1,0.0,0.0,130,0.12378839285857363
13.978955795733972,13.321324412420655,14.219134213987534,14.099045004860752,0.1,0.1,0.0,0.0,129,0.12403721374874162
14.03042259964545,13.42425802024361,14.236289815291357,14.05901526848516,0.1,0.1,0.0,0.0,131,0.1245348555290776
13.944644593126322,13.404243152055813,14.230571281523417,14.116200606164579,0.1,0.1,0.0,0.0,131,0.1245348555290776
13.978955795733972,13.467147023503173,14.190541545147823,14.104763538628694,0.1,0.1,0.0,0.0,132,0.1245348555290776
14.110482072396636,13.472865557271113,14.219134213987534,14.173385943843996,0.1,0.1,0.0,0.0,132,0.12465926597416159
14.139074741236346,13.49288042545891,14.259163950363126,14.139074741236346,0.1,0.1,0.0,0.0,131,0.12465926597416159
14.087607937324869,13.510036026762737,14.30205295362269,14.136215474352374,0.1,0.1,0.0,0.0,133,0.12478367641924558
14.007548464573683,13.467147023503173,14.290615886086806,14.17910447761194,0.1,0.0,0.0,0.0,135,0.12478367641924558
13.958940927546175,13.487161891690969,14.290615886086806,14.139074741236346,0.1,0.0,0.0,0.0,134,0.12478367641924558
14.070452336021043,13.418539486475666,14.344941956882254,14.167667410076056,0.1,0.0,0.0,0.0,132,0.12503249730941357
14.013266998341622,13.467147023503173,14.36781609195402,14.167667410076056,0.0,0.0,0.0,0.0,133,0.12515690775449756
13.933207525590438,13.449991422199346,14.427860696517412,14.230571281523417,0.0,0.0,0.0,0.0,134,0.12528131819958158
14.007548464573683,13.444272888431406,14.379253159489904,14.230571281523417,0.0,0.0,0.0,0.0,133,0.12528131819958158
14.139074741236346,13.510036026762737,14.350660490650196,14.204837879567677,0.0,0.0,0.0,0.0,131,0.12540572864466557
14.253445416595184,13.472865557271113,14.390690227025788,14.2420083490593,0.0,0.0,0.0,0.0,133,0.12577895997991753
14.33636415623034,13.504317492994796,14.36781609195402,14.190541545147823,0.0,0.0,0.0,0.0,133,0.12577895997991753
14.161948876308113,13.55006576313833,14.390690227025788,14.24772688282724,0.0,0.0,0.0,0.0,133,0.12577895997991753
14.161948876308113,13.530050894950532,14.390690227025788,14.230571281523417,0.0,0.0,0.0,0.0,134,0.12577895997991753
14.267741751015038,13.61011036770172,14.404986561445645,14.262023217247098,0.0,0.0,0.0,0.0,133,0.12590337042500152
14.273460284782981,13.561502830674213,14.439297764053295,14.284897352318865,0.0,0.0,0.0,0.0,133,0.12590337042500152
14.053296734717216,13.621547435237604,14.462171899125062,14.279178818550921,0.0,0.0,0.0,0.0,134,0.12590337042500152
14.099045004860752,13.635843769657457,14.482186767312859,14.313490021158573,0.0,0.0,0.0,0.0,134,0.12577895997991753
14.296334419854748,13.587236232629953,14.496483101732714,14.253445416595184,0.0,0.0,0.0,0.0,133,0.1260277808700855
14.387830960141818,13.664436438497168,14.530794304340366,14.316349288042545,0.0,0.0,0.0,0.0,134,0.1264010122053375
14.3306456224624,13.592954766397893,14.499342368616686,14.36209755818608,0.0,0.0,0.0,0.0,135,0.1264010122053375
14.173385943843996,13.630125235889517,14.559386973180075,14.390690227025788,0.0,0.0,0.0,0.0,135,0.12627660176025352
14.21341568021959,13.58151769886201,14.562246240064045,14.390690227025788,0.0,0.0,0.0,0.0,132,0.12627660176025352
14.396408760793731,13.67015497226511,14.567964773831989,14.36209755818608,0.0,0.0,0.0,0.0,134,0.1264010122053375
14.430719963401382,13.630125235889517,14.576542574483902,14.404986561445645,0.0,0.0,0.0,0.0,136,0.1265254226504215
14.296334419854748,13.630125235889517,14.536512838108308,14.384971693257848,0.0,0.0,0.0,0.0,135,0.1264010122053375
14.290615886086806,13.652999370961284,14.530794304340366,14.422142162749468,0.0,0.0,0.0,0.0,134,0.1264010122053375
14.416423628981528,13.67015497226511,14.553668439412133,14.396408760793731,0.0,0.0,0.0,0.0,136,0.1264010122053375
14.462171899125062,13.738777377480414,14.602275976439639,14.422142162749468,0.0,0.0,0.0,0.0,136,0.1264010122053375
14.450734831589179,13.787384914507918,14.616572310859496,14.422142162749468,0.0,0.0,0.0,0.0,137,0.1264010122053375
14.445016297821239,13.73305884371247,14.596557442671699,14.445016297821239,0.0,0.0,0.0,0.0,136,0.1264010122053375
14.416423628981528,13.76737004632012,14.613713043975523,14.433579230285355,0.0,0.0,0.0,0.0,137,0.1264010122053375
14.505060902384628,13.718762509292617,14.63372791216332,14.390690227025788,0.0,0.0,0.0,0.0,137,0.1264010122053375
14.547949905644192,13.778807113856006,14.679476182306855,14.456453365357122,0.0,0.0,0.0,0.0,138,0.1264010122053375
14.519357236804481,13.810259049579688,14.699491050494652,14.410705095213585,0.0,0.0,0.0,0.0,139,0.1264010122053375
14.413564362097558,13.773088580088064,14.69663178361068,14.490764567964773,0.0,0.0,0.0,0.0,140,0.1264010122053375
14.416423628981528,13.76737004632012,14.66232058100303,14.519357236804481,0.0,0.0,0.0,0.0,140,0.1264010122053375
14.610853777091553,13.750214445016297,14.679476182306855,14.51077943615257,0.0,0.0,0.0,0.0,140,0.1264010122053375
14.69377251672671,13.838851718419395,14.679476182306855,14.493623834848743,0.0,0.0,0.0,0.0,141,0.1264010122053375
14.642305712815233,13.793103448275861,14.685194716074797,14.473608966660947,0.0,0.0,0.0,0.0,141,0.1264010122053375
14.567964773831989,13.810259049579688,14.670898381654943,14.499342368616686,0.0,0.0,0.0,0.0,141,0.1264010122053375
14.650883513467146,13.844570252187339,14.665179847887,14.51077943615257,0.0,0.0,0.0,0.0,140,0.12627660176025352
14.716646651798477,13.844570252187339,14.702350317378622,14.582261108251842,0.0,0.0,0.0,0.0,141,0.12627660176025352
14.648024246583175,13.944644593126322,14.742380053754216,14.525075770572425,0.0,0.0,0.0,0.0,144,0.12627660176025352
14.567964773831989,13.88174072167896,14.745239320638186,14.547949905644192,0.0,0.0,0.0,0.0,144,0.12627660176025352
14.482186767312859,13.876022187911019,14.7538171212901,14.567964773831989,0.0,0.0,0.0,0.0,139,0.12627660176025352
14.547949905644192,13.916051924286611,14.790987590781723,14.579401841367872,0.0,0.0,0.0,0.0,141,0.12627660176025352
14.63372791216332,13.91033339051867,14.81672099273746,14.63372791216332,0.0,0.0,0.0,0.0,141,0.12627660176025352
14.590838908903756,13.933207525590438,14.828158060273344,14.62800937839538,0.0,0.0,0.0,0.0,136,0.1261521913151695
14.499342368616686,13.893177789214844,14.822439526505404,14.679476182306855,0.0,0.0,0.0,0.0,138,0.12577895997991753
14.576542574483902,13.933207525590438,14.81100245896952,14.63372791216332,0.0,0.0,0.0,0.0,140,0.12553013908974955
14.7538171212901,13.91033339051867,14.822439526505404,14.699491050494652,0.0,0.0,0.0,0.0,139,0.12553013908974955
14.722365185566419,13.938926059358378,14.822439526505404,14.65946131411906,0.0,0.0,0.0,0.0,139,0.12540572864466557
14.642305712815233,13.950363126894262,14.81672099273746,14.716646651798477,0.0,0.0,0.0,0.0,143,0.12490808686432958
14.63372791216332,13.956081660662205,14.81100245896952,14.665179847887,0.0,0.0,0.0,0.0,142,0.12403721374874162
14.622290844627436,13.950363126894262,14.836735860925257,14.722365185566419,0.0,0.0,0.0,0.0,133,0.12341516152332165
14.610853777091553,14.007548464573683,14.888202664836735,14.713787384914507,0.0,0.0,0.0,0.0,136,0.12304193018806968
14.642305712815233,14.0647338022531,14.90535826614056,14.722365185566419,0.0,0.0,0.0,0.0,139,0.12254428840773368
14.585120375135814,14.047578200949276,14.87390633041688,14.773831989477896,0.0,0.0,0.0,0.0,138,0.12217105707248171
14.642305712815233,14.070452336021043,14.913936066792473,14.722365185566419,0.0,0.0,0.0,0.0,137,0.12179782573722973
14.679476182306855,14.0647338022531,14.956825070052037,14.742380053754216,0.0,0.0,0.0,0.0,138,0.12105136306672577
14.670898381654943,14.02470406587751,14.996854806427631,14.773831989477896,0.0,0.0,0.0,0.0,139,0.12018048995113781
14.625150111511406,14.087607937324869,14.985417738891748,14.831017327157317,0.0,0.0,0.0,0.0,140,0.11943402728063386
14.547949905644192,14.013266998341622,14.96540287070395,14.879624864184821,0.0,0.0,0.0,0.0,142,0.1183143332748779
14.596557442671699,14.067593069137072,14.96540287070395,14.84531366157717,0.0,0.0,0.0,0.0,143,0.11707022882403798
14.699491050494652,14.041859667181333,14.991136272659688,14.853891462229084,0.0,0.0,0.0,0.0,143,0.11582612437319804
14.81672099273746,14.099045004860752,14.97112140447189,14.84531366157717,0.0,0.0,0.0,0.0,145,0.1148308408125261
14.779550523245838,14.09332647109281,14.982558472007774,14.888202664836735,0.0,0.0,0.0,0.0,146,0.11371114680677015
14.759535655058043,14.0647338022531,14.956825070052037,14.84531366157717,0.0,0.0,0.0,0.0,145,0.11234263191084622
14.822439526505404,14.133356207468404,15.011151140847485,14.925373134328357,0.0,0.0,0.0,0.0,138,0.11134734835017428
14.93681020186424,14.121919139932519,15.054040144107049,14.882484131068793,0.0,0.0,0.0,0.0,140,0.11084970656983831
15.028306742151312,14.196260078915763,15.054040144107049,14.939669468748212,0.0,0.0,0.0,0.0,143,0.11084970656983831
15.025447475267342,14.187682278263853,15.034025275919252,14.888202664836735,0.0,0.0,0.0,0.0,142,0.11035206478950232
15.011151140847485,14.196260078915763,15.022588208383368,14.896780465488648,0.0,0.0,0.0,0.0,143,0.10948119167391437
14.951106536284096,14.21341568021959,15.102647681134556,14.925373134328357,0.0,0.0,0.0,0.0,148,0.10823708722307443
14.888202664836735,14.173385943843996,15.134099616858236,14.93681020186424,0.0,0.0,0.0,0.0,150,0.10674416188206651
14.93681020186424,14.267741751015038,15.116944015554411,14.976839938239834,0.0,0.0,0.0,0.0,147,0.10574887832139457
15.122662549322353,14.196260078915763,15.074055012294846,14.942528735632182,0.0,0.0,0.0,0.0,150,0.1048780052058066
15.29421856236061,14.24772688282724,15.059758677874992,14.951106536284096,0.0,0.0,0.0,0.0,154,-0.016850606590783874
15.365700234459883,14.207697146451647,15.116944015554411,14.913936066792473,0.0,0.0,0.0,0.0,155,-0.016850606590783874
15.214159089609423,14.262023217247098,15.11408474867044,14.939669468748212,0.0,0.0,0.0,0.0,156,0.10294859647070148
15.108366214902498,14.279178818550921,15.142677417510148,14.951106536284096,0.0,0.0,0.0,0.0,134,0.10221061370030218
15.134099616858236,14.24772688282724,15.154114485046032,14.996854806427631,0.0,0.0,0.0,0.0,123,0.101349633801503
15.314233430548406,14.33636415623034,15.168410819465889,14.96540287070395,0.0,0.0,0.0,0.0,110,0.10061165103110371
15.425744839023274,14.342082689998284,15.199862755189569,14.96540287070395,0.0,0.0,0.0,0.0,103,0.09999666538910432
15.371418768227825,14.402127294561675,15.194144221421626,14.96540287070395,0.0,0.0,0.0,0.0,88,0.099258682618705
15.168410819465889,14.384971693257848,15.197003488305596,14.982558472007774,0.0,0.0,0.0,0.0,81,0.0985206998483057
15.0883513467147,14.422142162749468,15.254188825985016,15.042603076571165,0.0,0.0,0.0,0.0,73,0.09778271707790641
14.97112140447189,14.436438497169325,15.277062961056783,15.036884542803225,0.0,0.0,0.0,0.0,63,0.09692173717910724
14.951106536284096,14.445016297821239,15.23417395779722,15.102647681134556,0.0,0.0,0.0,0.0,49,0.09630675153710784
14.931091668096299,14.462171899125062,15.162692285697945,15.054040144107049,0.0,0.0,0.0,0.0,44,0.09556876876670853
14.931091668096299,14.450734831589179,15.128381083090295,15.134099616858236,0.0,0.0,0.0,0.0,31,0.09495378312470912
14.925373134328357,14.482186767312859,15.148395951278092,15.108366214902498,0.0,0.0,0.0,0.0,30,0.0944617946111096
14.779550523245838,14.445016297821239,15.188425687653686,15.154114485046032,0.0,0.0,0.0,0.0,28,0.09384680896911017
14.69377251672671,14.499342368616686,15.194144221421626,15.11408474867044,0.0,0.0,0.0,0.0,26,0.09347781758391054
14.590838908903756,14.507920169268598,15.182707153885742,15.122662549322353,0.0,0.0,0.0,0.0,23,0.09323182332711076
14.562246240064045,14.505060902384628,15.159833018813975,15.108366214902498,0.0,0.0,0.0,0.0,21,0.09310882619871087
14.522216503688453,14.553668439412133,15.154114485046032,15.179847887001772,0.0,0.0,0.0,0.0,18,0.09310882619871087
14.462171899125062,14.536512838108308,15.156973751930003,15.162692285697945,0.0,0.0,0.0,0.0,17,0.09310882619871087
14.450734831589179,14.567964773831989,15.154114485046032,15.062617944758962,0.0,0.0,0.0,0.0,13,0.09335482045551066
14.450734831589179,14.499342368616686,15.168410819465889,15.082632812946759,0.0,0.0,0.0,0.0,11,0.09360081471231042
14.476468233544917,14.536512838108308,15.214159089609423,15.102647681134556,0.0,0.0,0.0,0.0,9,0.09396980609751006
14.505060902384628,14.507920169268598,15.182707153885742,15.168410819465889,0.0,0.0,0.0,0.0,7,0.0944617946111096
14.547949905644192,14.470749699776976,15.188425687653686,15.116944015554411,0.0,0.0,0.0,0.0,5,0.09495378312470912
14.565105506948017,14.476468233544917,15.108366214902498,15.094069880482643,0.0,0.0,0.0,0.0,5,0.09532277450990877
14.519357236804481,14.430719963401382,15.068336478526906,15.059758677874992,0.0,0.0,0.0,0.0,4,0.09581476302350829
14.450734831589179,14.427860696517412,15.002573340195571,15.0883513467147,0.0,0.0,0.0,0.0,4,0.09618375440870795
14.413564362097558,14.402127294561675,15.014010407731455,15.059758677874992,0.0,0.0,0.0,0.0,3,0.09655274579390759
14.427860696517412,14.396408760793731,15.054040144107049,15.108366214902498,0.0,0.0,0.0,0.0,3,0.09667574292230748
14.493623834848743,14.347801223766224,15.096929147366614,15.034025275919252,0.0,0.0,0.0,0.0,2,0.09692173717910724
14.482186767312859,14.379253159489904,15.154114485046032,14.991136272659688,0.0,0.0,0.0,0.0,1,0.09692173717910724
14.462171899125062,14.384971693257848,15.156973751930003,15.025447475267342,0.0,0.0,0.0,0.0,1,0.09692173717910724
14.416423628981528,14.439297764053295,15.134099616858236,14.982558472007774,0.0,0.0,0.0,0.0,1,0.09692173717910724
14.373534625721964,14.430719963401382,15.059758677874992,15.025447475267342,0.0,0.0,0.0,0.0,1,0.09692173717910724
14.344941956882254,14.36209755818608,15.028306742151312,14.97112140447189,0.0,0.0,0.0,0.0,0,0.09692173717910724
14.356379024418137,14.373534625721964,14.99399553954366,15.011151140847485,0.0,0.0,0.0,0.0,-1,0.09692173717910724
14.396408760793731,14.307771487390632,15.022588208383368,14.991136272659688,0.0,0.0,0.0,0.0,-1,0.09679874005070735
14.439297764053295,14.356379024418137,15.068336478526906,14.956825070052037,0.0,0.0,0.0,0.0,-1,0.09679874005070735
14.439297764053295,14.310630754274603,15.0883513467147,14.96540287070395,0.0,0.0,0.0,0.0,-1,0.09667574292230748
14.430719963401382,14.319208554926515,15.048321610339109,14.931091668096299,0.0,0.0,0.0,0.0,-2,0.09667574292230748
14.390690227025788,14.267741751015038,15.014010407731455,14.956825070052037,0.0,0.0,0.0,0.0,-2,0.09679874005070735
14.36209755818608,14.273460284782981,14.956825070052037,14.942528735632182,0.0,0.0,0.0,0.0,-2,0.09679874005070735
14.379253159489904,14.296334419854748,14.979699205123804,14.951106536284096,0.0,0.0,0.0,0.0,-3,0.09679874005070735
14.387830960141818,14.253445416595184,14.991136272659688,14.908217533024532,0.0,0.0,0.0,0.0,-4,0.09679874005070735
14.36781609195402,14.273460284782981,15.034025275919252,14.931091668096299,0.0,0.0,0.0,0.0,-4,0.09667574292230748
14.3306456224624,14.253445416595184,15.048321610339109,14.865328529764968,0.0,0.0,0.0,0.0,-4,0.09667574292230748
14.324927088694457,14.30205295362269,15.011151140847485,14.87390633041688,0.0,0.0,0.0,0.0,-4,0.09667574292230748
14.313490021158573,14.307771487390632,15.028306742151312,14.893921198604676,0.0,0.0,0.0,0.0,-5,0.09667574292230748
14.347801223766224,14.27060101789901,14.985417738891748,14.925373134328357,0.0,0.0,0.0,0.0,-5,0.09667574292230748
14.3306456224624,14.279178818550921,14.956825070052037,14.916795333676443,0.0,0.0,0.0,0.0,-6,0.09642974866550771
14.307771487390632,14.201978612683707,14.956825070052037,14.879624864184821,0.0,0.0,0.0,0.0,-6,0.09642974866550771
14.279178818550921,14.262023217247098,14.931091668096299,14.879624864184821,0.0,0.0,0.0,0.0,-7,0.09618375440870795
14.287756619202835,14.201978612683707,14.931091668096299,14.831017327157317,0.1,0.1,0.0,0.0,-7,0.09618375440870795
14.307771487390632,14.230571281523417,14.87390633041688,14.893921198604676,0.30000000000000004,0.30000000000000004,0.0,0.0,-7,0.09606075728030808
14.284897352318865,14.1533710756562,14.853891462229084,14.822439526505404,0.5,0.5,0.0,0.0,-8,0.09606075728030808
14.273460284782981,14.207697146451647,14.853891462229084,14.836735860925257,0.7000000000000001,0.7000000000000001,0.0,0.0,-8,0.09593776015190816
14.253445416595184,14.133356207468404,14.836735860925257,14.808143192085547,0.9,0.9,0.0,0.0,-9,0.09581476302350829
14.21341568021959,14.139074741236346,14.859609995997024,14.790987590781723,1.0,1.0,0.0,0.0,-9,0.09581476302350829
14.17910447761194,14.173385943843996,14.868187796648938,14.796706124549663,1.2000000000000002,1.2000000000000002,0.0,0.0,-9,0.09581476302350829
14.167667410076056,14.161948876308113,14.87390633041688,14.716646651798477,1.3,1.3,0.0,0.0,-10,0.09569176589510842
14.167667410076056,14.18482301137988,14.868187796648938,14.773831989477896,1.5,1.5,0.0,0.0,-10,0.09569176589510842
14.156230342540171,14.1533710756562,14.839595127809227,14.742380053754216,1.7000000000000002,1.7000000000000002,0.0,0.0,-10,0.09556876876670853
14.156230342540171,14.139074741236346,14.78526905701378,14.81100245896952,1.9000000000000001,1.9000000000000001,0.0,0.0,-11,0.09556876876670853
14.156230342540171,14.133356207468404,14.779550523245838,14.722365185566419,2.1,2.1,0.0,0.0,-11,0.09532277450990877
14.127637673700463,14.076170869788985,14.7538171212901,14.736661519986274,2.3000000000000003,2.3000000000000003,0.1,0.1,-11,0.0951997773815089
14.119059873048549,14.110482072396636,14.759535655058043,14.665179847887,2.4000000000000004,2.4000000000000004,0.30000000000000004,0.30000000000000004,-13,0.09495378312470912
14.127637673700463,14.036141133413393,14.75095785440613,14.685194716074797,2.6,2.6,0.4,0.4,-13,0.09470778886790936
14.144793275004288,14.05901526848516,14.722365185566419,14.665179847887,2.7,2.7,0.6000000000000001,0.6000000000000001,-13,0.0944617946111096
14.110482072396636,14.013266998341622,14.702350317378622,14.72808371933436,2.9000000000000004,2.9000000000000004,0.7000000000000001,0.7000000000000001,-13,0.09421580035430983
14.099045004860752,14.018985532109566,14.685194716074797,14.665179847887,3.1,3.1,0.9,0.9,-13,0.09396980609751006
14.070452336021043,14.018985532109566,14.665179847887,14.62800937839538,3.2,3.2,1.0,1.0,-17,0.09360081471231042
14.03042259964545,13.958940927546175,14.690913249842739,14.665179847887,3.4000000000000004,3.4000000000000004,1.2000000000000002,1.2000000000000002,-17,0.09323182332711076
13.996111397037799,13.973237261966032,14.679476182306855,14.602275976439639,3.6,3.6,1.4000000000000001,1.4000000000000001,-17,0.092985829070311
13.984674329501916,13.973237261966032,14.679476182306855,14.585120375135814,3.8000000000000003,3.8000000000000003,1.6,1.6,-17,0.09261683768511135
13.990392863269856,13.996111397037799,14.665179847887,14.553668439412133,4.0,4.0,2.0,2.0,-21,0.0923708434283116
13.967518728198089,13.978955795733972,14.616572310859496,14.573683307599929,4.3,4.3,2.3000000000000003,2.3000000000000003,-21,0.09200185204311194
13.950363126894262,13.904614856750728,14.567964773831989,14.605135243323609,4.5,4.5,2.6,2.6,-21,0.09175585778631219
13.904614856750728,13.916051924286611,14.536512838108308,14.547949905644192,4.7,4.7,2.9000000000000004,2.9000000000000004,-25,0.09150986352951242
13.870303654143076,13.867444387259106,14.536512838108308,14.54223137187625,4.9,4.9,3.2,3.2,-25,0.09126386927271266
13.876022187911019,13.898896322982786,14.505060902384628,14.439297764053295,5.1000000000000005,5.1000000000000005,3.5,3.5,-25,0.090894877887513
13.88174072167896,13.838851718419395,14.487905301080803,14.505060902384628,5.4,5.4,3.8000000000000003,3.8000000000000003,-25,0.09064888363071325
13.904614856750728,13.838851718419395,14.473608966660947,14.410705095213585,5.7,5.7,4.1000000000000005,4.1000000000000005,-25,0.09040288937391347
13.893177789214844,13.76737004632012,14.456453365357122,14.450734831589179,5.9,5.9,4.3,4.3,-29,0.0901568951171137
13.861725853491164,13.76165151255218,14.422142162749468,14.396408760793731,6.2,6.2,4.6000000000000005,4.6000000000000005,-29,0.08978790373191406
13.815977583347628,13.778807113856006,14.416423628981528,14.384971693257848,6.5,6.5,4.9,4.9,-29,0.0895419094751143
13.773088580088064,13.727340309944529,14.413564362097558,14.390690227025788,6.7,6.7,5.300000000000001,5.300000000000001,-29,0.08917291808991466
13.750214445016297,13.713043975524673,14.379253159489904,14.327786355578429,7.0,7.0,5.7,5.7,-29,0.088803926704715
13.727340309944529,13.750214445016297,14.384971693257848,14.319208554926515,7.300000000000001,7.300000000000001,6.1000000000000005,6.1000000000000005,-29,0.08843493531951536
13.718762509292617,13.718762509292617,14.356379024418137,14.30205295362269,7.5,7.5,6.4,6.4,-29,0.08794294680591583
13.713043975524673,13.744495911248354,14.316349288042545,14.313490021158573,7.800000000000001,7.800000000000001,6.800000000000001,6.800000000000001,-29,0.0874509582923163
13.690169840452906,13.6415623034254,14.262023217247098,14.273460284782981,8.0,8.0,7.1000000000000005,7.1000000000000005,-29,0.08695896977871677
13.658717904729226,13.635843769657457,14.273460284782981,14.236289815291357,8.200000000000001,8.200000000000001,7.4,7.4,-29,0.08646698126511725
13.624406702121574,13.630125235889517,14.284897352318865,14.224852747755474,8.4,8.4,7.6000000000000005,7.6000000000000005,-29,0.08597499275151771
13.61011036770172,13.604391833933777,14.236289815291357,14.17910447761194,8.6,8.6,7.800000000000001,7.800000000000001,-29,0.08548300423791819
13.61582890146966,13.58151769886201,14.21055641333562,14.161948876308113,8.700000000000001,8.700000000000001,8.1,8.1,-29,0.08499101572431866
13.604391833933777,13.530050894950532,14.15051180877223,14.104763538628694,8.9,8.9,8.3,8.3,-29,0.084622024339119
13.598673300165837,13.535769428718476,14.127637673700463,14.127637673700463,9.1,9.1,8.5,8.5,-29,0.08425303295391937
13.572939898210096,13.449991422199346,14.104763538628694,14.076170869788985,9.200000000000001,9.200000000000001,8.700000000000001,8.700000000000001,-29,0.08400703869711959
13.518613827414649,13.467147023503173,14.127637673700463,14.053296734717216,9.4,9.4,8.9,8.9,-29,0.08376104444031984
13.487161891690969,13.404243152055813,14.116200606164579,13.998970663921769,9.5,9.5,9.0,9.0,-29,0.08351505018352008
13.42425802024361,13.387087550751986,14.0647338022531,13.956081660662205,9.700000000000001,9.700000000000001,9.200000000000001,9.200000000000001,-29,0.08339205305512018
13.387087550751986,13.384228283868016,14.070452336021043,13.938926059358378,9.8,9.8,9.4,9.4,-29,0.08339205305512018
13.392806084519929,13.367072682564189,14.02470406587751,13.933207525590438,10.0,10.0,9.600000000000001,9.600000000000001,-29,0.08326905592672029
13.378509750100072,13.387087550751986,13.978955795733972,13.961800194430147,10.200000000000001,10.200000000000001,9.700000000000001,9.700000000000001,-29,0.08326905592672029
13.347057814376392,13.387087550751986,13.930348258706466,13.904614856750728,10.3,10.3,9.8,9.8,-29,0.08326905592672029
13.335620746840508,13.3070280780008,13.898896322982786,13.861725853491164,10.4,10.4,10.0,10.0,-29,0.08326905592672029
13.301309544232858,13.3070280780008,13.88174072167896,13.821696117115572,10.5,10.5,10.100000000000001,10.100000000000001,-29,0.08326905592672029
13.289872476696974,13.244124206553439,13.850288785955279,13.773088580088064,10.5,10.5,10.200000000000001,10.200000000000001,-29,0.08326905592672029
13.284153942929033,13.264139074741236,13.815977583347628,13.810259049579688,10.600000000000001,10.600000000000001,10.3,10.3,-29,0.08326905592672029
13.28129467604506,13.224109338365642,13.787384914507918,13.684451306684965,10.700000000000001,10.700000000000001,10.4,10.4,-29,0.08326905592672029
13.269857608509177,13.149768399382397,13.798821982043801,13.718762509292617,10.8,10.8,10.600000000000001,10.600000000000001,-29,0.08326905592672029
13.261279807857264,13.149768399382397,13.76737004632012,13.673014239149081,10.9,10.9,10.600000000000001,10.600000000000001,-30,0.08314605879832042
13.235546405901525,13.078286727283123,13.76737004632012,13.690169840452906,11.0,11.0,10.700000000000001,10.700000000000001,-30,0.08314605879832042
13.198375936409905,13.118316463658717,13.713043975524673,13.70160690798879,11.100000000000001,11.100000000000001,10.8,10.8,-30,0.08302306166992053
13.15834620003431,13.069708926631211,13.707325441756732,13.572939898210096,11.100000000000001,11.100000000000001,10.9,10.9,-30,0.08290006454152066
13.115457196774745,13.029679190255617,13.678732772917023,13.567221364442156,11.200000000000001,11.200000000000001,11.0,11.0,-30,0.08290006454152066
13.078286727283123,13.035397724023559,13.70160690798879,13.544347229370388,11.200000000000001,11.200000000000001,11.0,11.0,-30,0.08290006454152066
13.075427460399153,13.00966432206782,13.630125235889517,13.587236232629953,11.3,11.3,11.100000000000001,11.100000000000001,-30,0.08290006454152066
13.049694058443414,13.021101389603704,13.592954766397893,13.567221364442156,11.4,11.4,11.200000000000001,11.200000000000001,-30,0.08290006454152066
13.029679190255617,13.00680505518385,13.567221364442156,13.49288042545891,11.4,11.4,11.200000000000001,11.200000000000001,-30,0.08290006454152066
13.00966432206782,12.918167781780749,13.512895293646707,13.472865557271113,11.5,11.5,11.3,11.3,-30,0.08290006454152066
12.97535311946017,12.941041916852518,13.49288042545891,13.42425802024361,11.5,11.5,11.4,11.4,-30,0.08290006454152066
12.941041916852518,12.880997312289129,13.467147023503173,13.435695087779493,11.600000000000001,11.600000000000001,11.4,11.4,-30,0.08290006454152066
12.932464116200606,12.875278778521187,13.42997655401155,13.409961685823752,11.700000000000001,11.700000000000001,11.5,11.5,-30,0.08290006454152066
12.926745582432662,12.835249042145593,13.418539486475666,13.335620746840508,11.8,11.8,11.600000000000001,11.600000000000001,-30,0.08290006454152066
12.923886315548692,12.766626636930289,13.409961685823752,13.352776348144335,11.9,11.9,11.700000000000001,11.700000000000001,-30,0.08290006454152066
12.903871447360896,12.766626636930289,13.384228283868016,13.289872476696974,12.0,12.0,11.8,11.8,-30,0.08290006454152066
12.846686109681476,12.718019099902785,13.367072682564189,13.28129467604506,12.0,12.0,11.8,11.8,-30,0.08290006454152066
12.82095270772574,12.700863498598958,13.358494881912275,13.261279807857264,12.100000000000001,12.100000000000001,11.9,11.9,-30,0.08277706741312077
12.789500772002059,12.689426431063074,13.315605878652711,13.16406473380225,12.200000000000001,12.200000000000001,12.0,12.0,-30,0.0826540702847209
12.738033968090582,12.643678160919539,13.315605878652711,13.189798135757991,12.3,12.3,12.100000000000001,12.100000000000001,-30,0.08253107315632102
12.700863498598958,12.629381826499685,13.255561274089322,13.169783267570194,12.4,12.4,12.200000000000001,12.200000000000001,-30,0.08240807602792113
12.666552295991307,12.640818894035569,13.238405672785497,13.16406473380225,12.5,12.5,12.3,12.3,-30,0.08216208177112135
12.643678160919539,12.603648424543945,13.204094470177845,13.149768399382397,12.5,12.5,12.3,12.3,-30,0.0819160875143216
12.629381826499685,12.612226225195858,13.15834620003431,13.084005261051065,12.600000000000001,12.600000000000001,12.4,12.4,-30,0.08167009325752184
12.597929890776005,12.580774289472178,13.115457196774745,13.069708926631211,12.600000000000001,12.600000000000001,12.4,12.4,-30,0.0813011018723222
12.575055755704238,12.543603819980556,13.084005261051065,13.029679190255617,12.600000000000001,12.600000000000001,12.5,12.5,-30,0.08093211048712254
12.543603819980556,12.520729684908789,13.049694058443414,13.029679190255617,12.700000000000001,12.700000000000001,12.5,12.5,-30,0.08056311910192289
12.535026019328644,12.457825813461428,13.029679190255617,12.98107165322811,12.700000000000001,12.700000000000001,12.600000000000001,12.600000000000001,-30,0.08007113058832337
12.520729684908789,12.452107279693486,13.023960656487676,12.926745582432662,12.8,12.8,12.600000000000001,12.600000000000001,-30,0.07957914207472384
12.506433350488933,12.420655343969804,12.97535311946017,12.941041916852518,12.8,12.8,12.700000000000001,12.700000000000001,-30,0.0790871535611243
12.49785554983702,12.354892205638473,12.961056785040313,12.903871447360896,12.9,12.9,12.700000000000001,12.700000000000001,-30,0.0784721679191249
12.503574083604963,12.363470006290386,12.94676045062046,12.895293646708982,12.9,12.9,12.8,12.8,-30,0.07798017940552537
12.460685080345398,12.289129067307142,12.932464116200606,12.812374907073826,12.9,12.9,12.8,12.8,-30,0.07736519376352596
12.426373877737747,12.332018070566706,12.88957511294104,12.752330302510435,12.9,12.9,12.8,12.8,-30,0.07687320524992643
12.3720478069423,12.283410533539199,12.875278778521187,12.766626636930289,13.0,13.0,12.9,12.9,-30,0.07613522247952713
12.323440269914792,12.229084462743751,12.849545376565446,12.755189569394405,13.0,13.0,12.9,12.9,-30,0.07552023683752773
12.312003202378909,12.229084462743751,12.82667124149368,12.715159833018813,13.100000000000001,13.100000000000001,12.9,12.9,-30,0.07490525119552831
12.289129067307142,12.246240064047576,12.789500772002059,12.746611768742493,13.100000000000001,13.100000000000001,13.0,13.0,-30,0.0742902655535289
12.263395665351403,12.211928861439926,12.746611768742493,12.657974495339394,13.100000000000001,13.100000000000001,13.0,13.0,-30,0.07367527991152949
12.231943729627723,12.203351060788012,12.686567164179102,12.663693029107336,13.100000000000001,13.100000000000001,13.0,13.0,-30,0.07306029426953008
12.214788128323896,12.169039858180362,12.663693029107336,12.629381826499685,13.200000000000001,13.200000000000001,13.100000000000001,13.100000000000001,-30,0.07244530862753068
12.197632527020073,12.111854520500941,12.635100360267625,12.569337221936294,13.200000000000001,13.200000000000001,13.100000000000001,13.100000000000001,-30,0.07170732585713137
12.160462057528449,12.13472865557271,12.597929890776005,12.569337221936294,13.3,13.3,13.200000000000001,13.200000000000001,-30,0.07109234021513196
12.137587922456682,12.068965517241379,12.569337221936294,12.49785554983702,13.4,13.4,13.3,13.3,-27,0.07047735457313256
12.111854520500941,12.057528449705494,12.5293074855607,12.483559215417166,13.5,13.5,13.4,13.4,-23,0.06986236893113314
12.108995253616971,12.008920912677988,12.52644821867673,12.474981414765253,13.700000000000001,13.700000000000001,13.5,13.5,-13,0.06937038041753361
12.091839652313146,11.940298507462686,12.506433350488933,12.412077543317894,13.8,13.8,13.600000000000001,13.600000000000001,-3,0.06887839190393408
12.091839652313146,11.95745410876651,12.474981414765253,12.40349974266598,13.9,13.9,13.700000000000001,13.700000000000001,-3,0.06838640339033454
12.054669182821524,11.900268771087092,12.457825813461428,12.380625607594213,14.100000000000001,14.100000000000001,13.9,13.9,-5,0.06789441487673502
12.014639446445932,11.874535369131353,12.417796077085834,12.303425401726996,14.200000000000001,14.200000000000001,14.0,14.0,-5,0.06752542349153538
11.974609710070338,11.880253902899296,12.43495167838966,12.283410533539199,14.4,14.4,14.100000000000001,14.100000000000001,-5,0.06715643210633572
11.940298507462686,11.83164636587179,12.400640475782007,12.274832732887287,14.5,14.5,14.200000000000001,14.200000000000001,-6,0.06678744072113608
11.917424372390917,11.77446102819237,12.369188540058326,12.237662263395665,14.600000000000001,14.600000000000001,14.3,14.3,-7,0.06641844933593642
11.888831703551208,11.791616629496197,12.329158803682734,12.266254932235373,14.700000000000001,14.700000000000001,14.4,14.4,-8,0.06617245507913667
11.871676102247383,11.77446102819237,12.271973466003315,12.180476925716246,14.700000000000001,14.700000000000001,14.5,14.5,-10,0.06604945795073679
11.840224166523702,11.7716017613084,12.214788128323896,12.177617658832276,14.8,14.8,14.600000000000001,14.600000000000001,-10,0.0659264608223369
11.845942700291644,11.77732029507634,12.206210327671982,12.137587922456682,14.8,14.8,14.600000000000001,14.600000000000001,-12,0.06580346369393701
11.823068565219877,11.71441642362898,12.169039858180362,12.086121118545204,14.8,14.8,14.700000000000001,14.700000000000001,-12,0.06568046656553714
11.825927832103847,11.691542288557212,12.180476925716246,12.086121118545204,14.9,14.9,14.700000000000001,14.700000000000001,-12,0.06555746943713726
11.794475896380167,11.674386687253387,12.151884256876535,12.048950649053582,14.9,14.9,14.8,14.8,-13,0.06543447230873738
11.757305426888543,11.62006061645794,12.137587922456682,11.994624578258135,15.0,15.0,14.8,14.8,-14,0.06531147518033749
11.731572024932806,11.634356950877793,12.07754331789329,12.023217247097843,15.0,15.0,14.9,14.9,-15,0.0651884780519376
11.711557156745009,11.61720134957397,12.063246983473435,11.974609710070338,15.0,15.0,14.9,14.9,-15,0.06506548092353773
11.702979356093095,11.551438211242635,12.037513581517699,11.974609710070338,15.100000000000001,15.100000000000001,14.9,14.9,-15,0.06506548092353773
11.671527420369417,11.542860410590723,12.028935780865785,11.95459484188254,15.100000000000001,15.100000000000001,15.0,15.0,-15,0.06481948666673797
11.642934751529706,11.497112140447188,12.003202378910046,11.874535369131353,15.100000000000001,15.100000000000001,15.0,15.0,-15,0.0645734924099382
11.605764282038086,11.485675072911304,11.983187510722251,11.851661234059586,15.100000000000001,15.100000000000001,15.0,15.0,-14,0.06445049528153832
11.574312346314406,11.49997140733116,11.95745410876651,11.851661234059586,15.100000000000001,15.100000000000001,15.0,15.0,-13,0.06420450102473856
11.551438211242635,11.454223137187624,11.937439240578714,11.823068565219877,15.100000000000001,15.100000000000001,15.0,15.0,-12,0.06395850676793878
11.511408474867043,11.397037799508205,11.917424372390917,11.823068565219877,15.100000000000001,15.100000000000001,15.0,15.0,-9,0.06371251251113902
11.465660204723507,11.417052667696002,11.845942700291644,11.811631497683994,15.100000000000001,15.100000000000001,15.100000000000001,15.100000000000001,-8,0.06346651825433926
11.437067535883799,11.408474867044088,11.811631497683994,11.74586835935266,15.100000000000001,15.100000000000001,15.100000000000001,15.100000000000001,-9,0.0632205239975395
11.419911934579972,11.368445130668494,11.765883227540456,11.74300909246869,15.100000000000001,15.100000000000001,15.0,15.0,-9,0.06297452974073972
11.419911934579972,11.379882198204381,11.74586835935266,11.711557156745009,15.100000000000001,15.100000000000001,15.0,15.0,-17,0.06272853548393996
11.405615600160118,11.328415394292902,11.722994224280892,11.631497683993823,15.100000000000001,15.100000000000001,15.0,15.0,-16,0.062482541227140205
11.379882198204381,11.279807857265396,11.700120089209125,11.65151255218162,15.100000000000001,15.100000000000001,15.0,15.0,-17,0.06223654697034043
11.328415394292902,11.29410419168525,11.662949619717503,11.600045748270142,15.100000000000001,15.100000000000001,15.0,15.0,-17,0.061990552713540675
11.29124492480128,11.245496654657744,11.634356950877793,11.597186481386172,15.0,15.0,15.0,15.0,-21,0.0617445584567409
11.2597929890776,11.219763252702007,11.611482815806026,11.600045748270142,15.100000000000001,15.100000000000001,15.0,15.0,-24,0.06149856419994114
11.271230056613483,11.214044718934064,11.611482815806026,11.534282609938812,15.100000000000001,15.100000000000001,15.0,15.0,-27,0.06125256994314138
11.2597929890776,11.088236976039342,11.588608680734259,11.522845542402928,15.100000000000001,15.100000000000001,15.0,15.0,-30,0.06088357855794173
11.2597929890776,11.105392577343169,11.588608680734259,11.488534339795276,15.100000000000001,15.100000000000001,15.100000000000001,15.100000000000001,-30,0.06063758430114197
11.222622519585977,11.105392577343169,11.542860410590723,11.431349002115857,15.100000000000001,15.100000000000001,15.100000000000001,15.100000000000001,-30,0.06026859291594231
11.188311316978327,11.04820723966375,11.514267741751015,11.408474867044088,15.100000000000001,15.100000000000001,15.100000000000001,15.100000000000001,-30,0.059899601530742676
11.154000114370673,11.073940641619489,11.47709727225939,11.385600731972321,15.200000000000001,15.200000000000001,15.100000000000001,15.100000000000001,-30,0.05953061014554303
11.093955509807286,10.999599702636242,11.445645336535712,11.336993194944814,15.3,15.3,15.200000000000001,15.200000000000001,-30,0.0590386216319435
11.05106650654772,10.985303368216389,11.428489735231885,11.35414879624864,15.4,15.4,15.3,15.3,-30,0.05854663311834397
11.022473837708011,10.982444101332419,11.385600731972321,11.35414879624864,15.5,15.5,15.4,15.4,-30,0.05780865034794467
11.025333104591983,10.971007033796532,11.342711728712757,11.285526391033338,15.600000000000001,15.600000000000001,15.5,15.5,-30,0.05719366470594526
10.985303368216389,10.89952536169726,11.254074455309658,11.2597929890776,15.700000000000001,15.700000000000001,15.600000000000001,15.600000000000001,-30,0.05657867906394585
10.948132898724765,10.905243895465201,11.196889117630239,11.228341053353919,15.9,15.9,15.700000000000001,15.700000000000001,-30,0.05584069629354656
10.910962429233145,10.905243895465201,11.16829644879053,11.14256304683479,16.1,16.1,15.9,15.9,-30,0.054979716394747385
10.845199290901812,10.836621490249899,11.13684451306685,11.176874249442443,16.2,16.2,16.0,16.0,-30,0.0541187364959482
10.813747355178132,10.822325155830045,11.108251844227139,11.131125979298906,16.400000000000002,16.400000000000002,16.2,16.2,-30,0.05325775659714903
10.782295419454451,10.802310287642248,11.076799908503459,11.065362840967575,16.6,16.6,16.3,16.3,-30,0.05239677669834985
10.75656201749871,10.733687882426944,11.036770172127866,11.042488705895806,16.8,16.8,16.5,16.5,-30,0.051535796799550684
10.75084348373077,10.702235946703263,11.005318236404186,11.013896037056098,17.0,17.0,16.7,16.7,-30,0.0506748169007515
10.736547149310917,10.685080345399438,10.973866300680506,10.942414364956825,17.2,17.2,16.900000000000002,16.900000000000002,-30,0.0499368341303522
10.693658146051352,10.60216160576428,10.956710699376679,10.916680963001085,17.400000000000002,17.400000000000002,17.0,17.0,-30,0.049075854231553036
10.676502544747526,10.585006004460457,10.919540229885056,10.87379195974152,17.5,17.5,17.2,17.2,-30,0.04833787146115374
10.639332075255904,10.53353920054898,10.868073425973579,10.75656201749871,17.7,17.7,17.400000000000002,17.400000000000002,-30,0.04759988869075445
10.613598673300164,10.464916795333675,10.882369760393434,10.759421284382684,17.900000000000002,17.900000000000002,17.6,17.6,-30,0.04698490304875503
10.559272602504716,10.433464859609995,10.845199290901812,10.739406416194887,18.0,18.0,17.7,17.7,-30,0.04636991740675562
10.516383599245152,10.399153657002342,10.80802882141019,10.653628409675758,18.1,18.1,17.8,17.8,-30,0.04563193463635633
10.484931663521472,10.387716589466459,10.776576885686508,10.685080345399438,18.1,18.1,17.900000000000002,17.900000000000002,-30,0.04489395186595703
10.484931663521472,10.316234917367185,10.736547149310917,10.662206210327671,18.1,18.1,18.0,18.0,-30,0.04403297196715786
10.44776119402985,10.316234917367185,10.667924744095613,10.56499113627266,18.1,18.1,18.0,18.0,-30,0.043171992068358686
10.407731457654256,10.310516383599245,10.63361354148796,10.579287470692513,18.1,18.1,18.0,18.0,-30,0.0423110121695595
10.353405386858809,10.26762738033968,10.605020872648252,10.527820666781036,18.1,18.1,18.0,18.0,-30,0.04132703514236045
10.319094184251158,10.293360782295418,10.54211700120089,10.47921312975353,18.1,18.1,18.0,18.0,-30,0.04022006098676151
10.316234917367185,10.259049579687767,10.513524332361182,10.459198261565733,18.1,18.1,18.0,18.0,-30,0.03923608395956245
10.310516383599245,10.15039743809687,10.444901927145878,10.459198261565733,18.1,18.1,18.0,18.0,-30,0.03825210693236339
10.259049579687767,10.158975238748784,10.442042660261908,10.32767198490307,18.1,18.1,18.0,18.0,-30,0.03726812990516433
10.210442042660262,10.130382569909074,10.407731457654256,10.356264653742778,18.1,18.1,17.900000000000002,17.900000000000002,-30,0.03628415287796528
10.158975238748784,10.09035283353348,10.4134499914222,10.32767198490307,18.1,18.1,17.900000000000002,17.900000000000002,-30,0.03530017585076622
10.138960370560987,10.061760164693771,10.370560988162635,10.301938582947331,18.0,18.0,17.900000000000002,17.900000000000002,-30,0.03443919595196704
10.1475381712129,10.070337965345685,10.336249785554982,10.247612512151884,18.0,18.0,17.900000000000002,17.900000000000002,-30,0.03370121318156775
10.136101103677017,10.018871161434207,10.293360782295418,10.230456910848059,18.0,18.0,17.900000000000002,17.900000000000002,-30,0.03284023328276857
10.110367701721277,9.924515354263166,10.250471779035854,10.201864242008348,18.0,18.0,17.8,17.8,-30,0.03210225051236928
10.067478698461713,9.955967289986846,10.190427174472465,10.101789901069365,18.0,18.0,17.8,17.8,-30,0.031241270613570103
10.033167495854062,9.918796820495222,10.210442042660262,10.101789901069365,18.0,18.0,17.8,17.8,-30,0.030380290714770924
10.007434093898324,9.861611482815805,10.156115971864814,10.05318236404186,18.0,18.0,17.8,17.8,-30,0.02951931081597175
9.944530222450963,9.898781952307427,10.11894550237319,10.010293360782294,17.900000000000002,17.900000000000002,17.8,17.8,-30,0.02865833091717257
9.904500486075369,9.821581746440213,10.081775032881568,10.033167495854062,17.900000000000002,17.900000000000002,17.8,17.8,-30,0.02767435388997351
9.864470749699775,9.807285412020358,10.041745296505974,9.99313775947847,17.900000000000002,17.900000000000002,17.8,17.8,-30,0.02681337399117434
9.838737347744038,9.775833476296675,9.99313775947847,9.947389489334933,17.900000000000002,17.900000000000002,17.7,17.7,-30,0.0257063998355754
9.810144678904328,9.775833476296675,9.947389489334933,9.878767084119632,17.900000000000002,17.900000000000002,17.7,17.7,-30,0.02472242280837634
9.730085206153142,9.767255675644765,9.890204151655515,9.870189283467719,17.8,17.8,17.7,17.7,-30,0.0236154486527774
9.718648138617258,9.678618402241664,9.84445588151198,9.84731514839595,17.8,17.8,17.7,17.7,-30,0.022385477368778574
9.66718133470578,9.701492537313431,9.807285412020358,9.784411276948589,17.8,17.8,17.7,17.7,-30,0.021278503213179634
9.672899868473722,9.67004060158975,9.767255675644765,9.767255675644765,17.8,17.8,17.6,17.6,-30,0.02004853192918081
9.650025733401955,9.60427746325842,9.735803739921082,9.695774003545491,17.8,17.8,17.6,17.6,-30,0.01881856064518199
9.598558929490478,9.601418196374448,9.690055469777548,9.652885000285925,17.7,17.7,17.6,17.6,-29,0.017465592232783284
9.54995139246297,9.561388459998854,9.681477669125634,9.641447932750042,17.7,17.7,17.6,17.6,-29,0.01611262382038458
9.532795791159147,9.521358723623262,9.641447932750042,9.627151598330187,17.7,17.7,17.6,17.6,-29,0.014759655407985874
9.558529193114884,9.432721450220162,9.607136730142392,9.527077257391204,17.7,17.7,17.5,17.5,-29,0.01352968412398705
9.538514324927087,9.45559558529193,9.57282552753474,9.507062389203407,17.7,17.7,17.5,17.5,-29,0.012422709968388112
9.507062389203407,9.421284382684279,9.532795791159147,9.447017784640018,17.6,17.6,17.5,17.5,-29,0.011315735812789171
9.401269514496482,9.32978784239721,9.501343855435467,9.432721450220162,17.6,17.6,17.5,17.5,-29,0.01020876165719023
9.418425115800307,9.344084176817063,9.435580717104134,9.36409904500486,17.6,17.6,17.400000000000002,17.400000000000002,-29,0.00922478462999117
9.406988048264424,9.292617372905585,9.42414364956825,9.32978784239721,17.6,17.6,17.400000000000002,17.400000000000002,-29,0.008240807602792112
9.429862183336192,9.255446903413963,9.378395379424713,9.292617372905585,17.6,17.6,17.400000000000002,17.400000000000002,-29,0.007379827703992937
9.318350774861326,9.203980099502486,9.36409904500486,9.266883970949849,17.5,17.5,17.400000000000002,17.400000000000002,-29,0.006518847805193762
9.232572768342196,9.221135700806313,9.341224909933093,9.221135700806313,17.5,17.5,17.400000000000002,17.400000000000002,-30,0.005780865034794467
9.203980099502486,9.158231829358952,9.292617372905585,9.24400983587808,17.5,17.5,17.3,17.3,-30,0.0050428822643951736
9.198261565734546,9.129639160519242,9.229713501458225,9.206839366386458,17.400000000000002,17.400000000000002,17.2,17.2,-30,0.004427896622395762
9.221135700806313,9.095327957911591,9.178246697546749,9.143935494939097,17.400000000000002,17.400000000000002,17.2,17.2,-30,0.0038129109803963506
9.169668896894835,9.058157488419967,9.129639160519242,9.101046491679533,17.3,17.3,17.0,17.0,-30,0.0031979253383969393
9.095327957911591,9.075313089723794,9.118202092983358,9.098187224795561,17.2,17.2,16.900000000000002,16.900000000000002,-30,0.002582939696397528
9.055298221535997,9.041001887116142,9.103905758563503,9.075313089723794,17.1,17.1,16.7,16.7,-29,0.0019679540543981163
9.052438954652025,9.018127752044375,9.046720420884084,8.978098015668783,17.0,17.0,16.5,16.5,-29,0.0014759655407985874
9.069594555955852,8.998112883856578,9.026705552696288,9.009549951392463,16.8,16.8,16.3,16.3,-29,0.0011069741555989406
9.043861154000114,8.949505346829072,8.986675816320695,8.960942414364956,16.7,16.7,16.1,16.1,-29,0.0006149856419994114
8.992394350088636,8.900897809801565,8.986675816320695,8.932349745525247,16.5,16.5,15.8,15.8,-29,0.00012299712839988227
8.918053411105392,8.920912677989362,8.966660948132898,8.895179276033623,16.3,16.3,15.600000000000001,15.600000000000001,-29,-0.00036899138519964686
8.91519414422142,8.898038542917595,8.929490478641275,8.906616343569508,16.1,16.1,15.3,15.3,-29,-0.000860979898799176
8.906616343569508,8.860868073425973,8.898038542917595,8.860868073425973,15.9,15.9,15.0,15.0,-29,-0.0013529684123987052
8.91233487733745,8.803682735746554,8.855149539658031,8.786527134442728,15.700000000000001,15.700000000000001,14.8,14.8,-29,-0.0018449569259982343
8.863727340309943,8.803682735746554,8.835134671470234,8.775090066906845,15.5,15.5,14.600000000000001,14.600000000000001,-29,-0.0024599425679976456
8.840853205238176,8.769371533138903,8.815119803282437,8.755075198719048,15.3,15.3,14.3,14.3,-29,-0.0031979253383969393
8.806542002630525,8.689312060387715,8.795104935094642,8.749356664951106,15.100000000000001,15.100000000000001,14.100000000000001,14.100000000000001,-28,-0.0038129109803963506
8.795104935094642,8.70646766169154,8.726482529879338,8.683593526619774,14.700000000000001,14.700000000000001,14.100000000000001,14.100000000000001,-29,-0.004427896622395762
8.757934465603018,8.64070452336021,8.726482529879338,8.646423057128152,14.600000000000001,14.600000000000001,13.9,13.9,-28,-0.0050428822643951736
8.715045462343454,8.589237719448732,8.689312060387715,8.623548922056385,14.4,14.4,13.600000000000001,13.600000000000001,-28,-0.005780865034794467
8.669297192199918,8.557785783725052,8.666437925315948,8.632126722708296,14.3,14.3,13.5,13.5,-28,-0.006518847805193762
8.620689655172413,8.572082118144907,8.623548922056385,8.560645050609024,14.100000000000001,14.100000000000001,13.3,13.3,-28,-0.007256830575593055
8.60925258763653,8.614971121404471,8.594956253216674,8.600674786984616,14.0,14.0,13.200000000000001,13.200000000000001,-28,-0.007994813345992348
8.592096986332704,8.512037513581516,8.546348716189168,8.58351918568079,13.9,13.9,13.100000000000001,13.100000000000001,-28,-0.008732796116391642
8.58351918568079,8.469148510321952,8.529193114885343,8.537770915537255,13.8,13.8,13.0,13.0,-29,-0.009593776015190819
8.52061531423343,8.454852175902097,8.48916337850975,8.451992909018127,13.700000000000001,13.700000000000001,12.9,12.9,-29,-0.010331758785590112
8.503459712929605,8.454852175902097,8.497741179161661,8.460570709670039,13.600000000000001,13.600000000000001,12.8,12.8,-29,-0.011192738684389287
8.454852175902097,8.509178246697546,8.437696574598272,8.423400240178417,13.5,13.5,12.8,12.8,-29,-0.012176715711588347
8.451992909018127,8.423400240178417,8.417681706410475,8.374792703150911,13.4,13.4,12.700000000000001,12.700000000000001,-29,-0.013160692738787404
8.437696574598272,8.386229770686796,8.360496368731058,8.34048150054326,13.3,13.3,12.700000000000001,12.700000000000001,-29,-0.014144669765986462
8.440555841482244,8.357637101847086,8.351918568079144,8.377651970034883,13.3,13.3,12.700000000000001,12.700000000000001,-29,-0.015128646793185522
8.40052610510665,8.34334076742723,8.329044433007375,8.329044433007375,13.200000000000001,13.200000000000001,12.700000000000001,12.700000000000001,-29,-0.016358618077184344
8.34334076742723,8.34048150054326,8.30902956481958,8.277577629095898,13.200000000000001,13.200000000000001,12.600000000000001,12.600000000000001,-29,-0.01771158648958305
8.303311031051637,8.371933436266941,8.277577629095898,8.211814490764567,13.100000000000001,13.100000000000001,12.600000000000001,12.600000000000001,-29,-0.01894155777358187
8.314748098587522,8.289014696631783,8.24898496025619,8.25184422714016,13.100000000000001,13.100000000000001,12.600000000000001,12.600000000000001,-29,-0.020294526185980575
8.303311031051637,8.243266426488248,8.217533024532509,8.183221821924858,13.0,13.0,12.600000000000001,12.600000000000001,-29,-0.021647494598379283
8.291873963515753,8.186081088808828,8.1889403556928,8.16034768685309,13.0,13.0,12.600000000000001,12.600000000000001,-29,-0.023000463010777985
8.24898496025619,8.217533024532509,8.168925487505003,8.097443815405729,13.0,13.0,12.600000000000001,12.600000000000001,-29,-0.024476428551576574
8.22325155830045,8.203236690112655,8.148910619317206,8.114599416709554,13.0,13.0,12.600000000000001,12.600000000000001,-29,-0.02595239409237516
8.197518156344712,8.183221821924858,8.120317950477498,8.051695545262193,12.9,12.9,12.600000000000001,12.600000000000001,-29,-0.027428359633173745
8.211814490764567,8.091725281637787,8.086006747869845,8.054554812146165,12.9,12.9,12.5,12.5,-29,-0.028904325173972335
8.180362555040887,8.091725281637787,8.048836278378223,7.971636072511007,12.9,12.9,12.5,12.5,-29,-0.030380290714770924
8.151769886201178,8.063132612798077,8.03739921084234,7.968776805627036,12.8,12.8,12.5,12.5,-29,-0.03173325912716963
8.1003030822897,8.060273345914107,8.000228741350718,7.937324869903357,12.8,12.8,12.5,12.5,-29,-0.03320922466796821
8.080288214101904,8.020243609538513,7.994510207582775,7.931606336135415,12.8,12.8,12.5,12.5,-29,-0.03468519020876681
8.03739921084234,8.00880654200263,7.937324869903357,7.854406130268198,12.8,12.8,12.5,12.5,-30,-0.03616115574956539
8.034539943958368,7.971636072511007,7.900154400411734,7.860124664036141,12.8,12.8,12.5,12.5,-30,-0.03751412416196409
8.003088008234688,7.934465603019385,7.8629839309201115,7.848687596500256,12.700000000000001,12.700000000000001,12.5,12.5,-30,-0.03899008970276269
7.988791673814833,7.914450734831588,7.834391262080402,7.85726539715217,12.700000000000001,12.700000000000001,12.5,12.5,-30,-0.04022006098676151
7.934465603019385,7.908732201063646,7.805798593240692,7.771487390633041,12.700000000000001,12.700000000000001,12.5,12.5,-30,-0.04145003227076033
7.9230285354835015,7.908732201063646,7.774346657517012,7.748613255561273,12.700000000000001,12.700000000000001,12.5,12.5,-30,-0.04255700642635927
7.885858065991879,7.882998799107908,7.740035454909361,7.697146451649797,12.700000000000001,12.700000000000001,12.5,12.5,-30,-0.04366398058195821
7.888717332875849,7.822954194544518,7.71144278606965,7.700005718533767,12.700000000000001,12.700000000000001,12.5,12.5,-30,-0.04489395186595703
7.85726539715217,7.814376393892606,7.659975982158174,7.657116715274203,12.700000000000001,12.700000000000001,12.5,12.5,-30,-0.04624692027835574
7.854406130268198,7.814376393892606,7.637101847086407,7.611368445130668,12.600000000000001,12.600000000000001,12.5,12.5,-30,-0.04759988869075445
7.822954194544518,7.805798593240692,7.614227712014638,7.6027906444787545,12.600000000000001,12.600000000000001,12.5,12.5,-30,-0.04882985997475327
7.788642991936867,7.7428947217933315,7.597072110710813,7.559901641219191,12.600000000000001,12.600000000000001,12.5,12.5,-30,-0.050059831258752095
7.745753988677302,7.7028649854177385,7.577057242523016,7.528449705495511,12.600000000000001,12.600000000000001,12.5,12.5,-30,-0.05116680541435103
7.728598387373477,7.700005718533767,7.5398867730313945,7.474123634700062,12.600000000000001,12.600000000000001,12.5,12.5,-30,-0.05251977382674974
7.700005718533767,7.679990850345971,7.511294104191684,7.494138502887859,12.600000000000001,12.600000000000001,12.5,12.5,-30,-0.05374974511074856
7.694287184765825,7.6628352490421445,7.474123634700062,7.462686567164178,12.600000000000001,12.600000000000001,12.5,12.5,-30,-0.055102713523147266
7.6828501172299415,7.605649911362726,7.46840510093212,7.439812432092411,12.600000000000001,12.600000000000001,12.5,12.5,-30,-0.056455681935545975
7.654257448390232,7.597072110710813,7.439812432092411,7.371190026877108,12.600000000000001,12.600000000000001,12.5,12.5,-30,-0.05780865034794467
7.631383313318465,7.568479441871103,7.416938297020644,7.3597529593412245,12.600000000000001,12.600000000000001,12.5,12.5,-30,-0.05916161876034338
7.61708697889861,7.55704237433522,7.371190026877108,7.342597358037398,12.600000000000001,12.600000000000001,12.5,12.5,-30,-0.060514587172742086
7.608509178246696,7.49699776977183,7.339738091153428,7.308286155429748,12.600000000000001,12.600000000000001,12.5,12.5,-30,-0.061867555585140795
7.574197975639046,7.49699776977183,7.305426888545776,7.2997083547778345,12.600000000000001,12.600000000000001,12.5,12.5,-30,-0.0632205239975395
7.5427460399153645,7.474123634700062,7.305426888545776,7.211071081374734,12.600000000000001,12.600000000000001,12.5,12.5,-30,-0.0645734924099382
7.49699776977183,7.442671698976382,7.285412020357979,7.208211814490764,12.600000000000001,12.600000000000001,12.5,12.5,-30,-0.06604945795073679
7.462686567164178,7.416938297020644,7.248241550866357,7.193915480070909,12.600000000000001,12.600000000000001,12.5,12.5,-30,-0.0674024263631355
7.442671698976382,7.3826270944129915,7.219648882026648,7.162463544347228,12.600000000000001,12.600000000000001,12.5,12.5,-30,-0.0687553947755342
7.434093898324469,7.374049293761079,7.191056213186939,7.125293074855607,12.600000000000001,12.600000000000001,12.5,12.5,-30,-0.0701083631879329
7.40550122948476,7.345456624921369,7.159604277463258,7.093841139131927,12.600000000000001,12.600000000000001,12.5,12.5,-30,-0.0714613316003316
7.3797678275290215,7.331160290501515,7.113856007319722,7.10813747355178,12.600000000000001,12.600000000000001,12.5,12.5,-30,-0.07269130288433043
7.331160290501515,7.293989821009893,7.085263338480013,7.0766855378281,12.600000000000001,12.600000000000001,12.5,12.5,-30,-0.07404427129672914
7.305426888545776,7.259678618402241,7.056670669640304,7.070967004060158,12.600000000000001,12.600000000000001,12.5,12.5,-30,-0.07527424258072796
7.2997083547778345,7.233945216446503,7.01664093326471,6.9994853319608845,12.600000000000001,12.600000000000001,12.600000000000001,12.600000000000001,-31,-0.07650421386472678
7.265397152170183,7.225367415794589,7.008063132612798,6.973751930005146,12.600000000000001,12.600000000000001,12.5,12.5,-31,-0.07785718227712549
7.245382283982386,7.208211814490764,6.968033396237204,6.962314862469262,12.600000000000001,12.600000000000001,12.5,12.5,-30,-0.0790871535611243
7.216789615142678,7.162463544347228,6.936581460513524,6.916566592325728,12.600000000000001,12.600000000000001,12.5,12.5,-31,-0.08031712484512311
7.199634013838851,7.176759878767084,6.902270257905872,6.899410991021901,12.5,12.5,12.5,12.5,-31,-0.08167009325752184
7.173900611883112,7.142448676159432,6.867959055298221,6.8393663864585115,12.5,12.5,12.5,12.5,-31,-0.08290006454152066
7.156745010579287,7.1195745410876645,6.847944187110424,6.822210785154685,12.5,12.5,12.5,12.5,-31,-0.08413003582551948
7.125293074855607,7.068107737176187,6.822210785154685,6.790758849431005,12.5,12.5,12.5,12.5,-31,-0.08536000710951831
7.093841139131927,7.053811402756333,6.793618116314977,6.765025447475266,12.5,12.5,12.5,12.5,-31,-0.08671297552191701
7.070967004060158,7.053811402756333,6.762166180591296,6.733573511751587,12.5,12.5,12.4,12.4,-31,-0.08794294680591583
7.048092868988391,7.01378166638074,6.733573511751587,6.676388174072168,12.5,12.5,12.4,12.4,-31,-0.08917291808991466
7.036655801452507,6.988048264425001,6.722136444215703,6.687825241608051,12.5,12.5,12.4,12.4,-31,-0.09040288937391347
7.01664093326471,6.928003659861611,6.684965974724079,6.647795505232458,12.5,12.5,12.4,12.4,-31,-0.09163286065791229
6.996626065076913,6.930862926745582,6.673528907188196,6.622062103276719,12.5,12.5,12.4,12.4,-31,-0.09286283194191111
6.973751930005146,6.913707325441756,6.6392177045805445,6.576313833133184,12.5,12.5,12.4,12.4,-31,-0.09409280322590993
6.942299994281465,6.893692457253959,6.619202836392748,6.542002630525532,12.4,12.4,12.3,12.3,-31,-0.09532277450990877
6.930862926745582,6.859381254646308,6.587750900669067,6.527706296105678,12.4,12.4,12.3,12.3,-31,-0.09667574292230748
6.910848058557786,6.776462515011151,6.547721164293475,6.496254360381997,12.4,12.4,12.3,12.3,-31,-0.09802871133470618
6.882255389718075,6.80505518385086,6.521987762337735,6.484817292846113,12.4,12.4,12.200000000000001,12.200000000000001,-31,-0.09938167974710489
6.847944187110424,6.790758849431005,6.4790987590781715,6.453365357122433,12.3,12.3,12.200000000000001,12.200000000000001,-31,-0.10085764528790346
6.816492251386744,6.742151312403499,6.481958025962143,6.41333562074684,12.3,12.3,12.200000000000001,12.200000000000001,-31,-0.10233361082870206
6.785040315663063,6.710699376679818,6.461943157774346,6.373305884371247,12.3,12.3,12.100000000000001,12.100000000000001,-31,-0.10380957636950064
6.747869846171441,6.6792474409561375,6.427631955166695,6.344713215531537,12.3,12.3,12.100000000000001,12.100000000000001,-31,-0.10540853903869911
6.722136444215703,6.676388174072168,6.393320752559043,6.330416881111683,12.200000000000001,12.200000000000001,12.100000000000001,12.100000000000001,-31,-0.10688450457949769
6.693543775375993,6.633499170812603,6.373305884371247,6.307542746039914,12.200000000000001,12.200000000000001,12.0,12.0,-31,-0.10848346724869617
6.6792474409561375,6.62492137016069,6.330416881111683,6.278950077200205,12.200000000000001,12.200000000000001,12.0,12.0,-31,-0.11008242991789464
6.647795505232458,6.587750900669067,6.304683479155944,6.244638874592554,12.100000000000001,12.100000000000001,11.9,11.9,-31,-0.11168139258709311
6.633499170812603,6.5648767655973,6.247498141476525,6.250357408360496,12.100000000000001,12.100000000000001,11.9,11.9,-31,-0.11340335238469146
6.602047235088922,6.544861897409503,6.238920340824612,6.2160462057528445,12.0,12.0,11.8,11.8,-31,-0.11512531218228982
6.582032366901125,6.513409961685824,6.210327671984902,6.207468405100932,12.0,12.0,11.8,11.8,-31,-0.1167242748514883
6.5648767655973,6.50197289414994,6.1760164693772515,6.118831131697832,11.9,11.9,11.700000000000001,11.700000000000001,-31,-0.11856923177748652
6.5391433636415615,6.470520958426259,6.158860868073425,6.098816263510036,11.9,11.9,11.600000000000001,11.600000000000001,-31,-0.12029119157508487
6.50483216103391,6.430491222050666,6.1359867330016575,6.098816263510036,11.8,11.8,11.600000000000001,11.600000000000001,-31,-0.12213614850108312
6.484817292846113,6.453365357122433,6.087379195974151,6.027334591410762,11.8,11.8,11.5,11.5,-31,-0.12385810829868146
6.461943157774346,6.427631955166695,6.0730828615542976,6.038771658946645,11.700000000000001,11.700000000000001,11.4,11.4,-31,-0.1257030652246797
6.441928289586549,6.401898553210956,6.033053125178704,5.998741922571052,11.700000000000001,11.700000000000001,11.3,11.3,-31,-0.1276710192790778
6.421913421398753,6.367587350603304,5.998741922571052,5.955852919311488,11.600000000000001,11.600000000000001,11.3,11.3,-31,-0.12963897333347593
6.390461485675073,6.301824212271972,5.984445588151197,5.941556584891633,11.5,11.5,11.200000000000001,11.200000000000001,-31,-0.1317299245162739
6.361868816835362,6.318979813575799,5.958712186195458,5.938697318007662,11.5,11.5,11.100000000000001,11.100000000000001,-31,-0.13382087569907192
6.344713215531537,6.307542746039914,5.941556584891633,5.892949047864127,11.4,11.4,11.100000000000001,11.100000000000001,-32,-0.1359118268818699
6.330416881111683,6.273231543432264,5.910104649167953,5.8557785783725045,11.4,11.4,11.0,11.0,-32,-0.13812577519306782
6.324698347343741,6.247498141476525,5.878652713444271,5.812889575112941,11.3,11.3,10.9,10.9,-32,-0.14033972350426568
6.296105678504031,6.20460913821696,5.8557785783725045,5.801452507577056,11.200000000000001,11.200000000000001,10.9,10.9,-32,-0.14267666894386344
6.26465374278035,6.181735003145193,5.830045176416767,5.7957339738091145,11.200000000000001,11.200000000000001,10.8,10.8,-32,-0.1451366115118611
6.238920340824612,6.198890604449018,5.812889575112941,5.755704237433521,11.100000000000001,11.100000000000001,10.700000000000001,10.700000000000001,-32,-0.14759655407985872
6.218905472636815,6.1560016011894545,5.787156173157203,5.729970835477783,11.100000000000001,11.100000000000001,10.600000000000001,10.600000000000001,-32,-0.15005649664785636
6.2160462057528445,6.118831131697832,5.758563504317492,5.701378166638074,11.0,11.0,10.600000000000001,10.600000000000001,-32,-0.15263943634425392
6.20174987133299,6.087379195974151,5.729970835477783,5.667066964030422,10.9,10.9,10.5,10.5,-32,-0.1553453731690513
6.17029793560931,6.041630925830616,5.701378166638074,5.632755761422771,10.9,10.9,10.5,10.5,-32,-0.15805130999384873
6.133127466117687,6.055927260250471,5.678504031566305,5.635615028306741,10.8,10.8,10.4,10.4,-32,-0.16075724681864614
6.101675530394006,6.027334591410762,5.652770629610567,5.535540687367758,10.700000000000001,10.700000000000001,10.3,10.3,-32,-0.16358618077184342
6.0759421284382675,6.004460456338994,5.621318693886887,5.575570423743351,10.700000000000001,10.700000000000001,10.3,10.3,-32,-0.16641511472504072
6.067364327786355,5.950134385543546,5.578429690627323,5.538399954251729,10.600000000000001,10.600000000000001,10.3,10.3,-32,-0.169244048678238
6.033053125178704,5.9358380511236915,5.56985188997541,5.458340481500542,10.600000000000001,10.600000000000001,10.200000000000001,10.200000000000001,-32,-0.17194998550303542
6.021616057642819,5.941556584891633,5.549837021787613,5.466918282152456,10.5,10.5,10.100000000000001,10.100000000000001,-32,-0.17453292519943295
5.995882655687081,5.9358380511236915,5.524103619831875,5.424029278892891,10.5,10.5,10.100000000000001,10.100000000000001,-32,-0.17723886202423034
5.970149253731343,5.898667581632068,5.486933150340253,5.395436610053182,10.4,10.4,10.0,10.0,-32,-0.1798218017206279
5.96157145307943,5.858637845256476,5.464059015268484,5.386858809401269,10.4,10.4,10.0,10.0,-32,-0.18228174428862556
5.944415851775604,5.838622977068679,5.441184880196717,5.366843941213472,10.3,10.3,9.9,9.9,-32,-0.1847416868566232
5.915823182935895,5.818608108880882,5.409732944473037,5.306799336650082,10.200000000000001,10.200000000000001,9.8,9.8,-32,-0.18707863229622093
5.898667581632068,5.801452507577056,5.381140275633327,5.303940069766112,10.200000000000001,10.200000000000001,9.8,9.8,-32,-0.18929258060741885
5.867215645908388,5.7957339738091145,5.346829073025676,5.275347400926401,10.100000000000001,10.100000000000001,9.700000000000001,9.700000000000001,-32,-0.19150652891861672
5.858637845256476,5.764282038085434,5.309658603534054,5.286784468462287,10.0,10.0,9.600000000000001,9.600000000000001,-32,-0.1935974801014147
5.8329044433007375,5.732830102361754,5.29822153599817,5.235317664550808,9.9,9.9,9.5,9.5,-32,-0.19568843128421273
5.812889575112941,5.718533767941899,5.278206667810373,5.235317664550808,9.8,9.8,9.4,9.4,-32,-0.19765638533861085
5.7957339738091145,5.704237433522044,5.2067249957111,5.146680391147709,9.8,9.8,9.3,9.3,-33,-0.19962433939300894
5.784296906273231,5.695659632870132,5.229599130782867,5.120946989191971,9.700000000000001,9.700000000000001,9.200000000000001,9.200000000000001,-33,-0.20159229344740706
5.752844970549551,5.669926230914394,5.1924286612912445,5.143821124263739,9.600000000000001,9.600000000000001,9.0,9.0,-33,-0.2034372503734053
5.744267169897638,5.652770629610567,5.1724137931034475,5.118087722308,9.5,9.5,8.9,8.9,-33,-0.20528220729940352
5.727111568593812,5.618459427002916,5.146680391147709,5.05804311774461,9.4,9.4,8.700000000000001,8.700000000000001,-33,-0.2070041670970019
5.701378166638074,5.584148224395265,5.123806256075942,5.049465317092697,9.3,9.3,8.6,8.6,-33,-0.20872612689460027
5.675644764682335,5.578429690627323,5.0923543203522605,5.020872648252987,9.200000000000001,9.200000000000001,8.4,8.4,-33,-0.21044808669219858
5.664207697146451,5.581288957511293,5.083776519700349,4.9522502430376845,9.0,9.0,8.200000000000001,8.200000000000001,-33,-0.21217004648979693
5.655629896494538,5.549837021787613,5.072339452164465,4.963687310573568,8.9,8.9,8.0,8.0,-32,-0.21376900915899538
5.649911362726597,5.561274089323496,5.038028249556813,4.946531709269743,8.700000000000001,8.700000000000001,7.800000000000001,7.800000000000001,-32,-0.2153679718281939
5.632755761422771,5.515525819179961,5.029450448904901,4.926516841081946,8.6,8.6,7.6000000000000005,7.6000000000000005,-32,-0.21696693449739235
5.609881626351004,5.475496082804369,5.015154114485045,4.90650197289415,8.4,8.4,7.4,7.4,-33,-0.21831990290979103
5.60130382569909,5.452621947732601,5.003717046949162,4.883627837822383,8.1,8.1,7.4,7.4,-29,-0.2196728713221898
5.587007491279235,5.458340481500542,4.980842911877395,4.880768570938411,8.0,8.0,7.2,7.2,-29,-0.2209028426061886
5.581288957511293,5.418310745124949,4.960828043689598,4.835020300794875,7.800000000000001,7.800000000000001,7.0,7.0,-29,-0.2220098167617875
5.549837021787613,5.4125922113570075,4.9293761079659175,4.829301767026934,7.7,7.7,6.800000000000001,6.800000000000001,-29,-0.22323978804578634
5.5412592211357,5.398295876937152,4.923657574197975,4.8321610339109045,7.6000000000000005,7.6000000000000005,6.7,6.7,-29,-0.2248387507149848
5.524103619831875,5.321095671069937,4.9093612397781206,4.8092868988391375,7.4,7.4,6.5,6.5,-29,-0.2264377133841833
5.506948018528049,5.3525476067936175,4.895064905358266,4.783553496883399,7.300000000000001,7.300000000000001,6.4,6.4,-29,-0.2285286645669813
5.481214616572311,5.349688339909647,4.863612969634586,4.749242294275747,7.2,7.2,6.2,6.2,-29,-0.23098860713497893
5.458340481500542,5.343969806141705,4.857894435866644,4.712071824784125,7.1000000000000005,7.1000000000000005,6.1000000000000005,6.1000000000000005,-29,-0.23369454395977635
5.44976268084863,5.295362269114198,4.843598101446789,4.706353291016184,6.9,6.9,5.9,5.9,-29,-0.2366464750413735
5.429747812660834,5.303940069766112,4.823583233258992,4.709212557900154,6.800000000000001,6.800000000000001,5.800000000000001,5.800000000000001,-29,-0.23984440037977045
5.406873677589066,5.258191799622576,4.803568365071196,4.700634757248241,6.7,6.7,5.7,5.7,-29,-0.24255033720456787
5.404014410705095,5.286784468462287,4.78641276376737,4.6291530851489675,6.4,6.4,5.7,5.7,-29,-0.2450102797725655
5.392577343169211,5.255332532738605,4.75782009492766,4.669182821524561,6.300000000000001,6.300000000000001,5.5,5.5,-26,-0.24759321946896304
