axCG_mps2,ayCG_mps2,sideSlip_rad,vxCG_mps,vyCG_mps,yawRate_radps
0.01217760977669212,0.963447703552613,0.0,0.009626395081555533,0.00270264386683628,-0.0006981317007977319
0.014989596117494198,-1.7150112736324616,0.0,0.0067517904220162454,0.012329296452043578,0.006108652381980154
0.045159477848645525,1.476859570883151,0.0,0.012327418640475644,-0.006927369558326281,-0.006108652381980154
0.01978863235262146,-0.763909361227201,0.0,0.00692631448638908,0.012329296452043578,0.004537856055185257
0.0012812761058976364,0.8168443754034456,0.0,0.009452342499059527,0.0027009634468586484,-0.0010471975511965976
-0.0004313654122548716,0.8168443754034456,0.0,0.0067535564835046104,0.012329296452043578,0.00471238898038469
-0.00477247336063641,-0.3794234473949125,0.0,0.009454116746603547,0.0027009634468586484,0.0020943951023931952
-0.001083202352423427,-0.7660293005999802,0.0,0.009626866563432363,0.0027009634468586484,-0.0005235987755982988
-0.001083202352423427,-0.7660293005999802,0.0,0.012327418640475644,-0.006927369558326281,-0.006108652381980154
0.037392841948433085,-0.3593659012103607,0.0,0.009626866563432363,0.0027009634468586484,0.0020943951023931952
0.008104716675959881,0.38874229572980595,0.0,0.009626866563432363,0.0027009634468586484,-0.0006981317007977319
-0.01028026240955998,-0.8484467039775145,0.0,0.009626866563432363,0.0027009634468586484,0.0022689280275926286
-0.010533167300704081,0.6723064013891571,0.0,0.009626866563432363,0.0027009634468586484,-0.003839724354387525
0.004141364480398454,-0.2728933204055958,0.0,0.009626866563432363,0.0027009634468586484,0.0010471975511965976
-0.02692367720040156,0.6324515411809081,0.0,0.009452342499059527,0.0027009634468586484,-0.0013962634015954637
0.0033332962315022374,-0.8911184176226006,0.0,0.00692631448638908,0.012329296452043578,0.003665191429188092
-0.015105086504502903,0.12211675944806176,0.0,0.009452342499059527,0.0027009634468586484,-0.003141592653589793
0.016350845079967244,0.7533972559051235,0.0,0.009626866563432363,0.0027009634468586484,-0.0017453292519943296
-0.004586296745453714,-1.224952379035769,0.0,0.00692631448638908,0.012329296452043578,0.003490658503988659
-0.012713415480591793,1.2575359752333333,0.0,0.01215410325826751,-0.006925217584651908,-0.0054105206811824215
-0.01572398840938409,-0.5156663652364121,0.0,0.00692631448638908,0.012329296452043578,0.003839724354387525
0.012325043695301715,-0.473192046938301,0.0,0.009626866563432363,0.0027009634468586484,0.00034906585039886593
-0.018470754140622155,1.4837525473518451,0.0,0.009451871017182699,0.00270264386683628,-0.003490658503988659
-0.0007543960866523958,-1.4458418101033828,0.0,0.00692631448638908,0.012329296452043578,0.00767944870877505
0.008043220130613076,0.29421394530847994,0.0,0.009452342499059527,0.0027009634468586484,-0.003141592653589793
0.01483978516656699,0.19922796737932444,0.0,0.009626866563432363,0.0027009634468586484,-0.0008726646259971648
-0.020812504354131914,0.2226355253510698,0.0,0.009452342499059527,0.0027009634468586484,0.00034906585039886593
0.017075612345525265,0.5406727649298715,0.0,0.009626866563432363,0.0027009634468586484,0.0024434609527920616
0.03492157432261514,-0.6770673777857807,0.0,0.00692631448638908,0.012329296452043578,0.006108652381980154
-0.013225528217976205,-0.6454193488791465,0.0,0.009452342499059527,0.0027009634468586484,0.0006981317007977319
-0.013339972399719542,0.22009159810373477,0.0,0.009454116746603547,0.0027009634468586484,-0.004014257279586958
0.03198009025229086,0.5225714024043976,0.0,0.009626866563432363,0.0027009634468586484,-0.0020943951023931952
0.01179599593231052,-0.5274079096435482,0.0,0.009626866563432363,0.0027009634468586484,0.0013962634015954637
0.0184570971727427,0.2680777587710718,0.0,0.009626866563432363,0.0027009634468586484,-0.0024434609527920616
0.0038491330331039395,0.23826849147173557,0.0,0.009452342499059527,0.0027009634468586484,-0.0006981317007977319
0.019188311403254665,-0.4250630761618894,0.0,0.009626866563432363,0.0027009634468586484,0.0010471975511965976
0.00044888423721001105,0.7544089873679363,0.0,0.009454116746603547,0.0027009634468586484,-0.0022689280275926286
0.0017276764907857556,-0.7538091830803879,0.0,0.006926335481798256,0.012329296452043578,0.0033161255787892262
0.02269423489061957,0.5600460910790128,0.0,0.009626866563432363,0.0027009634468586484,-0.0019198621771937625
0.03097315637501148,-0.24056107146355116,0.0,0.009626866563432363,0.0027009634468586484,0.0020943951023931952
-0.008567536610379303,-0.508273870050635,0.0,0.009452342499059527,0.0027009634468586484,0.00017453292519943296
-0.008113831966400042,-0.05817900613799193,0.0,0.009626866563432363,0.0027009634468586484,-0.0033161255787892262
-0.0027726128142405017,1.3374640366014328,0.0,0.009451871017182699,0.00270264386683628,-0.003839724354387525
-0.004472473520450728,-0.8486314052958422,0.0,0.00692631448638908,0.012329296452043578,0.005934119456780721
-0.0015863757447869531,-0.08664077897113363,0.0,0.009626866563432363,0.0027009634468586484,-0.0
-0.009167828722808772,0.7156623350696536,0.0,0.009626866563432363,0.0027009634468586484,-0.0005235987755982988
0.01293612276639201,0.055886426146176414,0.0,0.00692631448638908,0.012329296452043578,0.00471238898038469
0.013233848534883144,-1.406117065975561,0.0,0.00692631448638908,0.012329296452043578,0.005235987755982988
0.013233848534883144,-1.406117065975561,0.0,0.012152894576102809,-0.006927369558326281,-0.005061454830783556
-0.025451520618072123,0.29572519548837556,0.0,0.009626866563432363,0.0027009634468586484,-0.0022689280275926286
0.014569617514870877,-0.43770718155603766,0.0,0.009801390627805197,0.0027009634468586484,0.00017453292519943296
-0.01448441434264233,0.5826266189062731,0.0,0.009452342499059527,0.0027009634468586484,-0.003490658503988659
-0.019406521025123868,0.0945239079686583,0.0,0.009626866563432363,0.0027009634468586484,0.0008726646259971648
0.007655611383294541,0.2875602553960138,0.0,0.009626866563432363,0.0027009634468586484,0.0015707963267948964
0.017485814307119818,-0.24904082895466795,0.0,0.00692631448638908,0.012329296452043578,0.003490658503988659
-0.0025840335627778234,-0.8040035079916781,0.0,0.009452342499059527,0.0027009634468586484,0.0013962634015954637
-0.0010636687531517385,0.681025445436502,0.0,0.012327418640475644,-0.006927369558326281,-0.004363323129985824
-0.0032306286149893205,-0.46097192941870857,0.0,0.009626866563432363,0.0027009634468586484,0.0005235987755982988
-0.010661260324451957,0.6676971200069433,0.0,0.009452342499059527,0.0027009634468586484,-0.0029670597283903604
0.007132904391659326,-0.4801059690116218,0.0,0.009626866563432363,0.0027009634468586484,0.0020943951023931952
0.00860696626150341,0.12401835786923948,0.0,0.009626866563432363,0.0027009634468586484,-0.0017453292519943296
0.008517353343746642,0.8916090514343481,0.0,0.009452342499059527,0.0027009634468586484,-0.0008726646259971648
0.03769474384315849,-1.5911522290242557,0.0,0.007100838550761915,0.012329296452043578,0.005934119456780721
0.0009903916905027721,1.0320372627835055,0.0,0.012152894576102809,-0.006927369558326281,-0.006108652381980154
0.007912721237610262,-0.11788576560783862,0.0,0.009626866563432363,0.0027009634468586484,0.0017453292519943296
0.0014362446637537884,0.48833755504117526,0.0,0.009452342499059527,0.0027009634468586484,0.0006981317007977319
0.01479805274116164,-1.2178537556441205,0.0,0.00692631448638908,0.012329296452043578,0.004537856055185257
-0.02427991889856844,0.8948162531124672,0.0,0.012152894576102809,-0.006927369558326281,-0.004537856055185257
0.037341467912534176,-0.17073318824226466,0.0,0.009801390627805197,0.0027009634468586484,0.0024434609527920616
0.010429704710657916,-1.0411891796107415,0.0,0.009452342499059527,0.0027009634468586484,0.0006981317007977319
-0.010462789084211069,1.5789987574418554,0.0,0.012327418640475644,-0.006927369558326281,-0.006806784082777886
-5.824577524462859e-05,-0.2630870140529111,0.0,0.00692631448638908,0.012329296452043578,0.004886921905584123
0.0014254577050929619,-1.2646771231635907,0.0,0.009626866563432363,0.0027009634468586484,0.0027925268031909274
0.011653190201952199,2.1432345844811937,0.0,0.012327418640475644,-0.006927369558326281,-0.006283185307179586
-0.02673187446646191,-1.7492241753910576,0.0,0.0067517904220162454,0.012329296452043578,0.009075712110370514
0.008087088364202785,-0.11746177773328279,0.0,0.009626866563432363,0.0027009634468586484,-0.0033161255787892262
0.007929031354404979,1.5693771524074982,0.0,0.009626866563432363,0.0027009634468586484,-0.0041887902047863905
-0.012766358089737705,-2.0312560852658863,0.0,0.00692631448638908,0.012329296452043578,0.007155849933176752
-0.016234532573521556,1.058803084118424,0.0,0.012327418640475644,-0.006927369558326281,-0.00767944870877505
0.005854090279579159,0.06727951352128378,0.0,0.009626866563432363,0.0027009634468586484,0.00017453292519943296
0.005854090279579159,0.06727951352128378,0.0,0.009626866563432363,0.0027009634468586484,0.0005235987755982988
0.002660855645600454,-0.3966013033287477,0.0,0.009626866563432363,0.0027009634468586484,0.003141592653589793
-0.016786866836939026,-0.5539890296601389,0.0,0.009626866563432363,0.0027009634468586484,0.00017453292519943296
0.01778465658684089,0.7625948730649246,0.0,0.009626866563432363,0.0027009634468586484,-0.003665191429188092
0.018736935271869704,0.18438839176987,0.0,0.009626866563432363,0.0027009634468586484,0.0015707963267948964
-0.02419075804282865,-0.8765600197786273,0.0,0.009452342499059527,0.0027009634468586484,0.0027925268031909274
0.004907334752684236,0.5797342346269092,0.0,0.009801390627805197,0.0027009634468586484,-0.003141592653589793
0.01838724837492739,-0.2868849202659384,0.0,0.009626866563432363,0.0027009634468586484,0.0008726646259971648
0.01838724837492739,-0.2868849202659384,0.0,0.009452342499059527,0.0027009634468586484,-0.0013962634015954637
0.008936725171031737,-0.08536881534746614,0.0,0.009626866563432363,0.0027009634468586484,0.0006981317007977319
0.017907197615517467,-0.05213400541840948,0.0,0.009452342499059527,0.0027009634468586484,0.00017453292519943296
0.017907197615517467,-0.05213400541840948,0.0,0.009452342499059527,0.0027009634468586484,-0.00034906585039886593
0.017219457230452914,0.9957253672567573,0.0,0.009801390627805197,0.0027009634468586484,-0.0029670597283903604
-0.004933125711124167,-0.284949682211487,0.0,0.00692631448638908,0.012329296452043578,0.004014257279586958
-0.007334438345528784,0.18534553799478246,0.0,0.009626866563432363,0.0027009634468586484,0.0019198621771937625
0.014993271661988175,-0.9514338662853307,0.0,0.009626866563432363,0.0027009634468586484,0.003490658503988659
-0.00820532133473413,0.6536509349087001,0.0,0.009452342499059527,0.0027009634468586484,-0.003665191429188092
0.010470907717385623,0.024162866397015308,0.0,0.009626866563432363,0.0027009634468586484,0.0013962634015954637
0.022977690860365923,-0.5302457086850118,0.0,0.009626866563432363,0.0027009634468586484,0.0015707963267948964
0.005418437172436646,0.24208438234273816,0.0,0.009626866563432363,0.0027009634468586484,-0.0024434609527920616
0.0004487093552108112,0.054135889410052686,0.0,0.009626866563432363,0.0027009634468586484,-0.0006981317007977319
-0.006560674076389381,0.2615878245723068,0.0,0.009626866563432363,0.0027009634468586484,-0.00034906585039886593
0.003923157957153493,1.0234483348165881,0.0,0.009626866563432363,0.0027009634468586484,0.0015707963267948964
0.011087769304216984,-1.3970286192915606,0.0,0.00692631448638908,0.012329296452043578,0.008726646259971648
-0.04342521006770485,-0.1426281240171313,0.0,0.009452342499059527,0.0027009634468586484,-0.0019198621771937625
0.029419074678180876,-0.14566331840556965,0.0,0.009801390627805197,0.0027009634468586484,-0.0020943951023931952
0.030218396286466175,0.7785217109797188,0.0,0.009626866563432363,0.0027009634468586484,-0.003839724354387525
-0.020591468736552418,-0.5475200410660005,0.0,0.009452342499059527,0.0027009634468586484,0.0015707963267948964
0.006194501117232967,0.492783080709688,0.0,0.009626866563432363,0.0027009634468586484,-0.0020943951023931952
-0.007591153811702152,-0.1756027017853333,0.0,0.009452342499059527,0.0027009634468586484,0.0010471975511965976
-0.005504800869403384,-0.456492764116922,0.0,0.009626866563432363,0.0027009634468586484,-0.00017453292519943296
-0.03226111461446916,0.2334199235332936,0.0,0.009626866563432363,0.0027009634468586484,-0.003490658503988659
0.007975170426714391,0.4470679211001842,0.0,0.009626866563432363,0.0027009634468586484,-0.0015707963267948964
0.017797156128606367,0.5681564459334741,0.0,0.009626866563432363,0.0027009634468586484,0.0013962634015954637
0.005471552628377562,-1.0089115159065971,0.0,0.00692631448638908,0.012329296452043578,0.005585053606381855
0.009579172933946292,0.22647236182669903,0.0,0.009626866563432363,0.0027009634468586484,-0.0015707963267948964
0.011246548437102292,0.15616590549295642,0.0,0.009626866563432363,0.0027009634468586484,-0.0
0.005569652829138182,-0.19794394305636542,0.0,0.009626866563432363,0.0027009634468586484,0.0010471975511965976
-0.016137019465313204,-0.2521388601569861,0.0,0.009626866563432363,0.0027009634468586484,-0.00017453292519943296
0.0036973879577247314,0.3265671398551512,0.0,0.009626866563432363,0.0027009634468586484,-0.0017453292519943296
0.0016998303199607246,0.4875651101345906,0.0,0.009626866563432363,0.0027009634468586484,0.0005235987755982988
-0.0009198815420987671,-0.6341017923465662,0.0,0.0067517904220162454,0.012329296452043578,0.0041887902047863905
0.00018462311726358483,0.5882685773559264,0.0,0.009626866563432363,0.0027009634468586484,-0.00017453292519943296
-0.014628817483184979,-1.1092455804912775,0.0,0.00692631448638908,0.012329296452043578,0.004014257279586958
0.01009162238559838,-0.4071464149547434,0.0,0.012327418640475644,-0.006927369558326281,-0.003839724354387525
0.005205753807325657,1.4726742773754928,0.0,0.012327418640475644,-0.006927369558326281,-0.006806784082777886
0.008150884585206564,0.15152298447746873,0.0,0.00692631448638908,0.012329296452043578,0.004014257279586958
-0.015229561657631481,-0.8890949546969749,0.0,0.0067517904220162454,0.012329296452043578,0.00471238898038469
-0.015229561657631481,-0.8890949546969749,0.0,0.009626866563432363,0.0027009634468586484,-0.0013962634015954637
0.010444561601955019,0.7090086451571874,0.0,0.009626866563432363,0.0027009634468586484,-0.003141592653589793
-0.015102392440703575,-0.46982108954648083,0.0,0.009626866563432363,0.0027009634468586484,0.0019198621771937625
0.004207566570657143,0.4035818713392603,0.0,0.009626866563432363,0.0027009634468586484,-0.0013962634015954637
0.030080468947814798,-0.5086769123205642,0.0,0.009626866563432363,0.0027009634468586484,0.0012217304763960308
-0.03133925197750728,0.34287607443524803,0.0,0.009452342499059527,0.0027009634468586484,-0.0029670597283903604
0.024884576743017847,-0.6271123394307184,0.0,0.009801390627805197,0.0027009634468586484,0.00034906585039886593
0.04176645377946366,1.2827359611504554,0.0,0.012327418640475644,-0.006927369558326281,-0.00471238898038469
5.002545468714148e-05,-0.7061042001785323,0.0,0.0067517904220162454,0.012329296452043578,0.004363323129985824
0.0036973879577247314,0.3265671398551512,0.0,0.009626866563432363,0.0027009634468586484,-0.0005235987755982988
-0.005729088806397205,-0.33121894577597405,0.0,0.009626866563432363,0.0027009634468586484,0.0017453292519943296
0.020220667589144647,0.06788820271416733,0.0,0.009626866563432363,0.0027009634468586484,-0.0006981317007977319
-0.011590974632142051,-0.43555360254998476,0.0,0.009452342499059527,0.0027009634468586484,-0.0005235987755982988
0.003343159383343094,1.2765608443504457,0.0,0.009626866563432363,0.0027009634468586484,-0.003490658503988659
-0.002718573551479615,-0.32819644541618276,0.0,0.0067517904220162454,0.012329296452043578,0.005585053606381855
0.020559144302346538,-1.332548822725799,0.0,0.009626866563432363,0.0027009634468586484,0.0033161255787892262
0.002073621330551376,1.8697160717307553,0.0,0.012327418640475644,-0.006927369558326281,-0.0066322511575784525
-0.019434830101943742,-1.931660825954517,0.0,0.00692631448638908,0.012329296452043578,0.006981317007977318
0.016813825783235013,1.2492618646651708,0.0,0.012327418640475644,-0.006927369558326281,-0.006806784082777886
-0.02445619131267561,-0.0464584073354824,0.0,0.009452342499059527,0.0027009634468586484,0.0017453292519943296
-0.02445619131267561,-0.0464584073354824,0.0,0.009626866563432363,0.0027009634468586484,0.0019198621771937625
0.006701850635830789,0.04361172338868358,0.0,0.009801390627805197,0.0027009634468586484,-0.0008726646259971648
0.019388659094072818,0.5419993137914394,0.0,0.009626866563432363,0.0027009634468586484,-0.0008726646259971648
0.019800208087566967,-0.5436832045903713,0.0,0.009626866563432363,0.0027009634468586484,0.003141592653589793
0.0014209160276536937,0.15658989336751225,0.0,0.009452342499059527,0.0027009634468586484,-0.0008726646259971648
-0.0262988865861814,-0.44700127516299254,0.0,0.009452342499059527,0.0027009634468586484,0.00034906585039886593
0.015339735076453573,-0.23995238227066756,0.0,0.009626866563432363,0.0027009634468586484,-0.002617993877991494
-0.003123223518002869,1.2808553083339043,0.0,0.012327418640475644,-0.006927369558326281,-0.004537856055185257
-0.032021132490170245,-1.2115904139729365,0.0,0.0067517904220162454,0.012329296452043578,0.00471238898038469
0.033248310110120194,1.1104750195763362,0.0,0.009801390627805197,0.0027009634468586484,-0.003490658503988659
-0.0029521663846992672,-1.133782291977616,0.0,0.0067517904220162454,0.012329296452043578,0.0041887902047863905
0.016389190155423037,0.4074732930527899,0.0,0.012501942704848478,-0.006927369558326281,-0.003665191429188092
-0.006615165401167356,0.9234627272639366,0.0,0.009452342499059527,0.0027009634468586484,-0.0010471975511965976
0.01564917161042556,-0.3636057799559191,0.0,0.00692631448638908,0.012329296452043578,0.005934119456780721
0.0017631744789474702,-0.24723570698064382,0.0,0.009626866563432363,0.0027009634468586484,0.0033161255787892262
0.004413273552136571,-0.698321356751473,0.0,0.009626866563432363,0.0027009634468586484,0.0015707963267948964
0.005704751073454888,0.5630685914388041,0.0,0.009452342499059527,0.0027009634468586484,-0.003839724354387525
-0.005372425525823304,0.01136769931781303,0.0,0.009452342499059527,0.0027009634468586484,0.00034906585039886593
-0.005372425525823304,0.01136769931781303,0.0,0.009801390627805197,0.0027009634468586484,0.0008726646259971648
-0.009739138329882933,-1.1073649276747264,0.0,0.009626866563432363,0.0027009634468586484,0.003141592653589793
0.004711298218635667,0.9610129467810787,0.0,0.012327418640475644,-0.006927369558326281,-0.004886921905584123
0.02396926726460788,-0.9839508165457029,0.0,0.009626866563432363,0.0027009634468586484,0.0020943951023931952
-0.017825111732167984,0.6702956324921786,0.0,0.012152894576102809,-0.006927369558326281,-0.0054105206811824215
0.002168863600040053,1.2694076357208968,0.0,0.009626866563432363,0.0027009634468586484,-0.00017453292519943296
0.00972108369442197,-1.144415628474786,0.0,0.00692631448638908,0.012329296452043578,0.00890117918517108
0.018228633109514614,0.1631344128041776,0.0,0.009626866563432363,0.0027009634468586484,0.00034906585039886593
-0.019927380403119112,-1.5024714839755378,0.0,0.009452342499059527,0.0027009634468586484,0.0012217304763960308
-0.0036781941713449873,2.0301808836598383,0.0,0.012327418640475644,-0.006927369558326281,-0.009250245035569947
-0.004911350110070185,-0.4336183644955333,0.0,0.00692631448638908,0.012329296452043578,0.005235987755982988
0.011955987066560245,-0.3883062471559587,0.0,0.009801390627805197,0.0027009634468586484,0.0022689280275926286
-0.016763715367048012,-0.11353671638647939,0.0,0.009626866563432363,0.0027009634468586484,-0.0006981317007977319
0.016497884610434457,0.08315176619817759,0.0,0.009626866563432363,0.0027009634468586484,-0.0012217304763960308
0.02719305297718878,-0.08960869409302456,0.0,0.009626866563432363,0.0027009634468586484,-0.0010471975511965976
-0.020235334874656105,-0.5566630729879013,0.0,0.009452342499059527,0.0027009634468586484,-0.0017453292519943296
-0.011019241799988182,1.5061693194654042,0.0,0.012327418640475644,-0.006927369558326281,-0.0054105206811824215
0.00431247928757668,-0.9173510806071623,0.0,0.00692631448638908,0.012329296452043578,0.0054105206811824215
-0.0015909462591636025,0.4495363175049923,0.0,0.009626866563432363,0.0027009634468586484,-0.0013962634015954637
-0.014885898500563292,0.1812903605675518,0.0,0.009626866563432363,0.0027009634468586484,0.0019198621771937625
0.02008691637672759,-0.9890932562782735,0.0,0.00692631448638908,0.012329296452043578,0.003665191429188092
0.0159866010145529,0.7111563447107843,0.0,0.009452342499059527,0.0027009634468586484,-0.004014257279586958
0.015988764834857335,0.7095963887454445,0.0,0.009626866563432363,0.0027009634468586484,0.0015707963267948964
-0.0065652445907660026,0.7977649210484328,0.0,0.009626866563432363,0.0027009634468586484,-0.003490658503988659
0.0013061401588933563,-0.6901564166591114,0.0,0.009626866563432363,0.0027009634468586484,0.0024434609527920616
0.0013061401588933563,-0.6901564166591114,0.0,0.009626866563432363,0.0027009634468586484,-0.0027925268031909274
0.005243511790229125,-0.9951592026024826,0.0,0.00692631448638908,0.012329296452043578,0.004886921905584123
0.005243511790229125,-0.9951592026024826,0.0,0.009626866563432363,0.0027009634468586484,-0.0022689280275926286
0.0007516989242288264,0.41089883568251034,0.0,0.009626866563432363,0.0027009634468586484,0.0005235987755982988
0.04027703443658219,-0.5382259474590456,0.0,0.00692631448638908,0.012329296452043578,0.003665191429188092
-0.00294473793905073,-0.2586833795936515,0.0,0.009452342499059527,0.0027009634468586484,-0.0006981317007977319
0.006045556299251106,0.2221778978432402,0.0,0.009626866563432363,0.0027009634468586484,-0.0022689280275926286
-0.013958512705467498,0.22499475128007715,0.0,0.009452342499059527,0.0027009634468586484,-0.0008726646259971648
0.026311017478117607,0.2771662054550722,0.0,0.009801390627805197,0.0027009634468586484,0.0010471975511965976
-0.025702741763048844,-1.0160647245361463,0.0,0.009452342499059527,0.0027009634468586484,0.002617993877991494
0.004544753925834008,1.0692936105065192,0.0,0.012327418640475644,-0.006927369558326281,-0.004363323129985824
0.010849211568478272,-0.9000431085928998,0.0,0.009626866563432363,0.0027009634468586484,0.003141592653589793
0.005300996076814306,0.8723658413656342,0.0,0.009626866563432363,0.0027009634468586484,-0.0033161255787892262
0.0030035373219739103,-0.681731244405895,0.0,0.009626866563432363,0.0027009634468586484,0.003141592653589793
-0.007168817859547178,0.49172945803762197,0.0,0.009452342499059527,0.0027009634468586484,-0.0020943951023931952
-0.0017598190645595612,-0.5017293506139697,0.0,0.009626866563432363,0.0027009634468586484,0.0017453292519943296
-0.0060976933731216425,0.7574524333323541,0.0,0.009626866563432363,0.0027009634468586484,-0.0019198621771937625
-0.01231896538017707,0.017379060404121842,0.0,0.00692631448638908,0.012329296452043578,0.003490658503988659
-0.00294473793905073,-0.2586833795936515,0.0,0.00692631448638908,0.012329296452043578,0.003839724354387525
0.038053735636326746,-0.18901925208606626,0.0,0.009801390627805197,0.0027009634468586484,0.0020943951023931952
-0.012863370616205684,-1.2536743840297655,0.0,0.009452342499059527,0.0027009634468586484,0.00017453292519943296
0.013454153050052639,1.126695729285259,0.0,0.012327418640475644,-0.006927369558326281,-0.008377580409572781
0.011002361349631755,0.48586915863636726,0.0,0.009626866563432363,0.0027009634468586484,-0.0005235987755982988
0.006063155774070821,-0.1567079487486482,0.0,0.009626866563432363,0.0027009634468586484,0.0027925268031909274
0.0017478458428474308,-0.5789833686543068,0.0,0.009626866563432363,0.0027009634468586484,0.0017453292519943296
-0.01352647746894431,1.0567923152214456,0.0,0.009452342499059527,0.0027009634468586484,-0.002617993877991494
0.04271722156512027,-1.0027154535019607,0.0,0.007100838550761915,0.012329296452043578,0.0054105206811824215
0.004713569057355287,0.2503794385155272,0.0,0.009626866563432363,0.0027009634468586484,-0.0022689280275926286
-0.015473296683084985,0.4443938777724218,0.0,0.009626866563432363,0.0027009634468586484,-0.00034906585039886593
-0.010777941480726914,-1.119899862593074,0.0,0.009626866563432363,0.0027009634468586484,0.0027925268031909274
0.012211355500833935,0.2686109171214284,0.0,0.012327418640475644,-0.006927369558326281,-0.005235987755982988
-0.009999837217880655,1.1897734461469256,0.0,0.009626866563432363,0.0027009634468586484,-0.003490658503988659
0.027478808622592055,-1.0054440820676236,0.0,0.00692631448638908,0.012329296452043578,0.005585053606381855
0.0019162954231636265,0.25358664019364613,0.0,0.009626866563432363,0.0027009634468586484,-0.0020943951023931952
0.00035761437501907636,-0.00042843032722345573,0.0,0.009626866563432363,0.0027009634468586484,-0.00017453292519943296
-0.006153272372192204,-0.16922193806236904,0.0,0.009801390627805197,0.0027009634468586484,-0.0
-0.0226153436528097,1.183413628028588,0.0,0.009452342499059527,0.0027009634468586484,-0.0017453292519943296
-0.00967576533395889,-0.957075824734984,0.0,0.00692631448638908,0.012329296452043578,0.006981317007977318
-0.0032254998449977013,0.23967057117583046,0.0,0.009626866563432363,0.0027009634468586484,-0.0
-0.021328735543875887,-0.14035712295929811,0.0,0.009626866563432363,0.0027009634468586484,0.0015707963267948964
-0.001031405091444807,-0.8359663542970673,0.0,0.009626866563432363,0.0027009634468586484,0.0005235987755982988
0.006572016192040908,1.101365627287709,0.0,0.012327418640475644,-0.006927369558326281,-0.005759586531581287
0.004803711393789671,-0.1654815780338934,0.0,0.009626866563432363,0.0027009634468586484,0.0024434609527920616
0.0025456853886977626,-0.4769533525714032,0.0,0.009626866563432363,0.0027009634468586484,0.0012217304763960308
-0.010748179178409397,0.8433499645775092,0.0,0.009626866563432363,0.0027009634468586484,-0.0022689280275926286
0.022554431101390895,-0.7829132847396869,0.0,0.007100838550761915,0.012329296452043578,0.004363323129985824
-0.014534335153043712,0.7083244251217768,0.0,0.009626866563432363,0.0027009634468586484,-0.0017453292519943296
0.0077914695669586845,-1.3693056517317297,0.0,0.00692846592131984,0.012328087210190837,0.003665191429188092
0.03512475110776788,0.8161811009726617,0.0,0.012327418640475644,-0.006927369558326281,-0.006283185307179586
0.05156058246655274,0.3814253313865559,0.0,0.009626866563432363,0.0027009634468586484,-0.0005235987755982988
-0.007304868747621208,-0.7397084127442444,0.0,0.009452342499059527,0.0027009634468586484,0.0020943951023931952
0.010583807135568722,0.8151484239052222,0.0,0.009626866563432363,0.0027009634468586484,-0.0027925268031909274
0.006315695114009922,-0.02597687327637464,0.0,0.009626866563432363,0.0027009634468586484,0.0029670597283903604
-0.005846135513877163,-0.46733174753704615,0.0,0.009801390627805197,0.0027009634468586484,0.0027925268031909274
0.0016655263402038834,-0.05441770050488974,0.0,0.009626866563432363,0.0027009634468586484,-0.0005235987755982988
-0.001119670977301952,-0.3643445852292301,0.0,0.009452342499059527,0.0027009634468586484,-0.0012217304763960308
0.009680073392104176,0.6785361034270673,0.0,0.009626866563432363,0.0027009634468586484,-0.003665191429188092
0.009680073392104176,0.6785361034270673,0.0,0.009801390627805197,0.0027009634468586484,0.0013962634015954637
-0.013656023718189773,1.1151179405918237,0.0,0.009626866563432363,0.0027009634468586484,-0.003665191429188092
0.0028680446895148503,-0.6763495181170964,0.0,0.00692631448638908,0.012329296452043578,0.004537856055185257
-0.014338721844074767,0.20835005369659854,0.0,0.009626866563432363,0.0027009634468586484,-0.0006981317007977319
-0.017343319552716112,-0.62681846763659,0.0,0.009626866563432363,0.0027009634468586484,0.0012217304763960308
-0.016723859392219927,1.2477842541185489,0.0,0.009626866563432363,0.0027009634468586484,-0.003490658503988659
0.0019652635898076286,-0.34253650230855437,0.0,0.00692631448638908,0.012329296452043578,0.005585053606381855
0.01007304143008396,-1.3837758247045289,0.0,0.00692846592131984,0.012328087210190837,0.0029670597283903604
-0.012516849527865607,1.2279869400948518,0.0,0.012327418640475644,-0.006927369558326281,-0.007330382858376184
-0.017916736131037333,0.26400163573921454,0.0,0.009626866563432363,0.0027009634468586484,0.0015707963267948964
0.012455936976446827,-0.8274865968059506,0.0,0.00692631448638908,0.012329296452043578,0.003665191429188092
-0.018793142278376626,0.7980587928425612,0.0,0.009626866563432363,0.0027009634468586484,-0.0027925268031909274
-0.0074922648346568525,-0.8974236505030377,0.0,0.007100838550761915,0.012329296452043578,0.0033161255787892262
0.017886374658220752,0.5669600131523336,0.0,0.009626866563432363,0.0027009634468586484,-0.0033161255787892262
-0.0016920702447800085,-0.37640094703512134,0.0,0.009454116746603547,0.0027009634468586484,0.00034906585039886593
0.025298194891499315,1.2312696726154977,0.0,0.009626866563432363,0.0027009634468586484,-0.0020943951023931952
-0.017879336345066735,-2.0385394099758627,0.0,0.0069284869232505595,0.012328087210190837,0.0066322511575784525
0.031961673164249076,1.5491558505092453,0.0,0.012501942704848478,-0.006927369558326281,-0.00767944870877505
0.033512790736209774,-0.19005192915350563,0.0,0.007100838550761915,0.012329296452043578,0.003490658503988659
-0.004288039320684695,-0.5684046173950374,0.0,0.009454116746603547,0.0027009634468586484,0.0015707963267948964
0.008618913558374129,-0.24644231646943252,0.0,0.009626895744897192,0.0027009634468586484,-0.0022689280275926286
0.027690445142236172,1.9632663303225422,0.0,0.009626895744897192,0.0027009634468586484,-0.0041887902047863905
0.022279635261443508,-2.6538511773088773,0.0,0.00692846592131984,0.012328087210190837,0.009948376736367679
0.011262329135219393,1.4916991464926053,0.0,0.012327418640475644,-0.006927369558326281,-0.009250245035569947
-0.012372047438088759,-0.6282960781832118,0.0,0.009626895744897192,0.0027009634468586484,0.0013962634015954637
0.009228167842041599,0.9362578943431388,0.0,0.009801390627805197,0.0027009634468586484,-0.002617993877991494
0.014162639035753323,0.11179824034964711,0.0,0.00692631448638908,0.012329296452043578,0.003839724354387525
-0.03506265464067401,-1.6758406334596236,0.0,0.0067535564835046104,0.012329296452043578,0.004537856055185257
-0.0010117435026705823,1.3313435050393232,0.0,0.012327456007996127,-0.006927369558326281,-0.006981317007977318
0.020281211490734183,-0.3080087831512035,0.0,0.009801390627805197,0.0027009634468586484,0.0027925268031909274
-0.00800740835010824,0.3281329752729472,0.0,0.009626866563432363,0.0027009634468586484,0.00034906585039886593
-0.048436641473398705,-0.8625684199182846,0.0,0.009626866563432363,0.0027009634468586484,0.002617993877991494
0.006705102955245085,0.688493471464806,0.0,0.009801390627805197,0.0027009634468586484,-0.003141592653589793
-0.019123459443519838,-0.22937363101139807,0.0,0.009626866563432363,0.0027009634468586484,0.0013962634015954637
-0.005370655268843974,-0.1659055659084493,0.0,0.009626866563432363,0.0027009634468586484,-0.00017453292519943296
-0.005458497929621384,0.4244118624303969,0.0,0.009626866563432363,0.0027009634468586484,-0.0013962634015954637
-0.005289682798100132,-0.3945023095605951,0.0,0.009626866563432363,0.0027009634468586484,0.0015707963267948964
0.018994045126185397,-0.22105762923398242,0.0,0.009801390627805197,0.0027009634468586484,-0.0012217304763960308
-0.014442238782551478,1.292890724535169,0.0,0.009626895744897192,0.0027009634468586484,-0.003141592653589793
-0.011419436599884173,-0.9613157034805425,0.0,0.00692631448638908,0.012329296452043578,0.0066322511575784525
-0.011419436599884173,-0.9613157034805425,0.0,0.009801390627805197,0.0027009634468586484,-0.0005235987755982988
0.018158283729958955,0.14153197680645627,0.0,0.009801390627805197,0.0027009634468586484,0.0010471975511965976
-0.03750999295138535,-0.4607535884671071,0.0,0.009454116746603547,0.0027009634468586484,0.0017453292519943296
-0.03607225094067018,-0.4621929459805733,0.0,0.009801390627805197,0.0027009634468586484,-0.0010471975511965976
0.026206047087323447,-0.17208068270845917,0.0,0.009627337752058067,0.002699282944604961,0.0022689280275926286
-0.008985505423634384,-0.5298972516529828,0.0,0.009627366934951188,0.002699282944604961,0.0008726646259971648
0.024622366955647915,-0.037218898966427987,0.0,0.009801390627805197,0.0027009634468586484,-0.002617993877991494
0.009448826985933589,0.2314846854788421,0.0,0.009626895744897192,0.0027009634468586484,-0.0033161255787892262
0.0040529467198238125,1.263711092033343,0.0,0.009626895744897192,0.0027009634468586484,-0.0017453292519943296
-0.013020589635622009,-1.5070598197531249,0.0,0.0069284869232505595,0.012328087210190837,0.007330382858376184
0.0009772719973143707,0.5054817713417367,0.0,0.009626895744897192,0.0027009634468586484,-0.003665191429188092
0.034934616985376914,0.8100059841726518,0.0,0.009626895744897192,0.0027009634468586484,-0.0
0.03853419600476702,-0.3667583963961377,0.0,0.0069284869232505595,0.012328087210190837,0.005585053606381855
0.0040303886375334655,-0.8282254020792614,0.0,0.0069284869232505595,0.012328087210190837,0.0027925268031909274
0.014360128795299479,-0.33241537855711456,0.0,0.009627337752058067,0.002699282944604961,-0.003141592653589793
0.0022215545154474882,0.6541295080211563,0.0,0.012327456007996127,-0.006927369558326281,-0.005934119456780721
0.018786808340035238,0.5091884917369385,0.0,0.009799674743190838,0.0027009634468586484,-0.0008726646259971648
-0.005014333983679991,0.0740087342762769,0.0,0.006926335481798256,0.012329296452043578,0.002617993877991494
-0.005667491216087439,-1.0867951687444446,0.0,0.006755707924956914,0.012328087210190837,0.0029670597283903604
0.02472123134109262,0.629319870345316,0.0,0.009799674743190838,0.0027009634468586484,-0.004537856055185257
-0.008096159079802904,0.4622559537416675,0.0,0.009626895744897192,0.0027009634468586484,-0.00017453292519943296
-0.016405245413531177,-0.6646079737099602,0.0,0.006926335481798256,0.012329296452043578,0.003141592653589793
0.0031051123817240887,1.1412750727338585,0.0,0.009626895744897192,0.0027009634468586484,-0.0017453292519943296
-0.007603094405494557,-0.9177750684817182,0.0,0.0069284869232505595,0.012328087210190837,0.0066322511575784525
-0.0327461174062128,-1.4508750793601526,0.0,0.009627366934951188,0.002699282944604961,-0.0
-0.0027712996833277027,1.9266396173970388,0.0,0.0027005602630989353,-0.00962833300518493,-0.010297442586766544
0.0011585262614051673,-0.6851440930069682,0.0,0.006926335481798256,0.012329296452043578,0.003665191429188092
-0.015437450219819597,0.8045487270413262,0.0,0.009626895744897192,0.0027009634468586484,-0.0012217304763960308
-0.005853140734446077,-1.2237350006500018,0.0,0.007102989985692676,0.012328087210190837,0.004886921905584123
-0.02698952529023046,0.2857341878173631,0.0,0.009626895744897192,0.0027009634468586484,-0.0041887902047863905
0.01626432061415213,0.16265583969172137,0.0,0.009801390627805197,0.0027009634468586484,-0.0015707963267948964
-0.012740743076717074,0.5868664976518315,0.0,0.009626866563432363,0.0027009634468586484,-0.0006981317007977319
-0.003552987915806436,-0.26157576387301545,0.0,0.00692631448638908,0.012329296452043578,0.003665191429188092
-0.013516019408469485,-0.20618441399125415,0.0,0.009626895744897192,0.0027009634468586484,0.0017453292519943296
0.037938170991281675,0.49702295945524644,0.0,0.009801390627805197,0.0027009634468586484,0.00034906585039886593
-0.00932342706307729,-0.5407362350731071,0.0,0.0069284869232505595,0.012328087210190837,0.003490658503988659
0.008155031874503562,-0.503349771269666,0.0,0.009801861816430902,0.002699282944604961,-0.00017453292519943296
0.010270588641130172,1.0387664835384987,0.0,0.009626895744897192,0.0027009634468586484,-0.0041887902047863905
-0.01650036331165783,-0.6584538025145769,0.0,0.0069284869232505595,0.012328087210190837,0.003141592653589793
0.01792699057239625,-0.4895974579655513,0.0,0.009801861816430902,0.002699282944604961,-0.0012217304763960308
0.007423183385821414,1.107301457531491,0.0,0.009626895744897192,0.0027009634468586484,-0.005235987755982988
0.029025956119470255,-0.565730574067275,0.0,0.006926335481798256,0.012329296452043578,0.0029670597283903604
0.020854389655835564,0.9501193781230541,0.0,0.009626895744897192,0.0027009634468586484,-0.0013962634015954637
-0.0025235208148099843,-0.3393293006304354,0.0,0.0069284869232505595,0.012328087210190837,0.005585053606381855
0.010532192597361476,-0.927820661390631,0.0,0.0069284869232505595,0.012328087210190837,0.003141592653589793
0.0076363373566924455,0.621927375159539,0.0,0.009627366934951188,0.002699282944604961,-0.003839724354387525
-0.02143886388531384,-0.48587804354170244,0.0,0.009627366934951188,0.002699282944604961,0.0005235987755982988
0.01285557658985427,0.14884894114970637,0.0,0.009799674743190838,0.0027009634468586484,-0.002617993877991494
0.017834839632786537,0.15653530812961186,0.0,0.009626895744897192,0.0027009634468586484,-0.0017453292519943296
-0.008735259096357435,0.26689402001857837,0.0,0.009626895744897192,0.0027009634468586484,-0.0006981317007977319
0.021085526838475758,0.19869480902896786,0.0,0.009801390627805197,0.0027009634468586484,0.0015707963267948964
-0.028273033135169236,-0.5581743231677969,0.0,0.0069284869232505595,0.012328087210190837,0.002617993877991494
-0.0024212133341934817,-0.1387157566989752,0.0,0.009801390627805197,0.0027009634468586484,-0.0010471975511965976
-0.002446635642804088,0.13146543829291685,0.0,0.009626866563432363,0.0027009634468586484,-0.0022689280275926286
-0.023312206607362298,0.6951262157726454,0.0,0.009626895744897192,0.0027009634468586484,-0.0013962634015954637
-0.002891199258030106,-1.3909836185719782,0.0,0.007102989985692676,0.012328087210190837,0.004014257279586958
0.04133214770422083,1.1615719054746385,0.0,0.0027005520770432816,-0.00962833300518493,-0.006108652381980154
0.006992276818651622,0.5157120655689772,0.0,0.009626895744897192,0.0027009634468586484,0.0020943951023931952
-0.005411920667534333,-1.1171166487895108,0.0,0.0069284869232505595,0.012328087210190837,0.006108652381980154
0.019306733979571652,0.3001707211568883,0.0,0.009801390627805197,0.0027009634468586484,-0.0020943951023931952
0.02017594915027132,0.1832255986220032,0.0,0.009626895744897192,0.0027009634468586484,-0.00017453292519943296
-0.011668438821571772,-0.1315834936740528,0.0,0.009627366934951188,0.002699282944604961,0.0012217304763960308
0.008128291370930548,0.9478902682744742,0.0,0.009801861816430902,0.002699282944604961,0.00034906585039886593
-0.00292358775940746,-1.4858813716299595,0.0,0.0069284869232505595,0.012328087210190837,0.006806784082777886
0.005369078063660008,-0.49009697668263424,0.0,0.009800145933244834,0.002699282944604961,-0.003839724354387525
-0.025707554587762232,1.6446413471554837,0.0,0.0027005602630989353,-0.00962833300518493,-0.00767944870877505
-0.03396086531610478,-0.9734266505243341,0.0,0.0069284869232505595,0.012328087210190837,0.004363323129985824
-0.0033615218961344606,-0.10667737955105902,0.0,0.009801390627805197,0.0027009634468586484,-0.0024434609527920616
-0.03784118299500073,0.5038404050814137,0.0,0.009626895744897192,0.0027009634468586484,-0.003490658503988659
-0.015205742767888048,-0.13665040256409627,0.0,0.009799674743190838,0.0027009634468586484,0.0006981317007977319
-0.009004174066898988,0.0496567241082662,0.0,0.009626895744897192,0.0027009634468586484,-0.00017453292519943296
0.007316490336316217,1.0169584006178232,0.0,0.009626895744897192,0.0027009634468586484,0.00034906585039886593
0.01570699924837682,-0.4792579932625101,0.0,0.0069284869232505595,0.012328087210190837,0.00820304748437335
-0.01222990153486829,-1.7243935921105906,0.0,0.0069284869232505595,0.012328087210190837,0.004886921905584123
0.011621332080629153,0.6116970809322985,0.0,0.0028716590099942753,-0.009628804265585876,-0.007330382858376184
0.04390743307707561,1.4580949339268932,0.0,0.00017452406437283512,-0.0,-0.0027925268031909274
0.0076089339151198645,-1.5045914233483169,0.0,0.0069284869232505595,0.012328087210190837,0.007330382858376184
0.03673374735445609,0.1781041044940594,0.0,0.00017452406437283512,-0.0,-0.003665191429188092
0.01404644679740958,0.9543383112639859,0.0,0.009454116746603547,0.0027009634468586484,-0.0029670597283903604
0.036926823736238255,-0.2560639215037895,0.0,0.0071012659215442045,0.012328087210190837,0.003839724354387525
-0.003349299873220355,-0.5870391382708678,0.0,0.009627366934951188,0.002699282944604961,0.0013962634015954637
-0.028315100618776647,0.4426223954316715,0.0,0.009627366934951188,0.002699282944604961,-0.003141592653589793
0.005285304992503696,-0.1399877203226427,0.0,0.009800145933244834,0.002699282944604961,0.00017453292519943296
-0.007670330000054707,0.3532028451096422,0.0,0.009626895744897192,0.0027009634468586484,-0.0012217304763960308
-0.01584732304518571,-0.2874390242209217,0.0,0.009627366934951188,0.002699282944604961,0.0013962634015954637
0.0021268003171106696,-0.07768244836756061,0.0,0.009627366934951188,0.002699282944604961,-0.0005235987755982988
0.0007390796834098312,-1.0565073283326523,0.0,0.009626895744897192,0.0027009634468586484,-0.0008726646259971648
0.0031042862293867456,1.460638861174228,0.0,0.0028733392613925807,-0.00962833300518493,-0.00820304748437335
-0.004027391284709939,0.1019164031544353,0.0,0.009626895744897192,0.0027009634468586484,0.0024434609527920616
-0.020864868296650987,-0.5199608292198709,0.0,0.006926335481798256,0.012329296452043578,0.003490658503988659
-0.006504381169597658,-0.09888184209535261,0.0,0.009626895744897192,0.0027009634468586484,-0.0
-0.010913550864876663,0.295192037138019,0.0,0.009799674743190838,0.0027009634468586484,-0.0005235987755982988
-0.010140226393056338,-0.523646604010446,0.0,0.009799674743190838,0.0027009634468586484,0.0017453292519943296
0.014210686526641618,0.618056899050636,0.0,0.0001727789982936457,-0.0,-0.0020943951023931952
0.020998072701526548,-0.6609767841572853,0.0,0.009626895744897192,0.0027009634468586484,0.0020943951023931952
0.00660792119831291,0.6093924402411914,0.0,0.009626895744897192,0.0027009634468586484,-0.0027925268031909274
0.004951517722209851,0.0793904605650754,0.0,0.009626895744897192,0.0027009634468586484,0.0015707963267948964
-0.00033365209118097036,0.6423879636140201,0.0,0.009626895744897192,0.0027009634468586484,0.0020943951023931952
-0.010826224646785369,-1.946609572039772,0.0,0.0071012659215442045,0.012328087210190837,0.006806784082777886
-0.020701469325471438,1.656936995517603,0.0,0.0028733392613925807,-0.00962833300518493,-0.007155849933176752
-0.020696475307160355,1.6552267991129588,0.0,0.0071012659215442045,0.012328087210190837,0.004886921905584123
0.016765893133270104,0.6297984434577723,0.0,0.0,-0.0,-0.0022689280275926286
-0.003927429831032238,-0.7831735169005416,0.0,0.009627366934951188,0.002699282944604961,0.0024434609527920616
-0.003927429831032238,-0.7831735169005416,0.0,0.0,-0.0,-0.003141592653589793
0.0012114597099891356,-0.4802906703299495,0.0,0.0069284869232505595,0.012328087210190837,0.003490658503988659
0.0030609265334320267,0.5351609225606455,0.0,0.009627366934951188,0.002699282944604961,-0.00017453292519943296
-0.021541654693809333,-1.012064132346816,0.0,0.0069284869232505595,0.012328087210190837,0.003490658503988659
-0.0015437867699300257,0.4883585006458019,0.0,0.0001727789982936457,-0.0,-0.003839724354387525
0.01399470320095279,-0.30784502743750236,0.0,0.009627366934951188,0.002699282944604961,-0.0005235987755982988
0.028126558964746872,0.9379538458413621,0.0,0.0,-0.0,-0.0027925268031909274
-0.0037491346896784696,-1.067531013071104,0.0,0.0069284869232505595,0.012328087210190837,0.003839724354387525
0.01910500125200562,-0.1606330100954515,0.0,0.0001727789982936457,-0.0,-0.003839724354387525
0.022299061141334047,1.5742257203459404,0.0,0.0027005602630989353,-0.00962833300518493,-0.005061454830783556
0.012398079931465255,0.21871046400426652,0.0,0.0069284869232505595,0.012328087210190837,0.006283185307179586
-0.0028684061782197202,-1.991661457218492,0.0,0.0069284869232505595,0.012328087210190837,0.008028514559173916
0.01835519078273216,0.11323395968701572,0.0,0.0026988800117006295,-0.009628804265585876,-0.006283185307179586
0.033777405045316414,0.7798179095776838,0.0,0.0027005602630989353,-0.00962833300518493,-0.005235987755982988
0.0006109909960423366,1.005032154892359,0.0,0.009626895744897192,0.0027009634468586484,-0.0
-0.024914488586485425,-1.6008703105057664,0.0,0.0069284869232505595,0.012328087210190837,0.007504915783575617
0.012849194088101465,0.6292652851074156,0.0,0.0001727789982936457,-0.0,-0.003839724354387525
0.01403298540948583,-0.08300958941845882,0.0,0.009627366934951188,0.002699282944604961,0.00034906585039886593
-0.022486659677091233,0.27677585721379017,0.0,0.009627366934951188,0.002699282944604961,-0.00034906585039886593
-0.0013965633792879617,0.09290348731296198,0.0,0.009800145933244834,0.002699282944604961,0.0019198621771937625
-0.028351134694705918,-0.4928465508529236,0.0,0.009454587936657542,0.002699282944604961,0.0022689280275926286
0.012679529581104356,-0.27742707094528263,0.0,0.009800145933244834,0.002699282944604961,-0.0010471975511965976
-0.042137988129155014,0.7034758571833349,0.0,0.0,-0.0,-0.003490658503988659
-0.0042823660053339044,0.060331951814689214,0.0,0.009800145933244834,0.002699282944604961,0.0020943951023931952
-0.040910243087617926,-0.06874506336861425,0.0,0.009454587936657542,0.002699282944604961,0.0020943951023931952
-0.0012168462576677363,-0.5827237286827824,0.0,0.009800145933244834,0.002699282944604961,0.0020943951023931952
-0.02160310181081466,0.7639214219264925,0.0,-0.0001727789982936457,-0.0,-0.0024434609527920616
-0.015559854593583585,-0.52602677554408,0.0,0.006755707924956914,0.012328087210190837,0.003141592653589793
0.02965926765846988,-0.8753762810261341,0.0,0.0001727789982936457,-0.0,-0.00017453292519943296
-0.0006843387341295426,1.5923816681093144,0.0,0.0027005602630989353,-0.00962833300518493,-0.006806784082777886
-0.0031522191226666797,-0.661161485475613,0.0,0.0069284869232505595,0.012328087210190837,0.004886921905584123
0.009709836917966883,-0.7496784748106302,0.0,0.0,-0.0,0.00017453292519943296
0.010355304830559074,1.159082563465204,0.0,0.0027005602630989353,-0.00962833300518493,-0.005585053606381855
-0.0005823612759873764,-0.6694019564105018,0.0,0.009627366934951188,0.002699282944604961,0.0027925268031909274
0.006320567908914843,0.7242512630365712,0.0,0.0,-0.0,-0.0019198621771937625
0.04923414865940283,-0.9619580323066996,0.0,0.0071012659215442045,0.012328087210190837,0.003665191429188092
0.026637222768962462,0.5694284095571417,0.0,-0.0001727789982936457,-0.0,-0.004014257279586958
-0.004202380012983204,0.022336798818364624,0.0,0.009626895744897192,0.0027009634468586484,-0.0
-0.002049371517620775,0.3879489052185946,0.0,0.009626895744897192,0.0027009634468586484,0.0005235987755982988
0.01899075045433561,-0.9070452555373948,0.0,0.0071012659215442045,0.012328087210190837,0.003490658503988659
0.01247050997938233,0.43816417573451155,0.0,0.0,-0.0,-0.003490658503988659
-0.04239450179598071,0.2633720009417043,0.0,0.009454116746603547,0.0027009634468586484,-0.0005235987755982988
0.021666475198182853,-0.505578881118246,0.0,0.009800145933244834,0.002699282944604961,0.0020943951023931952
0.00015739657866293834,0.6390506458554738,0.0,0.0,-0.0,-0.0020943951023931952
0.0031405652354393053,-0.04516549810718824,0.0,0.009800145933244834,0.002699282944604961,0.0027925268031909274
-0.006849149567072093,-0.9614248739563429,0.0,0.009800145933244834,0.002699282944604961,0.0024434609527920616
-0.0017308295115757287,1.1739767243125587,0.0,0.0027005602630989353,-0.00962833300518493,-0.004886921905584123
-0.011176679161594608,-0.3305556713451901,0.0,0.0069284869232505595,0.012328087210190837,0.003665191429188092
-0.023605695664658637,-0.2373538697854322,0.0,0.009627366934951188,0.002699282944604961,-0.0005235987755982988
-0.030455938134831394,0.10160158575568029,0.0,0.0,-0.0,-0.0005235987755982988
0.01603098063790205,-0.644071854412952,0.0,0.0001727789982936457,-0.0,0.0005235987755982988
-0.012464683271741009,0.2468028342007528,0.0,0.0,-0.0,-0.004537856055185257
0.005001492048056736,1.1905122514202364,0.0,0.0,-0.0,-0.002617993877991494
-0.007655084735805908,-0.6522031548720401,0.0,0.0069284869232505595,0.012328087210190837,0.006108652381980154
0.0005942213913068406,-0.5818966985382974,0.0,0.0,-0.0,0.0015707963267948964
0.012033220910459705,0.3269911277297071,0.0,0.0,-0.0,-0.002617993877991494
-0.010031414978866574,1.1736073216759033,0.0,0.0,-0.0,-0.00034906585039886593
-0.01086840909632811,-1.7356019781673704,0.0,0.0069284869232505595,0.012328087210190837,0.008377580409572781
0.03921594472714299,0.949716335853125,0.0,0.0028716590099942753,-0.009628804265585876,-0.003839724354387525
0.003037657461008507,-1.3611407116393681,0.0,0.009627366934951188,0.002699282944604961,0.0024434609527920616
-0.012651958141526073,0.26636086166822176,0.0,0.0026988800117006295,-0.009628804265585876,-0.007330382858376184
0.013694469745844998,0.8915754118010744,0.0,0.0028733392613925807,-0.00962833300518493,-0.005061454830783556
0.005269231772186367,0.2712640148445642,0.0,0.0,-0.0,0.0010471975511965976
0.010604143783284684,0.15332810645149292,0.0,0.009800145933244834,0.002699282944604961,0.003141592653589793
0.0002995424818833792,-0.45704686807190525,0.0,0.0069284869232505595,0.012328087210190837,0.0041887902047863905
0.02469004262444564,-0.2715667715440279,0.0,0.0,-0.0,0.0010471975511965976
0.012352723218090332,-0.38914471524251465,0.0,0.0,-0.0,-0.0012217304763960308
-0.008603106135458907,1.1154228429423751,0.0,0.0,-0.0,-0.0041887902047863905
-0.013950349354655082,-1.2236258301742011,0.0,0.0069284869232505595,0.012328087210190837,0.0041887902047863905
0.017954414259707327,0.9802045611404978,0.0,0.0028733392613925807,-0.00962833300518493,-0.00471238898038469
-0.006764852646692062,0.018937340536974753,0.0,0.009454587936657542,0.002699282944604961,0.0019198621771937625
-0.004730056782954308,0.07562915493197321,0.0,0.009627366934951188,0.002699282944604961,0.0020943951023931952
0.0043998534627018296,-0.6287939817442562,0.0,0.009627366934951188,0.002699282944604961,-0.0017453292519943296
0.022163427507785726,-0.1276374867226229,0.0,0.0,-0.0,-0.0017453292519943296
-0.006168707662758579,0.622590649590323,0.0,0.0,-0.0,-0.0027925268031909274
0.002197576256621899,-0.13301921301142144,0.0,0.009800145933244834,0.002699282944604961,0.0015707963267948964
-0.021308996782459313,-0.1523205546864113,0.0,0.0,-0.0,0.0005235987755982988
0.007802346356534416,0.4367075107925163,0.0,0.0,-0.0,-0.0005235987755982988
-0.012434533394587109,-0.7011222399441062,0.0,0.009627366934951188,0.002699282944604961,0.0024434609527920616
-0.011173138816643528,0.8850854776023094,0.0,0.0,-0.0,-0.002617993877991494
-0.006171571843317126,-0.8348125837959476,0.0,0.0069284869232505595,0.012328087210190837,0.003839724354387525
0.026816737837070365,-0.3037208025508449,0.0,0.0001727789982936457,-0.0,-0.0019198621771937625
-0.010603996088802385,1.0549174197752746,0.0,0.0,-0.0,-0.004537856055185257
-0.007276400627086773,-0.46110204549913586,0.0,0.0069284869232505595,0.012328087210190837,0.0033161255787892262
0.004046693985990211,-0.5734169410471806,0.0,0.0,-0.0,0.00017453292519943296
-0.011771591526125917,0.9937145983597787,0.0,0.0,-0.0,-0.004014257279586958
-0.026217737960880682,-0.01810580497814134,0.0,0.0069284869232505595,0.012328087210190837,0.003141592653589793
0.004667440645348534,-0.9539916766160838,0.0,0.0,-0.0,0.0033161255787892262
0.01285331400259358,0.7786817800652956,0.0,0.0,-0.0,-0.003839724354387525
0.011826217313202117,-0.334111330055338,0.0,0.0,-0.0,0.0019198621771937625
-0.003309992818148685,0.49780754229801233,0.0,0.0,-0.0,-0.0006981317007977319
-0.015452450553945132,-0.631318578543003,0.0,0.0,-0.0,0.0029670597283903604
0.011341783273250403,-0.14513016005521306,0.0,0.0001727789982936457,-0.0,-0.0013962634015954637
0.0029038972620214075,0.9851802556307617,0.0,0.0,-0.0,-0.002617993877991494
-0.006181110770205652,-0.06806084333320363,0.0,0.0069284869232505595,0.012328087210190837,0.004363323129985824
0.005610694690469985,-0.866046473542805,0.0,0.0069284869232505595,0.012328087210190837,0.0041887902047863905
0.016619518246429803,0.3575101569281194,0.0,0.0,-0.0,-0.0020943951023931952
0.01661843761448868,0.3591932605913244,0.0,0.0001727789982936457,-0.0,0.00034906585039886593
-0.003469236788225112,1.1451455488427615,0.0,0.0026988800117006295,-0.009628804265585876,-0.0054105206811824215
0.025499036299191785,-0.8674438086802917,0.0,0.0001727789982936457,-0.0,0.003141592653589793
0.025499036299191785,-0.8674438086802917,0.0,0.0,-0.0,-0.003665191429188092
-0.024620187609380517,-1.4971735856531672,0.0,0.0069284869232505595,0.012328087210190837,0.005235987755982988
0.015292085760635052,1.0737817147026538,0.0,0.0026988800117006295,-0.009628804265585876,-0.005585053606381855
-0.005790439099484684,-0.33427732969842444,0.0,0.0,-0.0,0.0019198621771937625
0.035209472730499916,0.7132582918133934,0.0,0.0001727789982936457,-0.0,-0.00017453292519943296
0.00028145086639738915,-1.3005810439310324,0.0,0.0069284869232505595,0.012328087210190837,0.00471238898038469
-0.0004417563098923549,1.2618850244546924,0.0,0.002527854183499139,-0.009628804265585876,-0.004886921905584123
-0.004664279573605566,-1.3713710058666086,0.0,0.006928507714127498,0.012328087210190837,0.004537856055185257
-0.002048051718940773,1.220412761697234,0.0,0.0028716590099942753,-0.009628804265585876,-0.005585053606381855
-0.02876263532514542,-0.3469385658136657,0.0,-0.0028699220374017527,0.009628804265585876,0.003141592653589793
0.0017326069032245906,0.4600972138456526,0.0,0.0,-0.0,0.0008726646259971648
0.0040207139711229,-1.0156271421614396,0.0,-0.0026988800117006295,0.009628804265585876,0.004014257279586958
-0.01756242247053127,0.6375399064787777,0.0,0.0,-0.0,-0.003490658503988659
0.011108008025872447,-0.02298325473024382,0.0,0.0,-0.0,0.0013962634015954637
-0.02280601469226503,-0.4370010765626398,0.0,-0.00017103392695130699,-0.0,0.0006981317007977319
-0.00893083433959019,0.16247598882668537,0.0,0.0,-0.0,-0.0020943951023931952
-0.023064544720219182,-0.4113317084624014,0.0,0.0,-0.0,-0.0010471975511965976
0.01806228294764979,1.30266339125458,0.0,0.0001727789982936457,-0.0,-0.003839724354387525
0.0015770297211279416,-0.784206193967981,0.0,-0.0026988800117006295,0.009628804265585876,0.0054105206811824215
0.007262645542335342,0.4550481598742182,0.0,0.0,-0.0,-0.00017453292519943296
-0.015943366982801355,-1.0242296646285078,0.0,-0.002698888110450446,0.009628804265585876,0.003141592653589793
0.0048106732395999255,0.5076619338700145,0.0,0.0,-0.0,-0.0041887902047863905
-0.0011662683334292677,-0.19643269287646986,0.0,0.0,-0.0,-0.0005235987755982988
0.009412083723602251,0.405168652361683,0.0,0.0001727789982936457,-0.0,-0.0019198621771937625
-0.017460118932432753,0.5538500286743763,0.0,-0.00017103392695130699,-0.0,0.0008726646259971648
0.029867782013816867,-1.3453230442003745,0.0,-0.002527854183499139,0.009628804265585876,0.0054105206811824215
0.021971473730778922,1.7561248795972422,0.0,0.002698888110450446,-0.009628804265585876,-0.004537856055185257
-0.007253328993153722,-1.577974965279751,0.0,0.006928507714127498,0.012328087210190837,0.00820304748437335
-0.00042164114853800893,0.33067690252028226,0.0,0.0,-0.0,-0.003141592653589793
0.000703002420066865,0.05843035339351146,0.0,0.0,-0.0,-0.0006981317007977319
0.007985583227566054,0.16658090103852471,0.0,0.0,-0.0,-0.00034906585039886593
0.003061226083858288,0.2492375909722871,0.0,0.0,-0.0,0.002617993877991494
0.024873774730910535,-0.5970301459418803,0.0,0.0,-0.0,0.002617993877991494
0.013090629471904225,0.5431182646999967,0.0,0.0,-0.0,-0.0019198621771937625
0.014515286232609378,0.13273740191658445,0.0,0.0,-0.0,0.0019198621771937625
-0.026466621316712513,0.02906511200234128,0.0,0.0,-0.0,0.0027925268031909274
-0.013729748670461952,-1.250631723471744,0.0,-0.002698888110450446,0.009628804265585876,0.003141592653589793
-0.003155788584105175,1.1694429737728718,0.0,0.002698888110450446,-0.009628804265585876,-0.006108652381980154
-0.032536174189576564,-0.765550727487524,0.0,0.0,-0.0,0.0020943951023931952
-0.020847261066819955,0.2095128468444654,0.0,0.0,-0.0,-0.0033161255787892262
-0.009845895672781733,0.10711342812490621,0.0,0.0,-0.0,-0.0019198621771937625
0.011965295746921192,1.2874544130084702,0.0,0.0,-0.0,0.008028514559173916
-0.017187130274759904,-1.1974686980321663,0.0,0.006928507714127498,0.012328087210190837,0.008028514559173916
-0.019227639396774604,0.1987284486622416,0.0,0.0,-0.0,-0.00034906585039886593
0.004841401293688904,-0.43680462056902564,0.0,0.0001727789982936457,-0.0,0.0012217304763960308
-0.01586582446693935,-0.4234972407440935,0.0,0.0,-0.0,-0.0022689280275926286
-0.006313558856230271,1.136795907432072,0.0,0.002698888110450446,-0.009628804265585876,-0.005235987755982988
0.0018922264316583038,-0.6408962838045029,0.0,-0.002698888110450446,0.009628804265585876,0.003141592653589793
0.04163833026437336,0.4606901183238715,0.0,0.00017103392695130699,-0.0,-0.0015707963267948964
0.014753429013171561,-0.7070067611655443,0.0,0.0,-0.0,0.0015707963267948964
0.017138368381320532,1.0000198312402162,0.0,0.0,-0.0,-0.0033161255787892262
0.02166646948094133,-0.8952491258923582,0.0,-0.002698888110450446,0.009628804265585876,0.003839724354387525
-0.005700556684029417,0.4881528537228475,0.0,0.0,-0.0,-0.0027925268031909274
0.01597782489803435,-0.32926276211689604,0.0,0.00017103392695130699,-0.0,0.0012217304763960308
0.0007732933048123647,0.6691537849489384,0.0,0.0,-0.0,-0.0013962634015954637
0.006137133774660256,-0.5886805045311908,0.0,-0.002698888110450446,0.009628804265585876,0.003490658503988659
0.024988508995114254,0.4241725758741688,0.0,0.0,-0.0,-0.0006981317007977319
0.024988508995114254,0.4241725758741688,0.0,0.0,-0.0,0.0022689280275926286
-0.008978924351669084,-0.00604944317225013,0.0,0.0,-0.0,-0.0012217304763960308
-0.009205884949011221,0.16875542564920426,0.0,0.0,-0.0,-0.0012217304763960308
-0.008823773926256072,0.34986552735109583,0.0,0.0,-0.0,-0.0
-0.01077778746340911,-0.3204891328316507,0.0,0.0001727789982936457,-0.0,0.002617993877991494
-0.001259030707210449,-0.3717161348103805,0.0,0.0,-0.0,0.00017453292519943296
-0.004147904819716712,0.5116023029038462,0.0,0.0,-0.0,-0.0027925268031909274
-0.0234756622674403,-0.5524777794802432,0.0,0.0,-0.0,0.0008726646259971648
-0.022165766096363098,0.846817398416483,0.0,0.0,-0.0,-0.0027925268031909274
-0.022243243218536102,-0.5994649027134146,0.0,-0.002698888110450446,0.009628804265585876,0.0033161255787892262
0.009453557183011736,0.389795918401872,0.0,0.0001727789982936457,-0.0,-0.0008726646259971648
-0.03544890829092411,0.003551216257480244,0.0,-0.00017103392695130699,-0.0,0.0015707963267948964
-0.004242816769778225,-0.634874237253151,0.0,0.00017103392695130699,-0.0,0.0022689280275926286
0.020693704877269806,0.3082264907734494,0.0,0.0001727789982936457,-0.0,-0.0024434609527920616
-0.013571160357512282,-0.08708571245031613,0.0,-0.00017103392695130699,-0.0,-0.0010471975511965976
0.0007849303950789099,0.08344563799230606,0.0,0.00017103392695130699,-0.0,-0.0010471975511965976
0.0037746867115530445,0.6813948480731574,0.0,0.0,-0.0,-0.00034906585039886593
-0.004598081300797828,-0.9908647386190239,0.0,-0.002698888110450446,0.009628804265585876,0.004537856055185257
0.010721532454962615,1.1142153796048118,0.0,0.0,-0.0,-0.0029670597283903604
-0.006852622096227799,-1.1866297146120421,0.0,-0.002698888110450446,0.009628804265585876,0.005061454830783556
0.013162455626691072,0.9152977871715748,0.0,0.0,-0.0,-0.003665191429188092
0.025470275667982066,-0.4754421023915075,0.0,-0.002698888110450446,0.009628804265585876,0.0029670597283903604
0.03302187296602783,-0.30614907593927904,0.0,0.0,-0.0,-0.0006981317007977319
0.02342374135482224,0.5952370846671476,0.0,0.0,-0.0,-0.0027925268031909274
-0.016597174829568975,-0.6350798841761053,0.0,-0.00017103392695130699,-0.0,0.0012217304763960308
0.009490339846029684,0.8256935355312178,0.0,0.00017103392695130699,-0.0,-0.0029670597283903604
0.0003180252253452487,-0.6884058799229876,0.0,-0.002698888110450446,0.009628804265585876,0.0027925268031909274
0.0008830013643190837,0.9897140061704485,0.0,0.0,-0.0,-0.0022689280275926286
0.0035761572868189405,-1.3056738309150797,0.0,-0.002698888110450446,0.009628804265585876,0.005061454830783556
0.029752331267810843,0.9364425956614666,0.0,0.00017103392695130699,-0.0,-0.004363323129985824
-0.004168367879405908,-0.6394835186353648,0.0,0.0,-0.0,0.0022689280275926286
-0.024495916828447678,0.14562079386696072,0.0,0.0,-0.0,-0.0022689280275926286
0.005259913863086717,0.6598469973133365,0.0,0.00017103392695130699,-0.0,-0.0008726646259971648
-0.02944921510293247,-0.5773083627607102,0.0,-0.002698888110450446,0.009628804265585876,0.003490658503988659
-0.012910166273317212,0.3593233766717517,0.0,0.00017103392695130699,-0.0,-0.0005235987755982988
-0.010265263837567514,0.351082905736863,0.0,0.0,-0.0,0.0020943951023931952
-0.012084641372318315,-1.2896924077623853,0.0,-0.002697207771797248,0.009629275232676673,0.004537856055185257
0.004105102723733468,0.4620166671854393,0.0,0.0,-0.0,-0.00471238898038469
-0.007802585772489566,0.12219229029058874,0.0,0.0,-0.0,-0.0013962634015954637
-0.012043422405727757,0.20654493172257452,0.0,0.0,-0.0,-0.00034906585039886593
-0.012043422405727757,0.20654493172257452,0.0,0.0,-0.0,0.0010471975511965976
-0.00451744515944616,0.215209390532019,0.0,0.0,-0.0,-0.00017453292519943296
-0.03163030599443814,-0.4025580791771561,0.0,0.0,-0.0,0.0012217304763960308
-0.03163030599443814,-0.4025580791771561,0.0,0.00017103392695130699,-0.0,-0.0012217304763960308
0.026787781711077027,-0.7376221130047388,0.0,-0.002698888110450446,0.009628804265585876,0.003141592653589793
-0.01156317502004349,0.44837352435712546,0.0,-0.00017103392695130699,-0.0,-0.002617993877991494
-0.006257412992816562,0.11601717349057888,0.0,0.0,-0.0,0.0010471975511965976
0.015193780538381926,-0.5662091471797313,0.0,0.00017103392695130699,-0.0,0.0019198621771937625
0.014886986605069333,0.5640466832683431,0.0,0.0,-0.0,-0.0024434609527920616
-0.022705122183572735,-0.6706739200341693,0.0,0.0,-0.0,0.0015707963267948964
0.01226986425381428,0.8678320908259473,0.0,0.0,-0.0,-0.0029670597283903604
0.015714671538798734,-0.9500527321858624,0.0,-0.002698888110450446,0.009628804265585876,0.003141592653589793
0.016444502614244787,0.40297318214637673,0.0,0.0,-0.0,-0.003839724354387525
-0.00881558870238041,0.8102998559667803,0.0,0.0,-0.0,-0.0008726646259971648
0.01578712245627474,-0.20441293165050387,0.0,-0.002527854183499139,0.009628804265585876,0.005235987755982988
0.016962820289907324,-1.352530838067824,0.0,-0.002697207771797248,0.009629275232676673,0.003490658503988659
0.0005920025268998241,0.9189289767242497,0.0,0.002698888110450446,-0.009628804265585876,-0.006457718232379019
-0.00430614887061944,-0.44965437288612814,0.0,0.0,-0.0,0.00017453292519943296
0.0006635852453056734,0.34859356372742833,0.0,0.0,-0.0,-0.0029670597283903604
0.017967920500568328,0.42677108835940425,0.0,0.00017103392695130699,-0.0,-0.00034906585039886593
0.003452814164149449,-0.2902768232623852,0.0,-0.002698888110450446,0.009628804265585876,0.002617993877991494
-0.013011689108948213,0.49919748406592596,0.0,0.0,-0.0,0.00034906585039886593
-0.01131510027489885,-1.032764007357525,0.0,-0.002698888110450446,0.009628804265585876,0.003839724354387525
-0.02056906036594959,0.3559651133085788,0.0,0.0,-0.0,-0.003839724354387525
0.005433019417123596,-0.05036252307765909,0.0,0.00017103392695130699,-0.0,-0.0013962634015954637
0.0010645195957548193,0.7795543880471582,0.0,0.0,-0.0,-0.0013962634015954637
-0.006279395339689275,0.10637462285159524,0.0,-0.0028699220374017527,0.009628804265585876,0.0041887902047863905
0.00952292902426459,-1.9515127252161146,0.0,-0.002526173844845941,0.009629275232676673,0.005235987755982988
-0.0041801357570503414,1.6373243828122335,0.0,0.0028699220374017527,-0.009628804265585876,-0.00890117918517108
-0.008484879842987765,-0.21501262851439987,0.0,-0.002698888110450446,0.009628804265585876,0.0027925268031909274
-0.003081274300043887,0.31928381514517495,0.0,0.0,-0.0,0.003665191429188092
-0.00931723274051303,-1.0530398944936785,0.0,-0.002526173844845941,0.009629275232676673,0.003665191429188092
-0.01918097059089688,-0.10142576934268771,0.0,0.0,-0.0,-0.0041887902047863905
0.003336722672596408,0.715129176719297,0.0,0.0,-0.0,-0.00471238898038469
-0.007789308950227904,0.43771924225532904,0.0,-0.00017103392695130699,-0.0,0.00017453292519943296
-0.011632239464817638,-0.4978588745050667,0.0,-0.002698888110450446,0.009628804265585876,0.003665191429188092
0.005246702434514055,-0.5012298318968867,0.0,0.00017103392695130699,-0.0,0.00034906585039886593
-0.010897089337462392,0.7498752368282493,0.0,0.0,-0.0,-0.003665191429188092
-0.028900609411709986,0.17994286610135718,0.0,0.0,-0.0,0.0017453292519943296
0.00842716119274777,-0.0281304522824276,0.0,-0.002527854183499139,0.009628804265585876,0.003490658503988659
-0.025837978543169625,-0.9735021813668611,0.0,-0.0028682416987485552,0.009629275232676673,0.0027925268031909274
0.030654334304534618,1.1088336533160132,0.0,0.00017103392695130699,-0.0,-0.004014257279586958
0.04125535104254802,-1.0363951969101999,0.0,-0.002698888110450446,0.009628804265585876,0.003665191429188092
0.009561336870011228,1.8672267297213208,0.0,0.0,-0.0,0.009599310885968814
-0.008772361420327198,-2.1774900107783983,0.0,-0.005394415543594496,0.019258550465353345,0.009599310885968814
0.009218643022017298,1.3959534176855122,0.0,0.002698888110450446,-0.009628804265585876,-0.006457718232379019
-0.005585877470948298,-1.3788726715281865,0.0,-0.002697207771797248,0.009629275232676673,0.003665191429188092
-0.008349682519094905,1.95727591484086,0.0,0.002698888110450446,-0.009628804265585876,-0.0066322511575784525
-0.009092594235735649,-2.2479265831925686,0.0,-0.002697207771797248,0.009629275232676673,-0.008552113334772215
0.03641227078573897,1.5286952620547642,0.0,0.0028699220374017527,-0.009628804265585876,-0.008552113334772215
0.004206625559364498,0.32214255979126505,0.0,-0.002698888110450446,0.009628804265585876,0.0022689280275926286
-0.014380531921716679,-1.2905949687493972,0.0,-0.002697207771797248,0.009629275232676673,0.004537856055185257
-0.0036841586691617402,1.5236619927979944,0.0,0.0,-0.0,-0.00471238898038469
-0.004984284935490822,-1.4021920046287577,0.0,-0.002697207771797248,0.009629275232676673,0.006457718232379019
-0.011483179624238756,0.3780880136280095,0.0,0.0,-0.0,-0.003665191429188092
-0.01850376811878468,0.380686526113245,0.0,0.0,-0.0,-0.0006981317007977319
0.012609051184294754,-0.5029803686330105,0.0,-0.002526173844845941,0.009629275232676673,0.0022689280275926286
-0.009585129799799821,0.5533714555619201,0.0,-0.00017103392695130699,-0.0,-0.0017453292519943296
-0.014530948989644884,-0.13993313508474228,0.0,-0.002697207771797248,0.009629275232676673,0.002617993877991494
-0.01705473372914454,-0.43645616353699673,0.0,0.0,-0.0,0.0017453292519943296
0.005723084661783672,-0.4500028299181571,0.0,0.00017103392695130699,-0.0,-0.0012217304763960308
-0.02211523213207075,0.7372647710673749,0.0,-0.00017103392695130699,-0.0,-0.004886921905584123
-0.020636030171682206,0.39019896067180115,0.0,0.00017103392695130699,-0.0,0.0008726646259971648
0.006702988455270702,-1.328363529218141,0.0,-0.002526173844845941,0.009629275232676673,0.003839724354387525
-0.003019461486386188,1.2755072216783796,0.0,0.002527854183499139,-0.009628804265585876,0.0033161255787892262
0.0023663613303344165,0.02731548283723395,0.0,-0.002527854183499139,0.009628804265585876,0.0033161255787892262
-0.012136401776581986,-0.844630813106512,0.0,-0.002697207771797248,0.009629275232676673,0.0033161255787892262
0.010404978959468215,0.03725190527034606,0.0,0.0,-0.0,-0.002617993877991494
-0.001759968492223276,1.0932552724332478,0.0,0.0,-0.0,-0.0027925268031909274
-0.014187896900749787,-1.3201440038878787,0.0,-0.002697207771797248,0.009629275232676673,0.005235987755982988
-0.001800038261206629,1.1515869720423002,0.0,0.0,-0.0,0.004363323129985824
0.03551952660020454,-0.17214776637469884,0.0,-0.002526173844845941,0.009629275232676673,0.004363323129985824
0.016672527591724027,-0.992506104879347,0.0,-0.002697207771797248,0.009629275232676673,0.002617993877991494
0.01159381058234131,0.3839687586709904,0.0,0.0,-0.0,-0.004363323129985824
-0.010367782207845587,-0.3562218490624073,0.0,0.0,-0.0,-0.0015707963267948964
0.020366431849896408,1.0362080761969763,0.0,0.00017103392695130699,-0.0,0.003141592653589793
-0.0002891792092336443,0.24613955976996882,0.0,-0.002698888110450446,0.009628804265585876,0.003141592653589793
-0.0028007862329201484,-0.8780059985222366,0.0,-0.002697207771797248,0.009629275232676673,0.005061454830783556
0.011540920072921998,-0.01651899029300747,0.0,0.0,-0.0,-0.0012217304763960308
0.014472124210804538,0.5265140545291279,0.0,0.0,-0.0,-0.0013962634015954637
0.011069164769237624,0.16247598882668537,0.0,-0.002697207771797248,0.009629275232676673,0.0022689280275926286
-0.02389597042867711,-1.3958593481947044,0.0,-0.002697207771797248,0.009629275232676673,0.003490658503988659
-0.00018687554112557293,0.5190686119285843,0.0,0.0028699220374017527,-0.009628804265585876,-0.0066322511575784525
-0.019049170180802925,0.5231300145284951,0.0,-0.00017103392695130699,-0.0,-0.0033161255787892262
-0.017585448189092173,0.19582718624923812,0.0,0.0,-0.0,0.0006981317007977319
-0.004179822462530098,-0.01595396910387987,0.0,-0.002698888110450446,0.009628804265585876,0.0019198621771937625
-0.020757775866143212,-0.9023594668576781,0.0,-0.002698888110450446,0.009628804265585876,0.0017453292519943296
0.021492825489042536,0.8988663995852707,0.0,0.00017103392695130699,-0.0,-0.00471238898038469
-0.013002996377668915,-0.5982557159990756,0.0,-0.002698888110450446,0.009628804265585876,0.0015707963267948964
-0.02590869306250526,0.9128084451621402,0.0,0.0,-0.0,-0.0027925268031909274
0.014342766372996833,-0.7689216848793441,0.0,-0.002527854183499139,0.009628804265585876,0.0041887902047863905
-0.014619195003014306,0.31546792427417236,0.0,-0.00017103392695130699,-0.0,0.0005235987755982988
-0.012814896082354534,-0.14568426401019638,0.0,0.0,-0.0,0.0005235987755982988
-0.019405272465078997,-0.1683658308022854,0.0,0.0,-0.0,-0.00034906585039886593
0.03497393989360619,1.2897044684616767,0.0,0.00017103392695130699,-0.0,0.00767944870877505
0.004046221475731291,-0.7740304849786408,0.0,-0.002697207771797248,0.009629275232676673,0.00767944870877505
0.005081912891730781,-1.0216857373811727,0.0,-0.002697207771797248,0.009629275232676673,0.0020943951023931952
0.013923811500234792,0.7117918589607506,0.0,0.0,-0.0,-0.005061454830783556
0.00207510946343574,-0.42024800217682284,0.0,0.0,-0.0,-0.0
-0.007561414760126665,0.7333397097205715,0.0,0.0,-0.0,0.002617993877991494
-0.007561414760126665,0.7333397097205715,0.0,-0.002698888110450446,0.009628804265585876,0.002617993877991494
0.011872023528854825,1.0422129717728459,0.0,0.002698888110450446,-0.009628804265585876,-0.006457718232379019
0.02392194386913043,-0.22905881361264305,0.0,0.0,-0.0,0.0012217304763960308
-0.00354315326508052,0.2480747978244203,0.0,0.0,-0.0,-0.0005235987755982988
0.0034159566289405628,0.13293107551307784,0.0,0.00017103392695130699,-0.0,0.0017453292519943296
-0.0031556577967272316,-0.5216567807180942,0.0,-0.002698888110450446,0.009628804265585876,0.0024434609527920616
0.007733936171218987,0.651182538503892,0.0,0.0,-0.0,-0.0012217304763960308
-0.022547811725429218,-0.17984258053089178,0.0,-0.002698888110450446,0.009628804265585876,0.0033161255787892262
-0.01579546818850485,-0.6583236864341495,0.0,-0.002697207771797248,0.009629275232676673,0.0024434609527920616
0.029408638433368703,0.8402938245844442,0.0,0.00017103392695130699,-0.0,-0.0020943951023931952
0.00980315897048746,0.020955664718896316,0.0,-0.002697207771797248,0.009629275232676673,0.003490658503988659
-0.027884154615428286,-1.5543071751471509,0.0,-0.002697207771797248,0.009629275232676673,0.003665191429188092
-0.0062647300176220675,0.9715580584070743,0.0,0.0028699220374017527,-0.009628804265585876,-0.007330382858376184
-0.009359102795216921,-0.09185874954623108,0.0,0.0,-0.0,-0.0005235987755982988
-0.005626586479369867,0.09234938335797868,0.0,0.00017103392695130699,-0.0,-0.0010471975511965976
-0.01254578879822535,-0.04663501192987563,0.0,0.0,-0.0,-0.0008726646259971648
0.014503574057930999,0.6213640275503544,0.0,0.0,-0.0,-0.0008726646259971648
0.0017838993296932094,-0.4910300610242381,0.0,-0.002698888110450446,0.009628804265585876,0.003490658503988659
-0.00947470360060579,-0.26925173701830285,0.0,0.0,-0.0,-0.0
-0.01992250415029853,-0.02319365947281148,0.0,0.0,-0.0,-0.0020943951023931952
-0.0038651565998620865,0.9675028809798436,0.0,0.0,-0.0,-0.0022689280275926286
-0.0083267651885214,-0.8115891578387612,0.0,-0.002698888110450446,0.009628804265585876,0.004537856055185257
-0.012178044377762627,0.15616590549295642,0.0,0.0,-0.0,-0.0013962634015954637
-0.007116239414120346,0.9676739278378057,0.0,0.0,-0.0,0.0066322511575784525
0.008007951572187741,-1.2863736084633561,0.0,-0.002697207771797248,0.009629275232676673,-0.0027925268031909274
0.005509518752129087,0.03864003654684604,0.0,0.0,-0.0,-0.0027925268031909274
-0.005429211575336983,0.6268471138242836,0.0,0.0,-0.0,-0.002617993877991494
-0.003041547829724427,-0.3080921078489178,0.0,-0.002697207771797248,0.009629275232676673,0.0020943951023931952
0.009124577321409713,-0.4628824828481172,0.0,0.0,-0.0,-0.00017453292519943296
-0.013768507898222317,0.4607989249814624,0.0,0.0,-0.0,-0.00017453292519943296
-0.00540732139684369,0.2612628487694063,0.0,0.0,-0.0,-0.00017453292519943296
0.012361539317275566,-0.5796830623674595,0.0,-0.002698888110450446,0.009628804265585876,0.0017453292519943296
0.02976222506897747,0.549594703405499,0.0,0.0,-0.0,-0.0024434609527920616
0.024198439444316676,-0.13829176882441938,0.0,-0.002698888110450446,0.009628804265585876,0.0015707963267948964
-0.0018804216743698253,-0.04059299160095165,0.0,0.0,-0.0,0.00034906585039886593
0.017011133567231766,1.5136626814181284,0.0,0.00017103392695130699,-0.0,0.0005235987755982988
0.021639981230107005,-2.3718529070673218,0.0,-0.005223381616643189,0.019258550465353345,-0.006108652381980154
-0.0058479722589565505,0.4956963217564499,0.0,0.0,-0.0,-0.006108652381980154
0.009413503469403667,0.6557708742814793,0.0,0.0,-0.0,0.002617993877991494
0.019836550508517445,-0.5947255052507734,0.0,-0.002526173844845941,0.009629275232676673,-0.0020943951023931952
0.00827126301307612,0.34265773348364653,0.0,0.0,-0.0,-0.0020943951023931952
0.008311200488572727,-0.7138242067917113,0.0,0.0,-0.0,-0.004886921905584123
-0.023405664229907024,0.8641799556686458,0.0,-0.00017103392695130699,-0.0,-0.004886921905584123
-0.00018456274811289752,0.7116071576424229,0.0,-0.002698888110450446,0.009628804265585876,0.0019198621771937625
-0.009159856888680514,-1.407758432235884,0.0,-0.002697207771797248,0.009629275232676673,-0.0033161255787892262
-0.019701861591313746,0.2824178156634434,0.0,0.0,-0.0,-0.0033161255787892262
-0.012717465858661322,-0.5157755357122128,0.0,0.0,-0.0,-0.0012217304763960308
-0.001702020836980227,1.8588770883106311,0.0,0.0,-0.0,-0.004886921905584123
-0.02814427974286321,-0.724205562704006,0.0,-0.002697207771797248,0.009629275232676673,0.008552113334772215
-0.00660777176395082,-1.582009197102355,0.0,-0.002526173844845941,0.009629275232676673,0.003665191429188092
-0.02267867236367887,1.0446346969608271,0.0,0.002526173844845941,-0.009629275232676673,-0.00820304748437335
0.013567510015460145,0.6337518837722312,0.0,0.00017103392695130699,-0.0,-0.00034906585039886593
-0.037836130505721766,-0.8197606601116464,0.0,-0.002697207771797248,0.009629275232676673,0.003839724354387525
0.017394628350340835,-0.020683371858750237,0.0,0.00017103392695130699,-0.0,-0.0015707963267948964
-0.006479347385461644,0.9914645429065722,0.0,-0.00017103392695130699,-0.0,-0.0020943951023931952
-0.001220829515970433,-1.162647107080687,0.0,-0.002697207771797248,0.009629275232676673,0.005235987755982988
-0.0052497945085239126,0.3787512880587935,0.0,0.0,-0.0,-0.0033161255787892262
-0.009945193081993285,-0.4636459727464709,0.0,0.0,-0.0,-0.0005235987755982988
0.017200474042190425,1.1503089341799586,0.0,0.00017103392695130699,-0.0,-0.003665191429188092
0.002884072472229916,-1.164226632616767,0.0,-0.002697207771797248,0.009629275232676673,0.004363323129985824
0.0013864917345302187,1.479746462806448,0.0,0.0,-0.0,-0.0041887902047863905
0.015981273610227324,-0.1403549425728468,0.0,-0.002697207771797248,0.009629275232676673,0.0066322511575784525
0.03144705291634187,-1.5363695683353782,0.0,-0.002697207771797248,0.009629275232676673,0.005585053606381855
0.01831693238691958,0.41762805643750345,0.0,0.0,-0.0,-0.0027925268031909274
2.9827166203484356e-05,0.6520850994909041,0.0,0.0,-0.0,-0.0027925268031909274
-0.007777671859961387,-0.14798890470130324,0.0,-0.002697207771797248,0.009629275232676673,0.0019198621771937625
0.015167933033094591,-0.766453288474536,0.0,0.0,-0.0,-0.005061454830783556
-0.014927856121845239,0.5048730821488531,0.0,0.0,-0.0,-0.005061454830783556
0.010495092158355921,0.522701518484825,0.0,0.00017103392695130699,-0.0,0.0024434609527920616
-0.0005215514151562206,-0.5111326146967251,0.0,-0.0028665046337420794,0.009629275232676673,0.0024434609527920616
0.025428633066801397,0.5253546162079608,0.0,0.00017103392695130699,-0.0,-0.0008726646259971648
-0.008612250183906158,-0.27538266241503045,0.0,-0.002697207771797248,0.009629275232676673,0.0027925268031909274
-0.010847261512406033,0.2095128468444654,0.0,0.0,-0.0,0.0008726646259971648
-0.017560122480880208,-0.4477191348316767,0.0,-0.002697207771797248,0.009629275232676673,0.0022689280275926286
-0.012317757948183497,0.25069425591428235,0.0,0.0,-0.0,0.0008726646259971648
-0.03322214757998884,-0.09622874437221693,0.0,0.0,-0.0,0.0008726646259971648
0.014251361340448777,-0.07331245354157488,0.0,0.00017103392695130699,-0.0,0.0006981317007977319
0.006850594402355013,-0.1565232474303205,0.0,0.0,-0.0,-0.00017453292519943296
-0.0009509448263536746,0.21447058525870816,0.0,0.0,-0.0,-0.0012217304763960308
0.007548845628580824,-0.13519373762210096,0.0,0.0,-0.0,0.0005235987755982988
-0.022806937866415987,0.27513449095346704,0.0,-0.00017103392695130699,-0.0,-0.0006981317007977319
0.004348564556204874,-0.4830192988956123,0.0,0.00017103392695130699,-0.0,0.0015707963267948964
-0.01778598742562897,1.0826765211739784,0.0,0.00017103392695130699,-0.0,-0.0017453292519943296
-0.027959602492248787,-1.1745733528061508,0.0,-0.002697207771797248,0.009629275232676673,0.005934119456780721
-0.025286279226457452,0.38909075276183475,0.0,0.0,-0.0,0.0006981317007977319
0.023000345971787586,-0.23656047927422086,0.0,0.00017103392695130699,-0.0,0.0006981317007977319
0.006498423496825071,0.09282795647043497,0.0,0.0,-0.0,-0.0012217304763960308
-0.007458665484524286,0.25795663501963195,0.0,0.0,-0.0,0.0013962634015954637
-0.0024585676167838545,-1.0103681808485927,0.0,0.0,-0.0,0.0013962634015954637
-0.001483245463513806,1.2236378908734926,0.0,0.002697207771797248,-0.009629275232676673,0.0027925268031909274
-0.031413756047391224,-0.3271637683487434,0.0,-0.002697207771797248,0.009629275232676673,0.0005235987755982988
-0.005133768410659871,0.2188951653225943,0.0,0.0,-0.0,0.0005235987755982988
0.029088588043703976,-0.03790457560199567,0.0,0.0,-0.0,0.0015707963267948964
-0.00716473508144956,0.04891791883495518,0.0,0.0,-0.0,0.0015707963267948964
0.013249958737653424,-0.347907569708707,0.0,0.00017103392695130699,-0.0,0.0020943951023931952
-0.010762660256691328,-0.4219430657442057,0.0,0.0,-0.0,-0.0006981317007977319
0.03194791951916463,0.6444507635608584,0.0,0.00017103392695130699,-0.0,-0.003665191429188092
-0.011051532528598293,-0.022299804996832887,0.0,-0.00017103392695130699,-0.0,0.0005235987755982988
-0.00010523498877964443,-0.5810864846390791,0.0,0.0,-0.0,-0.003665191429188092
0.01756255350379078,0.8891547850940837,0.0,0.0,-0.0,-0.003665191429188092
0.01756255350379078,0.8891547850940837,0.0,-0.002697207771797248,0.009629275232676673,0.0024434609527920616
0.004682006569723562,-0.4344493505103661,0.0,-0.002697207771797248,0.009629275232676673,0.0020943951023931952
-0.038375625353769226,0.026316445403068323,0.0,-0.00017103392695130699,-0.0,-0.0013962634015954637
-0.03837554880116644,0.024973273731765756,0.0,0.00034206785390261397,-0.0,-0.0006981317007977319
0.013586716926562839,-0.24166918003130958,0.0,0.0,-0.0,-0.0005235987755982988
-0.00694080294724083,1.5339243114829944,0.0,0.0,-0.0,-0.0024434609527920616
0.0017494627272627162,-2.0909082594978328,0.0,-0.002697207771797248,0.009629275232676673,0.00890117918517108
0.0155984137393052,1.0998058980689465,0.0,0.002697207771797248,-0.009629275232676673,-0.006283185307179586
0.014371468431837488,-0.004832845206940333,0.0,-0.002697207771797248,0.009629275232676673,0.0013962634015954637
-0.03936427859495637,-0.6987376395091794,0.0,-0.0028682416987485552,0.009629275232676673,0.0013962634015954637
-0.005040496192593475,0.4641366065582186,0.0,0.0,-0.0,-0.0033161255787892262
-0.0178296592721622,0.25745711630254914,0.0,0.0,-0.0,0.0020943951023931952
-1.8415977980330568e-05,-0.7945456586710223,0.0,-0.002526173844845941,0.009629275232676673,0.0020943951023931952
-0.0062647300176220675,0.9715580584070743,0.0,0.0,-0.0,0.0033161255787892262
0.0025041423215479484,-0.16251366291200253,0.0,-0.002697207771797248,0.009629275232676673,0.0022689280275926286
-0.008921138756260258,-0.12559307819237064,0.0,-0.002697207771797248,0.009629275232676673,0.0022689280275926286
-0.014517379320171055,-0.630340486713464,0.0,0.00017103392695130699,-0.0,0.0017453292519943296
0.00010982256200819052,0.5817995887617881,0.0,0.00017103392695130699,-0.0,-0.002617993877991494
-0.030201159312629178,-0.2488770732409668,0.0,-0.00017103392695130699,-0.0,0.0013962634015954637
-0.00703081924865065,-0.33151281757010254,0.0,0.0,-0.0,-0.0024434609527920616
-0.018438503438736153,0.29076745707413293,0.0,0.0,-0.0,-0.0024434609527920616
0.007608551520744188,0.2533890749264173,0.0,0.0,-0.0,-0.00017453292519943296
0.013532354207321686,-0.43979348129554313,0.0,-0.00017103392695130699,-0.0,-0.0015707963267948964
0.01171887107633804,-0.06395108066807262,0.0,0.0,-0.0,-0.0019198621771937625
0.01710649568488807,0.47425773030965845,0.0,0.00017103392695130699,-0.0,-0.0019198621771937625
0.0002514687116363723,0.5825720336683727,0.0,0.0,-0.0,0.005235987755982988
-0.017607952333040286,-0.6576058267654651,0.0,-0.002697207771797248,0.009629275232676673,0.0006981317007977319
0.016672487032687283,0.2657769311482943,0.0,0.00017103392695130699,-0.0,0.0006981317007977319
-0.013775850352474743,0.09576750684744686,0.0,0.0,-0.0,0.0019198621771937625
0.0046168749075154595,-0.852686582723073,0.0,-0.002697207771797248,0.009629275232676673,0.0027925268031909274
0.0297838904893705,0.519621458849446,0.0,0.0,-0.0,-0.003490658503988659
0.008339946463589806,-0.32469631801978666,0.0,0.0,-0.0,-0.0024434609527920616
0.0006816296202303906,0.4617861902789025,0.0,0.0,-0.0,-0.0024434609527920616
0.00020519859287485676,-0.30006946979098076,0.0,0.0,-0.0,0.0008726646259971648
-0.005139087462569066,0.32418696832151733,0.0,0.0,-0.0,0.0010471975511965976
-0.010600706054444938,-0.13018141396995794,0.0,0.00017103392695130699,-0.0,-0.0
-0.001496168748858413,-0.6498940128916142,0.0,0.0,-0.0,-0.0
0.01359606837390516,1.6400320983478425,0.0,0.0,-0.0,-0.004886921905584123
-0.015196222395621066,-1.8004328482951448,0.0,-0.0028665046337420794,0.009629275232676673,-0.005759586531581287
-5.7332534967889926e-05,1.0104511855899152,0.0,0.0028682416987485552,-0.009629275232676673,-0.005759586531581287
0.005005238574938932,-0.3064429477334075,0.0,0.00017103392695130699,-0.0,0.0015707963267948964
0.006964395073799549,0.3942541380990318,0.0,0.0,-0.0,-0.0006981317007977319
-0.008865058286535575,-0.30082193488838094,0.0,0.0,-0.0,0.0020943951023931952
-0.0053343612019792295,-0.17237455450258768,0.0,0.00017103392695130699,-0.0,-0.0013962634015954637
-0.01601933516035727,0.12182288765393326,0.0,0.0,-0.0,-0.00034906585039886593
0.006781237110368669,-0.2968213426990505,0.0,0.0,-0.0,-0.00034906585039886593
-0.0010938174159532065,0.5492071076588887,0.0,0.0,-0.0,-0.0024434609527920616
0.0018880465238574607,-0.11921231446940646,0.0,0.0,-0.0,0.0015707963267948964
-0.010818189594251064,-0.6760010610850675,0.0,0.0,-0.0,0.0006981317007977319
0.012511035266177237,1.47897951025593,0.0,0.0,-0.0,0.0066322511575784525
-0.03587107723398733,-1.1637553149906534,0.0,-0.002697207771797248,0.009629275232676673,-0.0012217304763960308
0.002194482216268888,0.4020160359214643,0.0,0.00017103392695130699,-0.0,-0.0012217304763960308
0.0066756216627998225,-0.3871643996127185,0.0,0.0,-0.0,0.0015707963267948964
0.029762345716432263,0.9246172030581989,0.0,0.0,-0.0,-0.0012217304763960308
-0.024058593535038003,-1.1644731746593378,0.0,-0.002697207771797248,0.009629275232676673,0.0054105206811824215
-0.008535641260803308,-0.14507557481731279,0.0,0.0,-0.0,-0.0027925268031909274
-0.0030658374450516913,0.7697271360898469,0.0,0.0,-0.0,0.0017453292519943296
0.007072463401311151,-0.1864207396008308,0.0,0.00017103392695130699,-0.0,0.0017453292519943296
-0.023215829987217572,-0.5766450883299262,0.0,0.0,-0.0,-0.003839724354387525
0.011280830917560311,1.0537934645311522,0.0,0.00017103392695130699,-0.0,0.003665191429188092
0.011277682624513799,1.0555412972024045,0.0,-0.002526173844845941,0.009629275232676673,0.003665191429188092
-0.008726571156086082,-0.05984131800294162,0.0,-0.00017103392695130699,-0.0,-0.0022689280275926286
-0.007390563961786501,0.6367015053962857,0.0,0.00017103392695130699,-0.0,-0.0022689280275926286
0.0017670302804261085,0.8548163223740909,0.0,0.0,-0.0,0.0022689280275926286
-0.005044230563630154,-1.4175647385885688,0.0,-0.002697207771797248,0.009629275232676673,-0.0022689280275926286
-0.006608495723902395,0.36370104147199145,0.0,0.0,-0.0,-0.0022689280275926286
-0.005342549893764863,0.5069541356000717,0.0,0.0,-0.0,0.00034906585039886593
0.01855121000906717,-0.6127176973004463,0.0,-0.002697207771797248,0.009629275232676673,0.004014257279586958
0.018635070563286497,-0.49240161737374116,0.0,0.0,-0.0,-0.0005235987755982988
-0.006503968450777657,0.45571143430500216,0.0,0.0,-0.0,-0.0041887902047863905
-0.006406164486112782,0.45897325860153027,0.0,0.0,-0.0,0.0022689280275926286
0.0005270960877524355,-0.6426361350755834,0.0,0.0,-0.0,0.0022689280275926286
-0.008354643330102905,0.41108353700083816,0.0,0.0,-0.0,-0.0024434609527920616
-0.0015604951321636729,-0.1830288366043841,0.0,0.00017103392695130699,-0.0,-0.0008726646259971648
-0.012938401264858249,-0.015452707255005648,0.0,-0.00017103392695130699,-0.0,-0.0006981317007977319
0.008890745283468518,0.09876378671421678,0.0,0.00017103392695130699,-0.0,-0.0006981317007977319
0.018561555265673338,-0.017366999704830487,0.0,0.00017103392695130699,-0.0,-0.00034906585039886593
-0.021325735983223543,0.02175027221434693,0.0,0.0,-0.0,-0.00034906585039886593
0.0034940985244289523,0.3604106389770915,0.0,0.00017103392695130699,-0.0,0.00017453292519943296
0.006955503710687954,-0.4969899531513283,0.0,0.0,-0.0,-0.0012217304763960308
-0.032483773039765906,0.06574731773676157,0.0,-0.00017103392695130699,-0.0,-0.0012217304763960308
-0.025136861144977374,-0.38644653994403416,0.0,0.0,-0.0,-0.00017453292519943296
0.026446889654912438,0.5775051247783293,0.0,0.00017103392695130699,-0.0,-0.002617993877991494
0.006732115424548243,0.6743508099194092,0.0,-0.00017103392695130699,-0.0,0.006457718232379019
0.015163840421156718,-0.9966704527823782,0.0,-0.002697207771797248,0.009629275232676673,0.006457718232379019
-0.009250328328469386,-0.24172386461141784,0.0,0.0,-0.0,-0.0022689280275926286
0.006354617314466411,-0.04286085741608127,0.0,0.0,-0.0,-0.0027925268031909274
-0.0011208913612119197,0.6844719336708491,0.0,0.0,-0.0,-0.0027925268031909274
-0.010049582089590782,-0.8894979969669041,0.0,0.0,-0.0,-0.004014257279586958
0.010125878919969113,0.18485492656724664,0.0,0.002697207771797248,-0.009629275232676673,-0.004014257279586958
0.023177892036097134,1.3657411081162467,0.0,0.0,-0.0,-0.0029670597283903604
-0.008078341689401934,-0.3814137184803408,0.0,-0.002697215783343103,0.009629275232676673,0.004363323129985824
0.006309042739744779,-0.7907503323165018,0.0,-0.002526173844845941,0.009629275232676673,0.004363323129985824
-0.020768516087030862,0.06733437450969568,0.0,0.0,-0.0,-0.0015707963267948964
0.025136996043614114,0.021768533616745796,0.0,0.00017103392695130699,-0.0,-0.0012217304763960308
-0.009308826802359553,-0.16343559144921788,0.0,0.0,-0.0,-0.0012217304763960308
0.001836992258829724,0.7566590428211428,0.0,0.0,-0.0,-0.0022689280275926286
-0.022403586291286796,-0.48582345830380214,0.0,0.0,-0.0,0.0029670597283903604
0.0231562995617978,-0.5536345304646352,0.0,0.00017103392695130699,-0.0,-0.00471238898038469
-0.004789120964115927,1.3991160995211636,0.0,0.002697207771797248,-0.009629275232676673,-0.00471238898038469
-0.004789120964115927,1.3991160995211636,0.0,-0.002697207771797248,0.009629275232676673,0.005585053606381855
-0.005799626639717746,-0.04299097349650868,0.0,0.0,-0.0,-0.0005235987755982988
0.017171760364936596,0.3843386612705464,0.0,0.00017103392695130699,-0.0,-0.0008726646259971648
0.017171760364936596,0.3843386612705464,0.0,0.0,-0.0,0.0013962634015954637
-0.01403332860590258,-0.3512976968434728,0.0,0.0,-0.0,-0.0005235987755982988
0.020166542584587853,0.7007276585107013,0.0,0.00017103392695130699,-0.0,-0.0029670597283903604
0.013668137225638935,0.12062645487279272,0.0,0.0,-0.0,0.0019198621771937625
-0.019104361667794056,0.02888131825502997,0.0,0.0,-0.0,0.003141592653589793
-0.00987051673809772,-0.4286396804766639,0.0,-0.0026955273509823995,0.00962974590644297,0.003141592653589793
-0.004087666344365241,-0.2789592667298049,0.0,0.0,-0.0,-0.0019198621771937625
-0.005048673029441037,0.001916973391926472,0.0,0.0,-0.0,-0.0019198621771937625
-0.0049091208384496885,0.2825117441317124,0.0,0.0,-0.0,-0.0019198621771937625
-0.002239186091699452,0.46048447140091714,0.0,0.0,-0.0,0.003839724354387525
0.01293292170459466,-0.28155777921504027,0.0,-0.0025244934240310924,0.00962974590644297,0.003839724354387525
0.002906141052134249,-0.9522272567965421,0.0,0.0,-0.0,0.0017453292519943296
-0.01135997012085298,0.17077809391211982,0.0,0.002697215783343103,-0.009629275232676673,-0.004014257279586958
-0.02342754700102358,1.8787835728101292,0.0,0.0,-0.0,0.009948376736367679
0.009413448418281066,-2.232457372785604,0.0,-0.0025244934240310924,0.00962974590644297,0.009948376736367679
-0.02303057397158952,0.618644642638893,0.0,-0.006930679537193752,-0.012326877592803093,-0.0019198621771937625
0.009686133886175265,0.5559363284138817,0.0,0.00017103392695130699,-0.0,0.0019198621771937625
0.013636970668442433,0.025674116576910978,0.0,0.0,-0.0,0.0019198621771937625
0.03242244046330086,-0.14791337385877623,0.0,0.0,-0.0,0.0022689280275926286
-0.021874049544518954,-0.5194822561074146,0.0,-0.0001692888503989769,-0.0,0.0008726646259971648
0.004161406898636654,0.9770699007763003,0.0,0.0001692888503989769,-0.0,-0.002617993877991494
-0.014109968429342801,-1.4208474711092147,0.0,-0.002695535357536882,0.00962974590644297,-0.005934119456780721
-0.0039013384998901213,1.582466191280829,0.0,-0.006761390686794775,-0.012326877592803093,-0.005934119456780721
-0.020157350344463268,-1.0322374394664413,0.0,-0.002695535357536882,0.00962974590644297,0.0054105206811824215
-0.0030765036313454464,0.43845804752864004,0.0,0.0,-0.0,0.0012217304763960308
0.006741282680797136,-0.7230427695561392,0.0,0.0,-0.0,0.0012217304763960308
-0.0006040531047958775,0.5347369346860897,0.0,0.0,-0.0,-0.0041887902047863905
-0.009344269051721187,0.6680119374056982,0.0,0.0,-0.0,0.004363323129985824
-0.016949723237877627,-0.5336767159637983,0.0,-0.002697215783343103,0.009629275232676673,0.0008726646259971648
0.017418446236582986,0.04273187481742168,0.0,0.00017103392695130699,-0.0,0.0008726646259971648
-0.02204887646411892,-0.7567095980264051,0.0,0.0,-0.0,-0.004537856055185257
-0.0026829870361579646,1.2288515567293505,0.0,-0.006930658950981384,-0.012326877592803093,0.0041887902047863905
0.0025128671734145147,-0.7336424664200353,0.0,-0.002695535357536882,0.00962974590644297,0.0041887902047863905
0.017141951542561436,-0.10148035458058811,0.0,0.0,-0.0,-0.0019198621771937625
0.004810851572116672,0.3130541131072647,0.0,0.0,-0.0,-0.0019198621771937625
-0.020868610184901177,0.20368618707648434,0.0,0.0,-0.0,0.0022689280275926286
0.021082931263182066,-0.16662342557713367,0.0,0.0001692888503989769,-0.0,0.0006981317007977319
0.006343055476850417,-0.40871225037253933,0.0,0.0,-0.0,0.0006981317007977319
-0.023376024854166833,0.6277876745607938,0.0,0.0,-0.0,-0.0024434609527920616
0.019517305721308952,-0.5858763451230011,0.0,0.0001692888503989769,-0.0,-0.0024434609527920616
-0.003663725366633199,1.0323857198155344,0.0,-0.0001692888503989769,-0.0,-0.0024434609527920616
0.021744198393172688,-0.6153707950235822,0.0,-0.002526246507137905,0.00962974590644297,0.0006981317007977319
-0.015429375901939341,-0.7635609041951723,0.0,0.0,-0.0,0.0006981317007977319
0.012997618073690969,0.7070674072695213,0.0,0.0028665046337420794,-0.009629275232676673,-0.004537856055185257
0.007472123510486963,-0.5610667074471608,0.0,0.0,-0.0,0.00017453292519943296
-0.023943652531035385,1.42203501898502,0.0,0.0,-0.0,0.006981317007977318
0.01746205590839332,-0.32271570029077346,0.0,-0.002526246507137905,0.00962974590644297,0.006981317007977318
0.001105243217289672,-1.1391836274137814,0.0,-0.002695535357536882,0.00962974590644297,-0.003839724354387525
0.019910247237168728,0.7594135024320027,0.0,0.0,-0.0,0.0013962634015954637
-0.018876513856535982,0.49737921105556687,0.0,0.0,-0.0,0.0054105206811824215
-0.008801251601349052,-1.2741285293222944,0.0,-0.002526246507137905,0.00962974590644297,0.0054105206811824215
-0.011941282008686537,0.5096303773307617,0.0,0.0,-0.0,-0.00034906585039886593
-0.018878145657302267,-0.6887404708563621,0.0,0.0,-0.0,-0.00034906585039886593
-0.023560023367077233,0.8860441249868153,0.0,-0.006932830569316911,-0.012325667599917182,-0.005235987755982988
0.013933516011294082,0.030782916676207667,0.0,0.00017103392695130699,-0.0,0.0013962634015954637
0.012458001962390365,0.5109031967898321,0.0,0.0,-0.0,0.0013962634015954637
-0.013328660747052072,-1.0951457244708676,0.0,-0.0028648242079358584,0.00962974590644297,0.00471238898038469
-0.019916937351113176,0.2895410297580764,0.0,0.0,-0.0,-0.0029670597283903604
-0.011919837642781388,0.4796571327747087,0.0,0.0001692888503989769,-0.0,-0.0006981317007977319
0.0028162283901811236,-0.9297870724955903,0.0,0.0,-0.0,0.002617993877991494
-0.01655804136472476,0.5681673570371151,0.0,0.0,-0.0,-0.00034906585039886593
-0.02048153593822251,0.3682029495826135,0.0,0.0,-0.0,-0.00034906585039886593
0.011080019571343119,0.07171785407603447,0.0,0.0001692888503989769,-0.0,0.0024434609527920616
-0.00014846824641239764,-0.5667423592247208,0.0,-0.002695535357536882,0.00962974590644297,-0.0012217304763960308
0.00931899754467292,-0.06774113021136646,0.0,0.0001692888503989769,-0.0,-0.0012217304763960308
-0.004578424209593774,0.6431718569676551,0.0,0.0,-0.0,0.003141592653589793
-0.001986382137035382,-0.6114819733034446,0.0,-0.002695535357536882,0.00962974590644297,-0.0013962634015954637
-0.014089831374022548,-0.9870634070111393,0.0,0.0,-0.0,-0.0013962634015954637
0.003125499449639839,1.9535558224018688,0.0,-0.006930679537193752,-0.012326877592803093,-0.008552113334772215
-0.008332677864243593,-0.26700382653005833,0.0,-0.002695535357536882,0.00962974590644297,0.003839724354387525
0.006524120986160597,-0.41996853514932553,0.0,-0.002695535357536882,0.00962974590644297,0.003839724354387525
0.01045534284085995,-0.23505605137912508,0.0,0.0001692888503989769,-0.0,-0.0006981317007977319
-0.003199042766481298,0.13616016416462953,0.0,0.0,-0.0,0.00034906585039886593
-0.008844243381553417,-0.5035485200586644,0.0,0.0,-0.0,0.00034906585039886593
-0.003951806533162423,0.00416488388017099,0.0,0.0,-0.0,-0.0033161255787892262
-0.001282023423366716,0.7765705595237332,0.0,0.0,-0.0,-0.0033161255787892262
-0.0023485193006361105,-0.34214501640728034,0.0,0.0,-0.0,0.002617993877991494
0.0004666433053149643,-0.009769171694140776,0.0,0.0,-0.0,-0.0
0.02803533093330452,1.4853845004294584,0.0,0.0001692888503989769,-0.0,0.010471975511965976
0.008991072238541769,-1.745112782972077,0.0,-0.002695535357536882,0.00962974590644297,0.010471975511965976
-0.04060931558470018,-1.098250297444003,0.0,-0.0001692888503989769,-0.0,-0.009773843811168246
0.013547714320075548,2.069654690785401,0.0,-0.006763541718917934,-0.012325667599917182,0.004886921905584123
0.004109253210439708,-1.311844944908787,0.0,-0.002695535357536882,0.00962974590644297,0.004886921905584123
0.004094647821321026,0.8400377785831541,0.0,-0.006932830569316911,-0.012325667599917182,-0.00471238898038469
0.0014897769684741446,-0.027348472894183743,0.0,0.0001692888503989769,-0.0,0.0010471975511965976
-0.0005028781288115491,-0.3124573260128577,0.0,0.0,-0.0,0.0010471975511965976
-0.0031258266976370774,0.5117355107381911,0.0,0.0,-0.0,0.002617993877991494
-0.010040769869508349,-0.011035904019078235,0.0,0.0,-0.0,0.002617993877991494
-0.007531032933710698,-0.6854931208024116,0.0,0.0001692888503989769,-0.0,0.002617993877991494
0.004933292100016842,0.14150656049187663,0.0,0.0,-0.0,-0.0015707963267948964
-0.015903410359653026,-0.1057430999594895,0.0,0.0,-0.0,-0.0019198621771937625
-0.011779292260200873,0.5200437029577586,0.0,0.0001692888503989769,-0.0,-0.0019198621771937625
-0.0018340606156995076,0.3597641545504969,0.0,0.0,-0.0,0.0017453292519943296
0.006137069758334095,-1.071630657217918,0.0,-0.002695535357536882,0.00962974590644297,0.004363323129985824
-0.017007217358806663,1.6781524966402488,0.0,0.0,-0.0,-0.003665191429188092
-0.00017868990651288553,-2.2035664033191678,0.0,-0.002526246507137905,0.00962974590644297,-0.007504915783575617
-0.039627541900979044,0.8408700925315131,0.0,-0.007102119419715888,-0.012325667599917182,-0.0008726646259971648
-0.039627541900979044,0.8408700925315131,0.0,0.0001692888503989769,-0.0,-0.0008726646259971648
-0.002791123703443409,0.2722411955855307,0.0,0.0,-0.0,0.00034906585039886593
-0.02535358369078085,-0.8699955347325654,0.0,0.0,-0.0,0.0020943951023931952
-0.02535358369078085,-0.8699955347325654,0.0,-0.009459077076454814,-0.0026959216934742116,-0.003665191429188092
-0.005975368126715086,-0.7114049627585537,0.0,-0.0028648242079358584,0.00962974590644297,0.004537856055185257
-0.0010710494626353251,-0.474134209557606,0.0,0.0001692888503989769,-0.0,-0.00017453292519943296
-0.033602332503115465,0.9409297719333044,0.0,-0.009628365926853791,-0.0026959216934742116,0.0029670597283903604
-0.00316813627021419,0.5666211576846804,0.0,-0.002695535357536882,0.00962974590644297,0.0029670597283903604
-0.011026798507571173,-1.474800735046739,0.0,-0.002695535357536882,0.00962974590644297,-0.003665191429188092
0.005089292045000566,0.15178928330632416,0.0,-0.009459077076454814,-0.0026959216934742116,-0.003665191429188092
-0.012509352922655835,0.12798866189174443,0.0,-0.009628365926853791,-0.0026959216934742116,-0.0027925268031909274
0.03283804450891498,0.45644588108578843,0.0,0.0001692888503989769,-0.0,0.0013962634015954637
-0.00859300647112645,0.3379441508649303,0.0,0.0,-0.0,0.0013962634015954637
-0.015588210785416378,-1.2610450490987404,0.0,-0.002526246507137905,0.00962974590644297,-0.005061454830783556
0.008278367953307757,1.1456877287941913,0.0,-0.006763541718917934,-0.012325667599917182,0.003141592653589793
-0.017837722162725073,-0.4809022895588715,0.0,-0.002695535357536882,0.00962974590644297,0.003141592653589793
0.01053444829335155,0.3606147299012548,0.0,0.0001692888503989769,-0.0,-0.00017453292519943296
-0.011312723386307,-1.075157474299366,0.0,0.0,-0.0,0.0022689280275926286
0.005819350078916077,1.0345130126295934,0.0,-0.006932830569316911,-0.012325667599917182,-0.0054105206811824215
0.01435681388921931,-5.7557202953760736e-05,0.0,0.0,-0.0,0.0020943951023931952
0.009054517031842242,0.3019288859799534,0.0,0.0,-0.0,0.0020943951023931952
-0.017732235182359377,-1.1062546740995411,0.0,-0.002695535357536882,0.00962974590644297,0.004363323129985824
0.006105957165279129,-0.08082461043492034,0.0,-0.009628365926853791,-0.0026959216934742116,-0.003490658503988659
-0.002747182330099982,1.4034752305509706,0.0,-0.009628365926853791,-0.0026959216934742116,-0.004363323129985824
-0.01205313185499947,-0.2813540390785496,0.0,-0.002695535357536882,0.00962974590644297,0.006108652381980154
-0.028396681796421783,-1.3646361881249516,0.0,-0.002695535357536882,0.00962974590644297,0.0041887902047863905
0.0358871541938749,1.404896914224989,0.0,-0.006763541718917934,-0.012325667599917182,-0.005585053606381855
0.013003408994910154,-0.955957773053284,0.0,-0.002695535357536882,0.00962974590644297,0.004363323129985824
-0.012875062832971034,0.15698681541862317,0.0,0.0,-0.0,-0.0024434609527920616
-0.013988808073325885,0.7748754959563504,0.0,0.0,-0.0,-0.0013962634015954637
0.02763892062351007,-0.3373453798667621,0.0,-0.002526246507137905,0.00962974590644297,0.004537856055185257
-0.029074945584380632,-1.1261099676243216,0.0,-0.0001692888503989769,-0.0,0.0013962634015954637
-0.01370965825411315,1.8014295148650934,0.0,-0.006932830569316911,-0.012325667599917182,0.0066322511575784525
0.019662758641256585,-0.794434379717683,0.0,-0.002526246507137905,0.00962974590644297,0.0066322511575784525
0.008108633143875835,-0.5025542033265589,0.0,0.0,-0.0,0.0005235987755982988
0.008680392038726819,0.5843450188397585,0.0,0.0001692888503989769,-0.0,0.0012217304763960308
-0.014943278584100566,0.6805900083093485,0.0,0.0,-0.0,0.006108652381980154
-0.020808484732010038,-1.0755319863071557,0.0,-0.0026938548496199533,0.009630216286870436,0.006108652381980154
0.011061144289166392,-0.1455477428285578,0.0,0.0001692888503989769,-0.0,-0.003141592653589793
-0.037994610470013776,-0.49770990505398366,0.0,-0.0001692888503989769,-0.0,-0.003141592653589793
-0.007586689157085479,1.2911887334105163,0.0,-0.006763541718917934,-0.012325667599917182,-0.006283185307179586
-0.017517954948053596,0.013604768290936138,0.0,-0.002695535357536882,0.00962974590644297,0.003141592653589793
-0.012230512729531172,-1.2243566059009923,0.0,-0.002695535357536882,0.00962974590644297,-0.005759586531581287
-0.02416164998585031,0.7726129055134765,0.0,-0.006932830569316911,-0.012325667599917182,-0.005759586531581287
-0.019115950928962802,0.8251925356377231,0.0,0.0,-0.0,-0.0
0.004213861023219919,-1.70361240138724,0.0,-0.002695535357536882,0.00962974590644297,0.005934119456780721
-0.009333488123615803,1.6105075768957802,0.0,-0.006932830569316911,-0.012325667599917182,-0.006457718232379019
-0.02761619690691748,-1.0375690148661947,0.0,-0.002695535357536882,0.00962974590644297,-0.0019198621771937625
-0.018295315106356305,0.3868432138968839,0.0,-0.009459077076454814,-0.0026959216934742116,0.0005235987755982988
-0.004354142402968431,0.09153235997993887,0.0,0.0,-0.0,0.0010471975511965976
-0.007337718961256916,-0.4815462758396113,0.0,0.0,-0.0,0.0010471975511965976
-0.0036322984890515496,0.5140206110232657,0.0,-0.009628365926853791,-0.0026959216934742116,-0.0024434609527920616
0.04287204983305779,-0.06899568826803804,0.0,0.0001692888503989769,-0.0,0.0015707963267948964
0.015329513516527478,-0.16916243615630608,0.0,-0.0001692888503989769,-0.0,0.00034906585039886593
0.03262775275581081,0.9914562878499866,0.0,0.0001692888503989769,-0.0,0.0066322511575784525
0.008692689013423384,-1.560634717578455,0.0,-0.0026938548496199533,0.009630216286870436,0.0066322511575784525
0.018728120041544623,0.5213104352826959,0.0,-0.009628365926853791,-0.0026959216934742116,-0.0008726646259971648
0.004020376482404308,-0.2360494038106981,0.0,0.0,-0.0,-0.0008726646259971648
0.002039547599253826,0.8681006581902125,0.0,0.0001692888503989769,-0.0,-0.0022689280275926286
-0.02144745156180773,-0.4165362525436732,0.0,-0.002695535357536882,0.00962974590644297,0.0015707963267948964
0.02534373511906516,0.03557163824864425,0.0,0.0001692888503989769,-0.0,0.0015707963267948964
0.019286616021647503,-0.49994743748575826,0.0,0.0,-0.0,0.0017453292519943296
0.012310054028545438,0.48843676583381557,0.0,0.0,-0.0,0.0019198621771937625
-0.016796400331402804,-0.5147487128735568,0.0,0.0,-0.0,-0.0013962634015954637
0.027243562347292534,0.4606666551327717,0.0,0.0001692888503989769,-0.0,-0.0013962634015954637
-0.011487602931448836,0.3488802424559229,0.0,0.0,-0.0,0.0041887902047863905
-0.03090587333969842,-1.181027983019296,0.0,-0.0026938548496199533,0.009630216286870436,-0.004537856055185257
-0.02029337018936382,0.8174218240340936,0.0,-0.0069349813902539826,-0.012324457231569962,-0.004537856055185257
-0.006412286195424739,0.12645097627749882,0.0,0.0,-0.0,0.0019198621771937625
-0.010371689785581522,-0.9795228804622598,0.0,0.0,-0.0,0.0019198621771937625
-0.014457491799559453,1.6678306524536486,0.0,-0.0069349813902539826,-0.012324457231569962,-0.0054105206811824215
0.02045292343355091,-1.9034525916008427,0.0,-0.0025245659992209762,0.009630216286870436,0.006806784082777886
0.0027186799027763887,1.350535839605602,0.0,-0.006932830569316911,-0.012325667599917182,0.0024434609527920616
-0.004712648331267762,0.11033693298189905,0.0,0.0001692888503989769,-0.0,0.0024434609527920616
-0.03932039225897589,-0.3059942518810512,0.0,-0.0028631437000189303,0.009630216286870436,0.0006981317007977319
-0.021954868908189443,-0.41779775353129367,0.0,0.0,-0.0,-0.0022689280275926286
0.008219100954972563,0.04272014384516022,0.0,-0.00945954738947496,-0.0026942409446995257,-0.0022689280275926286
-0.018536204293050154,0.4914982099506103,0.0,-0.009628836239873935,-0.0026942409446995257,0.0015707963267948964
-0.001866885883186582,0.16777795035211435,0.0,0.0,-0.0,0.0015707963267948964
0.015406949620020016,-1.0000265437544407,0.0,-0.0026938548496199533,0.009630216286870436,0.002617993877991494
0.004960474770801451,0.34004973554257956,0.0,-0.009628365926853791,-0.0026959216934742116,-0.00471238898038469
-0.017374729562230476,0.7594594534957182,0.0,-0.009628365926853791,-0.0026959216934742116,-0.0022689280275926286
-0.007458735190707404,-0.31169663978543366,0.0,-0.0026938548496199533,0.009630216286870436,0.003141592653589793
-0.011930714983217666,0.241837275212696,0.0,0.0,-0.0,0.0027925268031909274
-0.015280138786171142,-0.5113009463743424,0.0,-0.0025245659992209762,0.009630216286870436,-0.0008726646259971648
-0.007300129329212328,0.17913145924069868,0.0,-0.00945954738947496,-0.0026942409446995257,-0.0008726646259971648
0.0038243345513215366,-0.44346536258630337,0.0,0.0,-0.0,-0.0027925268031909274
0.029545735222032472,0.7966822771172188,0.0,-0.009628836239873935,-0.0026942409446995257,0.0027925268031909274
-0.008670604187563234,-0.5045558521336396,0.0,-0.0026938548496199533,0.009630216286870436,0.0027925268031909274
-0.010006919230490897,0.17756739973621827,0.0,0.0,-0.0,0.0012217304763960308
0.0061638077608399755,-0.39761373772936615,0.0,0.0001692888503989769,-0.0,-0.0015707963267948964
0.031656544660550935,0.44128946204247066,0.0,-0.00945954738947496,-0.0026942409446995257,-0.0015707963267948964
-0.022222782406427916,-0.46972099970163955,0.0,-0.0001675437686898136,-0.0,-0.0015707963267948964
0.02058192615653185,0.7692318139064284,0.0,-0.00945954738947496,-0.0026942409446995257,-0.0015707963267948964
0.010542503370074369,-1.0379895151954015,0.0,-0.0026938627691233084,0.009630216286870436,0.003839724354387525
0.00709455531954889,0.2845266031138854,0.0,-0.009628864547115848,-0.0026942409446995257,-0.003665191429188092
-0.013878613679210521,0.6131749248505163,0.0,0.0001692888503989769,-0.0,-0.0013962634015954637
0.011301469421950745,-0.24503879311945545,0.0,0.0001692888503989769,-0.0,0.0029670597283903604
-0.005354208671615973,-0.22226341944871275,0.0,-0.0001675437686898136,-0.0,-0.00034906585039886593
-0.001074803891981596,-0.17128202677573381,0.0,0.0001675437686898136,-0.0,-0.0015707963267948964
0.0005805096245246966,-0.17128202677573381,0.0,-0.00945954738947496,-0.0026942409446995257,-0.0015707963267948964
0.005397270153768851,0.4360588413874758,0.0,0.0,-0.0,0.0006981317007977319
0.0035415871054089243,0.6668143502844766,0.0,-0.0026938548496199533,0.009630216286870436,0.00820304748437335
0.0035415871054089243,0.6668143502844766,0.0,-0.0026938548496199533,0.009630216286870436,0.00820304748437335
-0.02731578368844993,1.3901637233899966,0.0,-0.0069349813902539826,-0.012324457231569962,-0.005759586531581287
-0.011182067110865935,-0.07557547944769752,0.0,-0.0026938548496199533,0.009630216286870436,0.0041887902047863905
-0.003354123508201846,-1.7876457923364388,0.0,-0.0025245659992209762,0.009630216286870436,0.003665191429188092
-0.015191576293558426,1.975958221924705,0.0,-0.0069349813902539826,-0.012324457231569962,0.00471238898038469
-0.01756151990962339,-0.8721260877819921,0.0,-0.0026938548496199533,0.009630216286870436,-0.0015707963267948964
0.03981794897744065,0.17681016294336432,0.0,-0.00945954738947496,-0.0026942409446995257,-0.0015707963267948964
0.011992278251645982,-0.48805548645562025,0.0,0.0,-0.0,-0.0041887902047863905
-0.01842742864368184,1.0522643944108157,0.0,-0.009628836239873935,-0.0026942409446995257,0.003665191429188092
0.0015620226886522248,-0.3641754170707269,0.0,-0.0026938548496199533,0.009630216286870436,0.003665191429188092
0.0076054838009028455,-0.03855436150410348,0.0,0.0,-0.0,0.0006981317007977319
-0.010317591570046178,-0.584199623086257,0.0,0.0001692888503989769,-0.0,-0.003839724354387525
-0.01918228972458029,1.1604850987761033,0.0,-0.009628836239873935,-0.0026942409446995257,-0.003839724354387525
0.023090638747988206,-0.37100427517698936,0.0,-0.0026938627691233084,0.009630216286870436,0.0019198621771937625
0.03288948037576438,-0.23629205007167192,0.0,0.0,-0.0,0.0019198621771937625
-0.02274853282056543,-0.5008722020097316,0.0,0.0,-0.0,0.00017453292519943296
-0.02355726949673618,0.7332875802459418,0.0,-0.009461320778426036,-0.0026942409446995257,0.002617993877991494
0.019741627314222254,-0.9095010311626268,0.0,0.0001692888503989769,-0.0,0.002617993877991494
-0.005213785886469969,1.0602539006657454,0.0,-0.009628836239873935,-0.0026942409446995257,-0.0041887902047863905
-0.0481707994572628,-0.8096561554346884,0.0,-0.0026938627691233084,0.009630216286870436,-0.0019198621771937625
-0.0173954797899191,0.3183854241017315,0.0,-0.009628864547115848,-0.0026942409446995257,0.0005235987755982988
0.033912317139785514,0.1421103412971046,0.0,-0.00945954738947496,-0.0026942409446995257,0.0005235987755982988
0.008024338030906221,-0.3929882341080911,0.0,0.0,-0.0,-0.0015707963267948964
-0.03831479744247222,0.8214251216482552,0.0,-0.009628864547115848,-0.0026942409446995257,0.004537856055185257
-0.02128572034534558,-1.3569663293602756,0.0,-0.0025245659992209762,0.009630216286870436,0.004537856055185257
0.03530187642330752,1.041196355065698,0.0,-0.0067656925398550056,-0.012324457231569962,-0.0054105206811824215
-0.003691259090681397,0.10803272565795834,0.0,0.0,-0.0,0.0017453292519943296
-0.019522079758544524,-0.08240433755396004,0.0,-0.0001675437686898136,-0.0,0.0022689280275926286
0.007143585551371762,-0.7362532145280075,0.0,0.0,-0.0,-0.003490658503988659
0.023897806350086342,1.1874979726842934,0.0,-0.009461320778426036,-0.0026942409446995257,0.004886921905584123
-0.02942815259027621,-0.93448256309046,0.0,-0.0026938627691233084,0.009630216286870436,0.004886921905584123
-0.014566995433301241,0.6245026234278752,0.0,-0.00945954738947496,-0.0026942409446995257,0.0027925268031909274
0.010173821926895676,-0.794487509688581,0.0,-0.0026921742596435223,0.009630686373944737,-0.0029670597283903604
0.03198002163409786,0.467276718587734,0.0,-0.00945954738947496,-0.0026942409446995257,-0.0029670597283903604
-0.042154258967514825,-0.005475116880579512,0.0,-0.0001675437686898136,-0.0,0.00034906585039886593
-0.00966005713076754,0.2877726639351931,0.0,-0.009461320778426036,-0.0026942409446995257,0.0022689280275926286
0.02427311877787953,0.09237336063835257,0.0,0.0,-0.0,0.0022689280275926286
-0.015517272934782578,-1.2433799735542526,0.0,-0.002692182174206211,0.009630686373944737,0.0027925268031909274
-0.018600850926939288,0.8112989358005043,0.0,-0.0067656925398550056,-0.012324457231569962,-0.006108652381980154
-0.009924396075407632,0.18702011265667498,0.0,-0.009628864547115848,-0.0026942409446995257,-0.00034906585039886593
0.012252209222363414,0.40589919820313974,0.0,0.0,-0.0,0.0041887902047863905
0.0023745402633629565,-0.699783347287414,0.0,-0.0025246384055163974,0.009630686373944737,-0.0008726646259971648
-0.008601140660744175,-0.1395427964073153,0.0,-0.009629306259582953,-0.0026925601138535764,-0.0008726646259971648
0.0020391516231150764,0.08165914673027538,0.0,-0.009796408315805662,-0.0026942409446995257,-0.0022689280275926286
0.028999312803200332,0.19923171117706637,0.0,-0.009628864547115848,-0.0026942409446995257,0.00017453292519943296
-0.006874359853213807,-0.09557487854511201,0.0,0.0,-0.0,0.00017453292519943296
-0.03461264880613939,1.0409108855222315,0.0,-0.009628864547115848,-0.0026942409446995257,0.007155849933176752
0.011516719908137601,-1.706135403362481,0.0,-0.002692182174206211,0.009630686373944737,-0.005235987755982988
0.026129631284185252,0.5928558782628482,0.0,-0.0067656925398550056,-0.012324457231569962,-0.005235987755982988
-0.045167591436418394,0.31377700945384995,0.0,-0.009796408315805662,-0.0026942409446995257,0.0013962634015954637
-0.0016109789800524189,0.2879743696130997,0.0,-0.009461320778426036,-0.0026942409446995257,0.0013962634015954637
0.021705763024786988,-1.1102318079534155,0.0,-0.002692182174206211,0.009630686373944737,0.0033161255787892262
0.027242790420250705,1.0255540790194857,0.0,-0.009628864547115848,-0.0026942409446995257,0.0029670597283903604
-0.010315320190020138,-0.8295717906665432,0.0,0.0001692888503989769,-0.0,-0.003490658503988659
-0.018073854439859226,0.48014321887101846,0.0,-0.009796408315805662,-0.0026942409446995257,-0.003490658503988659
-0.012704285880642829,0.1498143780085679,0.0,-0.009628864547115848,-0.0026942409446995257,0.0015707963267948964
0.01974789194101355,0.26639382203781126,0.0,-0.00945954738947496,-0.0026942409446995257,0.0015707963267948964
-0.053597065210147704,-1.445350404646773,0.0,-0.0028597259428960247,0.009630686373944737,0.0029670597283903604
-0.004870169801444663,1.2555523511236326,0.0,-0.006935001777992541,-0.012324457231569962,0.0020943951023931952
0.03280882948084126,0.02864192730342853,0.0,-0.009628864547115848,-0.0026942409446995257,0.0020943951023931952
0.01624641403880216,0.47276031184081624,0.0,0.0,-0.0,0.0054105206811824215
-0.052773332968823944,-0.941324025396605,0.0,-0.002692182174206211,0.009630686373944737,0.0054105206811824215
-0.007266550928496601,0.22192219562728788,0.0,-0.009461790799516836,-0.0026925601138535764,-0.0010471975511965976
0.01642273053452901,-0.6696266202232334,0.0,-0.00962933456820665,-0.0026925601138535764,0.00034906585039886593
-0.013350213200188716,1.09247425601919,0.0,-0.009461320778426036,-0.0026942409446995257,-0.004537856055185257
-0.041957491173048825,-0.9092480585645394,0.0,-0.002692182174206211,0.009630686373944737,0.0033161255787892262
0.013359338457763614,0.6760482685536331,0.0,-0.00945954738947496,-0.0026942409446995257,0.0013962634015954637
0.02485805620541314,-0.11304913112891668,0.0,-0.009628864547115848,-0.0026942409446995257,0.0006981317007977319
-0.025778171672694156,-0.5483220643179364,0.0,-0.00962933456820665,-0.0026925601138535764,0.0006981317007977319
-0.015335440274238782,0.9641268530085023,0.0,-0.009628864547115848,-0.0026942409446995257,-0.003141592653589793
0.014751200496987183,-0.2634604257482328,0.0,-0.002692182174206211,0.009630686373944737,0.0015707963267948964
-0.0004251519076002741,0.15899085784544978,0.0,0.0,-0.0,0.003141592653589793
0.00345803066827706,-0.4218280945760969,0.0,-0.0025228854092445457,0.009630686373944737,-0.00034906585039886593
-0.04013023026510808,-0.8846402448192434,0.0,-0.009796878336896462,-0.0026925601138535764,-0.0066322511575784525
0.020461972699966274,1.7793982704791973,0.0,-0.006935001777992541,-0.012324457231569962,-0.0066322511575784525
0.01274705274738101,-1.3978728031056844,0.0,-0.002692182174206211,0.009630686373944737,0.006108652381980154
-0.007520830457735361,0.5834031653423916,0.0,-0.009461790799516836,-0.0026925601138535764,0.00017453292519943296
-0.010090261275857137,-0.05537858617065981,0.0,-0.00962933456820665,-0.0026925601138535764,0.00017453292519943296
0.015298854320924104,-0.2604622745143675,0.0,-0.00962933456820665,-0.0026925601138535764,-0.0020943951023931952
0.012054145023405155,0.3853738714966752,0.0,-0.009628864547115848,-0.0026942409446995257,0.0006981317007977319
-0.018039083245497762,-0.10850953591157025,0.0,-0.009628864547115848,-0.0026942409446995257,-0.00017453292519943296
-0.012525749946534931,-0.2566362075843655,0.0,-0.009628864547115848,-0.0026942409446995257,-0.00017453292519943296
0.04097429952021477,0.577837605627249,0.0,-0.009628864547115848,-0.0026942409446995257,0.0022689280275926286
-0.005496071476178083,0.0011598027429163317,0.0,0.0,-0.0,0.0022689280275926286
-0.032442544345132815,-0.1363227114352105,0.0,0.0,-0.0,0.0013962634015954637
-0.007665686960661977,-0.6380407541981239,0.0,-0.00962933456820665,-0.0026925601138535764,-0.0033161255787892262
-0.0059780798755989795,0.5119181093772316,0.0,-0.009628864547115848,-0.0026942409446995257,-0.0033161255787892262
0.006472468312624446,-0.12176384076828195,0.0,-0.00945954738947496,-0.0026942409446995257,-0.00017453292519943296
-0.010055621334798634,0.23717759364463384,0.0,-0.009628836239873935,-0.0026942409446995257,0.0012217304763960308
-0.008006785043279629,-0.32881921147056653,0.0,-0.00962933456820665,-0.0026925601138535764,0.0012217304763960308
0.029802744685052705,0.44041402004314145,0.0,-0.009628836239873935,-0.0026942409446995257,0.0022689280275926286
-0.014517968650606833,-0.5202323061266391,0.0,0.0,-0.0,-0.0013962634015954637
-0.023526966323849385,-0.12692778653111067,0.0,-0.009460017409183976,-0.0026925601138535764,-0.0013962634015954637
-0.024020564355542152,1.1524955925211737,0.0,-0.009796408315805662,-0.0026942409446995257,-0.002617993877991494
0.005340081949210429,-1.9934938344012303,0.0,-0.002692182174206211,0.009630686373944737,-0.008552113334772215
1.4095879052133942e-05,1.706427647101667,0.0,-0.006935001777992541,-0.012324457231569962,-0.008552113334772215
-0.02682427980338713,-0.9730144209004804,0.0,-0.0026938627691233084,0.009630216286870436,-0.0033161255787892262
-0.02682427980338713,-0.9730144209004804,0.0,-0.009628864547115848,-0.0026942409446995257,-0.0033161255787892262
0.038407001508533344,0.41303217612005383,0.0,-0.009628864547115848,-0.0026942409446995257,0.00017453292519943296
-0.030889561042920573,-0.047357026988935846,0.0,-0.0026938627691233084,0.009630216286870436,0.0029670597283903604
-0.006823088004134905,-0.7375366206168695,0.0,-0.0025228854092445457,0.009630686373944737,0.0029670597283903604
0.016160681969333936,1.0336444381133687,0.0,-0.009628836239873935,-0.0026942409446995257,-0.0027925268031909274
0.012029578586424455,-0.77821948358313,0.0,-0.0026921742596435223,0.009630686373944737,0.004537856055185257
-0.007163912549503092,-0.2526906129666796,0.0,-0.009629306259582953,-0.0026925601138535764,-0.0029670597283903604
-0.011030556096890099,0.4794045532425657,0.0,-0.009628864547115848,-0.0026942409446995257,0.0006981317007977319
0.030788817064551704,-0.11323217329013144,0.0,-0.009628864547115848,-0.0026942409446995257,0.0006981317007977319
0.0027038907416608417,0.4785806415575456,0.0,-0.009628864547115848,-0.0026942409446995257,0.003665191429188092
0.006203379475644515,-0.9331499024371623,0.0,-0.0025228854092445457,0.009630686373944737,-0.0033161255787892262
-0.007118460336403608,0.39977787126334213,0.0,-0.009628836239873935,-0.0026942409446995257,-0.0033161255787892262
0.028177821040973664,0.8184645303704139,0.0,-0.009628836239873935,-0.0026942409446995257,0.0054105206811824215
-0.004953881672142885,-1.7172872065731586,0.0,-0.002692182174206211,0.009630686373944737,0.0054105206811824215
-0.044991400585492114,1.3402250370533382,0.0,-0.006935001777992541,-0.012324457231569962,-0.007155849933176752
-0.01722668080128221,-0.872244029594339,0.0,-0.0026938627691233084,0.009630216286870436,-0.003490658503988659
0.037390513644535765,1.141124994659196,0.0,-0.009628864547115848,-0.0026942409446995257,0.004886921905584123
-0.009820324369618183,-0.04969278043062988,0.0,-0.002692182174206211,0.009630686373944737,0.004886921905584123
-0.030818178738883772,-1.5462940113437076,0.0,-0.0026921742596435223,0.009630686373944737,-0.006981317007977318
-0.023684083474539326,0.9131283713621299,0.0,-0.006935001777992541,-0.012324457231569962,-0.0
0.015555922055674382,0.17566660376809076,0.0,-0.009628864547115848,-0.0026942409446995257,-0.0
-0.027867795483702346,0.03695108104861165,0.0,-0.009628864547115848,-0.0026942409446995257,0.0012217304763960308
-0.03651349571726911,-0.22157851563987643,0.0,-0.00962933456820665,-0.0026925601138535764,0.00017453292519943296
0.013776963135802334,0.8851120723281624,0.0,-0.00962933456820665,-0.0026925601138535764,0.00017453292519943296
0.0018297904391927355,-1.531862478463315,0.0,-0.002692182174206211,0.009630686373944737,-0.004537856055185257
-0.021892048671543797,0.987691960417478,0.0,-0.00962933456820665,-0.0026925601138535764,-0.004537856055185257
-0.00883350021486147,-0.29211891244530325,0.0,-0.009460017409183976,-0.0026925601138535764,0.0027925268031909274
-0.014098165199895218,-0.015348487993529423,0.0,-0.00962933456820665,-0.0026925601138535764,0.00034906585039886593
0.0579497200142666,0.41205614467589974,0.0,-0.009460017409183976,-0.0026925601138535764,0.00034906585039886593
-0.03710402885309668,-0.5983665675312613,0.0,-0.0028597259428960247,0.009630686373944737,0.0027925268031909274
0.012605239373884648,-0.4139306489615683,0.0,-0.009460017409183976,-0.0026925601138535764,-0.00471238898038469
0.008904273135587526,0.39752406745729985,0.0,-0.009796878336896462,-0.0026925601138535764,-0.0013962634015954637
0.03426574189409829,0.11590535034008004,0.0,-0.009460017409183976,-0.0026925601138535764,-0.0013962634015954637
-0.04106397342451702,-0.03778455522523926,0.0,-0.00962933456820665,-0.0026925601138535764,-0.0010471975511965976
-0.008159931579783355,0.4301808209869188,0.0,-0.00945954738947496,-0.0026942409446995257,0.0019198621771937625
0.033708051508970265,0.17932688601154287,0.0,-0.01232151674241286,0.006938126260091161,0.003141592653589793
0.0023330729858159205,-0.0993480225863194,0.0,-0.002692182174206211,0.009630686373944737,0.0027925268031909274
-0.017966281183115208,-0.9308378678220274,0.0,-0.002692182174206211,0.009630686373944737,0.0027925268031909274
-0.017048425599300053,0.4526820731918047,0.0,-0.00962933456820665,-0.0026925601138535764,-0.0006981317007977319
0.04735642609961537,0.563776669141379,0.0,-0.009461790799516836,-0.0026925601138535764,0.0033161255787892262
-0.01411578789670293,0.18477072099633882,0.0,-0.002692182174206211,0.009630686373944737,0.0033161255787892262
-0.04295985847385578,-1.5488547107102286,0.0,-0.002692182174206211,0.009630686373944737,0.004537856055185257
0.00232283308047031,1.1967571465632105,0.0,-0.0069371523940004376,-0.012323246487798313,0.0020943951023931952
0.010882650019122059,-0.8069314477815408,0.0,-0.002692182174206211,0.009630686373944737,0.0020943951023931952
-0.0034524917647875742,0.5217179732509647,0.0,-0.00962933456820665,-0.0026925601138535764,-0.0
-0.03408340698805516,0.28995005320896267,0.0,-0.00962933456820665,-0.0026925601138535764,-0.0
0.02103770638384873,-0.07757268264713561,0.0,-0.01232151674241286,0.006938126260091161,0.0022689280275926286
0.03733198448504596,-0.14147190344990973,0.0,-0.009629306259582953,-0.0026925601138535764,0.0017453292519943296
-0.04088956061533609,-0.047357026988935846,0.0,-0.00962933456820665,-0.0026925601138535764,0.0006981317007977319
-0.024309244235960963,-0.22086511613248783,0.0,-0.009460017409183976,-0.0026925601138535764,0.0006981317007977319
0.0006160216015025644,0.19662001760771014,0.0,-0.009796878336896462,-0.0026925601138535764,0.00034906585039886593
-0.0009743831352854671,-0.46795024227223575,0.0,-0.00962933456820665,-0.0026925601138535764,-0.0029670597283903604
-0.03395639355390989,0.43538894159563746,0.0,-0.00962933456820665,-0.0026925601138535764,-0.0029670597283903604
-0.024681847272700903,-0.05184549171110921,0.0,-0.00962933456820665,-0.0026925601138535764,0.00034906585039886593
0.039830847874097526,-0.030547836903236713,0.0,-0.00962933456820665,-0.0026925601138535764,-0.0
0.007776602724485059,-0.29050281489015456,0.0,-0.009460017409183976,-0.0026925601138535764,-0.0
-0.047853657036267525,0.01527966782280556,0.0,-0.00962933456820665,-0.0026925601138535764,-0.0022689280275926286
-0.011385260236035371,1.072373942229174,0.0,-0.009628864547115848,-0.0026942409446995257,0.005585053606381855
0.01923438349595037,-0.8527598533453444,0.0,-0.002692182174206211,0.009630686373944737,-0.0006981317007977319
-0.010010018465241721,0.7855596172615492,0.0,-0.00962933456820665,-0.0026925601138535764,-0.0006981317007977319
-0.04000383134636715,-1.2211790308700463,0.0,-0.002692182174206211,0.009630686373944737,0.004886921905584123
0.032074204870890015,0.5956084223547274,0.0,-0.00962933456820665,-0.0026925601138535764,-0.004014257279586958
0.025690724192996877,-0.25609959385903486,0.0,-0.00962933456820665,-0.0026925601138535764,0.00034906585039886593
-0.021268687696866385,1.057658534829935,0.0,-0.00962933456820665,-0.0026925601138535764,0.006108652381980154
-0.007574372651412425,-1.2501384169163698,0.0,-0.002692182174206211,0.009630686373944737,-0.003141592653589793
0.03213932353821441,0.025270896123794153,0.0,-0.00962933456820665,-0.0026925601138535764,-0.003141592653589793
0.005330208830484795,0.40858852320894967,0.0,-0.00962933456820665,-0.0026925601138535764,0.00017453292519943296
-0.033392046409186804,0.5869323922596342,0.0,-0.00962933456820665,-0.0026925601138535764,0.004363323129985824
0.021865332990335523,-0.6910483885983013,0.0,-0.002692182174206211,0.009630686373944737,0.004363323129985824
0.007410117842844344,0.0734930828855498,0.0,-0.00962933456820665,-0.0026925601138535764,-0.00017453292519943296
-0.005360792760432326,-0.6690900064979027,0.0,-0.00962933456820665,-0.0026925601138535764,-0.005061454830783556
-0.0011777424539733071,1.4932618004825706,0.0,-0.00962933456820665,-0.0026925601138535764,-0.005061454830783556
-0.02050503530267995,-1.4626435362429402,0.0,-0.002692182174206211,0.009630686373944737,-0.00471238898038469
0.032416739831396604,0.9117357049327921,0.0,-0.00962933456820665,-0.0026925601138535764,-0.00471238898038469
0.00024281924637660767,-0.13961383513952716,0.0,0.0,-0.0,0.0015707963267948964
-0.0374199144403977,0.20152098248801867,0.0,-0.00962933456820665,-0.0026925601138535764,0.0020943951023931952
-0.005205811902399465,-0.34840907422448864,0.0,-0.0028597259428960247,0.009630686373944737,-0.0
0.030399608075996343,0.05093290208664454,0.0,-0.009461790799516836,-0.0026925601138535764,-0.0
-0.060402388668707604,0.2140899349859353,0.0,-0.00962933456820665,-0.0026925601138535764,0.0019198621771937625
0.01994653012445945,-0.02026196563215147,0.0,-0.009461790799516836,-0.0026925601138535764,0.0013962634015954637
0.02730279746956387,-0.967688443103723,0.0,-0.00962933456820665,-0.0026925601138535764,0.0013962634015954637
-0.04625649825952313,1.23534793296725,0.0,-0.00962933456820665,-0.0026925601138535764,0.003839724354387525
-0.01720548590281225,-1.059048809585711,0.0,-0.0025246384055163974,0.009630686373944737,-0.004014257279586958
0.010533279809785984,0.9670767528285118,0.0,-0.00962933456820665,-0.0026925601138535764,-0.004014257279586958
-0.034129557086332515,-0.3607360559671713,0.0,-0.002692182174206211,0.009630686373944737,0.0005235987755982988
-0.00688264528592406,0.1528211105949517,0.0,-0.00962933456820665,-0.0026925601138535764,0.0013962634015954637
-0.005292345370870266,-0.8540750515512399,0.0,-0.00962933456820665,-0.0026925601138535764,-0.004363323129985824
0.005753607126859328,0.21946858499755523,0.0,-0.00962933456820665,-0.0026925601138535764,-0.004363323129985824
-0.002185548597724768,1.3206037371719161,0.0,-0.00962933456820665,-0.0026925601138535764,0.0066322511575784525
-0.010977449465052918,-1.4187919570153193,0.0,-0.0025246384055163974,0.009630686373944737,0.0066322511575784525
0.006421219720469417,0.7015600826687592,0.0,-0.00962933456820665,-0.0026925601138535764,0.0010471975511965976
-0.0005688007266807238,-0.026537057312374702,0.0,-0.009796878336896462,-0.0026925601138535764,0.0012217304763960308
0.0072761849993378865,-0.27716153429083,0.0,-0.00962933456820665,-0.0026925601138535764,0.0012217304763960308
-0.02694318509908345,0.3028136486769759,0.0,-0.00962933456820665,-0.0026925601138535764,0.0012217304763960308
-0.015728953306876726,-0.5348986160240925,0.0,-0.00962933456820665,-0.0026925601138535764,-0.002617993877991494
0.013216932025189476,0.8787128670807438,0.0,-0.00962933456820665,-0.0026925601138535764,-0.002617993877991494
-0.0114579631120371,-0.909533956634998,0.0,-0.002692182174206211,0.009630686373944737,0.003665191429188092
0.0016606204283240666,0.40439470145687295,0.0,-0.009461790799516836,-0.0026925601138535764,-0.0
-0.017367937921535025,-0.3738353658112618,0.0,-0.00962933456820665,-0.0026925601138535764,-0.0
0.006117190101892262,0.5056221826726541,0.0,-0.009461790799516836,-0.0026925601138535764,0.0010471975511965976
0.006117190101892262,0.5056221826726541,0.0,-0.00962933456820665,-0.0026925601138535764,0.0010471975511965976
-0.009025174412091257,-0.5531408615037258,0.0,-0.002692182174206211,0.009630686373944737,0.003490658503988659
8.685107647121159e-05,-0.22008653165192316,0.0,-0.00962933456820665,-0.0026925601138535764,-0.00034906585039886593
-0.005167665120836884,0.5524764990136518,0.0,-0.009796878336896462,-0.0026925601138535764,-0.0020943951023931952
-0.012488957263464833,-0.22151958704585709,0.0,-0.012153972973723047,0.006938126260091161,0.0020943951023931952
0.007435578486961974,-0.026543313691531435,0.0,-0.00962933456820665,-0.0026925601138535764,-0.00017453292519943296
-0.004236773065463145,0.26954884006969354,0.0,-0.00962933456820665,-0.0026925601138535764,-0.00017453292519943296
-0.023303905531175385,-0.4937952903963009,0.0,-0.01232151674241286,0.006938126260091161,-0.0015707963267948964
0.013228622624508652,0.2331696935401524,0.0,-0.00962933456820665,-0.0026925601138535764,-0.00017453292519943296
-0.02782569046754897,0.19052171170954488,0.0,-0.009796878336896462,-0.0026925601138535764,-0.00017453292519943296
0.00492060199733983,0.14934261075918034,0.0,-0.009461790799516836,-0.0026925601138535764,0.0024434609527920616
0.009740751588692947,-1.090047792151488,0.0,-0.012489060511102674,0.006938126260091161,-0.0054105206811824215
-0.0025669873302911596,0.7557928923452035,0.0,-0.00962933456820665,-0.0026925601138535764,-0.0054105206811824215
0.009192688089117457,-0.22556074719020114,0.0,-0.00962933456820665,-0.0026925601138535764,-0.0013962634015954637
0.0017824958858913165,0.29461530371319394,0.0,-0.00962933456820665,-0.0026925601138535764,-0.0013962634015954637
-0.019073560671414976,-0.15792126559233635,0.0,-0.00962933456820665,-0.0026925601138535764,-0.00017453292519943296
0.010542789685174941,-0.08714778298758194,0.0,-0.00962933456820665,-0.0026925601138535764,-0.0006981317007977319
0.01907973813680718,0.2596829057438956,0.0,-0.00962933456820665,-0.0026925601138535764,0.0008726646259971648
-0.008438519565185081,-0.4299922630782916,0.0,-0.009796878336896462,-0.0026925601138535764,0.0008726646259971648
0.005418397516421885,-0.10492673862661545,0.0,-0.00962933456820665,-0.0026925601138535764,-0.0024434609527920616
0.005164262720119583,1.0587317622805963,0.0,-0.00962933456820665,-0.0026925601138535764,-0.0024434609527920616
-0.01790520835876212,-0.3251354939181949,0.0,-0.0028597259428960247,0.009630686373944737,0.005061454830783556
0.019095147306461148,-1.1083504801772845,0.0,-0.012153972973723047,0.006938126260091161,-0.0054105206811824215
-0.02442916627664963,1.2599367114794393,0.0,-0.007104696162690252,-0.012323246487798313,0.004014257279586958
0.003111587558407669,-0.6428851304305649,0.0,-0.002692182174206211,0.009630686373944737,0.004014257279586958
-0.01876880570585105,0.3632976322082381,0.0,-0.00962933456820665,-0.0026925601138535764,0.0017453292519943296
-0.02879390736201747,-0.31736216187086164,0.0,-0.00962933456820665,-0.0026925601138535764,-0.00034906585039886593
-0.001219943304760379,-0.11825725173763532,0.0,-0.00962933456820665,-0.0026925601138535764,-0.00034906585039886593
-0.016461317781191205,0.6593246009962869,0.0,-0.00962933456820665,-0.0026925601138535764,0.0033161255787892262
-0.008580002754203554,-0.44695348681361663,0.0,-0.01232151674241286,0.006938126260091161,-0.00017453292519943296
-0.02674917496934968,-0.387294503598625,0.0,-0.009796878336896462,-0.0026925601138535764,-0.00017453292519943296
0.00033449069142540424,0.6212704283175778,0.0,-0.009461790799516836,-0.0026925601138535764,0.0015707963267948964
-0.005167306560470037,-0.22821969164252906,0.0,-0.00962933456820665,-0.0026925601138535764,-0.00017453292519943296
-0.005377786705734239,0.07151715738712844,0.0,-0.00962933456820665,-0.0026925601138535764,-0.00017453292519943296
-0.013397813992439578,-0.2087738487658825,0.0,-0.00962933456820665,-0.0026925601138535764,-0.0010471975511965976
0.018254842788782755,0.3908766350754905,0.0,-0.00962933456820665,-0.0026925601138535764,0.0015707963267948964
-0.02240450281288895,-0.9069035602232075,0.0,-0.01232151674241286,0.006938126260091161,-0.004886921905584123
0.004605944268366085,1.1374053190766291,0.0,-0.00962933456820665,-0.0026925601138535764,0.003141592653589793
0.02263818565657763,-0.35882531544192603,0.0,-0.01232151674241286,0.006938126260091161,0.00034906585039886593
-0.016398637119712966,-0.32136668508256694,0.0,-0.009796878336896462,-0.0026925601138535764,0.00034906585039886593
0.027920774099507467,0.7153201198053758,0.0,-0.009461790799516836,-0.0026925601138535764,-0.0015707963267948964
0.002603368452421667,-0.8743584075024704,0.0,-0.002692182174206211,0.009630686373944737,-0.0029670597283903604
-0.0020715798613912097,1.24581684639955,0.0,-0.00962933456820665,-0.0026925601138535764,-0.0029670597283903604
0.016634923338652574,-0.8842907072094397,0.0,-0.002692182174206211,0.009630686373944737,-0.00017453292519943296
-0.012026626290870418,-1.206221652715573,0.0,-0.00962933456820665,-0.0026925601138535764,-0.00890117918517108
-0.0009755275903095883,2.009213649080407,0.0,-0.0069371523940004376,-0.012323246487798313,-0.00890117918517108
0.007057238155257967,-0.6179954525691225,0.0,-0.0028597259428960247,0.009630686373944737,0.005585053606381855
-0.013099087719845299,0.08222804157466236,0.0,-0.00962933456820665,-0.0026925601138535764,0.0020943951023931952
-0.004654542611458234,-1.3411052586627632,0.0,-0.01232151674241286,0.006938126260091161,0.0020943951023931952
-0.005764287497304521,1.9672201381631689,0.0,-0.0069371523940004376,-0.012323246487798313,0.0066322511575784525
-0.006851619330937813,-0.6077685098920567,0.0,-0.002692182174206211,0.009630686373944737,0.0022689280275926286
-0.006690609779935392,-0.05687057015861309,0.0,-0.01232151674241286,0.006938126260091161,0.0022689280275926286
-0.011923989593489216,-1.4161615606035287,0.0,-0.00962933456820665,-0.0026925601138535764,0.0020943951023931952
-0.024391019495087048,2.1608222847175798,0.0,-0.0069371523940004376,-0.012323246487798313,0.007504915783575617
-0.0021692882256628353,-1.6319578036344153,0.0,-0.002692182174206211,0.009630686373944737,0.007504915783575617
-0.020094935442749685,0.580173359068943,0.0,-0.00962933456820665,-0.0026925601138535764,-0.00034906585039886593
-0.0003789052138419513,0.5944700099308902,0.0,-0.00962933456820665,-0.0026925601138535764,0.004014257279586958
-0.011707469942041132,-0.46312802522007085,0.0,-0.01232151674241286,0.006938126260091161,0.004014257279586958
-0.006663436476958373,-0.07183420469224312,0.0,-0.00962933456820665,-0.0026925601138535764,-0.00017453292519943296
-0.008086637600369706,-0.3055717938535098,0.0,-0.009796878336896462,-0.0026925601138535764,-0.0020943951023931952
-0.004249092416288064,0.3746040587151219,0.0,-0.00962933456820665,-0.0026925601138535764,-0.0020943951023931952
-0.014171915935440043,0.26470054740424753,0.0,-0.00962933456820665,-0.0026925601138535764,0.0024434609527920616
0.015095613485757785,-0.21254265760151048,0.0,-0.01232151674241286,0.006938126260091161,0.0010471975511965976
-0.0015458378223230807,-0.5290360245020046,0.0,-0.009460017409183976,-0.0026925601138535764,0.0010471975511965976
0.004606468056574536,-0.598614794665652,0.0,-0.009629306259582953,-0.0026925601138535764,-0.0029670597283903604
0.027404918463426752,1.8400234952561272,0.0,-0.007104696162690252,-0.012323246487798313,0.005934119456780721
-0.02075585237693197,-1.186477398325591,0.0,-0.0028597259428960247,0.009630686373944737,-0.0024434609527920616
0.009853535450717672,0.026320631006094174,0.0,-0.00962933456820665,-0.0026925601138535764,-0.0022689280275926286
-0.003478939720777852,0.861962605589064,0.0,-0.00962933456820665,-0.0026925601138535764,0.004014257279586958
-0.00995498256011138,-0.725628395411479,0.0,-0.01232151674241286,0.006938126260091161,0.004014257279586958
0.020046108290741937,0.7056297908536405,0.0,-0.00962933456820665,-0.0026925601138535764,0.003665191429188092
-0.012537545367588315,-1.2825594560699118,0.0,-0.0028597259428960247,0.009630686373944737,-0.005235987755982988
0.021127403205152485,1.1637280523320053,0.0,-0.00962933456820665,-0.0026925601138535764,-0.005235987755982988
0.012768790205430841,-0.39352317944314247,0.0,-0.012489060511102674,0.006938126260091161,-0.0
-0.02446606378145396,-0.4466463310852066,0.0,-0.00962933456820665,-0.0026925601138535764,-0.0027925268031909274
0.030270358053220175,0.9513997187874932,0.0,-0.009461790799516836,-0.0026925601138535764,-0.0027925268031909274
-0.011303872970395834,-0.5638517456912596,0.0,-0.002692182174206211,0.009630686373944737,-0.00017453292519943296
-0.020504205133958887,0.5341038835876666,0.0,-0.00962933456820665,-0.0026925601138535764,0.003665191429188092
0.018988823326475484,-0.5030668628107441,0.0,-0.01232151674241286,0.006938126260091161,0.003665191429188092
0.02840748180886598,0.08599685041029038,0.0,-0.00962933456820665,-0.0026925601138535764,0.0012217304763960308
0.0619311752943087,-0.9361049170247653,0.0,-0.00962933456820665,-0.0026925601138535764,0.0012217304763960308
0.09043570453829156,1.253769496967852,0.0,-0.007104696162690252,-0.012323246487798313,-0.005585053606381855
0.07833193038668998,0.5827980483086717,0.0,-0.002692182174206211,0.009630686373944737,0.008377580409572781
0.1063001258817146,-0.8851282202840236,0.0,-0.002690501497280552,0.009631156167651556,0.0019198621771937625
0.11082155225772139,-0.7887490317336884,0.0,0.0,-0.0,-0.0041887902047863905
0.06429199469149276,-0.34966534383636466,0.0,0.0025229577285907382,-0.009631156167651556,-0.006457718232379019
0.12375897717519847,1.8659274719742114,0.0,0.0028597259428960247,-0.009630686373944737,0.006806784082777886
0.1037089310060172,-1.7323477717756128,0.0,-0.002690501497280552,0.009631156167651556,-0.005759586531581287
0.11109798946528422,2.2245973919531585,0.0,0.002692182174206211,-0.009630686373944737,0.010122909661567111
0.12800610633679238,-1.8817385111591303,0.0,0.006939302798690593,0.012322035368639107,0.010122909661567111
0.1146090487020222,0.5509782586465418,0.0,0.002690509324944971,-0.009631156167651556,-0.003665191429188092
0.14512189163313347,0.22898638171179758,0.0,0.0,-0.0,0.0019198621771937625
0.14809470094487745,-0.46408696769083135,0.0,0.009629832312635148,0.0026908792009875523,-0.0015707963267948964
0.12498030331976834,-0.45734187345012856,0.0,0.009629832312635148,0.0026908792009875523,-0.0015707963267948964
0.15220151236936327,1.3225469342532579,0.0,0.012321552590264382,-0.006938126260091161,0.004537856055185257
0.14221400613297666,-0.6691748675328224,0.0,0.009629860035957685,0.0026908792009875523,-0.0005235987755982988
0.16714684655658502,0.4632067460814062,0.0,0.009629860035957685,0.0026908792009875523,-0.0005235987755982988
0.18583593986610686,-0.3035369397610691,0.0,0.009629860035957685,0.0026908792009875523,0.0008726646259971648
0.21296664110151034,-0.28564270834800426,0.0,0.01942377366192899,0.005381758401975105,-0.0019198621771937625
0.22386076696982957,0.343010326820421,0.0,0.02178799117312369,-0.004249397765676451,-0.0019198621771937625
0.22386076696982957,0.343010326820421,0.0,0.019259774931875823,0.005381758401975105,0.0008726646259971648
0.28385618713831523,-0.8662561721464902,0.0,0.01942208342502873,0.005381758401975105,0.005235987755982988
0.3255885759755065,-0.2052758785493203,0.0,0.021950299666276596,-0.004249397765676451,-0.0012217304763960308
0.30834911536441917,0.5027679549736348,0.0,0.031419712732568654,-0.0015585185646888996,-0.0029670597283903604
0.3842745778667494,0.004034113558132502,0.0,0.03174083951526464,-0.0015585185646888996,0.0013962634015954637
0.4248862946523675,0.41838073858739566,0.0,0.04137075411783964,0.0011323606362986535,0.0013962634015954637
0.4346334697886746,-1.3982933034348912,0.0,0.03851976578347239,0.01076351680395021,-0.005934119456780721
0.5149263794421426,1.2730322367530797,0.0,0.04390084541552098,-0.008498795531352903,0.003490658503988659
0.534117717284979,-0.34577425542458,0.0,0.05099906533001682,0.0038232398372862048,0.0008726646259971648
0.5980630829809422,0.04806609687640272,0.0,0.05084038721298044,0.0038232398372862048,0.0008726646259971648
0.6524948544583595,-0.4704828767977418,0.0,0.06047035520879685,0.006514119038273756,-0.0020943951023931952
0.7019128144176466,1.3113136735287,0.0,0.06316107465414217,-0.0031170371293777993,0.007330382858376184
0.7219505584102368,-0.34003988299985094,0.0,0.070102308651576,0.009192761775092009,0.005061454830783556
0.709259793628929,-0.4700606326894293,0.0,0.07973279831220101,0.011881959981244663,0.0017453292519943296
0.7201896855914364,-0.06239473388411937,0.0,0.09220425218552594,0.004939532519420734,0.0012217304763960308
0.7058475536971596,-0.11670927250734803,0.0,0.09205241437550495,0.004939532519420734,0.0012217304763960308
0.6848793054769688,-0.33271895607772367,0.0,0.1043720929368161,-0.0020028949424031888,-0.0022689280275926286
0.6938508718620622,0.3613042667687987,0.0,0.11400293058628705,0.0006863032637494654,-0.0022689280275926286
0.6954708303576397,0.3713136096898819,0.0,0.11415127813102843,0.0006863032637494654,0.003141592653589793
0.6545888662761378,0.4180155800952199,0.0,0.12363381463853666,0.0033755014699021198,0.006108652381980154
0.639268773298013,-0.6137420580599551,0.0,0.13326580056243395,0.006041438057484778,0.006108652381980154
0.6638138105230167,0.5079535751657778,0.0,0.13341065782382003,0.006041438057484778,0.0020943951023931952
0.6492876358712134,-1.318154180595527,0.0,0.14289724394146444,0.00872895518688488,-0.0041887902047863905
0.6955606596282432,0.9417151514744644,0.0,0.14558448584054623,-0.0009031396880206347,0.0024434609527920616
0.657006407080952,-0.3794234473949125,0.0,0.15507461269584924,0.0017843774413794605,-0.0
0.6811312629723189,0.7639760071643928,0.0,0.16484711201438548,0.00447189457077957,0.005585053606381855
0.7329656346717763,-1.432513484673824,0.0,0.17462085810366107,0.007128956349582453,-0.005061454830783556
0.7219657221930664,1.812368538189916,0.0,0.17716592741258383,-0.0024726831747258426,0.008377580409572781
0.7172049130415872,-1.9454677244965322,0.0,0.18411154387010106,0.009814792320363551,-0.005585053606381855
0.752820171153471,2.125611795068176,0.0,0.18962231400601048,-0.009450335256484553,-0.005585053606381855
0.7087990410698904,-1.3644024985553875,0.0,0.20337528610622377,0.015186464261925749,0.00017453292519943296
0.7029922377641893,-0.04212701668512048,0.0,0.2087464474469479,-0.004078663314922354,-0.00017453292519943296
0.6860448286708521,0.4958269245689992,0.0,0.21837809561818664,-0.0013928273441412627,0.004014257279586958
0.6810635404731494,-0.8681455198161016,0.0,0.21583039158997405,0.008239736444282785,0.004014257279586958
0.6747812142634411,1.023677442894284,0.0,0.22800974378942543,0.0012930086266398362,-0.002617993877991494
0.6812174996566196,0.5564812119510478,0.0,0.2376426510116494,0.003937364346869874,0.005061454830783556
0.6614698097401406,-1.2523146127708606,0.0,0.24472701626136936,0.016254551485734632,0.00942477796076938
0.667608602159409,0.5779627522861589,0.0,0.24995869680068686,-0.0030115133313012208,0.004363323129985824
0.6872112337717503,-0.24462488878949692,0.0,0.25704306205040683,0.00930567380756356,0.0024434609527920616
0.6835346475330765,0.6057470826769256,0.0,0.2595908365817118,-0.0003273586009543742,0.0024434609527920616
0.7032117484074989,-0.06788999442631455,0.0,0.26654115872103007,0.011943304200825657,0.006283185307179586
0.6815985546357013,-1.3830492478645149,0.0,0.2788559916269242,0.004992276873801361,-0.0041887902047863905
0.675963902560318,1.9234398007650007,0.0,0.2815382164685351,-0.004641223861371483,-0.0041887902047863905
0.7188833288632072,-1.3494064091461988,0.0,0.2858063748495966,0.017308251017122793,-0.0006981317007977319
0.661323514774447,1.5056217819577924,0.0,0.3006673011203941,0.0007237229549256397,0.010821041362364843
0.6951378491973396,-1.0897749796070886,0.0,0.3078922182547014,0.012985978748502507,0.010821041362364843
0.7063342319024993,-0.04818729841644332,0.0,0.310436630371498,0.0033520099801279545,0.0020943951023931952
0.6513282303966279,0.5077986238166967,0.0,0.32006970642561344,0.006032801984365428,0.005759586531581287
0.6574928072520906,-0.023554363053504453,0.0,0.32020688585238555,0.0059769340137381275,0.005235987755982988
0.7051767473919837,0.44968388821865574,0.0,0.32970429812618557,0.00865604453240293,0.008726646259971648
0.6530314374462717,-1.2685026659675498,0.0,0.3393378418766931,0.01133515505106772,-0.0006981317007977319
0.6890907001729023,1.0813699343840126,0.0,0.3420167041404363,0.001700718542958927,-0.0006981317007977319
0.7421362523040858,0.4312540116678549,0.0,0.3491099575128723,0.013953352715488376,0.007155849933176752
0.645412513105969,0.03831343487518536,0.0,0.3586078371896098,0.016630781666970112,0.010122909661567111
0.6758514018163813,-1.9677477694629033,0.0,0.3682460817424319,0.019243934041680004,-0.003839724354387525
0.7123889196973168,2.1235469853003175,0.0,0.3737323425362417,-2.680817255576986e-05,0.011519173063162575
0.6500333850115206,-0.557167434680216,0.0,0.3778796906035195,0.021919681344419538,0.007330382858376184
0.7144354944943351,-0.39336715632563946,0.0,0.3903284045403211,0.014891950057318628,0.007330382858376184
0.7157801288765533,0.8218873690598506,0.0,0.39286609084866214,0.005256112090954357,0.01064650843716541
0.6430884421870696,-0.9741227038684005,0.0,0.399831221588792,0.01749622588174409,0.003665191429188092
0.6891612764313518,0.3919913967289274,0.0,0.40263854522267256,0.007859921349657854,0.003665191429188092
0.6693720948572514,-0.44810393905718043,0.0,0.41227395682406043,0.010532305110440416,0.0033161255787892262
0.6516774393626247,1.2734483937272592,0.0,0.4244463751644965,0.003568384339136767,0.012566370614359171
0.7143800633209942,-0.8070750754598732,0.0,0.43154681763457414,0.015801770399455867,0.012566370614359171
0.6520577866051257,-0.8172211083276385,0.0,0.43408396131091925,0.006089230902656834,0.0006981317007977319
0.6623696050426565,1.1569394555036803,0.0,0.44652349300870636,-0.000878985987039488,0.00890117918517108
0.6938939308141188,0.13081376783738255,0.0,0.4438547141346047,0.008758250795860604,0.00890117918517108
0.6734212842847854,-0.9316188260096554,0.0,0.45335868169390325,0.011348137699506888,0.0027925268031909274
0.6837198621530174,0.9109626145113845,0.0,0.4656626108237069,0.004377773068977533,0.009250245035569947
0.7020463546616882,-0.0866054251387458,0.0,0.4629955138534809,0.014015475536941126,0.00890117918517108
0.6637671764927779,0.5908257618051738,0.0,0.47276963655884535,0.01660031576509152,0.013264502315156905
0.6606078427193681,-1.4325897137253376,0.0,0.4824102889651418,0.019181791132324495,0.013264502315156905
0.6507130127973009,1.231801178353405,0.0,0.4850740218839342,0.00954315817499169,0.002617993877991494
0.6484326202755482,-0.755716245594832,0.0,0.49204805153006315,0.021845764614515685,0.006283185307179586
0.660328235587967,-0.46260667205191064,0.0,0.5042177482901101,0.014783094818863394,0.003141592653589793
0.6388192031992656,1.2541899972970587,0.0,0.507014185368566,0.00514399705725321,0.012566370614359171
0.6434552508093132,-0.8418671530524944,0.0,0.5139933986172628,0.017355692850385157,0.005934119456780721
0.6547350444725162,0.8945255040380763,0.0,0.5165205845829994,0.007716130578121316,0.012740903539558606
0.6507790922042477,-0.5742084680242465,0.0,0.5236350504552975,0.019924925511237312,0.00820304748437335
0.6555613900791964,0.28831110607674676,0.0,0.5358002801857802,0.012943825362792843,0.010122909661567111
0.6689073110642771,0.31724186492645784,0.0,0.5455748144007545,0.015507545946794632,0.010122909661567111
0.6386738797599252,-1.3215434488679492,0.0,0.5455775124324346,0.015412339717574386,0.0029670597283903604
0.6656793847863846,0.9509734009907439,0.0,0.5578729458978902,0.008426946850101369,0.009599310885968814
0.6789469932049984,0.16893859850078155,0.0,0.5550849772052001,0.01806790089244248,0.010995574287564275
0.636228249521584,0.520630674478228,0.0,0.5647286911183946,0.020624889959906204,0.014660765716752368
0.651835741132094,-0.9629045729718934,0.0,0.5745059552592507,0.023178512909560755,0.007504915783575617
0.6380668502139696,0.5564911442731548,0.0,0.577157917625035,0.01353663248887918,0.011868238913561441
0.6073928501539007,-0.3764707794566781,0.0,0.5868017661276013,0.01608642633268985,0.00890117918517108
0.6640986897627571,0.21531157652587898,0.0,0.5964432610385535,0.01873693915203782,0.010297442586766544
0.6515066648544635,-0.373426424313277,0.0,0.5964465218813184,0.018632853873778783,0.010297442586766544
0.6464067313024857,0.20091371249389364,0.0,0.6087370760556605,0.011638878122218477,0.007504915783575617
0.6719896902820887,1.1394429933423686,0.0,0.6087390979748154,0.011532647087806491,0.016929693744344994
0.6451830003766269,-1.1741820359396398,0.0,0.6157387516173354,0.0237156090920134,0.008552113334772215
0.6599435683855268,-0.26658516274795674,0.0,0.6280268638996221,0.016717343176440087,0.006108652381980154
0.6703249190076164,1.5828554080070831,0.0,0.6305406786422202,0.006963553839006775,0.017627825445142728
0.6447883310541517,-0.7050182483543557,0.0,0.6350345997827881,0.028784896234077106,0.017627825445142728
0.6657293561925532,-0.08978872677516975,0.0,0.6473202686757501,0.02178234100720828,0.012391837689159739
0.6761394202156418,-0.3487177577290278,0.0,0.6473240602197461,0.021669375188405393,0.008552113334772215
0.6226960650695141,0.1891397032761026,0.0,0.6596110560558299,0.014549565024591052,0.009773843811168246
0.6749790602278138,0.7786007629613255,0.0,0.6692557816978246,0.017188295524244793,0.015184364492350668
0.6732031222669607,0.7786007629613255,0.0,0.6666217439096531,0.026717535552368072,0.015184364492350668
0.6568320393578099,0.055369331668152076,0.0,0.6789037731604686,0.01970854795854445,0.008726646259971648
0.6908710952390531,0.7310671367875607,0.0,0.6913189041431452,0.012578938003617281,0.009075712110370514
0.6604493704593045,-0.08676146060516231,0.0,0.6885567388191675,0.022105269757716248,0.014486232791552936
0.6253757221414626,-0.47402685583266113,0.0,0.6980762776428788,0.024617102126874225,0.010471975511965976
0.7036089504660976,0.2015188295276136,0.0,0.7009698400408727,0.014969688111602047,0.010471975511965976
0.6837975733646527,-0.3004439837358027,0.0,0.7104885925739531,0.017477692925104225,0.00942477796076938
0.6641614572517365,1.0197679272495435,0.0,0.7201356392555353,0.020108005069683986,0.016755160819145562
0.6741502249445153,0.08890850516574467,0.0,0.7297866430688841,0.022610957696134505,0.016755160819145562
0.6385758317943371,-1.0478798174184587,0.0,0.7297905779740659,0.022483597489235875,0.009948376736367679
0.6850038198423142,0.44196293496976485,0.0,0.7420679483791244,0.01533224762315175,0.013089969389957472
0.7273907269374984,0.31164032986102863,0.0,0.7518503892647231,0.01782631986931328,0.013089969389957472
0.6779289778450397,-0.34933996373614123,0.0,0.7491009257122678,0.02734529634753846,0.012391837689159739
0.6926566006605169,0.18419455216457412,0.0,0.7613719310665275,0.020317023189224015,0.012391837689159739
0.6752073145760962,-0.005654482987017977,0.0,0.7710252607697903,0.022804357347226658,0.013788101090755204
0.6136635849637992,0.6406424770347002,0.0,0.7710292331939729,0.022669799024160914,0.01832595714594046
0.6868904967295576,-1.8718979779369374,0.0,0.7808147788708151,0.025152078623220147,0.01832595714594046
0.6723620792773033,1.1161975334236465,0.0,0.7859171117586506,0.0058490057408885805,0.0041887902047863905
0.6623946223773817,0.7491657399168478,0.0,0.7929544107958317,0.017978995415684495,0.017627825445142728
0.6919678869185145,-1.3124099660979147,0.0,0.7999959291832578,0.030106528222647182,0.008552113334772215
0.665138991148051,1.699705207566584,0.0,0.805353246061514,0.010801629618371767,0.008552113334772215
0.6457432570958277,-0.24592937969664166,0.0,0.8095297938296021,0.032437396860287196,0.020594885173533087
0.6903085367265817,-1.0541035584910015,0.0,0.8220549527125546,0.02525069365359543,0.011519173063162575
0.6609287276173331,-0.596797543989068,0.0,0.8245339994515736,0.015596877265262682,0.011519173063162575
0.7158434179023302,1.3008826228124097,0.0,0.8367966878412799,0.008405437855890877,0.01710422666954443
0.737600512029477,0.5985411771938371,0.0,0.8438472352585664,0.02051917091112659,0.01710422666954443
0.6852428625094285,-1.0757336919850624,0.0,0.8507728853113123,0.032630442538354544,0.021467549799530253
0.6840559028970702,-0.3189289092475095,0.0,0.8535091755436935,0.022826306723531333,0.011519173063162575
0.7146718917997588,1.3822579810006268,0.0,0.8658946138655683,0.01577234646321582,0.020943951023931952
0.6897576182148509,-1.771649690853186,0.0,0.8728285652420862,0.027725003031475858,0.020943951023931952
0.7365384606859857,1.12554939350515,0.0,0.8780247401921736,0.008411917790669467,0.0153588974175501
0.6962210673453488,-0.021616406523483723,0.0,0.8850859832034528,0.020512297918255488,0.0153588974175501
0.6609180867341501,0.3740264983427726,0.0,0.8948753438217864,0.02295276387310697,0.0153588974175501
0.7554053670976574,-0.11924083879304098,0.0,0.8948793358748757,0.02279661037133237,0.016755160819145562
0.7197756537686042,-0.1401479134410353,0.0,0.904411698591191,0.025232018185608236,0.0158824961931484
0.7462496040292002,-0.40100186852037906,0.0,0.9142032398598349,0.027664053829658822,0.0158824961931484
0.7720432156300875,0.5110070890634307,0.0,0.9167929001263468,0.018005247438335144,0.016580627893946133
0.6863114543692035,-0.26794263409124947,0.0,0.926325658916315,0.020433458808673692,0.014660765716752368
0.7384082010471875,0.2422644801725377,0.0,0.9359881366488395,0.02285829783939089,0.016231562043547264
0.7397295199672504,-0.35965657213735325,0.0,0.9456514886605426,0.025279764298992063,0.014311699866353503
0.7270079691423043,0.23765815826232578,0.0,0.9483662145035802,0.01545411332340352,0.014311699866353503
0.7708793842534692,0.39051680713221776,0.0,0.9580291757697668,0.017870069386800788,0.015533430342749533
0.7272107064497529,-0.14200851717524046,0.0,0.9651134580927343,0.029944165765640723,0.016580627893946133
0.7419977448183132,-0.40937699926621895,0.0,0.9772303073693364,0.022691862608562593,0.012915436464758038
0.7688387072356873,1.007218451814524,0.0,0.9773616582312572,0.02252131179354817,0.01937315469713706
0.6605693778508394,-0.865617192434201,0.0,0.9843261829326473,0.034588323997909357,0.01937315469713706
0.7362409809806131,0.6183391325565339,0.0,0.9966897304665698,0.027500162419902406,0.013439035240356337
0.7654311908837348,-0.0738120661219562,0.0,0.9966932249385074,0.027326237184227976,0.016580627893946133
0.7527659839148538,-0.629954824760931,0.02953086389064089,1.006235316097802,0.029723639047696638,0.011519173063162575
0.7251755443157786,-0.06102070618902387,0.022042619110113838,1.0184733728598574,0.022453457289459838,0.011519173063162575
0.7245284901642437,0.925796641418662,0.021865397034885926,1.0186029363065123,0.022275707708917385,0.011344640137963142
0.7977029013034055,0.987835958638281,0.02398151173623753,1.0282711510300666,0.02466422509580608,0.024434609527920616
0.7741685909392723,-1.8511630275576576,0.03544992379933546,1.0352501915259715,0.03671492153662634,0.01117010721276371
0.7705838124754412,1.0127274717724961,0.018818617866850615,1.0501728642010253,0.019765135091429492,0.01117010721276371
0.7780126254287094,0.16341413759444703,0.030077091516236172,1.0572809781296746,0.03180952928280886,0.019547687622336492
0.8107649981128803,-0.2911635421826806,0.029902586287525987,1.0572865134020113,0.03162502775371514,0.019547687622336492
0.8884012487648428,0.08019318748222172,0.022748288897841727,1.06939114852973,0.0243310159120807,0.017278759594743863
0.8833837215847479,-0.5272958133796606,0.02473914010146658,1.0790624241111584,0.02670052384041821,0.013788101090755204
0.9890516049735877,0.8268397286713988,0.01777181028736034,1.0914127356797532,0.019398422374778842,0.019547687622336492
0.9950584704007661,0.06888676097533782,0.028605811743224043,1.0984075523745984,0.031429412945540525,0.019547687622336492
1.073208645288392,0.1382249854952898,0.030480208591708937,1.1082053184948502,0.03378879366702231,0.020071286397934793
1.2069402515455119,-0.5579935718896933,0.03232564419887919,1.1177567659820147,0.0361447981979256,0.02111848394913139
1.3452675506125409,0.3170230702751576,0.02550314956242634,1.1301020372760515,0.028827411433487056,0.019024088846738195
1.455755871349353,-0.05278469780496936,0.027346097083331692,1.1397767887037342,0.031176218390510234,0.01832595714594046
1.5466094682573375,-0.11784430701968004,0.02272019501725297,1.1615452614409931,0.026395076794383784,0.017278759594743863
1.6062578208523495,0.34625638764172867,0.02452679300313033,1.1713409212619603,0.02873499851912676,0.019547687622336492
1.7195403664987696,-0.04191836413775809,0.028047492625160816,1.1906929395871368,0.033404711305230116,0.01884955592153876
1.809755351191038,0.43469648756090196,0.023581206274509513,1.2125801446248556,0.02859940383282554,0.021642082724729686
1.8579571454850892,-0.9166324477857493,0.02529509008605925,1.2222565787522148,0.03092368596922329,0.014486232791552936
1.9489058763211011,1.1050457302129688,0.020979458519399845,1.2441408187478376,0.026105230776832567,0.02199114857512855
1.960971253420899,-0.99228528765997,0.024495407263221462,1.263377668059414,0.030953141640067725,0.014835298641951801
1.9281236061762883,0.704962273862092,0.020316259132661572,1.285485539779658,0.026119851095875633,0.014835298641951801
1.8381550413374668,0.49737921105556687,0.023719927066143086,1.304725982400388,0.030953810593388077,0.02234021442552742
1.876433846322676,-0.6452554148343098,0.027016730064078284,1.3240798841400887,0.035781014801804435,0.02234021442552742
1.888859513752984,0.3320449076168215,0.02124968690284522,1.3362859375423146,0.028399932569684656,0.019024088846738195
2.010771327501819,-0.1752332991486778,0.024321828984253287,1.3556459493609432,0.03297829198456355,0.017453292519943295
2.106785024506311,0.17553923164209773,0.02040044231095847,1.3775243654451994,0.028106005491541547,0.018500490071139894
2.271667695759163,0.5611879386222529,0.02355068213598872,1.396882276920321,0.03290361387131219,0.022689280275926284
2.3381792151680587,-0.6713162488603267,0.02819119433529891,1.4260171746706716,0.040211780543974056,0.017278759594743863
2.345363315218106,-0.11305814327402314,0.024387934135455164,1.447796792994074,0.03531577471014982,0.0164060949687467
2.263096742918539,0.49427338528495707,0.020688856586088284,1.4697667576051268,0.030412132876361266,0.0164060949687467
2.248422371562212,-0.2490954141925683,0.02361881671058121,1.489219450438774,0.0351801432151188,0.018500490071139894
2.1558383284197697,-0.012279145210160347,0.020024909022405384,1.5109993216077795,0.030261669002223802,0.018500490071139894
2.1399129526976317,0.7112923402436678,0.02436255632927446,1.5399520455417484,0.0375245927901102,0.024609142453120045
1.948669221326887,-1.2202885124156548,0.02692547063782967,1.5594125346183088,0.04199806616993464,0.0158824961931484
1.885070329330453,0.702812582752551,0.015796089322641007,1.5741054952099638,0.0248667792633957,0.0158824961931484
1.9389996272607073,0.5713300079783193,0.018570325223533416,1.5935584496287902,0.029596300914176258,0.02495820830351891
2.073857991967052,-0.19637810763856953,0.021102036505312137,1.6127613989666438,0.03403760233410431,0.02408554367752175
2.1109306833125707,-0.34010174553702016,0.023736395266881594,1.6322168541545299,0.038750222189183774,0.02408554367752175
2.1414064252253997,0.351082905736863,0.02041579085886193,1.654000618528485,0.03377242300483805,0.02111848394913139
2.087334375224451,0.20821993761617122,0.022811557979981127,1.6733807107984147,0.038179043710447266,0.025132741228718343
2.0939500854584527,-0.11618981410961518,0.020919291600853953,1.7050134853159804,0.03567287811766101,0.023387411976724018
2.0137792187886343,-0.09705577451670193,0.023396765713381555,1.7243898283425874,0.04035250818494623,0.02234021442552742
1.9863535990462688,0.6638266438980402,0.018742257833684658,1.7364918122667192,0.032549588616352945,0.026878070480712675
2.00430881796177,-0.5152214317572296,0.02247936564760302,1.7656369116747297,0.03969708456551071,0.022689280275926284
2.0333104259972057,0.39751592501505123,0.01810179028260262,1.7777320960047138,0.03218364891435183,0.025132741228718343
2.042808615574991,-0.5932142550708778,0.020317730760240755,1.7971988776892558,0.03652002833766511,0.020245819323134222
1.9765752945347095,0.48483648156892784,0.01730000617557762,1.8189778511523618,0.031471467821598334,0.020245819323134222
1.9057478637784915,0.7907418284993113,0.01963593404490043,1.8384407012554984,0.03610414069796937,0.02879793265790644
1.9331851178796766,-0.5229656619069053,0.021745485196605893,1.8578320191581092,0.04040582772024618,0.024260076602721184
1.9331851178796766,-0.5229656619069053,0.018795015569575982,1.8796083590583639,0.03533142877766633,0.024260076602721184
1.9842046380248661,0.13038543659493704,0.015732620239656502,1.9014685183071887,0.02991755048781033,0.020594885173533087
2.008942534988631,0.6140159255089299,0.01796614358331297,1.9209362689211922,0.034515530569371004,0.02530727415391778
2.0020107579715214,-0.3807937245610933,0.020152006361824123,1.9403253975249188,0.03910674369160102,0.02530727415391778
1.9490272830329924,0.23174526731173223,0.0171515671546587,1.9621032597967838,0.03365644619861537,0.02408554367752175
1.9317998299608152,0.7190743329184696,0.019290496677234533,1.9815750988641436,0.03823031010721288,0.028972465583105872
1.8754132992195405,-0.7051093250841712,0.02121056950443395,2.000975748193125,0.04244820102374845,0.02356194490192345
1.9115261580325327,0.02297371734583316,0.018443495099505047,2.022743431564641,0.0373106892294781,0.02356194490192345
1.8436279750657771,0.3228550338729724,0.014600704331936642,2.0349743402048217,0.029714170188967194,0.02548180707911721
1.9298289648212752,-0.604896142725032,0.0164998112214104,2.054375463237653,0.03389988372120743,0.020420352248333655
1.8974312297560396,1.6643100226172334,0.013840526762457497,2.0762193075259496,0.028737803920286013,0.032637657012293965
1.913070668250615,-0.610935520029178,0.02034708358625347,2.0931798028779465,0.04259598287220399,0.02775073510670984
1.8973371917791972,-0.4380354859632893,0.017688601948299187,2.11502264623364,0.03741569607272791,0.023911010752322315
1.9714787595171401,0.3529288065757862,0.014906153619294473,2.1368693365670035,0.03185486194370416,0.023911010752322315
1.9517169961263143,0.725773010681663,0.016858187285582093,2.156269392458192,0.036354237261120664,0.0307177948351002
1.9789938772144011,0.033292188772509446,0.02307802201946563,2.1734014133331736,0.0501667121719835,0.030019663134302467
1.9197837252123267,-0.9161534981677028,0.020299978680513333,2.1950947763728608,0.044566499120279074,0.030019663134302467
1.9055160548039918,0.5729299530255525,0.01671970530582673,2.207384278730979,0.036910254103813656,0.026878070480712675
1.868281071009285,0.3895720823018819,0.0184054368718018,2.226723040591013,0.040988438875088073,0.028972465583105872
1.9212887078747065,-0.6309682980645396,0.020229116636783628,2.24621060627513,0.04544505547975325,0.028972465583105872
2.0029201809733794,0.7849995880852179,0.01754538836136555,2.267974028495832,0.03979656887450702,0.023212879051524585
2.031203160626765,0.2542109664472009,0.0193366428196241,2.2873831755386305,0.044235824937625956,0.028099800957108706
2.0833804304371077,-0.22415409226982907,0.02092013124839393,2.3068063756719535,0.04826573354566343,0.02652900463031381
2.014249257354123,0.12095111506871324,0.018456524172907197,2.3286358818140878,0.042983405222887544,0.02652900463031381
2.0584189325388142,0.5106195409460933,0.020009052716456473,2.348061167617394,0.04698875069142125,0.028972465583105872
2.0817601880206347,-0.35600255972578393,0.021529576148827806,2.3675645793894096,0.050980539020817256,0.028972465583105872
2.1573252250548434,0.8848678223754459,0.01911134074904864,2.3893152433855955,0.04566857795668916,0.030543261909900768
2.117135544982673,0.26063083921936614,0.020602935267164686,2.408820708308398,0.04963580047267893,0.031939525311496235
2.156089325916211,-1.6668976383908656,0.022961201304479026,2.437887282528974,0.05598666003288309,0.019024088846738195
2.1280128533722595,1.8010791372879715,0.01571355225373378,2.452396453780742,0.03853903183989207,0.03159045946109736
2.079958369675577,-0.5943683006987127,0.02218153296858355,2.4792114022534206,0.05500173040896372,0.026354471705114377
2.0828211228345976,0.126439448745556,0.01967273251721452,2.5009653913558765,0.049207171336924774,0.027401669256310976
2.1526392877074967,0.4657224544418758,0.021068231062561615,2.5204037207758847,0.05310830592706937,0.030368728984701335
2.2018258724433912,-0.08159751484233352,0.018771847073064386,2.542220357301421,0.04772777804548437,0.030019663134302467
2.178550580153782,0.46628527917159446,0.02014275872916571,2.5615836965403687,0.05160434170849237,0.03385938748868999
2.1846859442367865,-0.9424009096797124,0.02148588596893969,2.5811736491652524,0.05546733832965456,0.026354471705114377
2.2557985774072846,0.44520899579107254,0.015483653838374346,2.605363200054389,0.04034376601678828,0.0291469985083053
2.298160213259556,0.4714150469876361,0.01683112462380611,2.62473179801427,0.04418136007329689,0.0328121899374934
2.318696296525478,-1.0995346830187318,0.018978930462212943,2.6539648131112186,0.05037546219293913,0.024434609527920616
2.2672952869117586,0.8968297113620171,0.016791633343649984,2.6756990396371534,0.04493358043265382,0.024434609527920616
2.279951839893481,0.37160434920648494,0.018078545143414396,2.6951466735579057,0.04872963975273874,0.031066860685499065
2.2390715016235267,0.8469747888909182,0.019341417939114536,2.714670584351187,0.052512126597253954,0.039095375244672985
2.2646510473547576,-2.493973446595779,0.021367966313753387,2.7438418635088806,0.05863924547879024,0.039095375244672985
2.220738353658859,1.6272267372251,0.011359843733112808,2.760639512309755,0.03136178251294924,0.03159045946109736
2.2155143866197315,0.48625050032222183,0.01692307208961559,2.787454051902464,0.04717678961222012,0.034557519189487726
2.257757518071609,0.5165094350517195,0.018132546902106507,2.806983170856978,0.05090333294428395,0.034557519189487726
2.199480851015922,-1.359993595530283,0.020082221737067165,2.8360892009483853,0.05696262999868857,0.03717551306747922
2.252897082937265,1.0454013583577662,0.013635370731353685,2.850671192507225,0.03887236766629881,0.03385938748868999
2.3980869913105445,-0.37280421830616356,0.018979887396024197,2.877361617100231,0.05461855817364457,0.030368728984701335
2.4072315507557995,0.2253374328987999,0.016749228514290865,2.899162627262854,0.04856327868898543,0.03159045946109736
2.3676061652855673,0.22900347068519109,0.014720653597504702,2.921027345848953,0.0430025379348171,0.0328121899374934
2.357369476652214,0.4721216596892945,0.016599371267673323,2.9502148971025726,0.04897621076650303,0.03508111796508603
2.52703935563751,-0.596455827006016,0.017711104164541944,2.9696819182497554,0.0526018460100165,0.03508111796508603
2.5046764973631435,0.7924365076402792,0.016262274621109712,3.0012851854972644,0.048812026947213615,0.034732052114687155
2.440459560594449,-0.8865612756779576,0.017347435465299123,3.0206785718976383,0.05240628362862741,0.027925268031909273
2.30827735645543,1.0895880708712697,0.015203319750699522,3.042469035182298,0.046259193759445504,0.03438298626428829
2.376549412283572,-0.4359801205261404,0.017147215421478314,3.071660691137308,0.05267559035569649,0.030368728984701335
2.360552391116294,0.4714988108531958,0.015030037635649092,3.093525369561272,0.04649930421316669,0.0322885911618951
2.3623138555373733,0.4911614734869632,0.016072762738836965,3.1129235993527256,0.050037591309466785,0.034732052114687155
2.3783288914575946,-0.021112142328717186,0.01777837392045069,3.142131763426371,0.05586787958590448,0.033510321638291124
2.358334523298043,0.7751610501179806,0.015689863491171026,3.163834073031981,0.049644198448945284,0.033510321638291124
2.3483209042227764,-0.8701200504109817,0.0204208854470501,3.190823271331036,0.06516849545124155,0.030543261909900768
2.2836376707745667,0.42694286493066613,0.01529656026935685,3.214826885353921,0.04917962902836766,0.033161255787892266
2.378978065878527,-0.5779929709871079,0.016273777899376615,3.2344609897981935,0.0526415469771198,0.028274333882308142
2.379835250740014,0.7878517702038755,0.014409697832591745,3.2561593141989618,0.04692351958103037,0.028274333882308142
2.2894186199715296,0.4053452283819841,0.016023885159064534,3.285298440384427,0.05264775103054064,0.03595378259108319
2.3109097855139518,-0.4491164835705052,0.016964085413132626,3.3047876469733155,0.056068078446206426,0.0328121899374934
2.3665960605839906,-0.17097946825887383,0.01495039821486198,3.3266347335913684,0.04973821977403154,0.030892327760299633
2.3923208994601346,0.2562351392446813,0.012958614722149204,3.348408788054954,0.04339316838651592,0.03246312408709453
2.260732582782873,1.1030440814058882,0.01451931078482106,3.3776373941934135,0.04904441345040158,0.039793506945470715
2.2621358004747134,-0.8357442648189051,0.018303358274590745,3.394861823339399,0.06214431211621598,0.033335788713091695
2.234712448915413,1.1801477614098708,0.013457602814715518,3.4188951457984156,0.04601291072538781,0.04084070449666731
2.262919204456544,-0.881495036836889,0.01780190349965354,3.4458687412820495,0.06134950365312684,0.033510321638291124
2.191792079226133,-0.30589339904209795,0.01583795431837466,3.4676374684350386,0.05492487636114588,0.0301941960595019
2.2748396904915853,1.1252297460148963,0.013893764922622334,3.4894748655074785,0.04848506332384452,0.03752457891787808
2.207675053567055,-0.1533013654587937,0.014753674286774031,3.508903875397724,0.051772981426303384,0.035255650890285456
2.241284999056068,-0.2668706322914231,0.015599901199612836,3.5284085064983275,0.055047289545260156,0.03298672286269283
2.130481846385624,1.0524661000887223,0.014271448165386334,3.559986340880567,0.050809610116318765,0.039095375244672985
2.1973440727063727,-0.1250099015895896,0.017832411671328006,3.577251133332984,0.0637977774607671,0.03700098014227979
2.099639692697443,-0.0017520382118096545,0.015914638079708946,3.599011011379927,0.05728179380156423,0.03630284844148206
2.0309740898211923,0.4137314588444923,0.014015652484470129,3.6207596232072623,0.05075063177843408,0.03630284844148206
1.983340423414476,-0.4638216054933351,0.014645221571601936,3.6402879963281136,0.053316636173911094,0.03385938748868999
1.9900169790232372,1.1209559569342025,0.01276602326244101,3.662030578679923,0.04675210733414063,0.040491638646268445
1.932135753137691,-0.8484772165074567,0.016216656522339046,3.6793211873841107,0.059671518827202806,0.033335788713091695
1.8325177413861402,0.466150248385854,0.014340332324244353,3.7010690341672015,0.05307819837916632,0.03543018381548489
1.8022601339926323,0.03367084228051676,0.015109232962575414,3.720674356181617,0.056220813886848776,0.034033920413889425
1.8098027742390752,0.8339563676589001,0.015867128582060172,3.740111280408423,0.05934980743103298,0.039269908169872414
1.8324963498998004,-0.7149256395508062,0.01606665844489594,3.749977893087083,0.060254798748010256,0.03246312408709453
1.8455054919413252,1.4224413958999687,0.01421213215467742,3.7716308410353014,0.05360652523269832,0.04153883619746504
1.9791025104330924,-0.6853686051239952,0.017536414972034904,3.7889534535752825,0.06645147205975756,0.04153883619746504
1.9972330953608906,0.39620775067791925,0.015684312298074328,3.810782640941003,0.059774406575545114,0.03735004599267865
2.085058369902293,0.774608203197119,0.016403914276275775,3.830321765039076,0.06283790630266527,0.04153883619746504
2.1363841682396822,-0.9565312284000915,0.016938579483104087,3.849774560293762,0.0652159496559293,0.033161255787892266
2.2066091199346016,1.3840641758368626,0.015281100889088912,3.8715895781316245,0.05916675639968575,0.041713369122664476
2.310622393153988,-0.6328844139607991,0.01632710092809891,3.900799695892252,0.06369441019838848,0.03612831551628262
2.250743187628389,0.7138572130956296,0.014513951310850589,3.9226147411253476,0.05693663741172528,0.039793506945470715
2.1813984372893134,0.021194951275124434,0.017684873533932624,3.939881190647148,0.0696835653688553,0.039269908169872414
2.068093676596923,0.03134971465983795,0.015875331378006657,3.961600305181294,0.06289700161705788,0.03892084231947355
1.9500269214519672,0.21200218885390004,0.016365724143893378,3.9812570772801816,0.06516197277074712,0.039793506945470715
1.9455319269306106,-0.09395774331438375,0.014573664478170646,4.002969844556244,0.05834206994635139,0.03769911184307752
1.9455320827372582,-0.09203894964742941,0.015231035088500312,4.022419749087756,0.06127035433504819,0.03769911184307752
1.9262096773290773,-0.33925789785505367,0.015877928323502252,4.042064166399453,0.06418499906733204,0.039793506945470715
1.998778250818019,0.4657782044317073,0.016341451700389562,4.061530769138968,0.06637721752345462,0.04223696789826278
1.998778250818019,0.4657782044317073,0.016969235684059978,4.081180727669185,0.06926116579675619,0.04223696789826278
1.886624432246011,0.3105773870692393,0.017413556583184806,4.10074972656144,0.07141585606605433,0.04485496177625427
1.8670256144438129,-1.3421084982135625,0.018023176174600284,4.120309195987286,0.07426910043868744,0.04485496177625427
1.7651324777273163,1.4730550568195016,0.013406593162635653,4.13448518346812,0.055432681928014954,0.04293509959906051
1.8108152566600186,-0.5416768418748096,0.016209626784514743,4.151820780497553,0.06730536030400786,0.03822271061867582
1.7555393466051232,0.08965117441846053,0.014458378499957616,4.1735142007375154,0.06034645308338656,0.03787364476827695
1.6885740755396959,0.7836179562004678,0.015057878347094348,4.193076474514496,0.06314360791302176,0.04258603374866164
1.679907881811464,-0.4739988069844261,0.015648550922460692,4.212641207034328,0.06592711188185289,0.038397243543875255
1.5830856891212726,0.8571560294056738,0.01344507502225524,4.224653883412771,0.05680421128002341,0.04380776422505767
1.5247140026652926,-0.47349156465989406,0.016168470965274667,4.242222728610041,0.06859623258314536,0.04380776422505767
1.5624896969260074,0.7313507435927499,0.013975027875499396,4.253932930850449,0.059452701738243185,0.04153883619746504
1.6065055510563664,-0.33779364812475543,0.014549727636283379,4.273610689550301,0.062184259641852854,0.03787364476827695
1.7092060042829906,0.7375028527922242,0.014941835560181044,4.293194393124918,0.06415297895257042,0.04206243497306335
1.703921070415469,0.24170150030793494,0.01504786112744696,4.302891895846161,0.0647542073759851,0.04241150082346221
1.630780176281217,0.08087079306016628,0.015601670645909898,4.322570126216948,0.06744478783497561,0.041713369122664476
1.5613966926451526,0.9131209063136408,0.01597354056404292,4.342060473747247,0.06936397870811523,0.047472955654245766
1.560594315714739,-0.9164492046123333,0.016068608694303627,4.3519727580770295,0.06993616657848004,0.039269908169872414
1.6080410370201563,-0.28626318920320903,0.014184482533448116,4.373651661151857,0.06204214660135835,0.039269908169872414
1.6102641308898107,0.5118045530126049,0.012042043886392326,4.38553301448455,0.052813333885293114,0.03612831551628262
1.6662661947529647,1.1325603564484166,0.014810608709107557,4.4030310921626725,0.06521633920091284,0.046774823953448036
1.6567201788074384,-0.8273347076345072,0.015160049095074077,4.4226302049654524,0.0670524279367722,0.04014257279586959
1.7469677984667422,-0.005506491429863873,0.013031617414103741,4.4345039067420355,0.05779202984402065,0.039095375244672985
1.7492458137779816,0.8778044334488467,0.013553100921690646,4.454193493140479,0.060371830480181854,0.044156830075456545
1.6765650026590926,-0.8707972793075495,0.01389307955004682,4.47368600704784,0.06215727477987225,0.03717551306747922
1.5804938836379863,1.1063738080549894,0.011784986817988376,4.485548581586727,0.05286457830987101,0.04450589592585541
1.4985520523689126,-0.32574531530226875,0.01430152363350787,4.5029942009796065,0.0644040689782932,0.041015237421866746
1.5515943398918999,0.16137078966838597,0.012627413895849609,4.524632363072615,0.05713744249255008,0.04084070449666731
1.623205500920301,0.4471733138105719,0.012702425419138122,4.534440610914824,0.057601491742154995,0.04258603374866164
1.3653251461512694,1.0450952244333591,0.013021225778378595,4.5541372881315505,0.0593038015914437,0.04852015320544237
1.2837460370940228,-0.4134405385470142,0.015242704573033677,4.561819221160175,0.06953984841760306,0.04450589592585541
1.4383535511975691,-0.6081785792237758,0.01298429009430593,4.573675936290252,0.059389272706234016,0.03892084231947355
1.6313005541296326,0.9666940975117067,0.011326643119758504,4.595401001732368,0.05205269315386259,0.04450589592585541
1.67778804944821,0.08826293689258535,0.013760823516738232,4.612993091957215,0.0634825908996626,0.04293509959906051
1.6767102280126853,0.18417634497211358,0.013819763038594826,4.622808880914234,0.06389019073287214,0.041713369122664476
1.6973412619940558,0.6194459939474498,0.01410727814555222,4.6423309876190135,0.06549499937928199,0.0439822971502571
1.9985383631848441,0.40120110926465824,0.014561883342364263,4.662037435427793,0.06789284419765497,0.044156830075456545
2.105962046712477,0.36083257620729453,0.014835512872396987,4.68166581305493,0.06946000938297625,0.044156830075456545
2.201336665200634,-0.3481958062673142,0.015276687323854616,4.701377141340741,0.0718270562652238,0.044156830075456545
2.1296832995341393,0.5483441084384143,0.013630997720741438,4.722902702124512,0.06438186348871244,0.041015237421866746
1.943945655651776,0.6917807296975994,0.013893224271490688,4.742525990897731,0.06589321686596032,0.04468042885105484
1.7649081229549075,0.052552949271395054,0.01432290660754341,4.762329985842525,0.06821507236052672,0.04310963252425994
1.6953148045865296,0.6557346977958891,0.01457248805069974,4.7818761447321245,0.06968876602411293,0.046251225177849735
2.196886078652298,0.12270084115026754,0.014815468473088384,4.801515902653801,0.07114191272667192,0.04537856055185257
2.5355825453482157,-0.29890891672409514,0.015226417977085578,4.8212365039383185,0.07341583593194545,0.04153883619746504
2.6217773485294242,-0.2026461614848579,0.013427184677439512,4.842661678185649,0.0650272206341063,0.039269908169872414
2.6056681366691596,0.6257878047295481,0.012192767183076986,4.87405526305504,0.059431166172212134,0.04310963252425994
2.295955521766237,0.8466608041665581,0.014978225147921425,4.901690889730191,0.07342412066668026,0.04782202150464463
2.392262030003859,-0.6940502231540958,0.015192332084936542,4.921412767383773,0.07477348992481533,0.04153883619746504
2.2582734299043534,1.4491480218612558,0.0135855030023195,4.943006479802442,0.0671573610754257,0.050265482457436686
2.1991887272786,-1.153659782252529,0.016139168013119223,4.9704196064693775,0.08022540275573818,0.03961897402027128
2.397133964529793,0.36509427224786234,0.012393340393600977,4.993793980975865,0.06189295750811753,0.04066617157146788
2.587965839971734,1.0756539220609491,0.012771088222948541,5.013493551013082,0.06403124966345218,0.04066617157146788
2.699821336641829,-0.3328840065162547,0.01527826203122717,5.041012025723763,0.07702389583326498,0.04153883619746504
2.361798951984286,0.561201522206411,0.013691172293859607,5.062582328064173,0.06931701807622817,0.04363323129985824
2.3641122296697525,-0.24630610043228765,0.014226599401749347,5.092043891585058,0.07244735633585331,0.04066617157146788
2.252149317241033,0.5749539767512767,0.01265242135561686,5.113677017521471,0.06470384901767615,0.04363323129985824
2.3266006169303837,0.162996331167684,0.01300436005151637,5.1333136573659175,0.06675922239277107,0.04258603374866164
2.4027635669820264,0.585001684130556,0.013522584160921735,5.162646249734965,0.06981657401646715,0.04258603374866164
2.6111833499407298,-0.8042008245698461,0.013686568585495676,5.182368331099539,0.07093326877857324,0.039269908169872414
2.5397797707561884,0.3386538516118239,0.012471596184097293,5.213736655608908,0.06502698966201755,0.04084070449666731
2.3680516539190513,-0.09224935384930569,0.012804239594731306,5.233381393604164,0.06701313152962918,0.03892084231947355
2.353895390824985,1.0389289358370641,0.011084309800214768,5.255010786537386,0.05825055317266483,0.0460766922526503
2.436773152847433,-0.009394285961196382,0.013613240254086896,5.282653768601394,0.07191847763754555,0.04450589592585541
2.5678257775869606,-0.42786408042699614,0.011898073131649612,5.3040853215874515,0.06311137318337559,0.039793506945470715
2.501882918065844,1.3774034279444183,0.010701150474051938,5.335384412060327,0.05709693092481829,0.04852015320544237
2.4767414103868233,-0.022049375387118087,0.013008135634765468,5.363042585608193,0.06976712054820193,0.046774823953448036
2.440482897203515,-0.2327983216200772,0.013310159073046578,5.382766591359079,0.07164971079628886,0.04345869837465881
2.432020162356326,0.8190460253216175,0.011610911383030803,5.404377380836732,0.06275256683413147,0.047647488579445195
2.382569053000511,-0.9871045210941592,0.0120579555884805,5.433825721696442,0.06552400486399346,0.03874630939427412
2.53572385338498,1.8992479707393326,0.010545133686943906,5.455361111373175,0.05752964467497376,0.04991641660703782
2.437741108953888,-0.905033150686148,0.01277985357448121,5.482897384571344,0.07007444074160876,0.04153883619746504
2.3165037025171915,0.7455466001465876,0.011271084274420813,5.504484880451257,0.062044140304623185,0.04485496177625427
2.377640556840775,1.096110486952352,0.011692939001490356,5.533998417201118,0.06471165518341544,0.05131268000863329
2.4890369103604404,-0.2354594060212126,0.013567858837263838,5.55189923160695,0.07533200765246469,0.04729842272904633
2.476412437588977,0.4345273468468329,0.012065181082577193,5.573424147109179,0.06724763466443595,0.04852015320544237
2.3642063157795086,-0.11464642121134824,0.012463972312431498,5.602892268258382,0.06983791059247033,0.04520402762665313
2.3882345418946738,-0.4106705196789018,0.012549972646249043,5.622533819928762,0.07056635045767183,0.040317105721069016
2.3924524002535845,1.534415604943323,0.011364120435577533,5.653935755015407,0.06425477290186953,0.040317105721069016
2.4831783056988344,-0.2816259302549708,0.013182305248857065,5.671811087871164,0.07477187623970809,0.046251225177849735
2.418253691594547,0.6774336547012274,0.01199543674456919,5.703210680783385,0.06841578445430606,0.04974188368183839
2.3534331626190443,0.036323075486771494,0.012066333376284516,5.722869623057538,0.06905740427653395,0.04904375198104066
2.274136016075929,-0.11438134544657831,0.012133057276148706,5.742574838128571,0.06967840860170853,0.0460766922526503
2.1775658318298357,0.670873476075358,0.010780272844282065,5.773863982698254,0.0622462404186672,0.050265482457436686
2.296893420957899,-0.19931322017435749,0.012543940245162288,5.791886298171879,0.07265688653529835,0.04729842272904633
2.348024313339076,1.4061392485484763,0.011075262636215092,5.813394307300386,0.06438750140402404,0.05585053606381855
2.194128189627156,-1.0715119979991445,0.013104822581025698,5.841152610114193,0.07655165090875449,0.045553093477052
2.046717311715008,1.0648222443506075,0.011465978283841924,5.862584236938312,0.06722320948879479,0.045553093477052
2.098983261322499,-0.0047058887317784895,0.011510614012975746,5.882369909974031,0.06771268005491624,0.04834562028024293
2.1325263271696686,0.5319569410501517,0.011551590303038138,5.902086885497362,0.06818152235798737,0.0486946861306418
2.1222661445924382,1.2301865748417715,0.011588832001714077,5.921792803220481,0.06862973432092771,0.05393067388662478
1.9861113458116488,-0.29023325383886156,0.01328269089233233,5.939750032081393,0.07890050384384144,0.04852015320544237
1.923871990078639,0.8053088310617033,0.011826647964655948,5.961225005698537,0.07050459676111724,0.050789081233034994
1.981670099385747,-0.15376518081321502,0.013502384694045055,5.979252467863733,0.080739073695274,0.0466002910282486
2.0850277146112517,1.5693826197625205,0.011875344317485763,6.000677488608959,0.07126346129501321,0.0466002910282486
1.9448632391309835,-0.8945691839831809,0.013800506874526301,6.028639846688169,0.08320356786582551,0.045727626402251434
1.9508178869813293,0.9269041789536728,0.011909579071795259,6.040210430136702,0.071939765026055,0.04991641660703782
2.0017860709123503,-0.6308382834978353,0.01355039288386951,6.058149610033351,0.08209533202081647,0.044331363000655974
2.0017860709123503,-0.6308382834978353,0.012104312129507803,6.0797254974490595,0.07359448933475697,0.044331363000655974
1.9732971823041512,0.41142330381350534,0.013988331221798114,6.10754139615956,0.08543988484423716,0.05096361415823442
2.0225556820686688,-0.3375525025527932,0.013983144422405369,6.127286512923653,0.08568431687086824,0.04852015320544237
2.090732620458307,0.6229541583899341,0.012368656202815957,6.148810460814348,0.07605640114775764,0.04852015320544237
2.09168866953091,-0.41358941577049213,0.01236181747233653,6.16857027144382,0.07625862427575082,0.04886921905584123
2.045403240800838,0.4717716888340373,0.01093120288683435,6.190009718931967,0.06766694733209351,0.04886921905584123
2.0820593997190984,0.43464092725409464,0.012512954193135337,6.208001218176679,0.0776844893739613,0.05305800926062762
2.1120511456907796,-0.2160497568250541,0.012496347321877455,6.2277505686831,0.07782818536511596,0.04974188368183839
2.1206312465243675,1.1355617800745974,0.010896120468672554,6.249258082358476,0.06809536381057281,0.05672320068981571
2.091628217202304,0.23697274436923046,0.012453388403989858,6.267334901060517,0.07805359085187123,0.056025068989017976
2.107121084855389,-0.5503509846482364,0.012427387202878597,6.287023398759781,0.07813529657519638,0.05009094953223726
2.1273536183532897,1.5131226400497912,0.010832170978949741,6.308537884238069,0.06833783383787638,0.05759586531581288
2.2090076591991927,-0.4692934522100532,0.012435715041618858,6.336424940062604,0.07880203714554475,0.05201081170943102
2.106957510590497,0.5130086002052192,0.010844725677613154,6.357918232580499,0.06895258226104731,0.053232542185827056
2.0520809350198785,1.0249584785396115,0.010809467285693524,6.37769084663924,0.0689421257572424,0.053232542185827056
2.08118997021999,-1.055645115387896,0.012315925894483635,6.395726456518307,0.07877327595029544,0.04782202150464463
2.0026169856693112,1.8662098034097447,0.009190768064881939,6.418874643924891,0.05899604923559243,0.0582939970166106
2.0209399974701525,0.13255366231592244,0.012221070182083541,6.435345064253268,0.0786507193295842,0.05689773361501515
1.9740370024792502,-0.23987925042411995,0.012169349093784136,6.455114587643717,0.07855842088127894,0.052708943410228755
2.0826449380055814,-0.017739764795009598,0.010588438908454702,6.47660679633453,0.06857971835548217,0.049567350756638956
1.95450825748271,2.325267400190378,0.010535491577111656,6.496390461420273,0.06844519940107467,0.049567350756638956
1.9563739992279583,-0.8469078118297428,0.013568421768813359,6.522796637255121,0.08850948754641053,0.054628805587422516
1.986691444313056,-0.1645436409167147,0.011759323545111625,6.534265340230897,0.07684208224904185,0.05044001538263613
2.0278001230953246,1.3431887628027925,0.01018528339769052,6.555653723121799,0.06677350007067541,0.05672320068981571
1.9902998607403846,0.09940292791826708,0.011851265272694311,6.583691989528869,0.07802873338575339,0.054628805587422516
1.9152096429136571,1.033147999086747,0.011778534602534122,6.6034872649596625,0.07778300032673331,0.05881759579220891
1.978144582217268,-0.5272707828933235,0.013196226369181841,6.621849080904573,0.08738849213511157,0.05096361415823442
1.882909619989607,1.1829212785676082,0.011625044831977509,6.643068377327873,0.07722944671173822,0.05777039824101231
1.989855617402968,-0.31248819114654525,0.013028745852394623,6.661446774361673,0.08679520819864486,0.05166174585903215
1.9045425230659472,-0.1523842369284435,0.011241202154435843,6.6727811324820845,0.07501324134254753,0.04799655442984406
1.9541985616210251,2.605435292864212,0.011156565471595365,6.692569308580402,0.07466918568853197,0.06405358354819189
1.9459393900874578,-1.99672745099977,0.014056341367467601,6.719194369017339,0.09445351057848858,0.047472955654245766
1.913175964720263,2.249683453294495,0.010979552246390458,6.732150034697535,0.07391896338470194,0.047472955654245766
2.0403404986948783,-0.7722297023826629,0.012390684263336215,6.760372206612012,0.0837699245978052,0.05288347633542819
1.9852261681003653,1.3598254645661485,0.01061783734909391,6.771762028242709,0.07190416992499443,0.06056292504420324
2.0190796549109957,-1.231046341510283,0.012187654795352528,6.799973228894359,0.08287982999911289,0.0486946861306418
1.9449071693035391,2.2390012449101926,0.01042066024971883,6.811353853599025,0.07098137366047727,0.06265732014659643
1.9392926638800276,-0.8295771286418612,0.013247836695278403,6.838058968140925,0.09059478853609615,0.06265732014659643
2.047254555144884,1.0234622749346083,0.01148387245695193,6.849517206314561,0.07866244000262256,0.05742133239061344
1.8782991142178735,0.976976103648743,0.011577937203351953,6.879205663700401,0.0796505702316752,0.0614355896702004
2.0102388802218987,-0.9624865546463115,0.012898435765613859,6.8975082809955355,0.08897200164005203,0.0614355896702004
2.0140444070548718,1.1487558006964538,0.011346206476219563,6.918751304035505,0.07850494969701853,0.056548667764616284
1.9438444634710523,0.8084169020023588,0.012479234589459173,6.937238822089095,0.08657592490427386,0.059166661642607775
1.9574990713263303,0.6074458064609589,0.012353539753850012,6.957055512524446,0.08594863409362043,0.06056292504420324
1.9007644401410122,0.6153836887985411,0.01222558561425591,6.976873442197435,0.08530061344688655,0.06161012259539984
1.976789117851733,-0.46722081637564833,0.013336783983970063,6.995217137173991,0.09329923165049439,0.05637413483941684
1.9243660005931076,1.4047350655830864,0.011788441859389173,7.016543098205855,0.08271794210065068,0.06405358354819189
1.8588850992417618,0.2045000996820845,0.012887229794423605,7.034987926068308,0.0906665253795648,0.0635299847725936
2.0211120645265837,-0.6040828815345235,0.01274651833963327,7.054832615679222,0.08992942376118487,0.05619960191421741
1.8670378988586327,1.1676380678981744,0.011028875492809247,7.076142759147278,0.07804506185114912,0.06265732014659643
1.9322217554960643,0.20537248742939118,0.012284206609360157,7.09452333884318,0.08715497447891529,0.061784655520599266
2.005327022375297,0.12634656923679158,0.011962487729081593,7.114459875933619,0.08511069881553088,0.059166661642607775
1.960577066120349,0.6879270140260477,0.011813636543632532,7.134110137564232,0.08428370519830003,0.061086523819801536
1.967354126868499,1.0242509157088278,0.011487752683041082,7.154048198235186,0.0821875518039507,0.06492624817418906
1.9460071625635194,-0.17514504188276606,0.012716136688244619,7.172536122292712,0.09121186610904991,0.05969026041820607
1.9249533098784277,0.7921031352813923,0.011004325321883519,7.193932115807779,0.07916756497509223,0.06126105674500097
1.9247167458556298,0.6908807982640438,0.012221465933130426,7.21225075340649,0.08814866568016566,0.06213372137099813
1.9230322422084571,0.05401209619174781,0.011883905270166592,7.232107692350514,0.08594972890427824,0.05881759579220891
1.9530221453352967,0.9848712738505347,0.011719024730851351,7.25185784250479,0.08498859208796834,0.062482787221396996
2.020788031692751,1.0443516285137955,0.012741363874930136,7.270294219362251,0.09263847723042122,0.06579891280018622
1.8988289061487529,-0.44991477477588704,0.013929454418386392,7.288727029407067,0.1015345579157505,0.06579891280018622
1.9478871414862882,-0.0942385097288082,0.012219828629176132,7.309993630038019,0.08933131592647621,0.056025068989017976
2.0059386649991655,1.3960748054534997,0.010515416730473305,7.32131372938199,0.07698950257870989,0.06283185307179587
2.0008996244722757,0.3101108733918735,0.013040533153855907,7.3483143438160905,0.09583136910436214,0.06213372137099813
2.068051028362692,0.10335542670505604,0.012857003960790831,7.368085201534158,0.09473672075096236,0.06091199089460211
2.1301623172552615,1.304810038115814,0.011154194887566431,7.38940010230613,0.08242622725392351,0.06702064327658225
2.230003636811122,-0.5892500719556237,0.012135180012003734,7.407820839108141,0.08989965237457513,0.06021385919380437
2.399657635019083,0.3713125970333716,0.011945923826635046,7.427766645745531,0.08873575560709748,0.05951572749300664
2.492237661039014,1.6549385196679507,0.011746324061576857,7.457450283218321,0.08760165671600256,0.06876597252857658
2.5741989946645116,0.4340831143291577,0.012705610001484714,7.475984379628285,0.09499205356213136,0.06771877497737998
2.6582225217422986,0.042210014216109995,0.012668593995492783,7.505762244788928,0.09509254179814453,0.06527531402458793
2.6428137122205904,-0.1783420013396838,0.012453247865140077,7.535543472655527,0.09384684207557471,0.06527531402458793
2.578287761991556,1.4827345854749414,0.01076114626111358,7.556836612585859,0.0813233632269336,0.06806784082777885
2.6183157747601977,0.9523683556829965,0.011852934072515616,7.585393783064587,0.08991338316923149,0.07190756518216639
2.505593082504166,0.12890660561154973,0.01293140003393631,7.6138845861334135,0.09846367585831896,0.06894050545377602
2.6380431864977893,-0.28649320669208106,0.012543198905301001,7.633698125149206,0.09575601584279234,0.06230825429619757
2.620410797698781,1.5486473990561325,0.011185789790660483,7.6646932295284005,0.08573922325654527,0.07068583470577035
2.500320712973053,-0.10848049200795284,0.012241153074532224,7.6932879513097,0.09417941963648739,0.06527531402458793
2.44730888802468,0.9059484919471319,0.01184645520252079,7.713185506304028,0.09137818123481226,0.06894050545377602
2.613865490943273,0.09689272444782962,0.011600534371997307,7.742983430704045,0.08982677486732911,0.0656243798749868
2.521323737831068,1.4803362217006188,0.011201847718227713,7.762960069085587,0.08696313398538529,0.0656243798749868
2.409716212944755,-0.9108610130605912,0.012225060713152372,7.791417871547059,0.09525530193708753,0.06021385919380437
2.4572144807210483,1.1880754407928622,0.010722441542352808,7.812547987731787,0.08377279959382751,0.06544984694978735
2.5759448064240327,1.1395812271274304,0.011731791832613811,7.841191308520427,0.09199544478581859,0.06894050545377602
2.4837905352709937,-0.0844248636371978,0.01258668640828422,7.859760098365825,0.09893356016335259,0.0656243798749868
2.5184943079055158,0.9554913161274727,0.011054957993084754,7.890906777372306,0.08723719679371668,0.06859143960337716
2.508931501948394,0.14536503085443456,0.01203876314015122,7.919486406455126,0.09534542727883626,0.06597344572538566
2.5224799807173297,0.40868912349601216,0.011620667042237373,7.939380298320118,0.09226504816023667,0.06544984694978735
2.6050714221020663,0.4407555509955296,0.011514519548805002,7.969115028153085,0.09176458632440328,0.06527531402458793
2.59336795674428,0.5606395031569046,0.011092937444085465,7.98901075215813,0.08862523175156699,0.06527531402458793
2.59569018826011,1.9356225500353768,0.010806891469669932,8.01891780366757,0.08666294819159773,0.07557275661135447
2.6424059256950065,-1.0177604832007856,0.012988402436371038,8.046343439248773,0.10451502397564902,0.0651007810993885
2.816158740268483,0.9238584793885908,0.011322976321859923,8.067441925950874,0.09135135798511726,0.06754424205218056
2.7362614127968046,1.2348777326883453,0.011024553334308195,8.097229280034316,0.08927195281464588,0.07103490055616922
2.658738317778573,0.08286241924411925,0.011946699981863648,8.125823170638537,0.0970813901723828,0.06702064327658225
2.731720232934059,1.424594649712925,0.01163786840725548,8.155724036563903,0.09491952844182669,0.07295476273336297
2.9044300281475772,0.37365633811765603,0.012541144797239782,8.184480250126219,0.10264813347359128,0.07173303225696695
2.7986215801453174,1.071506926261617,0.012096247495325726,8.204415412382897,0.09924748003394221,0.0736528944341607
2.8140193555330892,-0.22783949073878437,0.01280925831366113,8.23307367418169,0.10546533561984735,0.06806784082777885
2.8342953178436874,0.1776118763801157,0.011277919689578484,8.26406992104734,0.09320546855907236,0.06527531402458793
2.832598606384521,0.1776118763801157,0.011126425122675218,8.293903126154962,0.09228530036409469,0.06527531402458793
2.8462616281168187,0.4876790997293174,0.011818374555279428,8.322662181637227,0.0983649186754262,0.07382742735936015
2.8268609276847956,-0.026518854803100175,0.011482830066771818,8.352519505122807,0.09591477777047254,0.06928957130417489
2.886012831447734,1.4579874223324387,0.01114463487268347,8.38242786353855,0.09342296571843935,0.06928957130417489
2.9666959240974977,-0.8206640337979795,0.01198696165139664,8.411080495082116,0.10082812862644952,0.07557275661135447
2.803256913391001,2.1929253594708755,0.010460831328221171,8.442072702999344,0.08831432001249906,0.07592182246175334
2.852213191125063,-0.34327448984289116,0.012464643961787949,8.469746940418489,0.1055778478988448,0.06928957130417489
2.861151991627703,1.0246697653182342,0.010822479954613426,8.490763879152645,0.09189470966497168,0.06928957130417489
2.8613246161871535,0.805209248001955,0.01163669699860466,8.519550720811072,0.0991439054579273,0.07312929565856241
2.863910170472653,0.8392230865888947,0.012266204553722265,8.54834769386763,0.1048610405849015,0.07417649320975901
2.691618115207194,0.6548536142234631,0.011899501600729766,8.578226186501094,0.1020814344635353,0.07417649320975901
2.904200517289883,-1.0423093447241456,0.011530612428936096,8.608018818638811,0.09926012786189849,0.06318091892219473
2.994337492230222,2.7073805319072117,0.010006863395515847,8.63900869310351,0.08645226558307616,0.07906341511534314
2.8460903186302753,-1.0150550287172433,0.011759958550973977,8.666758445711164,0.1019254187833319,0.06754424205218056
3.055445160933763,1.6120723979755973,0.010235447097482482,8.697705821612692,0.08902801681654399,0.0762708883121522
2.9735612932301976,-0.0845182759658335,0.01099837993086266,8.72655886392562,0.09598188003463337,0.07260569688296412
3.1226988079223212,0.34972204026102716,0.010614359154726307,8.756444841298507,0.09294754112345285,0.07260569688296412
2.8682064128440206,0.5959279220212303,0.010228227656613464,8.7863074753423,0.08987148715836657,0.0715584993317675
3.0990690529768363,1.5065104133921037,0.00983995245717608,8.816192665678706,0.08675371666815626,0.07749261878854824
3.1133778891661277,0.7317529286981489,0.011527055600989612,8.844082928138537,0.10195075119350476,0.07906341511534314
3.1975820873130516,0.16276763012244858,0.011127046287976521,8.874020324382226,0.09874571021709601,0.07906341511534314
3.1138385356454155,0.6573445483906262,0.01064883973422475,8.913872280361732,0.09492598548429589,0.0757472895365539
3.159798307775501,0.7524778508154815,0.010244262331841818,8.943748627252472,0.09162531239345906,0.07592182246175334
3.1491269608764343,2.1598606580758006,0.010773380861925478,8.972696697534564,0.09667001893562678,0.08604473212332044
3.306932857077398,-0.5263397108530468,0.011293461230257602,9.001660096928077,0.10166422151111164,0.07661995416255106
3.2637786423495583,2.5035946573236414,0.010968867521002894,9.041500830310719,0.09917900243938163,0.08936085770210968
3.31,-1.5987620492722718,0.012571479833748855,9.069520311867544,0.1140232985930924,0.07190756518216639
3.1764897626049726,2.229521349787212,0.009952261894768926,9.101288859709733,0.09058140095246672,0.08220500776893293
3.2545802135124835,0.08245570545049805,0.011625635835965086,9.139294845067262,0.10625490068423678,0.07644542123735164
3.2402427007241954,1.1733678252396695,0.01101788978354687,9.16921635141885,0.10102950331616256,0.07853981633974483
3.2972305407119094,0.6527725804490664,0.010582940730367911,9.199128930468417,0.09735747090389853,0.07749261878854824
3.284209049390408,1.5953099854504456,0.01113747210079584,9.238096635220641,0.10289329798196334,0.08360127117052839
3.3304860026291925,-0.38354928358293394,0.01159622772004541,9.267138926589858,0.10746867054272344,0.07557275661135447
3.3574755362572546,1.7367761849408934,0.010076575055470775,9.297930580173594,0.09369446653622011,0.08237954069413235
3.4735527437468274,0.3992668071808972,0.011675741022113422,9.336051264538938,0.10901027031204252,0.0804596785169386
3.414253034668085,0.7303550056163332,0.011046618353519888,9.366008140689262,0.1034669260733885,0.08115781021773633
3.6477628878001194,1.1709542678996467,0.010670881355456251,9.405842288230662,0.10037243686123729,0.08499753457212385
3.485594465539725,-0.21805231549385942,0.011173513031973987,9.444906677212565,0.10553717989411011,0.07906341511534314
3.6215125259223346,1.3763402557288127,0.010535488076955058,9.474834012209508,0.09982569422861565,0.08377580409572781
3.4935212869041745,0.24695653126345413,0.011021522345957062,9.513915024142024,0.10486207307407934,0.08028514559173917
3.60225633275909,0.9283849588210517,0.01055134421339643,9.543826793646277,0.10070393879273025,0.08028514559173917
3.607444140240948,0.233447022291509,0.009980304068060289,9.583793145102645,0.09565234559874704,0.0788888821901437
3.6373196528340586,1.6364706332131078,0.009332315467130257,9.613670833931982,0.08972041368129724,0.08621926504851989
3.6626648862512825,0.27307473367616475,0.010823709718677972,9.651932249598724,0.10447379272122352,0.08342673824532895
3.709915588373387,0.5642688538005521,0.010411876515094875,9.691949027408086,0.10091502312776414,0.08203047484373349
3.6786951727982333,1.8675541881105902,0.009823288766445674,9.731852221015622,0.09560186971713862,0.09005898940290741
3.6656002916288717,-0.22581795954092082,0.01018419588535531,9.76097655479183,0.09941113419302208,0.08307767239493008
3.5684799195804877,2.400624861304403,0.009587389434012565,9.800909555389142,0.09396801585118661,0.09337511498169664
3.4884658099775443,0.3664079088353326,0.01084175679300353,9.839338416685148,0.10667989399998744,0.08901179185171082
3.5167498382738818,1.617029773482122,0.010166654630634712,9.869373974073904,0.10034197378325475,0.09407324668249435
3.5898600320150305,-0.4441731926781022,0.010562714752218682,9.908575712656615,0.10466535141982393,0.08360127117052839
3.430411914200876,2.2815488124407146,0.00994565318111545,9.948458137013287,0.098947176825976,0.09197885158010118
3.5731028317115654,0.5039107486209629,0.011263693786603766,9.977049473423602,0.11238318291732796,0.09197885158010118
3.5419128463897422,0.3767968080904149,0.010635032342342435,10.017040451749892,0.10653556573898208,0.08395033702092726
3.4608275328359417,2.460746907596508,0.00994410709430075,10.04702270730289,0.09991196307568057,0.09599310885968812
3.409024360167231,0.8295416939412765,0.011116864541522652,10.085562472977752,0.11212445082990245,0.09529497715889039
3.491006960882002,0.10530841248623815,0.011404452210458093,10.114897743071971,0.11535986926160771,0.08918632477691024
3.503573823509901,1.940916303876653,0.010757397393074148,10.155002662901627,0.10924561323073995,0.09721483933608416
3.4003876638990933,-0.7072324109157005,0.011892778819098136,10.19372368618767,0.1212374170635926,0.08499753457212385
3.503516138566726,2.3471350923301264,0.010204662596935104,10.224418848122589,0.10434036645282393,0.09616764178488756
3.533848582881079,0.8628761683216984,0.01149471616128703,10.263119237165341,0.11797683864065728,0.09616764178488756
3.7149032699714435,1.1845079876521725,0.010603576994383494,10.29317489995737,0.10914856333600277,0.09861110273767963
3.505782871762721,0.3769474973954925,0.010729507446698617,10.332535397776983,0.11086726995919217,0.0947713783832921
3.59527867631927,1.0858403591373536,0.010007961428801232,10.362637694157623,0.10371234095177122,0.096342174710087
3.545695416745833,1.712454883594616,0.010121008937598316,10.402054612376453,0.10528288260357421,0.10210176124166828
3.5916688945167206,0.5519024221100366,0.01135636589087143,10.440865586875065,0.1185753873049414,0.09948376736367678
3.5933977534436963,0.794926173772419,0.010448954147340742,10.470970601440145,0.10941467370971983,0.09843656981248018
3.5238347715552902,0.5294896910544317,0.010537317383668263,10.51036025821219,0.11075510112083203,0.09389871375729493
3.5588463616519346,3.0932127773045526,0.009844962700481063,10.550316593788523,0.10387082919998541,0.10838494654884787
3.5332184378826472,1.5735606047804955,0.011764501091017952,10.578725733759915,0.12445917235048118,0.10838494654884787
3.527700428656135,-0.640182248146427,0.011650842244345838,10.618187385529845,0.1237164240438019,0.09896016858807849
3.4420651244637894,1.8911654297507356,0.009787447106844966,10.648768286778305,0.10422758451108814,0.10349802464326374
3.521544221396402,1.3715992521057336,0.01094909913137795,10.687846271084705,0.11702696486605126,0.10559241974565693
3.583379564723501,0.25327813645695285,0.01081567091659046,10.727265281891814,0.11602709539356437,0.09896016858807849
3.4774994515173034,2.3519589479589462,0.010057208497736256,10.757394286940334,0.10819300507597673,0.10873401239924674
3.5665106845817216,0.5305288410632631,0.011937836589807684,10.795846899897182,0.1288851787567834,0.10349802464326374
3.5585878699451174,3.0171081009403973,0.010995596372322362,10.82607902396465,0.11904399287854685,0.11606439525762292
3.4719454464008135,-0.405511308102672,0.012672252297832852,10.864671347472589,0.13768722673978148,0.10524335389525807
3.6099907164307217,2.128606337828203,0.010836827593438125,10.905230997296313,0.11818273455586387,0.11309733552923257
3.5197302718857832,0.0058503268345372565,0.011540899439834903,10.93439442505926,0.12619834943017624,0.10471975511965978
3.6575545298799774,1.9417319304639722,0.010616925620607804,10.974449594549029,0.11651929308899306,0.10471975511965978
3.5991012560886726,1.9542244006330354,0.011506738460060997,11.013728177236581,0.1267376832239567,0.1153662635568252
3.5851163467661604,0.5511396919525458,0.012355830265074065,11.042953697764247,0.1364518054603967,0.1153662635568252
3.5609933413487163,0.8522306986268365,0.01124173143173861,11.083142262523655,0.12459895757371472,0.1090830782496456
3.6460271619268387,1.974909524627061,0.011174225524931174,11.112814727203142,0.12418226662477264,0.11431906600562858
3.7854751266123916,1.7765050537510638,0.011848004284392949,11.152278282259465,0.13213842391295397,0.11850785621041497
3.69225358110657,0.6789222990759816,0.011789971496059167,11.191976396041085,0.13195919701079387,0.1137954672300303
3.646369848536954,1.9796702574460747,0.011550389077293971,11.23171237006663,0.1297364173726626,0.11798425743481668
3.6847437263752996,0.549825233070277,0.012170215013598188,11.261197703126616,0.1370579641650394,0.11344640137963143
3.592560590965009,2.268286556913014,0.011204668028568163,11.301267346472384,0.12663224829472103,0.11344640137963143
3.7524581143944156,1.665214001562172,0.011826743983705553,11.34089918178127,0.13413216499865285,0.12304571226560022
3.646306696251475,0.026536747103175648,0.012436248118561354,11.380322257446098,0.14153580799331789,0.1137954672300303
3.6699282972986706,2.9943657724423174,0.011265231194828201,11.410472248464155,0.12854704573999687,0.12601277199399058
3.658230731671526,0.1171606946513187,0.011856904392468937,11.450124872458147,0.1357693983879726,0.12601277199399058
3.554494637172976,2.8146022036813485,0.01174066820215654,11.489853284795052,0.13490475373688973,0.12688543661998777
3.558013307550049,0.523673222970938,0.012123171540567901,11.519481680206718,0.1396594945132207,0.12147491593880534
3.521734898342284,0.23994029294165495,0.011817304511055253,11.55940859990736,0.13660741046713776,0.11292280260403312
3.6287580004948405,3.653137250376819,0.01080582886683399,11.58955472177115,0.12523961957807692,0.12932889757277982
3.587462837304877,-0.3054708389434195,0.012036334347840598,11.628939388283714,0.139976562277687,0.1165879940332212
3.275643391577995,2.746487620985641,0.01102736110182957,11.669069218529435,0.12868425615461448,0.12688543661998777
3.27564590227833,2.7482994739079576,0.012223550996549894,11.69865996662497,0.14300628920200284,0.12688543661998777
3.058571359968819,1.9208584455462492,0.01102359959870196,11.728804165749665,0.12929887839295384,0.130201562198777
3.5276160939705545,0.189309022534338,0.01152429267553991,11.758520113173422,0.13551462647042323,0.130201562198777
3.913550543008871,3.1659651813026315,0.010325443894419068,11.798757247303298,0.12183173570004613,0.1213003830136059
3.2765782215136343,0.9666834947810511,0.012330519829561896,11.838282188183827,0.14597957167269313,0.12845623294678266
3.2820299489705715,1.5006319278042919,0.011117200058416042,11.86848572374728,0.13194976621067706,0.12845623294678266
3.42632438366636,2.440910337734158,0.011584706465110594,11.898319745183173,0.1378447082336486,0.1377064779823526
3.9468388990146854,1.6490501559723165,0.011869175798436823,11.938216607491668,0.1417034459645349,0.13892820845874862
3.975900085924692,1.286091326867123,0.012142293884327072,11.978274469164933,0.1454508770999309,0.1356120828799594
3.820085686168584,1.974724762099387,0.01157229788344276,12.018452949531197,0.13908732645470645,0.1356120828799594
3.3963067472894806,0.6336665020953555,0.011826089177478554,12.058518771095207,0.1426117667859913,0.13596114873035828
3.7092283833031057,2.9518467351129987,0.011246612946140655,12.088643430076075,0.13596202619498046,0.1488765851951163
3.9290711623682615,1.1318035608120813,0.01230718979600065,12.128643307870696,0.1492770520791997,0.1460840583919254
3.7131905546080635,1.6521637572353136,0.011708092880329335,12.168857003276818,0.14248061848905313,0.14625859131712482
3.59105881452818,2.413575908148391,0.010929180144996224,12.209148828580696,0.13344130006030983,0.1525417766243044
3.421017466391689,1.239355290255738,0.011787032448779008,12.239372080879564,0.1442725573928316,0.15079644737231007
3.5669123603458393,2.2633177440943837,0.01116764548015257,12.279637024593665,0.13714033417496144,0.15079644737231007
3.597616100399221,1.5027913899178602,0.011191494383027915,12.309901866030296,0.1377719495954024,0.15341444125030157
3.567996818030996,2.31849060785586,0.011195051680474171,12.35020194556147,0.13826692538667446,0.15463617172669758
3.522744861329157,1.9664511293810591,0.011201998114486791,12.380597377607707,0.13869322982434779,0.15393804002589986
3.6323093010481116,2.0309198756073785,0.01136090463695017,12.420942404649985,0.14111921363874252,0.15393804002589986
3.514706013809085,2.3596190026492274,0.011351277126873584,12.451378055212032,0.14134511381128703,0.15376350710070044
3.4079693761493024,3.0478426346322665,0.012117020061125573,12.491929606031157,0.15137236998450243,0.16057029118347835
3.45882776177039,1.5878525011520885,0.012887330458756457,12.522560075337806,0.16139130477886693,0.15533430342749532
3.5811302953436455,2.554942553752509,0.012033378485232001,12.562939362770532,0.1511819014668795,0.15865042900628457
3.659987256234935,1.7711092614813801,0.012783051084032689,12.593638256544985,0.1609938904065237,0.1541125729510993
3.5141804833438175,2.000851508390712,0.012706467929447393,12.634255783494924,0.16054540626860228,0.1530653753999027
3.503317858786415,1.4762123240914995,0.012644680168518378,12.664836476948553,0.1601513421511265,0.1494001839707146
3.2150355135810016,1.4819619158031376,0.01193807670623089,12.705275309227078,0.15168375715595694,0.1457349925415265
3.305014379612752,2.53187334266298,0.011862591555128761,12.735913543249051,0.1510880276015433,0.1457349925415265
3.256289258625832,2.243292360468108,0.012737181527108057,12.766815743667633,0.16262204411746398,0.15062191444711065
3.6569547171886554,1.0301010447078565,0.012616793848767393,12.807528989919023,0.16159852767462846,0.14817845349431857
3.5362026607047445,2.9844746510334526,0.011738608538761443,12.838010197003424,0.15070729841674163,0.15428710587629874
3.2169827564450313,1.0308287916949648,0.012553789210379017,12.87900844106323,0.16168885122327786,0.1488765851951163
3.3782857060726235,2.127150044239483,0.011664902181508976,12.909557678475004,0.1505955580975856,0.15114551322270894
3.4785158555058784,1.7100355979725805,0.01154492549099143,12.940368424146115,0.14940222704883943,0.1488765851951163
3.768287872785103,1.866677620164347,0.011559339139606129,12.981174415620057,0.15006048116993292,0.14782938764391973
3.58820588329186,1.872173162517622,0.011424598289143599,13.012040724620999,0.14866380619537378,0.14713125594312199
3.57835308826519,2.317637751264428,0.011422357456993415,13.052902744663976,0.14910140548986844,0.15097098029750952
3.51838480255186,2.0321878152360418,0.012036433096674256,13.084184885608675,0.15749452178444048,0.15097098029750952
3.098438285043682,0.8827099466589277,0.01201536731861923,13.125112446123879,0.15771063672310062,0.15219271077390556
2.82,1.9433991945163605,0.011090759029469769,13.15575574830283,0.14591329958940089,0.15079644737231007
2.98,1.8963802291112168,0.011095050092846554,13.186731678989645,0.14631345232390863,0.15358897417550102
3.4920003814933405,1.4866549737301347,0.010918202174894767,13.21780662746984,0.14432041978772228,0.1514945790731078
3.803727776676961,2.21591534104911,0.010734835125182366,13.248900389727954,0.14223022469554128,0.1525417766243044
3.2133356657202516,1.9726809663900082,0.010503093187333033,13.289966877684446,0.1395908935988897,0.15358897417550102
3.2734088135256036,2.444213571348643,0.010480389835566217,13.321094036787844,0.13961537029679696,0.15865042900628457
3.446335452106035,1.787436342529204,0.01102429154448952,13.352816871747972,0.14721130995836695,0.15812683023068627
3.9653924517467294,2.7101718749374997,0.010812407133442958,13.38415552981517,0.1447205784412409,0.1624901533606721
4.207838388780449,1.7975843077307982,0.011117033972462139,13.425958521551582,0.14926298610770436,0.15847589608108512
3.603286773876938,2.544873849355538,0.010842502118990184,13.46727293403555,0.14602465758153457,0.1610938899590766
3.3401799386458424,0.6603639586867497,0.010560140367383238,13.508518058555008,0.1426571497715149,0.1541125729510993
3.6877668610152705,1.748572549885525,0.009582050804892557,13.539262425993147,0.12973787110865884,0.15481070465189706
3.9938001922073356,3.416011256666765,0.009287072144283889,13.58067595961826,0.12612834360361194,0.1647590813882647
4.122348532385127,3.060539433774739,0.010500176523946015,13.613297787148515,0.14294728336601845,0.16667894356545848
3.37460810017673,1.2674736813262204,0.010916495845833422,13.655317472210621,0.14907413822176846,0.16004669240788003
3.301719599322327,2.5286833603845795,0.009689907432363554,13.696113622711701,0.1327182270418208,0.16441001553786586
3.6659810392242083,2.2025477536508657,0.010140666464891602,13.72824736025557,0.1392183497461818,0.16441001553786586
3.9728489370979854,2.317055477638554,0.01058196986339731,13.760442794293313,0.14561802633942564,0.16598081186466074
3.810857172789094,1.8556125093995024,0.010060446392781211,13.801894160207157,0.13885790107143,0.16126842288427606
3.675772766898994,3.440116793801161,0.009705969099921156,13.843548872705814,0.1343692770749318,0.16126842288427606
3.4144143184221254,1.5396152374900807,0.010663998752729454,13.876562077940116,0.14798525040430052,0.16406094968746698
3.611562575432656,1.4719978835482725,0.01029144769232963,13.918119464051149,0.1432426556048096,0.158824961931484
3.7343012864101013,3.0401687063788083,0.009971820004222653,13.949766401182277,0.1391091705593114,0.16283921921107095
3.4499740888455466,1.9829578552312765,0.010123251329609942,13.992190148910666,0.1416512963807275,0.15847589608108512
3.2676856136295696,2.401396817542658,0.009789932234337875,14.02389736066603,0.13729739117116246,0.15725416560468908
3.0863161631353977,2.9114037551983047,0.010159788242129385,14.056229269308432,0.14281322668164378,0.16179202165987433
3.488300269319149,1.6351395430206426,0.010520548739432685,14.088795436449317,0.1482273278057677,0.15603243512829304
3.3827094728714315,2.740533560245024,0.010167358652560797,14.120503573846818,0.14357317152507343,0.1567305668290908
3.3239052719095823,2.0039042625938315,0.010512151313403745,14.153066421386216,0.14878465630958612,0.15236724369910498
3.256549959270531,2.4920329423529513,0.01014645291227217,14.184789188412607,0.1439302348348379,0.15271630954950383
3.29780987175179,1.8071062700009304,0.01064987653839743,14.217451566258303,0.15141982858702155,0.14905111812031577
3.3340811614750656,2.0512565476735425,0.010202865609256302,14.25923028825622,0.14549005878822824,0.14748032179352083
3.428730310433031,1.869168179215193,0.009818764930446823,14.291065248160526,0.14032511980117068,0.14364059743913332
3.533023870585782,2.5907039986987574,0.01029852853797143,14.323725499717883,0.1475185111216446,0.14625859131712482
3.4178164782901894,1.535100856266661,0.010076821607845444,14.355560384739167,0.1446633175944406,0.14206980111233844
3.598092530155509,1.389018484001671,0.009777969640087583,14.397382695747725,0.14078165757430686,0.13718287920675432
3.522498461441688,2.06156006217383,0.00954522989585097,14.429259856696305,0.137734785654897,0.13805554383275148
3.4403735891483427,2.0685339565226317,0.00930736381858539,14.461135428169829,0.1345989353172006,0.1377064779823526
3.679570683450325,3.114301350119541,0.009676104735161385,14.504007534565288,0.14034667609091067,0.14503686084072878
3.556018771264531,0.23111839745488935,0.009935104957830313,14.536950122402814,0.14443087734376323,0.14503686084072878
3.4440623520018145,3.5087410795252705,0.00917050760655775,14.567921670820722,0.13359898166005763,0.14521139376592823
3.390922280065504,1.7094319607707562,0.010096832471817937,14.601938120724299,0.14743833325357394,0.14224433403753786
3.4981644002554426,1.5228241194892504,0.00975091208819953,14.643939286086615,0.14279629033631716,0.13945180723434694
3.4276264487985677,0.6711024162277865,0.009476921915346359,14.676010772337287,0.13908757205643246,0.13107422682477415
3.5835121172854967,2.9327999051135962,0.008697230013640643,14.706960486787118,0.12791304336274636,0.13840460968315035
3.6014643620323548,1.3871688552029073,0.009009733912624869,14.75007366709993,0.13289783495908258,0.13578661580515886
3.1819232596686335,2.08102420610981,0.008720531206459927,14.782248521339596,0.12891232737569727,0.13735741213195374
3.27,1.7552249265009234,0.008426554016122252,14.814388805243759,0.12483720226115225,0.13735741213195374
3.4982078324912567,2.123584949935382,0.008127798298769804,14.846547759529514,0.1206724028849781,0.1392772743091475
3.6081392538536914,1.4118408011427854,0.008491354906461036,14.879905029409636,0.12635359142263858,0.13648474750595657
3.4781490610959875,2.588799271809897,0.00809934003140458,14.92209701316667,0.120861780519228,0.1408480706359424
3.238281338796265,2.185197272137245,0.00844782208359705,14.955529843186223,0.1263446608537646,0.14224433403753786
3.356916182908886,1.9337970780666793,0.008126670671277227,14.987785561468622,0.12180347877488164,0.1434660645139339
3.716836581314454,2.3478511586376762,0.007800875409402996,15.02010026364242,0.11717230759086941,0.14486232791552936
3.476276494653158,2.234925686609898,0.007954797492446285,15.053653688219367,0.11975129252801345,0.14643312424232427
3.207929583507772,1.7568497111458121,0.008189498844588977,15.097211099767515,0.12364135699211896,0.14486232791552936
3.3768963663383205,2.4364062973933573,0.007846528128047606,15.12956171790013,0.11871696798344251,0.14835298641951802
3.486680441479428,1.5094517924649071,0.00797821420161367,15.163231315886964,0.1209780742658244,0.1445132620651305
3.436295665549141,2.1401771603379807,0.0076247716486528725,15.195666775683593,0.11586573458989308,0.14468779499032994
3.4362955352185156,2.1383249605194994,0.007266889657960738,15.228120948536791,0.11066302259064557,0.14468779499032994
3.324955390429184,2.4267283800043304,0.007379238993426623,15.26184971320019,0.11262288074710466,0.14817845349431857
3.364814917889033,2.152555813850149,0.007658663686447027,15.295641470062781,0.11714646431031613,0.14817845349431857
3.3547744253234373,2.613187912866344,0.007110159441450545,15.3281879013776,0.10898769653484451,0.14974924982111348
3.254891856706503,2.0649161277058634,0.007201863102854716,15.362075798831997,0.11063747969067594,0.15166911199830724
3.053067097109866,1.5478835841752319,0.00746079779292878,15.395941528623636,0.11486813790573165,0.14905111812031577
3.0826982653569655,3.4820294555946645,0.0068965199039594605,15.42850494248639,0.10640467836884543,0.15795229730548685
3.4719496700088555,2.863823834806425,0.007701910837756844,15.453962858579438,0.11902739758190709,0.16283921921107095
3.30991162348371,2.345587845831566,0.007765384682054215,15.488022893148095,0.12027287327230823,0.1624901533606721
3.019642549770549,2.3283868202817386,0.007647159000705503,15.522117061919673,0.11870241107679715,0.1635373509118687
3.150069013538001,2.605805863013531,0.007060758349950112,15.554832924515003,0.1098307416384724,0.16650441064025906
3.300529213121035,2.277791850382862,0.006929853729193301,15.588962851983505,0.10803096167865062,0.16790067404185452
3.5883519923212734,3.426253896100675,0.00696637973097517,15.623201477408488,0.10883891477790186,0.17348572764823636
3.32869702613819,1.9050868443526146,0.00745226454338382,15.658971417795199,0.11669695779437812,0.16912240451825053
2.8909866324276954,2.896300968997077,0.0066693214182590365,15.69181509417784,0.10465531018766477,0.16912240451825053
3.1500778017495157,2.9890509267732157,0.0072389300293042025,15.717773204006694,0.11378184791678002,0.18151424220741028
3.6815470916173454,4.113259079191324,0.007072260955585736,15.752234021412834,0.11140576702852283,0.192684349420174
3.522016087223968,2.0969971113562176,0.00797416556160921,15.789800986142877,0.12591315608624248,0.18797196043978928
3.062911499971681,2.7213694291465123,0.00699279437558014,15.822820515578323,0.11064753383733587,0.1881464933649887
3.325079431189889,4.112434851632808,0.00725140968205532,15.859026497868657,0.1150023140217,0.1975712713257581
3.637011124835682,3.5208169453770677,0.007605835622810325,15.885426198394962,0.12082427031601477,0.1975712713257581
3.4784362420035175,3.287773490070659,0.007671205757188194,15.921798325247902,0.1221417868956032,0.20629791758572977
3.13,2.007265278185898,0.007901262656144529,15.958226737786989,0.1260927649808879,0.20053833105414848
3.1914621816060853,4.667560089651993,0.007331321525593615,15.993083104522183,0.11725253513949827,0.21519909677090082
3.4738842006574124,1.890481771813852,0.008093140510435594,16.021495270562216,0.1296670434415466,0.20769418098732523
3.3953648141594504,3.2158891297116123,0.0068948155467268716,16.0547464367413,0.11069626944721056,0.2090904443889207
3.0462048227150706,3.9920687410858617,0.006915740282691775,16.091450530854242,0.11128606682559984,0.21467549799530256
2.8958878761555833,3.7597410479584403,0.006927056544276039,16.128187182676896,0.11172265154754266,0.21903882112528836
3.2613733620298095,3.066728258543941,0.0074763047126893,16.157044080989326,0.12079723547336303,0.21746802479849348
2.8883153795669507,3.439433161480547,0.006976036760102701,16.18230197706519,0.11289016473099737,0.21694442602289515
2.9049500845062366,3.615146044417225,0.006786172899062303,16.219396184036192,0.11006931647106834,0.21676989309769573
2.835648580196858,3.8175207268593243,0.00687840865168112,16.24662340155322,0.11175267740446537,0.21781709064889235
2.8954896776191266,4.256981838737452,0.006788809869101116,16.27391402908668,0.11048220547384677,0.21781709064889235
2.973395154713089,3.234420819200573,0.00746806509032232,16.30318798154905,0.12175553255075096,0.21903882112528836
2.987266141203626,3.2875443291928823,0.007362564351736129,16.33074172256962,0.12023830945204732,0.21642082724729686
2.9228164247736044,3.9951121445080378,0.007302551120336672,16.368202213661178,0.1195317581875873,0.21799162357409177
2.715342791850258,2.1040310524458348,0.007181461176723182,16.395870551747073,0.11774833205958335,0.20629791758572977
2.8547941251345583,5.187672897284255,0.006806008380170252,16.421537013388424,0.11176684427900255,0.2165953601724963
2.934114518258044,1.7055558527881929,0.007266693536531992,16.451316573593903,0.11954878007138434,0.204378055408536
2.7348927582931606,4.820805294745634,0.006704819361452248,16.477184985956615,0.11047820442229488,0.21519909677090082
2.521244072727623,2.9418570392333363,0.007323098289221218,16.50716548626747,0.12088575628455582,0.2097885760897184
2.506540894326823,3.0002784906012905,0.006749442866555511,16.533111948300437,0.1115909890149537,0.20525072003453315
2.57979634476452,3.105200945384589,0.006761003815707296,16.561252674983784,0.11197239866353775,0.2038544566329377
2.525682119982476,4.418280113348204,0.006351239969845434,16.587334865849463,0.10535156076283896,0.21031217486531673
2.7281453599241665,3.902636092144167,0.007068125841870427,16.607881127058995,0.11738854862752532,0.21258110289290932
3.0788366424529525,3.059197085168962,0.007645749146097602,16.638307354801377,0.1272148031457465,0.20734511513692636
3.471214912142831,2.9766204883043867,0.007043551831321093,16.66460255007338,0.11737993295253141,0.20490165418413428
3.350828125961424,2.896513405587392,0.006886871807267223,16.70285537249054,0.11503224239295165,0.20472712125893486
3.9297756727025903,3.4495418229241657,0.006721374176103413,16.74112708470374,0.11252507378133723,0.20769418098732523
4.31709501205445,3.781529131221248,0.006547104959666446,16.779413784220964,0.10985815288610465,0.20769418098732523
4.260118238292127,4.3408057400234545,0.006364035664030927,16.817907310109945,0.10703120687499125,0.2207841503772827
3.1823262790756597,3.8667036538921216,0.0071519565258807575,16.860785654160537,0.12058966207088041,0.22252947962927702
3.989943065041905,2.0559826402579375,0.006948481136293988,16.89920153515882,0.11742567291647171,0.21432643214490368
3.8471321772729596,2.9404130243409172,0.005987967816550259,16.935595704135864,0.10141101408964892,0.21432643214490368
4.4877874514438165,4.387608875484113,0.005768896515027589,16.974110729228663,0.09792297453159834,0.2234021442552742
2.5986739274341657,4.1286705322001085,0.005937478294849403,17.015132164782045,0.10102816511898485,0.22549653935766736
3.384908303295402,4.823440353608144,0.006236076689350497,17.04639498904018,0.10630400443868232,0.23020892833805207
4.8480239460712875,2.1086075386805976,0.006525160156437073,17.07790209730328,0.11143762791186886,0.22113321622768156
4.420166598005728,3.0843623081269103,0.0053848765531792605,17.124130008887057,0.09221221746951663,0.22008601867648495
2.652678839613519,5.59290444431286,0.005367173395939907,17.174922056681318,0.09218166988696364,0.2350958502436362
2.6205150703576043,5.118688084335041,0.006334402839860412,17.199497481383688,0.10895000288806372,0.24382249650360785
5.304155530345652,2.189523369679948,0.006556218781150893,17.221664424717407,0.11291061753215154,0.23387411976724015
2.9646826282308116,4.66901538262582,0.005619747227094055,17.280040299159083,0.09711048085754873,0.24120450262561635
2.150475732061936,5.094865677523964,0.005675164443316418,17.312035646221524,0.09824970393529435,0.24958208303518914
3.187924061563577,4.009618220296266,0.006020822849170261,17.324800005708312,0.10431081216773508,0.24766222085799536
5.128530828950716,3.9084365258731113,0.006059869694555371,17.357168054972508,0.10518346419923494,0.24434609527920614
3.363126151414272,4.487198812018311,0.005785830630298829,17.40878094599693,0.100725381991479,0.2501056818107874
2.2349135502445043,4.627077023149126,0.005629753727921872,17.44122586121288,0.09819084367157353,0.2528982086139784
3.10305699620167,4.6956658410060275,0.005793021653265989,17.464138989592055,0.10117126706377089,0.2555162024919699
3.381760465369423,3.7319840412190692,0.006169595818414107,17.49953347640268,0.10796641843845824,0.24958208303518914
3.5,4.770481424174101,0.005611603256351029,17.52968691132771,0.09837068072382103,0.2535963403147761
2.8455942049610345,3.577131058035626,0.005967090996451499,17.565283224007292,0.10481488739812049,0.24713862208239706
2.8535739003161558,5.148806654839751,0.005393681675095903,17.595566569368362,0.09490580529688299,0.25202554398798116
2.98138489200376,2.630870697886921,0.005887791203242832,17.621801590539242,0.1037546873157836,0.23561944901923448
3.46376491541751,6.053490078162029,0.004770850376491277,17.659012056378874,0.08424914351723485,0.2452187599052033
3.223560391794317,3.009963919524058,0.005963661138289728,17.688360147832796,0.1054886365933926,0.2340486526924396
2.6294560920468686,4.179289821061721,0.005360390243294006,17.718963595140544,0.09498146930407614,0.23020892833805207
3.0249997959777324,3.6199136466040183,0.005464436603063153,17.752513313158527,0.09700844910632068,0.22252947962927702
2.9641470309626903,5.610683315802167,0.005021775725003485,17.783216203535947,0.08930407414160406,0.2272418686096617
2.9101398686434683,2.3184176563972967,0.005811077212632221,17.810192954055847,0.10349757142051677,0.21048670779051615
2.856407824777924,3.4127311859080214,0.004993185506832222,17.83813302165885,0.08906984750081094,0.21048670779051615
2.7904518348757477,5.015675344925288,0.004705612923775758,17.869057114998974,0.08408548672611779,0.2066469834361286
2.7646745249682705,2.391878396434683,0.005645338832008157,17.896393024956613,0.10103227579345724,0.19320794819577228
2.7768124207631253,4.042895276127024,0.004986237826117477,17.924499458931017,0.08937655792781134,0.19093902016817965
2.7726272572070885,2.081852241361844,0.00555388731312989,17.94896575582142,0.09968755817348483,0.17662732030182618
2.7077975953135347,4.218113858559079,0.0048851878066478015,17.97721539836832,0.08782277209460726,0.17976891295541594
2.850490980910324,3.1418634577864664,0.004915708687053645,18.00833979923315,0.08852446543237637,0.17453292519943295
2.564232474656838,4.12302028156602,0.005111266900141264,18.030099967390466,0.09215745571031743,0.17889624832941878
2.5418185452839674,2.7897025124709067,0.005656269632945109,18.06450504319834,0.10217880099429662,0.17174039839624203
2.583001584417557,3.7333091941407326,0.005315434060826954,18.083336515432094,0.09612168811813705,0.17296212887263807
2.860409403080212,3.2644895177695648,0.0060202988518283365,18.108518389203205,0.10902000957702754,0.17139133254584316
2.5585999929766765,2.034689988863142,0.006020778206138237,18.14011779465425,0.10921894559858411,0.16179202165987433
2.697985862664896,4.062249400904818,0.005145955364636207,18.165391868072327,0.0934791208714145,0.16929693744344998
2.4154822477627724,3.5984632040280764,0.005832979220185425,18.190712932843883,0.10610725392560205,0.17121679962064373
2.623685636703809,2.5782084164710244,0.005993315799048995,18.213044896366668,0.10915783670644727,0.16650441064025906
2.2502448976307035,1.3442003144849148,0.006146521562192995,18.244907143872005,0.11214412742175991,0.15498523757709648
2.351988916167896,4.578739518248082,0.005258316026423611,18.270321872339736,0.09607201177097772,0.16667894356545848
1.7026199111124403,2.1726098984248936,0.006100034328805987,18.286599858211748,0.11155027050642408,0.16266468628587152
1.5789788398623728,3.5123867027783526,0.0053841313411296075,18.302637257447522,0.09854475511869819,0.16598081186466074
1.5328817427011516,3.8785214537276533,0.005523353037076134,18.325238864989366,0.10121779304038193,0.17296212887263807
1.532886114961939,3.8800651417869285,0.0060126076334464885,18.33830011383632,0.1102623319665012,0.17296212887263807
1.4294254180114427,4.6268738865456225,0.005115518266127765,18.35457364562793,0.09389397577497664,0.17348572764823636
1.3980946346743004,1.1701586468221197,0.005938050342366941,18.371111338835664,0.10908986616387645,0.1589994948566834
2.103844244320162,3.705116723394791,0.005211071272374547,18.387227099287877,0.09581801823848352,0.1589994948566834
1.9588242381285712,4.258108590085066,0.005688747816360195,18.40072413928561,0.104678208462797,0.17139133254584316
1.499987833938375,1.8523982861506734,0.005805304161883266,18.42361501632222,0.10695589046054864,0.16336281798666924
1.3611212941045083,2.9790326653235657,0.005407309873335986,18.443226895002535,0.0997292148815912,0.16266468628587152
1.5977882500707734,2.835868582264037,0.005365615394017179,18.453388478019104,0.09901473549701548,0.16057029118347835
1.9131452607836585,4.130567765129435,0.005322214025789225,18.463638804024352,0.09826836526030128,0.16720254234105678
1.500192541294245,3.2944974849320947,0.005932393721697173,18.490267574959706,0.109692834094644,0.16790067404185452
1.3828754140922843,1.6195797773108955,0.005883779409748116,18.50065365117132,0.10885502116812676,0.1577777643802874
1.009280304083646,3.4877772069150437,0.005139491556150995,18.51699460072508,0.09516877533838675,0.16144295580947549
1.1101984299568395,3.8700942991615044,0.005418711676828826,18.53087198991182,0.1004144352396299,0.16772614111665507
1.5288669616924586,1.6752733535345636,0.006058525353429368,18.53537736830215,0.11229842772317061,0.1593485607070823
1.4370045406827516,4.143277757906661,0.0051336648010444404,18.551856975804338,0.09523985181884606,0.16702800941585735
1.160557247940641,1.9794336735854237,0.00557978006710328,18.565978136925715,0.10359514984551137,0.15865042900628457
0.7841690584040609,4.152086004431121,0.0053287843383474625,18.586005564602175,0.09904175282817247,0.16772614111665507
1.1090941778179333,1.9232742230312958,0.005785872525915889,18.59076115560618,0.10756497450196574,0.16057029118347835
1.4996004070904754,4.284378422890179,0.0052196466050573095,18.59796015544118,0.09707566118737536,0.1684242728174528
1.4316868219381218,3.9296064738059235,0.005982483480767882,18.61588863150446,0.11137057487595003,0.17435839227423353
1.515803216885778,1.769013422533656,0.006240195038764403,18.63029117203881,0.11625815957864394,0.16301375213627037
1.9275311709336216,4.398056048910058,0.00547516071179694,18.647123006911073,0.1020970154780305,0.17400932642383465
1.9218286363650716,2.433164274701316,0.006226311852517441,18.665111269037066,0.11621630531110241,0.16964600329384885
1.7566397706585166,3.241663112579189,0.0057805087866039575,18.685354742647604,0.1080120603218413,0.17034413499464657
1.74925233611953,3.2593607840702226,0.005528303984660577,18.696305940048745,0.10335991559585747,0.1715658654710426
1.6164283289501138,4.270094750949591,0.005573823201551316,18.720327588147626,0.10434487683202691,0.17854718247901993
1.5163114473830432,3.780331193640836,0.006308178282288751,18.738833774684704,0.11820947223134953,0.18552849948699723
1.3885712149446499,1.709743223055709,0.006368489050494969,18.753795059845785,0.1194349531653407,0.1768018532270256
1.4415105483308397,4.067413903302673,0.00541271065181612,18.770647715529822,0.10160107705031195,0.18291050560900574
1.5125168877098003,4.772143876254897,0.005842208162092309,18.7762536924533,0.10969603060463404,0.19390607989657
1.867992164401534,3.7961662890670644,0.006387279265651389,18.795009951001354,0.12005060994388983,0.19530234329816545
1.878840375839544,2.971638473795989,0.006435711389579311,18.81032030403208,0.12105946398924726,0.19355701404617115
1.7533206996481872,4.265154725108302,0.0061037019107981465,18.834879964251083,0.11496392049806847,0.2012364627549462
1.8803291100898722,2.705127297509831,0.006145022321734903,18.850179146004475,0.11583622966675053,0.19722220547535926
1.8789762536745176,4.2590242088698655,0.0058044638249277756,18.87482161661515,0.10955944969673764,0.20263272615654165
1.8354059454268488,4.6888596116695,0.005838657902232036,18.890105302525026,0.1102941159075182,0.21153390534171276
1.7269453813154974,3.98006209830729,0.00618225576149721,18.90958284247921,0.11690536686475142,0.2150245638457014
1.5984369175447237,4.166920922933718,0.006346320359768952,18.92911755936633,0.12013185696529548,0.21781709064889235
1.9402481400203138,3.3495642127748884,0.006194671583075497,18.944904598266692,0.11735896333869875,0.2158972284716986
2.041704838529627,5.330314750958507,0.00586527012173018,18.960750002821296,0.11121119575344059,0.22706733568446227
2.0935772143433904,4.2425783213894634,0.0064996885127633856,18.98434090697943,0.12339404015322036,0.22706733568446227
1.7993726049667849,3.6387181579768804,0.0061622364412523365,19.000250894018404,0.11708552049146408,0.22689280275926285
1.8736544278490586,5.082468970926444,0.0058214992962413855,19.01635042037024,0.11070492118329783,0.23701571242082994
2.1953817730520457,4.3498232156693115,0.00626430783420049,19.040431733157877,0.11927668587744476,0.23771384412162772
2.014001243650252,4.106056588890634,0.006394944354023326,19.060778444280373,0.12189427913498173,0.2371902453460294
2.2495885956478476,3.1471236458873677,0.005867509594379073,19.076950591755587,0.11193547519072684,0.23055799418845094
2.4768595219775014,6.085904628376962,0.0052968946100976745,19.102507640543855,0.10118491608050018,0.244695161129605
1.994234008587188,4.4935699859149825,0.006191619142925974,19.131095689361427,0.11845397198891916,0.24993114888558798
2.2529215880815174,3.679256079595669,0.0059518768789885304,19.151612569585055,0.11398938606996453,0.24609142453120045
2.4041035353059015,4.170484148419918,0.005190182139827149,19.177393055217696,0.09953505668338307,0.24731315500759649
2.219506111473985,5.727704863333343,0.0051147676448153505,19.19829297434464,0.09819566403630627,0.2583087292951608
2.3379816527739865,4.026611495858564,0.005331615162482246,19.22360154451505,0.10249381664127925,0.255167136641571
2.508660748759313,4.9222450058751965,0.004599408875694636,19.2403374792221,0.08849480299710674,0.26162485487395
2.360452246871176,4.884884898237101,0.004803896370442965,19.26575115390198,0.09255138399224616,0.26878070480712674
2.6198415948574256,4.228229660531959,0.004532250445289039,19.287040001954228,0.08741429417222588,0.26825710603152847
2.8404036708071216,6.676048548496012,0.0038586641148254815,19.317319516411516,0.07453941755926605,0.2823942729726825
2.475758382274627,4.146917950037789,0.004799896072884791,19.351793159943632,0.09288730933643265,0.27977627909469105
2.4386049604780586,5.124771164206921,0.0038691419818342085,19.369255595886308,0.07494277395422308,0.2855358656262723
2.2979786899692596,4.733632561654049,0.0036886064056449916,19.395348486968093,0.07154213113209484,0.2864085302522695
2.7585623437679114,7.609932871168777,0.003212392045524172,19.41736356580469,0.06237639882762886,0.3073524812762014
2.765922220212522,4.3549060477217605,0.003993544243662364,19.443382651831836,0.07764842165623602,0.30264009229581673
2.8368509799730193,6.205228985654262,0.0031017912456183004,19.474813895173956,0.060407000977666006,0.3101450080793923
2.266926055809962,4.791085835772107,0.0031752612904904685,19.50595435063918,0.06193670993830394,0.30839967882739805
2.256576142329975,5.67698217172841,0.0030114203746451746,19.523881832831357,0.058794793273513626,0.3152064629101759
2.9465957984018774,6.82681535452761,0.0026107228962241867,19.55091154880274,0.05104212838813851,0.3152064629101759
3.131986928478438,4.397079669849433,0.0027151221700231296,19.574010212726495,0.05314595968025824,0.318871654339364
2.8510279112576042,7.645276141497994,0.0016119671873174202,19.605560236299493,0.031603547163182893,0.33265975543011916
2.130196068393695,4.811926686969234,0.002604730903712177,19.63804485678083,0.05115193800920174,0.3277728335245351
2.2874327359175606,6.022056885614561,0.0015453361294940728,19.66157270951749,0.030383762856816817,0.3324852225049198
2.7241489706457673,5.531601927628643,0.0011667944629074032,19.679882002594457,0.022962387771702116,0.3310889591033243
3.0940098877444036,5.745371888854411,0.0005450408448037864,19.707839343670976,0.010741578468796946,0.32812189937493397
2.213989027782485,7.19463260737634,0.0003626979081329302,19.741130145627857,0.007160066921967546,0.3347541505325124
2.0767544167273564,5.598009924748346,0.0004093889882350903,19.76560827645162,0.008091822826209058,0.33039082740252657
2.4810532091589654,6.631273335495463,3.4497393511705445e-06,19.78508409358951,6.825338316414489e-05,0.3347541505325124
3.0642058423192835,4.673540102606525,3.49179463937965e-05,19.809723646578593,0.0006917148686482816,0.3234095103945493
3.138867018492725,6.935125591823821,-0.0006265740983494825,19.838485121058575,-0.012430282554036286,0.32934362985133
2.862337386832933,7.33717674686628,-0.000855350138231421,19.872223663457927,-0.016997713402815546,0.337023078560105
2.4616552874758177,5.872230627021655,-0.00016617214235913223,19.893920293069346,-0.0033058153854491753,0.33667401270970615
2.626818752245629,6.222254103615845,-0.000853110881638791,19.923012690506635,-0.016996543044650148,0.33807027611130164
3.319215043323234,6.545906794612779,-0.0010392500989363264,19.948822585448923,-0.020731823309329673,0.34068826998929314
2.878844953599089,7.8385857583192395,-0.0013074033202825908,19.98321516589419,-0.026126136743645004,0.35098571257605965
2.6134317913141962,5.578419804724586,-0.0003961875563446614,20.010768837414922,-0.00792801802107933,0.34487706019407954
2.4661317248170627,5.9441039421178115,-0.0012928652506975157,20.04090873708518,-0.02591020893488882,0.3443534614184812
2.6334587018537547,6.927462548255449,-0.0019462861081473253,20.06217293890819,-0.039046777793708874,0.34871678454846705
3.2045045402822523,7.513115076739496,-0.0019241938977106016,20.080292483415526,-0.03863842394738424,0.3553490357060455
2.771516636602669,5.860003750192973,-0.001306778759828702,20.117622411775308,-0.026289296630450973,0.3506366467256608
2.4110168057277783,8.143008388600272,-0.00223689452275687,20.148571339754376,-0.045070304044014325,0.35901422713523357
2.167587662223528,5.784828665338186,-0.0019889902804360376,20.172491001640665,-0.0401229414443473,0.35395277230445005
2.6312422511073508,7.755214595830098,-0.002422558524358949,20.18635109460502,-0.048902712586555756,0.3611086222376268
2.775906228287736,5.712592084182014,-0.002448591469537876,20.219178416021983,-0.04950860673517921,0.3520329101272563
2.5819342430818746,7.84589576282507,-0.0027323676654848134,20.247407005341717,-0.055323497890041436,0.35726889788323923
2.3365177692181005,5.015066282241002,-0.0023458079158317057,20.27302210090162,-0.047556702954067415,0.34417892849328174
2.21696612740506,8.18182124039041,-0.003483500673883891,20.290614742296697,-0.07068265603462853,0.3543018381548489
2.845125708961159,6.5740694597435425,-0.0031130379829168876,20.316161219635074,-0.06324518584706666,0.3483677186980682
2.7336863677335845,6.554682353180886,-0.003430793658379065,20.345044238580847,-0.06979992260977257,0.34365532971768353
2.3326658637725703,5.644369626481174,-0.0034931356326382223,20.36631611626558,-0.07114259389209847,0.3337069529813158
2.4212516615166058,6.041347935425451,-0.004065932061191749,20.390151971474495,-0.08290542949265103,0.3272492347489368
2.576925200474105,7.3869908903648485,-0.004234035152711464,20.419600557737212,-0.08645782321108253,0.3300417615521277
2.7381690449289016,6.442197442245452,-0.004144005767990248,20.44116238282283,-0.08470877971458503,0.3244567079457459
2.2539682081747463,6.162608193755856,-0.004154967308296778,20.471043010578747,-0.08505700394396706,0.31747539093776855
2.252371334044715,6.162608193755856,-0.004487538852369425,20.48705674754271,-0.09193708026924953,0.31747539093776855
2.058493237712099,6.51692715347688,-0.004745807852278568,20.51203396357399,-0.09734690268973918,0.30560715202420713
2.4500121535911403,6.285835146384367,-0.0045096877215658445,20.534234865130852,-0.09260361461253076,0.3033382239966145
2.740813806314034,6.858898514693589,-0.004509741725895445,20.550871376894936,-0.09267975045257487,0.3033382239966145
2.3555103560211332,4.974703156447119,-0.003983466544759841,20.587883472965515,-0.08201157882916486,0.28885199120506155
2.3804503570440163,4.568744013247738,-0.00467095188252559,20.607885266995627,-0.09625914053771523,0.28885199120506155
2.502131083624571,7.814477098177382,-0.005188462148293651,20.627346319579104,-0.10702516597806888,0.2853613327010729
3.00541998872584,6.431420377956087,-0.00423973828742115,20.656620630794894,-0.08757919013417295,0.2832669375986797
2.780348231398465,7.52176383429035,-0.003974571077059333,20.68813759155358,-0.08222690629544807,0.2871066619530672
3.032258694526998,4.842792936968413,-0.0030463700504965285,20.718322511817828,-0.06311587244287721,0.2748893571891069
2.7322315753523485,5.74854416566158,-0.0035884450652625653,20.73844863319016,-0.07441910308930513,0.27314402793711257
3.164569445112949,7.043909302812315,-0.0033491748235816286,20.770942974567348,-0.06956577937846496,0.2776818839922978
3.0488671642432634,6.136589550232265,-0.003119407859291123,20.803168607974577,-0.06489377814142311,0.27715828521669955
2.9421788649788567,6.3691741106445745,-0.0026188200504895214,20.82789458423423,-0.05454463263973383,0.2775073510670984
2.550082006306501,2.741748823834449,-0.0022326277602802793,20.86093635338459,-0.04657478299400142,0.2555162024919699
2.314896018344001,8.058071887190835,-0.0035801843292706916,20.89256327107796,-0.07479954720822937,0.27296949501191314
2.7347877418930207,4.786245655852768,-0.0024344874298209075,20.91584447504746,-0.05091946105391481,0.2631956512007449
2.8466631506849835,6.543917952581241,-0.002843108282583133,20.93723666124792,-0.05952699135689306,0.26703537555513246
2.310237911169783,5.017707275762337,-0.002205406896279633,20.962586810395013,-0.04623110846878677,0.2590068609959585
1.784015969400804,5.800213855128593,-0.0026246603650623866,20.983924437175144,-0.055075801243273916,0.25726153174396416
2.097089831634231,4.657557004203229,-0.0023820179340243866,21.004352855218016,-0.05003283982267656,0.25726153174396416
2.3920785667877866,5.805210949774885,-0.0026363035038654056,21.026402652617797,-0.05543210740633302,0.24434609527920614
2.2165797703653096,4.727266256907795,-0.002229745391855097,21.04618668478749,-0.046927715547736386,0.23422318561763902
2.2118043266125187,4.976453992070468,-0.0023191445156635205,21.068798007986004,-0.04886167495159505,0.2267182698340634
2.2350835416134753,4.814447415366949,-0.0020363068379003293,21.09708856632341,-0.042960205086225195,0.22130774915288098
2.385849071351135,4.33036379764956,-0.002136023897960099,21.119127602587177,-0.0451110298710488,0.21485003092050198
2.7931278532850503,6.516536998619764,-0.0020657625376875057,21.141890993699487,-0.04367418851538635,0.22322761133007477
2.871292027868425,3.720386084510269,-0.0015117996014956427,21.162752317068474,-0.03199386489389719,0.21258110289290932
2.5728030440223835,4.50826812238848,-0.001741123717920761,21.19310258473998,-0.03689985085407054,0.20961404316451898
2.4191701420375686,4.9634688822094635,-0.0019757907733404527,21.22414896500439,-0.041934532264371834,0.21031217486531673
2.8985152256180715,3.8842120398146087,-0.0012647355729685566,21.24540373795261,-0.0268698321960704,0.20490165418413428
3.1595838323306347,5.968238755260647,-0.0015107756088163055,21.275783661139524,-0.03214295946852943,0.21293016874330822
2.885427283433638,4.1651735068369025,-0.0011028127568326147,21.305523294549367,-0.02349601240547617,0.21293016874330822
2.6569656731461846,4.623573514222755,-0.0013603462785898553,21.336917540748274,-0.029025614277510475,0.2085668456133224
2.6065114353127243,5.756081867941668,-0.0013312229276544328,21.359748470258268,-0.02843460368937829,0.2186897552748895
2.768546669842667,4.640037777642011,-0.0004592591421501518,21.38802054264998,-0.00982264465730126,0.22060961745208327
2.692112387493833,4.7419563371058775,-0.0004409961569050033,21.41137190812971,-0.009442333337656431,0.22252947962927702
2.5953676397703993,4.304590313901549,-0.000895640416718173,21.44263378925805,-0.01920489459775454,0.21886428820008894
2.5837765322896575,6.106755577101216,-0.0010616365433182616,21.466912579024886,-0.022790067428128696,0.23055799418845094
2.598824348894366,4.069207542817337,-0.00021750034763625724,21.495739446733957,-0.004675330876087403,0.22741640153486117
2.415227475590863,3.928310034693841,-0.0007534447948961713,21.513368193607736,-0.016209138353354847,0.22218041377887815
2.4135277674986217,5.084328683233658,-0.001229501238900526,21.545178156824367,-0.026489836584142317,0.22392574303087248
2.4529061754924872,6.143507903871752,-0.0011193041008486712,21.56184153171177,-0.02413426772710045,0.2340486526924396
2.558044935324594,4.098000482476703,-0.00030101429905908804,21.591221032831385,-0.006499266461326242,0.2293362637120549
2.535971846668807,4.514811278259403,-0.0007942232523795283,21.623484349637636,-0.017173877678987242,0.22689280275926285
2.459687959961648,5.298117687623292,-0.00099553947505286,21.648167393820643,-0.02155161232302715,0.23020892833805207
2.3971421277009206,5.2945434113269245,-0.0009037986436297433,21.664996399263398,-0.019580799691436206,0.23282692221604356
2.0676344917935072,4.594544098309101,-0.0009371361164147835,21.69607835074905,-0.020332184559123674,0.22794000031045944
2.4971216131963443,4.278712974816731,-0.0008543595016182595,21.713654576181828,-0.01855127161572884,0.22218041377887815
2.216213067368555,5.01916925786045,-0.0010746718738721096,21.738429381972225,-0.023361687632585237,0.22218041377887815
2.2258654663042337,3.677889467110078,-0.0011251238335122002,21.763867824142995,-0.02448705673110489,0.21380283336930536
2.3579823001776945,5.40971193351175,-0.001702264472801113,21.782523812642182,-0.037079652229501624,0.21572269554649912
2.1961511676444725,4.888573495516252,-0.0011142541833313927,21.806525597627232,-0.024298022426916966,0.21711895894809458
2.3989656897143727,4.190815764310823,-0.0013530096204216716,21.83131690292243,-0.02953799982056293,0.21711895894809458
2.3267525769555304,5.168068782720165,-0.0017663178836019996,21.850870626541138,-0.03859562369783182,0.21519909677090082
2.0791949866772708,4.099422017050885,-0.0011937866072937887,21.87554856342292,-0.026114749307827118,0.21258110289290932
2.0735810996532456,3.361785730551952,-0.0017887440049017553,21.894295791768016,-0.03916333210814559,0.205599785884932
2.5421440851495394,4.751847404095048,-0.002037501403259271,21.91379793589311,-0.04464945583123454,0.2066469834361286
2.638385320207664,3.4609070359818785,-0.0021228793268339304,21.93931908861625,-0.046574596902675236,0.19966566642815128
2.965697719952456,5.190276307410546,-0.0022129280521593036,21.965302131859552,-0.048607712606581276,0.20472712125893486
2.793317708734216,5.11755062234932,-0.0019690525945927078,21.998061469590155,-0.04331539599307832,0.20472712125893486
2.2837419104883963,4.560334789085548,-0.0020695752258085014,22.02362549650343,-0.04557961478471484,0.20961404316451898
2.5106922984672235,4.375275306331127,-0.001870620419766386,22.042487969830262,-0.04123317619349259,0.20821777976292352
2.6582822506914847,4.408969456640961,-0.001980183287205441,22.068908500242276,-0.04370054089750098,0.21031217486531673
2.591334404647646,4.809523446874997,-0.0020945145179748904,22.09473716951202,-0.046277815445856456,0.2139773662945048
2.5576749885724106,4.230708614089608,-0.002213458561006993,22.121621117199133,-0.04896537161220462,0.21310470166850765
2.2719432535534954,3.254552304592463,-0.0023371671799307854,22.147960315383546,-0.05176358020182971,0.20542525295973257
1.877149879096189,5.5153690312824954,-0.0027972108497525874,22.16764454133323,-0.06200773754877071,0.2165953601724963
1.7917531151968928,4.039006420829728,-0.0022926317486418003,22.193281912508763,-0.05088111186563397,0.21676989309769573
1.9189574863697425,4.693879789626789,-0.0029342985807101446,22.21345508879786,-0.06518109681193335,0.21711895894809458
2.1221170674603917,4.897923480248282,-0.0030976269021940127,22.225765895429657,-0.06884735056317709,0.21886428820008894
2.0731568953392667,5.312022109749418,-0.0031094687209036334,22.24569282821492,-0.06917250896259464,0.22322761133007477
2.2653170706188894,3.506673308400426,-0.0027983725104654827,22.272601782755135,-0.06232719925794502,0.2150245638457014
2.616120981987333,5.26818544099147,-0.0032788319834100663,22.292785631872082,-0.07309456046945922,0.2207841503772827
2.3945196772099324,5.796620422312289,-0.0033031836995306976,22.312347329627208,-0.07370205005259697,0.2256710722828668
2.513627134475435,4.652268462035263,-0.002833093628443587,22.338727496663914,-0.06328787586344051,0.22392574303087248
2.5313609957141563,3.765036700831989,-0.0031757249620318153,22.366448425995973,-0.07102992736295508,0.21781709064889235
2.716331478410457,5.157542415890641,-0.003523060171251653,22.394192329879672,-0.078896413484543,0.22514747350726852
2.814549443183289,6.332317403985641,-0.003565352001834912,22.41419491542791,-0.07991483333025097,0.24015730507441974
2.859504370479094,4.974630209072886,-0.0029721549718691085,22.448931101969407,-0.066721898655175,0.24172810140121465
3.052069382410975,5.89618840959547,-0.00319908663850626,22.468582784133464,-0.07187918817865249,0.24172810140121465
2.6566385896213323,4.02081464392441,-0.0027952282948087753,22.5032546868552,-0.06290189804989678,0.2441715623540067
2.5659437639001363,4.5971425073206085,-0.0033435628289172833,22.532042652313613,-0.0753375810153594,0.244695161129605
2.708033814300172,7.713574973214013,-0.0038967262358544077,22.55989184179941,-0.08791016737501806,0.2647664475275398
2.6042741856696825,5.271044240586162,-0.0032391152728294,22.58046512754816,-0.07314098525759331,0.2684316389567279
2.351480708951108,3.8240437430542915,-0.0036647798690773053,22.615662482703545,-0.08288179564385666,0.2590068609959585
2.09720149488975,8.173261034229709,-0.004407639890770385,22.630048211268644,-0.09974574915672657,0.2801253449450899
2.3495729790647015,4.538276346125491,-0.003767733457860151,22.65181985962133,-0.08534642342092276,0.2762856205907024
2.202506083575601,6.598988694037626,-0.004381785723110637,22.673516291597448,-0.09935112582878479,0.28501226685067405
2.374559508808536,5.9168771894352155,-0.004377000662639166,22.694890904596438,-0.09933618689410544,0.28501226685067405
2.146503893616619,5.409155905862481,-0.004692690856077578,22.724011980541928,-0.10663754600312025,0.2844886680750757
1.9461657829725512,5.85716881301148,-0.005179788948345695,22.738828002973676,-0.11778338337446366,0.2867575961026683
1.9663616292357673,5.986225692557736,-0.005190462850682371,22.76137515414287,-0.11814313313088862,0.2855358656262723
2.3307952593850523,6.364653677055147,-0.005510755298932658,22.77586111440105,-0.12551346787524742,0.2869321290278678
2.5610398088389936,4.952040908681438,-0.00570577549546899,22.798422691732764,-0.13008409320001293,0.2811725424962865
2.316134199539498,7.003692854740819,-0.006366905013907813,22.8352596409293,-0.14539189371399705,0.2885029253546627
2.160066250785107,5.999625504662994,-0.006255878509307237,22.851652712964082,-0.1429590280629831,0.289026524130261
2.1603013001942006,5.994029810591591,-0.006293581269365837,22.874444716859024,-0.14396407758783122,0.29112091923265415
2.986664759984276,6.796138727939834,-0.006809421665164788,22.890671733504448,-0.155874645249873,0.2977531703902326
2.6529946880766664,6.649337855397154,-0.0067345969911253335,22.92112957585124,-0.1543669040416247,0.2996730325674264
2.6548894873913915,6.645387651800968,-0.006667751866168169,22.952481159893306,-0.1530437171463254,0.2996730325674264
2.3686723059839223,6.314264137288606,-0.007518484788438768,22.975543850029595,-0.1727445319002004,0.2944370448114434
2.2778619246435734,5.008532269804348,-0.007438070006654156,22.993424236517406,-0.17102985324455974,0.2916445180082525
2.241448990951064,9.02529307814326,-0.008123600457173837,23.01573212538892,-0.18697472503456625,0.31171580440618724
2.0286294592548724,5.582371342966927,-0.007323185335215434,23.041263168211508,-0.1687384569764178,0.3045599544730105
2.2965152031166993,6.854452094415685,-0.00804517397142383,23.059504754131645,-0.1855217300795921,0.3080506129769992
2.1925827453950872,5.220679375183032,-0.008307713466866064,23.084693413863985,-0.19178543059533779,0.29897490086662865
1.9891000293485446,6.211448025090462,-0.00886408826638546,23.101193272290303,-0.20477637948655084,0.2975786374650332
2.13987965282961,7.833969100562385,-0.00913728548467483,23.12605158034186,-0.21131521635711953,0.30543261909900765
1.6308998114396045,5.331311444777061,-0.008656948304812333,23.144900528636285,-0.20036921282830827,0.29112091923265415
1.955891905958169,6.3482264633890635,-0.009510043193071504,23.155723135209158,-0.22021856614602697,0.2886774582798621
1.9894757793330509,6.026447326207704,-0.009624145402681028,23.1815338224168,-0.22310934064616098,0.2855358656262723
1.7475182067169457,6.261410503277009,-0.009874737405989807,23.193085161921807,-0.22903307002885276,0.2815216083466853
2.040358141747382,8.144165999137579,-0.009999369075607676,23.218584248185447,-0.2321789316834511,0.28989918875625814
2.330581077206015,4.124464164326895,-0.00919617556297436,23.239410516783696,-0.21371972386006755,0.2700024352835228
2.2348683076082256,7.8743760446000595,-0.010217397069440127,23.256733285889965,-0.23763154777543413,0.2790781473938933
2.0637359519918403,6.519687390776481,-0.009425043999019528,23.27771966404787,-0.21940002861017777,0.2776818839922978
2.622993873747528,5.491904209862137,-0.009572458113329449,23.30404127550073,-0.2230837728900194,0.2672099084803319
3.032476050508356,7.2697311480142615,-0.00982622987166192,23.323115422635777,-0.22918566983861166,0.27139869868511823
2.5636224469346383,6.562545635472976,-0.009207026521175641,23.35112107316163,-0.2150004662031327,0.2715732316103177
2.721036644461932,5.422734764279503,-0.00937191957367892,23.378826556459234,-0.21911089729848235,0.2715732316103177
3.39900308855334,7.143830540062277,-0.009368564485598262,23.40631521035066,-0.21928998915010425,0.2738421596379103
2.362040888071876,5.726473743724062,-0.00927632324997037,23.44046874698258,-0.21744760239822344,0.2750638901143063
2.2506675632582698,5.498678060006367,-0.009555315468089057,23.460196995273655,-0.2241764060130886,0.2698279023583234
3.1181843493406793,7.391727957042246,-0.01001265666000603,23.48028648628218,-0.23510790369878393,0.2790781473938933
2.4231822950797164,6.860135848015356,-0.009609244533585982,23.50968238287091,-0.22591724051721163,0.2822197400474831
2.2448021067475423,5.925989189091853,-0.009213597865540976,23.539924011461267,-0.21689353105356074,0.2776818839922978
2.1590289915109793,5.953712114902072,-0.009686389399639502,23.560116436030167,-0.22821959979955886,0.2754129559647052
2.2854328313877894,7.664166645186333,-0.009988830167646772,23.580180206895896,-0.23554624947266395,0.2844886680750757
2.09587330328852,6.370859657508035,-0.009454355909217173,23.604250637806853,-0.22316963586763527,0.27977627909469105
2.266543539394461,6.964643571180578,-0.009606855419520065,23.619476435802174,-0.22691587606159436,0.27820548276789614
2.567630009252455,5.901584704211357,-0.00950339043089013,23.642187375033057,-0.22468770148646658,0.2748893571891069
1.878442358548804,6.6886565492493535,-0.009739758429967195,23.671471780834764,-0.23056170745684948,0.2748893571891069
2.000291858775681,6.9508584836243505,-0.009730551577331072,23.686608097102184,-0.23049103640311022,0.27698375229150013
2.575523939298924,7.634117771110696,-0.009308154704929092,23.70323333187995,-0.22063973510079304,0.2823942729726825
2.2077239369421564,5.824336498403129,-0.0089713578654054,23.734776623828918,-0.21293888779253556,0.2768092193663007
1.9650082156407223,4.9487946036996835,-0.009149429658428028,23.750880021061217,-0.21731307002077982,0.2675589743307307
1.7672146398964654,6.767513990188635,-0.009667481099043545,23.77301153702961,-0.2298322998030542,0.26825710603152847
2.0922963126587963,7.863602333790048,-0.00967876386307534,23.788707869862485,-0.23025247602486681,0.2775073510670984
2.3350466767011184,6.039387245378639,-0.009280567437680524,23.806438231125313,-0.22094359870341718,0.2726204291615143
1.986656308175437,7.999940459596916,-0.009224698360688767,23.83134726746915,-0.21984322596409378,0.28204520712228365
1.718184513508726,4.934745020622842,-0.00883654420087519,23.850555121351018,-0.21076197032241833,0.26965336943312396
1.5587374990237535,6.198725004057177,-0.009449821817561302,23.864720090910808,-0.22552406565951238,0.2672099084803319
2.067341949996914,6.578884121290245,-0.009654829234457454,23.882293960821517,-0.23058663473034424,0.26703537555513246
1.9553556895218365,8.396502075411126,-0.009445093450139243,23.906273967177064,-0.22580370633831526,0.2768092193663007
1.6227198284474555,4.9466722973353185,-0.008735714132749293,23.920301329251153,-0.20896623000110923,0.266860842629933
1.4071994044963627,5.091175553811021,-0.009361301378696753,23.936018710187646,-0.22407883062912096,0.25883232807075907
1.6221720470158176,6.367755305608096,-0.009649109633107037,23.945417891008663,-0.2310591334300149,0.2577851305195625
1.7771184649122158,6.162560571318808,-0.009698518755436834,23.962307119183272,-0.23240617187088536,0.2542944720155738
1.620805035319775,7.976155373964388,-0.00957686618893192,23.980304269284105,-0.2296631864906946,0.2619739207243489
1.4218415280884713,3.176508880655362,-0.008711459127719383,23.995696634782064,-0.20904281855487405,0.23736477827122882
1.420286870712623,5.7913600908226455,-0.010098853206309481,24.014684382537286,-0.24252901735353505,0.2309070600388498
1.6955422397999398,6.872750184575165,-0.009813729591296026,24.032799366955544,-0.23585896616085986,0.23160519173964753
1.6952519463371591,5.833968865671201,-0.009364590086134933,24.044639143769796,-0.22517477166388136,0.22654373690886398
1.5451173641374045,6.46734547852414,-0.009321136366654284,24.0554265703423,-0.22423040543817405,0.2256710722828668
1.697280424744336,5.276045684267452,-0.008702555948595913,24.069066225256716,-0.20946768345781966,0.21746802479849348
1.6760237444931467,4.394844310152931,-0.008600813481418416,24.09368614068723,-0.20723041048803353,0.20629791758572977
1.8111839548933382,6.743493387407556,-0.008966609075729992,24.101950104684327,-0.21611855656545712,0.2090904443889207
1.9058011340970014,3.9039065551244825,-0.007952539381220706,24.123813126011797,-0.19184961830116606,0.19198621771937624
1.5224159815206402,5.708308974166643,-0.008492667480089968,24.13699859300846,-0.20499243142861917,0.19093902016817965
1.5771927462372373,5.33491435034358,-0.007886299827285283,24.156885517904122,-0.19051239166240344,0.18867009214058703
1.6374657504072516,5.439452164061062,-0.007857028632548639,24.17418693717141,-0.18994118749006836,0.18727382873899157
1.7849300354841608,5.281742363719673,-0.00731077415489774,24.185343318465502,-0.17681673300384743,0.18657569703819382
1.6845321705901466,4.258131102181769,-0.007060688713514549,24.2109981365321,-0.17094916208969385,0.17749998492782332
1.8585255276126276,5.205130170165521,-0.007090962680684249,24.220492055348092,-0.17174948390356914,0.1768018532270256
1.7552941846018728,4.206122717364114,-0.006502172585781443,24.24001722111257,-0.15761499668890602,0.1708677337702449
1.7379510567873697,4.758240733800438,-0.006484423050292728,24.262952096832805,-0.1573334510231668,0.16877333866785166
1.8029186626249396,5.188461297934728,-0.006297968222481062,24.27998966798938,-0.15291662515876434,0.17034413499464657
1.459467783291171,4.44757256892322,-0.005767595729973689,24.29177410055143,-0.14010668613640517,0.16580627893946132
1.8721393611041495,4.880123778445386,-0.005411784971094767,24.30991962772171,-0.131561342056277,0.1668534764906579
2.149403938619844,5.155463671337114,-0.00523340834502935,24.32754715428757,-0.12731715063806232,0.17121679962064373
1.9713301503524019,4.417282114906744,-0.005057896023460377,24.344941413033812,-0.1231352323941357,0.17034413499464657
1.947135006261066,3.2068608881403917,-0.004885055929617331,24.363065493340002,-0.11901588427602199,0.16179202165987433
1.8711038120961767,5.839015088848742,-0.005235544207373495,24.39123695132631,-0.12770256614839853,0.1689478715930511
2.0676477083062474,3.6772703654065713,-0.004721175903597889,24.403983853963116,-0.11521635656279465,0.16528268016386302
2.456671290988012,6.1010288675217295,-0.004382384630155415,24.42275036093659,-0.1070305709933334,0.1768018532270256
1.9598002529706016,4.708392351897716,-0.0040060268787239,24.448224521354675,-0.09794076849620764,0.17819811662862106
1.8561665715410505,4.172108077757142,-0.004022810256609508,24.46686783143693,-0.09842609780324423,0.17837264955382048
1.9080014429683052,4.239857886755643,-0.003867982405101522,24.485294536374845,-0.0947091607745707,0.17924531417981765
2.0811750883546103,4.860114078778401,-0.003716066870508157,24.503438794529615,-0.09105683625752246,0.18517943363659836
2.1571687436593656,5.094974968521081,-0.0037414705129542114,24.52202579417457,-0.09174886454580693,0.18517943363659836
1.6416687837732737,3.4762789449714773,-0.0035588008363758887,24.54895492095194,-0.08736521013379073,0.18343410438460403
1.8225189823341439,4.890421151175544,-0.003975051695353685,24.564294030690505,-0.09764485292901592,0.18797196043978928
2.0551978183937285,5.226508758204033,-0.004009121841678026,24.583698182098225,-0.09855956938285931,0.19617500792416265
1.8768932148052129,4.871107708671622,-0.0036973490568820255,24.597206932918912,-0.09094487427303885,0.1980948701013564
1.7869566236260046,5.843385694274464,-0.0037040527095428123,24.624255975494194,-0.0912099592006302,0.205599785884932
1.8950460063168317,4.722684287008257,-0.0033983654338952335,24.638617977200163,-0.08373135000756547,0.20507618710933373
1.8568478120810263,4.037849010592456,-0.00361917313538598,24.658126019422877,-0.08924241690351069,0.20193459445574394
2.1312505113311997,5.963146544200098,-0.003842894478279299,24.677714881942308,-0.0948343210894559,0.2132792345937071
1.9464692551185943,4.132315302760416,-0.0035158674674754856,24.700125775352294,-0.08684272648676984,0.20804324683772407
2.0039205990960656,4.678677788137495,-0.0039495858552392425,24.710701596932658,-0.09759754498294348,0.20682151636132803
1.7886202488362326,4.703870555043613,-0.004182000455320572,24.73055583396894,-0.10342379868936981,0.20891591146372127
1.6979597499834274,4.724054061129085,-0.004417416900691844,24.750149956249892,-0.10933244186781575,0.2101376419401173
1.8310504314051521,6.250711403445194,-0.004655730613467811,24.770122590795328,-0.11532385129315799,0.21956241990088665
2.0018485678650633,4.87266428642486,-0.003996406677441209,24.788750912350256,-0.09906645707769515,0.22060961745208327
1.8584467701317873,3.4274752979731185,-0.0044158386712115135,24.80862305318522,-0.10955158913055112,0.21118483949131386
1.900224933262949,5.877613616419168,-0.005212599800963061,24.825001965752392,-0.12940397232797285,0.21903882112528836
1.569906201976242,4.034713431271683,-0.005089027498536034,24.849088319778513,-0.12645878545979794,0.21118483949131386
1.5037176407716422,5.964881572678937,-0.005539786533759342,24.85957903844346,-0.13771817001673126,0.21362830044410594
1.8520037153715587,5.438289226829228,-0.005093688374804339,24.870392345363268,-0.1266831239941023,0.21903882112528836
1.8520323743900662,5.439896301415214,-0.005157663062781429,24.899483463200966,-0.12842428490154426,0.21903882112528836
1.5757209223521165,4.520383741346663,-0.0058088335689706,24.90204931961101,-0.1446534870199602,0.20490165418413428
1.9077556569096144,4.427005300484346,-0.006073018483518082,24.922278788646643,-0.15135532047920017,0.2012364627549462
1.647758237788614,5.629690538149398,-0.006340213315721636,24.94264497850421,-0.15814380886539028,0.2012364627549462
1.3298421945805945,4.379452685412673,-0.006258611229584698,24.958951467098924,-0.15621041353444057,0.20525072003453315
1.4467905533582581,4.714900517646487,-0.006196573827812485,24.965471735814223,-0.15470236882501254,0.2012364627549462
1.4809384850821714,3.797631956366757,-0.006471937325804291,24.986173018534043,-0.16171120360431507,0.19320794819577228
1.5578245324058482,5.629716889836416,-0.006765433648685327,24.997981219733678,-0.16912476364279483,0.19774580425095753
1.5829236621946887,4.137068195149963,-0.00651908439843811,25.014799266875485,-0.1630758977955432,0.192684349420174
1.4535605124095157,4.414241602571643,-0.006816414657288552,25.026300458915244,-0.17059228337939344,0.18971728969178364
1.6361084653092877,5.2466423961095865,-0.007115347096808282,25.037921881986854,-0.17815651136229887,0.19355701404617115
1.6742727334330816,3.792874402256362,-0.006876205328736128,25.054628659063155,-0.17228348641758534,0.18709929581379214
1.8268602893665533,4.896827707353496,-0.006818412032806258,25.07584418600985,-0.17098008740262394,0.1884955592153876
2.215257652700124,4.209398598825159,-0.007123240757745391,25.088238558190522,-0.1787125861068004,0.18517943363659836
2.6026214669895484,5.89803140339736,-0.007245294918138064,25.109766519547186,-0.18193084721491312,0.19530234329816545
3.0802678453402392,3.565038051626755,-0.006833916306389856,25.135930730641807,-0.17177952107740524,0.18884462506578648
2.80758353419081,6.218152392360987,-0.006958993813355547,25.170877199291127,-0.17516680635144055,0.20106192982974674
3.01788527764943,4.113185289091218,-0.00673191203321668,25.197146125659998,-0.16962753364348046,0.2007128639793479
2.987600302804093,4.71126549438497,-0.007040942615908254,25.232339271177256,-0.1776623887466387,0.20717058221172693
2.7850392446908923,6.128567097913507,-0.007356279633440774,25.253793579950575,-0.1857773184953082,0.22043508452688385
2.7998404789286346,5.3461283814394625,-0.007138504638171449,25.289549300259324,-0.1805326315298159,0.2256710722828668
2.4665281236137653,5.334360135684166,-0.007105537581325415,25.315785440984666,-0.17988529225125616,0.2309070600388498
2.004028631437194,5.308901761505029,-0.007254060859357238,25.333631758033746,-0.1837749300706013,0.23369958684204073
2.210298149142475,6.287882984870841,-0.007405512368695183,25.351779302852034,-0.18774634731245105,0.24364796357840843
1.6046608809765024,5.79540690928178,-0.007559683391478045,25.378253670603602,-0.19185521755828566,0.244695161129605
2.0337259962704897,5.0876847138953645,-0.007539491942557358,25.391681475530334,-0.1914440053835961,0.244695161129605
2.286007197156624,4.68851476544513,-0.007875339838457835,25.40992083882501,-0.20011589901905943,0.23701571242082994
1.5948578939442626,5.76211572068057,-0.008567653848183742,25.432629313845798,-0.21790329614443993,0.24137903555081577
1.7960990977937212,4.689705967255386,-0.008909668985320954,25.451122262671714,-0.22676707512030467,0.23369958684204073
1.8568803392890474,6.00690906168586,-0.009080403534524675,25.469200220976237,-0.23127697229255997,0.23422318561763902
2.2557717195170497,5.1874372466269705,-0.009428682883680019,25.487546861593653,-0.24032111840379664,0.23003439541285262
2.3716853660234474,5.895162429242591,-0.009605407235654397,25.506307346175575,-0.24500600424971947,0.22968532956245377
2.211125464857505,4.905809420657059,-0.009617300187611621,25.534101888948523,-0.24557669426485973,0.22444934180647078
2.332410991208535,5.78271871852,-0.009801005493207749,25.55329725493377,-0.2504560263941781,0.2234021442552742
2.024260714009141,5.235257683604041,-0.00998803968587691,25.57204412936896,-0.2554230854183807,0.21991148575128552
2.0298676405127254,6.36686783810135,-0.010003496511654306,25.591356184779464,-0.2560115820680113,0.22305307840487534
2.203381875041208,3.5046193355475075,-0.00967814771262271,25.615722976998896,-0.24792049140382352,0.20786871391252465
2.0395208600440027,7.731348282844219,-0.010572685965746835,25.633888878787488,-0.27102915597042626,0.22043508452688385
2.013262631352352,3.421820245211909,-0.009546743486448772,25.6504139317346,-0.24488536181540033,0.20350539078253882
1.8494011885861645,5.821566384443801,-0.010271397266731153,25.66948723147411,-0.26367077361596114,0.2038544566329377
1.5311345547587614,5.807964985096268,-0.009787422685805246,25.694187264233094,-0.2514879016886441,0.2038544566329377
1.7345055244575294,5.409642730347278,-0.009982669043563352,25.705082863964623,-0.25661385919687013,0.20228366030614278
1.4552789424239263,5.584047743711045,-0.009491080953548458,25.721146466314817,-0.24412881379867218,0.20228366030614278
1.6359103035230325,3.1173709966877414,-0.00953184629558696,25.74130248293189,-0.2453695698674143,0.1848303677861995
1.6000035775749388,5.2006604320489584,-0.010251504115705128,25.751520262744638,-0.2640010642748931,0.18081611050661253
1.5408202461112226,4.091216954049551,-0.010122611671136532,25.771772026825122,-0.26088655114278286,0.17226399717184035
1.4851157665262766,5.915488286882554,-0.009804040908546056,25.78314509174676,-0.2527871085154388,0.1747074581246324
1.471215428487176,4.611013876196091,-0.00950617830310369,25.80381555769807,-0.24530306077178662,0.16964600329384885
1.6783229839121963,4.502466658613877,-0.009366220512221071,25.815338929582136,-0.24179922775354867,0.16179202165987433
1.7468908858486767,2.717948201579498,-0.009053402190246602,25.82699785892914,-0.23382858753432495,0.1457349925415265
1.803576736075557,3.740501490146883,-0.009807888879726244,25.85051406799789,-0.2535470994759222,0.13892820845874862
1.8632852369499662,5.457157640498329,-0.009679454239001984,25.866169837012276,-0.25037822678957317,0.14329153158873448
1.567538062287074,3.999408595792272,-0.00869050716550133,25.883336196838446,-0.2249449816977431,0.1349139511791617
1.7895320348128247,4.007316618159898,-0.008391851264008602,25.899122484278493,-0.21734668586105785,0.130201562198777
1.9382045897373108,4.069239786032589,-0.008269520432848608,25.915166373235774,-0.2143108830807236,0.12688543661998777
2.020888640882619,3.2864109455690347,-0.007974561615888666,25.931145466994618,-0.2067939009075166,0.11693705988362008
2.2185476707587783,3.8716482561190753,-0.0080366296293564,25.951095898096025,-0.20856383642798335,0.11554079648202462
2.2174217817482234,3.9179483206659653,-0.0074220872783738985,25.976314272543128,-0.19280201203349265,0.11588986233242349
2.3019255326082124,2.3408953967090937,-0.007488360726315039,25.996256486688207,-0.1946729849177292,0.10506882097005865
2.107409891920397,3.9315345180018033,-0.007381890584709278,26.016178232872246,-0.1920520696135796,0.10402162341886204
2.2184564258303725,4.299405735295808,-0.006775355907182719,26.041608167626094,-0.17644386365084241,0.10803588069844901
2.3730081441793245,2.359406915764891,-0.006172009271965526,26.067260209893128,-0.1608894146730023,0.09983283321407564
2.43731811787277,4.2424846167542745,-0.006426531956851615,26.09125255256072,-0.1676785767222405,0.10524335389525807
2.7694724599241383,3.6881468458522946,-0.005828695095375573,26.11705918495187,-0.15223009872008447,0.10768681484805014
2.7226877329396935,1.6604724256035694,-0.005378576489826022,26.133488965369445,-0.14056232479536127,0.0973893722612836
2.5355046697962713,4.04044348583028,-0.005674065206800363,26.170582067364222,-0.14849518275515874,0.10576695267085638
2.6746208324164344,2.6853636619190073,-0.005084886390701338,26.19635916753594,-0.13320665828578293,0.10384709049366261
2.6450106062324723,2.2431734017301395,-0.005348942128595715,26.22043651744672,-0.1402529351216377,0.09686577348568529
2.8627000323370972,5.204212369405557,-0.005614442537125253,26.24448226639822,-0.14734968585509603,0.11257373675363426
2.7828234321268175,2.9093237785770425,-0.0045380025465008795,26.276243914181208,-0.11924248033485538,0.11135200627723822
2.7490218226839698,2.9465155470820115,-0.004488221326428794,26.305914280405766,-0.1180675582750304,0.1111774733520388
2.810373100337039,3.0504391348757753,-0.004407233556441116,26.32639167884056,-0.11602730805480699,0.11135200627723822
2.778935672546768,2.6391542589888455,-0.00418803181812405,26.356215367142045,-0.11038131391209341,0.11082840750163994
2.622649350587109,3.044026549097451,-0.004638111649483106,26.38032461396485,-0.12235576828611318,0.1111774733520388
2.7238681154080457,2.906076309738884,-0.004423800283659883,26.41022142943513,-0.11683430720152899,0.10943214410004447
2.5817759470096493,2.1262063340504236,-0.004212346084674681,26.440119284568944,-0.1113755916917497,0.10175269539126941
2.646156371607743,3.80194434727849,-0.004493348761176197,26.46431535280474,-0.11891419890679455,0.10803588069844901
2.5591492411780794,3.207240150689738,-0.004286763366490125,26.494235790092045,-0.1135752151078993,0.11100294042683936
2.8134049020863467,1.3820706091037054,-0.004394320067146852,26.51490682705405,-0.11651573712447678,0.09965830028887622
2.4062865709873384,3.025789023919415,-0.004680361947537375,26.539142716055853,-0.1242137006894791,0.10122909661567112
2.3371723570252794,2.822069345946243,-0.0043063208761402235,26.569110174829678,-0.11441582106477757,0.10157816246606999
2.503676980423472,2.1487082794098824,-0.004595737915512052,26.59352209347184,-0.12221771823880002,0.0958185759344887
2.5149869427820137,3.481221106809002,-0.004535944870721923,26.61430934104006,-0.12072186788702914,0.10070549784007282
2.3965001501656897,2.2726292726981807,-0.0041689080965676105,26.64459113966981,-0.11107949524559027,0.09721483933608416
2.552175018998448,3.483775082427687,-0.004463301397348101,26.669099224371823,-0.11903301825647797,0.09878563566287905
3.092911195928238,2.3981091146402114,-0.004058906265395284,26.686615224063495,-0.10831906457788691,0.09494591130849153
2.9563445661767327,1.6312333411112987,-0.0040489923993834364,26.720594710198757,-0.10819207613512023,0.08656833089891874
2.8313986504861663,4.086540138340147,-0.004523361268148738,26.748748301233235,-0.1209950772569612,0.0973893722612836
3.037690378153021,0.9418864484061237,-0.0038185022186038404,26.775863748423806,-0.10224419206833761,0.08587019919812101
3.0307775992472132,2.044661408326909,-0.004164113959089483,26.81350371127778,-0.11165513045786307,0.08185594191853406
3.116734401855109,2.6498688904742584,-0.0042937425302057635,26.83832801184592,-0.11523757860691859,0.08203047484373349
3.131189034262396,2.06661580814597,-0.004119438191912428,26.872492686323817,-0.1107001988703136,0.079412480965742
3.2055515715317564,2.659142121793556,-0.004121865920202858,26.906674874493703,-0.11090633428322283,0.08150687606813518
3.1399863095084686,1.483023762212437,-0.003951947181080193,26.940969844342174,-0.10646984411047278,0.07696902001294993
2.6080450397723833,1.1158986327947322,-0.0039135779967578305,26.965941849774293,-0.10553385547445039,0.06981317007977318
2.932213156872793,1.6945999908069171,-0.004223820591710692,26.99427299746548,-0.11401964420767781,0.06702064327658225
2.9967815560208972,1.687525148164443,-0.00453485890573179,27.022639835623657,-0.12254469895778902,0.06370451769779303
2.7878706138083538,2.054556453374093,-0.004371625049154418,27.05694348697011,-0.118283565412056,0.0619591884457987
3.0021659506067655,1.4417789855861882,-0.004164053686163314,27.081739658242306,-0.11277046964099412,0.05777039824101231
2.8084397004467485,1.8124914373528904,-0.004303868524220284,27.11009301101968,-0.11667899642577474,0.057246799465414014
2.811516343945092,1.8109538165367827,-0.004145885750321494,27.144372804277502,-0.11253811319359967,0.057246799465414014
2.5171978288997,-0.5235185550865966,-0.003942428450473324,27.16934447661189,-0.10711375159301834,0.040491638646268445
2.739033369277716,0.8688252323222607,-0.00438295123990525,27.191643471246067,-0.11918041063062428,0.03595378259108319
2.5101775495964063,3.7341821230689916,-0.004696573924845934,27.22328801559722,-0.12785712472658503,0.049567350756638956
2.697340858638091,-0.6628629909120864,-0.0036804739422056,27.25057756943299,-0.10029549351861489,0.03438298626428829
2.7591188058743668,2.7725822063297074,-0.004121932281760676,27.2728774817187,-0.11241759077961651,0.04276056667386108
2.6846129398706413,-0.051715607386194296,-0.003749319733840345,27.297717417605025,-0.10234835018692026,0.03159045946109736
2.7407936704058242,0.31347118135408897,-0.004065639948941535,27.329293073304623,-0.1111116779000002,0.02356194490192345
2.469626879231644,1.6382658250288176,-0.0038641411245205633,27.357553323816976,-0.10571397302446457,0.024783675378319478
2.7885138660154896,0.8003604106318531,-0.003837931059772681,27.38579836299666,-0.10510532219166412,0.022514747350726852
2.411855911178491,0.3318650890603374,-0.0037627128466815388,27.40465513767758,-0.10311633458650483,0.013962634015954637
2.7500262682246426,1.045203672697852,-0.003563289341963312,27.43281217294239,-0.09775146095405178,0.013962634015954637
2.6784337820391086,1.7065412290044353,-0.0033646192448822175,27.461083615191654,-0.09239643908022942,0.01884955592153876
2.7021454747177924,-0.45908922860296253,-0.0031667060939106254,27.489440503887216,-0.08705126974622297,0.009599310885968814
2.7226616300234303,-0.21567419149670408,-0.0032605801750998113,27.511784046456143,-0.08970469553872154,0.0019198621771937625
2.5599804459353424,1.3407525349924496,-0.003230469706475619,27.543562611476492,-0.08897895415118451,0.005585053606381855
2.651714678618206,0.9188165730668465,-0.0028594649098993034,27.572024910886057,-0.07884145261108431,0.008028514559173916
2.3749668551198084,-0.7665678927748627,-0.0027870395917024417,27.59120579483227,-0.07689798203710119,-0.002617993877991494
2.640752254178664,0.7641153912897619,-0.002880996217115896,27.613733856977188,-0.07955528288915899,0.0017453292519943296
2.9232386370275347,0.6830937554263811,-0.002511476006518478,27.64213687399945,-0.06942270948952886,0.0033161255787892262
2.6713724682813904,0.4896111723702256,-0.002482529624370349,27.67433027336908,-0.06870248587504409,0.003141592653589793
2.6056688093922915,-0.11404520205399717,-0.0021141918448470223,27.703174313502885,-0.05856991247541396,-0.0005235987755982988
2.5565198631782757,-0.21212234226211268,-0.0020338338601937375,27.725542740207644,-0.05638922536827527,-0.002617993877991494
2.5898887474693546,0.2179916969146569,-0.002005318102233497,27.757895022002067,-0.05566348398074003,-0.0022689280275926286
2.774667177861893,-0.0772748232510183,-0.002099196705475691,27.780542890910596,-0.058316909773236815,-0.004363323129985824
2.7972301332794816,0.3952894325510843,-0.0018962056038846677,27.812492880498578,-0.05273826806651547,-0.0019198621771937625
2.662322081143293,-0.2799487569389061,-0.0018677439195719458,27.84479601733902,-0.052007008928037675,-0.004537856055185257
2.6823420276872327,0.27580105427955215,-0.00196130774092659,27.867370508278256,-0.054656559580147174,-0.0024434609527920616
2.5191890393474363,0.29271574057926064,-0.0014212286125468328,27.896202458964044,-0.03964690781022365,-0.0005235987755982988
2.6264286033907713,-1.4766945688780562,-0.0015148219460838501,27.919156440248074,-0.0422925832412339,-0.011519173063162575
2.5478014737478456,-0.43122227264927987,-0.0017703787127955708,27.944993889195196,-0.049473273997695355,-0.013788101090755204
2.424343949858728,1.0935896924986757,-0.0018633971740291103,27.967743288715095,-0.052115074127015784,-0.006108652381980154
2.601057652413163,-1.1461676907387957,-0.00132440752695692,27.99621648897434,-0.037078421523516154,-0.012391837689159739
2.6164472925676923,0.502696299026292,-0.0015786405394925325,28.022131079518203,-0.04423690887279516,-0.008552113334772215
2.649744996926987,-0.34600813580961864,-0.0015499909366232549,28.054063481824024,-0.04348357895497848,-0.010297442586766544
2.603175861637722,-0.22174206628055262,-0.0014680728232350573,28.077195690302684,-0.04121939755812487,-0.011344640137963142
2.4938951435967627,-1.1522731947714682,-0.0012649502186237722,28.109233835641152,-0.03555680045054398,-0.017278759594743863
2.36384892010033,-0.6660942403565694,-0.0016381642737865018,28.125853862233704,-0.0460748101820387,-0.019547687622336492
2.3420609295176305,0.21708216874567718,-0.0015555671222663573,28.14841165766754,-0.04378677903694885,-0.015009831567151233
2.6368021110493505,-1.3131238515019905,-0.0013518590436132052,28.179996458016966,-0.03809540626750327,-0.023911010752322315
2.6366346090168555,0.40998076776901693,-0.0014278804534199707,28.20615101232461,-0.04027503906820226,-0.01832595714594046
2.58392302207837,-1.1255533874034989,-0.0013446322140384195,28.2289934530522,-0.03795763684311171,-0.02303834612632515
2.3673871132085442,-1.604507673478762,-0.001140436973807511,28.261371395054997,-0.032230326842311224,-0.0307177948351002
2.285981751330583,0.00024615681169962714,-0.00166793217788146,28.281740858654956,-0.047172069368860495,-0.026179938779914945
2.476384249409734,-1.8495833595017082,-0.001409305792326638,28.30412654485093,-0.03988919589495469,-0.03438298626428829
2.2120745198313503,-0.128669779474119,-0.0014821873837706568,28.3302154952645,-0.041990718736105076,-0.030019663134302467
2.583678671699002,0.011319986517056839,-0.0012230042176721398,28.35281689272633,-0.03467563193126059,-0.02548180707911721
2.5887065839758905,-3.2030640163883803,-0.0010173457809025987,28.385117263389507,-0.02887748925099652,-0.04363323129985824
2.451305672306313,1.6326622683622376,-0.0016962236239176113,28.408910361957346,-0.04818791110072974,-0.025656340004316644
2.458230686401751,-2.9419227663816976,-0.0006543926274661823,28.434478537534147,-0.0186073157768763,-0.041189770347066175
2.2612257046286848,-0.23471243610829426,-0.0015051979085422887,28.458643446547352,-0.04283592294568388,-0.03787364476827695
2.567782167303391,-1.261592944571163,-0.0010698704202544665,28.481200538083446,-0.03047120561504334,-0.04136430327226561
2.425553048248757,-1.6862410513988313,-0.0011381247895048674,28.507689702171362,-0.032445322350666966,-0.04729842272904633
2.254636125835343,-0.06725675463000465,-0.0010312183330037886,28.534469368771955,-0.02942527836600411,-0.04066617157146788
2.425706809135972,-2.1124727625451314,-0.0005949799407051234,28.557287581854446,-0.016991015277097163,-0.0471238898038469
2.464278372484911,-0.8078257370774069,-0.0009895921673772434,28.58727619812253,-0.028289753846961974,-0.04485496177625427
2.4637711095552497,-1.4462240726774556,-0.0008804664529689125,28.613842289746945,-0.025193534736852895,-0.04729842272904633
2.1697639190089175,-0.0015046764050855776,-0.0008916664901009512,28.631719903438704,-0.025529951957878654,-0.039269908169872414
2.345330124911865,-3.4873181251831613,-0.00045382303927998915,28.654650177083703,-0.013004141325626514,-0.056025068989017976
2.3137777592557183,0.3044382463939268,-0.0011179590642136133,28.678208793388706,-0.03206107682297217,-0.046774823953448036
2.438945128974694,-0.7489019113136489,-0.0002311904467115476,28.707197388658862,-0.006636829906364639,-0.046774823953448036
2.547487491815406,-1.676558588026683,-0.00029313087023615875,28.73351491208169,-0.008422680472363744,-0.044156830075456545
2.6229485992022368,-2.412217419183825,-0.0001799811603090575,28.75976413266099,-0.005176215774702568,-0.05166174585903215
2.3223759989357142,-2.101163395130853,-0.0005129320783844332,28.78039821100555,-0.014762390765761033,-0.05811946409141117
2.317697628695489,0.8192103398961508,-0.0005488626052465846,28.80975487062971,-0.01581259870265863,-0.04293509959906051
2.2769525568506244,-1.569771947579005,4.25827568738491e-05,28.82855786340809,0.0012275994712631958,-0.04380776422505767
2.4116878640685,-1.6106965696558382,0.0001586176357108166,28.85495317334782,0.004576904489287048,-0.04590215932745086
2.421988118304279,-0.43169461229000317,-0.00034469416039122503,28.8744814252971,-0.009952865525804943,-0.039095375244672985
2.2209836265482705,-2.1926885417435837,0.0002185255000024086,28.90599176357127,0.006316696403747815,-0.044331363000655974
2.4570398198616843,-0.8936462410050261,-0.00028271121435223024,28.926139729949863,-0.008177744307446878,-0.041015237421866746
2.3361267202843563,-0.23294034689838972,-0.0001634684169208185,28.951473039604192,-0.004732651507465038,-0.03368485456349056
2.278353269957987,-1.298502099982332,-6.919792486785223e-05,28.973217818758418,-0.0020048865530023973,-0.03543018381548489
2.327066560984472,-0.39869317643219665,-0.00012320130203158188,28.998890718857,-0.003572701112110892,-0.028448866807507574
2.4216878298375923,-1.8793517421020347,0.00014592874050007806,29.020965141085473,0.004234992921196943,-0.0328121899374934
2.461988854822295,-1.961331080442712,-0.0003506862286283748,29.040818658144286,-0.010184215588992929,-0.03630284844148206
2.378672926111554,0.2147979899114256,-0.00040256186468668126,29.067146215124176,-0.011701325213571005,-0.02757620218151041
2.5202367427960124,-1.6020966994959764,-0.0001322357913990056,29.089060002276437,-0.0038466148928752103,-0.030892327760299633
2.2577037336952612,-0.6222826474069764,-0.0003573869504677426,29.114747704020637,-0.010405231338581874,-0.029321531433504737
2.40841079539636,-1.7406356360974966,-0.0004074809627266608,29.140203567597826,-0.011874078860969238,-0.034033920413889425
2.435130231097951,0.02014371113616862,-0.00045685515554906407,29.166622017911596,-0.013324922565878097,-0.02303834612632515
2.348368177829702,-2.313481843928675,-0.00035963780591635644,29.18885895667001,-0.010497417644955192,-0.02303834612632515
2.289083678934449,-0.8118312361239176,-0.0008495920933460042,29.209658388849505,-0.02481630078736221,-0.027925268031909273
2.6100574967107164,-0.8465871792128977,-0.0008968862449868653,29.235452497979676,-0.026220882242140944,-0.028274333882308142
2.6207303273650147,-0.40926574131716736,-0.0006241433515285709,29.257781356949906,-0.018261052085644495,-0.024609142453120045
2.1828769583941523,-2.2527100134972473,-0.0007230160523991717,29.292268944130868,-0.021178784348219272,-0.032114058236695664
2.2349741510852024,-0.39829805062255114,-0.0008902464837773876,29.309464416515766,-0.02609265453134904,-0.025830872929516076
2.510382127006765,-1.132540857696712,-0.0011094306099812433,29.335267574247727,-0.032545457151571526,-0.027227136331111543
2.616218120862037,-0.4879325129994033,-0.0011535867550875535,29.360753910013077,-0.03387019185437014,-0.02548180707911721
2.2800079231841606,-1.6018032732182548,-0.0010536046290922894,29.383325309687628,-0.03095841901988097,-0.031241393610698498
2.586728808654931,0.7574909664898457,-0.0010967063804720885,29.408817131654438,-0.03225285032128859,-0.02234021442552742
2.3241854470077423,-1.6382149646362392,-0.0008219305057807938,29.430337892679503,-0.02418969795670609,-0.028274333882308142
2.3474869457718395,-1.8893833156901834,-0.0010383048550413627,29.456806122812946,-0.030585155802380328,-0.03595378259108319
2.1867078018139323,-0.0010015680610716048,-0.0015180937127119538,29.47622932829438,-0.044747712793064734,-0.028448866807507574
2.179355025191886,-1.8601432454555547,-0.0009257522369422626,29.49482841705821,-0.027304911185579844,-0.03682644721708035
2.4829399462255064,0.3860986301025789,-0.0012822008982193338,29.523131205343862,-0.03785460609455947,-0.029670597283903602
2.4181670055274767,-1.3320315442915112,-0.0006899383606861347,29.54172600316511,-0.020381973244504064,-0.03595378259108319
2.460744442685599,-0.9286391048514201,-0.0007292445847354686,29.567100861371483,-0.02156165201162809,-0.03665191429188092
2.1811726600912027,-0.7293127771864667,-0.0007678551252357711,29.593183577116466,-0.022723282147625798,-0.03508111796508603
2.313550213186044,-1.3650377526335777,-0.0008057966517124699,29.61895597068874,-0.023866860714050087,-0.03961897402027128
2.0814854313154303,-0.596088065751007,-0.0009648584068007913,29.63540768215168,-0.02859398111429889,-0.03647738136668149
2.081488640309572,-0.5944409828996097,-0.0006870753757992192,29.657665385453242,-0.02037705479652077,-0.03647738136668149
2.1517551372184838,-1.7869280341199563,-0.0008630300411414096,29.687138652642265,-0.025620898853754136,-0.05113814708343386
2.394540891961658,-0.014148425045331705,-0.0008458411883480999,29.703693205572023,-0.02512461315110772,-0.046949356878647465
2.2329976049639173,-2.024818841630127,-0.000566941839259263,29.72572045595578,-0.016852756434227758,-0.052534410485029326
2.0887467312601853,-0.6643896687754386,-0.0005656361122286079,29.756316727247516,-0.016831249102863658,-0.047647488579445195
2.154119228434242,-3.1788311358234176,-0.0004079815810297872,29.77005310405031,-0.012145634006607267,-0.06335545184739416
1.9974871948488921,-1.121252625518055,-0.0008395512123710494,29.794456824311062,-0.025013978225790334,-0.06073745796940267
2.254576584959424,-1.8054651377833073,-0.0005224744467494371,29.82133406141659,-0.015580886432823245,-0.06387905062299247
2.176140728086286,-1.4470794945446575,-0.00032705239043784415,29.838503925081895,-0.009758754383729779,-0.06649704450098395
2.3801129799646166,-1.5387370657329968,-8.698780344701907e-06,29.86506216890272,-0.00025978961579470414,-0.06841690667817772
2.3716795323192303,-3.931228438682558,-0.00012349838535378286,29.885902285138688,-0.0036908606958197102,-0.08552113334772216
2.178599534783289,-0.406406475442022,-0.00037386590209324063,29.910858126111712,-0.011182650476722678,-0.07679448708775051
2.139193033652719,-3.0109330880774836,-5.263670161392548e-05,29.938168931477346,-0.0015758464663688258,-0.08691739674931762
2.1165427961471637,-1.0619231191864447,0.0001846903819629327,29.95997161315832,0.0055333186637476555,-0.08499753457212385
1.98739934958795,-1.8329278537652236,0.0005588321247889314,29.97722461091139,0.016752237868461486,-0.08691739674931762
2.340564180340312,-2.8194705010362506,0.0010565497179541952,30.004222254364688,0.03170096435618525,-0.09494591130849153
2.369983954432469,-3.0132170348980694,0.0008129803370485291,30.028510171091817,0.02441259369835536,-0.10367255756846318
2.0946380347749316,-1.9825050547254142,0.0012288161416216473,30.049563067411047,0.036925406731568286,-0.10262536001726658
1.7867068387256588,-2.711106417148456,0.0014714305948843598,30.07056732571172,0.04424678470160925,-0.10978120995044333
1.9159675864213608,-1.4830833555464398,0.0017151010259051122,30.09206503118416,0.051610982212395844,-0.10524335389525807
2.3481108068562766,-3.244664100588489,0.0022679464726221973,30.110259713860604,0.06828857439043776,-0.10524335389525807
2.0956575485840534,-2.05761290238184,0.0023799487327871276,30.135067856150798,0.07172005196793818,-0.1101302758008422
2.1602625985466943,-3.588812589098254,0.00280114548513561,30.156212930193785,0.08447216063288772,-0.11606439525762292
1.9270415121359623,-3.0106326186491508,0.0027421195887367836,30.180173389334616,0.08275785206729873,-0.11833332328521555
2.185910275285625,-3.2656071887285574,0.002734260578917947,30.196631153722624,0.0825656639384655,-0.12496557444279399
2.1279895364348027,-2.5537982904896777,0.003333418862139362,30.217766552711698,0.10072884608775497,-0.1213003830136059
2.242253441352194,-2.706234574479941,0.0034531289360258378,30.244074394468647,0.10443710354132404,-0.12199851471440364
1.8988458389205845,-3.7403844823002923,0.0038805559592563375,30.264383970635315,0.11744322508573025,-0.12688543661998777
1.9240883224157885,-3.268567105332823,0.004003454557230072,30.29026947709593,0.12126636525005356,-0.1239183768915974
2.5437647894262514,-3.294617147943897,0.004176673111367779,30.3060556049748,0.12657922359900642,-0.12496557444279399
2.389569211655392,-3.142214120407347,0.004303192524840103,30.329685119314657,0.1305152798912653,-0.12199851471440364
1.8562831786100054,-4.895195158978838,0.004431223108554832,30.355177256736784,0.13451144333597975,-0.13142329267517303
2.0449428634187647,-2.909704102494203,0.004304785094907015,30.37536625352894,0.13076023161509667,-0.12671090369478832
2.139522446733386,-2.254539511880694,0.00443670114153264,30.399568585338482,0.13487468561785554,-0.11815879036001611
2.3588321381239052,-3.448378016286531,0.0051765883118653645,30.41685022858316,0.1574569178407243,-0.11885692206081386
2.422859347735547,-3.666629523211019,0.0050084674312283,30.44494999961179,0.15248381552648962,-0.11955505376161159
2.18963657613801,-3.498538368103119,0.004843521939981881,30.459892019625283,0.14753430899211656,-0.11676252695842065
2.1898619906591734,-3.2218132925368343,0.004981844741627465,30.484558169736673,0.1518705922349401,-0.11187560505283653
2.193741881000357,-2.417946650874904,0.0049475179703728335,30.510265572101236,0.1509513188596385,-0.10192722831646885
2.0335781950105893,-3.623596174610073,0.005216472949376716,30.53106688568872,0.15926592915381718,-0.10314895879286488
2.1387150332424283,-2.7208435996909652,0.005056985953391856,30.546682843096615,0.15447546286834404,-0.09651670763528643
2.3132096386622134,-3.838608554621909,0.0053283942303291336,30.566624734429713,0.16287256829280644,-0.09826203688728075
2.495932339678209,-3.2237301136287217,0.004825790035745904,30.594522717753318,0.1476438890040883,-0.09354964790689607
2.193039708457502,-2.9423476522074794,0.004799737298513426,30.619798018676605,0.14696811521650321,-0.09145525280450287
2.203562976843708,-1.5999169366171089,0.004900922026927822,30.640306632663858,0.1501669559783131,-0.0762708883121522
2.2275798582373754,-4.816960129089218,0.004828915091465657,30.660794074141915,0.14805952206082126,-0.08517206749732328
2.1928088767541447,-2.3301374117500893,0.004204370404268833,30.681108440475352,0.12899550437111496,-0.0783652834145454
2.4835890603756923,-2.5003801658011033,0.0043091322380284115,30.702132255360016,0.13230036675723797,-0.07051130178057091
2.5950450215862513,-3.1282784772677164,0.004240745859640228,30.722761719407252,0.13028820559035126,-0.07190756518216639
2.3431334214570945,-3.4738240219595924,0.004005713203463624,30.75608688325929,0.12320072226469898,-0.07522369076095561
2.286162771438476,-2.5124018601182327,0.003511765377964828,30.772102058909596,0.1080648468544772,-0.07068583470577035
2.122561456978394,-1.1292054227506676,0.003149773328400764,30.797712843409812,0.09700613529174827,-0.05759586531581288
2.415759434180769,-3.8885566141691736,0.0033398670543159856,30.82403054334222,0.10294854688035139,-0.06370451769779303
2.0526562564438624,-3.253262716424242,0.0028499261037771817,30.8397013506694,0.08789110786492853,-0.06492624817418906
2.6445466388503522,-2.661690415192782,0.002492410339898749,30.86503142079773,0.07692848275060978,-0.06649704450098395
2.483439670997361,-2.135675787778278,0.0024325944197514976,30.885397731219964,0.07513179437068507,-0.0635299847725936
2.2742509638231625,-2.0172686658187042,0.0023309324153937216,30.915342663267534,0.07206170485651679,-0.058643062867009474
2.181184399345815,-2.0777692253237916,0.0022731696969489072,30.937927052793835,0.07032727939692981,-0.05619960191421741
2.2711649447790383,-2.6308951111098597,0.002042232795865998,30.959769269284237,0.06322714405499599,-0.05707226654021458
2.255637050414928,-4.349217002530732,0.001812450761465203,30.979791639479917,0.05614940843020819,-0.07051130178057091
2.3388569523728857,-0.38851893258446113,0.001037260071754114,30.999765339055035,0.032154830351834376,-0.0582939970166106
2.6988946812648438,-2.948680447678912,0.0017044476832194756,31.021571935807913,0.05287469761865727,-0.06387905062299247
2.332427328920814,-1.4235119978030892,0.001316204415862019,31.055302373694992,0.0408751497241459,-0.0582939970166106
2.0666928747994344,-2.4134000426938855,0.0012651630044929912,31.07749381972021,0.03931811643108808,-0.06073745796940267
2.1675966646093032,-2.1545344712213663,0.0010409003113857878,31.098804690514342,0.03237076717703871,-0.06126105674500097
2.17863284747637,-1.343723134328998,0.001284750514694386,31.115243459337606,0.03997534704344874,-0.05689773361501515
2.3940327110224167,-2.330861188775731,0.0011948382940916514,31.14527374282422,0.03721358345707737,-0.060039326268604934
2.555265775784532,-3.3612818041316403,0.0009735059234423997,31.165822742922323,0.03034012263377548,-0.07033676885537149
2.2969625963239424,-1.1549999909561446,0.0006356812549587938,31.190476427957986,0.019827203869149698,-0.06544984694978735
2.1317256521438095,-0.5739425529333138,0.0008824957892001368,31.207718794554506,0.027540687576288334,-0.054105206811824215
2.327362834093078,-2.846131271494759,0.0013797230743623887,31.23074874381052,0.043089812013888736,-0.06056292504420324
2.2924515799939775,-0.8951769714569613,0.0010452857307956074,31.256451681723945,0.03267193483757035,-0.05393067388662478
2.056981027493343,-1.9134891372546814,0.0012526659334893004,31.281687286567387,0.03918552450222564,-0.05445427266222309
2.627151153431088,-2.688397501738414,0.001327526518630153,31.29863378287102,0.04154979075175901,-0.06230825429619757
2.3522208724773046,-1.8333150368027957,0.000822535490309389,31.323946536805856,0.02576506353365387,-0.06283185307179587
2.4657095476015343,-1.5671152161450144,0.0010731285167123314,31.341752273752544,0.033633741039624424,-0.061086523819801536
2.080880806425132,-0.2638884308993926,0.0011679990161344933,31.37289131436502,0.036643522851770624,-0.05044001538263613
2.269174275849964,-2.207967214018986,0.0016681213939800325,31.396439526201377,0.052373121046787395,-0.053232542185827056
1.967096888159697,-3.014553451437877,0.0014570246711323965,31.416968655631166,0.045775330815921104,-0.06300638599699529
2.4318363628202153,-1.164408337421292,0.0008245897233959376,31.43415512706614,0.025920287156230362,-0.0614355896702004
2.736032419978966,-1.555028490967376,0.0012120311638439884,31.461200721837642,0.03813197439902523,-0.0614355896702004
2.221145955407605,-2.870476188692674,0.0014257534006217355,31.4864787515399,0.04489198457201727,-0.06963863715457375
1.871739291404367,-0.9569617992441611,0.001279240817415344,31.514091572929818,0.04031413425464247,-0.06265732014659643
2.2729450350843474,-1.2285911485145498,0.001648226599275893,31.528612155083955,0.051966344250410156,-0.059341194567807204
2.2630592554638187,-1.0912172793863453,0.0020380985806669367,31.55487345572323,0.06431203185068063,-0.055326937288220246
2.4184238395545083,-3.383752737081082,0.00212040328084145,31.572428782882866,0.06694638190815529,-0.06649704450098395
2.3229312369693265,-1.6544110666693517,0.001517253783277873,31.602778609191176,0.047949472201066025,-0.0651007810993885
2.2575695824294595,-2.1548947873786486,0.001775523392729738,31.619875980442217,0.05614188847395633,-0.06876597252857658
2.302826023273105,-1.6149795394137427,0.0018822203754007348,31.651563382239594,0.05957528786487647,-0.06719517620178168
2.3838565636426003,-0.4477106344533969,0.0019673434328282935,31.670042837075815,0.06230593117672579,-0.05707226654021458
2.1819901024315893,-3.1391630686765346,0.00236146470161328,31.697076996592052,0.0748516676089846,-0.06597344572538566
2.188372649664828,-1.4885011508954047,0.0020515132578980437,31.72238249601974,0.06507897956216757,-0.0645771823237902
2.494852212761987,-2.000751190959302,0.0021386003793269683,31.740412421554137,0.06788016153059265,-0.06702064327658225
2.380351107009016,0.45963184815930136,0.0021158283692013177,31.761764903753175,0.06720254352183422,-0.05113814708343386
2.133058655409419,-3.0838174513422802,0.0030418831815184405,31.788732265755662,0.0966979082914782,-0.059864793343405505
2.0891039074477122,-1.2337356211821924,0.002601776106140153,31.805850082939948,0.08275188750378538,-0.05480333851262195
1.950225069792092,-1.23119179199229,0.0028256661809240658,31.831907681398445,0.08994658439926932,-0.04886921905584123
2.2283760351891115,-2.2321361957680534,0.002915521531505739,31.84936327973074,0.09285776751218748,-0.05044001538263613
2.339712385270614,-1.4182035331107314,0.0025481392806013326,31.87080596697557,0.0812114283579247,-0.0481710873550435
2.076162482330604,-0.7105041223741957,0.0026392396482249657,31.88740987459976,0.08415871182524745,-0.039269908169872414
2.066668981052342,-0.7105041223741957,0.0026912944329096854,31.912207941288905,0.08588535493210406,-0.039269908169872414
2.100480951669911,0.7188795590787324,0.0023658225395387093,31.924890919134803,0.07552876742328783,-0.029670597283903602
2.266384944701978,-1.6235523755994634,0.0025272104702904834,31.947029236838933,0.08073703866566677,-0.0291469985083053
2.0468354352523583,-1.6009684363598518,0.002580733303462275,31.972718357123703,0.08251324225099928,-0.028274333882308142
2.1390606928908333,-1.0863031580993165,0.0024999843028385834,31.98935448950808,0.07997305069020862,-0.023911010752322315
1.93069616845996,-1.1743218648589815,0.0022453627270714953,32.005957710275354,0.07186510525991252,-0.021642082724729686
2.065470270158929,-0.8740570238072154,0.002126065879620464,32.031646809737666,0.06810149396006286,-0.017627825445142728
2.0732183960506716,-0.6238962639885514,0.0018724059524859078,32.0482816403557,0.06000746343716628,-0.011693705988362009
2.0648700561572118,-1.206133408470596,0.0018608539318199205,32.07001339128428,0.05967767939621037,-0.011693705988362009
1.886080384434283,-1.0612231474309841,0.0016079440720894308,32.0867375067161,0.05159372383153963,-0.009773843811168246
2.3091446159392293,-1.3263876069209888,0.0011811184072188059,32.1034856097969,0.0379180354220176,-0.01064650843716541
1.9589175523430367,0.6403695567955282,0.0010640110258452466,32.12956285376542,0.034186222032957694,0.0010471975511965976
1.9965861518371442,-1.4768178694206355,0.0010532769679622693,32.15130589564135,0.033864242512700246,-0.0024434609527920616
1.883450442447783,-0.32714436442208356,0.000627690309868643,32.168155257826264,0.02019164199349049,0.0010471975511965976
1.9828822360696674,-0.9149828335680172,0.000617255061883789,32.190355619148725,0.019869662473231266,-0.0006981317007977319
1.8529423236805767,1.2092408190398363,0.000192409976026001,32.20759133981083,0.006197061954023288,0.012566370614359171
2.1275855975316538,-2.372094293178576,0.0005670791939446267,32.22059289373258,0.018271629805185548,-0.0015707963267948964
1.913636006738106,0.8245534435859956,-0.0004161969635576779,32.24688235027163,-0.013421055293316081,0.006108652381980154
1.9772611600820256,-0.5717150611469186,-0.00014686186101236593,32.26459659209954,-0.004738438734395835,0.003141592653589793
1.8148583756967833,0.358846439141247,-0.00015685493659503268,32.286650253836044,-0.005064320519964736,0.007330382858376184
2.04169829075844,0.1827343714019373,-0.00047566909771840657,32.30065428971298,-0.015364424240492431,0.00890117918517108
1.8071834590379356,-1.3804352927293695,-0.00020685063565426413,32.317774883541816,-0.006684952372935469,0.00017453292519943296
2.1594116424399408,0.4567749296736024,-0.0006297646049518034,32.33545582580335,-0.020363728256181955,0.0027925268031909274
2.16126519682746,0.12346088448945061,-0.0006395155742623977,32.358100895238515,-0.020693512297137864,0.0013962634015954637
2.02418590570854,0.8642417053273559,-0.0006492707502670131,32.37985597735112,-0.02102329633809377,0.007155849933176752
1.8627579239171446,-0.5302448204067363,-0.00042138070915915973,32.407166622173,-0.013655755661336727,0.0020943951023931952
2.10157344129382,1.0266110816471266,-0.0005653141103280187,32.42021226132127,-0.018327605403533374,0.008552113334772215
1.901900546760064,-1.6288886965178502,-0.0002975333863795864,32.43763103150349,-0.009651278491731526,-0.004886921905584123
2.4472644630032496,1.5795939055915715,-0.0007189470027299383,32.45460002370693,-0.02333314143202521,0.004014257279586958
2.141495513488372,-0.18032454697932176,-0.0003176834579996139,32.48091915823085,-0.010318651064321668,0.0005235987755982988
2.1893369060092094,-0.39202067650394373,-0.0003277318433688984,32.5032101236607,-0.01065233735061662,-0.003490658503988659
2.0042513502373227,-0.3180056624411796,-0.00033777064982240285,32.525097206915625,-0.010986023636911573,-0.004886921905584123
2.2089264954176486,1.6502508279511108,-0.00062453709157854,32.5516622667539,-0.020329723121305102,0.005759586531581287
1.9294816350944213,-0.8660773589021225,-8.117419007787777e-05,32.56432867472342,-0.002643383011406454,-0.0017453292519943296
2.399486127883883,-0.4337608605268817,-0.00036781870765132324,32.58964730685092,-0.011987082495798206,-0.005585053606381855
2.176359951529048,0.3704545392727647,-0.0003778073405402205,32.611246192994386,-0.012320768782093159,-0.003665191429188092
2.191913780529157,0.20325063807353774,-0.00038778328885886857,32.632799807640374,-0.012654455068388111,-0.0019198621771937625
2.115556669074703,0.4756948034484885,-0.00012184149408741706,32.650027535323765,-0.003978128156584723,0.0010471975511965976
2.1213785989170892,0.14867940191482693,-0.0001319743757787397,32.671603047210525,-0.004311814442879675,0.0029670597283903604
1.9324256829386404,0.5407521601138753,-0.00014209286491840938,32.69341286472964,-0.004645500729174628,0.005759586531581287
2.482065717798575,-1.0747953663010563,-5.1223764784046734e-05,32.71002051101716,-0.0016755303982031477,-0.0022689280275926286
2.0403083277376783,1.05139108418438,-0.00033675207699085353,32.73591900217367,-0.011023889132896552,0.006108652381980154
2.3065304567632916,0.09667508266999748,-7.177027396223637e-05,32.75321811292774,-0.0023507074411458495,0.005585053606381855
2.194833835301636,0.2006779068706927,-0.0002564874878270064,32.77492814155907,-0.008406359167078919,0.007155849933176752
2.1403369162808064,0.18842370325493668,-0.0002667305001108917,32.79658570110311,-0.00874784991344068,0.007330382858376184
2.0279827129855668,1.9116728333479756,-0.0004514276988034175,32.818560026461775,-0.014815208037169581,0.019547687622336492
2.43248034354958,-2.16534995236506,4.468818111293363e-05,32.84047998811898,0.0014675813185216697,0.0015707963267948964
2.191713055329611,1.836379305367304,-0.0006463266003329243,32.86212005571095,-0.02123966529287911,0.013089969389957472
2.3370572993470446,-0.602469026606178,-0.00015109437216865288,32.88436945972775,-0.00496864319549015,0.006283185307179586
2.139722127343487,1.1857944689880953,-0.0004355980421316866,32.91023785465044,-0.014335636082282076,0.012915436464758038
2.167152795659394,2.051237406435795,-7.307487656511796e-05,32.924108087828216,-0.0024059251388171454,0.02530727415391778
1.9372702732011338,-2.0715040776606584,0.00014660735859038055,32.950933912957005,0.00483084941867579,0.008726646259971648
2.35327250611112,0.9729122115271474,-0.00044361257847311974,32.96817482610189,-0.014625098001527679,0.013962634015954637
2.1537175737427057,0.8381918190082488,-0.0003555909871029135,32.986138047311044,-0.011729573883338104,0.016580627893946133
2.193027286953912,-0.06297076912701645,-0.00040995726240027975,33.01681515191286,-0.013535483911134455,0.013089969389957472
2.074515040585405,2.2384709523632838,-0.0004209639775796265,33.03891067013036,-0.013908192072156066,0.026703537555513242
2.1237464934751076,0.3412708550261367,3.747550504025567e-05,33.0485747871428,0.0012385120315886306,0.025830872929516076
1.9450154464443465,0.6905123747996533,-0.0001485459578293905,33.07092980358192,-0.004912552980114916,0.02775073510670984
2.2152703308267605,-0.18460924744458743,-0.00023647159717339996,33.08869481916198,-0.007824536658116714,0.022514747350726852
1.974281936901602,1.265531442263927,-0.0004226499667504555,33.11098658265421,-0.013994358211518294,0.02548180707911721
2.076515841663142,1.9591925593494794,-0.00038083580935477764,33.137779256754015,-0.012620053593586218,0.03560471674068432
1.9729754874174148,1.0935181771019813,-0.0001974651541109447,33.15132357837125,-0.0065462313044694865,0.03944444109507185
2.102949648690508,0.40925702111447776,-0.0001568807164633856,33.17852934556576,-0.005205071497635463,0.03700098014227979
1.7291282154823966,1.0399450186449257,-0.0005183981406453131,33.20093891166591,-0.01721130654125578,0.03874630939427412
2.1371646969430467,1.133641202134691,-0.0006081924662525045,33.21898846410794,-0.020203541011483014,0.03961897402027128
1.779446769337437,1.2745190838010976,-0.00042660481168391075,33.2328039648026,-0.014177274937181572,0.04241150082346221
2.1046459300200584,1.440087732394175,-0.0006915693525041517,33.25085702000038,-0.02299527732549964,0.045553093477052
1.8999417760537634,1.530288695788592,-0.0006533144346524548,33.27767674315284,-0.021740789661132933,0.04974188368183839
1.8475524413534075,0.04467376026205707,-0.0006476377921232222,33.29191891543755,-0.02156110787643174,0.04153883619746504
1.6735368702253572,3.184054599980247,-0.0011849114560304598,33.31431355227984,-0.03947453025216854,0.05567600313861911
2.1439930781995526,0.687904302016097,-0.0007804531627757928,33.33272759978415,-0.026014637961096286,0.05183627878423159
1.7506839003511623,0.2859634468338632,-0.001047321533623466,33.3508496245577,-0.034929075747467724,0.04450589592585541
1.8513079895484952,3.1188580368433554,-0.0014108736317935892,33.37299393972385,-0.04708510840554804,0.056548667764616284
1.6840792586191335,1.712851853237386,-0.0011832041506391342,33.39125106421281,-0.039508685291230264,0.059341194567807204
1.7421199504901406,1.1105356311331638,-0.0011804024644923735,33.405486059967,-0.03943193638691494,0.05689773361501515
1.6210575781993917,1.1781704559154933,-0.0011780529997007596,33.419260424234224,-0.03936967820308124,0.05515240436302082
1.5792340434719383,2.433216953526422,-0.0014468047023533178,33.43701747186989,-0.04837686786583645,0.0603883921190038
1.3303813595079115,1.1495816964041436,-0.0016197892589223165,33.45053288267935,-0.05418286125543584,0.05742133239061344
1.4223700324662758,2.1672112786056434,-0.0016187089470296432,33.4641518854176,-0.05416876937303265,0.06056292504420324
1.0808034457737874,2.070214706112293,-0.0017925528358083444,33.47795227246142,-0.06001106255983319,0.06230825429619757
0.9509484774360856,2.36789258426286,-0.0015218473344170153,33.48767538647844,-0.05096316886663497,0.06702064327658225
0.7750540100372032,1.7942646099841644,-0.0016966024023008478,33.501551914532456,-0.056838867995143316,0.06754424205218056
0.7993793995459515,1.890047280814847,-0.001601351142131504,33.510924103546635,-0.05366280245673496,0.06475171524898962
0.770260639206323,2.457509322689559,-0.001902896411133359,33.51562585908635,-0.06377684114312326,0.06684611035138283
0.31653602954605325,2.627434352572599,-0.0016338226720529776,33.52522045230359,-0.054774313998312424,0.06963863715457375
0.1504611146220982,1.8559164730478759,-0.0016651373356546455,33.52587052904107,-0.05582523032344979,0.06806784082777885
-0.06856284034553474,2.9376765236133613,-0.0016964782259006623,33.52653547375343,-0.056877091985937024,0.07539822368615504
-0.13473750195448725,1.36015521762087,-0.0016315590715343985,33.52290398548495,-0.05469464663381294,0.07138396640656808
0.04379513825212623,1.4600337219487611,-0.0019337636612975877,33.527527413080655,-0.0648343949794119,0.06597344572538566
-0.063033244480961,3.3015981982720173,-0.0021863982103576813,33.523323212089316,-0.07329545066851295,0.07225663103256524
0.038081635249828286,1.9850110492235888,-0.0019966564105320947,33.5286717163397,-0.06694532628131371,0.07016223593017205
0.22859162862422855,1.690565038086818,-0.0020281646558977006,33.52896880928178,-0.06800236272918936,0.06719517620178168
-0.02394456205661529,3.2225796137551592,-0.0024550943290023095,33.524573341902354,-0.08230615526045182,0.07400196028455958
-0.07834815857180435,2.357208502816174,-0.0020912494907686595,33.529993264524116,-0.07011968355865089,0.07382742735936015
-0.29450288019714616,3.7950025088405135,-0.0018515015051197936,33.526207731538,-0.062073895006884816,0.08429940287132612
-0.7777154368658572,0.23057084611061548,-0.0017860511173786093,33.52286692869311,-0.059873617600926465,0.06998770300497262
-1.280681344710348,2.9453221615207705,-0.002336068808614165,33.5091733041287,-0.07827987695504424,0.07400196028455958
-1.218983339147195,3.1755552836686682,-0.0022188843793815166,33.49638392539647,-0.07432472503583859,0.07923794804054256
-0.8827718246814071,1.281306663121315,-0.0021524698841460937,33.492542604586376,-0.07209180063669965,0.07295476273336297
-0.6593207675278919,3.4104646061265766,-0.0024294541168666858,33.47491184170479,-0.08132592238754413,0.08203047484373349
-0.6611044665578915,3.4068786182008703,-0.0023622930628396884,33.47165326184799,-0.07907000138379044,0.08203047484373349
-1.7284813688689311,3.016703997700082,-0.002515545827321548,33.46354118073369,-0.08417924894594904,0.08464846872172499
-1.7628961212937548,2.2155966532012767,-0.002420215661399678,33.43794739976601,-0.08092720199088119,0.08220500776893293
-1.907424312570162,3.6497213194659253,-0.002474122419299439,33.42543714749771,-0.08269879216244619,0.08220500776893293
-1.553243504312614,3.216890546762199,-0.0023763249248471745,33.40000544552898,-0.07936941482788071,0.096342174710087
-0.9284009525013729,1.7146464456246187,-0.0026031690504555007,33.38756914150381,-0.08691368298240315,0.09058258817850572
-0.9486993844674603,2.9691837938972405,-0.0029285671300409034,33.37952150111946,-0.09775444894868608,0.09407324668249435
-1.4347461092321039,3.2961619262581547,-0.0029798375885770507,33.36773689177201,-0.09943073093216542,0.0973893722612836
-2.405159782700198,3.4109650487293828,-0.0027564420266894536,33.35160495922178,-0.09193199839953098,0.09843656981248018
-1.6683112437511247,2.547146881947282,-0.0027065265424450063,33.33517467807218,-0.09022275536584394,0.09704030641088474
-2.015147112109747,4.216914686178138,-0.003051219934379772,33.31400930232795,-0.10164868472539525,0.10611601852125524
-1.2798372285646913,2.619817787661249,-0.0027242285710377553,33.293822380616916,-0.090700206543259,0.10349802464326374
-1.5885646918677496,3.26889331301781,-0.003046724714447831,33.28565656707527,-0.1014125462881098,0.10524335389525807
-2.2176271910202705,4.173892480762677,-0.0031673422721348967,33.269604686093494,-0.10537657768099719,0.11431906600562858
-2.7887637369712834,2.7818259626201405,-0.00295682461935288,33.24079388456325,-0.09828748416120464,0.11362093430483085
-2.4212176180003264,4.922545810274961,-0.0032963537995271647,33.219514043864955,-0.1095036679576284,0.130201562198777
-3.8424830878380853,1.5939504473812158,-0.0031548081526694876,33.18647532182995,-0.10469731024820618,0.1207767842380076
-4.166022397964876,4.082213565296755,-0.003905721633938277,33.14671791740234,-0.12946251156698016,0.12060225131280818
-3.785776344125645,5.006746365260416,-0.003981201573316127,33.108293139415025,-0.13181148513970437,0.1312487597499736
-4.253056822725237,1.8294238297134375,-0.0036568312196239025,33.07555085112094,-0.12095224610031026,0.12025318546240932
-4.236598343180784,5.42017538021912,-0.004124164173876815,33.03203331403701,-0.13623030075307316,0.13700834628155487
-4.384392984551988,1.4045396103859213,-0.004087369229671976,32.99054845181869,-0.13484530354774416,0.1270599695451872
-5.265458736381313,4.196507853371959,-0.00494807227313202,32.94199036707797,-0.16300067943061447,0.13596114873035828
-6.314427547189567,3.961059748670354,-0.005024021141699505,32.89046844739418,-0.16524379913703957,0.13735741213195374
-5.763118240641432,2.213482351033674,-0.005039993587204106,32.83033189357542,-0.16546606324246052,0.12636183784438945
-5.379645045840845,4.865943462933481,-0.005907009176144853,32.76866312927156,-0.19356704516249332,0.13805554383275148
-6.303715375388052,4.689958721051781,-0.005514860060542601,32.71429608318849,-0.18041659392592427,0.14870205226991687
-7.2228856524123275,2.624524584698635,-0.005584763991738512,32.65025815617255,-0.18234588183986164,0.1439896632895322
-7.338073268281203,5.728241609099205,-0.006277249748986905,32.57574075928575,-0.20448874639362344,0.16144295580947549
-7.418882383157634,3.646379136818106,-0.006052524321031941,32.50767372447373,-0.19675588843289185,0.1647590813882647
-7.471303481655947,3.0289536440873968,-0.006800463844052214,32.42921243164247,-0.22053708631833085,0.16563174601426187
-6.919965415227078,4.884282656514814,-0.007250921819343015,32.35989209965668,-0.23464315990060694,0.17924531417981765
-7.210596246892572,6.63378164840143,-0.007584818004960216,32.286654521614466,-0.24489309474298934,0.20263272615654165
-7.141574268764883,3.8165319438654723,-0.007569319079785017,32.21471228862391,-0.24384809345280797,0.2033308578573394
-6.6846391881292595,3.6705515185796833,-0.008351365705556325,32.14572658321874,-0.26846696003334536,0.20001473227855018
-6.024978058387671,4.813360591506939,-0.009302983321012778,32.076873773189966,-0.29841923069893456,0.20053833105414848
-6.775601226976576,6.034078578541555,-0.009957983965395796,32.01666204123059,-0.31883194591385905,0.20350539078253882
-6.605110807410278,5.851691834161646,-0.010202690339437805,31.94827114163389,-0.32596962800785473,0.2012364627549462
-6.290869048864448,4.77922153667083,-0.010439367248902291,31.880821716273427,-0.3328276967447056,0.19547687622336493
-5.765252677719192,6.601759214661776,-0.010901951794069923,31.80851705999433,-0.3467886586435716,0.20367992370773827
-6.304635209552232,5.7542201683126875,-0.010832521873054512,31.75116258477834,-0.3439586170725521,0.2033308578573394
-6.742965305770721,4.571210549856177,-0.010930534281998082,31.693526297780572,-0.3464409730193692,0.19303341527057286
-6.57881675342524,4.122552840657403,-0.011666713974548335,31.623921217648533,-0.3689639839202249,0.1752310569002307
-5.778100830218701,6.4480486170848375,-0.011928172995518693,31.550950331891595,-0.37636304371022783,0.1736602605734358
-5.8523607858200215,6.2827065231302095,-0.011656059751573135,31.493883230739826,-0.367111210596496,0.1741838593490341
-7.540174988974663,5.862315069306364,-0.01137657317088764,31.437103919945987,-0.35766194346049823,0.1710422666954443
-8.024977020204966,6.516993579143206,-0.011318923644023352,31.361216545503773,-0.35499037581455756,0.1710422666954443
-7.705870525868524,4.547403402327491,-0.011068041876190652,31.273403595258433,-0.3461494753346328,0.15585790220309362
-7.738854245799783,5.553068704803399,-0.011116653236528287,31.201466702552,-0.34687017465739667,0.14468779499032994
-7.7473982525471685,6.905896359927303,-0.011272147959869073,31.120356880117832,-0.35080812549026524,0.143116998663535
-7.0986666118839405,5.038711860593211,-0.010227639706556596,31.038793845403337,-0.31746466987714683,0.1312487597499736
-6.43253867949679,6.865168776674967,-0.010077564452272716,30.96772795730914,-0.3120898395027975,0.1324704902263696
-5.588763644738824,3.8450044017527123,-0.009216556550669231,30.912331720181506,-0.28491332077035664,0.11257373675363426
-5.9313526120428435,4.52772909452938,-0.009068409340332987,30.85432117695943,-0.27980728447457914,0.0973893722612836
-6.9283702332296375,4.216221731295249,-0.00874054117435345,30.796416310446375,-0.26918419977938923,0.08307767239493008
-6.090171014170418,6.308405471194576,-0.008283121742164879,30.719794892909857,-0.25446162056516203,0.08552113334772216
-5.3109243120361995,3.1722096642601723,-0.007045304107944531,30.664616688201146,-0.21604512449467914,0.06597344572538566
-5.472761490028862,5.3375433145521995,-0.00665797900774281,30.610295998343716,-0.20380571966647917,0.06265732014659643
-5.669651678369537,4.134894016163659,-0.005651445541081673,30.549203908999097,-0.1726490002884306,0.05759586531581288
-6.117829770318321,4.182236278107898,-0.004772103055744507,30.49118736313108,-0.14550819294167294,0.05113814708343386
-5.651928240284601,3.3125205270194202,-0.0038873824241941225,30.433392613373297,-0.11830683149520285,0.04241150082346221
-5.066470359230378,4.0556922359880705,-0.003132685913699612,30.379218346388445,-0.09516886070335627,0.04328416544945937
-5.314848371731748,2.104862266936126,-0.00254859069007146,30.324659957820455,-0.07728531337896215,0.03420845333908886
-5.942198713827129,4.171564148522067,-0.00209720956418924,30.27352920872862,-0.06349002808081056,0.041015237421866746
-6.50304448109528,4.3609458912831816,-0.0010193484682849913,30.215809814925557,-0.030800450120790294,0.05061454830783556
-6.718721424150847,2.984616777088437,-0.0002208690297906069,30.14842005034759,-0.006658852394519835,0.053232542185827056
-7.13189433714354,3.4746737043564986,0.00026991205792851645,30.08466086022829,0.008120212922058365,0.06265732014659643
-7.4489893610191364,2.8580848664190164,0.0009692563151995149,30.00811800578623,0.029085566992582117,0.06894050545377602
-7.517576197144762,4.502529253332353,0.0011849153165402982,29.93484975020259,0.03547027856772689,0.08779006137531478
-7.634902817269892,5.499145299121581,0.0019730824356293765,29.864453198450615,0.058925104521768766,0.11205013797803595
-6.129228646114826,4.367778499060869,0.0026277216670044794,29.781543397116266,0.07825778698280259,0.12932889757277982
-4.6223391103786815,6.130369313350917,0.0028748302765718497,29.724036243594465,0.08545179474483412,0.15533430342749532
-5.396545130848424,5.259687043079866,0.003206489870693798,29.672791865255807,0.09514583263444897,0.16790067404185452
-6.337878329978557,4.68390674445,0.00354469556554541,29.621733907971723,0.10500046860001731,0.18046704465621366
-7.2227852779369535,4.116877752138745,0.0032863474837106416,29.56456785719152,0.0971597929625643,0.18762289458939044
-5.838871203828844,7.5174897887646654,0.002643164808652487,29.488508720569524,0.07794317002191709,0.22357667718047364
-6.704163395622699,5.872264980089793,0.002947764481137759,29.4312794474579,0.08675673147533702,0.2441715623540067
-6.917490337340887,6.81659074047234,0.0025505797761618035,29.35849616502746,0.0748813489562501,0.27349309378751147
-6.267283291187171,4.927775002072519,0.00241995684978443,29.29226564531014,0.07088615726842318,0.29059732045705583
-6.201053589973181,5.489258328528654,0.0009758054752277177,29.235487468117586,0.028528157797143384,0.3075270142014009
-6.006087603071998,5.785158574894883,-0.0004169005294507251,29.16608724045532,-0.01215935791700853,0.3075270142014009
-5.152840208173508,5.963924201221769,-0.001368753252859846,29.1031879496331,-0.03983510805148689,0.33388148590651523
-4.842421690487931,5.618600651263078,-0.002708647874482239,29.052963239540063,-0.07869443958070621,0.33580134808370904
-4.378678654309907,8.252037110948601,-0.004041757876025302,29.00278544901075,-0.11722287482598215,0.35238197597765514
-4.671973601847486,5.379872300751947,-0.004850775027678631,28.965933255903877,-0.14050832774738425,0.3485422516232676
-4.694071884861979,6.283683810415678,-0.00649964015029198,28.919121192158993,-0.1879665281213447,0.35273104182805404
-4.750389675277559,5.544184094960543,-0.007830638555057322,28.86656498875651,-0.22604825711541693,0.35098571257605965
-4.993517171782029,5.67962291584013,-0.009641865245450668,28.819696839926824,-0.2778842446206585,0.3513347784264585
-5.662704152281871,5.816948271608239,-0.011115425100610886,28.76994390856609,-0.3198033276251488,0.3478441199224699
-6.009529551370404,6.114010664790602,-0.012683419650013203,28.710711410771598,-0.3641695293616123,0.3427826650916863
-5.354296165599148,7.584699058899739,-0.013734906152503735,28.648838440681544,-0.3935138528263506,0.3427826650916863
-5.450809039965157,6.310326989793563,-0.014515818387198336,28.594096479643365,-0.4150958666634503,0.3399901382884954
-5.783516734948462,6.265161570473172,-0.015883307133361977,28.53528818342789,-0.4532728641397475,0.3347541505325124
-5.231587398151185,5.5959747157394,-0.017080519008925515,28.473797085928602,-0.4863945342191796,0.3221877799181532
-4.594753482482085,7.206681311797593,-0.018157985632402417,28.42482458749458,-0.516194289603635,0.324107642095347
-5.086895383819624,7.75309773267416,-0.01906451501507328,28.37321265923968,-0.5409870819748599,0.3288200310757317
-5.47780510642206,5.53336269480219,-0.019787771799313465,28.321919597733686,-0.5605008396341278,0.3131120678077827
-5.8173014013316235,7.023673411095332,-0.02093928204602904,28.263642851384727,-0.5919068997325155,0.3129375348825833
-5.789145959523741,7.387994625989189,-0.021741529408650727,28.202928525503726,-0.613271432922101,0.31328660073298215
-5.611856199698774,7.252051927979883,-0.022096097013679344,28.149563685136595,-0.6220967370276259,0.30997047515419296
-5.881604886853075,7.402157794068744,-0.022877968750083966,28.08913588437131,-0.642734512952082,0.30997047515419296
-5.453353926734,7.229939751827986,-0.023131166130918864,28.026598512393914,-0.6484035533566637,0.29670597283903605
-5.2138722847339505,7.237610389981138,-0.023717355263158813,27.96661137047254,-0.6634184558674898,0.2867575961026683
-5.512859749556561,6.439647544975903,-0.0238546117793619,27.91414911003524,-0.6660075238266273,0.2738421596379103
-4.8913605826942375,7.088641144400809,-0.024417910316225054,27.857084139980707,-0.6803470029929496,0.26668630970473356
-4.69264867343886,9.36,-0.024708108040715965,27.80741821561398,-0.687208544082833,0.27454029133870805
-5.235390453009322,5.133855188945249,-0.024027126556294666,27.763297891704916,-0.6672006692796485,0.25394540616517497
-5.954554747629159,6.915486072776366,-0.024912636615917944,27.7089635080174,-0.6904461841724627,0.24120450262561635
-6.4138413424842,6.3274299306397195,-0.025005821616485645,27.640607316181573,-0.6913201940516784,0.23160519173964753
-5.242583351543848,7.030348846660224,-0.02491285285224952,27.572522549136053,-0.6870523426467294,0.2267182698340634
-5.428822763002313,6.63471301026893,-0.024631725385156043,27.52422914147605,-0.6781063998650985,0.21991148575128552
-6.62,5.841969643183827,-0.024254503639554333,27.466432674185498,-0.6663153565958362,0.20682151636132803
-6.22,4.896552945174521,-0.024308010451482863,27.401121879518428,-0.6661979764127665,0.19041542139258136
-5.142641245817469,7.563599074879471,-0.0245325237275219,27.338230454645917,-0.6708103672562217,0.19861846887695472
-5.204897658045651,7.2831932073358585,-0.023950568985033754,27.281191904201712,-0.6535250339428299,0.19355701404617115
-5.773000284860328,7.050905058550005,-0.022915711233119775,27.232167536994513,-0.6241537452696385,0.18884462506578648
-6.284417110331885,8.268530774632028,-0.022396551158888087,27.165700530537414,-0.6085197507205011,0.19198621771937624
-4.26714856074134,5.4730353854162,-0.02142289913871891,27.106704379930324,-0.5807930464707507,0.17662732030182618
-4.7284981077276935,7.099791582699627,-0.02125946672885167,27.064336291648953,-0.575460055463494,0.1668534764906579
-5.908638671303082,6.171602614194019,-0.020368347837725762,27.018163853668725,-0.5503914749759455,0.15638150097869194
-5.54863515191789,7.089988731068153,-0.019818153636370902,26.954434325258752,-0.5342570672661386,0.15638150097869194
-4.060583466799222,8.84431252852068,-0.01863975889967189,26.89860327507589,-0.5014415548507344,0.15865042900628457
-3.7063818142102174,5.6300038344311485,-0.01673809349794819,26.85853865657407,-0.4496027195011285,0.1467821900927231
-4.821484130199884,3.8450318516684816,-0.016362309633184094,26.816735615788847,-0.4388228935079656,0.12740903539558607
-5.754523580816488,6.383778411349481,-0.01607497100209785,26.767368058491574,-0.43032173169956167,0.1254891732183923
-5.325520996324847,5.378199023636717,-0.015050152804090035,26.71384446848194,-0.4020777995191469,0.1153662635568252
-4.393309398155049,8.059285037519922,-0.014383117263336829,26.66261018822386,-0.38351789588362906,0.12863076587198208
-4.915769333985802,4.49909430272642,-0.012528730579123858,26.61548657021974,-0.3334757091126902,0.11763519158441782
-5.5247705835641945,3.8770260953763076,-0.011845133167877638,26.56423975115516,-0.3146716743919178,0.10576695267085638
-5.320115910340033,7.26254745546374,-0.011794027011861167,26.50746705184074,-0.312644278736325,0.11833332328521555
-4.2986776740402455,5.990599239626852,-0.009985075659747471,26.45117526584511,-0.26412576430945184,0.1223475805648025
-4.2303729528409955,5.158041380751114,-0.00920387898075331,26.409919742295877,-0.24308056913575535,0.11972958668681101
-4.674910983655967,4.408985290806595,-0.008242001846418412,26.368453194959432,-0.21733376114620184,0.11484266478122689
-5.66782195553978,6.148144223528809,-0.007893771846893516,26.319790372597108,-0.20776673570553517,0.1228711793404008
-5.249038866081564,5.416055225765316,-0.006792155345652601,26.267883500227622,-0.17841828902272208,0.1275835683207855
-4.715914027849746,5.14,-0.0056813411337395155,26.21574612906471,-0.1489421993389281,0.13177235852557187
-4.909756112354818,5.08,-0.005111340975594307,26.165261215227922,-0.13374073648342213,0.13473941825396224
-4.8707855992660525,4.667874117853696,-0.004735616144193816,26.116702853954973,-0.12367960421843675,0.13456488532876282
-4.796852995669333,4.596571893170672,-0.00415121634297879,26.066652014897343,-0.10820893342534867,0.13631021458075715
-4.685092828470906,4.397245602432957,-0.003937263470254528,26.018325999380963,-0.10244153386612602,0.13945180723434694
-4.786557263970146,6.08740111200097,-0.003717335240282343,25.969923205122043,-0.09653935539721271,0.1525417766243044
-3.9952627669954235,3.688289521139815,-0.002906373147074166,25.91869673584224,-0.07532961630354208,0.14852751934471745
-4.303906247725109,4.6000000000000005,-0.0026052056185982054,25.88049612217476,-0.06742416644777165,0.15428710587629874
-4.556095963980083,3.627256582476432,-0.002473542285806681,25.842186930054307,-0.06392187249603522,0.1494001839707146
-4.661361614583103,6.728959705785301,-0.002610604293872469,25.796348097648625,-0.06734421009933649,0.16702800941585735
-4.907120380885508,4.372911182246657,-0.0015611500019408987,25.74357846891494,-0.04018962022662206,0.1684242728174528
-4.606865892228032,3.7225066158855116,-0.0016514614611977858,25.695759160520595,-0.04243559454837878,0.16388641676226756
-4.480984983210488,5.801607353173361,-0.001945558795463982,25.64981484858367,-0.0499032858453235,0.17296212887263807
-4.991567450543244,4.9770654683291395,-0.0011897603581795006,25.608718434312728,-0.03046825239316607,0.17767451785302274
-4.627261972321932,4.4124561384774585,-0.001261148201872012,25.561972726002733,-0.03223745303086857,0.17819811662862106
-4.342811825048948,6.040567241311138,-0.001326289100510495,25.51530442033279,-0.033840689991304074,0.18919369091618532
-4.396033596125218,4.820605031381658,-0.0007842559712556991,25.464499663172678,-0.019970690010255827,0.19006635554218249
-4.637880530561456,4.31331410622702,-0.0005597945061618133,25.425781108814242,-0.014233214066340632,0.187448361664191
-4.630252676783907,6.214946368107906,-0.0011679470777150593,25.380363300397672,-0.029642934626693318,0.20088739690454732
-4.51382469168908,2.6873668494819016,-0.0006009798096062863,25.330630274036384,-0.015223199192052771,0.1881464933649887
-4.46489496110575,6.746639509915273,-0.001197277109968771,25.285344899082997,-0.030273579130786574,0.20263272615654165
-4.788194235418637,5.314145901614929,-0.0007290988778286044,25.245370890290783,-0.018406374847996697,0.20542525295973257
-4.760826917694527,4.129026082727962,-0.0005287312227542739,25.19748454448643,-0.013322698055021445,0.20036379812894903
-4.4851333707009955,5.7791070847867045,-0.0009455859373849145,25.1410445200809,-0.02377302523477058,0.20682151636132803
-4.367340767878775,4.669708925247808,-0.0008468303279949498,25.10305568769154,-0.021258033963215368,0.205599785884932
-4.33276182399012,4.695497861394559,-0.0010179942944879945,25.056229256665173,-0.025507107235779283,0.20490165418413428
-4.364843335443022,5.511289960857176,-0.0009611125803325079,25.00828312492136,-0.024035782924796682,0.2085668456133224
-4.472037582894899,5.4940658878901605,-0.0008414040759981924,24.970340237199228,-0.021010151012762573,0.21258110289290932
-4.464436676225997,5.787108336901896,-0.0007687396051381284,24.92240181150473,-0.01915884110171002,0.2183406894244906
-4.854702313396209,5.10587646171363,-0.0008622263785952907,24.875184568634406,-0.02144804562257449,0.22043508452688385
-4.885212803421165,5.384016095306955,-0.0007729200250055626,24.827463260654277,-0.0191896473455825,0.2249729405820691
-4.699425279784773,4.745783022417022,-0.0008497305995643926,24.779839488793016,-0.021056192933740944,0.22270401255447644
-4.72018149011575,5.615506787491611,-0.0013192614713070472,24.733759206576796,-0.0326303144923109,0.22863813201125716
-4.845824781020068,6.308717331892618,-0.0013801403122233552,24.6865244899881,-0.03407088924992326,0.23945917337362202
-4.70673876541158,5.122603396583354,-0.0012041844221417426,24.6382263431243,-0.029668982692196876,0.24225170017681297
-4.458007724218773,4.8857369775676345,-0.0012472705735561127,24.591301284206825,-0.03067202236256909,0.2431243648028101
-4.536598572828553,6.96875591490369,-0.0018609709691027676,24.545613346437566,-0.04567872658827304,0.2581341963699614
-5.058164641603202,5.149030276164697,-0.001831358864305508,24.497979254534396,-0.04486464162217953,0.25865779514555964
-5.180072975097442,5.57235227968656,-0.0021977830204611185,24.45201991840678,-0.05374032071907774,0.2619739207243489
-5.013752264928797,7.326161166526106,-0.0026007185673505608,24.39550480224367,-0.06344598534313699,0.27663468644110123
-4.632797591501222,4.644903438864937,-0.0023069093164293114,24.347735232232733,-0.05616811688029484,0.2694788365079245
-4.857780449302188,6.813149879563099,-0.003054177916289781,24.302735704193402,-0.07422510948399318,0.2776818839922978
-4.926651626071803,5.834427980670742,-0.0031487655996516642,24.25620544751397,-0.07637735771154307,0.2776818839922978
-4.583124088618797,5.910865600649633,-0.0032740230377632422,24.199992787209872,-0.07923161699979055,0.27838001569309556
-4.857601242045561,7.608008544393013,-0.003758713815732429,24.154391232783237,-0.09078987159530785,0.2897246558310587
-5.027300720398636,5.3089404919203895,-0.003408719640677289,24.10756959688339,-0.0821762642529329,0.28361600344907856
-4.9543011171350715,5.861384925823886,-0.0040484444835911775,24.06321415062466,-0.09741911881611182,0.27820548276789614
-4.992145431671728,7.687883215064161,-0.004542204314508052,24.008927931783344,-0.10905420602780473,0.28588493147667116
-4.8522742056165145,6.962301043170334,-0.004157659733848938,23.962057925054335,-0.09962665742908125,0.2879793265790644
-4.86103844978724,4.0709556954756225,-0.004351717956331555,23.916663945054868,-0.10407923294446678,0.2701769682087222
-4.744993723046943,8.070703303868386,-0.005055470869528315,23.863363789969245,-0.12064156826801412,0.27995081201989047
-4.711231862570094,5.38417423842545,-0.004636004062405704,23.817288421932652,-0.11041783693372746,0.2710496328347194
-4.648254847488644,6.580319238314258,-0.005075026558750514,23.762868908593852,-0.12059822619673159,0.2712241657599188
-4.5723706469931145,6.77945011521359,-0.004877148123888382,23.71817694203464,-0.11567797937061669,0.272096830385916
-4.896560084367957,6.4235654275422265,-0.00484298643058574,23.673658362054315,-0.11465210258107131,0.26965336943312396
-5.1558151745220515,4.71199830468017,-0.004623742244968153,23.62902209859173,-0.10925528627496407,0.2553416695667704
-4.89688009575413,5.917694650663329,-0.0052677500079865314,23.576100012350757,-0.12419414979283634,0.2488839513343914
-5.11521122636088,7.716386847900305,-0.00530429283173331,23.522056910987395,-0.1247690480102185,0.2535963403147761
-4.939054461793054,5.71394191588566,-0.004478913902273325,23.468306308512332,-0.10511322626951732,0.24713862208239706
-4.959412097331435,4.8549368714007795,-0.004641220631302038,23.423894201688732,-0.10871624165171394,0.23858650874762485
-4.8610369600678665,4.995654182499675,-0.004896235471762296,23.37112084646211,-0.11443142533091803,0.22898719786165606
-4.72825891208959,8.674972999676063,-0.005119156153710081,23.328424297536564,-0.11942288999010355,0.24644049038159935
-4.808519750887896,5.235507541950526,-0.003814799402821453,23.27397627381509,-0.08878598148280265,0.24294983187761068
-5.1530324223399715,5.612956245912095,-0.004192922039368743,23.231856256069328,-0.09740993295372288,0.24137903555081577
-5.595697740187343,5.741794111036742,-0.0041524318017745485,23.17848153204499,-0.09624761702041386,0.2398082392240209
-5.476194524169109,7.217907240270594,-0.004119040266245635,23.1159045063289,-0.09521587994604458,0.2398082392240209
-4.996840534224355,5.985898111409441,-0.003188141875340016,23.063340276974206,-0.0735294500462766,0.2506292805863857
-4.714332795433535,4.2662717166501745,-0.003284674077312511,23.011707828590595,-0.07558623201485339,0.24294983187761068
-4.67985830147066,5.913603671472116,-0.0038761315944333334,22.97059647299971,-0.08903750064397996,0.2450442269800039
-4.967149346127915,6.624368789360027,-0.0037785449086059314,22.91831213829731,-0.08659828377722298,0.2528982086139784
-5.083863834155091,5.768833706905188,-0.0034067884127319164,22.86526102145786,-0.07789740766671345,0.25481807079117214
-4.9511576905521135,3.2610072675450144,-0.0032849909859143274,22.813606067052447,-0.07494275985991013,0.23963370629882144
-5.0112234231268875,7.105667659718555,-0.00445751328663759,22.773714344380256,-0.1015148066239901,0.24993114888558798
-5.1635146794106745,5.04,-0.003876439271593701,22.72309424241382,-0.0880851361058887,0.244695161129605
-5.49482472337632,6.1627363009228935,-0.0037229821363800844,22.670634181590966,-0.0844027560363318,0.2441715623540067
-5.055640731399717,5.788820437388309,-0.003565482660445746,22.608923208245955,-0.08061206526874315,0.2431243648028101
-4.808683328248682,6.03325127956948,-0.0033871081222789554,22.557985469605384,-0.0764066279982909,0.24329889772800953
-4.8645396848754,5.057429614207728,-0.0031968352725179265,22.507488017428006,-0.07195297670400479,0.23806290997202656
-5.1812251161375,5.882197616232086,-0.00343536899887682,22.467235851358875,-0.07718354916836286,0.23422318561763902
-5.1234479395706005,5.087162641349588,-0.003052508440562817,22.40642088165786,-0.06839600129779319,0.2293362637120549
-5.300009410546097,5.046308674085376,-0.0031004334165662304,22.35547456380448,-0.06931188247211054,0.22654373690886398
-5.3334021430341565,5.9,-0.0031381775317386703,22.305866861110772,-0.07000000000000135,0.23177972466484698
-5.3931358137646646,4.687221150156115,-0.0028909959328327064,22.25610478253531,-0.06434248766222202,0.2282890661608583
-5.18645295748948,4.733185080044496,-0.003357461164748184,22.195477526670427,-0.07452073384183443,0.22636920398366456
-5.136617396901837,5.92142817648391,-0.0033639631124509333,22.14559328898877,-0.07449723993745422,0.23369958684204073
-5.072426718452036,5.553701497632102,-0.002907696418741841,22.09594708274203,-0.06424848726849582,0.23858650874762485
-5.405465498236221,3.7476559657107056,-0.0026136089565577166,22.046149878445142,-0.057620145980124,0.23003439541285262
-4.951327918556509,6.275308431863941,-0.003491596185193753,21.987425084855467,-0.07677152152888338,0.23771384412162772
-5.027808223399807,4.86063479600152,-0.003174553506566895,21.938285975993466,-0.06964449662751768,0.23544491609403506
-5.577674463192886,5.96306718928179,-0.0031275862124654653,21.888470003220522,-0.06845830020921334,0.23544491609403506
-5.160478403339097,5.377448502696545,-0.002778244534120182,21.829949418168848,-0.06064909369412254,0.2335250539168413
-5.099106458413475,5.567712878718611,-0.002708118602730789,21.781398833972073,-0.05898675557696308,0.23387411976724015
-4.966338938906326,4.848070378803101,-0.0021675269183991184,21.73251278687671,-0.047105880240555405,0.22636920398366456
-4.896569844194627,5.438224640862921,-0.002536424365462498,21.682891194675936,-0.054997131480304356,0.22392574303087248
-4.968093773276594,5.184037382250205,-0.0019594751231709227,21.62493874197194,-0.04237358373673187,0.22130774915288098
-5.015322151427977,4.214829432897486,-0.0018448394626581076,21.576484918410664,-0.03980519600104288,0.21170843826691219
-4.774008216215072,6.288243395536548,-0.00200934045322662,21.527794066749177,-0.0432567257026756,0.21642082724729686
-4.432625086635064,4.828691202850106,-0.0012345661411256247,21.479577422386363,-0.026517972483853354,0.21223203704251048
-4.62710749554548,3.8471527509338013,-0.0009132282048718392,21.43111964899523,-0.019571508366232206,0.20176006153054452
-5.010911860547631,4.966364956978568,-0.0015339574167284838,21.392627537687765,-0.03281540541324386,0.20245819323134223
-5.184021823400631,6.140441543361069,-0.0011940430266013152,21.344354541725064,-0.025486089810022677,0.2097885760897184
-4.723047382288633,4.793516160551382,-0.00035310384274088246,21.286653268970877,-0.007516399380753767,0.20734511513692636
-4.539361425963975,4.440611310627708,0.0001853823355548727,21.238981091247307,0.003937331964605456,0.2040289895581371
-4.787058026910677,4.500783291664591,8.918807653995076e-05,21.190279613429574,0.0018899202850766468,0.20367992370773827
-4.783289357739062,5.186448006503377,2.05621610066505e-06,21.142613441836744,4.347378216930328e-05,0.20874137853852182
-4.808493145161068,3.952984447293746,0.0003974149700934495,21.09498416165675,0.008383462941084243,0.20315632493213998
-4.780562396955982,4.7384832803717645,0.0005039902436535383,21.04721309581758,0.010607590954520227,0.20525072003453315
-4.9330304974966,4.729899174946347,0.00044536587531044227,20.99924941497364,0.009352349714910602,0.21083577364091502
-4.953593313549286,3.710364993434657,0.0008723961546431528,20.95260359853416,0.018278975446347778,0.2085668456133224
-5.23257895893328,4.333348161899466,0.00035589812629061913,20.904582518290603,0.007439902063268546,0.20996310901491785
-4.931245324851518,6.313968054615461,0.00035577005499619216,20.84723987957365,0.0074168239913963,0.2214822820780804
-4.940601432227258,4.555195295306974,0.0011204994695725873,20.800663803252174,0.023307142512489824,0.22043508452688385
-4.9238281951896665,3.612485976316299,0.0011117405331962686,20.752903859773845,0.023071853907786776,0.2139773662945048
-4.710071334449434,4.253879698556606,0.0004562721773692591,20.705129539036797,0.00944717519307341,0.21223203704251048
-4.565909805377713,5.186582300464648,0.0004654907064734734,20.65814408774757,0.009616174780385806,0.21676989309769573
-4.806386064569681,4.921643623606751,0.0009681211089409429,20.611362360611146,0.01995430121945155,0.21746802479849348
-4.687519658133832,4.467316763207439,0.001345809726813426,20.555665074154888,0.027664030699651385,0.2155481626212997
-4.775418052590007,3.941848185576429,0.0013871173313933706,20.50865403222552,0.02844792769715322,0.2090904443889207
-5.041637239363712,4.555831155146092,0.0009510779454416173,20.46093319650129,0.01945994817384088,0.21048670779051615
-5.086945624556802,4.1721517830734545,0.0010108782611635175,20.41407389166439,0.02063615054805755,0.20874137853852182
-4.857914988342834,5.9112030264142925,0.001122741767881551,20.35735296830358,0.02285606006475118,0.2192133540504878
-4.870896713555147,3.081573187567907,0.0020097948557476677,20.31213788121381,0.040823285188412335,0.21135937241651329
-4.893627691805898,3.1894800891066306,0.0011196101778210832,20.26383975036256,0.02268761070608597,0.21135937241651329
-4.932276439835886,5.657041898818052,0.0009021240971306628,20.21644548893485,0.018237747581359404,0.21729349187329405
-4.89457157225066,2.803079272719365,0.0013778081108001584,20.161313677129893,0.0277784390865193,0.2085668456133224
-4.763958753356696,4.766711087408436,0.0010048718882934044,20.114669298008867,0.020212672523254673,0.21345376751890652
-4.471462335655822,4.408054533569554,0.0011358854848503787,20.06853971773074,0.022795572771402792,0.21676989309769573
-4.87639389803539,4.378715350712822,0.0012771027931536133,20.022232266159786,0.025570462654020697,0.21991148575128552
-5.226993499270971,3.189156729624953,0.001254055625743136,19.976870477202844,0.025052119939464407,0.21345376751890652
-5.143660892301408,6.01142971852512,0.0004702168309104948,19.919048624029905,0.00936627260904977,0.2249729405820691
-4.773090882406803,3.782411514542874,0.0014675285283982827,19.87543686616574,0.02916779155445421,0.21991148575128552
-4.654385050934681,4.619955587053109,0.0010307060580084545,19.81961649599968,0.0204282060238338,0.2209586833024821
-4.731450931484022,3.6171068917971914,0.0012250615018994195,19.77415365528882,0.024224566494286007,0.21711895894809458
-4.701032332801343,4.240221240368932,0.0007518457580677795,19.7284521982045,0.014832755893310531,0.21572269554649912
-4.822576075396335,5.774426683268119,0.0009662193185990984,19.682880122491806,0.019017984938290818,0.2234021442552742
-4.754926875989544,4.219318908683255,0.0015828298528999072,19.62891979060749,0.03106926617122122,0.21903882112528836
-4.697679007127021,3.355340839878885,0.001820690210839301,19.584666233087397,0.0356576494938127,0.20874137853852182
-5.023401915171306,5.099372287280499,0.0010534246727680132,19.53783046455754,0.020581640276897045,0.21223203704251048
-4.933460805574687,5.5041813924625425,0.0018839376204989719,19.484780186435298,0.03670815384883836,0.22060961745208327
-4.637447205537847,1.915840176902299,0.0024901880974249487,19.44098013255617,0.048411797396186076,0.20106192982974674
-4.54040211736565,5.274748355722449,0.0012388084714765508,19.392189842291472,0.024023221346163737,0.20629791758572977
-4.853781549894494,5.063161245706242,0.0022157868926605284,19.349121960367963,0.04287360098996766,0.2092649773141201
-5.1153925997824645,3.462776718090244,0.0025875486788987287,19.294688321251222,0.049926056700575296,0.20141099568014564
-4.583110737292992,5.0178563634094715,0.002387332962397722,19.25038229699197,0.04595715950517822,0.2064724505109292
-4.638890220022949,3.1220615925094544,0.0027119501730364,19.206073642488537,0.05208604243010875,0.1970476725501598
-4.563238100705028,5.837904650931216,0.0027054610725771745,19.160208141173435,0.05183732374325202,0.20699604928652748
-4.662995788025026,3.3605457532969694,0.003644106977014805,19.107581745921408,0.06963038017370711,0.19844393595175527
-5.1720727562700475,3.5345277498751955,0.003140058896008673,19.060744773989946,0.059852057905409796,0.19338248112097173
-5.127392974889548,5.223021551974451,0.0032402562088271114,19.00632931329126,0.061585592098942966,0.2012364627549462
-4.880174748830069,3.767940417074044,0.004142044037166376,18.96482846102525,0.07855360387910923,0.19826940302655582
-4.5562988998656095,5.084889753596073,0.004267432557499087,18.909200953390453,0.08069422962573686,0.2040289895581371
-4.376354190019176,3.3955959555718143,0.004672382821854174,18.865329356320093,0.08814668226216907,0.19792033717615698
-4.566396018330972,3.170504996799115,0.004738304452591684,18.820880738037935,0.08917973041084488,0.19338248112097173
-5.169572128975093,5.330993869594768,0.004287837898691208,18.774678560452983,0.08050327163360545,0.20472712125893486
-4.721043492967468,2.24341603270511,0.005337026869491837,18.723334202878046,0.09992788650620739,0.1921607506445757
-4.551782269705271,6.461089693561479,0.004377340717065572,18.675435471637776,0.0817492662352064,0.20874137853852182
-4.689214945211911,2.779870719563926,0.005895351296161672,18.635487308734707,0.10986401704385233,0.19931660057775244
-4.402538273756269,4.408004587661565,0.005482086358988455,18.590102431521693,0.10191356789944174,0.20420352248333656
-4.708957354881026,3.746394860650133,0.005524788806667812,18.535432804393867,0.102405393603134,0.20455258833373544
-4.87395240668332,4.449967005356596,0.005487479192667557,18.490732730534436,0.10146852960595626,0.20996310901491785
-4.585534621960092,4.64481050236278,0.00599364059543423,18.44857719919373,0.11057546532655904,0.21467549799530256
-4.475422088847603,3.052552666786269,0.006607758139708478,18.395871754620572,0.1215572404918033,0.20874137853852182
-4.3554995941075285,4.862763115666434,0.006067102416150255,18.350771175832502,0.11133737424209195,0.21729349187329405
-4.895679635563118,3.1153439927144566,0.006609139490473538,18.308396184094995,0.1210045060875114,0.21258110289290932
-4.957182171679896,3.9767988758628765,0.0059121402830168614,18.26289666474347,0.10797406507946253,0.21362830044410594
-4.605990247516245,4.847659424121572,0.00603817714743988,18.208867374460745,0.1099497031045988,0.21362830044410594
-4.6081534484204925,4.909972568685209,0.006615503631683357,18.166813027010164,0.1201843708466023,0.22689280275926285
-4.917559979988474,3.0386619754811,0.007134974287508775,18.115575761372742,0.1292563606564107,0.22060961745208327
-4.921548012477758,4.646342232553995,0.0064779063119076415,18.070365148025562,0.11705976985903488,0.2272418686096617
-4.768171236072388,2.919434802830104,0.007024743509527552,18.019604942312473,0.12658518507022132,0.22252947962927702
-4.764570598594052,5.037076874151388,0.006387812502116265,17.97357302201142,0.11481337608263707,0.2293362637120549
-4.745651663306234,2.5079847637311428,0.006962649042199518,17.922541903297187,0.12479038577276724,0.21938788697568723
-4.983624046628549,6.243676159818444,0.006345564998415073,17.877121911287325,0.11344196170214073,0.23544491609403506
-4.618439065704376,1.9616091531968503,0.007497685576660855,17.828528389859343,0.13367520503455246,0.2209586833024821
-4.576167684983467,5.165584663798632,0.006351400409013594,17.782022362525343,0.11294226281828805,0.2314306588144481
-4.762595459630916,4.597914550638142,0.006866159423312949,17.74103156777908,0.12181466536717359,0.2366666465704311
-4.801510168082979,4.50654330408053,0.00695948847273891,17.68835855365797,0.12310391495363372,0.23753931119642824
-4.884322499424235,3.9901665964732866,0.007326414843965987,17.647388140562622,0.12929439978920335,0.2350958502436362
-4.655479691151862,4.042717938099275,0.007447406218449485,17.595376290541836,0.13104233751569183,0.2335250539168413
-4.768581549951169,4.905685908177646,0.00740844086157019,17.542796074989447,0.12996714502559012,0.23945917337362202
-5.129689554285929,4.308181022596079,0.00781590790934923,17.502647547783322,0.13680186708442552,0.2392846404484226
-5.27613557598216,4.783724112889921,0.007979565846645978,17.45072112794715,0.1392521338800307,0.2431243648028101
-4.821079715750016,4.375158458712437,0.007983364827596375,17.398681326902487,0.13890297151689548,0.244695161129605
-4.583814929437806,3.729444091078891,0.008001761926967416,17.346748321079556,0.13880751281639622,0.24190263432641407
-4.591163131636471,5.536325559304297,0.007902411199678924,17.30488603121022,0.13675317185276425,0.25115287936198405
-4.787706032499055,4.967405615429782,0.008512194171410813,17.25560545351182,0.14688661185911092,0.2591813939211579
-4.927620731266863,3.556318907612664,0.00896502738114187,17.206314548984096,0.1542592137748962,0.2569124658935653
-4.848342983097158,3.786615069534238,0.0087309694328709,17.164612782667575,0.1498675176768824,0.2528982086139784
-4.9024133563181,7.100146529140367,0.008255306340510091,17.111348554763826,0.14126263325344954,0.27401669256310973
-4.625371636142328,2.9086263925352625,0.009717704554766176,17.067155261568455,0.1658587933461484,0.2649409804527392
-4.4637107767361375,4.274026440081075,0.00909842432465789,17.0139480241868,0.15480439022282322,0.2642428487519415
-4.504257364912704,4.471230561827646,0.008916993842875472,16.97289623799629,0.15135122272335916,0.2644173816771409
-4.440098048842342,4.369626287900439,0.008747346956054409,16.931983973570755,0.14811371618403807,0.2633701841259443
-4.257263441321552,5.2141180162521925,0.008564738101044397,16.88106881051227,0.144585468588127,0.26912977065752564
-3.93103297965398,4.196962901567423,0.008994763703065794,16.84280814765392,0.15150116517926995,0.26371924997634316
-3.711073356090742,6.024246230963699,0.008863465619332598,16.80261999696736,0.14893334479688858,0.27401669256310973
-3.8566760361844294,4.114174909560496,0.009721483988515713,16.767426003451376,0.16300939864357672,0.26912977065752564
-4.227516191057073,4.249470195470792,0.009616758070330644,16.7266984775816,0.16086157154004965,0.2649409804527392
-4.59824956826292,3.7580327733946186,0.009524184565748313,16.686053545383576,0.15892585906233223,0.25883232807075907
-4.555730915638838,6.382210982277342,0.009605134709407276,16.63607284181426,0.15979663491665178,0.272096830385916
-4.564247052140212,4.576267611681604,0.010687802411157882,16.59167195927588,0.17733526390664656,0.2698279023583234
-4.276394500447216,2.58234994485111,0.010637217125135882,16.552221171656115,0.17607621158683603,0.2542944720155738
-4.194071062527455,5.694190744400038,0.00943540354116301,16.506935736366742,0.15575422203016517,0.26145032194875056
-4.491212525219122,5.394470708047294,0.010744201932445236,16.462585862311112,0.17688415326420456,0.2701769682087222
-4.739677623624191,3.595385517010453,0.011489549159956794,16.41616035473982,0.18862258149253727,0.2644173816771409
-4.634675599802708,5.2607447050092135,0.010908874329074461,16.3738134304063,0.1786269588029902,0.26965336943312396
-4.560339944930753,3.664486944026144,0.011513235112377377,16.327691571108875,0.18799285841226596,0.26406831582674206
-4.610518583943543,5.901923713805776,0.010957512560175294,16.285724216167466,0.17845817002459236,0.2741912254883092
-4.407980120254113,3.60222335909422,0.011595528352735548,16.240105166329624,0.18832104029860874,0.2694788365079245
-4.650794977628402,3.8716559523983087,0.011248177474090876,16.188333663036403,0.1820969298417671,0.26703537555513246
-4.708037780086426,6.779007187670774,0.01132143350880283,16.14948141217271,0.18284309203868773,0.28309240467348024
-4.578098830063427,3.83240350632723,0.012617700589078955,16.097110635842718,0.20311930176219764,0.2790781473938933
-4.407651407640665,5.3059474645922124,0.011955015119055421,16.05602389561213,0.19195915359787588,0.2844886680750757
-4.300334573141046,3.4524083492104336,0.012684171873696309,16.010830551369846,0.2030950185361081,0.27785641691749724
-4.252634182021819,4.974325918423304,0.012047947724716136,15.969578214762555,0.19240995323747453,0.28309240467348024
-3.8922617247601403,4.491701237888206,0.012215559571670061,15.921868069254874,0.19450420262077164,0.2841396022246769
-4.251884627979758,3.91173663616097,0.012799763090751523,15.88649561033904,0.20335448573111356,0.2827433388230814
-4.670767695921689,6.198556458168878,0.012202462467074574,15.845531529413181,0.19336410116448732,0.2970550386894349
-4.414677717647787,3.6348230960743804,0.012843368333356775,15.801718262192038,0.20295844753871436,0.2921681167838508
-4.272311372518985,4.375448729527172,0.01230396132517326,15.751500200821505,0.19381562980198883,0.29059732045705583
-3.951254459397653,4.660807857058815,0.012174091377673939,15.714023286531873,0.19131340691893398,0.29286624848464854
-4.042942585410277,4.907425915956876,0.012267891955454432,15.667190119859734,0.19221303849534205,0.2958333082130388
-4.5778431969040385,3.8361215135517934,0.012770877065955505,15.632999007991284,0.19965796304647887,0.29042278753185646
-4.51182916255847,5.848379102362198,0.012469962671310545,15.583383913171513,0.19433428878633707,0.29792770331543206
-4.58332977852649,3.364958810768646,0.013222261778897414,15.540054645339955,0.2054866456725396,0.28745572780346607
-4.554135388398423,5.588218066915511,0.01256211084952892,15.499779566100907,0.19472019187274128,0.2919935838586513
-4.156687760308352,4.825134914448686,0.013350810337412715,15.457154196752246,0.20637779606005377,0.2930407814098479
-4.239874309906179,4.80158892975421,0.013726399002028149,15.411357303448947,0.21155572636581765,0.2923426497090502
-4.525720067746504,3.221655792425777,0.01371882183128301,15.374977446313132,0.21093980979638194,0.2811725424962865
-4.557141862173739,5.342110594419155,0.012909015204345169,15.322118860866041,0.19780445301406843,0.28780479365386497
-4.508100259148312,4.955358724950002,0.013774502062960502,15.279787014732152,0.2104847701675096,0.29112091923265415
-4.353886771646485,3.40633386826265,0.014222426220803814,15.234753594970107,0.21668976967523806,0.28309240467348024
-4.55939984314544,4.915716586077739,0.013664122334831483,15.195418700279086,0.20764498322018843,0.2857103985514718
-4.332740913081147,4.998284994815196,0.014147347591049634,15.150282831289061,0.2143506180838764,0.2885029253546627
-4.116237386571758,4.802462404328734,0.014475787581306621,15.105137468368033,0.21867403585859643,0.2918190509334519
-4.231992133067577,4.588487053232278,0.014998335055112083,15.06011228151636,0.225893548475155,0.2907718533822553
-4.682586392442526,4.430572008348718,0.015117697446013706,15.024810803641662,0.2271578494233363,0.28885199120506155
-4.745579797640657,4.050808511190676,0.01505809772753811,14.97667443479582,0.22553727411171076,0.28588493147667116
-4.277004341868351,3.7667571568840965,0.014841819850896125,14.928485625760526,0.2215821645545746,0.2806489437206882
-3.9907013573012087,6.489343666800326,0.01456231354590131,14.88967191504865,0.2168433992468558,0.29513517651224114
-4.0218495409234905,3.9061583337950525,0.01650340713160328,14.843869241907559,0.2449966605413514,0.28955012290585924
-4.406215433134807,3.8094459356514268,0.016257516076584055,14.805335494039852,0.2407191880957026,0.2844886680750757
-4.792210182497987,5.479824822103175,0.015850151819691464,14.767122728038089,0.23408073999949558,0.29129545215785363
-4.39301792754943,3.9311724478473096,0.01678843200821714,14.714031973952675,0.2470487361456836,0.2881538595042638
-3.668376230172761,4.1928410891116,0.016413489812502662,14.67586642667745,0.24090381784793585,0.289026524130261
-3.57278417994514,5.141532073211328,0.016226301785467048,14.637934001469775,0.2375403825525333,0.29670597283903605
-3.954081210978965,5.196990453508793,0.01740753120488465,14.59862533071195,0.25415169770873136,0.3061307507998054
-4.328505110179586,3.2654455636325923,0.017530665519719383,14.564913363408955,0.2553587843478164,0.29740410453983374
-4.354953992615293,4.585214603362793,0.016866402425890967,14.51378116900918,0.24481848931467665,0.2988003679414292
-4.296377687861094,5.472661564799416,0.017195949047360427,14.480285295726304,0.2490267944165704,0.30717794835100204
-4.289999365379226,5.01500140451679,0.01765209440458142,14.437646329255218,0.25488116988870874,0.31084313978019007
-4.287154530998997,4.019834750734874,0.01830348698839134,14.395451164203273,0.2635163812783169,0.30857421175259747
-3.8399624005390827,5.230339432418009,0.018168672933746747,14.349753300823414,0.26074466569750554,0.31328660073298215
-3.6479402833782464,4.166783329091824,0.018688057536323358,14.30733920444359,0.2674075090801339,0.3131120678077827
-4.078222888716815,5.494446113772333,0.018931225924340853,14.273962373378911,0.27025589308570247,0.3181735226385663
-4.495023338792796,3.6199086174628516,0.019489402247565558,14.232615841965757,0.2774203008817342,0.3125884690321844
-4.599835077786278,4.983579404024906,0.01849442236682292,14.192007938736785,0.2625029188877264,0.3157300616857742
-4.345123131044181,4.577107223442378,0.019091494269464555,14.150695780175303,0.2701907550334427,0.31782445678816745
-3.8948275631780107,5.299052652960334,0.019072689048611965,14.105494755787992,0.26906234152073083,0.32306044454415045
-3.969195028423296,4.57822093436745,0.019713174185624863,14.064169300379323,0.2772853386729974,0.32428217502054646
-4.094000726650544,4.924349941022341,0.02020058871654025,14.023448163967682,0.2833204474011239,0.3272492347489368
-4.239421722808974,4.495835544921891,0.02039049608970842,13.992076347521147,0.2853449253221149,0.3274237676741362
-4.0336152846242594,5.122625994283195,0.02027851447612342,13.947413237109824,0.2828715962743282,0.3310889591033243
-4.079285239529253,3.656978187169817,0.0210028645526179,13.907090312776413,0.292131690498419,0.32428217502054646
-4.143709108624529,6.738032089366592,0.0199627327948514,13.867371912591846,0.27686741924477865,0.33859387488689996
-4.142242493860273,6.7409182512748815,0.021527107804604418,13.822750204755009,0.29760980765318873,0.33859387488689996
-4.512667603674656,4.634509467353477,0.0215000276982151,13.778724342501784,0.2962886096710415,0.3310889591033243
-4.337125864308264,4.777313943379692,0.02149399769097275,13.734841625273294,0.29526212515368244,0.3314380249537232
-3.726326836635235,5.253570492757608,0.021509147313968933,13.691103526687769,0.294529384741064,0.3363249468593073
-3.8615838443266393,5.09436862767595,0.02167217603177928,13.66081784434917,0.2961060091864862,0.3405137370640937
-4.208865513125607,4.268314844454109,0.0223734693468867,13.622136616139608,0.30482532007104635,0.34016467121369487
-4.085714695117388,4.40465641348905,0.022276974741502687,13.578859267315698,0.3025459540874205,0.34487706019407954
-4.022978632079167,4.0571757653029685,0.022376784697358897,13.53558733866767,0.30293348698591777,0.341037335839692
-3.9785095023262813,5.149271149538859,0.021317009678680693,13.496821470144475,0.2877554620209751,0.34365532971768353
-4.213483078683624,5.2687575742992205,0.02193064088880173,13.458719127616169,0.29520566421276445,0.3478441199224699
-4.0953373210855935,5.070409650156295,0.02274191922956592,13.420780634832914,0.30526693851001285,0.35168384427685745
-3.52112147165594,4.944755293557804,0.022577365377846395,13.378522836570305,0.30210313113251114,0.3551745027808461
-3.813396572564535,5.339565670823888,0.023260580416521237,13.340863256936403,0.31037220073540445,0.3595378259108319
-3.9085755334203287,4.794794246881851,0.023792446499724798,13.30356751249695,0.31658415792499844,0.35796702958403703
-4.076462217717921,5.078590482729369,0.023491786869382306,13.270374458636404,0.311802168038644,0.35761796373363813
-4.161010285162405,4.190819359257288,0.024066262700445408,13.23357166057011,0.31854411308060465,0.3506366467256608
-4.035130666222632,6.0842487255048505,0.023535044205938695,13.187158306734492,0.3104176690898652,0.3597123588360313
-3.844138351570802,4.304271990562353,0.0253737389463715,13.14682382191417,0.33365568417617586,0.35499996985564664
-3.6710875897920405,6.078934501226477,0.024975971563875463,13.114264904147923,0.3276096310306096,0.3635520831904189
-3.916355379004304,5.178748334322399,0.02581858669828088,13.07841856104266,0.337741332888711,0.3642502148912166
-4.465941472634942,3.649669724774979,0.02585771063000819,13.037687717985042,0.33719991264951077,0.35412730522964947
-3.7345296305181517,5.348885114196439,0.025440530629321077,12.992024499474542,0.3305953229943552,0.36023595761162963
-3.28295631571595,4.745666531908649,0.02618007318923632,12.956683983787665,0.33928445328946216,0.3628539514896211
-3.3157781971880613,4.926254280120309,0.02653075289190815,12.930178203815855,0.34312787359818225,0.36582101121801147
-3.5968936280143757,5.584446713753063,0.02624380673482249,12.898804585230526,0.33859147175019394,0.37210419652519106
-3.7669009777085507,5.026344213846259,0.0270472416802371,12.863976003539271,0.34801993711813145,0.3741985916275843
-3.7892030382070865,4.274395046319758,0.027045767379626707,12.824321323670361,0.3469282050468313,0.37053340019839615
-4.021774812942617,5.245957195735561,0.027242114504795644,12.784984642343222,0.3483762003015331,0.37507125625358145
-4.467111149335589,4.811139671661643,0.027462681600740568,12.745640463284504,0.35011748967290024,0.37681658550557573
-4.121137100101822,5.1633520086848606,0.02753236174715839,12.706671750606922,0.3499331077500347,0.3792600464583678
-3.9834207816782454,4.65070988975418,0.027626058276448918,12.667890120362747,0.3500529285956914,0.3778637830567724
-3.614879315976418,5.9197305309313855,0.02791867940736769,12.629106816308003,0.35267962152415505,0.3886848244191372
-4.062041802443623,3.20059480762668,0.028990110727871565,12.587483669714803,0.36501480714138496,0.37995817815916555
-4.080570497303606,5.873542365623887,0.02822761789598585,12.55223613579869,0.35441386251647083,0.3885102914939378
-4.133779039810373,5.28372053922601,0.02824381918775134,12.514286897898547,0.353545270665251,0.39200094999792645
-4.192290726721947,5.508984996950238,0.02891846567571398,12.468050950073692,0.36065744563618235,0.39496800972631674
-4.207631725047658,4.227704682732175,0.0296450057465531,12.435838576960757,0.36876854024559014,0.391826417072727
-4.141521658347839,4.474687249759367,0.029256700488112856,12.392986355994234,0.3626813754639619,0.393048147549123
-3.9169181734939125,5.15405756926632,0.028718764061783107,12.349982406699544,0.35477377155000134,0.3977605365295077
-3.3353554746653833,6.1061995620934875,0.02903698233500179,12.312960629901946,0.357631737916245,0.4061381169390805
-3.2278108611783356,4.575750551426249,0.029688308525857767,12.282007953696937,0.3647392075955198,0.40456732061228556
-3.5004505886125714,7.08445616272716,0.029882121332311506,12.2454249487788,0.3660282277965478,0.42010075095503513
-3.5664887544538346,4.5164360066145655,0.031728533373513716,12.212287254051374,0.3876080407535078,0.41783182292744253
-3.109263646137505,3.997211107108948,0.03130866026308816,12.18436846609813,0.38160094682034185,0.411199571769864
-3.022968085596543,5.577178772376182,0.03025048131033189,12.150901848612007,0.36768279059792375,0.41643555952584704
-3.3626530037551707,5.7378735248503485,0.031021031001469666,12.12114941077307,0.3761312102876875,0.42062434973063345
-3.7792262484650023,6.062260168583747,0.031815671311868444,12.091687169325771,0.3848350014167291,0.42743113381341136
-3.3817228747456882,4.378178369797493,0.03198131967733898,12.056525647328165,0.3857151136505827,0.4230678106834255
-2.887258933135022,6.639477066818583,0.03199752961168071,12.021747982868538,0.38479756998908915,0.4331907203449926
-2.807886363525892,5.961822591575029,0.033518539620989676,11.998859897434007,0.402334945596482,0.437379510549779
-3.089889979259614,3.9394499316708997,0.03423570182371543,11.970498803264064,0.4099786165875566,0.4288273972150068
-3.47420856793025,5.450397270253518,0.03314941209633198,11.938339184502857,0.3958939497768688,0.4284783313646079
-3.462109147290815,5.854271947305407,0.03326258560454392,11.904300853871378,0.39611392375304333,0.43353978619539146
-3.248668899725455,5.00835971873168,0.03404963010262779,11.8768089345426,0.4045573079607718,0.43353978619539146
-3.125977534422293,6.473891904361725,0.03438738811414733,11.84330187593544,0.40742082150538256,0.4422664324553631
-3.2614621006301245,5.0826342378697005,0.0350486112936483,11.816342864925673,0.414316071212455,0.43877577395137446
-3.3076862758359824,5.855437773316657,0.035262137788277165,11.783409909280278,0.4156805263865712,0.4401720373529699
-3.0199380518472574,6.161680723561629,0.03550080456464924,11.750829421614213,0.41733923870725687,0.4436626958569586
-3.0713577080902468,4.964578436462323,0.036794631949878726,11.716706228078614,0.4313065516277114,0.4384267081009756
-3.0247079737958202,6.663945245168022,0.036524385517274376,11.692431060255752,0.4272488642835371,0.44785148606174496
-2.9771535218403593,4.388355109701264,0.03804847582074164,11.65923015876932,0.4438301330903312,0.4406956361285682
-2.99695313642704,6.750984497250571,0.037645297965912164,11.635264680205065,0.43822003589678366,0.4509930787153347
-3.0295428203511356,4.027641336279312,0.03847353651666297,11.610582612858856,0.4469207085150418,0.44261549830576197
-3.1363601523983964,6.359603541583648,0.037643872881107,11.580534352175832,0.4361421959029467,0.45256387504212964
-2.9323079329125976,5.141637035864973,0.0391027637576212,11.548544343194386,0.45181030125902355,0.45256387504212964
-2.8039598892216806,6.542208204855802,0.03877709483007893,11.525706228260292,0.44715755063443435,0.46303585055409563
-2.866720102487551,4.195961004787133,0.04029129619889096,11.49450593816442,0.4633793187828548,0.45675266524691605
-2.6497882088880838,4.627587724715574,0.039374172991856055,11.46533156123008,0.45167138498385695,0.4539601384437251
-2.599703907673379,6.032967328615021,0.03893251863670798,11.443105355363198,0.44573414110838283,0.4588470603493092
-2.517551439829662,5.942027944292464,0.03991922518212894,11.420192248740355,0.45612753826011576,0.46443211395569106
-2.442855406030433,5.273989790248103,0.040314970594273934,11.405163248111228,0.46004808621616144,0.4649557127312894
-2.433879409055195,6.920963737323922,0.0405397747603826,11.376363406989134,0.46144803032463,0.47664941871965144
-2.237042840229212,3.3203275135700454,0.041414190210047455,11.354344070720623,0.4704999861720651,0.4642575810304917
-2.246248697089742,5.886713538233509,0.039816065822032856,11.333750036451777,0.451503955296317,0.4691445029360758
-2.29716441988218,5.624112503397833,0.0407273303596699,11.312395818697292,0.460978587289638,0.47071529926287065
-2.4226204865329946,6.627753181724079,0.04102619373353482,11.29865633370049,0.4638011082695179,0.4792674125976429
-2.2556998856644452,4.736919728861363,0.0426111560364178,11.270841901205754,0.4805544874219419,0.4749040894676571
-2.182163235326085,6.659954586362718,0.042154163450779644,11.250744686255738,0.4745468494765907,0.48432886742842646
-2.367493497545294,4.728918124735459,0.043145154002144366,11.230562923096507,0.48484525136527107,0.47891834674724404
-2.4245254223755204,6.304523296121221,0.042111204125818785,11.204227761076377,0.47210262359888083,0.48502699912922415
-2.5217793925320087,6.205937034302013,0.04296719730607393,11.18485876662016,0.48087799901675576,0.4899139210348083
-2.6041334656798796,5.878778086495684,0.04384248112065691,11.165847779036255,0.48985236939966814,0.4923573819876004
-2.6247445472901014,6.051573613458044,0.04413532410687771,11.13995045764191,0.4919848156160736,0.4960225734167885
-2.5354392170449516,5.644560251237052,0.04487675253703149,11.121702586228418,0.4994412184817124,0.49706977096798505
-2.6140568572996252,5.445583848871588,0.04521362643950591,11.09670608183172,0.5020644889225497,0.4956735075663896
-2.7108134353044715,6.470853418531545,0.04557513479068663,11.071704504292637,0.5049440788217635,0.5019566928735693
-2.4132361593304608,5.088737083221672,0.046467373171636954,11.04048973078222,0.5133921178087523,0.5000368306963755
-2.308325072747207,5.288122947099529,0.04601638270621351,11.023359817560742,0.5076134864467963,0.5012585611727715
-2.418418491163883,6.411953324931786,0.045581764362953484,11.006021952281632,0.5020216303562702,0.5085889440311476
-2.428414183335146,5.498566017835202,0.04655207004751223,10.975629545517673,0.5113076796011683,0.5108578720587402
-2.5192647955772993,5.962708304077484,0.04615256281696007,10.959112841341415,0.5061505717408867,0.5152211951887261
-2.59921917369539,5.841231512123681,0.046297914797370145,10.936063589643968,0.5066790136695003,0.5164429256651221
-2.4854182800719484,4.734566372983296,0.04734902801988043,10.906838855229687,0.5168144970223068,0.5101597403579425
-2.3256236987066394,6.718463785080512,0.04700222532586709,10.891265807853143,0.5122910378471599,0.5169665244407204
-1.9405980978818334,5.971960933687594,0.04721296139966604,10.86941667338235,0.5135589917941181,0.5171410573659199
-1.849697300002982,5.470867823039401,0.048016751748581166,10.855018587501036,0.5216236810302867,0.5120796025351363
-2.085196345414519,6.644799392692848,0.04771532320287544,10.840252348655403,0.5176390493159018,0.5166174585903216
-2.274597821685151,5.695118246259596,0.049278000294502036,10.8204824236997,0.5336437588436437,0.5159193268895238
-2.3751812665278202,5.691759544300453,0.04918533929274874,10.79180584890663,0.531227082459651,0.5178391890667176
-2.338614436734566,5.701123282664397,0.04950003499621621,10.771567362818239,0.5336288746347453,0.5202826500195097
-2.3386550570963345,5.696560264326468,0.049836676438311925,10.751378211637373,0.53625699688055,0.5202826500195097
-2.2057699476003156,5.783900975007633,0.049442228959410424,10.738236504873457,0.5313553905785968,0.5246459731494955
-2.238688292827512,5.349724580365166,0.049814494624735514,10.718791387675479,0.5343932785427224,0.5225515780471023
-2.3063608544823855,6.271927719665413,0.05020739875870158,10.699536895854663,0.5376477558231104,0.527263967027487
-2.450760458487937,5.786506511332022,0.05061878218642048,10.68088204480503,0.5411154804662417,0.5283111645786835
-2.4173235673594196,5.525809394304701,0.05051202908710686,10.654539814409388,0.5386406105270811,0.5265658353266892
-2.657191346574923,7.0678140063751185,0.05096689593507827,10.636242041669933,0.5425661169975851,0.5356415474370597
-2.8381864733934457,4.688153612389506,0.05204116175370204,10.612581355220117,0.552790190392862,0.5281366316534841
-2.6259425736870647,5.953934294841863,0.0514802938427511,10.57917439710574,0.5451006373342243,0.5288347633542818
-2.606750016073785,6.931915083453417,0.05182780132508731,10.562094909681386,0.547900820392656,0.537386876689054
-2.7105412145412098,4.6048028582091325,0.053160010210414284,10.539045521721313,0.5607841232477694,0.5309291584566751
-2.8753184659366005,6.137543972247984,0.05302970118860658,10.514617880191594,0.5581103055573504,0.5354670145118603
-2.580297647599721,6.609813451180488,0.0530977363342365,10.490511310900402,0.5575464786410668,0.5422737985946382
-2.415881032489435,4.5221697583184195,0.054159384452836204,10.468934939836835,0.5675460968629956,0.5344198169606638
-2.2945548632880284,6.728514292536103,0.052959199241802216,10.443064966790002,0.5535739871011883,0.5405284693426439
-2.2768504042998825,7.038367615624189,0.054245702542228116,10.422250072646532,0.5659174750644247,0.5510004448546099
-2.537832710118447,4.235788794285454,0.05538252339556361,10.402114428889961,0.576685073733614,0.541401133968641
-2.4016182381217748,7.57335814446963,0.05457704571161812,10.385040639392207,0.5673482609590783,0.553094839957003
-2.5193419642781874,4.80291011308567,0.05676349823212313,10.35956706333576,0.5886776609366349,0.5476843192758206
-2.215057849462778,6.059457379676058,0.055330775075907876,10.33512647820277,0.5724348465538825,0.5503023131538122
-2.0906261491635987,7.075146006588653,0.05590296939278194,10.321948952321403,0.5776294464364579,0.5588544264885844
-1.8603611914012521,5.561589910256852,0.057998826464667266,10.298191555606582,0.597953653572198,0.5581562947877866
-1.929549663556757,6.168298210013471,0.05711297838237138,10.282632098245108,0.587911118041317,0.5621705520673735
-2.0782514641231935,4.616872088577448,0.057388764371513024,10.270617983842886,0.5900660059845219,0.5544911033585985
-2.3930537820465223,6.70253533753846,0.05670566619361377,10.255596326210469,0.5821745561149448,0.5609488215909775
-2.2427700603470058,6.952549239247861,0.05740222375532046,10.230473037660083,0.5878977550144842,0.5682792044493538
-2.274625854791276,5.380084478747193,0.059626359418898,10.209115769837375,0.6094548429815028,0.5654866776461628
-2.073065620602938,6.47258861086471,0.05864818939452174,10.195500566411628,0.5986341616689859,0.5695009349257498
-2.0687136432762268,6.353531134233775,0.05960332799455664,10.17118673878772,0.6069554975110375,0.5735151922053366
-2.2842206586458116,6.098854469909653,0.0599838712052493,10.16108419269435,0.6102332273714278,0.5735151922053366
-2.2872763118523665,6.6793568066218,0.060811789822991215,10.138123382008596,0.6172785298157177,0.5794493116621174
-2.2253646522553456,6.076603006552309,0.06166971057267558,10.11543675682293,0.6246080846905673,0.5799729104377158
-1.901100556761161,6.049207599922864,0.0616642830910531,10.098521525886152,0.623508584350148,0.5810201079889122
-1.9979894258299182,6.279463991607187,0.061507519118190905,10.081454808984093,0.6208684232233697,0.583289036016505
-2.1827683983711967,6.767569944146699,0.06286393722261259,10.06855359984493,0.633784019785495,0.5881759579220891
-2.187389344946969,5.748144918566595,0.06364542337779304,10.047603904900662,0.6403488669477087,0.5878268920716901
-2.311204019138703,6.757838732247768,0.0635479901681221,10.031799335054991,0.6383602236565269,0.5928883469024737
-2.13672825273535,5.7459458042561575,0.06437865966537948,10.01166599026593,0.6454295689541802,0.5916666164260777
-1.9425527430900265,6.158792129569841,0.06449380246382032,9.996771490558801,0.6456252028111914,0.592190215201676
-2.0200134156728935,6.418205505045785,0.06537296848781116,9.97731102274898,0.6531771824061677,0.5958554066308641
-2.143416753882252,6.889775570420346,0.06517960892983427,9.96305804406907,0.650309408794673,0.6019640590128443
-2.2279440649348587,6.312894104368523,0.0661035860726371,9.944588287758915,0.6583321284356677,0.6035348553396391
-2.2025371743319617,6.462332937848218,0.06687952027619892,9.926367304039092,0.6648622599672471,0.6065019150680295
-2.078091943182443,5.61261239764569,0.06747513311041375,9.90009632580938,0.6690259603727656,0.6024876577884426
-2.0964884696618418,6.314841685964091,0.06736268360448798,9.887348352997023,0.6670475850151331,0.6054547175168329
-2.1701359649671303,5.6747213459810215,0.06726559328796024,9.874946178509568,0.6652477561458157,0.6028367236388414
-2.1172813801887265,8.346176584512852,0.06699734270455812,9.853846218366824,0.6611710620283922,0.6178465552059926
-2.2259331490911345,4.594525526918295,0.0699681672326873,9.838517964537978,0.6895086110040339,0.6080727113948244
-2.2871526694705713,6.342214284711995,0.06827739593846965,9.812802436395224,0.6710356667470705,0.6112143040484143
-2.0864516844073764,6.7589064678921815,0.06921257333451178,9.798026166661371,0.6792315435958879,0.6164502918043973
-1.998914395771561,5.907643889785871,0.07016804391658132,9.783707232135493,0.6876325013373729,0.6173229564303944
-1.9251706374850228,6.398879498623103,0.0698476242447981,9.764380132149093,0.6831300426549738,0.6223844112611779
-1.8627963264629845,5.986578002683926,0.07067225396321254,9.750734724748675,0.6902559602775632,0.623606141737574
-2.2492951887238113,6.193043403198644,0.07022398587128682,9.731930291968931,0.6845405550686827,0.6237806746627734
-2.199156889177528,6.259887481722341,0.0701098725523034,9.723032568705774,0.6827996841989817,0.6260496026903659
-2.1319329589071128,6.560578078801102,0.0706784114794044,9.701683594750454,0.6868436611583475,0.6297147941195541
-2.01069538588214,6.429215217074191,0.07127762164008435,9.680617994590715,0.6911823404496865,0.6346017160251383
-1.9507780212997736,6.059901430724712,0.07219989887606039,9.669488016647692,0.6993516789010646,0.6354743806511355
-1.9474163524169001,5.381808820280864,0.07185838962015816,9.652798390435919,0.6948309090457591,0.6305874587455513
-2.0644832318947595,7.538871931872776,0.07136400551108109,9.636422038912354,0.6888634922791311,0.6403613025567195
-1.9855402604578254,6.548888619552386,0.07306206157122387,9.613666923087353,0.7036468078788335,0.6431538293599105
-1.940975445424361,5.582000582015602,0.07288333788549077,9.607784796844076,0.7014899662133957,0.639314105005523
-1.8368698385041906,6.3795608842005365,0.07244887367000248,9.592675023453824,0.6961970027722232,0.6400122367063207
-1.7626594539986913,6.582781009939942,0.07304138783754775,9.574856362793557,0.7006071638734255,0.6429792964347111
-1.9533427976649929,5.715400239022383,0.0738350154029263,9.557232081722413,0.7069435050794758,0.637743308678728
-1.915018879760677,7.005005948628793,0.0734641189660394,9.543117679220392,0.7023406928034381,0.6422811647339134
-1.9907098880185352,6.653713072274168,0.0741291270897209,9.526478558389895,0.7074859232133012,0.6440264939859076
-1.564986919137423,5.436492824766731,0.07504776328771508,9.520119181584343,0.7158080056892033,0.6370451769779303
-1.5551652086232908,6.475193286458562,0.07490286092055891,9.507176818989105,0.7134494971969492,0.6379178416039275
-1.3643958095750772,6.347469321784488,0.07460006790813523,9.49470663674836,0.7096226387620131,0.6373942428283292
-1.3991659583456713,5.9980421307645875,0.07551800432352515,9.47970798982614,0.7172526374859416,0.6349507818755371
-1.4310791642600487,5.965640587737443,0.07545803240029336,9.47737336887023,0.7165043681372067,0.6347762489503376
-1.4567022172590687,6.2956194348715275,0.07537259099870895,9.466034669645467,0.7148337358564614,0.6379178416039275
-1.3287306194762216,5.425164977443344,0.07616646454021787,9.45235316167073,0.7213477872999117,0.6339035843243405
-1.52145042227595,6.161751905900481,0.07507440893320004,9.444163674717572,0.7103500579562544,0.6356489135763349
-1.4265299889009793,6.45267648823926,0.0759004214081196,9.431441060440191,0.7172281672485019,0.6384414403795258
-1.4117696294822286,5.154881165974275,0.07587513994702313,9.421458429836173,0.7162294578068455,0.6337290513991412
-1.4316294532877185,6.943418772762612,0.07464342126745198,9.414154247307199,0.7040126690736358,0.6407103684071184
-1.5105435511318064,6.30911944517648,0.07674025703256297,9.400056992569978,0.7227821846676923,0.6429792964347111
-1.5451469181649977,4.990654131041418,0.0765791996629383,9.391472204452944,0.7206005998589933,0.6361725123519332
-1.5309452779809094,6.952780446397858,0.07537638146830523,9.385521160369711,0.7087894844999268,0.6424556976591127
-1.368451106186626,5.834422760918921,0.07629130694907685,9.375409435577343,0.7166531728222739,0.6410594342575173
-1.3613607119998854,6.144247755925449,0.07620640716401467,9.357741248555513,0.7145035153502851,0.6435028952103092
-1.4269983593011946,5.863515144476051,0.07715646595827581,9.348406242691945,0.7227247132372887,0.6419320988835144
-1.4454165050813748,6.522094842706757,0.07705783235017982,9.341584755929293,0.7212704503557096,0.6438519610607082
-1.3916118474132615,6.4509622537234925,0.0769693728002977,9.335008160801646,0.7199319789593247,0.6483898171158934
-1.3181143089479688,6.5700213006823915,0.07784686090556911,9.317331738176003,0.7267937771568629,0.6518804756198822
-1.1734761131800713,5.697182569515507,0.07867276423985328,9.310249961161325,0.7339780208747869,0.6490879488166911
-1.19338364747336,4.927285493353025,0.07754944029911313,9.306664088576685,0.723176880946123,0.641757565958315
-1.1600991611974898,7.294004445166622,0.07749933758487634,9.301770474326393,0.7223277651636335,0.651007810993885
-1.2054161867055437,5.842936037971602,0.0785254118196186,9.295749970466964,0.7314566588497095,0.64943701466709
-0.9968314284411116,5.916653345145655,0.07841856306219662,9.281774787211571,0.7293591123380574,0.6485643500410929
-1.1321173915578382,5.713129255519847,0.07839534260292635,9.277941811394717,0.7288411502792339,0.6443755598363065
-0.9958854703538556,7.016204132432745,0.07837381137728967,9.274871605983229,0.7283990348015831,0.6487388829662923
-0.8570422322864241,7.205613123755429,0.07938429169570178,9.260763397478774,0.7367073370042941,0.6550220682734719
-0.6521993414523696,4.998250766584768,0.08028099349100856,9.257333670524241,0.7447886958625637,0.6490879488166911
-0.8173261897424655,6.057340467695373,0.07920575215744513,9.256258158727178,0.7346858957613345,0.6485643500410929
-0.7196249545908947,6.340493554223235,0.07920697222102799,9.25464453928925,0.7345691822672306,0.6489134158914918
-0.6964491664332385,5.6171827754367945,0.08011620007590796,9.252183481121282,0.7428397952836353,0.6452482244623036
-0.5647240620273454,6.134225448687138,0.07921858444928495,9.252192747395059,0.7344826916598092,0.646993553714298
-0.566872891709781,6.134225448687138,0.07904908605979648,9.251987363967832,0.7328883289433158,0.646993553714298
-0.6158486155475393,6.599541280144897,0.07815596077053061,9.252196994213666,0.7245902978660125,0.6445500927615059
-0.34379946135754225,6.7816811484520825,0.07924010749260568,9.251720590098058,0.7346455899860151,0.6489134158914918
-0.31254639035019266,5.154594180094731,0.08032460422890246,9.25163111672483,0.744735986589968,0.6428047635095115
-0.26493080271851516,6.061608620898379,0.07925116023633011,9.253515890310632,0.7348910699899847,0.6426302305843121
-0.2889784469324155,5.533212810355119,0.07925787964088567,9.254601756582874,0.7350398844299795,0.6380923745291269
-0.13620789113538795,6.15847099776085,0.07943471067591479,9.25621092419561,0.7368148250740749,0.636521578202332
-0.11316134868521459,6.601729520756197,0.07943549312915216,9.258199798917026,0.7369804339040961,0.6379178416039275
-0.11094237895751563,6.1536613260169,0.07943187407632188,9.260713611848479,0.7371468135681948,0.6363470452771326
0.0030483779206049422,6.216512054900057,0.07959904854053917,9.26348245854529,0.7389256625740893,0.6361725123519332
0.06829466207359372,4.93716269846535,0.08083570933449723,9.266427291143803,0.7506940505338547,0.6286675965683576
0.05399136150728339,6.288610807518777,0.07992229767721393,9.269912377826072,0.7424541970477571,0.6318091892219474
0.07204374366935787,6.056986823409065,0.07990041806095977,9.273979171982344,0.7425757060028465,0.6337290513991412
0.042342036653249364,5.9144131273466,0.08004605516421112,9.278435450395103,0.7442924880355479,0.6358234465015342
0.10105009920953054,5.4537242005151345,0.0801888106806562,9.282869013786264,0.745981860580892,0.6328563867731438
0.4280140906204005,5.591506133996255,0.07898217511179394,9.298127698907757,0.735917249308916,0.635299847725936
0.40520316133695067,5.6000000000000005,0.07910384845021964,9.303410452338786,0.7374744413852057,0.6333799855487422
0.45007294643975787,6.778659483875968,0.07814997803030997,9.309126497193558,0.7289927238721919,0.6421066318087139
0.6332922115507956,5.68,0.0791475262188747,9.315393099216381,0.738833730561623,0.6428047635095115
0.5613833874542707,4.671670208957511,0.07894507795798374,9.332229668184313,0.7382679449653632,0.6337290513991412
0.6119675812113338,7.043525136116109,0.07796481628270092,9.338765661292399,0.7295739900291704,0.6428047635095115
0.6798741308288635,6.046595872125315,0.07891972053484127,9.346652474521212,0.7391704360355617,0.6429792964347111
0.5723700026571467,4.678585240625838,0.07866275572559656,9.364488313312933,0.7381596203373764,0.6326818538479445
0.6155703465611694,7.54996518459805,0.07659763746784325,9.37137011809672,0.7192319868946908,0.6433283622851098
0.8293095318730337,6.90096037849221,0.07856104473136247,9.381204788964032,0.738517210700461,0.6503096792930871
0.9124263581120832,4.45239724762264,0.0792802562270167,9.391069789147885,0.7460902228240917,0.639314105005523
0.8863754860981301,6.853662746795079,0.07806924848913976,9.409699908082112,0.7361042796352852,0.6440264939859076
0.9334539663444167,6.505322959129986,0.07788269456921605,9.419440207325907,0.7350982847385829,0.6448991586119048
1.0020075312407337,5.628073057354251,0.07854383746255501,9.440458679998294,0.7430184077093493,0.6415830330331155
0.9972906054568745,6.880011507674164,0.07832216947327225,9.451012439515022,0.7417411215183066,0.6455972903127025
0.8545924744634699,5.368188546275175,0.07912061531186793,9.463183960584288,0.7502992339132835,0.6398377037811213
0.7695520535513455,4.784197188965959,0.07763713380929528,9.483209523496013,0.7377320353227296,0.6318091892219474
0.9196291096096849,7.469765859005031,0.07650924126526429,9.493737671220215,0.7277792789300724,0.6414085001079161
1.0141397201648823,5.694421739219399,0.07725422787133256,9.506825927545764,0.735907096811329,0.636521578202332
1.1108186576703754,7.122012996730696,0.07712541587778199,9.519303355862542,0.735639417551404,0.6442010269111071
0.9750129737847075,4.809613962120592,0.07782912626662317,9.533485070074462,0.7434846076836102,0.6372197099031297
0.9244785683494817,6.479129108789104,0.07647436247352327,9.545118540859779,0.7313832010012408,0.6426302305843121
0.8157059357679647,5.725386753243449,0.07731378496573779,9.560035465621779,0.7405987381858662,0.6438519610607082
0.8688497142654291,6.0110643974870195,0.07694236726481511,9.574023208868182,0.7381051440779495,0.6448991586119048
0.9165964742595822,6.3094834644185775,0.0765533125138996,9.58837697238528,0.7354592780423922,0.6483898171158934
1.0357639801221155,5.726442361145672,0.07614484615031653,9.603273371389735,0.7326563106482241,0.6476916854150957
1.0718940620824515,5.915533628675181,0.07554629073501638,9.61830410581918,0.728012707181235,0.6476916854150957
1.0414306391028987,6.653109771522729,0.07510076116024218,9.633924815590522,0.7248784007454522,0.6536258048718765
0.8946078840707895,5.844027864038655,0.07563614799375833,9.651436836903562,0.7313927609597138,0.6525786073206798
0.7422639105344183,5.061448546203594,0.07524984196370021,9.658338481332052,0.7281633812575957,0.6459463561631014
0.7853914404308749,7.531712053299056,0.07376084038589671,9.672560543040808,0.7147529076364302,0.6562437987498679
1.0445039106737772,6.721638761807848,0.07452011935048022,9.681761358824755,0.7228245155744291,0.6604325889546544
0.9541857912821852,6.562258356126101,0.07479493265117239,9.70136264350567,0.7269688943857022,0.6613052535806515
1.0550120411322677,6.32,0.07533866258533778,9.712189846732338,0.7330909059378573,0.6606071218798537
1.095392046411176,6.458469247862345,0.07458471537935484,9.730475292039083,0.7270934749629357,0.6618288523562498
0.9354090819116248,6.026344913251939,0.07509746286073717,9.741547560571622,0.732943868263768,0.6602580560294549
0.9804103269504768,7.155260449820048,0.07430143186121137,9.760605070682642,0.7265644737749356,0.6667157742618339
0.9040014133851927,4.931760842751773,0.074774368673249,9.772794937667499,0.73211955765225,0.6576400621514634
0.8999788993100237,6.341585096172517,0.07296838292744821,9.790427088320756,0.7156622376239353,0.6590363255530588
0.9482593899008174,6.611995145686305,0.07261843511690641,9.800744454620483,0.7129684308267128,0.6635741816082441
1.1600139047730946,5.083268770548913,0.07304020012581064,9.814039321771965,0.7180968351262134,0.6522295414702809
1.3927610855346169,6.666292514384413,0.07118696253737065,9.832188846401024,0.7011083677981789,0.6524040743954804
1.057884185135388,7.711687615948095,0.07174147826991209,9.846553497272808,0.7076207239937912,0.6588617926278594
0.8301553749571663,4.654408064077156,0.07210157813307512,9.861369401498111,0.7122549762010536,0.6440264939859076
1.0441889676015577,6.328130826804529,0.0707310629675414,9.870381621962778,0.699309160521644,0.6412339671827167
1.311681865564536,8.332125571291865,0.07028996747214997,9.882950179746308,0.69581856313189,0.654673002423073
1.087646398792836,4.0741681113324555,0.07264130892574233,9.904992800249158,0.7207798822174145,0.6358234465015342
1.1557889358642666,7.7941784477967575,0.06991759350858007,9.92179824803633,0.6948408621548785,0.6447246256867053
1.3880352863907188,4.761468501334665,0.07127571494442884,9.941993545855446,0.7098251296455768,0.6332054526235428
1.465625100407936,6.3303428445873715,0.07000818693634554,9.952645469802523,0.6979072190620177,0.6337290513991412
1.4448029486907723,6.317650865128867,0.06925774999696813,9.976457663999735,0.6920538749071373,0.6333799855487422
0.990693521716854,5.42548657195567,0.06962050037006187,9.99442553205192,0.6969433018105053,0.6274458660919615
1.0720066767913206,5.163207600734846,0.06830615489914722,10.0063264886676,0.6845586739090805,0.619591884457987
1.4163513228474625,7.431818519905973,0.06715797931551092,10.017978420704011,0.673800482616992,0.6281439977927592
1.4761395048615538,4.491876160549758,0.06853792796302742,10.040889462963559,0.6892613531880237,0.6133086991508074
1.3699207969122398,5.191740014207184,0.06603931488538087,10.05936151999835,0.66528076312377,0.6052801845916335
1.1387022448343402,6.301549756413415,0.06574374732739466,10.075627891377753,0.6633655515416771,0.6065019150680295
1.1820017448247624,5.521593401524573,0.0654306573950155,10.09205552645441,0.6612737723581736,0.6010913943868471
1.3530577187495298,6.061753963590271,0.06527160595122683,10.108940679134605,0.6607654303906493,0.6002187297608499
1.3657493088683534,5.933769549831492,0.0649188067840419,10.126270568612249,0.6583104682688006,0.5960299395560635
1.2225987415767343,5.877915382360608,0.06471959294808406,10.14404153404995,0.6574364137109121,0.5918411493512772
1.218836318021683,4.378314828857641,0.0644991421015375,10.162372369435134,0.6563747555622257,0.5787511799613198
1.5500605557080072,6.619182477770746,0.06268855673334829,10.172391442422093,0.6385291996942738,0.5815437067645106
1.388067423545836,5.316526586992704,0.0634860164162033,10.194365945201522,0.6480705950776287,0.5742133239061344
1.4376837054439344,6.225646137073625,0.06251661022625973,10.209501433719543,0.6390962376871097,0.5719443958785418
1.1149603970868132,5.870993937038299,0.06285717291003215,10.219247869035652,0.6432003535771584,0.5684537373745532
1.5654095592932555,5.41444292930532,0.06272153160399391,10.238898077727422,0.6430428320786387,0.5637413483941683
1.6058254141721553,4.677655773834744,0.06274044204417505,10.258540258610536,0.644471196754419,0.5544911033585985
1.6382863661776241,7.193673900568792,0.061419102361290626,10.283310180643436,0.6323870665188965,0.563566815468969
1.566377676063229,4.329456659505044,0.06271172288488855,10.299062387718783,0.6467199669746743,0.5534439058074019
1.388194473775871,6.6252503372727505,0.0618241775985812,10.315117705908525,0.6385374217829997,0.5578072289373878
1.6896612724249727,4.878207881410348,0.06175961487527595,10.336037226148362,0.6391625270356996,0.5513495107050087
1.6825374980929517,5.52451398311571,0.06083694507424367,10.353040648969797,0.6306255672338112,0.5510004448546099
1.736276503347811,5.371673468511785,0.06090487762064434,10.374680429722256,0.6326510882907408,0.5490805826774161
1.7184979578138637,6.3307370655458,0.059950441069609214,10.391966108214328,0.6237503953655218,0.5529203070318036
1.6397933299190974,5.117731259287594,0.06062571593780844,10.418704480179198,0.6324164189337724,0.5497787143782138
1.5493542983585749,4.833513950534415,0.059808506491965174,10.436425188981604,0.6249323210271255,0.5450663253978292
1.7107582766115614,5.01682472079647,0.05880153380038503,10.454476493905776,0.6154487458566534,0.542622864445037
1.616320879832415,5.441222101721739,0.057952441974566615,10.472874402017046,0.6076090137985221,0.544193660771832
1.591126363628235,5.71550567716317,0.05789450066870401,10.496287649789208,0.6083571760474298,0.5440191278466325
1.5433870593806283,5.190469194742085,0.058322391764125035,10.511056031685209,0.6137259488052215,0.5407030022678433
1.6185073750651262,5.348370027497274,0.057422004023914154,10.530226438078845,0.6053321690679444,0.5403539364174444
1.6503056659423512,4.868942550094684,0.05650841287432148,10.549126402358619,0.5967497059976761,0.5359906132874587
1.5627205798291197,5.84407430052483,0.055577466419921125,10.568500100388997,0.5879759749382658,0.5372123437638546
1.4001683317948042,5.088229206771548,0.05593735127931081,10.58449666549262,0.5926870071136222,0.53249995478347
1.5304667385496722,6.312711285796102,0.05497173401353117,10.604619806621404,0.5835422582474904,0.53249995478347
1.5876035684437646,3.31258825827343,0.056075873035963175,10.626124511357492,0.5964945664955951,0.5209807817203074
1.7126247888785713,6.309646189501288,0.05387311119570352,10.635971948167041,0.5735478784794918,0.5262167694762904
1.5282347647720338,4.985634252975539,0.05363366644858972,10.66172434524861,0.5723762994422595,0.5213298475707062
1.28565111423548,5.854994964812226,0.05331125036207666,10.67390990476415,0.5695791838651127,0.5229006438975011
1.4659991953978222,5.257291042826358,0.053740141937751354,10.691913736014381,0.5751387358255996,0.5235987755982988
1.6832534750189692,4.596908666039428,0.0528507795522378,10.713107813244653,0.5667238562578167,0.5174901232163187
1.731330954072943,6.191582633283531,0.05248895545451564,10.725827606035164,0.5635050849937556,0.5218534463463046
1.50653835042848,3.740345535770899,0.052865933594522664,10.744540017922908,0.5685499002057178,0.5092870757319453
1.4254698942303508,4.987267790426309,0.050803127423400894,10.769478495067798,0.5475943753321295,0.5071926806295523
1.7399428897597526,6.34391087888891,0.050574076824251996,10.782840447149571,0.5457976161548654,0.5150466622635267
1.8099277085047762,5.372215431262699,0.050898948613454204,10.802128427928748,0.5502922764769989,0.5143485305627289
1.8181959315564618,4.314703147262298,0.05137536639591981,10.822199068439202,0.5564841285038659,0.5052728184523584
1.6392768600845913,6.013641236258952,0.04980898974077646,10.839265650587617,0.5403397948977917,0.5094616086571448
1.7369765121200957,4.846275300205401,0.05007646884078086,10.85974978980223,0.5442729472237874,0.5059709501531562
1.7900504892732494,4.6729428305577185,0.049210553462156616,10.882650798810989,0.5359739910537317,0.501084028247572
2.071238935073538,5.7588987141086125,0.048324823450750225,10.906253395094902,0.5274534190757775,0.5031784233499652
1.8983336259645454,5.384673769085928,0.0488822994651611,10.927149334554906,0.5345700352409584,0.5019566928735693
1.811651932470553,6.259977708551304,0.048529491413017156,10.943131382482543,0.5314818990317645,0.5077162794051505
1.9519674323762601,5.062991151369188,0.04940435232782544,10.971263749349426,0.5424696030535174,0.5049237526019595
2.2296865118865274,3.397242624178942,0.04861950464537296,10.99498163621457,0.5349921753805806,0.4913101844364038
2.2018748283791485,7.066380427064045,0.046939266905849944,11.013769290329083,0.5173582764443655,0.5024802916491674
2.227574241200805,6.0093779890317105,0.04791672566951381,11.04222998373986,0.5295128229932631,0.5028293574995664
2.5704396876869944,4.760651558812759,0.048345635556694404,11.06521394813992,0.5353719742923011,0.49637163926718736
2.1865729683676545,5.90248509571716,0.04730685465028342,11.090674056727362,0.5250566455183547,0.5000368306963755
1.8196669570763022,4.483033996803988,0.04751859557330878,11.114299028169482,0.5285337532179215,0.49584804049158904
1.7844719254743997,4.208991342383924,0.04661716111655162,11.1398398715117,0.519684216921007,0.4888667234836117
2.2510022176454383,5.102158337223124,0.04502437207046707,11.159086154855332,0.5027706308079596,0.4886921905584123
2.3927942537836575,5.459531673140226,0.04534957156041028,11.18389021023538,0.5075326048757932,0.48956485518440945
2.1382190600433533,4.656363667225138,0.04498583605814974,11.20269149546713,0.5043026789853362,0.48555059790482247
1.8336321078761442,4.9832097539683025,0.04401621039260209,11.2287246822867,0.49456534403089447,0.4846779332788253
2.153508038739084,5.487743839674329,0.043623775641732795,11.247248605163655,0.49095892640129546,0.48589966375522137
2.1460204795822917,4.295411506764249,0.04387024339070129,11.272649340810355,0.49485137434335014,0.4780456821212469
1.597695055772142,6.043789799009496,0.04284388968101975,11.29956337299196,0.48441367927635787,0.48153634062523554
1.7310900570918466,4.23443649673567,0.042575344482782135,11.31868665670556,0.4821883665636933,0.4719370297392667
2.252433236289271,5.528735742285349,0.042289766314854184,11.338535045330971,0.4797900542638822,0.47263516144006446
2.3769505442969248,4.132224283514543,0.04198985300985236,11.358363899574993,0.4772165313002392,0.46216318592809846
2.453681517214712,6.0851234897636,0.0410697870079789,11.385686937207257,0.46787082388259077,0.4653047785816883
2.067341641494494,5.311192627761925,0.04136864703977012,11.412543985333068,0.4723910125135132,0.4626867847036968
1.6922623845082798,4.999390277295854,0.041192371522777035,11.43272247160673,0.4712074984836672,0.46094145545170245
1.3725759203294698,3.950143125599904,0.04082597169508507,11.453206571014414,0.4678482464157872,0.4527384079673291
1.8399565374936886,5.872283469236605,0.03999762580451334,11.467350165533295,0.4589115307577864,0.4576253298729132
2.359953222787606,4.187185173273565,0.04039338844939928,11.495176367336898,0.4645818263585664,0.4499458811641382
2.4354452594738074,4.728221570596392,0.03953932925109723,11.510193827311308,0.4553426561628226,0.4454080251089529
2.4332954061899503,5.002913314538605,0.0386721086227724,11.538720870323466,0.446449248768292,0.4454080251089529
2.201977021409243,4.596767561015597,0.0391811650970735,11.56744504521002,0.4534580419277837,0.4429645641561608
2.2354753099645293,6.042903528979236,0.0382754778009,11.596118632639987,0.44406385547140137,0.4497713482389387
1.894410295140042,3.6916223693304655,0.0393603771416027,11.617630522876942,0.4575106077473564,0.43877577395137446
1.665469963277841,4.305222185883799,0.037228623433419636,11.633066746503918,0.4332832523673534,0.43423791789618915
2.3109572311298714,4.773770690665321,0.03706571667759465,11.656255907312303,0.4322454464171681,0.43353978619539146
2.807829719310813,4.168155490427883,0.03706434593927938,11.67858343475211,0.43305738113508047,0.42830379843940847
3.0138029415374605,5.394393817159932,0.0362467052732303,11.708782570400219,0.4245907530163297,0.43127085816779887
2.57284104247746,4.898494125191672,0.03598989884479612,11.746212008364175,0.4229275999686748,0.43127085816779887
1.7472003932126112,3.470599893092028,0.03575902147388196,11.769237455361052,0.4210358907980098,0.42062434973063345
2.0961618153267443,5.751895008455641,0.0344891507404791,11.79222515555728,0.40686516599430333,0.4265584691874142
1.6379709525947976,4.2281132060001365,0.035029792945342586,11.808571206240437,0.4138210829234927,0.4235914094590238
2.0259066392733676,4.279396782568136,0.03418683412813966,11.825698169350323,0.40444075602252705,0.4197516851046363
2.5566350659950894,4.592913608898185,0.03407104434465692,11.849883716288097,0.40389421066118897,0.41608649367544814
2.640601233098332,4.032980641385603,0.03330794730321853,11.881390385461488,0.3958911387743103,0.4089306437422714
2.410595825076463,5.555030808616506,0.03214940041209623,11.90492222095177,0.3828680291959668,0.41259583517145954
1.7203968393394846,3.6943415258000893,0.03316872685927451,11.929879017411617,0.3958440737655955,0.4024729255098924
1.69676763867094,5.653040461748821,0.031983830602533174,11.953245108458324,0.38244098356100464,0.4059635840138811
1.47623802948993,5.610513183315883,0.0325964107488782,11.971057192630536,0.3903517601073815,0.4105014400690663
2.007050426885193,2.533338563223826,0.03311355528270384,11.975803547370338,0.3967064406226846,0.39322268047432246
2.5578903455453705,4.335386073976831,0.031429692436928246,12.00717901862849,0.37750625522090586,0.3869394951671429
2.643978270268212,4.745124918192503,0.031006285062492027,12.025229800443013,0.3729772362886808,0.3860668305411457
2.9442587743514705,4.6620791990952375,0.030999096294596278,12.064768128131286,0.37411675173262626,0.3848451000647497
2.0154950630516706,3.8625095716471143,0.03090399717678884,12.089731218874409,0.3737400080412868,0.3782128489071712
1.9702261315818457,3.9665967785168386,0.030616862369520534,12.107504763971022,0.3708096789459999,0.3729768611511882
1.6078602250577272,4.253573585940898,0.02950604847862027,12.132283050338767,0.358079653410068,0.37158059774959273
1.7526115839438596,3.860370854649366,0.02983517241467262,12.144489890529883,0.36244049678195206,0.36983526849759846
2.3296475478422027,3.915399091994907,0.02887533979667744,12.170124510324351,0.35151418181420313,0.36459928074161546
2.892579728643614,4.182637764208258,0.028545642117999225,12.188862000915915,0.34803342974699986,0.36198128686362396
2.830881128998487,4.008582381756934,0.028074397991197746,12.221850718848895,0.3432112758272114,0.3597123588360313
1.8503265615045092,4.87057167696691,0.02758606791595841,12.254939348336235,0.33815137025375147,0.36250488563922223
2.094717212369274,3.6041961753269556,0.028034525860900578,12.267416569265567,0.3440013326343453,0.3556981015564443
1.7685880889543595,4.758945713938542,0.02701708335901158,12.292399952461778,0.3321856214167787,0.35936329298563247
1.9830485815281027,3.171557805874777,0.02776608450010815,12.313980958782949,0.34199892899773077,0.3506366467256608
2.4219425540248616,4.513138534397428,0.026401765434104486,12.332791035946615,0.32568313242082636,0.3518583772020568
2.7305989754768163,3.274853539153179,0.02665843643249083,12.360196568310364,0.3295815930375804,0.34487706019407954
2.783126251500495,3.5458714256675434,0.025768235613810073,12.385997875417697,0.3192359724650859,0.3417354675404898
2.641477186944094,5.8339662370074725,0.02504177983566166,12.411793732312676,0.3108783917136909,0.3504621138004614
1.9365980444278066,3.5312599116932066,0.026378901666460793,12.441529842360953,0.32827003767154084,0.3440043955680824
2.0637906059131597,4.190573628686363,0.026094630955253176,12.46149302417909,0.32525188953312373,0.34243359924128747
1.996331102923209,2.605976101949291,0.02579945519168221,12.481837759911663,0.3220960808282058,0.3309144261781249
2.285567219786787,3.741188013614785,0.024549216571851024,12.501211276240628,0.3069566094114074,0.3272492347489368
2.710748849149366,4.85701903075639,0.02376546971927692,12.52777309155121,0.2977844768160241,0.3307398932529254
2.8546915644480317,4.11873834370651,0.024728654691275415,12.54998831536726,0.31040760208440976,0.3284709652253328
2.767952147418884,3.609000190066556,0.024385250418365666,12.584486392328333,0.3069366934653431,0.3232349774693498
2.0320666101538665,3.723217815342118,0.023739000486501016,12.61108400944057,0.2994307786367412,0.31991885189056063
1.9828457123189955,3.6846280661156325,0.023726991088020503,12.631775715995746,0.2997702858539125,0.31730085801256913
1.9645612671139339,3.410865074535115,0.023529561428113483,12.652902469676702,0.29777220082556377,0.31241393610698504
2.4148039376828527,4.435385126543974,0.02284944069395206,12.680774233337702,0.2897990349500322,0.31450833120937816
2.8984291424234665,4.783658261878008,0.023451319455334584,12.696109434256304,0.29779511241952844,0.3192207201897629
2.858089306202893,2.15564745246834,0.023844808783414898,12.725381717134255,0.3034918151981738,0.305956217874606
2.7472390988659803,3.2063382947601218,0.0224858652225357,12.758650753478355,0.28693766280700117,0.29949849964222697
2.1374109811544493,5.4419094931888985,0.02193782289131774,12.785568299030981,0.2805325381376809,0.3104940739297912
2.298073113125179,2.632979521758157,0.02293290965799036,12.809891661075607,0.29381959837046656,0.2998475654926258
2.17213597927244,3.8534598004102247,0.021923884187661766,12.829392385502477,0.28131518631167446,0.30089476304382246
2.14400044279319,3.914591810843754,0.021987908266850355,12.8518780290274,0.2826314643937655,0.30194196059501904
2.4971340495817453,4.132379960465588,0.021867521280728684,12.874238128570155,0.2815725592658941,0.30194196059501904
2.7310025295520006,1.6185439132110135,0.022340366753096908,12.904374396006443,0.28833642712226937,0.2886774582798621
2.948936258917882,4.421633122827964,0.020654596288158234,12.929846211023506,0.26709873717675103,0.291469985083053
2.111994718858903,4.561108177242796,0.02110191918782017,12.95993850203306,0.273520174844412,0.29513517651224114
2.160829908033878,3.099326589991429,0.021111519251424224,12.98275951974767,0.27412650446580994,0.28885199120506155
2.434901652146651,3.431431510653102,0.02128618452845603,13.005119189706505,0.2768711850802964,0.28588493147667116
2.4470673625946056,4.301149154408967,0.020630806269368,13.033232764304936,0.26892425539857506,0.2885029253546627
2.809583620692771,2.5627802274941294,0.02078350070361487,13.056555324887624,0.2714000053373352,0.2775073510670984
2.9475459983715955,3.5325940649872725,0.02028194236133663,13.085008889009414,0.265425792018221,0.2762856205907024
2.6021824821782813,2.397216533864258,0.01977081436015257,13.113304188402179,0.2592944884215934,0.2689552377323262
2.5709505611232353,3.9468851299476513,0.019249791558439745,13.141670397390667,0.25300566744561814,0.27174776453551713
2.5782895593365946,2.3070517316889374,0.019536841648543257,13.164592727638516,0.25722729119257653,0.2607521902479528
2.649568574150427,4.855592968159408,0.01812494139670401,13.190911608861636,0.23911068414914716,0.268082573106329
2.688817742706037,2.8522917192130652,0.019261098672546436,13.21701361866891,0.25460568962596797,0.26232298657474773
2.7325519986156634,3.3906452997953482,0.018873475990670352,13.246379269914772,0.25003490997215366,0.26162485487395
2.6704399756742143,2.8910997465715584,0.01847721292459618,13.275086234130843,0.24531451297232337,0.2567379329683659
2.7641614693381142,3.458915494257178,0.018713470795360395,13.298253297665754,0.24888552813211973,0.255167136641571
2.7211137461074713,3.4533845350627512,0.018471597750332257,13.327326963329236,0.24620502510264694,0.2542944720155738
2.776472026382199,2.0828524698873063,0.018045612407131977,13.356508851131949,0.24105254819023872,0.24382249650360785
2.5945232378067877,3.078444424848874,0.017784280858828376,13.385991923076544,0.23808534105840404,0.24190263432641407
2.7242134201096584,2.944579192982006,0.01713114224917144,13.407008319032032,0.22969983755464804,0.2389355745980237
2.934751143100231,2.452472664670171,0.016853831909084946,13.436052801644921,0.22647041894531486,0.23177972466484698
2.6221368991784155,4.341106234668957,0.016741849948404157,13.464955395939496,0.22544932689039957,0.23788837704682714
2.8728648377196926,2.7154715048155973,0.017458764390282645,13.498364416706892,0.23568871112930825,0.2335250539168413
2.74979787535333,1.6815802199889132,0.016952575367992478,13.518413571516701,0.22919388134296292,0.2223549467040776
2.8517252329061424,4.000006500977378,0.016173426272072723,13.553582158301024,0.21922697720335804,0.2288126649364566
2.7423915712161953,1.3102124645884856,0.016660321954315035,13.578193122211038,0.22623800137831743,0.2155481626212997
2.7612595764254526,3.6646425572422934,0.015496909642846586,13.604400670266427,0.21084304648407975,0.22008601867648495
2.8105715076628632,1.8936769282788974,0.015505794505783467,13.63376894117834,0.2114193636416392,0.21258110289290932
2.4537992850255184,3.113128877768755,0.015505231805370006,13.663472128742375,0.2118722817892347,0.2139773662945048
2.540659636296329,2.668355909202252,0.015320798682820786,13.693478110371755,0.20981143778103128,0.21205750411731106
2.6489074751052226,4.095261112042163,0.01494252446421986,13.71464877856209,0.2049467285549909,0.2207841503772827
2.5733338343587335,1.4052434486316938,0.015376057083917493,13.739480733012437,0.2112756904700684,0.21118483949131386
2.4923037598108064,1.8917514775627036,0.014351880810057801,13.765818736968793,0.19757895549156057,0.20490165418413428
2.482355379108108,2.8828500165136095,0.013955950145187168,13.787326700315562,0.19242773718399192,0.2066469834361286
2.5985707603195105,2.1070423784753807,0.014082186062925241,13.817291975495285,0.1945905396060079,0.2040289895581371
2.5333066800836983,2.5958263806327566,0.013042960240258906,13.84365006436383,0.180572417074034,0.20315632493213998
2.5826692238736113,3.129581897240516,0.012979661049836567,13.873700371057561,0.18008604156481728,0.20542525295973257
2.6394557200489452,2.4936748174824395,0.013537640211775715,13.898908759059735,0.18816992141328984,0.20420352248333656
2.4620698050688765,2.005062307815404,0.013110911350157945,13.920647369680843,0.1825228320352411,0.19826940302655582
2.551783040487288,3.867896672445524,0.012224736781680283,13.946771249527048,0.17050410118012604,0.20699604928652748
2.592110927070078,2.222064843878077,0.013388150013954025,13.967299767830978,0.1870074779481817,0.20176006153054452
2.652611138149008,2.27621971918379,0.01265514349773093,14.002818855858882,0.1772171426933905,0.19774580425095753
2.571192186542537,2.8054863023330534,0.012379356678676436,14.024703232516691,0.17362567300820878,0.19774580425095753
2.7610034997723885,2.130081110120911,0.012435206081374712,14.054874426324147,0.17478426924936616,0.19285888234537343
2.6919005352552845,2.9201076232346455,0.012147945229057185,14.076610790347779,0.17101030911845327,0.19320794819577228
2.5943818799365914,3.017183066435331,0.012013637343201485,14.107459055615154,0.16949005103079043,0.19408061282176947
2.6372625170746407,2.208462119692187,0.012045853238935969,14.137780874121209,0.17030987108083173,0.19058995431778078
2.6463897579405256,2.0672278690206194,0.01174044116124554,14.159686429217622,0.16624860391017304,0.1858775653373961
2.6915889334970475,1.775796849599875,0.011604402195326408,14.181836399117334,0.164579121036111,0.18011797880581482
2.5685027769269766,3.2254687051450115,0.01066554195556059,14.208265796299173,0.15154460126710356,0.18291050560900574
2.621792223805125,2.2244248590863305,0.01146766546094812,14.234617057002799,0.1632449824088926,0.1799434458806154
2.6950366368257197,2.2080868373412286,0.01084115323743882,14.270198417446528,0.15471146893045784,0.1764527873766267
2.746686557507543,2.5953500203173125,0.010682975734140225,14.292301311757294,0.15269011677864147,0.17715091907742445
2.778578334659627,1.6365309300027968,0.010839523438343088,14.323004598390579,0.15526062489564518,0.17121679962064373
2.6567657010756567,2.362929601322424,0.010050033388939783,14.349610747799849,0.14421892268921516,0.17034413499464657
2.8447622601186553,0.8003888301021291,0.009876023918161055,14.3720877506969,0.14194369727611453,0.1583013631558857
2.6744595570840484,3.385538783555055,0.009252973151281202,14.39896656990923,0.133237053574287,0.1647590813882647
2.6519552732451532,1.450253312805917,0.00938384395848859,14.429875418819288,0.13541167392122336,0.15707963267948966
2.7292874330147336,2.752902178228653,0.00936909342233078,14.45219806013372,0.13540795583940235,0.16022122533307945
2.6875958300685228,1.9692564894074196,0.009659890752688619,14.483658953472252,0.13991491519979912,0.15655603390389136
2.6011337765674427,1.3145323386536447,0.009018204055458818,14.51040425626816,0.13086133409317668,0.1494001839707146
2.678355066195772,2.424974453909562,0.008372952696341255,14.537373127447754,0.12172358206995992,0.1499237827463129
2.646949788147338,2.137325524349353,0.008819769563338227,14.56845064587029,0.12849370937929686,0.14817845349431857
2.7215412410615536,2.089344563203096,0.00877936977234663,14.590932458888577,0.12810248266276028,0.1457349925415265
2.704045988812069,1.5030382513616936,0.008908797528930137,14.61346311407233,0.13019182839542526,0.1403244718603441
2.8577823129613362,1.3759589568082506,0.00842103329900711,14.640253616074249,0.1232889775173544,0.13526301702956053
2.7738696970989554,0.6453542820956267,0.007929797805187334,14.667289277449973,0.11631107627639664,0.12409290981679684
2.7940064883819073,3.3885699505102576,0.00699932143025995,14.69852362911242,0.1028813715058762,0.13281955607676849
2.7734729351468372,1.2039311688203818,0.008020724397944951,14.725585073819245,0.11811239228938122,0.1270599695451872
2.7441941646135866,1.4980358499984652,0.007692317020751894,14.75242626278353,0.11348257796800283,0.12409290981679684
2.6478756287494085,2.255894870194271,0.007360442137419089,14.779682667599591,0.10878696364282514,0.12688543661998777
2.708419367613022,0.8848416723437027,0.007753302720788629,14.811021373777558,0.11483663340928442,0.12007865253720987
2.6449655975301742,0.5308499905327865,0.006806693255556072,14.842335311138664,0.10102878392117204,0.11135200627723822
2.6480977517793196,3.267588660017204,0.006345891790346496,14.86059493509689,0.0943049932998248,0.12269664641520137
2.672629718487341,0.44249498035721907,0.0075030284570768175,14.887815002446096,0.11170579581040926,0.11362093430483085
2.744394238996933,1.2299414676591927,0.006548209927343005,14.91910236282883,0.09769481055697532,0.11152653920243767
2.6177646692081615,0.7103477677346458,0.006370071849954916,14.945775196207736,0.09520694961994229,0.1048942880448592
2.6514715682490118,1.7935594242350694,0.005123026816214448,14.968620113617543,0.07668531312396526,0.1059414855960558
2.583021971806413,0.8445655003469128,0.005542194129567236,14.991114163004793,0.08308451558394685,0.10053096491487337
2.6631084801728666,2.5135855654782455,0.004929085656552928,15.022750957312825,0.07404902596217859,0.1075122819228507
2.656668487669164,1.0230700638227528,0.006051156038597706,15.049966783227793,0.09107080894817414,0.1033234917180643
2.7835222686539463,0.31367186903642774,0.004972925892534602,15.072580276034085,0.07495544260551192,0.09494591130849153
2.6613729867865925,2.6581146331881316,0.004353276321038284,15.103574922280693,0.065750450418635,0.10262536001726658
2.6290119652816912,0.6508789503288539,0.005632500542840739,15.131307850208795,0.08522800096997962,0.09564404300928926
2.720796945114274,-0.11958499405372146,0.0045507950461887514,15.153523888449284,0.06896105749960324,0.08395033702092726
2.699246014645706,2.43272056044911,0.003924385097639513,15.184957659945166,0.05959192747037685,0.09058258817850572
2.7684868892300845,1.0829920077312827,0.004486949409175015,15.207596653065957,0.06823617474454713,0.08761552845011535
2.863631799892728,1.1483159409439359,0.004450435157342539,15.234973970068827,0.06780271142011679,0.08691739674931762
2.799204571259967,0.5128269609555242,0.004411007416937242,15.26214568639392,0.06732187444855926,0.0804596785169386
2.8484854438888454,1.3332366808114122,0.0037759655937863114,15.293591254176734,0.057748348838502286,0.07976154681614087
2.874168535432712,1.3494665109268509,0.00373145082500108,15.320776497741216,0.05716898943750068,0.0804596785169386
2.928143320086491,0.38672654698245856,0.003858600401333644,15.347793124673451,0.059221294622021484,0.07417649320975901
2.901795755564894,1.8153807759571805,0.0032183616573295674,15.379240770526122,0.049496129706010264,0.07766715171374766
2.902676631850587,1.0863056639537731,0.003929445785964778,15.402466477486952,0.060523468498842034,0.07714355293814937
2.797451660411312,0.03542742162303091,0.0032850552417790094,15.433921081326323,0.05070146573265455,0.06859143960337716
2.9175813969520474,2.301426411153904,0.0028142533049068034,15.4655758059499,0.043524162728345785,0.0762708883121522
2.7881618610154066,-0.241630522898593,0.00378482334836217,15.497227151548474,0.05865454723158922,0.06544984694978735
2.894831800645326,2.2502918759603507,0.0030399390943080464,15.520079684855844,0.04718024231534439,0.07225663103256524
2.7429366905571433,0.01708747788151875,0.004001256444981601,15.551984510707602,0.06222781034626073,0.06440264939859076
2.5972431513470373,1.6105193490364975,0.002670747999726974,15.578818926583926,0.041607198412920605,0.06440264939859076
2.7164175592282187,0.0724386151917079,0.0033572654256055446,15.601679834206578,0.05237917708150076,0.06161012259539984
2.7627156042067216,0.7382716603786387,0.003050051600095615,15.63312972117249,0.04768200017959457,0.05951572749300664
2.6625012394866476,0.7285136062481307,0.0023019604797034398,15.655712549862185,0.03603889522836923,0.05811946409141117
2.6686757626174615,1.4872260588402102,0.0025736440174792983,15.68294148701078,0.04036239764994053,0.0619591884457987
2.8290995655408797,0.09195683594481081,0.0026680408390087635,15.710019128062498,0.04191507207199548,0.05637413483941684
2.791515631945558,0.82498627265277,0.002355806425090483,15.741638661760067,0.0370843221046717,0.05585053606381855
2.6493648498194053,1.704661489929257,0.00244550967579066,15.76872740565766,0.03856265232034512,0.0614355896702004
2.740651979374154,-0.532513519124473,0.002706954391687196,15.796370425972942,0.042760158740498905,0.050789081233034994
2.782981141781997,1.4234808959052747,0.002129283950895215,15.81868727961522,0.033682527852574945,0.054279739737023644
2.585160076759649,1.3632042450282484,0.002212513968687113,15.845963076410445,0.035059471861796955,0.05689773361501515
3.075863959568079,0.9867618312311086,0.0024675797928018633,15.873418641190062,0.03916900658109193,0.05689773361501515
2.749203648943372,-0.5871377633298641,0.0027199937594047812,15.900705868290933,0.043249927391533105,0.047472955654245766
2.8389331241935736,0.3342728246418623,0.0015670061483818642,15.927144785150002,0.024957954232655875,0.04450589592585541
2.8011010825701432,1.4184723967368873,0.001245156917041612,15.958556556240062,0.019870917351397538,0.047472955654245766
2.826873446672883,1.2002731680271919,0.0014928607135527492,15.985571796679604,0.023864249847161567,0.05113814708343386
2.744739046760287,-0.7751925602217177,0.0017379092240711286,16.012871718032915,0.02782894548016153,0.039793506945470715
2.8399524331715083,1.4845164327148284,0.0010175881494685847,16.048860140546978,0.01633113552838517,0.045553093477052
2.9188481476900443,0.9143556463226313,0.0018266821342537544,16.071779319340894,0.029358064801996243,0.0471238898038469
2.8587569442288228,-0.3436808418961896,0.001497723784283899,16.10324632406375,0.02411823305755339,0.040491638646268445
2.9175938702080293,1.0972686141106207,0.001089316781260759,16.125538586021833,0.01756582673655673,0.044156830075456545
2.6719192350396543,0.09428725953142537,0.0013245560808171886,16.152671123626895,0.021395131270462553,0.03874630939427412
2.7971381166852503,0.9317340581162372,0.0011674188107975835,16.184376002447948,0.018893953569592767,0.04066617157146788
2.8884060793065522,-0.11831273700229519,0.0008349984452711192,16.21584287700189,0.01354020673790264,0.03420845333908886
2.9288506402863748,1.343385672176262,0.00042550807781169383,16.238179785902865,0.0069094770848635865,0.039269908169872414
2.8194925911993494,0.29912871431462545,0.0010782628095605904,16.274507009057647,0.017548202452610424,0.03595378259108319
2.9126524384405976,-0.204313517664238,0.0006676736686377052,16.29737147271622,0.010881327417262162,0.0301941960595019
2.8726900410788505,0.46383338295282794,0.0005064355915251903,16.328650678626726,0.008269410572209767,0.028972465583105872
2.9629457793400857,1.0798904624180674,0.0005190290777097933,16.359932061906584,0.008491281211978364,0.0328121899374934
2.849816460027547,-0.9765913474932423,0.0009139490598440557,16.387206046505963,0.014977075729806699,0.021642082724729686
3.0091307165797465,0.6932902420053283,-5.44668257258972e-05,16.41393356066914,-0.0008940148596094932,0.02408554367752175
2.9163207182467095,1.0308670907230588,-4.3447055384523735e-05,16.445224960987606,-0.000714496600140553,0.028274333882308142
3.040129734450356,-0.20229262010363536,0.0003470902534610378,16.472958072490123,0.005717603422236675,0.023911010752322315
2.779537829357099,0.7626778557988342,0.0003556877192456353,16.504256543387644,0.0058703616153229,0.02600540585471551
2.800644778018109,0.028925143776862828,0.00018903101261195257,16.535445432925712,0.003125712031405702,0.023387411976724018
3.1044289880263185,-0.37802602345646474,-4.834062505069378e-05,16.557828396267308,-0.000800415774781163,0.017627825445142728
3.0846392537806118,1.0024736450700675,-4.126198757861418e-05,16.589611214257946,-0.000684520332245227,0.022863813201125717
2.8128718092814418,-0.5635635326294784,-3.4872071099451224e-05,16.621132314557038,-0.0005796133080615677,0.0158824961931484
2.931498286408284,0.5276601165156336,-0.00027232109609458033,16.643305023089418,-0.00453232317856133,0.016580627893946133
2.7723795928549357,0.14783509594768707,-0.000266737229979938,16.674827649610496,-0.00444779744313506,0.015533430342749533
2.832943750029719,1.1163194751575547,-0.0002618377307128913,16.70599744169683,-0.004374260559394239,0.020071286397934793
2.8635042580375387,-1.5131086613518256,0.0002889386187302308,16.73388052639174,0.00483506445984497,0.006806784082777886
3.0922168293156704,1.5134166845790593,-0.0004952429627106385,16.760251345841965,-0.008300397210890365,0.015533430342749533
2.8113733472087046,-0.6525178439651899,5.301352047402781e-05,16.787341929108862,0.000889956095897039,0.008028514559173916
2.853907931223268,0.3982569270974446,-0.00031447423648111315,16.82325129528214,-0.005290479280612716,0.010297442586766544
2.6963229170848053,-0.9242902216032729,-0.0005521896689772315,16.845383397106687,-0.009301847627262336,0.003490658503988659
2.6842278693116812,1.3536915252270207,-0.0009175336870892423,16.880555465677915,-0.01548848264295781,0.011693705988362009
2.7447470120927075,0.17335390695271827,0.00016686968893730127,16.904207273627517,0.0028207998356640767,0.011868238913561441
2.256398607553366,-1.1995391356857596,-7.163815610355849e-05,16.92601185134193,-0.0012125482812913903,0.0022689280275926286
2.1886129873341105,0.5389807258486332,-0.0006751294280550417,16.95295122896282,-0.011445438005997313,0.005759586531581287
2.5826718203983954,0.28322900985115734,-0.0007380157168784654,16.97528157070629,-0.012528026872153786,0.006981317007977318
2.9833581690025976,0.44097786582983806,-0.0009753129547970369,16.99727854063622,-0.01657767121339886,0.00942477796076938
2.64325486487697,-0.08913400029928456,-0.00026319838244436467,17.024779371160463,-0.004480894495430537,0.007155849933176752
2.4605286551887553,-0.2300118121722004,-0.00026456563417351305,17.056124152456782,-0.004512464408220179,0.0041887902047863905
2.631824603737268,-0.9254601371938854,-0.0008637214294479705,17.082537974721262,-0.014754557787164708,-0.003490658503988659
2.6821974936809947,0.7330775784924664,-0.0014610422615551784,17.108768197558778,-0.024996651166108348,0.003665191429188092
2.359475202737765,-0.1530314624005968,-0.0007530588918761206,17.136327300638982,-0.012904666087247926,0.0027925268031909274
2.2943390616135906,-1.0571353562313823,-0.0008156150251055036,17.158889365304805,-0.013995051083765113,-0.004363323129985824
2.1811672525394283,0.6988392530898436,-0.0016457694232884486,17.176027354744097,-0.028267806155663114,0.0008726646259971648
2.031459882332568,-1.4420353341439724,-0.0009402586184435427,17.20358207047186,-0.016175821076802693,-0.00942477796076938
1.832858519640354,0.0489198138492242,-0.0017681335253466716,17.22072681829897,-0.030448576148699807,-0.006806784082777886
1.9318430315251447,-0.9766495001076587,-0.001654494869654559,17.243330355416493,-0.028529027640142462,-0.011693705988362009
1.8580121095106445,1.1695391999762381,-0.0019498641190328196,17.2564490637875,-0.03364777349401694,-0.0010471975511965976
1.7227806690514793,-1.1569022867303975,-0.0014809394783162017,17.275005058419552,-0.025583255682038054,-0.008552113334772215
1.9958894100755802,0.4420007076749083,-0.0021300951460508995,17.292427624780657,-0.03683457185689837,-0.0054105206811824215
2.353593358151847,-0.002758218332211071,-0.001661788113123579,17.310770944290176,-0.028766859864506826,-0.004537856055185257
2.4775841453302183,-0.28311345337973803,-0.0017221047854494955,17.333102767753655,-0.029849448730664016,-0.007330382858376184
2.283651088465865,-0.7340873097590651,-0.0013744927160118043,17.36432910854832,-0.02386715890831931,-0.00890117918517108
2.4205808382123553,-0.132113138105444,-0.0021937212144901566,17.38180671395159,-0.03813089930179153,-0.00890117918517108
2.368854695354143,0.01754188060053718,-0.002078351404866405,17.403991720543715,-0.03617166272439332,-0.010297442586766544
2.345287273277076,0.14132227027009323,-0.0019046944511974045,17.43553426102791,-0.03320940552035366,-0.00820304748437335
1.8635841661785215,-1.6629559692142044,-0.001963833186483803,17.45777303604196,-0.03428419812423821,-0.01832595714594046
1.5135986485673216,0.2710614657059719,-0.0026033767597328427,17.475189519003735,-0.04549460504671288,-0.013089969389957472
1.308635168894752,-1.200209220398377,-0.0021964951353688656,17.484204924646086,-0.03840403282404619,-0.019024088846738195
1.1840458643650622,1.4748044671448646,-0.002834265661972267,17.501424987254122,-0.04960382070054868,-0.006457718232379019
1.1797249730675334,-1.9010966956117714,-0.0018482642550225056,17.515529703980043,-0.03237336432300193,-0.017976891295541596
0.9853455233148611,0.6862188248469426,-0.0027167014506090355,17.524180956604354,-0.047608084948896255,-0.01117010721276371
1.3344771073999295,0.03596663728089408,-0.002484753402120506,17.532749648457866,-0.04356464899360961,-0.00890117918517108
1.7397074767961138,-1.8453484232633093,-0.0025990841208235085,17.54635338804045,-0.04560455115912967,-0.019547687622336492
1.8637646330726998,1.2107437251377624,-0.003233094973439072,17.563452309772842,-0.056784507233418685,-0.009599310885968814
1.9757981052319376,-0.27913659123847323,-0.0027694639094009857,17.581426499771432,-0.04869125065313372,-0.012042771838760876
2.2287008944354247,-0.5899033843463204,-0.0026511115276419,17.603827134837534,-0.046669818385765525,-0.0158824961931484
2.3681578802232557,0.20025634486697427,-0.0027072313729454224,17.62583240885394,-0.04771732304662247,-0.014311699866353503
2.623425861950596,-0.28394989431530454,-0.002588610042308586,17.648116704547128,-0.04568419417103881,-0.016580627893946133
2.9057010969236376,-1.2376605829261325,-0.002469822720121434,17.670571236733636,-0.04364326705970787,-0.02495820830351891
2.622232329042152,0.2002011485824723,-0.002636596992730776,17.7058740839187,-0.04668336253874769,-0.022514747350726852
2.733756153268886,-1.1480242489561057,-0.0025171748896253726,17.72798619386087,-0.044624535940391744,-0.02949606435870417
2.7674042441593074,0.4872768404857165,-0.002737292823463336,17.754388905927414,-0.048599082717848234,-0.02408554367752175
3.0116531811234126,-1.5714158629379416,-0.0022127519586711444,17.785930499366117,-0.03935591678169655,-0.03368485456349056
2.9682205602405767,-0.9811519239920813,-0.0031173316001654166,17.81606353003786,-0.05553875773689592,-0.03769911184307752
2.8801068859605397,-0.6271987337071461,-0.0031578268858176283,17.842826995620516,-0.056344746093393995,-0.03735004599267865
2.48142349759095,-0.892364068892199,-0.0031419186585976214,17.878124884102643,-0.05617179899038884,-0.03892084231947355
2.4477228575768235,-1.6433050763266583,-0.003073425731298891,17.891674129314275,-0.05498890478589492,-0.0486946861306418
2.56585122497141,-0.6392626274574068,-0.0036186069451899796,17.92221066867217,-0.06485371907076411,-0.050789081233034994
2.592483529158818,-1.5193414938885326,-0.0031446961139058325,17.94440800713723,-0.05642989614039316,-0.057944931166211744
2.78338754331444,-0.6680714866519004,-0.0036847144645662036,17.975549870010553,-0.06623506837533599,-0.05951572749300664
2.3978964363587494,-1.0768311461880984,-0.00354076005195573,18.002227234356585,-0.0637418334145959,-0.0619591884457987
2.546060922347503,-0.45063204405379936,-0.003569815122316209,18.02849005141078,-0.06435864980482012,-0.060039326268604934
2.6812125075081688,-2.339384828911376,-0.002918236774052453,18.051194093135546,-0.052677807954827974,-0.07190756518216639
2.81637978063885,-0.5150002053220694,-0.0032738211536082087,18.081766781234567,-0.059196682071304234,-0.06963863715457375
2.2720156006289485,-1.0075677780306513,-0.0031234704379882318,18.108085040530852,-0.05656025224800905,-0.06963863715457375
2.4525696099660226,-1.1373903366184424,-0.0029714008412710094,18.13511250966196,-0.053886847160843354,-0.07295476273336297
2.8594628687437362,-0.9457217242770628,-0.0030468407949051086,18.152353622007954,-0.05530750268343542,-0.06824237375297829
2.7173515729658684,-3.2238834058082153,-0.002662698962952788,18.187922762880934,-0.04842907753254319,-0.08115781021773633
2.7117592772829244,1.0178570088533583,-0.0035583907750648598,18.213588662808956,-0.06481133942898673,-0.06300638599699529
2.6768852736224034,-3.1295426095438956,-0.0023476232168929403,18.241099015701792,-0.04282330622212555,-0.07435102613495843
2.8652478659806575,-2.069372959579905,-0.0034111830286197315,18.26687290668516,-0.06231188853599433,-0.07714355293814937
2.7296179649493406,0.40423867846264483,-0.003799161190712373,18.28813197981464,-0.06947989555092919,-0.06387905062299247
2.6479994475893247,-1.5438938874575718,-0.003083275419537067,18.31976528377497,-0.05648506098465334,-0.06527531402458793
2.5100544005794396,-2.1309211039145377,-0.002916993232045568,18.34626152215264,-0.05351607248027918,-0.06998770300497262
2.7286670498254058,-0.9471172908291949,-0.003472176086872553,18.367510683103863,-0.06377548766202588,-0.06649704450098395
2.5850839065841815,-0.43966194209508674,-0.0034764380905489014,18.39421484894952,-0.06394660675833738,-0.05881759579220891
2.5238204473004697,-1.5485588187575205,-0.003479256594619704,18.420504345843053,-0.06408991982936832,-0.06161012259539984
2.460274927527249,-1.6694149924172739,-0.003305978861536329,18.446913094680347,-0.06098532693140648,-0.06422811647339133
2.728245320861347,-0.8551685027600651,-0.003796094265914449,18.477451115821182,-0.07014248315528929,-0.06126105674500097
2.4474871636225086,-2.080915554514019,-0.003129454758435923,18.499717549911914,-0.05789421811184158,-0.06806784082777885
2.6383023015363274,0.23360205502031672,-0.0036695577500418146,18.521574507335583,-0.06796629234683803,-0.05899212871740834
3.0552564124790234,-1.007237322121789,-0.002946837287091493,18.553134486288062,-0.05467322675474168,-0.05811946409141117
3.783738764356378,-2.377803292243829,-0.002940607109491903,18.57966806349942,-0.05463566148090426,-0.06736970912698112
3.253942951851565,-1.0980618268246691,-0.00373057682650872,18.61473664384506,-0.06944402731094235,-0.06702064327658225
3.4122608753467483,-0.876296307032384,-0.0038010475290315743,18.654837818042413,-0.07090826668640551,-0.06684611035138283
3.700158343537772,-1.322403479529062,-0.003613609473273721,18.68079955274249,-0.06750540806481542,-0.06876597252857658
4.090988726201218,-1.4899132542158975,-0.0033703603732981703,18.71684791587082,-0.06308276138816159,-0.07243116395776468
3.5964747146121536,-0.44290500637718666,-0.0037404136878684746,18.760878703180573,-0.07017377475807152,-0.06841690667817772
3.634335898644909,-1.9172928668688909,-0.0033185213980011733,18.796939528590855,-0.06237827502473437,-0.07452555906015788
3.4870729694416327,-2.0943009104038097,-0.003375084541518943,18.83679339395045,-0.06357601159815415,-0.08203047484373349
3.7604885572638658,-1.4516665476654402,-0.0034820706648471087,18.86786605684759,-0.06569950843651433,-0.08429940287132612
3.6939203488433603,-1.2527071467725526,-0.0035321024956868558,18.90791624822682,-0.06678497589967505,-0.08499753457212385
3.805111548309823,-1.4276815438753443,-0.003404414086818147,18.947988415619836,-0.06450704789218263,-0.08639379797371932
3.5746479916675913,-2.4264552691259684,-0.0032735862329783976,18.988070713091236,-0.06215930891800639,-0.0942477796076938
3.632415649684454,-2.0271494238483463,-0.0031930422810938133,19.01892940893071,-0.06072845213002396,-0.10105456369047168
3.554107808500016,-0.34941911970579753,-0.003756536532754271,19.05433340558836,-0.07157863624125659,-0.09459684545809266
3.7089546303916965,-1.6543305734496743,-0.002968920524442086,19.090088608273803,-0.05667712240924554,-0.09773843811168247
3.9096349357778637,-2.5344570932896637,-0.0028254624079970705,19.130158293182546,-0.05405168695232106,-0.10349802464326374
3.7873621687523227,-1.8766241767077831,-0.0032015913721670985,19.16558284040543,-0.06136057431699924,-0.10524335389525807
3.7083964788977606,-1.9411185625088063,-0.0028762440581140084,19.205473488099447,-0.05523978133234672,-0.1090830782496456
3.7784943503080806,-0.8801043811088847,-0.0027757511079422492,19.2368156296335,-0.05339674943429509,-0.10471975511965978
3.895507797180433,-1.885484790052945,-0.002444266833307518,19.276663209408117,-0.0471174023730029,-0.10611601852125524
4.125579139015273,-2.7709129230517844,-0.002109767785248548,19.316802248435,-0.04075402756480668,-0.11205013797803595
4.1678347619205995,-2.6646477878035184,-0.002061414958466864,19.361280488233643,-0.03991168974753243,-0.11606439525762292
4.010085821034024,-1.1800365135344393,-0.0028723773436682637,19.401488879741272,-0.05572855035544508,-0.1117010721276371
4.00549409575835,-1.65203314205089,-0.0018898405243067727,19.437378303849403,-0.03673358893620969,-0.11082840750163994
3.9424399509709875,-2.3525861371524064,-0.002001320042345594,19.481860830830335,-0.038989490597576046,-0.11588986233242349
4.12070235004993,-0.8178906302659276,-0.0014741947375251044,19.52200750956019,-0.028779261584700164,-0.1096066770252439
3.8311999006365496,-2.596791308849523,-0.0011187507627275972,19.562558820627995,-0.02188563673219331,-0.11501719770642631
3.700461320764413,-2.5006912326098942,-0.0014447555494168094,19.597499358302958,-0.028313615652448807,-0.11903145498601328
3.4154384221833656,-0.7716923298567046,-0.0015911535320272255,19.63318641542991,-0.031239440273552705,-0.11554079648202462
3.642811698121234,-2.8871413030163082,-0.0005957090014519395,19.669321364549113,-0.011717193175336598,-0.1223475805648025
3.261246649280167,-1.9132434208497868,-0.0007342388286096163,19.704985938520323,-0.014468168393230183,-0.12095131716320703
3.284122403058607,-2.5172612219749833,-0.0005899791722482666,19.73625841327716,-0.011643982752937921,-0.12164944886400476
3.1002572558640487,-3.2200643767764445,-0.0007197916338605552,19.77180004312817,-0.014231578715201133,-0.12985249634837812
3.1162030025010163,-2.5500787803555363,-0.0008985552969184641,19.798707807122394,-0.017790238560186855,-0.13194689145077132
2.7682985999985332,-1.2044114964412913,-0.001018768261841286,19.83475351012361,-0.020207024348440687,-0.1239183768915974
2.897720821532302,-2.414151001856986,-0.00023735693181589152,19.861398280125215,-0.0047142406458747345,-0.12583823906879116
3.3119193740057895,-3.2444952392203286,-0.0005790016188348389,19.88866438455559,-0.011515570161958135,-0.12845623294678266
3.1165571260526512,-3.640836394913002,-0.000512542611405856,19.924766976535313,-0.0102122929920628,-0.13212142437597074
3.072984658259779,-3.2287011836325585,-0.001290719922419616,19.956906501976526,-0.025758791116322267,-0.13456488532876282
2.978404724306782,-1.054438198961396,-0.0014437232621481754,19.983961517334368,-0.028851330157749308,-0.12531464029319286
3.157430969653692,-2.8735133698821533,-0.0006497927646858952,20.010331301792096,-0.013002570328900096,-0.13002702927357757
3.5730312682445287,-2.6250707693283455,-0.0005656538364885372,20.04730995268395,-0.01133983899545828,-0.12985249634837812
3.2885083082072977,-2.351426746497609,-0.0006513803916038922,20.083410624862235,-0.013081941727771577,-0.12810716709638378
3.191627210245976,-3.2841211143758544,-0.0005578355969010115,20.11938806670249,-0.011223312015630909,-0.1324704902263696
3.4945403257666343,-2.814074513162296,-0.000864846443317182,20.147180941811484,-0.017424222124596996,-0.1361356816555577
3.19892980992825,-1.8113626517474524,-0.0007620869113601321,20.183633523627584,-0.01538168590981998,-0.1303760951239764
2.861106495162348,-3.078691661646797,-0.00021733446796308976,20.21545195706122,-0.0043935145648961215,-0.1340412865531645
3.0499568992311676,-3.492533421681877,-0.000773982899805296,20.24779784495012,-0.015671452420031443,-0.13962634015954636
3.0306429304027374,-1.9497279627521489,-0.0008891746237602997,20.275236881602442,-0.018028230877079197,-0.13578661580515886
2.944679512633872,-2.47305222443028,-0.0005084056334353229,20.30712782334486,-0.010324259073805117,-0.1349139511791617
2.549813035139389,-2.8564209048994154,-0.0006159700637842426,20.335074405832902,-0.012525798662994086,-0.1350884841043611
2.616482989839081,-2.5653890789472866,-0.0002867619510416027,20.35769805002523,-0.005837813371560233,-0.13351768777756623
2.439465336089059,-2.8015665243024763,-0.0003871001288533548,20.385443044646173,-0.007891208023471923,-0.1322959573011702
2.4385137505228216,-2.898059941477062,-0.0006579269806917395,20.41329820596551,-0.013430461592483001,-0.13194689145077132
2.33885294766074,-2.6201237769355714,-0.000320034350990344,20.43637221948983,-0.006540341343153108,-0.12845623294678266
2.25823600368716,-1.8726381257563975,-0.0008172752807759306,20.45537761723414,-0.016717678207631998,-0.12060225131280818
2.2892391684085682,-2.5757863940865966,-0.00021986414794457085,20.473935700856835,-0.004501484500475104,-0.11746065865921838
1.9290872668857777,-3.524546446488197,-0.00047760096133821,20.50193914263022,-0.009791746588325555,-0.12199851471440364
2.358847409600172,-1.0522245914218435,-0.0009657829694798224,20.52115291269468,-0.0198189861591377,-0.10855947947404729
2.2234554198325887,-2.8110456006428373,-0.00030301176072396993,20.548175743049935,-0.006226339102126579,-0.10803588069844901
2.2647303955505445,-2.327208891545559,-0.0005341601137473622,20.56277031209731,-0.01098381277353035,-0.10471975511965978
2.061351655041602,-2.006245829060362,-0.0005284255151991095,20.585950790839668,-0.010878142665027029,-0.10018189906447451
2.230494151863121,-1.0863858416977292,-0.0005203263403373645,20.60967824080939,-0.010723759422352737,-0.09075712110370514
1.9824372050730885,-2.439925841429439,-0.00026066116852796673,20.6279884465667,-0.005376915694640299,-0.08936085770210968
2.3994189716134438,-1.6193299225424795,-0.0002486115939555734,20.65116555674003,-0.005134119291877653,-0.08290313946973066
2.4123126391420797,-2.3595183298902187,-0.0005833471845344864,20.674429668748235,-0.012060371707144362,-0.08290313946973066
2.0785823492382023,-1.402102082948008,-0.0007411936183020294,20.697721263832772,-0.015341021723435872,-0.0783652834145454
2.2571638669988903,-1.4168899224481577,-0.00047558555851242315,20.716643550009238,-0.0098525372360549,-0.07400196028455958
2.2323279715201942,-0.8800788581636418,-0.0005682219953370109,20.748931794006978,-0.011790000694005898,-0.06318091892219473
2.4832100505363366,-4.641185949370275,-0.00047447410850846026,20.766952631541372,-0.009853382075704471,-0.08150687606813518
2.565924639579693,0.007451368626914724,-0.0018730557900703342,20.79150617663579,-0.03894369657099152,-0.06754424205218056
2.177733732353065,-1.775593971418603,-0.0011209807440961386,20.813921823534127,-0.023332015346291566,-0.06841690667817772
2.0153020970041937,-1.786674806958065,-0.0014407758090841,20.837550292288626,-0.03002225915545708,-0.06963863715457375
2.352288390653352,-1.1322396904588918,-0.0013411961524586325,20.855926346124544,-0.027971904943405464,-0.0651007810993885
2.548842140337505,-1.3358897056586039,-0.0010042884140834358,20.88336874968636,-0.020972932333408998,-0.06073745796940267
2.2311399031620023,-2.000536510802611,-0.0014930635129151667,20.906741691116544,-0.031215116388266566,-0.06387905062299247
2.136928063742492,-1.573462741524059,-0.001804994493398821,20.93031550865043,-0.037779145266439135,-0.0656243798749868
2.360942614689796,-1.564700508399798,-0.00170009668125469,20.94902161179888,-0.03561539643115979,-0.06754424205218056
2.1930980945748444,-0.9362523027046934,-0.0017716608050261534,20.98125582196349,-0.03717170747130318,-0.06318091892219473
2.345345811917087,-1.0921776088243171,-0.0014252590296900155,20.994970022394913,-0.029923290864183924,-0.06056292504420324
2.115120209466162,-1.5356281131865184,-0.0014937031304772836,21.027045567613555,-0.03140818714781855,-0.061784655520599266
2.0885981811169887,-1.0633080603474552,-0.0015586060762466827,21.045660447986407,-0.032801920814247494,-0.06073745796940267
2.0501551061759433,-3.0132884857526476,-0.0014479103574872693,21.06428819032021,-0.03049922235717238,-0.06073745796940267
2.3064663620707595,-0.8443825168008642,-0.0019838983298981617,21.07928253021136,-0.041819208271898514,-0.06859143960337716
2.028252244077562,-1.3453886890440412,-0.001633987898577814,21.106777826911824,-0.03448825024073216,-0.06841690667817772
2.001167694062888,-1.0729987128506484,-0.0019295957523709855,21.130305713100785,-0.04077299875422144,-0.06649704450098395
2.1818524440366636,-2.2091018431823324,-0.001404359431172971,21.14398344053731,-0.029693772078223553,-0.0736528944341607
2.1026575161934784,-1.425112365676899,-0.001696897153267186,21.167709613089475,-0.035919460659860715,-0.07504915783575616
2.179083927432282,-0.6812359545392428,-0.001987208332996895,21.19156300106662,-0.04211210601848907,-0.06928957130417489
2.164480855872077,-2.2060168832587372,-0.001223385712115358,21.213733838071157,-0.025952591825626675,-0.0757472895365539
1.927093914085984,-2.0960872629685485,-0.0015728396598182843,21.22879610031174,-0.03338951997004249,-0.08098327729253689
1.9035462885589478,-0.6207463053755463,-0.001857945200142003,21.252356647048444,-0.03948575945852567,-0.07522369076095561
2.3183534226023146,-1.756561418971431,-0.0015604118213098622,21.271422052054717,-0.03319220536583674,-0.07749261878854824
2.123282766248594,-1.482558991353094,-0.0014364515553724306,21.29014905437546,-0.030582288757698976,-0.07696902001294993
1.886137879540518,-2.2543315810906117,-0.0017163385984603828,21.31392431077309,-0.03658194690050482,-0.08290313946973066
2.0491943146774383,-1.5790687467395554,-0.0018194794905323824,21.337836553528817,-0.038823798823622004,-0.08325220532012953
2.01463878271122,-0.9860708993594393,-0.0015169758473355006,21.356430084492846,-0.03239721347448105,-0.07923794804054256
2.1031799074760045,-1.6975187057704464,-0.0013880124252387458,21.37519481763624,-0.02966905505203485,-0.08028514559173917
2.162225675192399,-2.9509774426130146,-0.00108348906979387,21.3940825843654,-0.023180263709240447,-0.09040805525330627
1.9018170003420385,-0.6163092865311002,-0.001581836931887729,21.423018428992627,-0.03388775000823064,-0.08377580409572781
1.801045641873274,-2.6121422860179266,-0.0008730090896511859,21.43673378672604,-0.01871446820262341,-0.0921533845053006
1.9545238721509026,-0.7391441433185022,-0.0016044880867055757,21.457052780826672,-0.03442761510593199,-0.08447393579652555
1.8590173356271857,-2.3518039264369053,-0.0008942768837888668,21.47060016004211,-0.019200666522656482,-0.08848819307611251
1.6778002661776084,-2.5188000549923752,-0.0009836551011785882,21.494588789693534,-0.021143268729967947,-0.09407324668249435
1.4693607071591164,-2.3167565102937853,-0.0013091521975791606,21.510117332820826,-0.028160033464084286,-0.09826203688728075
1.333049566907038,-1.5578278730352157,-0.0014583901372536858,21.525507504870404,-0.03139261010081925,-0.0958185759344887
1.3290806648893427,-1.8811509651436376,-0.0012078180543944029,21.5358542562295,-0.026011406236173585,-0.09686577348568529
2.1184829726003156,-1.9168983389937218,-0.0008920704625614198,21.55461535717866,-0.01922824079255751,-0.09686577348568529
2.3927950434972063,-2.004219507910134,-0.001037001079788713,21.57030006482278,-0.02236843247671133,-0.09791297103688189
2.162794715679796,-1.503283640474097,-0.0011153926104815572,21.594406335949763,-0.02408625124342913,-0.09686577348568529
1.8545370282280775,-2.292105710799061,-0.0006212213351452507,21.613478341310408,-0.013426755599521556,-0.09843656981248018
2.1731370539835915,-3.324531920051953,-0.0005215082156194247,21.637288167697033,-0.011284024566154125,-0.1075122819228507
2.5621298421435426,-1.891223017389365,-0.0010539693901067415,21.657658370717968,-0.022826517436416595,-0.10506882097005865
2.3836958567552915,-1.1430156572961148,-0.0009494665940464594,21.682014881801354,-0.02058635500799814,-0.09861110273767963
2.066091571818556,-3.4365169330903425,-0.00020971903479125189,21.709723402901712,-0.0045529423043908805,-0.1096066770252439
1.7790964082945737,-2.1785293587257955,-0.0007341812241619687,21.730772870646284,-0.015954328294735243,-0.10890854532444617
1.6165053950261523,-3.2268228447683627,-0.000863732885126606,21.746185306256837,-0.018782900045968384,-0.11711159280881951
1.6711303633293275,-0.6036849991314865,-0.0012083858979448586,21.766867648654756,-0.026302788711480965,-0.10559241974565693
1.5806389866860815,-3.2890457032034472,-0.000311423969294776,21.780699683168727,-0.006783032168633751,-0.11397000015522972
1.652718521733758,-2.787174135234555,-0.000893079334874887,21.79338909216325,-0.019463230609662947,-0.11972958668681101
1.4080324236182538,-1.3977690277868131,-0.0008412792910603545,21.80938132120874,-0.018347785184925126,-0.11327186845443199
1.4224360577754485,-3.27747361092816,-0.0003314448615050542,21.828335239991098,-0.0072348898154360325,-0.11920598791121272
1.8361913112528554,-2.105532305734166,-0.0005184601997971104,21.835730970483056,-0.011320958456034187,-0.11484266478122689
2.0126661189158375,-3.5846694941823647,-0.00021996605171369774,21.859915092084353,-0.004808439291154683,-0.12322024519079967
2.0309703678934374,-1.8000107419744853,-0.0005491752534895557,21.88122106817556,-0.012016626334821645,-0.11972958668681101
2.206628103727535,-2.2104378077505733,-0.0004886356254517648,21.89752950986401,-0.010699913879488399,-0.11641346110802178
2.224542086555744,-3.312073273303898,-0.00035806181714859425,21.921744135021537,-0.007849339875502435,-0.12147491593880534
1.9857755505256425,-2.5065067283659044,-0.0006794020365638843,21.942982380944507,-0.014908109211696299,-0.12095131716320703
2.263171404041506,-1.5820039936691048,-0.00036962321279544735,21.967514544445493,-0.00811970367282354,-0.11414453308042916
2.195505245400561,-4.978000527504463,-5.781537766766124e-05,21.992062278782356,-0.0012714793877552184,-0.12985249634837812
1.9694245179079821,-0.29160742894808067,-0.0009981047265380952,22.010341643004374,-0.021968633321747782,-0.11309733552923257
1.8367968463975521,-3.8146072207078774,8.452329297684632e-05,22.024405200115996,0.0018615752578033293,-0.12252211349000194
2.0545607307035163,-3.4625604682338165,-0.0006062882450609107,22.05129354810697,-0.01336944170474215,-0.13002702927357757
2.347190783370669,-0.9780340494393469,-0.0009112137095157242,22.07273632480875,-0.020112985512365608,-0.12060225131280818
2.521801643263145,-2.3881128876885502,-0.00020691591376287497,22.09196286059808,-0.004571178747353262,-0.11850785621041497
2.2663851658965166,-2.4277791040473184,0.00011797074077474262,22.116472691275,0.0026090966788177602,-0.1165879940332212
2.206720199351432,-4.147232943374712,0.00044485369432246285,22.141190539706635,0.009849591058013718,-0.12374384396639797
2.249222608008259,-1.5595221621246498,-0.000474127226478597,22.15980563867788,-0.010506567974051478,-0.11850785621041497
2.4007760470721236,-3.561822514995958,-0.00014211252696396838,22.184588659079544,-0.0031527079752219876,-0.12461650859239513
2.447763393341554,-2.5277961254216565,-0.00043114133566686,22.20640582409405,-0.009574100060580593,-0.12269664641520137
2.327814531926223,-3.5310295728028116,-9.459436831669456e-05,22.2312422089828,-0.0021029503199266313,-0.12688543661998777
2.1980299033914847,-1.8845659800716617,-0.0007539932914252712,22.258349100139874,-0.016782649080052222,-0.12095131716320703
2.587204954360673,-2.0934696438406983,-3.704797413360619e-05,22.277545755489562,-0.0008253379392872122,-0.11798425743481668
2.7927501408974837,-2.2626120904195894,0.00013142265876979053,22.302525628607437,0.0029310572322679743,-0.11554079648202462
2.659067776305553,-3.915898345821026,0.00010242011099804248,22.332665658206345,0.002287314103593548,-0.12566370614359174
2.7899482882756157,-1.4633665793092343,-0.0005428574056638293,22.360378704854885,-0.012138498365759821,-0.11746065865921838
3.0178752017376786,-4.106402409523451,0.00018028530997584222,22.379552973282742,0.004034704688622118,-0.12793263417118436
3.2152912805264853,-1.0134813162906564,-0.00021112367703758132,22.415168375132193,-0.0047323728390867605,-0.11711159280881951
2.8929275199756392,-3.1329062469557774,0.00039100451091110533,22.448579265422584,0.008777496203640196,-0.12060225131280818
2.717189821905532,-2.4639922114604467,0.00013103759615763384,22.470618000784047,0.002944495783852364,-0.11990411961201045
2.9744403142876643,-3.825708510727235,0.00012133397471645673,22.50139536417852,0.0027301837496000944,-0.1291543646475804
3.21816125517645,-2.6211396985833737,-0.00025342384167649577,22.53739590464499,-0.00571151357381066,-0.13002702927357757
3.0005679294505994,-1.371935831417186,-0.0002556519748740698,22.568016631929208,-0.00576955814663902,-0.12164944886400476
2.6699577926371147,-3.3273533795831707,0.0007266294267889507,22.59600909686276,0.016418928027449778,-0.12775810124598494
2.9336789801725454,-2.200184924526775,0.0002903929131310783,22.62353735294673,0.006569715101922374,-0.12479104151759457
3.3006290151184423,-4.134373313399769,0.0006626781642914412,22.648632801497822,0.015008756605601109,-0.1340412865531645
3.1390324163583956,-2.035835547410413,0.0003074888874593652,22.68506003995622,0.006975404093475169,-0.12897983172238095
2.8778090885629304,-3.0870670171082617,0.0004955186198242744,22.715986400479526,0.011256195150389803,-0.13194689145077132
2.577661487964833,-3.738076355225622,0.000512264217060906,22.746883922500874,0.011652415702390019,-0.13980087308474579
3.035171684032179,-1.313018832375563,9.642207833061633e-05,22.774754180050454,0.002195989138314886,-0.1312487597499736
3.515285648872739,-3.398682745426694,0.0010177376221554091,22.794455620487856,0.023198783071211013,-0.13386675362796507
3.0276266938996255,-3.397446690812572,0.0008572173171024369,22.830888914578605,0.019571038136159128,-0.1382300767579509
2.6896439599634214,-2.593844026039076,0.0007016685547812967,22.86774343714495,0.016045579121937912,-0.13857914260834978
2.781582206162854,-1.9694811364935338,0.001094287158741817,22.89288192522107,0.025051396716747987,-0.13473941825396224
3.641943842645451,-4.65705760187657,0.0013049348206757283,22.92381078932009,0.02991409590135579,-0.14782938764391973
3.7106575111432227,-2.187210020012642,0.0010868190204675046,22.95258922891387,0.02494532036456305,-0.14224433403753786
3.259374475463444,-3.018975455027507,0.0015537324431225616,22.992074767809257,0.03572356124801473,-0.1434660645139339
2.8687146891378976,-3.2203360227710713,0.0014190797309790843,23.02871801768477,0.03267960890592585,-0.1473057888683214
3.429735542732608,-3.613769506728411,0.0015691782326684991,23.051620648502773,0.03617213103849163,-0.1525417766243044
3.8736991720934966,-2.746003807574089,0.0014432006907335294,23.088586093479798,0.0333214865324848,-0.14957471689591403
3.6329043784639548,-3.0628051353815686,0.0020993334843145296,23.128170324665877,0.048553813722328414,-0.1488765851951163
3.1204161491877347,-4.485630138870237,0.0021568273852835868,23.16521392808081,0.04996344526111793,-0.15952309363228173
2.8071797648546744,-3.5730245505163514,0.0016180792868895773,23.19998834833271,0.037539453364211654,-0.16231562043547265
2.8260340372333714,-3.5079356632796284,0.0017861086890095833,23.22299982981803,0.041478845889302375,-0.1637118838370681
3.022872436396395,-1.9818223366714707,0.0016073043982301606,23.25231499431068,0.03737358034337173,-0.15323990832510212
2.828216527275817,-5.666847448848395,0.0026317098541652345,23.285932103972844,0.06128195845901902,-0.1694714703686494
2.6170156818661665,-1.9791627400728775,0.002036293659603021,23.312965388699613,0.04747210922181011,-0.15952309363228173
2.4133112175266884,-3.421070286336056,0.002815437277654685,23.338601241774956,0.06570854156151835,-0.15812683023068627
2.3883438549677303,-2.5382400226053052,0.0027473902660921632,23.35367081521484,0.06416180930971346,-0.1488765851951163
2.756003324964803,-3.4264698632434483,0.003010061505229765,23.38510009492996,0.07039080218307872,-0.1466076571675237
2.693594697124214,-3.3759030859873618,0.003198833616482504,23.408393597532957,0.07487981175128557,-0.14416419621473162
2.477647465942972,-4.033172093949627,0.002871338631424292,23.437983868619142,0.06729857347438233,-0.14625859131712482
2.5475503766844136,-2.6203182831352985,0.002891739393689213,23.461866426270106,0.06784579250680832,-0.14625859131712482
2.7978191827490133,-2.402481676472501,0.002914939809401105,23.48556828642787,0.06845921184106102,-0.12985249634837812
3.0963530431173765,-3.6973243587986184,0.0030188446770272733,23.517095634086257,0.07099467464240493,-0.12950343049797924
3.09945969992998,-2.2258741020169848,0.003047795386629175,23.540852923724596,0.07174792509522988,-0.11938052083641214
2.7802011402403703,-3.608219232416847,0.0034102134746698013,23.580600589921023,0.08041519360379458,-0.11798425743481668
2.6992242923440273,-2.4457355692868337,0.002756037414362378,23.610191495264825,0.06507073587480583,-0.11187560505283653
2.9705534848034314,-3.22914082135232,0.0029590210150840725,23.628574794387525,0.06991765343498603,-0.1117010721276371
2.9669806466201627,-2.8095504212061915,0.0025647252852110747,23.6665133376475,0.0606982382571847,-0.1096066770252439
2.8150029876709257,-2.491235410579203,0.0024341830057256235,23.6903950689625,0.057666870972655875,-0.10384709049366261
2.7823084731831464,-2.260023238908871,0.0027221817071689746,23.716535354875692,0.06456087817179706,-0.09669124056048586
2.76581287601769,-3.4186785090517273,0.002500748585620271,23.748480883381987,0.05938910378120619,-0.10140362954087055
2.82990790215891,-1.5268703612784744,0.0022035522035466337,23.772478050234064,0.05238398117734322,-0.0937241808320955
2.5903041872381865,-3.3161887929455065,0.0025763637591817248,23.80656161015104,0.06133449826882875,-0.09651670763528643
2.5166652572160775,-1.7805123229361601,0.0022842970596342435,23.83077551657723,0.05443666512509715,-0.08918632477691024
2.641266233897174,-2.580545669796215,0.002154332535770578,23.84867165727802,0.05137804877059593,-0.08831366015091309
2.724580093159988,-3.2505773499682817,0.001946032816333709,23.881072783594245,0.046473409991754866,-0.09442231253289324
2.6322671068545027,-0.9194567048957816,0.001661603394690429,23.90539053336562,0.03972131461751548,-0.08307767239493008
2.5750921678920795,-2.9617638584518016,0.0018701106289621577,23.939476864274642,0.04476952232670806,-0.08517206749732328
2.6492576728974604,-1.649599293832344,0.001747640768285867,23.957617749163155,0.041869352115920515,-0.079412480965742
2.9293828569068276,-3.17861683549895,0.0018803367625760399,23.984155029292054,0.0450983415718095,-0.08587019919812101
2.70364620054572,-0.4999552488415758,0.0011004803610781282,24.014327575980452,0.026427306550189367,-0.07382742735936015
2.766473553626252,-2.0661209408673438,0.001646309680198832,24.042423302212775,0.03958130997742134,-0.07225663103256524
2.686612291830485,-3.1341329308032893,0.0016098459596113636,24.06871498963539,0.038746957051364245,-0.07906341511534314
2.7279756586669475,-0.006299460776757408,0.001167392928082823,24.093084304959252,0.02812610901012622,-0.0656243798749868
2.815961535144363,-2.354539886378292,0.001969652377974857,24.1293045828129,0.0475264036104769,-0.06876597252857658
2.716548149644572,-2.310979352371879,0.0015100383811278355,24.14760232249655,0.036463834034323864,-0.0715584993317675
2.7685671869117674,-0.32589728103432564,0.0013276082478023488,24.18015169705146,0.03210178768638715,-0.06021385919380437
2.9227083859793765,-2.5432232278783404,0.001704727719541501,24.20798259839026,0.041268058945983815,-0.06579891280018622
2.711126330403665,-1.4183073694427655,0.001352004696335108,24.240131183931528,0.03277279116910104,-0.06335545184739416
2.465687763827276,-1.9117629160812053,0.0014778267462343176,24.260296839340487,0.03585254164107945,-0.06544984694978735
2.5935156301425524,-0.5495028249027523,0.0011292909869278815,24.292848738921585,0.027433706789719178,-0.057246799465414014
2.5648688865883607,-1.2395880492726372,0.0015101367951722959,24.32083172531892,0.036727810797020435,-0.05550147021341968
2.5403094888279396,-3.01383583274044,0.001638588533929227,24.341090910142338,0.0398850681654634,-0.06597344572538566
2.798204862854531,-0.27606664518509455,0.0010427567247810522,24.36582287030268,0.025407634861758753,-0.05619960191421741
2.774948116109865,-1.0200906700099612,0.001426149542761863,24.39357753373433,0.034788913031817074,-0.052708943410228755
2.6849630755949887,-2.0770328368251456,0.0018098403494939965,24.421789795537833,0.044199588837745524,-0.056025068989017976
2.6028031890924406,-1.6552942382671783,0.0012198867739178947,24.446260365432295,0.02982168448433113,-0.057944931166211744
2.715602739516878,-0.807766440832908,0.001031779814852735,24.472736273602273,0.025250484261617,-0.054279739737023644
2.885077064298829,-2.5732012225420364,0.001418382186839872,24.500880201193514,0.03475163534381336,-0.06318091892219473
2.8916573746281347,-1.2531026094399413,0.0010871422216177716,24.533489701143925,0.02667140300518917,-0.0614355896702004
2.851444929613937,-0.3414526648608346,0.0009035834183415846,24.559924486676525,0.022191946561517066,-0.052708943410228755
2.8497727734771305,-2.4644508094764324,0.001292810704511058,24.58807568723202,0.03178774516136709,-0.060039326268604934
2.8316328049934314,-1.2924158963342798,0.0012862844482474738,24.6144511454726,0.03166120317201625,-0.05969026041820607
2.8317211002272837,-1.1067547961990178,0.0011067058029705264,24.640986379200942,0.027270333750327953,-0.05811946409141117
2.7182894661494146,-1.9711061471792481,0.0013550115909503593,24.675421364368127,0.03343550242346165,-0.06161012259539984
2.6836937873563653,-0.7468237201972261,0.0011784099393399446,24.701762802838818,0.02910881628007,-0.05637413483941684
2.7674717579849055,-0.6349612070737498,0.0013199289880964106,24.722233293721857,0.03263161132526863,-0.05183627878423159
2.821905650867223,-2.6882797247050747,0.001397276595765876,24.756621612353293,0.03459187048135628,-0.0614355896702004
2.514316377417093,-0.5717398563983861,0.0013991620208913332,24.782907438548094,0.0346753254827188,-0.05689773361501515
2.4611806881101495,-1.9457730955871757,0.0015431782520744354,24.803331913681955,0.03827599277165441,-0.06021385919380437
2.6266809164930467,-1.9121680433282564,0.0013729558154004272,24.829865917758227,0.03409033022757971,-0.06283185307179587
2.739194370475437,-0.40237833772472836,0.001064571492719527,24.862662203110023,0.026468091413419582,-0.05672320068981571
2.617572878971819,-0.8337108090220207,0.001462533793079477,24.890861948980362,0.036403752695201075,-0.05235987755982989
2.7384618390103515,-2.6100068171701665,0.0016100140999935266,24.91087208492787,0.0401068899541718,-0.06126105674500097
2.6423018828460827,-0.6716369133774573,0.0011323332091646562,24.943651101976002,0.02824453657209751,-0.056025068989017976
2.5961404507105463,-2.385712689931508,0.0012817114047023383,24.964092163077297,0.031996779154725305,-0.06073745796940267
2.6529463331212115,-0.9127735576847261,0.0011197699263547022,24.99038140559322,0.02798348924214091,-0.056548667764616284
2.7453962562941228,-1.452036198991705,0.0011338226677523942,25.01712292774354,0.028364993212333472,-0.05619960191421741
2.8103863421661117,-1.2301090901627312,0.0012253015749572503,25.05159829115398,0.0306957782031938,-0.05393067388662478
2.8036177741688393,-1.0698216213637826,0.0013780775037293756,25.071623751352654,0.03455066254540247,-0.050789081233034994
2.604643831099969,-1.7911529611698516,0.0012970567365165754,25.105786519626747,0.03256364779204896,-0.05358160803622592
2.6056670845888816,-0.9059348644727496,0.0008915569774194873,25.124617882982527,0.02240003431363894,-0.05044001538263613
2.4841523070798774,-2.261230896297216,0.0012968938863972062,25.152783650500943,0.032620509630720385,-0.05567600313861911
2.422088978042619,-0.6068380298366123,0.000585334266445479,25.177947312680427,0.014737517003974798,-0.05009094953223726
2.5690978805891707,-1.7493093175321115,0.000992431596007196,25.206127229081556,0.025015365287833526,-0.053407075111026485
2.5546460376063047,-1.5776980074108118,0.0008423413742619845,25.23286078603784,0.02125468765808257,-0.05637413483941684
2.477552060269329,-0.3007209692806569,0.0010008879976781968,25.253375523365165,0.025275808902436622,-0.04904375198104066
2.434189428583437,-1.2850118764856184,0.0011600427119762792,25.27342781209168,0.029318268891266017,-0.04921828490624009
2.2338607542967117,-2.360853613115613,0.001262785586141625,25.307395340365805,0.0319578310455482,-0.056548667764616284
2.455268603113984,-0.42084609120476923,0.0008678295749190393,25.326818817720024,0.021979367926394162,-0.05061454830783556
2.585388986345499,-1.8895625251812183,0.0010293840617599849,25.347668793912547,0.026092495475368942,-0.05672320068981571
2.226614016465297,-0.9877739592098578,0.0008863114340571612,25.37446588845306,0.022489685138938405,-0.054105206811824215
2.2768005877729927,-1.9284903097605919,0.0010493794722878879,25.394857536576136,0.026648851982440155,-0.05777039824101231
2.5020930879562644,-1.1724141497503933,0.0010831803976397312,25.42166709568506,0.027536262242616367,-0.05585053606381855
2.56315148591557,-0.7805277815066092,0.0009438124403369169,25.448720416047763,0.02401882605116773,-0.053232542185827056
2.333128689522315,-1.7464427556597497,0.001109283333058048,25.46897551895984,0.02825232164149673,-0.05811946409141117
2.232563272668377,-1.420820871405165,0.000972217247200901,25.495967015597987,0.02478762667643773,-0.059864793343405505
2.4262115944752076,-2.2480455710291536,0.0013137016975494035,25.516604508309182,0.03352122594204442,-0.06527531402458793
2.4585914470018295,-0.8300565472379908,0.0011045383908460744,25.535672518355476,0.028205142102736277,-0.0603883921190038
2.3828750555468043,-1.5496236320514671,0.001220098781944376,25.570174730273337,0.031198154523463938,-0.06440264939859076
2.345203215585912,-1.7889943927048835,0.0015639352689927478,25.59098164708836,0.04002267139643054,-0.06649704450098395
2.252951113397522,-1.4815168680543833,0.0011840918495730087,25.610095070459163,0.030324719012216967,-0.06579891280018622
2.2412654996402424,-2.261773603932098,0.0012289403837027098,25.63730420073841,0.031506734323042324,-0.06998770300497262
2.2224448233733747,-0.15873308880865747,0.0010264436613454427,25.65607404601609,0.026334523828110246,-0.06126105674500097
2.4257794693169967,-3.004319507654267,0.0019220958353988813,25.677976450733002,0.04935559237806834,-0.07138396640656808
2.4550096524648315,0.8586831797479553,0.0014222455245315184,25.703704536054403,0.03655700338924071,-0.05358160803622592
2.124243735379442,-4.740863349893217,0.002143846028584225,25.72529750169745,0.05515116137616026,-0.07417649320975901
2.1708103629422,-0.8769666053129069,0.0011002664837515825,25.74939003726321,0.028331202267503987,-0.06841690667817772
2.142643992261466,-2.176560390229737,0.0014508125183037585,25.77027313087969,0.03738786109042418,-0.07138396640656808
2.317080940317071,-0.7694146470477117,0.0012557605214757283,25.789675786698364,0.03238567373795803,-0.06405358354819189
2.360689850918545,-2.1838940322795892,0.001681808608109163,25.81750666873874,0.04342014589308248,-0.06806784082777885
2.3848357377556626,-1.1270979757030541,0.001192469409876303,25.84343589609995,0.030817521359533268,-0.06492624817418906
2.4231164685330246,-1.8535630696742689,0.0015462915143835438,25.86392892221638,0.03999320569586492,-0.06736970912698112
2.2616700843676516,-3.6403738962112677,0.0016047903617825638,25.890862344052795,0.04154944201612882,-0.08098327729253689
2.140952997831564,-0.3819418348833316,0.0008724356811552826,25.908969588860256,0.02260391526623405,-0.07068583470577035
2.416364218831185,-2.4197004917975047,0.0016520281620769745,25.937116546127466,0.042848885958300026,-0.0762708883121522
2.3921465983486776,-2.026909221121502,0.001466179607696396,25.95694630969394,0.03805757262791514,-0.07976154681614087
2.346729790278841,-1.4202987348066296,0.0012816789742660089,25.97630325723212,0.033293299944266344,-0.07644542123735164
2.0686052793541143,-0.8603036495432014,0.001521580347519088,26.002802969515496,0.03956538451284562,-0.06928957130417489
2.080790970386542,-4.209441614003848,0.001881402340127568,26.023089921762185,0.048959960043612166,-0.08709192967451705
2.372201435262104,-0.9265925661502968,0.001041230341030196,26.048082022002205,0.027122063128510204,-0.08709192967451705
2.061847196730504,-2.2523701994907936,0.0014032271491577653,26.068883511997676,0.036580589101895676,-0.08464846872172499
1.9400566516196522,-1.2739429689544723,0.0013999804460211247,26.08814865208513,0.03652292184679038,-0.08168140899333462
2.177746655477953,-2.25463829570233,0.0019379715293743774,26.109191485697366,0.05059893309965313,-0.0841248699461267
2.3567737208360686,-1.7541762678241375,0.0019369463835413158,26.12883663963278,0.05061021892778117,-0.08395033702092726
2.096311336383297,-1.7605951485673788,0.002185783333835778,26.15590728803615,0.05717123727960291,-0.08203047484373349
2.1111680332424143,-2.2722817611194173,0.0020129306389781885,26.174996057593503,0.05268852270217764,-0.08360127117052839
2.4573059226195526,-3.2273297268224477,0.0020158865188146156,26.194517074358558,0.05280524536703628,-0.09442231253289324
2.3410290715850626,-0.8470767683804761,0.001905431446995812,26.22124959581752,0.049962854025606636,-0.08691739674931762
1.9591231428805411,-2.218303946452794,0.0024488649943401643,26.241591071215275,0.0642622422290717,-0.08883725892651137
2.2166348072124844,-3.1654250928053824,0.002455729516615221,26.261593050124812,0.06449149884755209,-0.09564404300928926
2.126349708718246,-0.7708758501431239,0.0021760475773936762,26.287674768859777,0.05720332128551797,-0.08517206749732328
2.3355287568322827,-2.034433547635448,0.002722115437286129,26.30839815119997,0.07161467362389266,-0.08674286382411818
2.2997460295148007,-1.7801380840717935,0.002981566247546747,26.335686124717636,0.078521825535048,-0.08621926504851989
2.123510119917915,-2.397029753372704,0.0029937833870705777,26.355001964055763,0.07890140277056922,-0.08848819307611251
2.0136101332185277,-2.7811703891845134,0.002832663510702329,26.375060200898144,0.07471187045268361,-0.08970992355250854
1.9816473185644223,-3.3382319199854145,0.002847371776870295,26.395069761721693,0.07515677980000834,-0.09704030641088474
1.9305853367678374,-0.6613138920530472,0.00250381415827913,26.41342858812673,0.06613445466855092,-0.08656833089891874
2.1921776544466978,-2.671144426518824,0.003055264178097086,26.434201839830088,0.08076372125804342,-0.08970992355250854
2.05752703912186,-2.3087672800871677,0.0027893534592623444,26.46117006069591,0.0738097476704321,-0.08726646259971647
2.032340080431629,-2.155759742854675,0.0028095839208589165,26.48136246338928,0.07440180594972318,-0.08377580409572781
2.0320605356970205,-2.906845359035024,0.0026566421348068053,26.500738402914642,0.07040314387395641,-0.08831366015091309
2.4401324405579117,-3.174565138407002,0.0026794462286233974,26.520689586444583,0.07106093175201678,-0.09354964790689607
2.198387181508952,-1.336099883141014,0.0023462363396619876,26.539869352069243,0.06226892018358363,-0.08395033702092726
1.9639341195193618,-3.333204257708709,0.002446726635613154,26.567067762672593,0.06500248203695189,-0.08831366015091309
2.145562953496322,-2.013185888822249,0.0022244074520953983,26.579755618077705,0.05912430398721773,-0.08447393579652555
2.1721834380070897,-2.2411790003136396,0.0025020065553625808,26.607566144501366,0.06657244383116001,-0.0841248699461267
2.174489669403746,-2.37402129315524,0.0025315815949719903,26.62739969052303,0.0674095789857568,-0.08325220532012953
2.210011348116006,-2.707430368495371,0.0022820395706395703,26.654517073036356,0.060826768286274015,-0.08587019919812101
2.1662259829993893,-1.390574032636968,0.002314578257876125,26.674092400031697,0.0617393845693008,-0.0788888821901437
2.099600379157075,-3.4955840286538553,0.0021738141083015657,26.694064663489556,0.05802802577662534,-0.08883725892651137
2.0174872909066464,-1.5686357796535502,0.0019298475297651171,26.72151222576621,0.05156850837956192,-0.08360127117052839
2.0549173743655116,-1.1649150269026487,0.002245070449005319,26.734458445393994,0.06002084346779444,-0.07696902001294993
1.949140332843427,-4.547446153333491,0.0026358725958428183,26.75521845440925,0.07052351044816188,-0.0937241808320955
1.8506046721364537,-0.08255468777052609,0.0017938886035531439,26.77403844944205,0.04802969396599207,-0.07958701389094143
1.8871639461718515,-2.6989963259078475,0.0024641867608076098,26.788675340277315,0.0660124327270641,-0.08360127117052839
2.08696817567035,-1.0404048992118549,0.0022280972337822536,26.81507597694303,0.05974669547709633,-0.07801621756414652
2.084951886063483,-3.3904565132321682,0.00262236656224117,26.836176860618426,0.07037445417491524,-0.08848819307611251
2.0661324525249882,-2.500719898880264,0.0021397739456521236,26.856168623988445,0.05746621760724189,-0.091106186954104
1.774867518884158,-2.3427812674777653,0.0021847760515759677,26.876234989085418,0.05871864798690326,-0.09285151620609834
2.212402873167347,-1.1633799267693294,0.002405508341997741,26.896627015768615,0.06470018545331699,-0.08569566627292158
2.1850551571675667,-2.7939713682283416,0.0029777901778236045,26.917363046887324,0.08015449621030703,-0.09005898940290741
2.001285531280917,-1.1673315161021174,0.0025017076541768,26.93684856249317,0.06738826081231776,-0.08377580409572781
1.9976758922817277,-2.974831508887963,0.00290117294910891,26.957870310159834,0.07820966353469387,-0.09180431865490173
2.1138813859731904,-2.0196468613865757,0.002876423478731564,26.971234232913126,0.07758090536131383,-0.09040805525330627
1.9503189882033525,-1.5613988498230564,0.003178456099588907,26.998964262718093,0.08581531162905508,-0.08569566627292158
1.9467138460915263,-3.680616859003967,0.003057118382663344,27.020050640926456,0.08260375085250078,-0.0958185759344887
2.01928448984775,-1.55308558533594,0.0027636373685954872,27.039269908822828,0.07472692698673095,-0.0926769832808989
2.0055696972701695,-1.0693861071700943,0.003091697348332782,27.053213551449282,0.0836406150965846,-0.08395033702092726
1.806310646124185,-3.46379517890754,0.003224221670120639,27.08137710457961,0.08731666548736997,-0.09232791743050003
1.6641098009569668,-2.076413508785012,0.0032066717996870973,27.094457456241305,0.08688333045263748,-0.09180431865490173
2.116412808574448,-2.4479411763595373,0.0032659270453943238,27.11563983666539,0.08855801635747824,-0.09232791743050003
1.852230853943412,-1.2140226595289232,0.003326488289701254,27.136113684936305,0.09026829735653541,-0.08342673824532895
1.7614415409361905,-3.278936811701579,0.003483824048810454,27.150123143308324,0.09458663460207313,-0.09145525280450287
1.831058316967685,-2.7136111920979205,0.003026186085499368,27.17094015972134,0.08222457204022751,-0.09389871375729493
1.9561447402949552,-1.4148416934178287,0.003090287918448661,27.192167759857586,0.08403189500304227,-0.08482300164692443
1.5851762778677077,-1.7889072572114517,0.0031556777391553176,27.212746510711934,0.08587494344152626,-0.07923794804054256
1.7629500721979914,-3.603073097806105,0.0033161731738019762,27.22722452979835,0.09029052255813791,-0.08517206749732328
1.8081513688981625,-3.2128678872472354,0.002864849534649728,27.247412806309992,0.07805995145413179,-0.09040805525330627
1.7779668931186763,-1.8078293560896117,0.0026828881403533835,27.26196746189048,0.07314098467318084,-0.08482300164692443
1.763516112753738,-2.781670411654539,0.0025784731587207284,27.283941230657057,0.07035106603767848,-0.08517206749732328
1.7868208226289946,-2.1412003886569773,0.0023988549712453335,27.297342984500425,0.0654824925266533,-0.08063421144213803
1.904938165137845,-2.6893215612268224,0.0022969939631120088,27.317636083084327,0.0627485555269587,-0.08168140899333462
1.9032359614732328,-2.6571988028741136,0.0023706757619059043,27.339328705739817,0.06481280532774734,-0.08272860654453122
1.650349798858061,-1.763820087264214,0.0020199874183717006,27.352948874288778,0.05525268773153432,-0.07801621756414652
1.8895153538522165,-1.4041652942924348,0.002096160831707799,27.373345586655013,0.05737901889060929,-0.07086036763096978
2.0336451033098286,-3.344322991830868,0.0025150511147240843,27.395205174580394,0.06890048658874977,-0.0783652834145454
1.8163047600143065,-2.642698499791248,0.0019030508344896615,27.416342939553758,0.05217475729519784,-0.08150687606813518
1.8621450855870656,-1.7876430547081628,0.0017314334725633158,27.429287931316694,0.04749203471105486,-0.0783652834145454
2.073947222424748,-1.9223099212320849,0.0016378807376118438,27.450518605622594,0.04496071586628306,-0.07679448708775051
1.9041379040686701,-1.946786582241818,0.0019714620716359734,27.47800053426343,0.05417190604035375,-0.07592182246175334
1.9703372740818392,-2.634243281390246,0.002143094402237741,27.492877974749685,0.05891992309264624,-0.08063421144213803
2.171597490588244,-2.0365381893109675,0.0017133495907643184,27.512900633128154,0.047139263167337464,-0.08080874436733745
1.9200393420977773,-2.95516711391697,0.001799060316916502,27.533290919526856,0.0495341045284416,-0.08779006137531478
1.929078632875842,-1.9606741331554085,0.0018858957207444056,27.554640879361283,0.051965240927622454,-0.08691739674931762
1.855895936915293,-2.439977113088658,0.001973917400530797,27.575942483926795,0.05443270340136414,-0.08936085770210968
1.8657920666978929,-2.0030511200748853,0.0018115575008798757,27.588742693015927,0.04997864843770938,-0.08901179185171082
1.8791887543329122,-1.4693584356759337,0.0019019332975117275,27.61007836316742,0.052512590704642835,-0.0841248699461267
1.6109590598589234,-3.8843603112362297,0.0025052332263253286,27.631572983360503,0.06922367955401158,-0.09546951008408983
1.790284431126192,-1.4769431951684886,0.002008871006449261,27.64505649505787,0.055535427170160204,-0.09302604913129776
1.9695783378416252,-1.8546990239322931,0.002362055228553411,27.659360657085273,0.06533305896291003,-0.08936085770210968
1.6181384863173445,-3.5069629993813676,0.0024567723873336,27.680241781387473,0.0680041905016093,-0.09773843811168247
1.5839586493444842,-1.8815849794697936,0.002475043566678519,27.69481750385958,0.06854601986065223,-0.09529497715889039
1.9014935296791162,-1.2501424241114432,0.002572106189905251,27.715631477132114,0.07128770448627472,-0.08901179185171082
1.788901728305411,-2.4247485510799676,0.002928132263451732,27.729982787583722,0.08119728932614882,-0.09023352232810683
1.613884392340381,-2.1115133321309116,0.0030270506169410467,27.751721523954554,0.0840061223441115,-0.09023352232810683
1.8564545140931303,-2.6069237789437594,0.003127131339462155,27.773488689911638,0.08685162999453266,-0.09250245035569947
1.8727652000889667,-1.9288625688634435,0.002976402704129932,27.786769348666834,0.0827048596552587,-0.08883725892651137
1.8058401333714176,-2.6920456055876585,0.003078815616346514,27.80852875985782,0.08561760313974281,-0.09058258817850572
1.7466258277721969,-2.259428225661813,0.002930170728519607,27.822780704033075,0.08152573092904934,-0.09075712110370514
1.5916952895962826,-2.0897006924083064,0.0030350047727783704,27.843644277627707,0.08450585274259313,-0.08970992355250854
1.5102791745985849,-1.834809628307087,0.0033960024249874666,27.85945363212475,0.09461113580526087,-0.08429940287132612
1.7278276229823721,-2.3177478899714177,0.003250204918571536,27.874713804773467,0.0905988509359539,-0.08342673824532895
1.8958084375893673,-1.2624032083145647,0.00343829936364121,27.88853112938639,0.09588949670078248,-0.07819075048934597
2.0659051124266705,-2.927890896690519,0.0035469304743165624,27.90991674072599,0.09899494936610805,-0.08203047484373349
1.6552454889511157,-1.8327243077105022,0.0034823795588882988,27.930856047814938,0.09726623534496835,-0.07819075048934597
1.4665096794169052,-3.1264481078248108,0.003593243814572796,27.95287394322443,0.10044192367838467,-0.08499753457212385
1.448678880636359,-1.022108442544797,0.0032784197799118984,27.967343344784037,0.0916890201056668,-0.07557275661135447
1.6583775956334972,-2.124346028036725,0.0034700268033482353,27.98179861384477,0.0970979809179601,-0.07557275661135447
1.7984092321422196,-2.204214364169518,0.0035836767242804963,27.99089066703075,0.10031073279720147,-0.07452555906015788
1.8319324837269784,-2.3351711428256805,0.00352418766880715,28.011406241191192,0.09871786115010465,-0.07644542123735164
2.1808039933195005,-2.3692290364216713,0.00346570459274073,28.033060271016907,0.09715469470867324,-0.0783652834145454
1.480301748771524,-1.522876841390703,0.003582883175796846,28.05364092782894,0.10051334819888641,-0.07208209810736581
1.411074996273449,-2.919499426724772,0.0037777742851040647,28.068283311015577,0.10603614335423314,-0.07731808586334879
1.7219032297571089,-1.5548680708136131,0.00321665598821793,28.07660578639886,0.09031309361798825,-0.07382742735936015
1.8171441827978096,-1.8654004006815463,0.0034152288053884163,28.10539969725945,0.09598674382299584,-0.0736528944341607
1.8735708659581074,-2.0487365769010095,0.0033592221082572016,28.113662682672956,0.09444039246153141,-0.07330382858376185
1.9790733564098566,-2.6561971770923924,0.003481272776331269,28.134893940107354,0.09794563601519726,-0.07696902001294993
1.8501548232674088,-1.9147226398842452,0.0034301670519320763,28.155577270579172,0.09657871226515596,-0.07347836150896127
1.3824049720878862,-3.7961263641260388,0.0033801876757203826,28.176336821058726,0.09524166920301907,-0.08691739674931762
1.730770981909235,-0.10831374630095586,0.002750884938685004,28.19254761592902,0.07755465024810909,-0.07068583470577035
1.5622624155392426,-3.546322463884597,0.0034530794512504623,28.205959868357787,0.09739780754048162,-0.08325220532012953
1.7489254281579076,-0.6603667888870036,0.0030792022944606643,28.229793235876723,0.08692551883195433,-0.07347836150896127
1.5609284649697897,-2.718052606754314,0.0035287215607029397,28.237943632534588,0.09964425411234298,-0.07661995416255106
1.764647673117581,-2.370766352057373,0.0032305226566057606,28.251761114581026,0.09126827187019959,-0.0762708883121522
1.9198377591633642,-2.7059468133037106,0.0033609647942663174,28.272530169323044,0.09502333634140399,-0.079412480965742
1.6339942427421768,-1.7161868047170104,0.0028183311622364793,28.29415324380043,0.07974250492752968,-0.07661995416255106
1.4830756895729234,-2.17262445082683,0.0031974111265411142,28.308966136443644,0.0905157117663372,-0.07644542123735164
1.241521525845379,-1.642201755013497,0.003402554595738962,28.324397830274314,0.09637568193511838,-0.07330382858376185
1.969092869866793,-2.292486952780249,0.003354770686507846,28.33345956196302,0.09505261617555391,-0.07539822368615504
1.6096238990129124,-2.419405383341125,0.0030704677281263634,28.361993514813737,0.08708485946480538,-0.0762708883121522
1.7397065709458028,-2.8924198865097996,0.003198638577723424,28.36927627105262,0.09074337097677063,-0.08185594191853406
1.8589705385323998,-0.9696028014791849,0.002917320082317086,28.397966427459895,0.08284619278385205,-0.07260569688296412
1.5245373437722876,-2.22912774566191,0.003126028796651502,28.412810382748603,0.08881955276700836,-0.07347836150896127
1.6651849211755811,-2.139825091916707,0.0033352263646710956,28.4276626953611,0.09481304166618633,-0.0747000919853573
1.6334533230687551,-2.479477263289188,0.0032220601567893564,28.443456360062665,0.09164684460850384,-0.07504915783575616
1.1830433733387815,-0.849153386650033,0.002935727761919904,28.458053085631676,0.08354533650557491,-0.06702064327658225
1.4940360958637573,-3.660170998221118,0.003643336045228457,28.473795461837856,0.10374006436264417,-0.07853981633974483
2.119509460678942,-1.3927338991163272,0.002862109013275024,28.49004887638082,0.08154184833244044,-0.07417649320975901
1.717554248227284,-1.3764836948656092,0.003074719499112715,28.503134810895208,0.08763942056717795,-0.0715584993317675
1.3511833876449824,-2.017049773888114,0.003299251868298159,28.532811711843184,0.09413727391172838,-0.0715584993317675
1.3133174736336142,-3.653957682521617,0.00325923484456407,28.540893886857393,0.09302180522945896,-0.07923794804054256
1.3586600644609035,-1.0685190373522615,0.0028987856427852314,28.54873429162977,0.0827568928853006,-0.07260569688296412
1.5421842305413396,-1.9310791894479673,0.0031136072560479064,28.564356460322013,0.08893847494555165,-0.07312929565856241
1.500866157847908,-2.3120203506470287,0.0030882053582854327,28.587196367384585,0.08828341365362836,-0.07522369076095561
1.5342660669723742,-1.951266969363497,0.003050377686278976,28.595360263706944,0.0872269194228184,-0.07487462491055674
1.3150423062897898,-1.9228173174853112,0.0030269658506279513,28.61698596675825,0.08662290383086635,-0.0715584993317675
0.9481382334877503,-3.260781828118015,0.0032442956619524272,28.632009225149027,0.09289102922912386,-0.07958701389094143
1.4005099412593005,-0.6070639951330674,0.002888776674995897,28.641333597181717,0.08273864658862426,-0.06824237375297829
0.8681450636172402,-2.1588485771266046,0.0033466177530452317,28.648431246367284,0.09587570653744533,-0.07068583470577035
0.826819472000126,-2.1225270748431067,0.003311069046531793,28.65802803912621,0.09488905633712338,-0.07347836150896127
1.0347927467446347,-1.6483445730267519,0.003275918355016883,28.667657154343594,0.09391324021521413,-0.06946410422937431
1.2508845874763987,-2.9268964271041322,0.0034957022828143412,28.682696358541925,0.10026657555515193,-0.07330382858376185
0.6085008421765458,-2.0859425897633894,0.003223660002013608,28.696314236271178,0.0925074808543175,-0.0736528944341607
0.43312693497016774,-1.8298287417126393,0.0029356182842896587,28.697910938913846,0.08424635408094387,-0.07190756518216639
0.9817162470862366,-2.3738482178190505,0.0029023273776274346,28.707639022644724,0.08331920062914452,-0.07417649320975901
0.8335614290677509,-2.091450701079812,0.002869708118408579,28.714684343153458,0.0824029889795877,-0.0747000919853573
0.6488297102807778,-1.6793973569321434,0.002837211232334966,28.724516656206355,0.08149773997978713,-0.07243116395776468
1.253891034758873,-2.0680297732283828,0.002805257778469884,28.732925597605895,0.08060347446656504,-0.07086036763096978
1.7896897273292245,-1.9130392604670166,0.003203304954813728,28.7454831128739,0.09208086343643715,-0.06981317007977318
1.4655020888674406,-2.313742216913397,0.0031910049063583867,28.76812660932615,0.09179954474064204,-0.0715584993317675
0.8632958903391724,-2.531929629367976,0.003160753868616021,28.776052687523116,0.09095432274475027,-0.07522369076095561
0.8433588580210216,-2.530404594178962,0.0028951618246479236,28.792034757997335,0.08335783278614883,-0.07679448708775051
1.1490680066826904,-1.685719691691969,0.0027849944203614117,28.791915764099095,0.08018553206615107,-0.0747000919853573
1.5008383257866704,-2.1352444807886277,0.003011472502613206,28.807373470344906,0.08675287533158868,-0.07609635538695278
1.6806890115841604,-3.917769688302883,0.002922459167150508,28.823394987259576,0.08423543472081005,-0.08988445647770797
1.4611034300233086,-1.2917579964834471,0.0025789113628711556,28.832086005176393,0.07435555905501721,-0.08377580409572781
1.0906192334408735,-2.5381754966391434,0.002981829034377822,28.845460178091507,0.0860124855902372,-0.08709192967451705
1.3573178396239083,-2.3867973117818706,0.0028957779159113927,28.85889795212971,0.08356919295809924,-0.08918632477691024
0.8860104814247319,-1.7500071251085252,0.0030442095738418946,28.864989799033758,0.08787134973604173,-0.08761552845011535
0.5282012087638034,-3.1125252417418494,0.0034486926105394516,28.88048269363196,0.09960030211941187,-0.09529497715889039
0.4325280931751976,-1.8408684608789205,0.0032828161772099837,28.891865677935176,0.09484702475594792,-0.0947713783832921
1.01750245713595,-3.7325263295408826,0.0036648677612247504,28.895080924988566,0.10589712465084865,-0.10367255756846318
0.7950221518607016,-2.9912238019348636,0.003268170212025447,28.90925370708837,0.09448069819841237,-0.1075122819228507
0.34915266393411637,-1.524484614829215,0.0033367280594255116,28.909307680653974,0.09646285611477726,-0.10088003076527226
-0.004674182503831575,-3.2592678788537603,0.003893763413997842,28.90996154283116,0.11256911945770852,-0.10646508437165411
0.030037723298383022,-1.2881198889053884,0.003730770169713371,28.918835300552317,0.10789002864365974,-0.09756390518648302
0.02213035654157115,-3.457941765238683,0.004287819904751798,28.920798118712234,0.12400793381412376,-0.10541788682045751
0.6544611642020389,-3.411534020069148,0.004099163784825265,28.918247386719063,0.11854129636448084,-0.11047934165124106
1.2197055312741867,-2.7511249727457425,0.00393720653511221,28.92780878540591,0.11389534631683983,-0.11100294042683936
0.9050276783206955,-2.891457038661762,0.004264157016778909,28.93525304104488,0.12338521012735204,-0.11187560505283653
0.402471008889381,-2.277127184609657,0.004277951607628617,28.94354225291157,0.12381982844909094,-0.10663961729685355
0.4230005021567287,-3.2472338596438517,0.004605808715263887,28.951645658215014,0.13334668481064565,-0.10890854532444617
0.7522167894705476,-2.1541392098524406,0.004417689072780095,28.948000499968867,0.12788409741631793,-0.10367255756846318
0.9618527995803177,-3.9724492296378906,0.004745955573570012,28.957478664261803,0.13743193910805648,-0.11135200627723822
1.213693938828901,-2.1726963217658297,0.0043585060925056705,28.975449545988624,0.1262904730757911,-0.10559241974565693
1.318217340131398,-3.2296967955473845,0.004688088405657003,28.984343260920063,0.13588215906908926,-0.10681415022205297
1.247136717727765,-2.8895136241297936,0.004531597216055035,28.99208767252262,0.13138136310743814,-0.10402162341886204
0.7111207677089313,-3.72849115605223,0.0046347204271861885,29.006528343067124,0.13443811204001513,-0.1069886831472524
0.9914529522579899,-2.8596439906197686,0.00447939256726448,29.01791629652087,0.12998350794850067,-0.10629055144645466
0.9377605287639608,-3.071305721613845,0.004324973164074576,29.028594438405648,0.12554867475031362,-0.1075122819228507
1.2233430746541698,-3.1881059445590596,0.004657354862811771,29.037653896438858,0.13523963640623043,-0.10716321607245184
1.6559655326986027,-3.9685443819747355,0.004678505197570549,29.048390726523944,0.13590403857102834,-0.11274826967883368
1.5061573743943972,-2.083133030291864,0.004300707231082201,29.064654241721243,0.12499933933326353,-0.10384709049366261
0.7921589843334939,-3.947912062998228,0.004409869332379641,29.078475361173982,0.12823310797618323,-0.10821041362364843
0.5861044711024584,-3.716976136710982,0.004259717497361843,29.0894696713943,0.1239136724282953,-0.11397000015522972
1.0308368406810384,-2.943733413855408,0.004024505649255365,29.09388833957242,0.11708915013259073,-0.1117010721276371
0.9868099907817208,-3.7089485106938764,0.004360581359530004,29.102379026474313,0.12690409584833312,-0.11571532940722405
1.0241984505282347,-2.5508574817699263,0.004162716559850215,29.121015057688055,0.12122323181493297,-0.11152653920243767
1.5119285135764378,-3.9319774508244345,0.004239213303942246,29.12516889835484,0.12346854308918202,-0.1137954672300303
1.2393679696104412,-3.1005482218037823,0.0038701404887656727,29.13954595421807,0.11277469966823986,-0.11239920382843482
0.7617420584009899,-3.7355628709468855,0.0041601737178352865,29.15504140616327,0.12129073672922153,-0.11484266478122689
0.9769012881928427,-2.690361053068003,0.0037547512193342935,29.15990419792998,0.1094887003729513,-0.11030480872604163
0.784679766584071,-4.911727419130134,0.00426855758851549,29.169248393876778,0.12451137280719891,-0.1223475805648025
0.8344299475222315,-3.5690274587981228,0.0038167982064230303,29.180407598695606,0.11137626822716797,-0.12426744274199626
1.2012717532351675,-2.436999738009797,0.0035873178678199136,29.184677727609497,0.10469516498131136,-0.11850785621041497
1.381819419276173,-4.150953590584478,0.004103022666208031,29.19269378983981,0.11977895645952995,-0.12601277199399058
1.4406095520953306,-2.0303821819295877,0.003916099544819775,29.21042692792559,0.11439152436024415,-0.11588986233242349
0.6171285370235577,-5.463849257487697,0.0044334130420874114,29.21647321790314,0.12952954205007272,-0.13264502315156906
1.0866628014238395,-2.970981759231063,0.004160874219494334,29.22868607366728,0.12161758820442989,-0.1312487597499736
2.039912694419364,-3.5360121592617033,0.0041971431055957496,29.239666960637596,0.12272378722910009,-0.1312487597499736
2.193156978206707,-2.5797409773299727,0.004189769424041489,29.257581023660734,0.12258323567742026,-0.13351768777756623
2.073976561549158,-5.079892753499615,0.004927537619851122,29.28191451044291,0.1442889031417078,-0.14556045961632708
2.027919139010027,-4.403181722625923,0.00444306227034037,29.299805647927037,0.1301817176342563,-0.15027284859671178
1.9553319770547954,-3.9925772219509277,0.0046153309059680046,29.31708794627171,0.1353090228245398,-0.1541125729510993
1.6119371357422847,-3.9123132699153174,0.0047895681322881545,29.332992678592266,0.1404934412644467,-0.15533430342749532
1.1370604821306378,-4.118965665616955,0.00496518533281467,29.351162970474267,0.14573516149017546,-0.1610938899590766
0.43608027868229743,-3.2622151183182724,0.005142061021905352,29.372082507886947,0.15103437175445356,-0.15812683023068627
1.0251813944849868,-5.31949873350894,0.005487603187172602,29.371970861087707,0.1611833388610988,-0.16755160819145562
1.3756482384243127,-4.479953793334179,0.005403592474769095,29.383104993514074,0.15877587038688815,-0.16877333866785166
1.4466147298147962,-4.093557041360045,0.005495133848858663,29.394328622406075,0.16152739603452201,-0.16912240451825053
1.1455323021503026,-4.41369900239237,0.00585238847841619,29.41184924611976,0.1721315328555974,-0.170518667919846
1.2247865963936815,-4.038112546118913,0.006160056851339577,29.416875063278592,0.18121191489160168,-0.16772614111665507
1.5126086597677169,-5.136856952356757,0.006345350849760208,29.437491205534965,0.1867937168307784,-0.1715658654710426
0.9576172551332193,-3.079465609961509,0.0064420707680250735,29.45040530777154,0.1897242196827598,-0.16388641676226756
1.8294999789655477,-4.467915543047763,0.0068428596014558,29.46253355332694,0.2016111274137892,-0.16563174601426187
2.245682081555458,-4.448052081652168,0.006942567918531185,29.473440394592437,0.2046246493276314,-0.16772614111665507
1.8940173446799564,-4.724460550837036,0.006923972472039319,29.49851885085677,0.20425019651279988,-0.16790067404185452
1.285382132926966,-5.135564446345031,0.007292459161778938,29.51728510308967,0.2152574119879602,-0.1699950691442477
1.3414832265733465,-4.1096059702013354,0.00713105142777537,29.524612281218673,0.21054509744695615,-0.16667894356545848
1.417193532923752,-4.562431780109929,0.007328797571359263,29.54285724473233,0.21651749691694464,-0.16859880574265224
1.3463998601606255,-4.534337424754582,0.007436371830395297,29.555089515582406,0.21978668650727895,-0.17348572764823636
1.6975952305738464,-4.945342459844249,0.007811183191650735,29.575664723070926,0.23102563383008726,-0.1764527873766267
1.6230144217257725,-3.0088185146250637,0.007922047322039227,29.587355567293145,0.23439733445972974,-0.16772614111665507
1.359555185000448,-6.009301958905942,0.008508661358053792,29.59653276063934,0.2518329520056028,-0.17819811662862106
1.0343848304542158,-4.585525146125398,0.008322776228390876,29.60950497911093,0.2464389743620964,-0.1764527873766267
1.6276122143510352,-4.224379811920894,0.00864392337253653,29.614988345906763,0.2559960657601158,-0.17435839227423353
1.1609775847138122,-4.594784065056906,0.009027533045091353,29.63311325158109,0.26752117648046764,-0.1741838593490341
1.3713745574609009,-4.8742337315297215,0.009144980348928551,29.646729577913465,0.27112631760029005,-0.17837264955382048
1.8853664852377467,-4.876459884076127,0.009263926745639903,29.66035104803754,0.27477917995139167,-0.18116517635701143
1.8757518801613222,-5.160127180042384,0.009559048037206096,29.67258804747168,0.2836503341408278,-0.1853539665617978
1.9268815099433094,-4.8765837643059,0.009652170715950835,29.692281207392814,0.28660386764079876,-0.18709929581379214
1.8572681901496755,-5.400720345962477,0.009950615886359288,29.70540370553977,0.2955968182364559,-0.19198621771937624
1.736619640017904,-3.9937481573806086,0.010048014371708318,29.72662988043687,0.2987036569606435,-0.18622663118779495
1.859518925506259,-5.750378068195783,0.010444044866133225,29.747187955853978,0.3106922623054915,-0.19390607989657
2.110255788769373,-4.967622829998806,0.010451699030895305,29.76262930076699,0.3110813712058007,-0.19634954084936207
2.5821576393476313,-6.255132890209956,0.01075683604393551,29.77731192258751,0.32032201704483015,-0.20629791758572977
2.9072844986602764,-4.728767987670278,0.01083768646350379,29.807424867318176,0.32305617333132497,-0.20315632493213998
2.6532281195493295,-6.078061603740029,0.011217632047459552,29.834126352011832,0.33468229027070184,-0.21135937241651329
1.6601288943091994,-4.623762683344278,0.011210548361598915,29.859176490131333,0.33475176566262516,-0.21118483949131386
1.2499773264964633,-7.498727514444125,0.011968511236220754,29.879787038008107,0.3576336435049208,-0.2307325271136504
2.0442381305297923,-5.643366088942791,0.011625544442544673,29.884572219268325,0.3474400751782444,-0.2340486526924396
2.2768558987917156,-5.972759699931395,0.012094740155123972,29.906935817152426,0.3617342562090918,-0.2392846404484226
1.3429785168870652,-4.622320642784964,0.012273803497104972,29.93309590597442,0.3674113871113938,-0.23369958684204073
0.9513259656656747,-6.458467425245458,0.013139679780519975,29.939972639409877,0.39342429510353855,-0.23858650874762485
1.2014545760931445,-5.831917075831865,0.013248699823611028,29.951029321363333,0.3968354157404577,-0.23736477827122882
1.3882998077192665,-6.584693264838242,0.013650878350160486,29.959816718305063,0.4090032191670034,-0.23963370629882144
1.303574973682642,-5.658537931025893,0.014035027752791897,29.97625259001299,0.4207451637968485,-0.23492131731843677
1.4311511308559957,-6.8809390836383475,0.014614269313288299,29.985372367109367,0.43824550737731016,-0.2399827721492203
1.2069924170630257,-6.274722536815611,0.01455545130625819,29.99796373151662,0.43666473824960456,-0.24190263432641407
0.9530655380845636,-4.963878986271324,0.014672399889029377,30.01134946337772,0.4403701218495355,-0.23038346126325152
1.1459312872380552,-7.005274315575496,0.015530296886601418,30.02294231536668,0.4663026973711625,-0.23212879051524585
1.6044561956529968,-5.320003651115094,0.01566786442599918,30.027061757899663,0.47049843299224936,-0.22287854547967587
1.5213332209476749,-6.597657188160996,0.01588946521126468,30.045229914156042,0.47744281697015883,-0.2241002759560719
1.287413216582919,-6.856062817487611,0.015840629213378973,30.056722810805066,0.4761572287504683,-0.22898719786165606
1.476344256818826,-5.957753313925875,0.015792724657464296,30.070321249911167,0.4749317887877727,-0.22689280275926285
1.2765266622310314,-5.5763874596171075,0.016209582724547936,30.079876371651505,0.4876249530503759,-0.21903882112528836
1.503113054947542,-6.6604373811214,0.01662769567180791,30.089600132587556,0.5003668285918981,-0.2218313479284793
1.457723540727806,-5.357799806306364,0.016586060639639508,30.101623049887856,0.4993131326795342,-0.2155481626212997
1.3312549054304683,-6.917782753313102,0.017107823185850485,30.117121025530967,0.5152886535037907,-0.2202605516016844
1.136628940074825,-7.086503250034954,0.01706908092414969,30.131373340116856,0.5143648048679702,-0.22602013813326569
1.1199586607788545,-6.62908452639687,0.016756829954124218,30.140361874175085,0.505104195862697,-0.22462387473167023
1.2051266496916422,-7.264176987911466,0.016722380041992575,30.154207648841215,0.5042971279245555,-0.2298598624876532
0.9457244590610048,-4.86644239071686,0.01687394776353479,30.158540868804725,0.5089419478610293,-0.21711895894809458
0.9410759326971847,-6.494404199350205,0.01730218340602617,30.169628154414468,0.5220525355072606,-0.21781709064889235
0.502678963568412,-6.107864834006448,0.017280712309869745,30.175564955083754,0.5215071691583241,-0.21223203704251048
0.26430453531318937,-7.555121844579724,0.017260075574271453,30.181635087892975,0.5209890395841836,-0.21362830044410594
0.2872884762174942,-6.563834543176751,0.017136650212027843,30.183100259020485,0.5172878688542564,-0.21118483949131386
0.31879399007306813,-5.19902500507694,0.01711707664075626,30.190050532556924,0.516815884444985,-0.2001892652037496
0.1907967587090005,-5.602987924558219,0.017104008678952523,30.18814942368243,0.5163887267366861,-0.1907644872429802
0.19191914546871133,-6.506053030796377,0.017369667451948963,30.190960313935932,0.5244596858662037,-0.18657569703819382
-0.10017431446252072,-5.713428063148083,0.016899355449991008,30.191935256521894,0.5102728225160703,-0.17802358370342164
-0.42552465689151897,-5.879134991966634,0.016889816088961687,30.181964892488402,0.5098163148941021,-0.170518667919846
-0.36830570208874236,-4.7073370265509125,0.0167008615872292,30.181887992968747,0.5041104033025327,-0.15603243512829304
0.08462336057727413,-5.97125292245512,0.016794911569232067,30.17798151168774,0.5068841905044166,-0.15236724369910498
-0.24682163404075425,-6.001040574689724,0.016255710367755687,30.184784876029944,0.49071834501919637,-0.15009831567151233
-0.14855726894498497,-5.181640379683665,0.01589538823420988,30.174132632847847,0.4796699518518663,-0.1403244718603441
-0.4401441666927478,-4.26036675924865,0.015358011280698025,30.172809428547954,0.46343078438989255,-0.12531464029319286
-0.33303538783489267,-5.507172586895721,0.01527667653884306,30.168716093400825,0.4609135734276352,-0.12164944886400476
-0.3957995622753934,-4.9223195119663865,0.014738581042927495,30.160308573720915,0.44455234206809635,-0.11501719770642631
0.26767491995199266,-4.869102404780501,0.01413250415357221,30.166909890722014,0.4263623651634741,-0.11135200627723822
-0.2104996730887178,-5.907794174074422,0.013876655776671293,30.161259273542047,0.4185642795404924,-0.11641346110802178
-0.1136202157617158,-3.470635526786762,0.01298983071010068,30.159897409086273,0.39179399837103107,-0.10105456369047168
-0.10556462444874322,-6.217250563227721,0.012558404835066471,30.155721872905097,0.3787276737426519,-0.10506882097005865
-0.12271977284098447,-3.5748687421455827,0.011670920992438686,30.15511061998494,0.35195389363570756,-0.09512044423369097
-0.42054583944072665,-4.381238190501323,0.011521702640038437,30.157942336683856,0.3474862201973652,-0.09093165402890457
0.255612459379279,-4.768644440348028,0.010914403246746458,30.156406069210146,0.32915224641494006,-0.0921533845053006
-0.04317680188581394,-3.621490393986442,0.010308284216839896,30.15066418361518,0.31081262486731975,-0.08587019919812101
-0.31053855043760764,-4.758874485080103,0.00998582350476004,30.15073471834672,0.30108992339773333,-0.08744099552491591
-0.4766310352646506,-5.936132012202134,0.009093951867043905,30.141924396407553,0.2741167661645853,-0.09564404300928926
-0.3614903052072575,-2.952236838587076,0.008205164877180945,30.14294992183684,0.24733342457025684,-0.08656833089891874
-0.03254582137779667,-3.9128686568921807,0.008051488284736237,30.13687860040788,0.2426519684353629,-0.08604473212332044
-0.07212047672761973,-4.095057959601815,0.007728416402238679,30.138277011220925,0.2329257918370465,-0.08639379797371932
-0.2326892754256771,-4.649941682863963,0.007120100031193705,30.133599166567777,0.21455786610741698,-0.09058258817850572
-0.3876126139881982,-3.567378298019906,0.00651128725693406,30.12954104851745,0.1961848692352455,-0.08936085770210968
-0.2711781287886776,-4.3359400450964865,0.006356461431211394,30.121951052008924,0.1914715988797895,-0.09459684545809266
-0.36012956618693753,-3.925614733605745,0.005746722758017774,30.118664628668267,0.17308552083973308,-0.09599310885968812
-0.3863361296163917,-5.135531662636498,0.005311006728973485,30.115368123599527,0.15994442659252808,-0.1069886831472524
-0.5796309315963599,-3.0741390885468673,0.004874987392864188,30.112169646522737,0.14679761030673288,-0.10419615634406147
-0.30103505391970653,-4.132131075201937,0.004892535930792333,30.105857282244052,0.14729516374614685,-0.1096066770252439
-0.17820315307274676,-4.926557472194373,0.004455981631689877,30.10166631751551,0.13413335996910003,-0.1096066770252439
-0.31912827388895215,-4.173127300412247,0.00419345063408996,30.097576137295196,0.12621343956067754,-0.12863076587198208
-0.5747710839199108,-4.132026403617402,0.004104772681557455,30.095082374446243,0.12353416579621844,-0.13351768777756623
-0.44681545838725445,-3.626681790616852,0.003841501235290532,30.09266682912713,0.11560158544711302,-0.13526301702956053
-0.6105920718912207,-4.95699265495127,0.004205776230944403,30.085958994656092,0.12653555730277266,-0.1466076571675237
-0.662732433891423,-3.3822247773652134,0.0038272431115514358,30.078697713104113,0.11511905070735144,-0.1476548547187203
-0.5119338883473559,-4.460013725949592,0.004364832684685344,30.07203019763787,0.13126021388210832,-0.15428710587629874
-0.5365293050279912,-4.49715284196896,0.004448660255392233,30.07023665550264,0.1337731491633882,-0.16214108751027323
-0.7822252996851095,-3.6096486621166077,0.004242589043480718,30.062611604265125,0.12754407185739064,-0.16126842288427606
-0.7387733510451137,-7.503569780271687,0.004778474201678347,30.058094221602136,0.14363292102042247,-0.18500490071139894
-0.7077662492707638,-2.6352120824569143,0.004176269207187455,30.050144789673904,0.12549822397172053,-0.1759291886010284
-0.8178257792217206,-4.797427703031107,0.005047412341883943,30.035909208318127,0.15160490628758744,-0.17959438003021652
-0.6740835550280078,-4.230509378203979,0.005303138522869037,30.03439109505777,0.15927802957002696,-0.17854718247901993
-0.7881567961117283,-5.677575881722946,0.005894099269483224,30.024654937165327,0.17697034607694764,-0.18675022996339327
-0.9230326831866794,-4.720098818540975,0.005565575823188141,30.01316835611438,0.1670422889305756,-0.18919369091618532
-0.8744501100686752,-5.82676720061365,0.005994006977722198,30.01236221324808,0.1798964629765108,-0.1970476725501598
-0.6753033436639315,-4.445866849607237,0.006011661419815262,30.002106806156362,0.18036468080256066,-0.19530234329816545
-0.4729701027013999,-5.156663122796164,0.006598660876538573,29.99212342705122,0.19791072396844925,-0.19722220547535926
-0.5809179222381193,-4.901614666136986,0.006732583523808703,29.986270231169648,0.2018881192814824,-0.19739673840055869
-0.5049520805086221,-5.144980858863575,0.007040183565917196,29.979966262869816,0.21106795293912775,-0.19774580425095753
-0.9436896795522713,-5.897093862705247,0.007466993761731074,29.9767770323663,0.22384056726419171,-0.2038544566329377
-1.1516764555062569,-4.4870597370579635,0.007479304593516907,29.96601936324606,0.22412916555016005,-0.20228366030614278
-0.8446016743792591,-6.745111204254616,0.007766956183976662,29.95295793137112,0.23264799006278195,-0.2132792345937071
-0.4162316757263993,-4.29836860081185,0.007950333562125768,29.942997758290936,0.23806183583813292,-0.20996310901491785
-0.7077026053029629,-5.998278143629686,0.00854901592321899,29.941275268924265,0.25597467509305616,-0.2181661564992912
-0.6160557192698852,-5.581695603701269,0.008556188276041958,29.931038657447854,0.25610185167978067,-0.22287854547967587
-0.9872389307712203,-5.155540248539137,0.009033003342711869,29.923243806787347,0.2703041132063168,-0.22392574303087248
-0.9509280104316157,-5.312655573435104,0.009508867859237002,29.91668451353333,0.2844823740403124,-0.22654373690886398
-1.435993857779017,-7.065263729129475,0.01013775069520365,29.902421149052298,0.30315367630078194,-0.23753931119642824
-1.0746893173668606,-5.988953315045864,0.010016497153079236,29.889771959556114,0.29940082878925195,-0.24120450262561635
-1.2427405662840625,-5.382157121391318,0.010365592626816408,29.8800513173478,0.30973553293427747,-0.2399827721492203
-0.7967824621547646,-6.133137988651004,0.011163994207415583,29.865418649804226,0.33343121329737874,-0.244695161129605
-0.9457946383438609,-7.774293910861562,0.0115104588690993,29.855378748580375,0.34366428667741566,-0.25743606466916363
-1.2348494422280287,-4.7373996292824145,0.011579599166454558,29.850483870840474,0.3456720883450628,-0.24993114888558798
-1.6185806594607575,-6.7660913646543195,0.012373597017995865,29.83613825022584,0.36919919366583087,-0.25481807079117214
-1.3779895236673083,-6.994601506416979,0.012740104820921668,29.814648586834203,0.3798623002685475,-0.25987952562195565
-1.0863350263881724,-6.987224090847692,0.012779627183435253,29.8018346443964,0.3808770711679442,-0.2631956512007449
-1.0952683898688786,-6.188603862064892,0.01316586380474705,29.788514386760415,0.39221418575541844,-0.2607521902479528
-1.3858217663076713,-6.004217176861747,0.013677004553731808,29.77971757541204,0.40732273119610857,-0.25603980126756815
-0.9201183849063199,-6.364260982010711,0.014159781470590938,29.763135605843665,0.421467664441029,-0.25499260371637156
-1.1144140935282825,-8.062928955537576,0.01466790857937226,29.754579884015538,0.4364687597322962,-0.2658136450787364
-1.037285454620375,-5.676201815168868,0.014569358439119403,29.738239870361856,0.4332977346089692,-0.2595304597715568
-1.2167408732736726,-8.555607328284685,0.015377959091036652,29.733121652986046,0.45727077437543884,-0.2727949620867137
-1.2475508214004012,-5.33961721504606,0.015145386154240941,29.713435410800678,0.45005586547170306,-0.26022859147235455
-1.2757339892701616,-6.548554659593236,0.01609617926592277,29.699997995884534,0.47809778229045796,-0.25603980126756815
-0.6675353137598479,-6.78020586346263,0.01642166667270258,29.693803164579204,0.4876655750449296,-0.2541199390903744
-0.89099028951071,-8.665760084880114,0.0166161064421357,29.68249346806323,0.4932528666512154,-0.2673844414055313
-0.9556347661246072,-5.355683603765247,0.01636167888742841,29.67480219191511,0.4855729153093992,-0.2579596634447619
-1.3483288784677625,-6.249650863155018,0.017306878269769788,29.6612443260528,0.5133948046168977,-0.2509783464367846
-1.174766871655632,-7.291261887470413,0.017463474778648923,29.640855931934443,0.5176849676924026,-0.25237460983838006
-1.0305049739579855,-6.368081706081343,0.017650198392980182,29.630215859485755,0.5230335029305955,-0.24434609527920614
-0.8536182894857761,-6.597801489773747,0.017968257465891358,29.623286724486636,0.5323361337934994,-0.24207716725161352
-0.8646196766539977,-8.31406590015436,0.01828535431516297,29.61648864470182,0.541608352790923,-0.24766222085799536
-1.0334878636063445,-5.283075908497612,0.01798635305515115,29.600892583312937,0.5324695255323182,-0.2340486526924396
-1.379187281377263,-7.536334683165991,0.01826594762972664,29.583210331410736,0.5404254753605843,-0.23771384412162772
-1.5168260826396425,-5.67122109241898,0.0182707133307977,29.571965489888356,0.5403610330191845,-0.2267182698340634
-1.2300799597870369,-5.845995425833209,0.01854466744774921,29.557206691341445,0.5481914120821504,-0.2209586833024821
-1.064583517337296,-8.940997611560082,0.018816256572127692,29.54305122799412,0.5559552456431712,-0.23561944901923448
-0.8715376661424737,-5.077545379852109,0.018020653949480877,29.524691581185653,0.5321118512348869,-0.2281145332356589
-0.9851657964369279,-6.263528564138153,0.01846454951363787,29.521839997407223,0.5451694343883488,-0.2281145332356589
-1.1610276248967297,-6.788216169374756,0.018732892187788282,29.504098697737177,0.5527617601311853,-0.23300145514124299
-1.5206205767697007,-6.422661803891749,0.01903825807100029,29.498130233849526,0.5616608766254158,-0.23300145514124299
-1.9406261419916238,-7.25176188800477,0.018989438691334744,29.479869113654857,0.5598734653433717,-0.23788837704682714
-1.8065517102969617,-7.475308926236239,0.019244600241506774,29.452379885002006,0.5668692596623408,-0.24556782575560218
-1.1914306641292152,-6.362138618583169,0.0189189317401254,29.439879857689654,0.5570375384529597,-0.24556782575560218
-1.0371134353308813,-7.377389787985387,0.0193485930774813,29.426128492267818,0.569425246023192,-0.2528982086139784
-1.3262258281190564,-6.394628191219505,0.0190187103261839,29.41354088868739,0.5594750716157556,-0.2541199390903744
-1.4631011186156242,-6.46204654492296,0.019619594696549537,29.398575553548277,0.5768621558100131,-0.2541199390903744
-1.7327862703427956,-8.42300953347955,0.019729472497370858,29.380226027959328,0.5797315839131507,-0.2652900463031381
-1.6175294249729668,-5.515639925455857,0.01986962459990594,29.358716427373295,0.5834234550799927,-0.2584832622203602
-1.5972053477470984,-6.943986573073398,0.020288787336416838,29.34519024377164,0.5954600304865109,-0.2609267231731523
-1.3111197569757274,-8.025054048639793,0.0206907574053787,29.3196924628387,0.6067332287569577,-0.268082573106329
-1.1553933883466052,-6.031960105314604,0.02069385865225745,29.30852632854734,0.606593091910855,-0.26284658535034605
-1.361596095826343,-7.5475147427761184,0.021281389072587684,29.294398469707023,0.6235196244875085,-0.268082573106329
-1.4511868412974473,-7.01649868142853,0.021231694002072084,29.27347065627321,0.6216187795984697,-0.26773350725593015
-1.491673644037425,-5.146037586134578,0.02137268593858418,29.26513770046764,0.6255698516285333,-0.2558652683423687
-1.2921870573710192,-7.805549077560621,0.022396467695908147,29.24592070537227,0.655114857567686,-0.26284658535034605
-1.356656226807689,-8.084679865251049,0.022337117941801536,29.226856223934497,0.6529523343220335,-0.2673844414055313
-1.0725532456446993,-6.084423576018401,0.022326970426880356,29.21642874792892,0.6524227537612517,-0.25743606466916363
-1.0699924759614143,-5.803198393321278,0.02272807223026529,29.203290807676165,0.663848813854964,-0.25237460983838006
-1.307785015073224,-7.423949616896605,0.023302229196777706,29.189744346066384,0.6803092519930735,-0.2577851305195625
-1.4036742675978162,-5.665828019920511,0.023554590169284097,29.17223266814883,0.6872670924051529,-0.24766222085799536
-1.4798684140845069,-6.73480571400653,0.024069813034103008,29.150502187661523,0.7017826700521019,-0.24591689160600103
-1.3178776021702603,-6.23324244213105,0.024141288799007017,29.135076772108263,0.7034949738984764,-0.24329889772800953
-0.9443532313694685,-6.641326349091798,0.024532214104002203,29.123421817209532,0.7146053820865131,-0.24399702942880727
-0.40168483338081773,-4.770879573287285,0.02459995412545885,29.10753281157562,0.7161884466934683,-0.2361430477948328
-1.0187218335607306,-7.3100000000000005,0.025460069704473814,29.101114462283263,0.741076535286758,-0.2450442269800039
-1.5563373946352774,-6.7587554772889575,0.025085421728795753,29.09081053683392,0.7299083623571545,-0.24609142453120045
-1.5288031971150555,-5.178649036269903,0.02543783148660119,29.065896350824296,0.7395328933820838,-0.23858650874762485
-1.6340019702733242,-7.028165551892444,0.02597059842098288,29.057460592383265,0.7548093470615055,-0.2462659574563999
-0.9370533821319721,-6.94792993366309,0.02614204304323148,29.033960935421284,0.7591800071980332,-0.2525491427635795
-0.616133572442577,-6.848184440288927,0.02625578122398971,29.03013028313799,0.762383944872023,-0.256388867117967
-0.8853615859608213,-5.975858622060884,0.026483651208883505,29.015041146566745,0.7686039333843898,-0.2584832622203602
-1.4243196497323305,-5.736425909696189,0.02686063042992779,29.003303079961604,0.7792344184734683,-0.2535963403147761
-0.8745763807200022,-7.012358947307742,0.027523403440922817,28.981164670600524,0.7978617677248862,-0.2645919146023404
-1.2840387234470194,-5.797375191242313,0.02763318499400602,28.976515379949788,0.800917278606807,-0.25865779514555964
-1.60810895603637,-8.4049121525521,0.02828947340548068,28.95672459054205,0.819389086016825,-0.27349309378751147
-1.6372457717579636,-6.395346932024287,0.028352535059254294,28.940893244700685,0.8207676312847189,-0.27035150113392165
-0.9210175279034937,-7.520065780073263,0.02867567651411309,28.918178153883158,0.8294756923283104,-0.27872908154349446
-0.7514943298045402,-5.912022877340189,0.028952749469727517,28.91490346162212,0.8373999557135599,-0.2722713633111154
-0.6155604207308717,-7.391816757694417,0.02966629519262361,28.904272447655842,0.8577343210588289,-0.27663468644110123
-1.1848259696024979,-5.22217544242108,0.029875829948477026,28.890377950857758,0.8633809086823375,-0.2658136450787364
-1.4588647371649877,-7.219697681068422,0.030692488833613397,28.870706759666245,0.8863921980016248,-0.2649409804527392
-1.331050731028718,-6.244642617620991,0.030896594577913834,28.858161920876203,0.8919027505193463,-0.26127578902355114
-0.5913117195317973,-6.924683232026735,0.03153317624758558,28.83958375322091,0.9097052165135767,-0.2581341963699614
-0.8072933989886837,-7.561579498442404,0.0316292567945078,28.836539986209395,0.912382600773655,-0.25970499269675623
-0.5498448790069976,-5.146032447957101,0.03149664888655194,28.822041233920217,0.9080980223186609,-0.2426007660272118
-1.2816470223038567,-6.9193733881839306,0.03200736698761438,28.815233454503453,0.9226148377474697,-0.24033183799961916
-0.9950564815250704,-6.288484670797562,0.032130724861735876,28.793506816981992,0.9254747488768064,-0.23439771854283845
-0.5636560935444386,-5.505712273473231,0.03248087123337968,28.784805645977,0.9352844993640782,-0.2288126649364566
-0.5661247418196332,-6.761961789628382,0.03265498288729977,28.776726565232675,0.9400376730314148,-0.23038346126325152
-0.6565395916193921,-5.960429021163175,0.03282869662865806,28.768123465684045,0.944759418638074,-0.22706733568446227
-0.6242960275508976,-6.328489588803537,0.033001073652029464,28.759841191788098,0.9494503353167756,-0.2324778563656447
-0.8371714911062077,-5.772053499584951,0.033172610643069554,28.7514610208667,0.9541110224926459,-0.23125612588924865
-0.6124210587489467,-5.138792511755096,0.03351736380643923,28.743234198955633,0.9637583644281142,-0.2298598624876532
-1.0514484859079916,-6.784660690629924,0.034117726222907,28.72824929060793,0.9805230229091711,-0.23387411976724015
-0.7634884996471514,-8.159921637993735,0.033950652299952616,28.718438163011122,0.9753844954072111,-0.2483603525587931
-0.8337045604889646,-5.077953091005541,0.03362188612157198,28.706095447789536,0.9655169163854584,-0.2392846404484226
-0.5565959674891547,-6.102688262175326,0.03429602291873187,28.70096249997419,0.9847149775270282,-0.23753931119642824
-0.5149114310222073,-7.590267369361538,0.034634545815948686,28.693492493005518,0.9941836370741488,-0.24591689160600103
-0.13235084572441794,-5.587091940962955,0.03430055719330095,28.68180940476823,0.9841880491788204,-0.23788837704682714
-0.9939500331884856,-7.091061052192949,0.0347976118099532,28.677398666150722,0.9983079606823723,-0.23439771854283845
-1.2977449894067359,-6.612055595112872,0.03446043687940763,28.66591669424885,0.9882312258168575,-0.22968532956245377
-0.832282268032291,-7.262935201437749,0.034711181489125505,28.64966400002261,0.9948632778245592,-0.2314306588144481
-0.3504412692398426,-4.73,0.03419479406941103,28.638834190401738,0.9796809090157552,-0.2145009650701031
-0.18403902148349555,-7.217447888817853,0.035025147566162235,28.63722219750431,1.0034332911776789,-0.21572269554649912
-0.4466006417858795,-7.2160406037353715,0.03466888762326881,28.629148552286757,0.992938580597405,-0.21886428820008894
-0.67,-5.992226505722452,0.03431116594466864,28.62128160284045,0.9824150909400671,-0.2139773662945048
-0.7545649282431214,-5.8213095615223125,0.03446460138757636,28.615610527339893,0.9866162783729393,-0.2124065699677099
-0.8043720030439417,-7.278641276119442,0.03444265023870441,28.610282607868022,0.9858038063479474,-0.21903882112528836
-0.6574766112905415,-6.386760663231533,0.03382918193672693,28.591024446501173,0.9675800998474899,-0.2176425577236929
-0.3450517925005965,-6.12253714791018,0.03397901131109163,28.585834563013922,0.9716923880744525,-0.2158972284716986
-0.5368365886768536,-5.8892944294406435,0.03395363262549084,28.580886342557896,0.9707980048857164,-0.21642082724729686
-0.18870268031562842,-7.073188149861349,0.03410205650349472,28.575903213076632,0.9748750056930998,-0.22008601867648495
-0.569376173822207,-5.773735121578683,0.03373547378158474,28.569221991701326,0.9641620324285823,-0.21205750411731106
-0.7341930855056225,-8.153608988650994,0.033707713628187155,28.56471200115938,0.9632159648330599,-0.21607176139689802
-0.7709483930204125,-6.158605388112571,0.033173229960073006,28.55623231217501,0.947650104808289,-0.204378055408536
-0.24866730879185406,-7.254276807986864,0.0330502162933379,28.54248031356273,0.9436787716598647,-0.1975712713257581
-0.5847599189011987,-5.811432214963442,0.03267837476051572,28.536521604105747,0.9328592303656762,-0.17784905077822216
0.1765652437818548,-8.181246037514578,0.03229769712001552,28.5328594161315,0.9218662192408212,-0.17749998492782332
-0.1063655705605697,-7.104034166451526,0.031154930804404946,28.53530552679911,0.8893032158320383,-0.16807520696705394
-0.12382717433234204,-4.794335467478569,0.030431729385629082,28.530105505451516,0.868488566208934,-0.1457349925415265
-0.51494358183026,-6.836918806504409,0.03004205968670523,28.529182606406717,0.8573333438867905,-0.14067353771074298
-0.033462261989262804,-4.9294339416320225,0.029386605638245335,28.516848595901077,0.8382546955527576,-0.1244419756671957
0.014603070269498065,-6.022853723349025,0.02882120658233829,28.51639642738961,0.8221045953593538,-0.11571532940722405
0.1594795083219936,-6.4493658641697555,0.027913470879405967,28.513984094334376,0.7961310470626416,-0.1117010721276371
0.020473065507506008,-6.390587639120975,0.026756153164938287,28.521768508189133,0.7633149657249457,-0.10611601852125524
0.08503009020766736,-4.711523841905906,0.025330878532927648,28.51798768535646,0.7225402288056713,-0.09529497715889039
0.24373909952109926,-5.176639111748951,0.0249334265448862,28.519860202210815,0.7112452335046322,-0.08709192967451705
0.06967475371409758,-5.551125632576607,0.024018657219390928,28.520099251902526,0.6851462455473292,-0.08237954069413235
0.1427276251276267,-4.861176379242578,0.022585955617793176,28.519004951550734,0.6442385313026553,-0.07260569688296412
0.043960318999516745,-5.80098131012216,0.02167091790831362,28.519444460556397,0.6181393080415271,-0.07190756518216639
0.27248198900841264,-5.108487672963953,0.02058124387648344,28.52018074961756,0.5870636887163537,-0.07051130178057091
0.40157432321113545,-4.7709972607771345,0.019421715384077488,28.530730113591247,0.5541854018557009,-0.07051130178057091
0.38887455953402283,-3.5554067102495144,0.01833270841265369,28.531502896620005,0.5231183291237963,-0.06440264939859076
0.13330511242811144,-6.2562178318224975,0.017756468816964723,28.535864176254574,0.5067494415764967,-0.07644542123735164
0.32512548927001345,-3.913672576914597,0.01615456219970122,28.533547009225597,0.4609870618823849,-0.07295476273336297
0.29225261728910484,-4.193711425488941,0.01575298108081398,28.53858951318381,0.4496050520819112,-0.07016223593017205
0.5396585297511285,-4.985578813591195,0.015007979249590707,28.541796914102086,0.42838685952146044,-0.07452555906015788
0.5188745986608002,-5.967953467934853,0.013852870207047835,28.55301858851231,0.39556656418978625,-0.08848819307611251
0.5428074242870352,-4.009842407312521,0.012595679003979489,28.552253903001372,0.3596540450436638,-0.08988445647770797
0.6169444630406257,-4.344808846073872,0.011961250715033933,28.564890479900747,0.3416881121120438,-0.0942477796076938
0.6008554576883155,-4.023421586343793,0.01156711794480732,28.568099646761734,0.33046531676135066,-0.0958185759344887
0.44054280912221194,-4.637856922438611,0.010998590725752802,28.57187871126311,0.31426307234288,-0.10245082709206714
0.42082348919168344,-5.657143249601032,0.010604890447191833,28.57549734988982,0.3030513797147399,-0.11746065865921838
0.47654494052673557,-3.657473904829289,0.009634623265505375,28.58563515943168,0.27542034767227463,-0.1207767842380076
0.3159467792697284,-5.194899851937103,0.009586250098739705,28.590430558057538,0.27408341355219584,-0.1356120828799594
0.6284734993523771,-4.083354772231058,0.008854651405230767,28.589877567691033,0.25316001593920057,-0.14119713648634125
0.6532367222502432,-5.051881886655762,0.009155954674163937,28.594390871374493,0.26181626294505944,-0.1541125729510993
0.5127225756803651,-3.6082351497643117,0.008882407683489225,28.606227620081317,0.25409885860336545,-0.15603243512829304
0.16219161492759943,-5.386562952019001,0.009014622571651353,28.610216480544494,0.25791728971688677,-0.16877333866785166
0.40641635533590253,-3.159782080025756,0.008802777055572062,28.612678914178368,0.25187753938092367,-0.16301375213627037
0.2299934753691447,-4.898494639715144,0.009454504078745329,28.617880361068565,0.2705759286953796,-0.1710422666954443
0.43611686904915603,-6.756616959103009,0.009417959220832564,28.619366903414704,0.269543999803464,-0.19041542139258136
0.6506553718101257,-2.9282758903127384,0.008692635323727393,28.61722627091364,0.24876537771014068,-0.1825614397586069
0.2806633848501316,-5.633216196372057,0.00980718690827048,28.633372230106353,0.28082183656620036,-0.19530234329816545
0.19774343122521348,-3.11063762575108,0.009601236118704459,28.63522000938242,0.2749419570652227,-0.18709929581379214
0.49559332686251567,-6.277164131048423,0.01048568416885575,28.63134601185989,0.30023025508631085,-0.20176006153054452
0.6845328501194027,-4.185264222936368,0.010224233811904583,28.641928956233457,0.29285198296675924,-0.19844393595175527
0.3906036191701595,-4.595777025203412,0.010883199143604612,28.645353532928496,0.31176539605099013,-0.19774580425095753
0.7389983142261436,-6.076308476975453,0.011023482935483086,28.647064350745808,0.3158032169641308,-0.2092649773141201
0.6456142881860154,-5.423786295567454,0.011284361307915929,28.659300808342444,0.32341563284179675,-0.2155481626212997
0.5507914834553572,-4.263333683005281,0.011255032619181564,28.660662428278773,0.32259031209023553,-0.21467549799530256
0.3898564670712035,-4.590674714457308,0.012089583595475418,28.66584583239527,0.34657502459806866,-0.21345376751890652
0.14835407789370567,-4.676194732993791,0.012750304451218358,28.670505043885427,0.36557747897014986,-0.2075196480621258
0.6311989577197294,-6.921114637063691,0.013066896649088331,28.672966606610686,0.374688016731193,-0.21711895894809458
0.5637200549273801,-5.608755782986158,0.01264349913623488,28.682050067669284,0.36266080021388475,-0.2186897552748895
0.8053399707282691,-4.835178016135983,0.013135676883425526,28.68458173581999,0.37681306999747316,-0.21607176139689802
0.560035332505628,-5.210320088990418,0.01345363409207165,28.68758810900248,0.3859756009129522,-0.21537362969610027
0.7853407305786062,-4.873155409759086,0.013897262061267103,28.701255406593855,0.3988945482224172,-0.21223203704251048
0.2511387017146216,-5.232444883075273,0.014215982761303134,28.705523763295563,0.40810472320479846,-0.20804324683772407
0.6982270716052286,-6.423367140610271,0.014535370128985316,28.709232621907503,0.4173287133432847,-0.20996310901491785
0.6927916171701415,-5.063901026670961,0.014510571263853765,28.71077107088804,0.4166389321113403,-0.20490165418413428
0.8686460179936093,-7.010405773615772,0.01461074730412062,28.72360215798686,0.4197031584479832,-0.21380283336930536
0.9762307100795713,-5.3164379347159745,0.014416216905937832,28.724863720110207,0.41413255573178,-0.21380283336930536
0.9193085701770167,-4.784769691469621,0.014693286723186622,28.738537866041604,0.42229396736635916,-0.20682151636132803
0.5435939723180789,-5.657738255842675,0.01501561459874844,28.743094407605245,0.4316276679947659,-0.20612338466053032
0.8147062277104196,-5.213033230027525,0.015294594736062378,28.758498661312345,0.43988388266850864,-0.2028072590817411
1.1538856576034635,-6.218565651254906,0.015099532702251376,28.761250720583732,0.43431445361796733,-0.20420352248333656
1.005297030117299,-5.830357117072796,0.015037626231945985,28.7735307591242,0.43271821830697027,-0.2033308578573394
1.048588998904099,-5.859555880069991,0.015363705151419589,28.777025648183756,0.44215652712296805,-0.2033308578573394
1.1178627156955445,-5.201109434891463,0.015130233120240581,28.78995723717259,0.43563200722808637,-0.2038544566329377
1.0909401355330988,-5.357045624043314,0.015417483973477142,28.804735328133848,0.4441317357013996,-0.2033308578573394
1.0610191671953253,-5.560429130679902,0.015744563552304927,28.811655678969284,0.4536644309898944,-0.2001892652037496
0.9733479745252307,-5.986653391140006,0.015515993849500288,28.825029313644915,0.4472848721426042,-0.19984019935335076
0.9981251444630685,-6.533401042103751,0.015501199447169193,28.828900478627236,0.4469183329845124,-0.20315632493213998
0.9688533401841304,-4.082243706649118,0.015276077381208517,28.842082912789074,0.4406281657260658,-0.19198621771937624
1.380813353130599,-6.725634501039402,0.015778815933477002,28.846782727967845,0.4552058532550521,-0.20210912738094336
1.4327446591116408,-5.152834397390287,0.015385885092074498,28.8604113550838,0.44407801489647586,-0.1970476725501598
1.1096296964653334,-5.311860160528533,0.015509637145933284,28.876446251539534,0.4478991178731099,-0.19128808601857852
0.9560053252019785,-7.240405455710766,0.015635195130555595,28.892627604528638,0.45177868486897954,-0.19966566642815128
1.0321949087754163,-4.587044897628552,0.015281817404219961,28.897258355218277,0.4416370052793711,-0.1921607506445757
1.4563774350543148,-5.373201259762095,0.015755619943405234,28.913215846499313,0.4555833387787978,-0.19128808601857852
1.2125625338242707,-6.292584754989685,0.01557545961751375,28.916776947489403,0.4504285160966613,-0.19408061282176947
1.3209327859304105,-5.676979687414405,0.01536426320706641,28.930818550814045,0.4445356906793132,-0.19198621771937624
1.0244722869839944,-5.5472098741472475,0.015498530000636994,28.947080896082063,0.4486731266986319,-0.19128808601857852
1.3460878530198257,-5.358409831750353,0.015320638918488573,28.953160815609348,0.44361563172737256,-0.19006635554218249
1.3454675870065442,-4.846341729124527,0.015457718811822504,28.970561246147756,0.44785446040664045,-0.18395770316020235
1.3494561445316309,-6.140329725695323,0.015422137425649254,28.988655106733802,0.4471024700328548,-0.18465583486100007
1.1362981888175805,-7.128837374039672,0.015249210238170751,28.992480276561363,0.44214669962521724,-0.1895427567665842
1.1507209297086778,-5.8979989959793775,0.014706031679234614,29.005699857029136,0.42658949388155143,-0.19058995431778078
1.6311617969973315,-4.455068534691392,0.014507666254882872,29.021966015038913,0.4210705386607497,-0.18238690683340747
1.3218403020319962,-6.046775479408715,0.014850657952862339,29.028313227881384,0.43112124461496765,-0.18779742751458986
1.4717518437651607,-5.25072665138394,0.014654579598276965,29.047172844944203,0.42570458130159644,-0.18395770316020235
1.1670215654901388,-6.159066807378003,0.014805084776366096,29.06446330725184,0.430333285363952,-0.1853539665617978
1.3344472620282448,-5.957069516930018,0.014464709374027112,29.070423098637665,0.420524550388825,-0.18413223608540177
1.549946070415654,-6.551662701356014,0.014276502094931642,29.085893477639658,0.4152730329937455,-0.1907644872429802
1.6958758961804812,-6.06355155705806,0.013747970836528536,29.100466678529056,0.40009757458444667,-0.19530234329816545
1.4290245947765896,-5.587163009785862,0.013564763409109032,29.11566650825672,0.39497135325933713,-0.19617500792416265
1.2353431746782737,-5.166967966449875,0.013725804258370458,29.132910162779876,0.3998977359580009,-0.19058995431778078
1.2827862178089786,-5.420356380502348,0.01390882996733957,29.141162636779885,0.40534561528913793,-0.187448361664191
1.4680380134393922,-5.632997388585889,0.013730514749390584,29.159123642902546,0.40039493933137904,-0.18832102629018818
1.639075042925054,-7.478810073625199,0.013916729067673798,29.165730393510398,0.4059177737076855,-0.20036379812894903
1.5426397338859126,-4.256893058884289,0.013059326182312836,29.18019804439739,0.3810953893373986,-0.19024088846738194
1.3902461615031694,-7.224308687682595,0.013572565163559189,29.197361618098014,0.39630742865942614,-0.20158552860534507
1.4636566685657668,-4.915942102759267,0.013235865486431556,29.21435743612011,0.38669988730480165,-0.19320794819577228
1.6239377888260385,-5.385912482637895,0.01342739597637882,29.221814414525497,0.39239645594367545,-0.19093902016817965
1.6522344278043093,-5.368111493022369,0.01360383242092141,29.240258248257167,0.39780411323067727,-0.18709929581379214
1.4647897599897852,-7.062681380190493,0.01344134792584634,29.25761249116599,0.3932854341966771,-0.19547687622336493
1.537110543988744,-5.364744040770492,0.01293986212658514,29.275269699793704,0.37883909814684363,-0.1916371518689774
1.6662012198983747,-5.93642413914672,0.01313721900096225,29.282709045688588,0.38471549416582607,-0.19355701404617115
2.057169818240249,-5.722152734827826,0.012981898100903649,29.299477194815715,0.3803841962683449,-0.19582594207376378
2.066050017005549,-5.367721568573239,0.0128286785273194,29.317286664255047,0.37612267959780665,-0.19146261894377797
1.5765847598330147,-7.530189533079115,0.013018674019332576,29.335379515616626,0.3819293205991622,-0.20455258833373544
1.684641871136734,-3.2332758561133894,0.01270353092893605,29.354566678107595,0.37292670684980417,-0.18675022996339327
2.158678312679411,-6.4970796674705875,0.013238263698710052,29.373570700547813,0.38887779212707124,-0.19338248112097173
1.9108849006923274,-5.9623694334926,0.013095480034329386,29.390431133380808,0.3849038069486332,-0.1947787445225672
1.839060255937726,-5.842760300761816,0.01295524641051639,29.40743265587296,0.38100185217764526,-0.19530234329816545
2.1110084095014763,-4.7771366690638875,0.012816807110464531,29.426340757581766,0.37717238645400447,-0.19128808601857852
1.995717962857683,-5.816933265769171,0.013020671674656568,29.44501087394349,0.38341548710888473,-0.1942551457469689
1.9581579237269793,-4.997615295711607,0.013226936416119297,29.463327714986743,0.3897322906865327,-0.19181168479417682
2.2018230027879486,-5.702898425726484,0.013435022182428636,29.482594414361905,0.39612314362481016,-0.19320794819577228
1.8944458699372193,-5.3294932601977925,0.013307039070907361,29.500571887573972,0.3925884358275697,-0.18971728969178364
2.1407779100284006,-6.989122767100453,0.013520382922183178,29.518695419836998,0.39912838605923406,-0.19861846887695472
2.0783514462568764,-3.6463714709121153,0.013233269604251573,29.536865683501116,0.3908921247220252,-0.18552849948699723
1.9580804645873937,-6.242313568915717,0.013614702575173552,29.556956442711343,0.40243403637673764,-0.18971728969178364
2.184302753302458,-4.832597954987202,0.013496711542228165,29.575821284663128,0.39920056841914586,-0.18395770316020235
1.9769580439885266,-6.096253975525249,0.013717050092917037,29.604334493940335,0.40610961039172355,-0.18448130193580065
2.0633208828640224,-5.583087908447419,0.01343206656365734,29.613964471592535,0.3978006660706868,-0.18133970928221085
2.1146281544379137,-5.068805199290819,0.013146577007583617,29.64324261002375,0.38972962463263167,-0.17505652397503124
2.2220850209392142,-5.599184387053936,0.013377060718326525,29.662131515383187,0.39681580409965966,-0.17348572764823636
2.1341150295055393,-5.407495406952732,0.012923767886441732,29.682545082590686,0.38363168170147977,-0.1710422666954443
2.211554735615777,-5.251392117252293,0.012984349493491172,29.702462310648723,0.3856888265570972,-0.16667894356545848
1.9977476545534376,-5.890098563763595,0.01304735352400623,29.722140548441462,0.3878172819646915,-0.16755160819145562
2.403634138898466,-4.44600795600967,0.012601637929336251,29.743294569327826,0.37483407057486584,-0.1593485607070823
2.192134925787424,-6.136074624406951,0.01249527287963088,29.762844976937778,0.37191422574713007,-0.16266468628587152
2.258412225860268,-5.0846737956208194,0.012229652024799184,29.783014163749577,0.36425405946530154,-0.1609193570338772
2.3239491845411675,-5.135591325214521,0.012127773032322904,29.80356325429695,0.3614685728224541,-0.16179202165987433
2.2368173381289913,-4.43229662579925,0.012032444679087612,29.834559351024325,0.35900001039096985,-0.1567305668290908
2.126168975414723,-5.584872701652974,0.0119357169968905,29.855332634447617,0.3563617239231181,-0.15952309363228173
2.221995943269716,-4.629712325283543,0.011841304662261992,29.876186442387812,0.35378956167632825,-0.1567305668290908
2.459374458931139,-5.302370839488122,0.01174891310072534,29.89788139461835,0.3512837739312143,-0.15865042900628457
2.243014628964121,-5.989653969306515,0.01165944344424161,29.91813499046226,0.34884461063869177,-0.16441001553786586
2.470007792294916,-5.408224823633186,0.011412573398356154,29.939115956347333,0.34169719345479377,-0.16632987771505958
2.437240275860443,-4.739921094210812,0.010994233509904524,29.96016120824806,0.329402280390809,-0.16598081186466074
2.3672322099126686,-4.978837758755833,0.011094642424537449,29.99170357813241,0.33276088031402173,-0.16702800941585735
2.4265389790727636,-5.471837997438904,0.01101555595943247,30.012251548960723,0.3306150090619332,-0.16964600329384885
2.5146422981605077,-4.634429189254816,0.01111275083249553,30.033915455827948,0.33377315867323915,-0.1673770752662562
2.497788428841754,-4.977058852344275,0.01121259718711067,30.05484492280686,0.33700699286098007,-0.16615534478986016
2.644209828828969,-5.515814701188413,0.011151375510827502,30.085103544652338,0.3355041940278445,-0.16859880574265224
2.674792914448458,-5.342658559719719,0.01092482710909929,30.105822537928226,0.32891399180572567,-0.170518667919846
2.133117021605363,-3.905490454809634,0.011032591182517966,30.126882636924552,0.3323910658457953,-0.16074482410867777
2.59735272167977,-4.918771145461154,0.01129994169183589,30.147247599473285,0.3406766403505817,-0.15725416560468908
2.798655935171405,-4.720030995821689,0.011250849011994479,30.177761670251428,0.3395397666888914,-0.15341444125030157
2.736728349264722,-5.646943847782812,0.011191882309473577,30.198403937312484,0.3379910949735852,-0.1567305668290908
2.614443903386564,-4.640267218717895,0.010818604017716591,30.229612160604216,0.3270549634176616,-0.14905111812031577
2.8903649617515557,-5.775500504274742,0.010590874999614674,30.250135482653036,0.32038738263244615,-0.15219271077390556
2.440735831332555,-3.6002877468589713,0.010224677920082114,30.282132456719584,0.3096358413722078,-0.13997540600994524
2.6379428275229304,-4.925696686379932,0.01033197585205452,30.302530133683597,0.3130961506526549,-0.13892820845874862
2.8152203118474772,-4.137845162825991,0.010111927678860969,30.32307470155987,0.306635189714029,-0.13055062804917586
2.787551597852072,-4.81665677598305,0.010064974408246954,30.35423804358927,0.3055249460970683,-0.12845623294678266
2.764978131335313,-5.635220349461003,0.009849733538000604,30.375475773045032,0.2992000183714729,-0.13107422682477415
2.9016867987265886,-3.7092308359595365,0.009151429267776371,30.407537765919024,0.278280199646477,-0.12199851471440364
2.5660005927454415,-4.73574245545242,0.00926981889975838,30.428347532320572,0.2820733505677887,-0.12060225131280818
2.2860616018084015,-5.121283089724836,0.00888770820664646,30.45000483668702,0.27063788393489174,-0.12356931104119853
2.790793792076899,-4.312090154278908,0.008507888759949145,30.47201001861768,0.2592587269699967,-0.1207767842380076
2.988852123718609,-4.226163660362396,0.008477197873348071,30.503236766816777,0.2585881681767273,-0.11780972450961724
2.9533317513635793,-4.818200650310056,0.008122140086871564,30.535688207253408,0.24802059119565112,-0.12007865253720987
2.5759919632512402,-4.442124177819653,0.007575684112299962,30.558132676034212,0.23150318896471458,-0.11955505376161159
2.4883012482017626,-3.226111203134401,0.007532506986116655,30.579563701474676,0.23034513372175927,-0.11362093430483085
2.4581283183016156,-4.733650901661642,0.007512186322320701,30.61159822246014,0.22996435534256177,-0.11780972450961724
2.6658791743718977,-4.374466198175098,0.007147347898160256,30.63409500003254,0.21895626295294338,-0.12182398178920421
2.853792912815487,-3.579011512263714,0.007110260609219273,30.65625877278367,0.2179776625360053,-0.11850785621041497
2.8917816595489194,-4.292578694956381,0.006922925308122066,30.688596323152606,0.2124582543219427,-0.12112585008840648
2.5052644629723444,-4.251497360306015,0.006565078172883113,30.711911069054633,0.20162899376874266,-0.12374384396639797
2.5404370800118645,-2.7241089567247045,0.00653421177406197,30.734256313020225,0.20082699764042056,-0.11763519158441782
2.553665548595449,-3.952227306855473,0.006853043653097807,30.76582338231899,0.21084283136167764,-0.12007865253720987
2.333276704660164,-4.7453931411407675,0.006825951621630755,30.788527224135088,0.2101642614476128,-0.12863076587198208
2.6000266806774133,-3.1505840244672574,0.006477071211586574,30.81217523095653,0.19957544405563957,-0.12479104151759457
2.8815181888946966,-3.561331614460035,0.006951802601085667,30.83419850686293,0.2143567145058116,-0.1239183768915974
2.5055951167471595,-3.923296381714815,0.006955413452997069,30.866833342027025,0.2146950500460875,-0.1265363707695889
2.5865602207632428,-4.343826472399462,0.006936066456009077,30.889988056062496,0.21425844591433138,-0.1312487597499736
2.585536488148673,-4.208058031017813,0.00659621472064016,30.91369488617522,0.20391632675591137,-0.13543754995475996
2.3846762695340296,-2.3448254721722797,0.006755394509565714,30.93673834132177,0.20899305150187292,-0.12775810124598494
2.616195070898616,-4.662867897715193,0.007090373042329794,30.96911165530956,0.2195862342194964,-0.13700834628155487
3.0286656906471094,-3.54455121257581,0.006931867579700645,30.99305005767625,0.21484316002959064,-0.13543754995475996
2.5896572535093485,-3.1388078218592055,0.007445574779128264,31.025204627842953,0.23100474981486036,-0.13177235852557187
2.58417164955383,-4.095399142389157,0.007612613927992953,31.04853169506085,0.2363650507770631,-0.13578661580515886
2.538903871165443,-2.903646365735158,0.007607015460853307,31.07185606275231,0.23636864877434038,-0.12985249634837812
2.353675235944947,-5.0588252244101115,0.008098111645431545,31.09420245546114,0.2518098275475357,-0.14067353771074298
2.144776946557006,-2.5300893482619298,0.007950407562612056,31.118455598636814,0.24740961758673344,-0.13281955607676849
2.831242426596895,-4.643566638915397,0.008270154957493149,31.140850245578314,0.25754552871435615,-0.14014993893514466
2.719600859359769,-3.6044373736037016,0.008126717389853672,31.165145349938584,0.25327590444261117,-0.13840460968315035
2.457426396003442,-3.796155962571792,0.008334715835246361,31.198828740789462,0.26003939340270193,-0.13945180723434694
2.361543236340782,-4.363626534538428,0.008515037109054687,31.222527115413442,0.2658674027052294,-0.14154620233674012
2.4161100255271633,-4.295805444329883,0.008378734810123132,31.24701123195909,0.26181654753642214,-0.14503686084072878
2.143639344627885,-3.8309831893568345,0.008737595930577557,31.2705457482773,0.27323634677517655,-0.14468779499032994
2.4458513357602905,-3.3921098109687375,0.008892344483653399,31.284170524622382,0.2781969539248296,-0.1413716694115407
2.5142096679405816,-4.32409299505331,0.009079999663420645,31.3079185459414,0.28428370262453206,-0.143116998663535
2.290295056351519,-4.502880958861777,0.009269557699619261,31.33150994472734,0.2904375578831681,-0.14521139376592823
2.0042585936962816,-3.6828257746411635,0.009143702144781286,31.35633464115119,0.28672097500977767,-0.14119713648634125
1.8170190823145442,-4.428518345910465,0.00951181390252307,31.379755474314635,0.2984873962756208,-0.14206980111233844
1.3801702512130414,-3.274199977662388,0.009357084328884602,31.394617053302863,0.29377065299000354,-0.1361356816555577
1.1849092461374091,-4.412647781335578,0.009837013173458961,31.407148176424617,0.3089624961901513,-0.13596114873035828
1.0109953467290238,-3.6666549866478917,0.00982679467917111,31.42086313956739,0.3087763098656186,-0.13002702927357757
0.3522988028375383,-2.9521183484764997,0.00995768728343562,31.424690838578613,0.31292758725179864,-0.11746065865921838
0.04014133589383042,-5.15294611159108,0.01023065122262875,31.427440381858602,0.3215343993755672,-0.1207767842380076
-0.2078204675405611,-2.6957370646380436,0.00987145993706459,31.432630865582496,0.3102960353786087,-0.10855947947404729
-0.7819204747472647,-4.4735915886449655,0.009934775285261587,31.42565984777999,0.31221714076530227,-0.11152653920243767
-1.3325950754214138,-2.6893634455219595,0.009855977939911052,31.419970171911725,0.30968456056912347,-0.10210176124166828
-1.948971485068325,-3.1995536337847224,0.00970749508952752,31.403266622622862,0.30485663269616087,-0.09599310885968812
-2.5983815639292445,-4.34584787532992,0.009732425396339145,31.386720496836187,0.3054785607191358,-0.096342174710087
-2.5218023961614926,-3.678256388263773,0.009227960588212862,31.36162531481794,0.2894120574200817,-0.08918632477691024
-2.302751959082167,-4.431345075054801,0.00903812774320622,31.335455726561722,0.2832215637013023,-0.09250245035569947
-2.1286378340556955,-1.8757852574357434,0.008703950650915629,31.310532505402314,0.27253221204954076,-0.07923794804054256
-2.3134787975133455,-2.8208297285075505,0.008691432192536843,31.293084509772616,0.271988570908799,-0.0736528944341607
-2.461899363727281,-3.622098802006394,0.008814114871560738,31.26567403052874,0.27558637912073364,-0.07592182246175334
-2.7022611977161652,-3.5188587336622676,0.008125449563643751,31.241151116912945,0.25385398446323965,-0.07592182246175334
-3.609031541213452,-2.780329784774596,0.00775250966929874,31.215255109789158,0.24200141529614475,-0.07208209810736581
-3.525911896055721,-2.0533025478102482,0.007656253651497801,31.178094827447712,0.23871206667976405,-0.0656243798749868
-3.0597841768020726,-3.245511435294145,0.007558023217738737,31.141267493525397,0.23537090451643178,-0.06667157742618339
-3.2593930912161926,-3.7882439749786982,0.007498240811338067,31.114142908152473,0.23330570861023608,-0.07173303225696695
-4.016268058899612,-2.423437732268791,0.00675821409653997,31.07975740538691,0.21004685247921467,-0.07103490055616922
-3.8944277795090447,-1.0330908340429719,0.006653949491552157,31.04263792761461,0.20655919333633363,-0.059166661642607775
-4.371173247096281,-2.64220740185717,0.007012965121411347,31.002937080282365,0.21742608087698076,-0.05811946409141117
-4.739076837857091,-3.910954220095179,0.006689458901884651,30.95616152987742,0.20708305923373568,-0.06789330790257943
-5.477843248634113,-2.0987242278369305,0.006217138526921279,30.91066727609093,0.19217837649959493,-0.06806784082777885
-5.797619887836169,-2.8277793965661417,0.0060202431139040015,30.853965227154617,0.1857506157742786,-0.07068583470577035
-5.728016573999785,-1.7351178926202067,0.005820061415280267,30.797194595606044,0.1792435878155487,-0.06719517620178168
-5.122366639453995,-3.99603084839554,0.005938997121255802,30.73912086160956,0.18256169673174386,-0.07993607974134029
-5.350161036073654,-2.0466497436169115,0.005453160410870803,30.69352931267723,0.16737839802923993,-0.07696902001294993
-5.9900830900111846,-2.27261709530457,0.0057413398969472255,30.635358234522236,0.17588993711243017,-0.0783652834145454
-5.62517752455393,-2.063372374216003,0.005528695904051275,30.57872271936727,0.16906218159836964,-0.07993607974134029
-6.751021539769453,-1.6111678764128505,0.005811809326591335,30.52067333530679,0.1773823311036941,-0.07679448708775051
-6.939002589406791,-3.2106426660256377,0.006198863121885235,30.451298737031216,0.18876585059350512,-0.08482300164692443
-6.451034115586369,-2.85521444042117,0.005780923668408024,30.386117723155913,0.17566178395949775,-0.09023352232810683
-6.502959003103871,-2.1051802147787257,0.0056840925710701,30.319489572713664,0.17234064148889422,-0.09128071987930345
-6.705625668889894,-1.3430991892810153,0.0059103485158351916,30.251455284039363,0.17879872579017508,-0.08587019919812101
-6.610671706888062,-2.681476994031782,0.006461749965309492,30.182161333509363,0.1950322944306218,-0.09145525280450287
-7.281476849152787,-2.9048447141479428,0.006354064958447203,30.115652873821023,0.19135938995693336,-0.09878563566287905
-7.860018993635311,-1.1604784355364417,0.006416578932083589,30.04909703172173,0.19281504917406359,-0.09075712110370514
-7.652992285912941,-4.237638925324832,0.0069134549465990885,29.969886144212158,0.20719875870413956,-0.10314895879286488
-7.595316135313528,-1.3679820251414103,0.006589499540454848,29.895004615654198,0.19699597047212206,-0.09721483933608416
-8.38084720463901,-2.809373178437975,0.007079802237800167,29.815767574754023,0.2110932649273641,-0.10384709049366261
-8.646584088550924,-1.9602128363722884,0.007361519380814724,29.72805552981078,0.2188476102117877,-0.10227629416686772
-8.458583859079798,-1.825955210078439,0.007687379549699674,29.650358347730428,0.22793804848207125,-0.10035643198967395
-8.609555172114748,-2.597744273376536,0.008295081682268427,29.56120551032557,0.24521823871686815,-0.10227629416686772
-8.753257340846156,-3.2797095882923646,0.008228785532983602,29.475194747773944,0.242550530747932,-0.10821041362364843
-8.450727253177352,-2.353427564662259,0.008155994050549668,29.389114990475495,0.23970276206514557,-0.10663961729685355
-7.928054598555099,-2.771020935644382,0.00841405913988598,29.301745570136035,0.24655243849744113,-0.10855947947404729
-8.537346511599512,-2.6654176320072858,0.008718269921114434,29.22411385500125,0.2547901682092631,-0.10559241974565693
-7.625887856541354,-3.248641648690705,0.008967221519959843,29.1368797174545,0.26128385823520595,-0.10803588069844901
-7.6677669890898175,-2.8830110538194713,0.009097321637102479,29.061124922626313,0.26438569422853425,-0.10943214410004447
-8.034361257464171,-2.066041535323207,0.009047252796470298,28.985182269541585,0.2622434265014646,-0.10105456369047168
-8.601164149302283,-4.629784182933163,0.00933321021758376,28.907868371347167,0.26981104680419066,-0.10821041362364843
-8.153199161744539,-1.6273306628957598,0.008876266972681868,28.824137860925113,0.25585746245534347,-0.09651670763528643
-7.350327217496797,-3.2607747348197003,0.0094417613369213,28.735746562308073,0.27132412349177887,-0.09756390518648302
-7.783776566696478,-2.760419041469257,0.009194335808392124,28.660416664754678,0.2635209209176262,-0.09354964790689607
-7.528766471056538,-4.393825314065359,0.00911558726907412,28.58472496748323,0.26057377240993446,-0.0973893722612836
-7.812435869932913,-1.7396788259972054,0.008684297695560034,28.511373534455725,0.24760748012044853,-0.08464846872172499
-8.049266338271185,-3.223860959441621,0.008938191168522446,28.432239720594872,0.2541395618513669,-0.08290313946973066
-7.498788905799589,-3.0751401996344527,0.008667386080083285,28.35769593917157,0.24579325403374966,-0.08290313946973066
-7.751415485580266,-3.1719455550695357,0.008390625271847767,28.282684906621768,0.2373149799559528,-0.08377580409572781
-7.188534686519122,-2.163179416336163,0.008457660751078221,28.205680535358134,0.2385597654695417,-0.0757472895365539
-7.508271288228088,-3.8347975244891614,0.008345789281835306,28.12870087066242,0.23476166081892064,-0.07871434926494426
-7.05854090045726,-3.64743888709587,0.007700597335869542,28.0551587956946,0.21604575154310013,-0.0825540736193318
-7.407629677658459,-1.521290981396265,0.007399824153040105,27.98013703163228,0.20705187303307845,-0.07400196028455958
-7.832377534518073,-2.193616433686968,0.007684282469262836,27.911563367242735,0.21448455873140485,-0.06754424205218056
-7.397737046180061,-3.6717905845934293,0.0075528191743069045,27.835133560297503,0.21023772816464265,-0.07278022980816354
-7.166311966616836,-4.160231723384584,0.006706501867397717,27.762026790668482,0.18618887593880767,-0.08063421144213803
-6.672610103644616,-1.3359722801304195,0.006382465130713886,27.686983546571906,0.17671360659414095,-0.07138396640656808
-7.119725862945495,-2.794730391727545,0.006295683500041976,27.62032157362597,0.17389110023081328,-0.0715584993317675
-7.266251610222802,-3.395738034756172,0.006205128555567271,27.5534259716186,0.17097474468805424,-0.07679448708775051
-7.162550592302643,-1.673453574044424,0.005864417715221678,27.47820996428757,0.16114554864146374,-0.06946410422937431
-7.663628340980019,-4.290025346515055,0.0061240596326133595,27.410332026882482,0.16786460642495957,-0.08185594191853406
-7.217568163432443,-0.8667946609804095,0.005348429668414296,27.3282294376361,0.14616450682481735,-0.07086036763096978
-7.2883837118699395,-3.996850991885157,0.005600596806415038,27.259135985972563,0.15266902619240608,-0.07871434926494426
-6.860364511779582,-2.6356476500306014,0.004874098246002145,27.186121505528533,0.13250887647780768,-0.08011061266653972
-6.996707567358781,-2.1273841969655645,0.004755590588154181,27.11968000025549,0.12897106721892213,-0.07958701389094143
-6.738117247314116,-1.9334591116141975,0.004807519216397802,27.052936126425386,0.13005851227054352,-0.07522369076095561
-7.069094689409834,-3.8327131042566904,0.005045710180976315,26.983804294366138,0.13615361150512742,-0.08342673824532895
-7.812830713979672,-2.944112318116868,0.004292734386537096,26.910907590610268,0.11552208798507033,-0.0879645943005142
-7.329113263876065,-1.8699469650475258,0.004263820206575875,26.83498523806437,0.11442024569496094,-0.08639379797371932
-7.166054362575281,-3.1461087532756182,0.004297434287200597,26.76832343284501,0.1150358190903125,-0.09250245035569947
-7.121994751174827,-1.560722627849819,0.003890507315296026,26.692759607877477,0.10384890047436637,-0.08744099552491591
-7.091578232028971,-3.2013366375248005,0.004283575661589028,26.62422514575891,0.11404758039768768,-0.0973893722612836
-7.138516144480476,-3.830242825910962,0.0040390803163051145,26.54928000368185,0.10723525742697805,-0.10803588069844901
-6.7747374604378034,-2.047442791295626,0.0037873097987036215,26.47410590279498,0.10026612009426526,-0.10419615634406147
-7.233805561963096,-2.9570903336517826,0.003970784689477313,26.407162667234406,0.10485770831391342,-0.10943214410004447
-7.497585572492374,-2.7018333960237846,0.0041498245177235766,26.340534054398333,0.10930922150254921,-0.11606439525762292
-7.281271138791206,-2.351858700306235,0.00442746820103797,26.263500752173357,0.1162815742313818,-0.11938052083641214
-7.510659486540749,-3.945385318630632,0.004699476359731951,26.18711122712607,0.12306661612149172,-0.12932889757277982
-7.242022156314418,-1.7471491981081875,0.004214007243036688,26.11433932881405,0.11004666647716857,-0.12374384396639797
-7.632343432545498,-3.3730579620020698,0.004923111866753502,26.04556991184956,0.128226290252559,-0.13107422682477415
-6.852692623626406,-3.2999416987488055,0.0047998933742542625,25.97122797036439,0.12466008240456845,-0.13840460968315035
-6.916030911635728,-2.782529007187719,0.004843267343269005,25.89728454517268,0.12542845325356367,-0.1413716694115407
-7.521579630614881,-3.5765794177795205,0.005508512566118394,25.830571724335744,0.14228946813325577,-0.1434660645139339
-7.295359791396405,-3.786953256845933,0.005537823562562162,25.757072781987276,0.14263958269034838,-0.15079644737231007
-7.017570544784806,-2.1097933753281657,0.0057340135515053115,25.68171738191513,0.14726092942371935,-0.1457349925415265
-7.0244961805371275,-3.957389047957546,0.00620779458131947,25.614786982210102,0.15901337845273686,-0.1520181778487061
-7.170186180771144,-3.2372905381306594,0.006389165468733449,25.541733839199157,0.16319258444821563,-0.15132004614790837
-6.831650636497166,-3.0965843934623587,0.0065624724280528195,25.4684436603833,0.16713835864289373,-0.1494001839707146
-6.151193545749366,-3.851078735050148,0.0066332040347325755,25.403386241603947,0.1685083155422819,-0.15341444125030157
-6.383855523942616,-3.5855044125907067,0.006871698954652955,25.337929705061242,0.17411736569761102,-0.15097098029750952
-6.644285282927987,-4.003812378668277,0.007103042563892147,25.27384100452917,0.17952418760910038,-0.15603243512829304
-6.863421439046097,-3.7018673497905596,0.006939414387129322,25.211932203286725,0.1749588534765584,-0.15498523757709648
-6.727079407509401,-1.690929934022605,0.007073393241209312,25.13853308292029,0.17781769559038665,-0.14206980111233844
-6.379455933644844,-4.421991570711311,0.007888429964810874,25.069309971792308,0.19776159805419974,-0.15079644737231007
-6.892481693809923,-3.5828240237967566,0.00752717644322838,25.006539823720445,0.18823219247854556,-0.1499237827463129
-6.22947415946258,-3.731570136861053,0.007723164960589511,24.94230052610601,0.19263733157237184,-0.1518436449235067
-6.071493065437437,-3.173275587251653,0.007912050389899375,24.878137114036708,0.19684118192507724,-0.1492256510455152
-6.207329790289446,-4.029569559447889,0.007919512137446105,24.813693654979065,0.19651645650974642,-0.15323990832510212
-6.975895275278354,-1.1278167150138,0.007699568195756817,24.75183160739191,0.19058218156263765,-0.13980087308474579
-6.470149695089257,-4.977704127885119,0.008878370691994769,24.68007817166134,0.2191246402796454,-0.1494001839707146
-6.247127369280214,-3.7834623278900112,0.008469459608657373,24.617999741516005,0.20850613998371084,-0.1518436449235067
-6.187340211442369,-2.374855402792474,0.008225538665867971,24.556930094601082,0.20199853373438548,-0.14486232791552936
-7.174030310312576,-3.905171726705375,0.008594966710511917,24.489790784443176,0.21049411987435798,-0.14800392056911915
-6.651438208105024,-3.6228760373762707,0.008559655234342553,24.424969639202143,0.2090744253797297,-0.15132004614790837
-6.647574814880239,-3.490556505271141,0.008599056632943284,24.35169207261518,0.2094067407074957,-0.15446163880149816
-6.445409773929069,-2.7063153154661146,0.008721943173250256,24.287903944018858,0.2118430898208494,-0.1494001839707146
-7.026411993333998,-4.662408805682129,0.00906503207918601,24.22155388399903,0.21957517751504868,-0.15638150097869194
-6.530361650404771,-4.3986178775835105,0.008676312733901804,24.15017195594527,0.2095397024317044,-0.1624901533606721
-6.2797640682940035,-2.046430865007962,0.00877547239315303,24.086214441616743,0.2113733357929619,-0.15585790220309362
-6.823404364787312,-2.9073815741864824,0.009272025280946495,24.01963549452202,0.2227170499427853,-0.15742869852988853
-7.35450667873349,-3.9849549611586275,0.009762455252758064,23.953686033870927,0.23385421729172434,-0.1624901533606721
-6.710992408192297,-2.8004567676086665,0.009742219082012457,23.880759638153833,0.232658952904663,-0.16074482410867777
-6.395438705329168,-5.1805885636295494,0.010219324496030502,23.814044593363572,0.24337192147071074,-0.17400932642383465
-6.660742204297801,-3.572726246746694,0.009537781045968521,23.745241035838497,0.22648377761299143,-0.17400932642383465
-6.395287112444539,-3.321795098153013,0.010173148896305655,23.679147361949898,0.24089980238576614,-0.17540558982543014
-6.982609361747899,-3.2275796338087397,0.010390782335633088,23.616429467787352,0.24540201009217055,-0.1741838593490341
-6.156649534132876,-5.245496798836521,0.01091022905315263,23.541892395438328,0.2568576299795935,-0.18517943363659836
-6.104436923959145,-2.889769511104732,0.010459839784740696,23.483482285279603,0.24564242079282098,-0.17854718247901993
-6.336015182257466,-3.0553879395507657,0.011169507391067673,23.426715247183715,0.2616757512310287,-0.1731366617978375
-6.460363442315257,-4.971213114492318,0.011354230554046609,23.36369583345935,0.2652881893753957,-0.1816887751326097
-5.877794308464202,-4.627708916051476,0.0110089451405203,23.29308735010144,0.25644268089134026,-0.18465583486100007
-6.350891070869505,-3.3096644322024598,0.010932376850439691,23.232755727256023,0.25399936003415735,-0.1806415775814131
-6.227372292029608,-3.349798939333354,0.01150660378270596,23.16734122104211,0.2665891818739239,-0.17278759594743864
-5.895288977787809,-4.3221921424903105,0.011655286319763293,23.104616172139934,0.26930311146145497,-0.17348572764823636
-5.984889294606947,-4.01704461244496,0.011905399406930315,23.05099616268578,0.2744442826104392,-0.17296212887263807
-5.722493141890803,-3.8691757749276987,0.011617327489925937,22.990460061967823,0.2670997199227256,-0.17034413499464657
-5.656944957204951,-4.42635604265403,0.011565514394647819,22.92762514063929,0.2651816023675867,-0.1715658654710426
-6.145972806849683,-2.576068076160062,0.011369821333539198,22.877159168894984,0.26012042130082974,-0.15865042900628457
-6.218078225170984,-5.57187135408596,0.012146703928307731,22.80930392176101,0.27707148828141304,-0.1694714703686494
-5.749326374302881,-2.7296030273109086,0.011396086634769693,22.751769886393635,0.25929236565171265,-0.16196655458507378
-5.5887221206789155,-3.8894909666882076,0.011733781845068198,22.68620107987845,0.2662071517555427,-0.15987215948268058
-6.092736095935459,-3.66919624749154,0.01175468540184911,22.633520067799832,0.26606216221577417,-0.1589994948566834
-6.480419359716242,-4.107536326800785,0.0116507487184557,22.57101917841866,0.262981171891544,-0.15725416560468908
-6.081344897083607,-2.892180502746947,0.011537787973429898,22.508138115825325,0.25970564941241925,-0.15166911199830724
-6.075078845925803,-3.2576642875904733,0.0116700143574555,22.442813580838987,0.2619198470392532,-0.14905111812031577
-6.046579048667348,-5.413528660116996,0.011538980832097312,22.380728739078975,0.25826226240502437,-0.16406094968746698
-6.496383784302218,-3.181202900777497,0.010967410262623871,22.321561934875696,0.24481954348622484,-0.16144295580947549
-6.12307061744039,-1.8178567621607562,0.010816598474632459,22.259242786360417,0.24077868191515264,-0.15027284859671178
-5.757063825544431,-4.329142686131998,0.011522205645113229,22.19170772377548,0.2557087361779218,-0.1583013631558857
-6.021164662110123,-3.7771539770731506,0.011478952830388706,22.139310676392036,0.25414726573622515,-0.15865042900628457
-6.358504741310418,-4.173028138620808,0.011302132200770764,22.07740547664193,0.24953238037590453,-0.16283921921107095
-6.487943121222739,-3.5816593762879707,0.01111519639705888,22.01620439704697,0.24472451424870678,-0.16214108751027323
-6.388121336708334,-3.5275225793715066,0.010790287636346999,21.945133678150093,0.23680349504455894,-0.15987215948268058
-6.122436011653336,-2.6796901901749637,0.011195334821869959,21.880722785582748,0.24497225238966053,-0.15236724369910498
-6.210325614748596,-4.028386561944753,0.011373763616199946,21.826028309733395,0.24825479172111659,-0.15358897417550102
-6.157224157709855,-3.924919910845544,0.011017723072053584,21.755190899847065,0.23970236796719768,-0.15707963267948966
-6.093958436952444,-4.2975962669956775,0.010781858530062041,21.693784181857282,0.23390837593126368,-0.1589994948566834
-5.984476386945082,-3.5204841757126677,0.01053574084796946,21.632478067667023,0.22792261615895779,-0.1525417766243044
-6.184870534952695,-3.5856863524678535,0.010414057708675047,21.581171225252312,0.22475568773206847,-0.14852751934471745
-6.323911705359912,-3.643823652203907,0.010592476515896027,21.51761763760897,0.22793338431919466,-0.14503686084072878
-6.108667620821219,-4.911230306359859,0.010005493275344673,21.44767680127319,0.2146017473075449,-0.15079644737231007
-5.957812848252975,-2.979193596411897,0.009271953984709105,21.390188922304432,0.19833453099348747,-0.14538592669112765
-6.021159644694987,-2.1507570923202883,0.009386521147581848,21.335046049910723,0.20026774261526417,-0.130201562198777
-6.196546205382425,-3.5844291250164746,0.00980247553206385,21.267746095821188,0.2084832383849396,-0.12514010736799341
-6.521608933496061,-6.057378036274696,0.009587351687973233,21.2047400075484,0.2033035289805678,-0.1392772743091475
-6.200713282420424,-2.330280456834271,0.00804265937668251,21.14111183172024,0.17003442751262024,-0.12723450247038662
-5.702883749256334,-4.070228555706088,0.008432351433168797,21.074418217433838,0.1777111127018838,-0.13177235852557187
-5.655910373286214,-3.1979294552594233,0.007880227434506965,21.023290721761207,0.16567174161717851,-0.12671090369478832
-5.922041395739438,-2.9045295619970717,0.007172849208168947,20.962941413198102,0.15036659650078474,-0.11885692206081386
-6.519682502263778,-3.6616274101183026,0.0070570815042262525,20.908754816816,0.14755723647042635,-0.11903145498601328
-6.150964231026118,-2.111763823735041,0.006636936596680787,20.835616015629114,0.13828669291464485,-0.10943214410004447
-5.825279118690885,-3.779227520332554,0.006788123415416666,20.77833940246181,0.141048098671871,-0.11588986233242349
-5.990013276106106,-3.980144276610116,0.0060411350682927556,20.717931232317277,0.12516134351453292,-0.12025318546240932
-6.261398390013902,-3.303768579182892,0.005282467163470508,20.658307335887535,0.10912784520776903,-0.11990411961201045
-6.3133971047204325,-2.7855986059613116,0.004972985073477433,20.59485162589163,0.10241873401901704,-0.11920598791121272
-6.000431564434587,-2.9248797791607632,0.005116022979413629,20.527948633162268,0.10502237320346543,-0.12112585008840648
-5.650239416150775,-1.7906469828949185,0.0047699249010868675,20.474250862205118,0.09766137968973412,-0.11588986233242349
-6.136999853628888,-4.706455038248164,0.005055112641520399,20.416876265457116,0.10321048846394447,-0.12775810124598494
-6.219655217433979,-3.411200966166176,0.00362357138011313,20.35149909550832,0.07374543243096662,-0.1296779634231787
-6.330768521047341,-3.0712363109108374,0.0034418166902567904,20.28803163222054,0.06982796161417372,-0.13334315485236678
-6.09463234323368,-1.4144561825260797,0.003075722624478145,20.22482963231625,0.0622061622346642,-0.12671090369478832
-6.2102766719252305,-3.1559276924057107,0.0037990097733480903,20.164996764127324,0.07660738833155248,-0.1340412865531645
-6.5516172976050875,-3.415509933427521,0.003591181723969141,20.101640599714344,0.07218895467411532,-0.13980087308474579
-6.559263539176792,-3.842016074843292,0.0033732000386717366,20.038789800090978,0.06759510290527122,-0.1466076571675237
-6.070501978879176,-2.155789941348478,0.0031449977985987723,19.97640888934078,0.06282596911847604,-0.14329153158873448
-5.820378931516683,-4.215617997528485,0.0035549236882241615,19.91033148688878,0.0707800072037533,-0.15760323145508795
-6.04187290559685,-2.304686889827794,0.0030068378264705656,19.851024321093,0.05968899070714635,-0.15533430342749532
-6.298316518445486,-3.6427472960148,0.003567305203981687,19.794437533106496,0.0706130995549119,-0.1589994948566834
-6.016721349935233,-3.5489731250528602,0.00299741008637096,19.735024766836514,0.059154139447144954,-0.16301375213627037
-6.157143869183156,-2.6681418560725443,0.002892975494904175,19.672531766111042,0.05691231109437705,-0.16214108751027323
-6.153922978374524,-3.6143436348315663,0.003257682724255213,19.606437470752926,0.06387177857916888,-0.1694714703686494
-6.289072449940246,-2.540215029643951,0.002826475713052117,19.54743864044665,0.055250507701133926,-0.16702800941585735
-6.299100010205247,-4.061334659961157,0.0033464137747429216,19.4818683533653,0.06519463597599917,-0.1731366617978375
-6.006475472099591,-4.216346890112949,0.002890936426371377,19.42280278706184,0.05615024450490576,-0.17976891295541594
-6.149590669638402,-3.485275717842247,0.0029066296492890327,19.36055964831514,0.056274135177978,-0.1825614397586069
-5.833607615061955,-2.693149886650804,0.0025997982398689766,19.301891700724987,0.05018113712701783,-0.18186330805780915
-5.686379745492955,-4.140914241267736,0.0030789880166686816,19.23581123498363,0.05922701944421618,-0.1890191579909859
-5.6157272694724085,-4.782536278879857,0.002930018049854958,19.186623249316753,0.05621731331167671,-0.19460421159736774
-5.9111711432410905,-3.3728204441317438,0.00258595622893861,19.128172993233374,0.049464728359792515,-0.1916371518689774
-6.295414237691999,-2.9899567791476334,0.002718348991090797,19.066012077245485,0.05182820235450783,-0.18832102629018818
-6.134196707828939,-3.492053482093744,0.002839134184921889,19.00368479184585,0.053954156101202515,-0.19181168479417682
-5.662076646077218,-5.158868624238543,0.0029480765000210424,18.942070740449118,0.055842835391328234,-0.2064724505109292
-5.873823250018492,-4.392305765347213,0.0020572252460652487,18.887353764556217,0.03885559581039566,-0.21066124071571557
-5.974625461592235,-4.2394730449503575,0.0018193493214284614,18.829329868725555,0.03425716631706522,-0.2139773662945048
-6.1083499510186625,-2.2570061983198126,0.00223764885557518,18.767311609229083,0.04199472343484454,-0.205599785884932
-5.740467909906095,-4.9503386383756895,0.0027923443782822623,18.701876114731373,0.05222221436116454,-0.2181661564992912
-5.632660461698298,-3.673098565251826,0.00219000342002019,18.647778424843768,0.040838763815343064,-0.22130774915288098
-6.028582298938097,-5.015669158645388,0.002395720342406413,18.585985594502112,0.04452690895949503,-0.22898719786165606
-5.534162463369395,-4.257038694395919,0.001761617828039843,18.53232379484247,0.03264690576302743,-0.23230332344044527
-5.42581674928726,-2.6520745070344365,0.002288631377488073,18.470701666628475,0.04227270120428427,-0.22689280275926285
-6.173613701146218,-5.716575929811597,0.0026584173160440604,18.418255674694542,0.04896352516171387,-0.24225170017681297
-6.114610271865663,-3.2768908160468726,0.0019467854513008915,18.35567001883721,0.035734596485956,-0.24190263432641407
-5.994136450805503,-5.113540217242119,0.0029381570804342194,18.290839918571873,0.053741515459924075,-0.24958208303518914
-5.850235270440832,-4.322963868660631,0.002398973634283786,18.237755389220865,0.043751978259254865,-0.2516764781375823
-5.696683005583196,-5.008797796474261,0.002524236956447031,18.180776653664804,0.04589268579871153,-0.2595304597715568
-5.734714538373751,-3.916379649160954,0.0024594347250342266,18.123433261514855,0.04457349097257503,-0.2605776573227534
-5.206490356723894,-4.653311372883506,0.003062983872923898,18.062909991632434,0.05532657502480291,-0.2649409804527392
-5.065871222522062,-4.61851999776095,0.003142072695665488,18.00596086341654,0.05657622417348802,-0.2684316389567279
-5.601096865996767,-4.001362972048216,0.0030876932284152076,17.962563389408395,0.05546306160139412,-0.26651177677953414
-6.151102190965638,-3.8974120558338265,0.003648261396343299,17.902017539948062,0.0653115292692852,-0.2624975194999472
-5.7691288794414755,-5.2043628079417,0.004194897692062068,17.84170817256034,0.07484457945354576,-0.27174776453551713
-5.44452904476129,-4.928150553336184,0.0034715813898624484,17.780449824215918,0.061726526686839804,-0.27820548276789614
-5.394852688638296,-5.046219280488785,0.003643934125423374,17.72443252602874,0.06458695040296517,-0.2829178717482808
-5.65837217457618,-3.607333517422538,0.003974225110022125,17.66836557125365,0.0702184317942423,-0.27715828521669955
-5.969638452643078,-5.070327321088292,0.00468888203252872,17.617457777755977,0.08260678662083518,-0.2794272132442922
-4.730681126809185,-5.481607721126493,0.004580293393884305,17.552679167795773,0.08039698265645857,-0.28501226685067405
-4.7934752816609425,-4.728704975994867,0.004577046853086326,17.510383587565734,0.08014640576849667,-0.2853613327010729
-5.31199479940828,-5.831341148644341,0.004146561818215334,17.459028149819176,0.07239535443096513,-0.28780479365386497
-5.239482553864946,-5.417531673657877,0.003871538600841185,17.408263108435705,0.0673970993323759,-0.28745572780346607
-5.383906354902589,-6.380030261073923,0.003925465149556308,17.352774935891883,0.06811806314265693,-0.2918190509334519
-5.3815586147210865,-4.60580159379773,0.002844101202686833,17.29717825670243,0.04919505812787374,-0.28780479365386497
-5.6560871966566655,-6.158090402231683,0.003106897016382506,17.251571025778205,0.05359902700840353,-0.2960078411382383
-5.586389187600349,-4.160213360009774,0.002505286918020149,17.1922211496792,0.04307153685033421,-0.2897246558310587
-5.098898692573719,-5.70215596851454,0.0031838950092296253,17.13364536406459,0.05455191229900001,-0.2946115777366428
-4.898957160652835,-5.107344258373138,0.0027928426434002712,17.083280496849277,0.04771103830905632,-0.29408797896104455
-5.37841655161256,-5.525052430018967,0.002909622689480761,17.02893315696828,0.0495479101138651,-0.29688050576423547
-5.148620778751116,-5.503990639723473,0.0024796670954996746,16.97956879570761,0.04210376433368285,-0.29932396671702755
-5.174881605653791,-5.768542157038135,0.0020298550803346787,16.93029643973784,0.034366095439461376,-0.3036872898470134
-5.160243880419875,-4.4464193317551075,0.002089855611916416,16.876599364476682,0.03526970723870562,-0.2984513020910304
-5.51541466629607,-5.593150598501242,0.002131316532574529,16.823021989090616,0.03585523918415956,-0.3012438288942213
-5.5628672046426875,-5.824348280042147,0.0017970463996438957,16.77402248541397,0.030143729163442025,-0.30700341542580256
-5.2726282622601355,-5.03988919199011,0.001527390449139318,16.712052234551585,0.02552584881850913,-0.3038618227722128
-5.140063559490374,-7.061344856790821,0.0016836257304911875,16.658836551410577,0.028047272358898548,-0.31398473243377995
-4.734701524220925,-3.950250294467831,0.00047442949002741796,16.606464098927788,0.00787859688472658,-0.3035127569218139
-4.69272217036654,-5.782521841020442,0.001229264503498663,16.557807994286865,0.020353935875342198,-0.3073524812762014
-4.721127706497009,-6.027259368884311,0.0007915257506368786,16.510057904381757,0.01306813870494387,-0.31485739705977706
-4.924315558704464,-6.383588095858846,0.00033300276066454995,16.462056138657307,0.005481910343018898,-0.3211405823669567
-5.108299736181183,-5.774391323383077,-0.0005081898843052072,16.41898558971363,-0.008343963105540956,-0.3206169835913584
-4.967810176371867,-5.505304799798048,-0.0004723412957879113,16.366957932605494,-0.00773079069292249,-0.31677725923697087
-5.355651952869617,-4.858586774592376,-0.0009938012020702803,16.320187944419363,-0.016219027736701877,-0.3113667385557884
-4.907018073635518,-6.348736728125196,-0.0007571249402103425,16.254760107585614,-0.012306886626181719,-0.3216641811425549
-4.853598163980704,-6.664223689942919,-0.0018619077615134958,16.212916462556528,-0.030186989881496422,-0.3314380249537232
-4.707724334654895,-6.108702034494198,-0.0022750497944030606,16.166309475652668,-0.03677922250346056,-0.33667401270970615
-4.826863215884894,-4.812033876681249,-0.0028413149246093025,16.111076411589682,-0.045776765046187454,-0.33423055175691413
-5.0546825870940415,-6.200597022499954,-0.0024510931445900913,16.068532735776078,-0.03938554930657109,-0.3417354675404898
-4.987747371923281,-6.899717793242146,-0.003240142634549133,16.01447207227571,-0.05188935531852312,-0.35168384427685745
-4.876628393371753,-6.3284450480891925,-0.003567513169455562,15.96921051604248,-0.05697061051316747,-0.35726889788323923
-4.487782690841491,-6.12033433364332,-0.00406038786570043,15.914952705415757,-0.06462123598003594,-0.3626794185644217
-4.71581889965913,-6.3811985582189905,-0.004259992727448062,15.869735524943788,-0.06760536688026846,-0.3679154063204047
-5.188660541681655,-5.662033650138563,-0.004481500974123283,15.824906051722186,-0.07091980666778101,-0.37105699897399447
-5.246845181417516,-6.098405437540474,-0.0047251027861476246,15.780039069531583,-0.07456286148542476,-0.3787364476827695
-4.6514284678021705,-6.798370778563637,-0.004603481085059423,15.722233358959302,-0.07237751515926805,-0.3871140280923423
-4.256696876853823,-6.211978302522919,-0.005596918302449578,15.67503845664242,-0.08773282572287884,-0.3933972133995219
-4.604051659750856,-5.249484660956604,-0.0054014462795761815,15.639769268612532,-0.08447819509893503,-0.3933972133995219
-4.9196945386103135,-7.151250326470224,-0.004844088694458499,15.590685054199893,-0.07552325193345515,-0.4059635840138811
-4.846224411066105,-5.933449837341598,-0.005195888376158151,15.538609951731598,-0.08073760939580228,-0.4064871827894793
-4.370737298366171,-6.955127942587865,-0.005229996959252579,15.4955431624105,-0.08104238253659064,-0.4150392961242516
-4.625837161984263,-5.9444407100322145,-0.005461918754641786,15.44457270711765,-0.08435784019811375,-0.41486476319905213
-5.012092034795112,-6.66092148557,-0.005369810553088855,15.401940209507,-0.08270629601821955,-0.4188790204786391
-4.736647244915837,-6.022205742111932,-0.005656841785193574,15.351710431528213,-0.08684312336780416,-0.41922808632903796
-4.621377947989276,-6.58021740713241,-0.00506809261011922,15.30432301265265,-0.07756439045944453,-0.4230678106834255
-4.374229221404683,-7.378566732735843,-0.005047249936277812,15.26246647658951,-0.07703413709384996,-0.4316199240181977
-4.545377142121211,-6.440548286485523,-0.005786636913254047,15.218077572028427,-0.08806247235811504,-0.4317944569433972
-4.4505612007310775,-7.901839848967319,-0.005465392785648403,15.163069421647608,-0.08287295537971204,-0.4405211032033688
-4.358888483730373,-4.808191174954105,-0.006809489790053966,15.125298648389885,-0.10299715868625732,-0.42865286428980737
-4.318211336009494,-8.797144322683325,-0.005247665165868763,15.082087319223533,-0.0791464707665795,-0.44767695313654554
-3.927056091442519,-5.401730808150599,-0.006850802740727039,15.036704582565163,-0.10301510859058714,-0.4415683007545654
-4.184142617661873,-7.354523886314878,-0.005876481826174173,14.999287914876499,-0.08814405746704272,-0.44802601898694444
-4.484424563324502,-6.929814953839085,-0.006609495467174093,14.956678839635732,-0.09885754054347688,-0.4497713482389387
-4.2529432929180455,-6.558755750496587,-0.006435920560579362,14.917495541417766,-0.09600914187159493,-0.4483750848373433
-3.9157414688201335,-6.832352290651454,-0.006855414074488555,14.870460455360593,-0.10194476092732926,-0.4529129408925285
-3.8114524472993314,-7.9408094898226365,-0.006731412841673963,14.831708985110168,-0.09983986430950671,-0.4680973053848792
-4.047011499651599,-7.776626228188701,-0.007401630837997753,14.791284662497974,-0.10948162798442758,-0.47542768824325543
-4.35064708472276,-5.5159428109324375,-0.0075196701360395945,14.759534445861117,-0.11098892237472063,-0.4677482395344803
-3.8527775634649712,-7.628575793765185,-0.0069262606088260495,14.715018573087669,-0.10192168333869413,-0.47263516144006446
-3.7115707134366818,-7.683839683385345,-0.006962546100386925,14.669342697869121,-0.10213762524514935,-0.4778711491960474
-4.153919596713086,-6.5952815958854805,-0.007744292524561449,14.630833590897689,-0.11330772039007533,-0.47595128701885364
-4.29736960672868,-8.249201648940415,-0.007593558827780302,14.594210952370913,-0.110824129538717,-0.4853760649796231
-4.193667470707884,-7.933237805771449,-0.008256126999383075,14.556160046261907,-0.12018023661820833,-0.4904375198104066
-3.551245053331337,-7.665844326003998,-0.00883953573706597,14.504312493355412,-0.12821472809880868,-0.49357911246399644
-3.401115185007521,-6.466295306640808,-0.008956946140077299,14.474359004322716,-0.12964952115811032,-0.4871213942316174
-4.01615357979779,-8.292721695824634,-0.008733155140554897,14.438724701762936,-0.12609882863699115,-0.49357911246399644
-4.181862716816756,-7.0002960363319495,-0.009509250895206274,14.402340349065565,-0.13695959611172012,-0.4930555136883981
-3.914331211868052,-8.889954236570274,-0.009779321157125534,14.359867952448122,-0.14043423732460142,-0.5014330940979709
-3.6849273637445923,-6.785480152253529,-0.010889330319128443,14.316669544864666,-0.15590510607255956,-0.501084028247572
-3.6024796026676196,-8.141243230370785,-0.010594828560485464,14.282735271120535,-0.1513287938535157,-0.505098285527159
-3.6933236015495248,-7.514619144598624,-0.011312686391578917,14.247912303313857,-0.16118903983722307,-0.5077162794051505
-3.7116298900468347,-8.32926661014226,-0.011528305597775955,14.206859070313648,-0.16378826893162218,-0.5169665244407204
-3.553981439387919,-7.36949760757596,-0.012303321068312324,14.173154911653164,-0.17438567453700407,-0.5188863866179142
-3.4839501112018905,-6.476483431068639,-0.012461270931143926,14.147283927433572,-0.17630226365156448,-0.5138249317871306
-3.2910845766345727,-8.045409325418733,-0.011585469049902167,14.108852925568575,-0.16346499255654592,-0.5202826500195097
-3.4907613779296742,-7.54532174488462,-0.012438136249882548,14.075986993726433,-0.1750880733031425,-0.5241223743738972
-3.141228548152762,-8.813202658418822,-0.012444748913481208,14.037214999499026,-0.17469863483568704,-0.537735942539453
-3.587767417905684,-6.085462080510071,-0.01370114128694983,14.012024371722186,-0.19199273949062814,-0.5276130328778859
-3.651986385710132,-8.301578184947209,-0.012753216415955561,13.974995075894212,-0.17823579974546705,-0.5340707511102649
-3.5419267030771864,-9.461236773772303,-0.01301812892205177,13.937431175516885,-0.18144952618629615,-0.5492551156026155
-3.8097139619469926,-7.235537103365395,-0.014498636868898874,13.906718347678432,-0.2016425886869039,-0.5450663253978292
-3.602489494549925,-6.914614326819809,-0.014649388839755932,13.870141966868111,-0.20320363928803473,-0.5420992656694388
-3.4855312857167786,-9.377016035559885,-0.013807458254566472,13.834072766479975,-0.19102552177915919,-0.5557128338349945
-3.3681265105099785,-8.159346775635019,-0.01486370058924525,13.798528156141574,-0.2051122964331823,-0.5619960191421741
-3.7614345879399096,-8.168014602659488,-0.015438319371361399,13.77049859191367,-0.2126102467294813,-0.56635934227216
-3.4352572133325405,-6.761235947853301,-0.01604930193827855,13.728620264039787,-0.2203536917132188,-0.5616469532917753
-3.327273884401571,-8.898259155431719,-0.014965683244158666,13.694587065456398,-0.20496415446465385,-0.5712462641777442
-3.1793800027930583,-8.215730328865897,-0.016150392448072245,13.660511459282379,-0.22064180515710302,-0.5768313177841259
-3.259190414119719,-8.38515046569056,-0.016485583015851558,13.634334397610642,-0.22479031603463445,-0.5813691738393112
-2.7575033223871843,-8.27361084082068,-0.01651766602089148,13.601454020708253,-0.22468470910710633,-0.5794493116621174
-2.6209446389991786,-9.30799222789876,-0.017076471131348046,13.576743638270555,-0.23186540900594835,-0.5888740896228868
-2.3790605041278554,-6.648296986927676,-0.018030076178295995,13.545521994224002,-0.24425326158462768,-0.5771803836345248
-2.5486695414972944,-9.430055876225097,-0.01704566313618404,13.527783142932856,-0.23061237003051735,-0.5867796945204935
-2.314424251843186,-7.741818454959103,-0.01854327588450386,13.504247099861505,-0.25044168529161265,-0.5841617006425021
-2.7111557418775765,-7.112444609061361,-0.018146248246918045,13.480549418280276,-0.2446482499462197,-0.5784021141109208
-2.7392093516213256,-8.054710702003817,-0.017768043106631815,13.45723640588921,-0.23913392221288396,-0.5794493116621174
-2.7836704747388685,-8.534996592954943,-0.017798905678214173,13.427699918106278,-0.23902360582674814,-0.5838126347921033
-2.5697052798565205,-7.618205025966735,-0.018512481995914987,13.40610253749943,-0.2482085871949575,-0.5799729104377158
-2.4866540654037492,-9.620132744798886,-0.01876657648484659,13.37804638526708,-0.2510896080127692,-0.5881759579220891
-2.1783273657724065,-6.526749677755213,-0.01992711957060929,13.350786508640722,-0.26607793902304305,-0.5785766470361202
-2.50817062868151,-9.590642185171914,-0.019071857757552022,13.335891247352535,-0.2543710629714169,-0.5874778262212914
-2.5737492495607968,-7.490255580366997,-0.020277472610820874,13.310015846940368,-0.26993047910225165,-0.5839871677173026
-2.512583595993175,-8.379228290929568,-0.020452842511499203,13.283472293724477,-0.27172265678165985,-0.5843362335677016
-2.6812246167987084,-8.448706194833408,-0.020827771878431572,13.256802289264346,-0.2761495859425278,-0.5850343652684993
-2.5152284830196336,-8.595193297649484,-0.02151360502632951,13.239016044611251,-0.28486291167146555,-0.5888740896228868
-2.681484065657042,-7.1601714765260125,-0.02193178975755068,13.214221558504892,-0.2898580047499663,-0.5806710421385135
-2.333357704859289,-9.359395996925134,-0.021742478100879842,13.181848618403345,-0.2866512263947025,-0.5899212871740833
-2.221297000356622,-7.524814855875423,-0.022489243294452423,13.16566828033327,-0.2961358439273075,-0.5888740896228868
-2.3235603442945156,-9.32096222874214,-0.022975785315374503,13.14237875039267,-0.302009616860427,-0.594982742004867
-2.356786246323197,-6.8135151014738495,-0.02437607202647726,13.120404372312796,-0.31988728275534595,-0.5880014249968896
-2.8160879075793637,-9.510486288353457,-0.02366881444177685,13.095719926673231,-0.31001805911409414,-0.5960299395560635
-2.5225544296791207,-9.080850905533865,-0.024670898847357337,13.068054489696234,-0.32246607644368613,-0.6054547175168329
-2.3726310723116164,-7.213692439976656,-0.025964629918619427,13.04911398333537,-0.3388915747075327,-0.6024876577884426
-2.590793245706084,-8.865766645977333,-0.02532059280544158,13.026329066413606,-0.3299048812923408,-0.6078981784696249
-2.333384557388215,-8.69097413432085,-0.026226385963202262,12.999899673756623,-0.34101857675562597,-0.6171484235051949
-2.4414795068306017,-7.780524532647303,-0.026343720440760176,12.980194757600142,-0.34202574662084045,-0.6155776271784
-2.5150491106175816,-8.338314964179663,-0.026654694056034416,12.96095550535682,-0.3455521426685488,-0.6209881478595825
-2.7170118285900435,-9.889782783245764,-0.026564523900722076,12.933733090015988,-0.34365930273544504,-0.6342526501747394
-2.4614332551356006,-7.9579583019187075,-0.02828794214561289,12.91296627003026,-0.3653787075893158,-0.6346017160251383
-2.592314448209244,-8.184923253131839,-0.028073174861080637,12.887443811591535,-0.36188653660318504,-0.6386159733047252
-2.5654803125759598,-8.657298550101205,-0.02811874309754612,12.870254299545262,-0.36199078360395476,-0.6447246256867053
-2.4906090849149733,-8.996360586680753,-0.0284385387171822,12.840316410011239,-0.36525830828768113,-0.6553711341238708
-2.3591282239580007,-9.487698008097425,-0.029192199655264293,12.819103154176124,-0.37432415580330974,-0.6665412413366344
-2.7210036838720972,-7.9509014278091295,-0.029794614505843257,12.798611936756553,-0.38144258683003124,-0.6646213791594406
-2.65800256063994,-8.466746580293096,-0.02935003339621023,12.775575213551212,-0.3750712638793349,-0.6658431096358367
-2.567928587893631,-9.142497986295046,-0.029433270997319676,12.747857185822818,-0.375319523395277,-0.675616953447005
-2.6536858094420617,-7.3617294679117755,-0.03010580148566096,12.729503616348811,-0.3833477328089493,-0.6702064327658225
-2.8180982447205007,-9.119817327255106,-0.02917518296030587,12.69897769771673,-0.3706001542495484,-0.6775368156241988
-2.184146129714625,-7.950411018782592,-0.02934065778795725,12.673563445559681,-0.37195743032141176,-0.6794566778013925
-2.7641899068118354,-7.566053649324738,-0.02884054602775929,12.652903301667468,-0.36501785016464433,-0.67404615712021
-2.6350508523325393,-8.674271557546911,-0.02853453028212884,12.632955821212652,-0.3605733276807269,-0.675267887596606
-2.773223539749015,-9.394931821199936,-0.028777263530967757,12.608403751806497,-0.36293554904934,-0.6819001387541845
-2.3735416106339953,-7.328176232531432,-0.029753876973862156,12.579650758171022,-0.37440387328787156,-0.6770132168486004
-2.4964184755872236,-8.123839790471298,-0.028273425491897267,12.557117146549226,-0.3551273490927495,-0.6749188217462073
-2.16256376518341,-8.067898536104154,-0.028594032028991672,12.53491547542944,-0.3585214911995749,-0.6707300315414209
-2.1950683981499526,-9.16374501887873,-0.02839699017992014,12.517629542408045,-0.35555858117894434,-0.6770132168486004
-2.404022226047082,-8.104113852806043,-0.028764878491486342,12.496047528312284,-0.3595464593451258,-0.6729989595690136
-2.43877869601151,-7.501042371334286,-0.028264737934857186,12.470637932928106,-0.3525732077614713,-0.6625269840570475
-2.363473844015768,-7.356738635363235,-0.02778993536848692,12.445393138533188,-0.34594573125565137,-0.6522295414702809
-2.170050340196455,-10.160203557982525,-0.027672197627169277,12.430193509611792,-0.3440585968421821,-0.6618288523562498
-2.336492462707726,-8.054122997709582,-0.029040529604992316,12.406825984049208,-0.36040211831617336,-0.6618288523562498
-2.444185283077723,-7.918965041092502,-0.028809898941713107,12.383695320886725,-0.356871751924149,-0.6445500927615059
-2.2870225851204076,-8.911919775113663,-0.028922766446351618,12.3700869480924,-0.35787693245595165,-0.6436774281355088
-2.288614833488342,-9.362265275078771,-0.029480917612793252,12.343205665309164,-0.36399448758339353,-0.6473426195646969
-2.174018522225015,-7.7664632937838896,-0.0311258003958522,12.32304343513789,-0.3836885060194182,-0.6408849013323178
-2.3670491909644458,-8.887970104312034,-0.030986988734502636,12.302043387725426,-0.38132533637963406,-0.6419320988835144
-2.006137054021607,-6.776112381831053,-0.03209892863625503,12.2874417718837,-0.3945492326458136,-0.6309365245959501
-1.9996211213319033,-8.74418732117949,-0.031120218998472372,12.262156571112033,-0.3817242350829193,-0.6351253148007365
-2.1254111105003672,-8.05973668668037,-0.03210168826558347,12.246885896128967,-0.3932808169151191,-0.6328563867731438
-2.246578745201368,-7.54924105754081,-0.03221925105401956,12.227852325382477,-0.3941086254737563,-0.6297147941195541
-2.036285548372545,-7.862993343342857,-0.032355806547803775,12.209566760920788,-0.3951882970827145,-0.6276203990171609
-2.213337670556519,-8.010455896062108,-0.032512275934335845,12.191515709470464,-0.3965136439800624,-0.6281439977927592
-2.0483074267114025,-7.880876627799447,-0.032686143521948825,12.174476353939937,-0.3980784583902668,-0.6291911953439558
-1.9503991565859051,-6.771010474310331,-0.032878997391158724,12.1576824633512,-0.39987651301228866,-0.6173229564303944
-1.828955698529072,-8.30841814569345,-0.032999542368332024,12.13197021577328,-0.4004948513007323,-0.6241297405131722
-1.9355175304158638,-7.178148422466265,-0.03323518713471912,12.11512293998557,-0.40279669573718435,-0.618370153981591
-1.947567467927247,-7.592111970061937,-0.03270026767637937,12.10297102121708,-0.39591151918719425,-0.6147049625524028
-1.9332655310089537,-6.8963648414084275,-0.03313901066206624,12.087793317405486,-0.40072421334643266,-0.6101671064972176
-1.8106130400144889,-7.646410841916103,-0.03255596964355548,12.067242702395545,-0.3929996425279373,-0.6073745796940268
-1.612048544947227,-8.41626454407682,-0.03302784366085258,12.053281303595378,-0.39823870572549724,-0.6110397711232147
-1.8983541164249635,-5.824536356211384,-0.03431123112656619,12.036391100141127,-0.4131455363439103,-0.5965535383316618
-1.779689314121304,-7.677030451536246,-0.033163061286886744,12.019361446700223,-0.39874500941470475,-0.5948082090796675
-1.6628153242425183,-7.742988259300173,-0.03385808635567883,12.005968727145302,-0.4066545300104623,-0.5937610115284709
-1.4137902624560303,-6.420947859634253,-0.03456356347370964,11.994205038128616,-0.4147276303675883,-0.5850343652684993
-1.835499336738557,-8.697740904790566,-0.033456551561996055,11.978184584349435,-0.4008983419579678,-0.5904448859496817
-1.3848587394024923,-6.409704684812841,-0.03499570802769889,11.964445329200313,-0.4188752481973943,-0.5803219762881145
-1.6013368968665176,-6.955439141508662,-0.034899987918701025,11.94650164204101,-0.4171021214648757,-0.5754350543825304
-1.3903031131234174,-7.5696369259134215,-0.03502576047465153,11.938531918990368,-0.41832724190317866,-0.5752605214573311
-1.329301682466053,-6.76029162245298,-0.03597151441435174,11.928545611089593,-0.42927301895146225,-0.5705481324769462
-1.3626442098252032,-7.148463333536853,-0.035102458681280944,11.914500350435693,-0.41840011882702627,-0.5721189288037413
-1.3791483140264778,-6.026500388818707,-0.03607022157661791,11.905433262252915,-0.4296179516020362,-0.5644394800949663
-1.1493708969862604,-7.360263811462413,-0.035398305613190406,11.891997043906684,-0.421132459018124,-0.566010276421761
-1.1234438983017154,-6.757568468076485,-0.03573895014394184,11.88657381563338,-0.42499462904769736,-0.5633922825437696
-1.3001612344164395,-6.201142122577829,-0.03573593845973112,11.871094334987939,-0.4244053753150527,-0.5564109655357923
-1.4488450666350663,-8.635223019369151,-0.03526958168661069,11.858846160273085,-0.4184300588510652,-0.5653121447209634
-1.1946011517212416,-7.486228218257549,-0.037109739176852494,11.85053607355053,-0.4399722880879085,-0.5682792044493538
-1.1725579434877262,-6.165111173594408,-0.03830990806378035,11.843957564578155,-0.45396303328204,-0.5604252228153792
-1.1301070399944597,-7.655837249358158,-0.03769948953051026,11.832906211949966,-0.44630598157291046,-0.5672320068981571
-1.2472353649017016,-5.9127365647684,-0.03858689235713348,11.817865295132782,-0.4562411583412808,-0.5595525581893821
-0.9872761208190118,-7.229222637242321,-0.03799635434643539,11.808037710802733,-0.4488784244834421,-0.5642649471697667
-0.8796574801293352,-6.662407125703065,-0.03839474691784808,11.805654641488443,-0.45349798641138417,-0.564788545945365
-0.8881405753182303,-5.84776030879543,-0.038483058014286746,11.79371367185701,-0.45408234667983016,-0.5600761569649804
-0.6860864508402793,-7.468844329152646,-0.038052544382176354,11.79438661377717,-0.44902316894316474,-0.5672320068981571
-0.519387524674953,-5.4308569846066765,-0.038459871530633155,11.79319972631774,-0.4537887107721576,-0.5600761569649804
-0.5560076897001855,-6.735979304681723,-0.0379056950086661,11.784194369780312,-0.44690214075554063,-0.5611233545161769
-0.4047464275729332,-6.411597542076596,-0.03831850616152477,11.783783146097397,-0.4517580953986397,-0.5602506898901798
-0.5282961490000321,-7.485186564503916,-0.03777622583396779,11.77543008893933,-0.4450430250213381,-0.5668829410477583
-0.5534589878929158,-5.566461623095714,-0.03801775678929066,11.776131328766176,-0.44791791693423705,-0.5619960191421741
-0.3206474164507871,-6.38107956763814,-0.03759204186131137,11.778548861767925,-0.44298839293587117,-0.5605997557405786
-0.35450829639924425,-7.486453489709053,-0.0370619527629764,11.771401617925516,-0.43647099284273483,-0.5670574739729577
-0.193553020127834,-6.188689377558113,-0.038148951277561884,11.771217947269419,-0.4492775920192853,-0.5640904142445673
-0.3509174151016729,-6.978814098713073,-0.03771939760975704,11.77518588617696,-0.4443636782732129,-0.56635934227216
-0.2749161864256066,-6.068330720535369,-0.037871555298717434,11.76746270899022,-0.4458652965595882,-0.5626941508429719
-0.3656250033162049,-5.378805944135483,-0.03744360721799401,11.771062054330958,-0.44095712081311983,-0.5574581630869889
-0.32753151493919497,-8.17583569829727,-0.03608695252478301,11.7666151964665,-0.42480570362866177,-0.5689773361501514
-0.3172498173717667,-5.170773925088195,-0.03819094891147842,11.767835090851452,-0.449643418936359,-0.5565854984609917
-0.4692731235585169,-7.907689394357239,-0.0368381446955678,11.764512081457589,-0.4335789453532033,-0.5640904142445673
-0.3907573469364437,-7.552159025406588,-0.037921116687805394,11.76746566228549,-0.44644945877542397,-0.5684537373745532
-0.10467153291075108,-5.926045671754599,-0.03826690516982757,11.762546877120467,-0.4503361048285513,-0.5611233545161769
-0.08073649660508683,-6.6139923598098775,-0.037649936077577044,11.768810457875633,-0.4433044452092863,-0.5599016240397809
-0.10945925330382711,-6.163957835706652,-0.03800028047776163,11.764391244175641,-0.44726547461672256,-0.555887366760194
-0.07749327624085141,-7.45184773178411,-0.037550929941312004,11.771247096159868,-0.4422291529375044,-0.5604252228153792
-0.1037939892103853,-6.463332455430676,-0.03790258668256289,11.767882588303003,-0.44624690401383643,-0.5593780252641826
0.056458118845239526,-6.743203356058697,-0.03829307700484783,11.77461235465657,-0.45110665403671424,-0.5592034923389831
0.11636572778585126,-6.215286063637343,-0.03864770876953053,11.771512101723854,-0.45516861422156013,-0.5574581630869889
0.09477882856558355,-6.084968420384133,-0.038180442433454975,11.779762836753484,-0.4499752280110101,-0.5536184387326014
0.07852939407526537,-7.326608669947879,-0.037685165937520186,11.778345583697954,-0.4440791505827518,-0.5585053606381855
0.24200134500964265,-6.23477763293453,-0.03805446087000028,11.786927027143083,-0.4487617978496052,-0.554665636283798
0.31445409714188494,-5.833226616243114,-0.03755825928886705,11.785873966467069,-0.4428651685382284,-0.5499532473034132
0.12853852745955943,-7.0178113625676515,-0.03724354049056935,11.795314395290388,-0.43950249663960533,-0.5532693728822025
0.27656679208647783,-7.121656130888888,-0.037589515915916284,11.795054229045133,-0.44357932003077155,-0.5560618996853934
0.12931436793480292,-6.011455148854156,-0.03793472918191506,11.80459898378521,-0.448019192566718,-0.5504768460790115
0.32395485385373074,-6.9167519635779575,-0.0374291249640798,11.805473017984285,-0.4420749842205135,-0.5527457741066042
0.44099799224289726,-7.223135516467506,-0.03775630923548007,11.816710988166047,-0.4463675191279507,-0.5576326960121882
0.35159298349069956,-6.052382181660796,-0.03809458373900588,11.816820276914392,-0.45037473151421065,-0.5522221753310059
0.23034003257253416,-6.75627281007593,-0.03857978274164012,11.82851000062006,-0.4565678869534053,-0.5532693728822025
0.31493971755807393,-6.704497451948847,-0.038063599003634714,11.830133745371967,-0.4505150624440749,-0.550651379004211
0.2547912107096323,-6.982945685906758,-0.03838667111207147,11.833000541678732,-0.4544527395627239,-0.5520476424058064
0.2594538416264714,-6.07968434392801,-0.03884841824088192,11.845237986356798,-0.4604003947938995,-0.5471607205002224
0.537179646060798,-6.606855124751368,-0.038319560876671856,11.848516387902816,-0.45425230645111314,-0.5469861875750229
0.3380696701087206,-6.957529055122005,-0.038806710220959446,11.85153903424672,-0.46015025357671097,-0.5489060497522167
0.21880181712400643,-6.214766176232471,-0.03929013093287877,11.854972003804559,-0.4660232291725858,-0.5464625887994247
0.3150549145278421,-6.626451441007627,-0.038697339515402225,11.869288725459997,-0.4595393027828838,-0.5468116546498235
0.28592966197374714,-7.836516646809427,-0.03916672556012186,11.873810010138497,-0.4652962088414133,-0.5562364326105929
0.2429448698133551,-5.014643095105937,-0.03945773795293829,11.878519103644331,-0.46894288709672666,-0.5452408583230286
0.39969878074871273,-7.037720933858654,-0.03823974366525429,11.883343647601972,-0.45463763878142294,-0.5513495107050087
0.44610774650278767,-7.575038189625756,-0.038519357988674965,11.889396273943486,-0.4581985497466573,-0.5604252228153792
0.4937563735425784,-6.3530480768955,-0.039631426171015276,11.89576397625696,-0.4716930725341122,-0.5609488215909775
0.18109007693462664,-6.265996837359962,-0.03906334479505507,11.901782791030163,-0.46516007179565994,-0.5614724203665759
0.284565597378224,-6.73842810425803,-0.0393259149073539,11.908436915215367,-0.4685517444468501,-0.5644394800949663
0.24153095106572306,-6.133206084187064,-0.03957929394740761,11.916120685497766,-0.4718780712864143,-0.5637413483941683
0.4742265328138561,-7.868935920970651,-0.038914545858810747,11.913563728499327,-0.46384508570877675,-0.572817060504539
0.3107233705711066,-6.665913188410823,-0.039814911330282726,11.923202806931169,-0.47497226870646914,-0.574038790980935
0.23688853297261586,-5.347601959635167,-0.039047182628238926,11.930394860473498,-0.46608520834066924,-0.5670574739729577
0.1129579318980792,-7.158530639097412,-0.03844652406554304,11.938110029949378,-0.4592051126113989,-0.5700245337013481
0.31890424281266355,-6.19555133233709,-0.038606257791083606,11.937837964412829,-0.461104355962731,-0.5677556056737554
0.14750293760454392,-9.03736471307676,-0.03799318949573889,11.946798467799383,-0.45411550166972314,-0.5836381018669038
0.14764279320331086,-5.2722692582906845,-0.0396293961965699,11.949290545196204,-0.4737912232306423,-0.5726425275793395
0.08125900261409447,-7.920891382330207,-0.03813071533513704,11.947991793109063,-0.45580640209846024,-0.58171823968971
0.28578910362123255,-6.314247038235101,-0.03897833785579482,11.959859223240151,-0.46641166553654767,-0.5785766470361202
0.5464323977274058,-6.755628192225979,-0.03830279458811138,11.960074432052112,-0.458328434659239,-0.5810201079889122
0.3403745333323058,-4.352897673702218,-0.03813383950674498,11.97161547848031,-0.45674508276010717,-0.564788545945365
0.2214236382589065,-9.032965598049682,-0.03680661377890191,11.970721732253882,-0.4408008043240813,-0.5803219762881145
0.31545987702239275,-6.681305854180272,-0.0385870489327378,11.97646958785833,-0.4623661224177363,-0.5810201079889122
0.340229771685086,-6.9905919121141125,-0.03757295060101953,11.98770815130539,-0.45062563955174834,-0.5836381018669038
0.24645978016115963,-7.221018071299799,-0.0377022266300813,11.990837349840367,-0.45229559394001256,-0.5848598323432997
0.30910216040306043,-5.877471145567215,-0.03765041611363547,11.99540053850796,-0.45184534693884,-0.5782275811857214
0.23474438074500537,-7.674316052665845,-0.03695580362252254,11.997985061867997,-0.44359714305380854,-0.5841617006425021
0.4679981096473322,-6.436321700716954,-0.03788715797591193,12.004353168586503,-0.45502856730910557,-0.58171823968971
0.5772232477820961,-7.831153588496449,-0.03683216278320774,12.017579521906502,-0.4428337139422336,-0.5904448859496817
0.43138734859336336,-6.08525382074401,-0.03757094523368726,12.024946252019111,-0.4520012951382902,-0.5862560957448953
0.3315903184761783,-7.1454319046030195,-0.03685869481838107,12.028638032576481,-0.443560784999017,-0.5886995566976875
0.30997330711561577,-5.9631158869618694,-0.03677443800293162,12.035324343479708,-0.4427919114976746,-0.582939970166106
0.4423707464055365,-7.71049512870328,-0.03587961374019664,12.039763225935642,-0.43216751979540585,-0.5904448859496817
0.424464826235719,-6.9641252171394195,-0.036762882176752075,12.04922446356567,-0.4431638839998884,-0.5913175505756789
0.4346708191244166,-6.478347154132942,-0.03665937761264892,12.05682397757241,-0.4421937702913777,-0.5900958200992829
0.31886230724658676,-7.349276919524042,-0.035747250468993484,12.062657387176985,-0.4313906037134346,-0.5927138139772743
0.5050067413213611,-7.161171177692475,-0.03584654458033656,12.060952030636004,-0.43252873335484854,-0.594982742004867
0.6762168305116416,-8.348813708585404,-0.03572463575002375,12.070092516102086,-0.4313831917649151,-0.6047565858160352
0.47827166783859815,-6.412971614529294,-0.03701245129978288,12.08412601919518,-0.4474674762292884,-0.5988224663592545
0.4237332697806592,-7.048915461329131,-0.03607522316622997,12.09177370654359,-0.4364027660467754,-0.5965535383316618
0.5797842439600195,-6.724949770114822,-0.03574990382299685,12.102261613567345,-0.4328391019217807,-0.5937610115284709
0.5031161281102454,-7.6826587575256635,-0.03504093102764751,12.099568105635514,-0.4241537471075982,-0.5963790054064624
0.42916181898346534,-7.801124593078313,-0.0356660960273681,12.11305597364229,-0.43220869971658216,-0.5986479334340551
0.5255238935076378,-6.580441011203971,-0.036522269775613056,12.118073970002738,-0.4427764538585154,-0.5935864786032714
0.6191864443346241,-7.875509648568754,-0.035552106826700375,12.127497675373561,-0.43133983920449387,-0.597426202957659
0.6593152861333114,-7.328649777145637,-0.03639738090443343,12.132824866815819,-0.441798158908026,-0.5996951309852516
0.7186928680529546,-6.9241792244304845,-0.03601938314347233,12.145534386991075,-0.437663947419573,-0.5979498017332573
0.6265714764229561,-7.140090286553272,-0.03580477236208865,12.158254129539344,-0.43550964247015794,-0.5967280712568612
0.6061322630758748,-7.3870200025236805,-0.03584679437213077,12.16214013718607,-0.43616057367518496,-0.5981243346584568
0.8411231259178893,-8.14602600376878,-0.03560931258031955,12.176338487811577,-0.4337744041248811,-0.6044075199656364
0.5995063679924862,-6.745951559761133,-0.036236173607217995,12.183900434503348,-0.44169127070362624,-0.601440460237246
0.4365348448452312,-6.65187333462613,-0.036258259147119436,12.189145277526697,-0.44215096483417793,-0.5956808737056647
0.5636816540688301,-7.836667634282127,-0.03504484714665497,12.201513090104296,-0.42777529837932915,-0.6003932626860493
0.7522360146949033,-6.705845753042969,-0.03581924576247167,12.2104565425378,-0.4375564907820221,-0.5972516700324596
0.8034044869981238,-6.851895692558258,-0.03505711730633747,12.213695440082585,-0.4283524500972035,-0.5963790054064624
0.5761518400979501,-7.9522672103475065,-0.03475223809782979,12.230335979474928,-0.42520273676592746,-0.6033603224144397
0.6700626665876341,-5.502124263823447,-0.03532128468893251,12.240804648439337,-0.4325408391015291,-0.59096848472528
0.7366955264946178,-8.455074669075051,-0.03378631453770935,12.2413764395307,-0.41374844009972955,-0.6017895260876449
0.7646981664383845,-6.003116829209063,-0.03451131978929344,12.253322747135678,-0.42304630692784484,-0.5930628798276733
0.7181013186036781,-9.228417457796422,-0.033406759976299945,12.267383619063908,-0.4099660604085822,-0.6077236455444256
0.6858178162854852,-5.71406928368447,-0.03500059979986746,12.27464382100636,-0.42979541621023065,-0.5976007358828584
0.638213807943849,-7.148077741775888,-0.03387288500695277,12.289462635122858,-0.41643883695499395,-0.5979498017332573
0.6800158712255032,-7.872646293953788,-0.03413338292300309,12.29005851880814,-0.41966426813968133,-0.6016149931624454
0.8152533816135028,-6.64612683157702,-0.03388394221282166,12.300741874915461,-0.4169572115983315,-0.5979498017332573
0.7356238816554916,-7.151342086519028,-0.03380150908197533,12.310866654072479,-0.4162844239069055,-0.5993460651348528
0.7315382861551138,-7.500350787396114,-0.03297107451031043,12.318132793154819,-0.40628930940793406,-0.5993460651348528
0.5573751897817737,-6.4181526905876565,-0.03360098040426845,12.333927198460335,-0.4145880847412703,-0.5942846103040692
0.8051233906707831,-8.955630815396095,-0.03257972338757336,12.341985626116006,-0.4022408057666118,-0.6061528492176307
0.9915682686655304,-6.771180104335147,-0.03353521110484922,12.34958815530674,-0.4143013666979042,-0.602662190713642
0.7788314398011321,-6.738204129005022,-0.03322583718718818,12.362232772728895,-0.4108967485182971,-0.602662190713642
0.6971928381402717,-5.435055034147126,-0.03235547512273697,12.371340204405936,-0.40042033021893747,-0.5902703530244823
0.6936976620630227,-9.029609827408585,-0.030759380887174174,12.375641331791176,-0.38078716561768194,-0.6019640590128443
0.9918930517811455,-7.883022533246813,-0.032222589265724175,12.389801981452885,-0.3993697311333944,-0.6005677956112488
0.7369339809903758,-8.17767463370296,-0.03204194161367374,12.404594220146471,-0.39760336432985904,-0.6005677956112488
0.6678460040226196,-5.828288844500743,-0.03293500496376438,12.41550940138624,-0.40905277629183034,-0.5888740896228868
0.6909959825511439,-6.860036771248157,-0.03202142040755763,12.425866215000765,-0.39802993813279014,-0.5871287603708925
1.0479633964773158,-6.941143392089616,-0.0314815675794204,12.42819909452144,-0.3913884985199069,-0.5838126347921033
1.039970734506307,-8.336878434018185,-0.031430066468265946,12.444286129161716,-0.39125358183837294,-0.5890486225480862
1.1433267408375714,-7.909207037845798,-0.03228183531016136,12.456255856893021,-0.4022505405563728,-0.5881759579220891
0.9770643982141551,-5.647422309456219,-0.03242183674835459,12.464463053023035,-0.4042624464481307,-0.5742133239061344
0.8344705392697686,-6.234083016316458,-0.031233564960482574,12.48659812351807,-0.39012784307485654,-0.5674065398233565
1.133823114862927,-6.996676720290776,-0.030318651022355165,12.485353124850661,-0.37865509391471114,-0.5686282702997525
1.1028928548161259,-7.6901112907120694,-0.030203453690168813,12.503117524979702,-0.3777522061105354,-0.5722934617289407
0.7679249412347452,-6.854735836940529,-0.03047839705206841,12.513464150843035,-0.38150846809808114,-0.5658357434965616
1.0364580377273642,-6.648651265592486,-0.030507762413640914,12.531992480545318,-0.38244170569819663,-0.5604252228153792
1.196013227496771,-4.6386149132838606,-0.03025662752749447,12.536974130529646,-0.3794423521990097,-0.5429719302954359
1.0826145269385898,-8.385702945603816,-0.028658207479854838,12.555495282812789,-0.3599165265131896,-0.5527457741066042
1.2597799125922735,-5.147628847790703,-0.029065521964517928,12.567071146375467,-0.36537137736594116,-0.5382595413150513
0.915863366913427,-8.222581527649831,-0.02854212492800406,12.58162405143829,-0.35920383291878555,-0.541401133968641
1.2047612082776291,-7.2426098457309145,-0.02910026897459073,12.594270629591152,-0.36660015083999575,-0.5370378108386552
1.3436293786449038,-5.719219601822171,-0.029648023443552694,12.606743731484649,-0.3738745860313693,-0.5276130328778859
1.3243880779441932,-6.473034031123295,-0.028598814755656937,12.617668603034009,-0.36094877812327025,-0.5251695719250937
1.5063985251458487,-7.898393738777566,-0.028863167946836406,12.639047840834744,-0.36490429793695,-0.534943415736262
1.6237969848391327,-6.4888388277798885,-0.029548236178566153,12.652355247210938,-0.37396362305820763,-0.5312782243070739
1.563792416363447,-6.156366734072171,-0.028947631821792823,12.670134201290832,-0.3668728613033959,-0.5253441048502933
1.2848364145485178,-6.006597976791944,-0.028509975174083328,12.687532455642193,-0.3618192717980847,-0.5188863866179142
1.3386340364683142,-6.198863569370698,-0.02805981387141233,12.70493777793542,-0.3565917820977268,-0.5173155902911193
1.8845929504820043,-6.939461222773955,-0.028221213872091734,12.71422885899009,-0.3589062589719881,-0.5225515780471023
1.5522502320652285,-6.726650366159812,-0.02838685509560714,12.73809438110597,-0.3616915966056667,-0.5277875658030853
1.2813692286704763,-4.920158357285667,-0.027719758914046388,12.757113316510347,-0.35371470657634596,-0.5171410573659199
1.0629356828418035,-7.530024830535815,-0.02675387966936431,12.770351977462097,-0.3417379993094834,-0.5253441048502933
1.4470275302982227,-5.841729826663347,-0.027330036923471024,12.78668261571631,-0.349547541638946,-0.5216789134211051
1.836092880192619,-6.485570553511896,-0.027261886121341217,12.798029412620766,-0.34898488111018633,-0.5237733085234983
1.8148229804668052,-6.609167947443106,-0.026718824115906394,12.817598902660603,-0.34255269016336487,-0.5248205060746949
1.3574312797910355,-6.73223592205201,-0.026160657519513318,12.837745945422531,-0.335920510923957,-0.5234242426730995
1.1951393354156086,-6.300513779351232,-0.026677427776353294,12.855904213533563,-0.3430438397534691,-0.5213298475707062
1.8132726239160402,-6.0054546825924735,-0.026561157709898406,12.869164123875835,-0.3419003046670986,-0.5169665244407204
1.9036614859821226,-6.155992235215216,-0.025348771804275645,12.883460521519632,-0.32664986787828126,-0.5166174585903216
1.6882096434431535,-7.9209570981383015,-0.0249094293275209,12.904997538133708,-0.32152262631653405,-0.5255186377754926
1.5472393832816442,-6.895225064999549,-0.025799294147849733,12.930399772599177,-0.3336692209436152,-0.5281366316534841
1.1127867012238666,-5.387671296118461,-0.025633865906271782,12.944412972916057,-0.3318880435681161,-0.5194099853935125
1.6599027335834837,-6.771516255474386,-0.02485768908563675,12.95268893999571,-0.3220402472874301,-0.5209807817203074
2.0270191401964306,-6.437651004741504,-0.025443561786956455,12.973673013505213,-0.3301677014185624,-0.5235987755982988
1.5102125803215753,-5.897131062784896,-0.024754545459766204,12.996284890794193,-0.3217828559954211,-0.5171410573659199
1.390244248496514,-6.821763756007526,-0.023458585029129033,13.01349775746939,-0.3053342547354372,-0.5176646561415181
1.3615873178094084,-6.003989310393553,-0.02431640296164521,13.026985398598573,-0.31683187502697885,-0.5138249317871306
1.5301169394017433,-6.0159893595180955,-0.023173095709945673,13.04439652097734,-0.3023331678641335,-0.5098106745075437
1.6647611480447024,-7.789393634352423,-0.023098863355341687,13.060575207727615,-0.3017381088502754,-0.5152211951887261
1.5557492365105399,-6.73002304810373,-0.02391615148524917,13.075832851347586,-0.3127832370347481,-0.5122541354603357
1.4193688205433066,-5.312548865493035,-0.023816258992732747,13.092480980835226,-0.31187288636934457,-0.501084028247572
1.700891438260833,-5.814900068755358,-0.02262607843087162,13.11116808125226,-0.29670495070883046,-0.49811696851918164
1.983914948831063,-6.984145217593438,-0.022501297798824867,13.128395654626761,-0.2954558058477733,-0.5016076270231703
1.813329993595928,-6.624973759584426,-0.02253732878175399,13.146171632590287,-0.2963297657140961,-0.5021312257987686
1.6637109180425111,-6.3836784085854035,-0.02238589863534586,13.164048293937121,-0.2947382862980673,-0.4993386989955777
1.528360297456667,-4.662304991463357,-0.0222208645960651,13.182248305198621,-0.29296917573529935,-0.48677232838121853
1.4939569114249842,-7.569583303944319,-0.021145845165838256,13.2018166645221,-0.2792051875687509,-0.4961971063419879
1.8170850541708479,-6.022977018947934,-0.021645360038157067,13.213633858353726,-0.2860585385410438,-0.49340457953879696
1.8151623516959625,-6.891219328354005,-0.02109628466715453,13.240640012954621,-0.2793697569222613,-0.4937536453891958
1.5592004602395046,-5.872239075935515,-0.021398057854373993,13.252405994355676,-0.28361903903185154,-0.4862487296056202
1.5288587982346253,-6.147265922334968,-0.02081693230611236,13.27973406804122,-0.27648326380771365,-0.4824090052512327
1.7468424033718628,-6.1177500173373165,-0.020377269920422967,13.293604172835128,-0.2709248604757686,-0.4792674125976429
1.9103788536925064,-7.4867384918045365,-0.020291706280463017,13.31388407279258,-0.27019851112208676,-0.4839798015780276
2.298716616026212,-6.16854013189667,-0.021250843580758478,13.334621198469629,-0.2834146137727632,-0.47909287967244346
1.875493192601773,-6.103050672405353,-0.021308302047137836,13.355521900449794,-0.2846265735935727,-0.47298422729046335
1.9158417239734662,-5.063937519794438,-0.020824759193231658,13.370022196943875,-0.27846774824810977,-0.4656538444320871
1.970900181209175,-5.2760839368104735,-0.01979963907748473,13.391402518607192,-0.2651795899208783,-0.459545192050107
2.1964486251927036,-6.367563775752521,-0.01893637803821661,13.413388909770962,-0.2540313679606389,-0.46094145545170245
2.2075160394096196,-7.546939832275568,-0.019454593366176227,13.443137284147658,-0.26156376925145813,-0.4677482395344803
1.7370746357850595,-4.476844216906324,-0.020150237639588158,13.458320332799254,-0.27122506262113566,-0.45465827014452287
1.8228648186464587,-5.592835518204124,-0.0192461742588852,13.480541632932962,-0.25948089272041647,-0.4499458811641382
1.9180726715534469,-5.770801766391421,-0.018869675536257655,13.495960188424908,-0.25469461977405106,-0.4459316238845512
1.8754931665180812,-6.422807667043099,-0.017940857613926334,13.519493705788044,-0.242577338622588,-0.4483750848373433
1.7508970211826618,-5.729406782304724,-0.01858601834791518,13.536367026211137,-0.25161613934678956,-0.4445353604829557
1.8190495087282508,-5.9260505652660695,-0.018350859140499914,13.552915316208447,-0.24873556143872222,-0.4441862946325569
1.892961336185044,-4.2788573330033595,-0.0186007348431064,13.576776114132292,-0.25256714153929993,-0.4317944569433972
1.861024992356426,-7.441381602704152,-0.017303863767681713,13.593130047490195,-0.23523714951282906,-0.4380776422505767
2.2585994156496043,-6.006853639315778,-0.018073900246084965,13.610916764410538,-0.24602914221576447,-0.4352851154473858
2.4657802003535645,-6.677355170069611,-0.018280478800094032,13.635838106840344,-0.2492974197825973,-0.4391248398017733
2.0710714285368335,-4.053675728255564,-0.0189517695459435,13.668687759821477,-0.25907683866781106,-0.42516220578581865
1.9573893026939384,-5.631949290902816,-0.01761261189087391,13.685776318542072,-0.24106719391641848,-0.42568580456141697
2.1840658318892694,-6.63220048568984,-0.017469197369893004,13.7039676621899,-0.2394216713354096,-0.4316199240181977
2.7728933119205137,-5.7638211296390525,-0.017613449397422508,13.730178611388395,-0.2418608178239415,-0.43039819354180164
2.4396554377137742,-5.12824392277344,-0.017740920121086846,13.75640395041081,-0.24407687111317286,-0.42394047530942264
1.941440861115653,-5.298075544863027,-0.01700359860383237,13.781912043203599,-0.234364687502269,-0.4188790204786391
2.19239498765129,-6.224546214055698,-0.016809740244553572,13.801024177165553,-0.23201348508517006,-0.4237659423842232
2.3988995216077496,-5.1010559106406586,-0.017066271786693097,13.82747607862888,-0.23600637821313358,-0.42062434973063345
2.2358153823927074,-5.905654699039652,-0.016288565565038354,13.854003390150478,-0.225681802012356,-0.4185299546282402
2.0948502419607364,-6.936265136006968,-0.016057601655087624,13.87353368240336,-0.22279482671034326,-0.4263839362622147
1.7215519220944955,-3.2188247645002535,-0.01665243851597551,13.8948625009264,-0.23140473367699224,-0.4092797095926703
2.1342225312125205,-5.960492910114884,-0.01556114311541807,13.913726893366952,-0.21653097333753277,-0.41259583517145954
2.519857807285586,-4.988725247962037,-0.01529552080798355,13.934387760972156,-0.213150340587864,-0.4077089132658754
2.2103965421755176,-7.640051792665892,-0.014631240647077045,13.960817641232548,-0.20427865960918426,-0.41905355340383854
1.8818505003824693,-3.9954614786951756,-0.016349599461341843,13.984412732671096,-0.2286599215600265,-0.40229839258469297
1.758015935250043,-4.5869125614001245,-0.015042762522100432,14.004236227709976,-0.21067829120817855,-0.39566614142711454
1.9415909615829077,-6.284967173943007,-0.014077757677169114,14.023400925937894,-0.19743108272941337,-0.4029965242854907
2.20742492211514,-4.633887987313345,-0.014493525887330353,14.038850458800837,-0.20348669104614356,-0.3967133389783111
2.0274758804589976,-6.519344562412347,-0.013765920424396462,14.066696599281412,-0.1936532586416937,-0.40055306333269863
2.005457602677661,-4.767385727392392,-0.014586234867259296,14.090125156458152,-0.2055364515730182,-0.3923500158483253
2.005343490162903,-4.366940924477618,-0.013974691166310624,14.104803371519854,-0.19712310343352282,-0.3848451000647497
2.1009651218554017,-6.142031661215983,-0.012963161504361418,14.124297572150947,-0.1831058072620283,-0.3897320219703338
2.271682316735955,-4.431252759088809,-0.013918486128141368,14.149155529271804,-0.19694754296208794,-0.3810053757103622
2.263973930505135,-6.339525166921346,-0.012886393579582016,14.169657655971953,-0.1826058933471982,-0.38501963298994907
2.4762268479834706,-4.314580436859818,-0.013813559790684162,14.194575529417767,-0.19609009021085494,-0.3719296635999916
2.37671111525332,-5.343055003132943,-0.012935973066533019,14.215355318486875,-0.18389971153466061,-0.37053340019839615
2.6228476542107315,-5.8334975685283,-0.01302939593417054,14.238807989008578,-0.1855335660833289,-0.3762929867299774
2.592518710457454,-4.1815724841286785,-0.013340851082050015,14.269965779787116,-0.19038478333528355,-0.3665191429188092
2.7211359488341538,-5.953432221982839,-0.012833856339858136,14.29989701677806,-0.18353290053636068,-0.369660735572399
2.753916084934743,-4.85984771113989,-0.012887293375021144,14.3235442456626,-0.18460193668372765,-0.3654719453676126
2.4773827943880833,-3.8337236534165386,-0.01235495206175205,14.353181111166824,-0.1773418880953423,-0.35726889788323923
2.664343724083081,-6.026551169728385,-0.011809342692825874,14.383310156201416,-0.1698653352709703,-0.3637266161156183
2.757123426599424,-4.205150156162587,-0.011998911582132461,14.407645255571737,-0.17288435855188816,-0.3556981015564443
2.8886618989568382,-6.001828883639162,-0.011427454985326447,14.438078112740813,-0.16499766993908413,-0.3584906283596353
2.5628785490823147,-4.972694877150599,-0.012550983286345067,14.465141140399126,-0.18156127840004277,-0.3551745027808461
2.253027192730476,-4.446343277707246,-0.011951079696210691,14.495924399095689,-0.17325019618638487,-0.3520329101272563
2.226797702909539,-4.081735613232193,-0.011708078166877984,14.512521695304047,-0.1699215027066554,-0.3467969223712733
2.760710110734589,-5.408218374057073,-0.010882170322097316,14.535024906763589,-0.1581788606535082,-0.34819318577286873
2.9247494695810845,-5.927355813751098,-0.010998515456970176,14.560417179996923,-0.1601494310832223,-0.35028758087526196
2.4708909061798376,-3.6964207775733278,-0.011474240340232526,14.594335169047254,-0.1674662588349834,-0.3384193419617005
2.2399941359751807,-4.667655853762817,-0.010791935116503691,14.617413370665625,-0.15775630112283714,-0.33580134808370904
2.4612334479909346,-5.082442563950481,-0.010870234355168715,14.64310879943584,-0.15918029407452472,-0.3363249468593073
2.8276516828361964,-5.036842930960859,-0.0101696100713626,14.666214861108436,-0.14915482830804036,-0.3347541505325124
2.7088657302973163,-4.8621129025062375,-0.01039949468617931,14.692236371968319,-0.15279734243629553,-0.3295181627765294
2.6987059571820096,-3.9122589446129243,-0.010616272819502788,14.719011632978102,-0.1562669138736994,-0.318871654339364
2.2763439249531734,-3.629481993389712,-0.010418853254421122,14.750692516857017,-0.15369086195039142,-0.3104940739297912
2.693657593961108,-4.92931111553129,-0.009853771828991807,14.77422107811206,-0.1455865154811592,-0.3131120678077827
2.7575328730104887,-4.460195531245072,-0.009280596738272905,14.79765633894883,-0.13733502404051592,-0.30857421175259747
2.6220118511643653,-4.641457488142416,-0.009625727964686028,14.825065082027148,-0.142706451037145,-0.3061307507998054
2.3650084202207147,-2.7682038652164827,-0.009556714643883971,14.857212407557178,-0.14199046210950167,-0.2919935838586513
2.6374168837712335,-4.552241372118926,-0.008206951237088336,14.878106928368538,-0.12210663953246147,-0.2921681167838508
2.9354398228084704,-4.2040815573350345,-0.008693634221149287,14.905245887364055,-0.12958402035962752,-0.2881538595042638
2.586918848007903,-3.427574136703427,-0.008766032780421549,14.937897545811724,-0.13094945377174153,-0.27872908154349446
2.6779921314461057,-6.049374851332166,-0.008486476237726385,14.962372277036307,-0.12698086520283156,-0.2864085302522695
2.610201470631948,-3.0430757345982733,-0.008937066847365123,14.990423828253112,-0.13397398672850713,-0.277332818141899
2.675155400923645,-3.743699810192871,-0.008639410543308489,15.014658221860136,-0.129721023995933,-0.27401669256310973
2.834199529060372,-3.659886006684753,-0.00850802232604561,15.039196646999455,-0.12795690830188253,-0.26930430358272506
3.0464863396311106,-4.278940739297259,-0.0076186960123389704,15.068904037353487,-0.11480762042638104,-0.268082573106329
2.8188986236948033,-3.176207120434029,-0.007800050216765825,15.10248394711761,-0.11780252226102034,-0.2591813939211579
2.744505630369942,-3.488073841350533,-0.007642619492896734,15.127048565866005,-0.11561252720999882,-0.2556907354171693
2.769267812521367,-4.341907522093878,-0.006902720994039072,15.156931612949863,-0.10462573177537905,-0.2583087292951608
2.638986572457171,-4.064002625439555,-0.007625910182451654,15.185895014212957,-0.115808516356256,-0.25987952562195565
2.3978431776244635,-2.5117859206042352,-0.0074422178190505575,15.21098771631355,-0.11320557385959981,-0.24958208303518914
3.0584272671476476,-4.40316189692108,-0.006532219524607819,15.232653125931009,-0.09950444944617859,-0.2525491427635795
3.2734484917753397,-3.305146528942247,-0.006826413737553709,15.266380976284948,-0.10421625164742271,-0.24661502330679877
2.722401728530225,-4.632776021142589,-0.007108196571455386,15.300714700389673,-0.10876231957190588,-0.25202554398798116
2.766487965597773,-2.7449060618123053,-0.006890695968926156,15.326195682572061,-0.10560982632520832,-0.24434609527920614
2.876471386192031,-3.406718684209693,-0.006267795502926126,15.356087500148892,-0.09625007658238384,-0.24172810140121465
2.8726736252935865,-3.3766306079939428,-0.006208989457592999,15.381991260253352,-0.09550784890006185,-0.23963370629882144
2.9726029172499935,-4.376826402129003,-0.006316899058503865,15.407680542901666,-0.0973300573126537,-0.2426007660272118
2.7685937365194686,-2.4076135389889375,-0.0065477651168098045,15.442259721410064,-0.10111373455676215,-0.23387411976724015
2.7748862441105153,-2.806381720287244,-0.00589273803650829,15.472900653894305,-0.09117880559603105,-0.23038346126325152
2.800951210154841,-3.414406884015313,-0.005103080518669546,15.494518407762758,-0.0790704614033282,-0.23055799418845094
2.9628705452824855,-3.428371972795253,-0.005179833598620064,15.52055652535185,-0.08039461917458152,-0.2293362637120549
2.516832740032409,-3.807530019023537,-0.004978144149117579,15.559716452154051,-0.07745915128141835,-0.2298598624876532
2.4726569846424,-3.040242403962682,-0.005431928082103113,15.581702665075857,-0.08463952072850527,-0.2272418686096617
2.812290933988266,-3.005824143391505,-0.004619492673190046,15.603802510994466,-0.07208216411172705,-0.2234021442552742
2.8743387038194,-3.574798549553346,-0.00466510393487375,15.630358657540315,-0.07291777665213747,-0.22322761133007477
2.9380999874427522,-2.831999215347117,-0.0043095484879062534,15.661115936754667,-0.06749275633452313,-0.21729349187329405
3.0036771073207778,-3.1079598038140053,-0.004339997561263852,15.687383737563676,-0.0680836346290624,-0.2124065699677099
2.6845431824820354,-2.3979745993042325,-0.003969960886264083,15.71876662658329,-0.06240321652535178,-0.2038544566329377
2.8330293324586306,-3.9192803771174622,-0.0035932413163453467,15.749681128923035,-0.056592648515043475,-0.2090904443889207
2.9932360144567696,-2.9190535288948967,-0.003775614598152055,15.776151371822515,-0.05956495046044161,-0.20490165418413428
3.0640836715620874,-2.126484965342475,-0.0033846107513865803,15.807642649832282,-0.05350292156936542,-0.19617500792416265
2.779782457228712,-2.8518869885079012,-0.0031614842400439955,15.838935246230111,-0.05007471099210005,-0.192684349420174
2.8247993101285966,-1.9870811169909088,-0.0029316699214442027,15.870230482998346,-0.04652641064680548,-0.18343410438460403
2.8786284485191875,-2.9436536217906633,-0.0024158451130364333,15.892666481814846,-0.03839429534687876,-0.1827359726838063
2.8026813882819996,-2.4678626322826123,-0.0023487917477118298,15.92388672022918,-0.03740196249999585,-0.17575465567582899
2.774776732857604,-3.7573350765462443,-0.0022750679666887178,15.955534389946711,-0.03629998781077302,-0.1799434458806154
2.7135417455693718,-2.6326912938277727,-0.0025821911690229534,15.982627368800363,-0.04127029097566922,-0.1764527873766267
2.7905688944552622,-1.527053226053377,-0.0022212263329763797,16.005253111125107,-0.03555134814469973,-0.16528268016386302
2.814763322647234,-2.4788478379310703,-0.0020308888574710336,16.028051882800796,-0.032551236728389,-0.1610938899590766
2.7611429352010406,-3.09607320855202,-0.002107870445155451,16.059443912347486,-0.03385127732355484,-0.16144295580947549
2.7037996916393467,-2.4011977767089685,-0.0020037899296308018,16.091120955115993,-0.03224326928045719,-0.1577777643802874
2.647221010477816,-1.7631449792753013,-0.0017995444477205145,16.11382963111296,-0.02899758394573116,-0.15009831567151233
2.662841767125219,-2.6707927681475088,-0.002033147241382951,16.145339477820915,-0.03282589765120516,-0.15027284859671178
2.4408605852733847,-2.1116275996947027,-0.001820072144238932,16.168159560017628,-0.02942724933298851,-0.14695672301792254
2.314104489162462,-1.2981322335308099,-0.0017777100053371392,16.191148953945696,-0.028783197814067372,-0.13753194505715316
2.741952016537098,-3.378331503301897,-0.0011741290830505889,16.21807580047217,-0.01904212321881186,-0.14416419621473162
3.0032298525744703,-2.307606819797098,-0.0017693883833059438,16.24573328095523,-0.02874504174332036,-0.14294246573833558
2.745119797242249,-1.891581700546132,-0.001714507331342346,16.26885910738822,-0.027893105543121775,-0.13910274138394807
2.4214908045663255,-2.724224003903556,-0.0013600101289679236,16.305123490339984,-0.022175146772857694,-0.14224433403753786
2.599657384657828,-1.0769728899960622,-0.001852220025127885,16.323418279245097,-0.03023459679083301,-0.13351768777756623
2.78003483286183,-1.5731511574292727,-0.001230184719687519,16.350494898406772,-0.020114139129957055,-0.12880529879718153
2.4553459878238995,-2.6588696989628953,-0.0007801123314287315,16.377753940508505,-0.0127764904019149,-0.1322959573011702
2.1221641671119817,-1.4693689698437689,-0.0007062735685200731,16.401085640405352,-0.011583655208914533,-0.12671090369478832
1.990911295937347,-1.7821312511590137,-0.0008032952679483399,16.424002406135358,-0.013193326251431783,-0.12461650859239513
1.9880884001972179,-1.1234322353644173,-0.0003441494026648036,16.450917683316092,-0.005661573717517777,-0.11955505376161159
1.8146217766595345,-1.8249135114088355,-0.00018134375332999137,16.46501540023129,-0.0029858277240442546,-0.11955505376161159
1.9406146315930588,-2.212883412115092,-1.673834793384686e-05,16.479378526109134,-0.0002758375715293398,-0.12095131716320703
1.8226973830872188,-1.2780105597968319,-0.00010161547967915484,16.502401922642836,-0.0016768994929992826,-0.11623892818282235
1.8224743331786126,-2.3526645348989352,0.00044396031218957977,16.520729790031613,0.007334548837063845,-0.11955505376161159
2.0145182448042034,-0.7658938436303988,-0.00018580134631216442,16.539868575589413,-0.003073129884534448,-0.11187560505283653
2.3252519086340664,-1.5138992083345681,0.001088254544869227,16.56194778884984,0.01802362206821616,-0.1101302758008422
2.3735754771735325,-1.9245411306371418,0.000840383947731607,16.58529743509071,0.013938021014024634,-0.11082840750163994
2.2614641344296813,-0.9188952558825726,0.0005961358276884203,16.608806797875815,0.009901105960246952,-0.10437068926926091
2.1825352286508033,-2.0077492343533327,0.0011502683637607493,16.62694304929436,0.01912545501072925,-0.1059414855960558
2.456580424736566,-1.5038199262756735,0.0009117412038178083,16.650310211907325,0.015180778082996598,-0.1048942880448592
2.120334364214449,-1.0744154154167416,0.0012244616126652137,16.6775997488422,0.02042109088967631,-0.10192722831646885
1.5820330010388566,-1.4975958152233733,0.0017833706991772739,16.695887337388164,0.0297749878398364,-0.10227629416686772
1.11317941197994,-0.9385238938173862,0.0017966794649362295,16.709963065733877,0.030022479804813547,-0.09791297103688189
1.0683924548937598,-0.8853083964998776,0.0023582062506746753,16.728217790580775,0.03944866088288754,-0.0921533845053006
1.449967417147908,-1.7388622382664114,0.002442202541948083,16.733502648134596,0.04086668395078142,-0.0926769832808989
1.929036848839487,-1.9878358273995915,0.002285230940574497,16.74774950877089,0.03827254198577372,-0.09512044423369097
2.201651531498947,-0.2165869412454815,0.002304557606978539,16.762007142362133,0.038629079454347154,-0.08395033702092726
2.2392017394638204,-3.1586127858839967,0.003001788689090454,16.793619586372294,0.050411048736890576,-0.09442231253289324
1.7501204166193143,-0.3652621891982646,0.002066662874085937,16.81287553349463,0.03474659514038986,-0.08482300164692443
1.9047974545085755,-0.9057288075824973,0.0024624052212986573,16.831013493493565,0.04144485927229247,-0.07853981633974483
2.3874594162257265,-2.5278408239753034,0.0028591717901201765,16.849275082028335,0.048175103273543435,-0.08307767239493008
2.686980676444336,-1.1095122120841308,0.002302069024383212,16.873123185702436,0.03884316284716134,-0.07976154681614087
2.6429365801982727,-1.4869994284503798,0.002465783224206914,16.900748880303766,0.041673667525461165,-0.0778416846389471
2.8024134010557655,-0.1358506008345849,0.0024572601894451585,16.928356476866153,0.04159746016696431,-0.07051130178057091
2.464594239232729,-0.9200183219304183,0.0034014688382894734,16.950385342561148,0.05765642990133599,-0.06789330790257943
2.8464994271468935,-1.891129105550849,0.003221558041781556,16.977698407838545,0.0546948300524468,-0.07225663103256524
2.976887690452454,0.1063613986122192,0.0028531176082640555,17.001194142892473,0.04850653798960876,-0.06265732014659643
2.8862264720053,-1.3230319878518122,0.003217654822664601,17.032317113510373,0.05480430643675868,-0.06230825429619757
2.7862588508778283,-1.7199837562007498,0.003218957996873271,17.06035848853159,0.05491676706316401,-0.0656243798749868
2.725623625952759,-0.5575606236513465,0.0029915651070229953,17.097208323812985,0.051147564430170905,-0.060039326268604934
2.529153920248297,-0.7175433181945688,0.003053964678741261,17.115307185110954,0.05226970611053025,-0.056025068989017976
2.4556296595875464,-2.0277519729483218,0.0034236338229157695,17.146704011915688,0.05870426516971839,-0.06126105674500097
2.7024810466851727,0.672827234890481,0.0028979005927391942,17.170130322507866,0.04975747012397211,-0.04799655442984406
3.0308488991123888,-1.9903314710834463,0.00349913771732457,17.192365992633192,0.060158701822079955,-0.054279739737023644
2.971613933016751,-1.9096440195617979,0.0031100038052916164,17.22946731533495,0.05358388167059402,-0.05811946409141117
2.6994832492651564,0.4846667817271614,0.002418352496480334,17.25333464991032,0.04172472626461654,-0.046251225177849735
2.5667067219990014,-0.9734693832373786,0.0033278783020843678,17.288469060847277,0.05753413345651569,-0.0460766922526503
2.7806831836124135,-1.0718132623880048,0.0033991545478337212,17.306410157327964,0.05882738936195158,-0.046774823953448036
2.8785069025487324,-0.2502116284877144,0.0030713464941290298,17.33403667228122,0.053239000166787315,-0.04276056667386108
2.7201364873258718,-1.4393099185323435,0.0034505180092064837,17.365582902006135,0.059920494349886354,-0.04590215932745086
2.2711260055378455,-0.5927586041611946,0.0025966693821952765,17.389756229138907,0.045155549054074866,-0.04380776422505767
2.2321747209743,0.22138344939613355,0.0032021474304958697,17.412441131818586,0.055757394203136613,-0.03717551306747922
2.6868097450063373,-0.9449779206381603,0.003633054624116202,17.43411879173404,0.06333938456793838,-0.038571776469074684
3.014029395641452,-0.5411739310155242,0.0033131274520051945,17.46181734000445,0.05785343807335759,-0.03787364476827695
2.768254388339278,0.6963740568275371,0.0031699060525244888,17.489313137841297,0.055439665261807373,-0.028623399732707007
2.382643765671658,-1.3496769267277402,0.003953415239293373,17.515902037071594,0.06924799481403283,-0.033510321638291124
2.6072884694977794,-0.7379340395505011,0.0036377556609421065,17.543561683738197,0.06381947234171047,-0.03385938748868999
2.985219134509759,-0.001796186103919729,0.003324215978486422,17.571078043897312,0.05841027354544062,-0.02949606435870417
2.9268642710061936,-0.0565639408174199,0.0035366063272653917,17.60244407832416,0.06225317464856312,-0.024783675378319478
2.7364453442529926,-1.0192168681532,0.003794623176541963,17.624784236389438,0.06687973574938084,-0.02775073510670984
2.266426672506503,-0.025791685693824888,0.003485221771425978,17.652507478629328,0.06152315248752452,-0.02199114857512855
2.398645827463804,0.10701578555551391,0.003743727420298581,17.67484618755294,0.06617011545783136,-0.016580627893946133
2.5966585801814643,-1.1157682602499648,0.0037834350348717673,17.706464906500802,0.06699157931894349,-0.020420352248333655
2.837266332382858,0.9090035209808627,0.0035215201120595355,17.724923365894664,0.062418932139146295,-0.010122909661567111
2.617853595404691,-0.9673567967406955,0.004081974102527661,17.7603252545246,0.0724975904058886,-0.014311699866353503
2.761013363234407,0.5504486174268899,0.003821315836081801,17.779335232985492,0.06794078598188681,-0.00820304748437335
3.0248776969164073,-0.11081916162297283,0.004206234042321852,17.814334070272874,0.07493170031552225,-0.006457718232379019
3.732871625985085,-0.059174927714866016,0.004247505021829426,17.845540233160204,0.07579947759849949,-0.00471238898038469
3.6915943075208073,1.4480040014895728,0.004114618383416216,17.877078257263207,0.07355776995265957,0.0041887902047863905
3.810340682176539,-0.6417870435498685,0.005011719128010906,17.916586877683997,0.08979365295704668,-0.00017453292519943296
4.166640339262556,-0.25888757368851745,0.004662369323682952,17.957501542820953,0.0837251109875556,-0.0019198621771937625
4.080509812945978,0.3631379926215857,0.0043147732163630725,17.99772159640991,0.07765656901806361,0.0015707963267948964
4.323864804021905,0.6759060552528026,0.004694343869147503,18.032985486868643,0.08465365669733807,0.006283185307179586
3.950810613904352,0.08959194954549046,0.004683585854939692,18.077550435167982,0.084668378605537,0.006806784082777886
3.5788913987351902,-0.16343119749748206,0.004846539464333839,18.122241479819547,0.08783084619984206,0.007155849933176752
3.4777111204891016,0.5335941298031954,0.004714362083363128,18.153675450741364,0.08558363325766428,0.011344640137963142
3.713183763533409,-0.28409562535148025,0.004914967357756861,18.189099243200815,0.08939954892060213,0.009773843811168246
3.749466575937361,1.0421903576534706,0.004395831665655463,18.229573585741658,0.08013465297654028,0.017278759594743863
3.413512637265251,-0.36914082131820247,0.0047693610458504464,18.265037732718284,0.08711321998021984,0.013962634015954637
3.3480226432877007,0.6326813671985962,0.004463242008973244,18.29626401395671,0.0816611963998271,0.019024088846738195
3.4620655399526306,1.2311880907914732,0.004660370546416526,18.331802829933462,0.08543361248463638,0.025656340004316644
3.7130587045519974,-0.6375062087339848,0.005183277694199454,18.370765880862393,0.09522163377030232,0.020245819323134222
3.7720452962683995,1.2011163011402217,0.0048759427871893956,18.40225556299814,0.08972905637887395,0.028099800957108706
3.7776030552364737,-0.14766770439085622,0.004894234081320301,18.437819419665253,0.09023972471000699,0.02408554367752175
3.5127942732862905,1.9104323390809304,0.004376624027483917,18.47859531649277,0.08087438063552328,0.03717551306747922
3.718660456417195,-0.7008860888998235,0.005598775384012968,18.51240642598915,0.10364788839104545,0.0317649923862968
3.730602763202222,1.9043352535538853,0.004408845210098545,18.54912574270073,0.08178075406538673,0.04258603374866164
3.7890675293098726,0.3359263204106982,0.005413585253275745,18.592241683991904,0.1006516686706921,0.04293509959906051
3.6160265124226534,1.641307306476471,0.0047554379377082266,18.623440795207973,0.08856328448484838,0.05183627878423159
3.717861299501015,1.5835045339952534,0.005084206464267788,18.663237530461004,0.09488857049441121,0.05846852994181004
3.5173111368161396,0.6566567477381946,0.0054094990410422554,18.702605926013618,0.10117271568528416,0.05689773361501515
3.9183493901104525,0.8374496304435557,0.005240475782995336,18.737898420304106,0.0981964018065333,0.057246799465414014
3.9957650371549764,3.308995481674921,0.004895474061580301,18.77348610188439,0.09190584845335098,0.0762708883121522
3.915790658969137,0.2556240976037738,0.0062245050168202,18.811517181857674,0.11709389532306533,0.07347836150896127
3.825074041619411,0.6448071759905625,0.005664338900259286,18.856333214326412,0.10680980406602966,0.07295476273336297
3.4490987575783056,1.0996001733412908,0.005312481534181443,18.89167558353989,0.10036262184910712,0.07557275661135447
3.7035158378097304,1.2379848107154932,0.004784656253213425,18.927438780453645,0.09056197939578306,0.07993607974134029
3.68369966122719,2.8958236525695713,0.004914464095748656,18.96669609947014,0.09321189741362058,0.0926769832808989
3.3266708571577235,1.7186104741436152,0.005383566394382308,19.000787855520826,0.10229299121300839,0.09564404300928926
3.025743182738325,0.9954776533397385,0.005539849678174679,19.031107279771156,0.10543055209359926,0.0921533845053006
3.128648215792609,2.03364098552352,0.005002672588742887,19.066565356663006,0.09538457959404996,0.0947713783832921
3.2123352577952855,2.1892278395209743,0.0049786877760596635,19.09693050790047,0.09507844006152881,0.09686577348568529
3.002580619563885,0.9033608748053702,0.005126053245258538,19.127172266873607,0.09804776225418584,0.09232791743050003
3.544262241641339,2.842861918883863,0.004617352398738186,19.153795597405946,0.08844045256265753,0.09930923443847736
3.170679978312828,1.2516986308190932,0.005026919021654579,19.197220292037944,0.09650368473027353,0.0958185759344887
3.2152611377797884,1.8154524663580467,0.004989888988597547,19.227661060647762,0.09594469051303156,0.09529497715889039
3.5214099071523077,2.568175883643796,0.004649160841814799,19.253936412322552,0.08951529216851657,0.10070549784007282
3.2719433218597906,0.7240904240096847,0.005080835216966096,19.288584041200554,0.09800296039515982,0.09389871375729493
3.3506229637700695,2.995432097059402,0.004525912404985194,19.324159064066528,0.08746004839858362,0.10140362954087055
3.1449693464551483,2.385654155126108,0.00494915242188056,19.358397180511567,0.09580844053841607,0.1033234917180643
3.223995857555068,1.230720393447605,0.00536708616509504,19.392962276178537,0.10408469894249074,0.09704030641088474
2.785162151088428,2.9163591156640254,0.004840109447619495,19.419321804720088,0.09399237691033734,0.10611601852125524
3.1225228507029064,1.2697152486243533,0.005249892278222606,19.454053078849594,0.1021326213454616,0.10314895879286488
3.2430285532525702,0.9159913958699414,0.004718577321207878,19.480540657917544,0.09192111956137948,0.09494591130849153
2.7737369113831054,2.522157543800657,0.004150150040871032,19.515709622765613,0.08099358809339427,0.09878563566287905
2.808067216616287,2.4913127297029085,0.004759362850489263,19.54144077338234,0.09300550950210913,0.10210176124166828
2.678513643793849,2.045024284032207,0.004687855446837371,19.572033285537874,0.09175153495450723,0.102799892942466
3.138266686339785,1.3691647906537985,0.0048244397717616214,19.593421188902575,0.09452801383650118,0.09843656981248018
2.9092940594849983,4.184986290331352,0.004710246348532329,19.633380405338407,0.09247874228869596,0.11222467090323539
2.8211601073899257,0.9953813471618034,0.005591524110944925,19.66321745793355,0.10994850036899825,0.10210176124166828
2.777505653231666,2.9230849665439465,0.005219201058692925,19.689767894712464,0.10276579055861881,0.10646508437165411
2.7992104431079894,3.064413806902061,0.0056299687866358155,19.715414672195134,0.1109983419772966,0.1137954672300303
3.1509211501845535,0.5484135816678909,0.006210932911365917,19.741403505232956,0.12261410939245482,0.10297442586766545
3.014517111348946,2.1723430804944988,0.004985630952014138,19.77271266985639,0.09858026508078337,0.10088003076527226
2.8631511648486287,2.675076268615725,0.005347372638954595,19.8078453642232,0.10592093992091657,0.10419615634406147
2.8262581336952235,0.9667430008928554,0.005459951401493255,19.829753196364926,0.10827056464499843,0.09704030641088474
2.89229367797187,2.731499992727776,0.005075243200037324,19.856273244068145,0.10077628102981687,0.10314895879286488
2.8981498533917702,1.9396583622905545,0.005425798326193335,19.891129818918163,0.10792631797095945,0.10227629416686772
2.6922156970518962,3.6134664209395595,0.005316978356209641,19.922180837778672,0.10592680251755338,0.11274826967883368
2.745094982242061,0.6086001219850793,0.005697727003199791,19.948052257519457,0.11365978596552523,0.10088003076527226
2.552204980118571,3.745835663197548,0.005304163362113646,19.974855961001584,0.10595089276643921,0.11187560505283653
2.3654198145415295,2.3689641113282742,0.006129786521124422,20.004936554322043,0.12262752633093073,0.11344640137963143
2.6571655273047785,1.2316550142759122,0.006222070505785002,20.02711108117988,0.12461170525766205,0.10663961729685355
2.7122308678708467,2.4203491356291043,0.005647238395255384,20.05382818979443,0.11324995242394707,0.1059414855960558
2.528824602521016,3.0089682919012852,0.005735159782546433,20.075522355175092,0.11513759079854138,0.11100294042683936
2.4972665643654586,1.2628446484979838,0.006094605543968595,20.101959969489002,0.1225150335867591,0.1033234917180643
2.459279972081359,2.8319396975160105,0.005513829440227953,20.128565338114964,0.11098660090300055,0.10838494654884787
2.399598286318335,2.795870644345385,0.006041085928621863,20.15476781675408,0.12175816543272336,0.11222467090323539
2.6019336811013787,2.3234143288508986,0.0061179753257983895,20.177078691195707,0.12344440974247278,0.11257373675363426
2.457957136193666,1.7666378392481017,0.006463303312943677,20.20360334237113,0.13058383477019325,0.10838494654884787
2.464302664765694,1.9816320301460637,0.0058739310146872625,20.230317941258757,0.11883285869459265,0.10925761117484503
2.3982347471106564,2.7933386531521727,0.005943294631251985,20.252421985755518,0.12036752809853862,0.11414453308042916
2.526436538174409,2.6797783564650692,0.006278743519756501,20.27890854150235,0.12732773879478534,0.11728612573401895
2.4124073610823507,1.15247778368204,0.006168045950032131,20.300805884185195,0.1252178914831949,0.11082840750163994
2.2765564749531957,2.4704241792554504,0.0055707857889772255,20.327908092684602,0.11324359297895849,0.11222467090323539
2.2572473497773817,2.568353510472605,0.006070924120775904,20.354533173796124,0.12357234454803567,0.11484266478122689
2.3691481067926436,2.8583858667005293,0.005952628980615009,20.376790300484274,0.12129690514772207,0.11850785621041497
2.508661901086381,2.3816395181505063,0.00583192594540794,20.399072217573174,0.1189672272767144,0.11938052083641214
2.2886861514263614,3.508532965425392,0.006147229357894137,20.4257778303996,0.12556352275691907,0.12583823906879116
2.182986266903163,1.688365487615526,0.006677068367550304,20.443555864639276,0.1365050488026009,0.12025318546240932
2.2597807477905656,3.202063135084481,0.00611097220182119,20.461783221932247,0.12504294500659233,0.12583823906879116
2.3043610980787026,2.344028138433638,0.006416460167473395,20.4884789134372,0.13146531302956913,0.12566370614359174
2.405913860298354,2.02591087131598,0.006282561785428647,20.51104324733848,0.12886359192981367,0.12217304763960307
2.289315225904656,4.240340409179245,0.006146328383792585,20.53349913280729,0.12620721780074565,0.1361356816555577
2.1668642623258534,1.7179711166821012,0.006700725594646847,20.564932890922748,0.13780203460499127,0.1308996938995747
2.1299737768956084,2.1945566271602335,0.006125377436561081,20.582926084736567,0.126079767869878,0.12985249634837812
2.285647802634589,1.8385668078116664,0.005806758761709857,20.605566018849245,0.1196528958595886,0.1275835683207855
2.0530581642273074,3.9555333574848115,0.005660353847965691,20.62815733488371,0.11676391677289816,0.13735741213195374
1.8065859854515551,2.5588889129408976,0.006419793004765475,20.65081115234097,0.1325757542978566,0.13805554383275148
1.8583362070216822,2.070685054735218,0.006314580963846043,20.66458710201287,0.13048994272711964,0.1340412865531645
1.986425286943972,4.240792670450558,0.005556100545151996,20.682773811305815,0.11491675335377886,0.14643312424232427
2.0374229884633266,1.6758356423305805,0.006305375153904624,20.705461495165824,0.13055743268984377,0.1387536755335492
2.0793639133442485,4.756757545540534,0.005543182226372831,20.72374161715073,0.11487665279850445,0.1525417766243044
1.7760269035582785,1.2680169522976432,0.006537560176288671,20.751454703972918,0.13566581665004604,0.14067353771074298
1.6834470131861061,3.7321554226423213,0.005344651336906506,20.765042218903897,0.11098296741203965,0.14521139376592823
1.6924397790850179,2.0879154071682855,0.006303313538925961,20.779095067686885,0.1309788859453309,0.14049900478554353
1.8342798015087833,4.140813645633848,0.005533917019872623,20.79719886374589,0.11509114761970703,0.1499237827463129
1.8447293282115618,2.720958160935583,0.0060871471243458255,20.820806857667296,0.1267408799858986,0.14695672301792254
1.770733624870411,5.061857673878836,0.005962991483545736,20.834938924788315,0.12424003591759328,0.16179202165987433
1.8119985458196461,2.6300789605713697,0.006734718777675317,20.84937359889122,0.1404167908207495,0.1583013631558857
1.9103226473885564,2.5053043397686094,0.006205422494426918,20.872470792523675,0.12952416231502129,0.15550883635269477
1.9401834616376188,3.515226821425847,0.006321975503752929,20.89158332234677,0.13207783760463407,0.1589994948566834
1.9461771040045526,3.493634412950933,0.006435607428527345,20.91030102420401,0.13457234647212576,0.16318828506146982
1.9242216114540966,2.037424324937066,0.006371443371095802,20.92970148741283,0.13335421232354283,0.15638150097869194
1.9117471272445385,5.239494506501653,0.0054121039543490925,20.948199335159323,0.11337493941064447,0.1715658654710426
1.988470928850923,3.370751556965157,0.006408711567833601,20.967910427335205,0.13437912983523712,0.17226399717184035
1.8410636392092332,3.3782128258425397,0.006509930884724738,20.98740216519296,0.1366284676191721,0.1731366617978375
1.7826023252529093,3.4573062404791948,0.006016631643765586,21.00186736392984,0.12636202452604586,0.1747074581246324
1.7263212621025419,3.4416021571676687,0.005938027801838921,21.02119538369818,0.12482590974750964,0.1759291886010284
1.6962152798021402,4.211895365630625,0.005856358426262309,21.040581958128254,0.12322259816627434,0.18238690683340747
1.6992201051758622,2.9770232299642383,0.006011684203807359,21.065212990218853,0.1266389337784807,0.17924531417981765
1.6321415874300442,4.2813882843916495,0.005509164475351051,21.079958046358403,0.11613413093813456,0.18448130193580065
1.4719861535141656,3.140555701398667,0.005889169308351315,21.095549620974396,0.12423669964608865,0.18291050560900574
1.280782594119743,3.3635419284680013,0.005382423981613528,21.11027940670948,0.11362557140210236,0.18099064343181198
1.362951061298944,4.647071950856324,0.005344589076573523,21.121158868482237,0.11288498981452338,0.1881464933649887
1.2206666310693426,2.9811377991423735,0.005479224749316242,21.13254229370798,0.11579110751047515,0.182212373908208
0.9536271144511121,5.055052999135704,0.005202970746340698,21.15211263076191,0.11005481633742754,0.1921607506445757
0.9576535356882413,3.274768925917774,0.005393739604212958,21.154556063743517,0.11410327336641671,0.1881464933649887
0.941775255780872,4.26063968861901,0.005347954788818821,21.165907071938307,0.1131953932399495,0.19198621771937624
1.3313749103526125,2.707497809012074,0.005300199956298819,21.1772074425933,0.1122444850255642,0.18552849948699723
1.2820839395087054,5.655765477744967,0.004779878184345676,21.192305168257608,0.10129740860617426,0.2001892652037496
1.1917612664479065,3.5671597386918443,0.005198620606820538,21.20013048676218,0.11021242807195222,0.20001473227855018
1.1447096429308552,2.424594724067513,0.0051447769960705995,21.211753051714616,0.10913070199886503,0.18989182261698306
1.092657192135895,6.326683787902983,0.00444391358780304,21.227060980660575,0.0943318456885656,0.20821777976292352
1.0734018393909097,3.777349438606702,0.005261770276669399,21.239818932401004,0.11176007934720604,0.20891591146372127
1.0643055392885554,3.7324430278639555,0.005026421770480214,21.25225579738462,0.10682370084390663,0.20839231268812294
0.9683563829773751,5.385962492753894,0.00438523841608575,21.25916582899248,0.09322710828358437,0.21903882112528836
0.691291828194729,4.879846363619289,0.004617014845009715,21.267524863913696,0.09819317573657742,0.2249729405820691
0.6048430139967864,6.080396081022655,0.005021239640901859,21.27636511926458,0.1068346258210394,0.23806290997202656
0.9521915126395275,3.050387854795471,0.005475992066676207,21.290195954678786,0.11658610948416685,0.22863813201125716
1.0226473877110174,5.113361904527666,0.004654648202998213,21.297413634823247,0.09913268403285326,0.2345722514680379
0.7895082581287735,5.404450184963471,0.004703503857506102,21.306446034488566,0.10021569013623771,0.24225170017681297
0.47487412820667485,4.6978399273245195,0.004750198472594161,21.31579773021845,0.10125503140721054,0.24329889772800953
0.6349744168441506,5.007674017186926,0.0043960514630293065,21.31982821292979,0.09372366575276207,0.2452187599052033
0.9097696520678606,4.092452321477025,0.004041151951663443,21.32373932154833,0.08617293987069746,0.2424262331020124
1.0725337662087269,7.314790719184621,0.0038599158473225518,21.328079692136015,0.08232500164907752,0.2621484536495483
1.2966653587257437,2.0680660968872804,0.004594089025213602,21.339825190001203,0.09803774642324917,0.24434609527920614
1.7687283056754939,6.6254443311411295,0.003339289982220057,21.355966480683374,0.07131403000063449,0.25743606466916363
1.5985919622719724,3.123680143578128,0.003769300383830402,21.371379222377122,0.08055552940718065,0.2450442269800039
1.4886573624783948,6.204954117516942,0.002904021906043079,21.392772327386574,0.06212525411101805,0.25377087323997555
1.6989598490517999,4.693973990126701,0.003151381572902299,21.408371625645685,0.06746617118719606,0.25028021473598683
1.6868868807808775,6.127035985703919,0.002531577694868856,21.42152028786518,0.05423035880304533,0.2593559268463574
1.4267463026862952,4.631314099807082,0.0031630489640057805,21.442581213343207,0.06782416048345986,0.25726153174396416
0.9451495478304148,5.981069454477957,0.0023625846725332522,21.456215503278965,0.05069222019670426,0.2659881780039358
1.0855384006388376,3.360780550893635,0.0028496610913323287,21.46403302690655,0.061165385345834454,0.2527236756887789
1.4282135455113596,6.9088361597185095,0.0016553653375495575,21.471867343303675,0.035543817398703534,0.26930430358272506
1.740572491665481,6.130613865258252,0.0022695169533600876,21.49387757497289,0.04878080330175422,0.27296949501191314
1.8090581468026439,4.218171369081164,0.002315802882928321,21.510326064864046,0.049813764163231355,0.2658136450787364
1.4542597420580723,7.667018661618093,0.0015017300904434656,21.524514134653376,0.03232403485717022,0.2822197400474831
1.3772412974070105,3.0006816773049008,0.0021847943008384083,21.53860883811489,0.04705750471113073,0.2659881780039358
1.6791042536660192,6.928576300544963,0.0013649823126674133,21.552482844078025,0.029418776147029528,0.277332818141899
1.9518163240815678,6.365594704967092,0.0013957484601268815,21.569667124233092,0.03010584922397338,0.28309240467348024
1.7751552013564065,5.808112856216237,0.0018040720992995667,21.5927536655505,0.03895492669696742,0.2844886680750757
1.463892022892164,5.829002047648284,0.0016502033289519723,21.61027462677663,0.035661379499357486,0.2867575961026683
1.6441350694589658,4.996577028333299,0.001286321576800054,21.622238970334493,0.02781316786637419,0.2827433388230814
1.9719284324381556,6.569961505150826,0.0009197383519386317,21.634196295423063,0.019897805656911117,0.28763026072866554
1.7850068905425418,6.6743718523478925,0.001132215711955843,21.657875774104742,0.02452139771712485,0.29496064358704166
1.6180327660265543,4.941320184807821,0.0009608810621270172,21.676282830506622,0.020828336079358134,0.28832839242946323
1.6445767625164407,5.376266095284664,0.0005834476157912119,21.688808249581978,0.012654284898457838,0.28658306317746896
1.6529708044351408,5.547251602515551,-0.00023876618414889872,21.709700815118946,-0.005183542521143548,0.2839650692994774
2.098881602435414,7.288754578624672,-0.0002484419680882364,21.728140766694374,-0.005398182166040531,0.2944370448114434
1.8362444087117624,5.101744848921421,0.0002045548908009657,21.74463024042739,0.004447970526376372,0.2892010570554604
1.7127028209559239,5.868915917214778,-0.0004567219230528707,21.765799627017252,-0.009940918553643138,0.28763026072866554
1.6558076395664485,5.6157813174213995,-0.0006553888026830401,21.784877175193355,-0.014277566612682849,0.28518679977587347
1.8132575655967722,7.127335586896704,-0.0006843964797868741,21.80397425131624,-0.014922565552867197,0.2909463863074548
1.9903031646945535,5.282404869375582,-0.0006206345173973933,21.815680030201055,-0.013539565785662323,0.2857103985514718
1.765394678741245,5.154656372427721,-0.0006587138132855128,21.83512457492178,-0.014383100252605373,0.277332818141899
1.5895507990301794,7.414590165051699,-0.0013421096078462585,21.856940676569202,-0.029334427693110815,0.28483773392547457
2.024631931203481,5.999483416218869,-0.00047511329977632945,21.866898205166066,-0.0103892549438609,0.28344147052387914
2.0337102712956137,5.735872557646026,-0.0007019764417789036,21.887082324032836,-0.015364218694426673,0.2811725424962865
1.9074297620945808,6.207405242739138,-0.0007593649663550103,21.907242880984924,-0.01663559595080675,0.28466320100027515
2.081327380831785,5.08740102950385,-0.0008218252728449852,21.92801189073181,-0.018020998412157027,0.277332818141899
2.4879046124026507,6.78789562575013,-0.0015282558634137034,21.95050498257932,-0.03354601406083241,0.28466320100027515
2.4975427290424435,6.705629188239861,-0.0012404810454595848,21.977348716237735,-0.027262498495732538,0.29129545215785363
2.3233284456951564,5.720689853567433,-0.0008556843171470944,21.996696183528424,-0.01882223254714711,0.2907718533822553
2.877781658523757,5.855213655774215,-0.0013942151463916972,22.02566426856898,-0.030708534630030277,0.2923426497090502
2.8664259560962213,7.433392901328522,-0.001484308671681506,22.046950299481384,-0.03272450354622744,0.30560715202420713
2.838246946416289,5.885596641134037,-0.0012182751660056316,22.080931221837044,-0.02690066345844828,0.3035127569218139
2.491157585173879,8.209739995206464,-0.0017773750343711243,22.110310271995786,-0.03929835486163345,0.31991885189056063
0.8091185669472324,8.187906468030398,-0.0011393889309496879,22.1288297010605,-0.025213354526978888,0.3364994797845068
0.2822276416079174,6.952343632174497,-0.0008592491671326673,22.141826192809535,-0.019025350397164742,0.34086280291449256
0.03811300913746686,6.962930047276604,-0.0014582653994491648,22.14198438025904,-0.03228891258474512,0.34644785652087445
0.8831697779065361,7.27480821724409,-0.0012473014728602448,22.141477986752015,-0.027617112426055117,0.3520329101272563
1.4107988431993685,7.293094064186841,-0.0016725138969605254,22.14890986561272,-0.03704439409423144,0.3583160954344359
1.2455924558744917,8.124170371108088,-0.0022134819870340185,22.16396362371862,-0.04905961436497242,0.36669367584400864
1.2060344090546888,6.736141052133357,-0.0016627626829223115,22.177215815518885,-0.036875480853359684,0.36686820876920806
1.0088692906863568,6.762279909773631,-0.002731888049206757,22.185611311103717,-0.060608757183899825,0.3663446099936098
1.195366345693029,8.008395803843108,-0.0031681562153656495,22.19352755004463,-0.07031279749691399,0.36686820876920806
0.6572679523385886,8.315511228891381,-0.0032640643119588573,22.208357123124333,-0.07248976335112207,0.3726277953007894
0.10002365035677512,6.571864430154815,-0.0032459821098131947,22.21637852993454,-0.07211422052793769,0.3675663404700058
-0.18090723443097473,7.855483722958097,-0.004031084590866353,22.219186175141694,-0.08956790416155161,0.3679154063204047
-0.4284608626448631,7.553385937196595,-0.004182042176815879,22.22054178335186,-0.0929277846830858,0.36686820876920806
-0.48666741400454155,7.516220818259092,-0.0043752329017419525,22.20826886032449,-0.0971669686207241,0.3611086222376268
-0.7968377277829585,6.201346053901535,-0.004688177320851865,22.203608932632694,-0.10409521847664764,0.3473205211468716
-1.409953087688668,8.624532328425031,-0.005336764378172637,22.192633109503333,-0.1184379782516062,0.3511602455012591
-2.170422987748732,5.749941263777064,-0.0048839346223064,22.18057169389419,-0.10832932335958502,0.337023078560105
-2.309908958868049,7.658798648617693,-0.0056869965263123155,22.163514869275698,-0.12604519092359792,0.33667401270970615
-2.353059414654543,6.611054665846936,-0.005545352716797724,22.138393208887564,-0.12276645732354229,0.32655110304813906
-2.9899619389259944,6.834493127230347,-0.0060346469974002555,22.114294443848625,-0.1334535805605593,0.3171263250873697
-3.2267128780095278,6.146156319152498,-0.006037418601923061,22.0828992489619,-0.133325326635546,0.3033382239966145
-3.4513343772184686,7.179763639892192,-0.006190268519462712,22.044645541859254,-0.13646401839914782,0.2984513020910304
-3.3988288690288084,6.509033343118059,-0.006174713031450603,22.013688564395398,-0.13592993719050125,0.2947861106618423
-3.486245102810672,5.38430183133783,-0.006133820498652693,21.976264869645835,-0.13480015450810845,0.2841396022246769
-3.959488851750675,7.910597323777242,-0.006569474003709555,21.946348155080006,-0.14417803783183347,0.2897246558310587
-4.355951788822471,6.80918259812185,-0.005552020931969387,21.901664317647366,-0.12159974817394852,0.28885199120506155
-3.7953591813314715,4.085258689428488,-0.005655486986650013,21.864496591928283,-0.12365569430466246,0.26965336943312396
-4.05491367286254,6.776669498793605,-0.006379503918234576,21.82061238057085,-0.13920657066485054,0.2726204291615143
-4.0932848414639125,5.932050671541616,-0.005971894377819666,21.776740632555903,-0.1300499409674703,0.2726204291615143
-4.418481680366335,6.77700061058232,-0.005870935018216271,21.740332703479524,-0.12763754704503286,0.2775073510670984
-4.192810767691808,5.780832440406146,-0.0057698176646546855,21.689948001697907,-0.12514843389237634,0.27820548276789614
-4.074343986666135,6.9480012337451535,-0.005647588815568274,21.653675810684597,-0.1222923575092846,0.2844886680750757
-4.002001002111237,6.053694756227737,-0.00551559788411417,21.6176907993076,-0.11923569875687008,0.28466320100027515
-4.35894256245588,4.518801332192049,-0.005377717177347065,21.567842688644465,-0.11598687621457793,0.273318560862312
-4.507252395967588,6.047770717292347,-0.006210793700990117,21.525105717923836,-0.1336897099908853,0.27820548276789614
-3.687374851222254,7.267274239458592,-0.006377749458713487,21.482699300841443,-0.1370131315438211,0.2886774582798621
-3.80294951383325,6.79037930832311,-0.00554574995073355,21.44739688891384,-0.11894311962135161,0.29251718263424964
-4.318289344857811,6.902238660135288,-0.0052047738847747485,21.405012726045417,-0.11140925725499141,0.2958333082130388
-4.636364731653096,4.188446906131028,-0.005178858878890551,21.355885975502733,-0.11060010848890084,0.2806489437206882
-4.448424575781063,7.037430239480254,-0.005963644824978982,21.313956394846088,-0.12711037265351743,0.28623399732707
-3.6232774147111373,5.207210021394441,-0.00558550927031252,21.272730848651847,-0.11882027101076925,0.2816961412718848
-3.7342535516210282,7.716913816743911,-0.006024325377192033,21.23798804382418,-0.1279460981644186,0.2935643801854462
-4.369171960004217,5.637961398190494,-0.005623163383983584,21.196893249295005,-0.11919485028868157,0.28780479365386497
-4.665254019323695,6.1519751636417945,-0.005702731379410624,21.155565033081768,-0.12064581241281358,0.28518679977587347
-4.0554149019714,6.178649219264797,-0.0054283214194360465,21.107929162155354,-0.1145817494407416,0.28483773392547457
-3.789416969197874,6.653186178021538,-0.0056596545143700735,21.067017365153834,-0.11923331301920007,0.28483773392547457
-4.083144493671735,6.603314212904684,-0.005033623931105461,21.026699638891916,-0.10584139241017224,0.2886774582798621
-3.971721636306719,5.343642457339891,-0.004894029900841649,20.979357358755536,-0.1026744219519545,0.28309240467348024
-4.174635362616931,4.896771813246492,-0.005266118136621144,20.945765533367076,-0.11030389541178116,0.272096830385916
-3.655020403353027,7.001166361079427,-0.005603597020734252,20.898479324629797,-0.11710788222479913,0.27715828521669955
-3.922464765195152,7.283793498185052,-0.005106793257839937,20.86583829011763,-0.10655844862533904,0.2855358656262723
-4.270580419048093,4.824583413478561,-0.004594609167091764,20.826444507296877,-0.09569004620488425,0.2764601535159018
-4.283940614494927,5.777520612352493,-0.004897491894361508,20.77921694989892,-0.10176686022513767,0.2736676267127109
-4.113465140412434,6.3055587719283706,-0.004691460951438544,20.739800604025252,-0.09730067853180159,0.2762856205907024
-3.590193881340347,6.314963305293451,-0.00464913909996388,20.70074652246146,-0.09624134345967489,0.27820548276789614
-3.9538066721857796,6.454317711579269,-0.0045961526356255115,20.661340581911766,-0.09496334366020467,0.27960174616949157
-3.949509183909809,5.452351624309859,-0.0038478456950058154,20.623113899241417,-0.07935495167612652,0.2738421596379103
-4.315777252768452,5.9029948132538985,-0.0040931608607570535,20.576655855772984,-0.08422403275683178,0.27174776453551713
-3.8580313380469784,5.742110401649334,-0.003831541159908133,20.53809957233005,-0.07869295894749284,0.2686061718819273
-3.7549100156174005,7.454556984116144,-0.0037335475014770676,20.499998926232966,-0.07653807540267805,0.2759365547403035
-3.5697269300914027,5.144271861233581,-0.0029355055075095597,20.462335916143275,-0.06006747231610738,0.27035150113392165
-3.8416063063706787,6.352652513545038,-0.003011451489592645,20.43061947209548,-0.061526005432489435,0.2708750999095199
-4.075863370138614,5.3614590136097915,-0.0028814617532957284,20.392371721336605,-0.058760001798719486,0.26825710603152847
-3.902037127561133,6.05,-0.002884292021729064,20.346862168178586,-0.0586864549592761,0.2712241657599188
-3.537485655780344,6.928622829677232,-0.0027319295421783783,20.309575331941332,-0.05548446687347487,0.27977627909469105
-3.8182496921389575,6.108760723176753,-0.0018737677865335823,20.273197753633962,-0.037987309338681476,0.28309240467348024
-4.022510104391213,6.286704435230442,-0.0016985426902743543,20.235783188418953,-0.03437137467101893,0.28431413514987625
-4.255237660178845,5.592835804645677,-0.0015123897408328287,20.19863972504895,-0.030548238790172974,0.2841396022246769
-3.7108975104362023,5.940136625385927,-0.0016308092690945149,20.15410190687048,-0.03286752533749207,0.28885199120506155
-2.9236786398350207,7.079542779435771,-0.0015967372461423864,20.117443207323223,-0.03212229816563924,0.29949849964222697
-3.182276348854551,5.433661473159709,-0.0008511648473278308,20.082505811092346,-0.017093527120640835,0.29792770331543206
-3.9532642101794986,7.318351440985155,-0.0011820135025287727,20.05224396401697,-0.023702034159949283,0.3080506129769992
-4.492411190141191,5.000088029275253,-0.0009007154907859688,20.00975752212083,-0.01802310344102378,0.3045599544730105
-3.858959713970552,6.596843576823185,-0.0011342496616984265,19.96592102186117,-0.022646348876221942,0.3143337982841788
-3.258668531991451,5.6218916054424986,-0.0012182537123442648,19.93026629210463,-0.02428013291008996,0.31241393610698504
-2.968184562781013,6.520367892819791,-0.0012913046096871014,19.894539210847856,-0.02568992446960907,0.318871654339364
-3.356333490011079,7.152230692231118,-0.0012174153015688952,19.866881588446393,-0.024186257589050766,0.32759830059933565
-4.033805115870721,5.777707242107717,-0.0012691750582943487,19.831995569619444,-0.02517028764797763,0.32602750427254074
-3.9280424825691482,5.827455866038313,-0.001484525279365201,19.79694604047813,-0.02938908844069608,0.32602750427254074
-3.104469892643726,6.104327964097822,-0.0019973486956769318,19.754129781780254,-0.03945593782241552,0.3256784384221419
-3.1163598979448706,6.929310027490293,-0.0020155323840898415,19.71963219481317,-0.03974561111147105,0.3286454981505323
-3.800682196463576,7.609323690996149,-0.0014856181148181931,19.68692329431805,-0.029247271387917446,0.33545228223331014
-3.6730058800068734,5.822110791086039,-0.0009430045424643544,19.65485105877207,-0.01853461932389954,0.3319616237293215
-3.741104431153784,6.368519511312422,-0.0014060967273660406,19.61310883949246,-0.027577946327546208,0.3340560188317147
-3.0320213778067875,5.573832051630722,-0.0017269418220784358,19.579330187313815,-0.03381239776198256,0.3286454981505323
-3.170309230044429,8.262098295183407,-0.0016878336190107944,19.545506320114995,-0.032989593994408095,0.34033920413889424
-3.4585175323748207,6.246626019075538,-0.0012706121242403428,19.51428937029679,-0.024795106013364016,0.33737214441050395
-3.97979302564051,5.861424587902391,-0.0013833149079088762,19.481133484660603,-0.026948559561525753,0.33213615665452095
-3.3368128169911584,6.163983358649479,-0.0017861079836056755,19.440423134164902,-0.03472273188855387,0.3323106895797203
-2.727770641466546,8.517086734103119,-0.0018761611473032257,19.408065062479743,-0.03641270033856788,0.34749505407207104
-3.3427998334850733,6.46867680751415,-0.0006906435766123353,19.37977515690408,-0.013384519356394675,0.3460987906704756
-3.792632307047784,4.992186549203748,-0.0009319116328368272,19.34740132098467,-0.018030073575650153,0.3324852225049198
-4.035974079697407,7.852152648240152,-0.002006433464586424,19.30487771660651,-0.03873400465849441,0.3413864016900908
-3.4070000887482568,6.059266064578562,-0.0010777134109196398,19.26998851420451,-0.020767533090288802,0.33824480903650106
-2.8592551711659193,7.014326194900381,-0.0014048803035119721,19.23046330126308,-0.02701651689342106,0.3413864016900908
-3.13877990600406,7.109039856568471,-0.001304898405216331,19.20693220612132,-0.02506310943035298,0.34592425774527613
-3.424395529301214,6.842898097070605,-0.0010583893339407872,19.169854042009487,-0.02028917662716237,0.3438298626428829
-3.5673871549996474,6.4548426989078065,-0.0006229952712320036,19.133394715342675,-0.011920015972418485,0.341037335839692
-3.2444427982534085,7.0917223936359095,-0.0007828665706755276,19.102645816792617,-0.014954825876593338,0.34243359924128747
-2.674991973510103,6.832714874159455,-0.0003207777722645121,19.066944931168894,-0.006116252328694641,0.34487706019407954
-2.6261552732272606,6.167900035106961,-0.0001685042103362787,19.044878927766828,-0.0032091423150464914,0.3387684078120994
-2.856863704488808,6.87447299063586,-0.0007356439349848302,19.020039054152,-0.013991978897384015,0.33859387488689996
-3.4043731165169535,6.971320264530359,-0.00023774009754819726,18.984719040812408,-0.004513429041721396,0.3429571980168858
-3.439105869053987,7.84937802672135,-0.0003437203741380806,18.95508721576302,-0.006515249926200583,0.3508111796508603
-3.372746586628865,5.5953625062792645,0.00045149080956614755,18.914900146486023,0.008539904160269094,0.3426081321664869
-3.204283430094169,6.118981256578825,9.733598713336114e-05,18.89099687539895,0.0018387738346072261,0.33737214441050395
-3.2097054215191267,8.30229387830007,-0.00025802761458343756,18.853470989013775,-0.0048647162538747,0.34714598822167214
-2.5306332203842996,5.920666093889333,0.0008634038557279633,18.822718870339354,0.016251612086277293,0.34365532971768353
-2.635609556948253,6.040958602105478,0.0005370797234905378,18.79952942670406,0.010096847037073885,0.3431317309420852
-2.6487313320291292,7.8050015687445,0.0004972966854848389,18.771164040751497,0.0093348384296722,0.35552356863124496
-2.8272796642822535,5.8430094340862055,0.0012010644394226204,18.74635005539668,0.02251558524716887,0.3518583772020568
-3.1269813005105345,7.687827799455754,0.00027425484525912694,18.715217136694395,0.005132739108502638,0.36006142468643015
-3.4960902043414914,6.58794995501181,0.0011834656994378938,18.677231633997916,0.02210387331878966,0.36145768808802564
-3.3744427735511153,7.30576265907379,0.001013641980704888,18.650029675945206,0.018904459495519225,0.3701843343479973
-3.292589243414347,4.815411641377808,0.0013166542102676722,18.61815193083406,0.02451368229260013,0.3611086222376268
-3.264182805121752,8.348502682359877,0.00016096674277152966,18.578967728775055,0.0029905959451873563,0.3782128489071712
-3.2693861002534104,5.449691240320378,0.0010526151530477707,18.550752233857455,0.019526810113686822,0.369660735572399
-2.825114750615711,8.32157310264094,-7.883711034574352e-05,18.512358357049646,-0.0014594608415783275,0.38292523788755595
-2.8274206395557995,6.833532164737289,0.0008406755907092375,18.48497964916409,0.015539874846669568,0.38676496224194346
-2.9603117295416914,5.6314640095029596,0.000564314881534552,18.459358353866246,0.010416891728423416,0.38344883666315416
-3.3147408124228934,7.038870077385448,3.260995458397817e-05,18.42516528494023,0.000600843803357173,0.385368698840348
-3.290047758779821,6.952911921031112,-0.00022256331604537954,18.399490208074514,-0.004095051621868903,0.38641589639154456
-3.0149607846796735,7.051696387159767,-0.00025384736450190855,18.360871319702238,-0.004660858894577988,0.38362336958835364
-3.032475038096519,7.332093860605127,-7.651998623603994e-06,18.33131072582926,-0.00014027116444564037,0.38362336958835364
-2.7995935497035855,6.784186790133542,0.00025172860988864295,18.3021786700902,0.0046071820918702645,0.38117990863556156
-2.709178034487915,7.417316124303924,-0.00021664048094044807,18.26942592906087,-0.003957897281696433,0.3822271061867582
-2.587074200653585,6.736261239778197,0.000325539258513822,18.249081725062037,0.0059407927431949425,0.3790855135331684
-2.5185367707505355,5.983089344935479,-0.00011902248985007967,18.215991097256683,-0.0021681126257204583,0.3665191429188092
-2.4617091467249304,7.940021547261723,-0.00060993511330675,18.196995853963582,-0.011098988104381405,0.3679154063204047
-2.3364657027397078,7.048880717055231,0.00037227342719886873,18.164835630011275,0.006762285926877866,0.3651228795172138
-2.5706121984174968,6.851013217616627,0.0006399530960828743,18.150499386419657,0.011615469863455987,0.3654719453676126
-2.521754652946168,5.144442867061024,0.0005897227768388388,18.11889854163832,0.010685128399902386,0.3520329101272563
-2.633700460108355,8.008798689218471,-0.0001168723852021891,18.09126646256391,-0.0021143694724350477,0.35709436495803987
-2.8068506590309146,7.606853359830929,0.0008442882396433665,18.073213481209244,0.015259005220403837,0.35761796373363813
-3.1258203139425564,6.682680655531171,0.0011502035904410739,18.03772614199386,0.020747066521152067,0.35395277230445005
-2.836121046518866,6.059192084652545,0.0018895356037551755,18.011926083800926,0.03403421613218686,0.3466223894460738
-2.5600961244593523,5.232229233785812,0.001398048068009783,17.985596044353738,0.025144744183937966,0.33597588100890846
-2.4132435969784036,7.512421300932407,0.0010897961270241758,17.95942889320012,0.01957212379969032,0.34330626386728463
-2.38683947087456,7.0086593950024065,0.0018623654406956043,17.933587200689566,0.03339893164394842,0.3440043955680824
-2.5781291840815186,7.661870802635806,0.0021415975321998825,17.912739376195187,0.038361937091258,0.3511602455012591
-2.803446077431981,5.322636627416047,0.0034434186693951207,17.8837785628115,0.061581580376350906,0.3415609346152903
-2.862189960253006,6.172715378499163,0.0027659675686191325,17.849674950066106,0.04937174792978672,0.33964107243809655
-2.783308217021059,7.568599348982825,0.0025072520663183564,17.824427000405542,0.044690425073745654,0.3501130479500625
-2.548417995189062,5.6019099353806565,0.0033378479391523407,17.800277049650646,0.059414838718119714,0.34644785652087445
-2.709410968272945,8.044868718598433,0.0034367898549337215,17.77135537110594,0.06107665431749457,0.3569198320328404
-2.7886559414053096,6.836957238499904,0.004116129700076094,17.748120736304788,0.07305397945663282,0.36163222101322506
-3.0284205022929025,4.338141572205325,0.004238301149174631,17.71980786287181,0.0751023317215525,0.3494149162492648
-2.948483196431112,7.867928429070121,0.0034536890810201873,17.686786010274485,0.06108490259514534,0.3637266161156183
-3.0234473188873867,5.960941768836973,0.0041189638282796035,17.654819678342076,0.07271997490273276,0.36198128686362396
-3.0168130654145195,7.467052579011439,0.004102472804400079,17.627127993187614,0.0723152189073892,0.3694862026471996
-2.6285329941235447,5.356349041492164,0.004621026404987573,17.596086574562044,0.08131255946600476,0.36407568196601714
-2.8402168341012537,6.800042779346725,0.004103413107559682,17.57294715166504,0.0721094664074278,0.3680899392456041
-2.9773349551291406,5.808599289321624,0.004120809368844611,17.546213943531203,0.0723050120788723,0.3675663404700058
-2.991796711235638,6.127897617622594,0.0037591706657392737,17.510174147329888,0.06582404306809374,0.36617007706841037
-2.8213358463303964,7.166472971417631,0.0032704461022844715,17.4875300739159,0.057192228474849484,0.3726277953007894
-2.6725380445156803,6.1287402334794425,0.0038531819263893023,17.45778111789928,0.06726833958993779,0.37227872945039053
-2.660347059090422,6.616995749453123,0.00391684682174008,17.43190834380727,0.06827846396265008,0.3729768611511882
-2.609199497855952,5.942624948481807,0.00381698057701067,17.406443217143963,0.066440378339161,0.37088246604879505
-2.655207784683803,6.929277621535107,0.0036950093732522446,17.371611329624915,0.064188558815873,0.37437312455278365
-2.3924826824933736,5.213717662782829,0.0036188440297077384,17.346194273467532,0.06277344561261428,0.3649483465920143
-2.3212889265059653,7.151680645099103,0.0031881746407741137,17.3248631493519,0.055234876491958095,0.37105699897399447
-2.3988801162054068,6.8102751020044465,0.003306596598997954,17.300306049589146,0.05720534163176059,0.3740240587023848
-2.2885057587317177,6.0522420247167,0.003435759956603224,17.276071029772044,0.059356666609239016,0.37140606482439337
-2.457670467233273,6.398292223907243,0.003401157955728124,17.251755945738203,0.05867617323818971,0.37140606482439337
-2.5713736776058926,4.5003999865261,0.003551728756684671,17.227601572838495,0.0611880252062739,0.35657076618244155
-2.72808218699437,8.00688427142681,0.0025968311041451274,17.201226786562668,0.044668781157293905,0.36704274169440754
-2.5587855825597012,5.925863246932794,0.003335654183005049,17.18389984097199,0.05731975997616938,0.36198128686362396
-2.0724994054097623,5.424754485435312,0.0034983840226393724,17.15130903220449,0.06000211026823864,0.3551745027808461
-1.9992832425336737,7.114095071079535,0.003139386278701618,17.131625709548963,0.05378296737495155,0.3621558197888234
-2.0636377823025214,5.418421099421192,0.0035155190542453855,17.108777319172553,0.060146480441525416,0.3553490357060455
-2.3637751267663543,5.186724431177128,0.003172895545209762,17.0894245680498,0.05422314104188289,0.3466223894460738
-2.6373324110735155,6.903736851381286,0.0030122876204785242,17.070176460642827,0.05142043675944019,0.3492403833240654
-2.506384785483466,6.648616926957269,0.0032321928651309765,17.03861750036247,0.05507228969786929,0.3494149162492648
-2.3427285566746656,4.7579553119475495,0.0036478803900771074,17.016928143455896,0.06207599382317337,0.3378957431861022
-2.404326749932531,7.921854687867875,0.00294745394193826,16.992033107381836,0.0500833799968485,0.35028758087526196
-2.3666135241137556,3.1230128498398164,0.004505499527882261,16.964502803744118,0.07643407656556774,0.3262020371977402
-2.82987192063923,8.014653865536562,0.0026984863418159275,16.94576230026907,0.04572801911352073,0.3364994797845068
-2.765787892754285,4.536584562800931,0.004280726669423865,16.918806063966382,0.07242522672164399,0.324107642095347
-2.5209423682708736,6.6169751165039825,0.003616799897895558,16.885003251358473,0.06106994432594178,0.32759830059933565
-2.335435374053914,5.684581977520135,0.004268250944529305,16.864652686199143,0.07198300688555276,0.3256784384221419
-2.4306972805560862,4.830433980596367,0.004190282866288987,16.837778546951224,0.07055546790084194,0.31782445678816745
-2.6716124622774293,6.290532894768314,0.004297179591708454,16.811013574827445,0.07224038910794356,0.31991885189056063
-2.822913304216124,6.45080373808317,0.0045814828128385825,16.79396719830829,0.07694181041498711,0.32428217502054646
-2.617334501341253,4.939995494251432,0.005105877242334253,16.764867181931855,0.08560009768062214,0.3186971214141646
-2.598188683045949,6.051550207908782,0.005243413076749443,16.738729948329205,0.08776887985513014,0.3216641811425549
-2.494365217410178,5.559987950400488,0.005216621910691531,16.71282737811466,0.08718529235368949,0.3202679177409595
-2.3636251443148786,4.757486480865916,0.005374593346954759,16.686966388201835,0.08968652210175895,0.313635666583381
-2.4356832262879498,5.91818956213716,0.005542694021396558,16.661407943778674,0.09235003190914663,0.3171263250873697
-2.5846057120791914,6.354936169067175,0.005720950045319915,16.635990495893694,0.09517470891658704,0.32358404331974866
-2.723258159328165,4.589493491090943,0.00631660283540094,16.608035127468323,0.1049077570349993,0.3179989897133668
-2.570418296968323,6.367521841794231,0.005933261017875028,16.58568868800716,0.09840837492578051,0.32236231284335265
-2.341976938922086,4.931670967832361,0.006551770403954209,16.558342110877113,0.10848800809276654,0.31852258848896514
-2.3800329486003426,5.838103761593145,0.006185777456865297,16.536201516467404,0.10229056724280042,0.32288591161895097
-2.4700271133795235,5.481374561255859,0.006827053668207541,16.50929907209235,0.11271162190772631,0.3225368457685521
-2.7825028671781666,4.821765988705276,0.006478293790401424,16.487425522304367,0.10681188062237368,0.31695179216217023
-2.6096192874834907,5.936888929329726,0.00672676572792399,16.463225634148067,0.1107459323667267,0.3204424506661589
-2.3374161554605166,5.113991786965658,0.006810536947205312,16.439397675326138,0.11196285633611705,0.3179989897133668
-2.216419930893499,6.197893647976747,0.006937621708941346,16.405989852632498,0.113820377444983,0.32288591161895097
-2.274446819375262,5.073036688430701,0.0071821842314329755,16.392222026800372,0.11773398295357473,0.3193952531149623
-2.5255224369477722,4.9949035684155865,0.007470015007933572,16.368811718431957,0.12227754361532014,0.3155555287605748
-2.5580455975539844,5.744397989918983,0.007035200132818732,16.338144237218582,0.11494401086180761,0.31695179216217023
-2.7069316532902237,5.56510890470952,0.007941174335998157,16.31286285252535,0.12954601099688412,0.3166027263117714
-2.3923373233271983,5.845457799591656,0.008259996459546236,16.290064542439776,0.13455893566870805,0.31904618726456346
-2.3822468404372175,5.0498705130634995,0.008413896322918198,16.26754198100481,0.13687664167122016,0.31625366046137254
-2.536637424381563,6.102210808399251,0.008021430790496996,16.23759630846532,0.13025154861144458,0.3204424506661589
-2.7264694659390853,4.264320432463105,0.008973341475992148,16.21314564695642,0.14548999730419912,0.3118903373313867
-2.5377416683432346,5.781700124822454,0.00872755874551944,16.193156641818995,0.14133031427504392,0.31450833120937816
-2.4394943777092895,5.293547218273127,0.008971988653740333,16.161574120367067,0.14500535046701427,0.3153809958353754
-2.6215285253534666,5.403499958695669,0.008743068574406994,16.14200989975304,0.14113429566119373,0.3155555287605748
-2.474481864479717,5.613248372309673,0.009010562428355004,16.11070668698686,0.14517045719713534,0.317649923862968
-2.5779942188910163,5.410985103734519,0.00923420061099084,16.089487198037812,0.14857777563712782,0.318871654339364
-2.710905207199581,4.533517170181379,0.009641683733143667,16.068444101160456,0.1549316570591098,0.31381019950858047
-2.726416252647501,5.640906150670766,0.00933201832388795,16.0396316628614,0.14968648183869004,0.3179989897133668
-2.7319750136166876,5.048626065823335,0.009646969903666935,16.00905601302103,0.15444367262356504,0.3171263250873697
-2.59993242338311,5.492372961027346,0.009975086943447125,15.978669249337878,0.15939390172757206,0.32009338481576005
-2.2842630967639557,6.0303128380817554,0.010249712478539633,15.958585771391936,0.16357664403000924,0.3256784384221419
-2.5292898742069037,5.276797933168524,0.010533648216586448,15.938369123162085,0.1678953832997897,0.3270747018237374
-2.654953617619874,3.5998306605966968,0.010897247156731798,15.908567656751053,0.1733664561415017,0.3164281933865719
-2.656524409477907,6.104520862629815,0.01003145974347633,15.882231910703497,0.15932731446365267,0.3246312408709453
-2.561912635546844,5.911002849556431,0.010243617036313967,15.852872001995836,0.1623964299311652,0.32934362985133
-2.4233522002523498,4.646675464592471,0.010567358470104577,15.833666010399405,0.16732625306291465,0.3262020371977402
-2.453782376992232,5.064963789822854,0.010178431415169189,15.806242908767569,0.16088831545159143,0.3248057737961447
-2.3533900805217978,6.541363604037718,0.010695540205327684,15.787195087769948,0.1688590186918905,0.3335324200561164
-2.6507328139299227,5.267278888403146,0.011582272812512463,15.756736684638572,0.1825069840351748,0.3331833542057175
-2.4676264148719675,5.9695316015415605,0.011142086186445308,15.739829253326603,0.17538179181481994,0.3387684078120994
-2.4106563434985904,4.853272424555092,0.011424609565101947,15.711651052952348,0.17950728883678418,0.33580134808370904
-2.3975285122654726,5.734779080919996,0.011720193617545503,15.683465244590357,0.18382166609912337,0.34068826998929314
-2.4239014616830397,5.721944361120288,0.011938041466579893,15.665520851756243,0.18702452232252476,0.3438298626428829
-2.3123947313378537,5.764627899517903,0.012082605316609601,15.637884490960365,0.18895558154808648,0.34871678454846705
-2.3163349097680093,5.774930845343733,0.012319610419271482,15.620259705143397,0.19244525029860782,0.3529055747532534
-2.5095285612789895,4.269205816498716,0.012487648843150845,15.592948623985835,0.19472938907366544,0.346273323595675
-2.701553710545334,5.5611604539805795,0.01139265566892131,15.568445317763258,0.17737361079967012,0.3473205211468716
-2.640877260417875,6.668079637692013,0.011583231042858081,15.541671267050905,0.1800308208033258,0.35709436495803987
-2.293591189965929,6.124928344534211,0.012427200755069666,15.513696633966852,0.19280174775885656,0.36407568196601714
-2.248183507682178,5.762292854890649,0.013180422587617325,15.495970142546184,0.20425526300327107,0.3675663404700058
-2.442429245366212,4.930682905619331,0.01323482601466255,15.469921599774288,0.20475367590000196,0.3633775502652194
-2.552029619841429,6.7691382318958215,0.012657640194124058,15.44503901782712,0.19550818795390337,0.3712315318991939
-2.6928669593503822,5.235618515872453,0.013268241806178008,15.428194410052814,0.20471702742732278,0.3691371367968007
-2.5400485215133397,5.9800263405285286,0.012651962565821129,15.393797713239652,0.19477214505708212,0.3740240587023848
-2.2893866800632465,5.641985139716477,0.013459770975410972,15.377558966446536,0.2069909218670004,0.37768925013157295
-2.382356839874202,6.570560135706394,0.012750664644336732,15.35342973244939,0.19577704354846198,0.3869394951671429
-2.4182837932613594,5.0802275204106175,0.013351737988668854,15.32771577650792,0.20466380688833324,0.3832743037379548
-2.3267355704835846,6.806788846391381,0.012664562344330312,15.304084999490547,0.19382990157604033,0.3923500158483253
-2.3631840846534002,4.844210855487604,0.01311820513453922,15.278725348687399,0.2004409512313758,0.38746309394274114
-2.3177312240597137,6.176612488897618,0.012452875019560276,15.255519492191127,0.18998489827505163,0.3935717463247213
-2.0288123535774036,5.078460154766445,0.01310758676316982,15.230787224111392,0.199650299037196,0.391826417072727
-2.077003120274749,6.371060453681335,0.012329760848362481,15.217826559102168,0.18764167081869412,0.3977605365295077
-2.0529822498424326,6.599172353918933,0.012833419537530363,15.193653967815633,0.19499724092581927,0.4024729255098924
-2.045648697214936,4.792966230914176,0.012727902732934395,15.180338065037255,0.1932243005380841,0.39479347680111737
-2.1536013385527206,6.291654483032682,0.012112423732743668,15.158094138829123,0.18361023848033076,0.3988077340807043
-2.1635051154676255,7.409589041457838,0.012652284347674557,15.134455465360471,0.19149565233111654,0.40753438034067596
-1.820964796989982,5.480525979997305,0.013205805952273393,15.111461880699078,0.1995706346478109,0.4036946559862884
-1.8467764199924233,5.5844108452251,0.01296049447097198,15.099300992753001,0.19570536498635266,0.3991567999311032
-2.0802270302714003,7.319628197590916,0.012211950452267646,15.077508984873672,0.18413494621250046,0.40474185353748504
-2.38781454604418,6.62615767079593,0.013464360709874312,15.054726136212837,0.20271451320548856,0.4059635840138811
-2.3933079813014126,5.256412681386,0.014067095852540668,15.033012682691428,0.21148478030459783,0.39479347680111737
-2.2661074487202413,7.042048333813883,0.013351689391333094,15.011754527966296,0.20044419472038558,0.4016002608838953
-1.8479443350498765,6.2518535531912605,0.013978787642761413,14.990712872752196,0.20956564220280263,0.40334559013588955
-2.0025224470300156,6.456682488743237,0.013951330569588381,14.969922728978444,0.20886389183218496,0.4080579791162742
-2.243008768329636,6.486699791298865,0.014603854692203442,14.949045986119655,0.21832921680024012,0.411199571769864
-2.3211461198958405,5.934740752009013,0.014424873201310466,14.928697365799396,0.21535950388705474,0.41085050591946515
-2.366197528653944,6.6365443430992395,0.014431252425403001,14.908561862815848,0.21516415652022594,0.4145156973486533
-2.323640595828509,6.556014309117109,0.014945198960258886,14.888839860151238,0.22253324250953474,0.41643555952584704
-2.273722932266853,6.41855532979245,0.01547897714106505,14.859230749024507,0.23002406454958244,0.4197516851046363
-2.054003913530844,7.531359605039329,0.015346931969052149,14.840249073053737,0.2277701753177125,0.4300491276914028
-2.131843848616327,6.069395464209516,0.016400007577731236,14.821421130274596,0.24309321337707324,0.43074725939220054
-2.0365034505503568,5.7435028326920445,0.01611625566777052,14.802662299532821,0.23858414665475233,0.42812926551420905
-2.1714314838070483,8.044024302079537,0.015341090602837615,14.784089272137399,0.22682184738641756,0.4405211032033688
-2.2931729437439348,6.9493178489942755,0.016278256553174913,14.756341189582322,0.24022872677876267,0.4452334921837535
-2.101537790671239,6.390637619097159,0.016706047976753267,14.738836356758723,0.24625061658601277,0.44331363000655977
-2.135103422680061,5.890008609160326,0.016970591265522094,14.721700312303064,0.24985994582957474,0.4396484385773716
-2.129314288556689,7.424074276577366,0.01677365521015384,14.694407344538314,0.24650204098422496,0.4483750848373433
-2.201389764481361,6.965688371178196,0.017237539023447754,14.677778296109189,0.25303383820001396,0.45238934211693027
-2.2456852842267594,6.256772782400351,0.017576517919962897,14.65134368724504,0.25754612700017904,0.4497713482389387
-2.1503326953623967,6.406913114625462,0.017208581776730056,14.63507032034281,0.25187366780029435,0.4504694799397365
-1.9811559752989865,7.217354669302586,0.016894296242085452,14.609170293782176,0.2468351349091864,0.4558800006209189
-2.0709525296166222,5.776646502473031,0.01723147805518954,14.593735160441891,0.2514965194235735,0.45186574334133195
-2.330386958830273,8.19386367385789,0.01689458181928249,14.578251465639347,0.24631689777002563,0.46460664688089054
-2.3052437183095287,5.009833066229873,0.01781588575571662,14.554088248778777,0.2593214108047931,0.4565781323217166
-2.5816320135513307,7.293663613077528,0.016872672006062305,14.528508200936493,0.24515801849189636,0.46321038347929505
-2.53641068123421,7.748266692160634,0.017141208473992243,14.504508356356997,0.2486491548095368,0.47123889803846897
-2.030358316669891,4.946361632508998,0.018113329229585216,14.4817307912629,0.2623410489912597,0.46338491640449453
-2.024389445001863,6.9338990727145715,0.01652480582802487,14.456032111340923,0.23890486993399887,0.4663519761328848
-2.2747523550085758,7.0653444856738234,0.01676964315231313,14.443077286976518,0.2422279590736816,0.46984263463687354
-2.436140243052119,6.335478894047753,0.017097360663967415,14.420410890917976,0.2465749926389149,0.46722464075888204
-2.1687765166406714,7.2452283923921,0.016750598528548342,14.397162166857507,0.241183641136494,0.4705407663376713
-2.1812926650120548,6.764110473966815,0.0171086625965544,14.375274928067405,0.24596572752094367,0.4715879638888678
-2.2563964191574626,6.801193065282002,0.01748220892197486,14.353605153758316,0.2509582911982985,0.4715879638888678
-2.31972177812936,7.956989660639117,0.01717859772142166,14.331369419273987,0.2462170504241438,0.4780456821212469
-2.404301820241075,6.026265492034545,0.018274135678976823,14.311613617133057,0.2615614853053867,0.4703662334124718
-2.063185459207666,6.867173790789759,0.017305884968837282,14.288791001032584,0.2473048626462838,0.4703662334124718
-2.1189101233517444,8.903395425887247,0.017737598222101917,14.268596858449367,0.25311718426966967,0.482932604026831
-2.1470930180070336,5.2958453204758715,0.019397426047176505,14.251327768153782,0.27647375267737395,0.4703662334124718
-1.9547632367426793,7.8694325210118246,0.018469336233954668,14.229393816098428,0.2628373455158984,0.47595128701885364
-1.9423737746528433,7.154045662748394,0.01894348427554649,14.210322590468332,0.2692252276400054,0.4796164784480418
-2.124794099939757,5.688288267437444,0.019431402787094338,14.19157881851312,0.27579699683729403,0.4677482395344803
-2.428760385324417,9.164035841081157,0.018541291570668157,14.170193261608711,0.26276379650125115,0.48153634062523554
-2.6109340335508313,5.583467019848523,0.020393684395914435,14.145414573291154,0.2885171198834703,0.4687954370856769
-2.3975637866200943,8.047415836650858,0.01953137914757588,14.124866003279415,0.27591319885253457,0.47682395164485086
-2.201728226197276,6.88710502047001,0.020900248060093857,14.099396929904955,0.29472380837007156,0.47525315531805595
-2.1086002050089423,8.700111160078858,0.020762829588261176,14.081034686548609,0.29240414282783744,0.48677232838121853
-2.4255859410246963,5.438525135624857,0.021994855009773495,14.056296971673412,0.30921607900459996,0.47647488579445196
-2.525039882392872,7.775342260671161,0.021186687377170863,14.036826863044835,0.2974383681340721,0.48275807110163155
-2.302539357169614,6.318754831629769,0.02245425598120885,14.013246924272861,0.31470992692166316,0.47752208334564855
-2.406897327793627,8.105074286146435,0.021672054396775754,13.994330584072491,0.30333338481815597,0.4862487296056202
-2.3262042603464277,6.7097211669697945,0.022974536411438134,13.971699583446004,0.3210498092985353,0.4852015320544236
-2.1429662620027594,6.7608085147308685,0.022897633270589645,13.945404063941735,0.3193725658674753,0.4848524662040248
-2.4809709197128686,7.2912937872675325,0.022680284046136243,13.929366061603954,0.315976159599998,0.48659779545601906
-2.496870732927417,6.356051677838809,0.023336288294576495,13.905635965259634,0.3245648493734818,0.4806636759992383
-2.1537212202472804,7.793905572192704,0.02348406499194265,13.880496761609992,0.3260304256759731,0.48502699912922415
-1.834503301687514,6.7709080899046885,0.024176193459017618,13.857791820256926,0.33509394467212206,0.48450340035362593
-1.8949668943902993,6.536878009842999,0.024011207558013815,13.843104872931143,0.3324535575199764,0.4824090052512327
-1.868824251192286,5.925770365657108,0.024030761237845935,13.828674015810714,0.3323775461564438,0.47664941871965144
-2.116942831041619,7.554222854400257,0.02336569395358567,13.802264880828137,0.32255820003274477,0.48205993940083386
-2.3199346512419217,5.527862754758917,0.024110704900292216,13.790106925870267,0.33255364183353786,0.47263516144006446
-2.321588206866061,7.664858986097968,0.023649484222780123,13.764503110173177,0.32558410092529133,0.47822021504644635
-2.3096512279118944,6.7918537537462385,0.02443306909287665,13.744135283875128,0.33587824662992766,0.47769661627084803
-1.9950924713505849,7.280965854374335,0.02470662552915436,13.721432870293407,0.3390792997528832,0.4797910113732412
-2.0476515826491144,6.917917003835541,0.025523715596833734,13.701616409371288,0.34979212228091194,0.47909287967244346
-2.0405592298798894,6.638461579481211,0.025830357173105976,13.679343520729095,0.35342093421235826,0.4757767540936543
-1.9466115326139932,6.7975637320466005,0.02577040105737559,13.667272725565958,0.3522890896064511,0.4743804906920588
-1.9218230701691048,6.70456080190621,0.026104230767718534,13.64598764341673,0.3562989452067066,0.4745550236172582
-1.864279619817442,6.9202356729222725,0.02645233733206237,13.625693261078034,0.36051552582838975,0.4749040894676571
-1.850627139414609,7.713871997447489,0.02659858831139649,13.614410964118383,0.3622095356249241,0.48171087355043496
-1.9090965663545318,6.7694630558111495,0.02750023705647918,13.59718130852023,0.37401999987204815,0.48275807110163155
-2.1913965486955393,7.937345152208012,0.027891254713949556,13.577185380036939,0.3787829620384974,0.48816859178281397
-2.45994244148892,5.5156233363987575,0.028822411475888456,13.560490854997658,0.3909543125754371,0.4771730174952497
-2.2939220790817267,7.749702726561218,0.027666960876186322,13.535980221989842,0.37459501935871553,0.48275807110163155
-1.8985681196915807,7.5570536685418706,0.029039914418396297,13.51072002962574,0.3924604824112837,0.49078658566080546
-1.8709307426158093,6.604154870262267,0.03001748049309832,13.495244281726922,0.40521494547990455,0.4921828490624009
-1.871718126861205,7.40888113227447,0.02943450257325181,13.474460914105963,0.39672863496733524,0.5000368306963755
-2.092182997887587,7.409354565082467,0.0304388368704749,13.459793578816319,0.4098270402388792,0.5056218843027572
-2.4498121543999325,6.099981374019637,0.030582970599886822,13.442397807979678,0.411236677316714,0.5023057587239681
-2.0397720518346025,6.218627152330877,0.030041413739152506,13.422525888836612,0.40335300117024875,0.5023057587239681
-2.0828244660951594,7.374050002803433,0.029513473066738335,13.402899289060796,0.3956809991866498,0.5105088062083414
-2.0383657897664507,6.819501787028125,0.030661089290473478,13.380668259349449,0.4103944766039044,0.5146975964131278
-1.802637686511012,5.945343325477186,0.03016307722785431,13.361669848776604,0.4031513508333577,0.5117305366847374
-1.9001941088942902,8.335349202105764,0.029230130068116054,13.352093194357646,0.3903946115371925,0.5242969072990966
-1.93017765441478,7.127418136788578,0.030946770329944594,13.3344973963635,0.4127914139407771,0.5269149011770881
-1.8244125828932745,6.284772495986075,0.031007745033235938,13.31979873471143,0.41314934319301533,0.5234242426730995
-1.9147984602165924,6.2482644854979075,0.03038514459818372,13.302245781617529,0.40431509813086247,0.518013721991917
-1.8695006345883418,7.780520155387678,0.029775452670708753,13.28475477172085,0.39567652650526175,0.5267403682518886
-1.8097388458064005,6.272415525619807,0.030859292512181283,13.265594587332624,0.40949685936978875,0.5234242426730995
-1.8067871143442442,7.349361029528052,0.030276877877756743,13.248662277558582,0.4012507447407903,0.5262167694762904
-2.047133903161432,7.068453321276079,0.03039835949478774,13.23573824911507,0.4024687055587021,0.5286602304290824
-2.009582215283148,6.796169636392031,0.03083683697004392,13.214037749175178,0.40760833566258703,0.5270894341022875
-1.9433253365363825,6.963149212486092,0.030291813294561955,13.198160447499351,0.39991854053549286,0.5279620987282847
-1.5407660397256095,6.940133827534775,0.030587879240246592,13.177528689362681,0.4031984106906388,0.5300564938306779
-1.6135232119857137,7.168998316286605,0.030757001876513285,13.166335425603906,0.4050847472492793,0.5328490206338689
-1.6498979653008248,6.084271748111734,0.030761842294909386,13.15509717434743,0.4048027197563997,0.5276130328778859
-1.8918152296842432,6.322382986404538,0.030262818756802593,13.140394534247989,0.39778682172000657,0.5227261109723017
-1.9012125074479693,6.982669610160375,0.030104526332216826,13.117100696762186,0.3950034387737277,0.5225515780471023
-1.6456496820626012,8.222026852474437,0.029629463150073945,13.103253630339529,0.3883560238144022,0.5323254218582705
-1.5323212722212722,6.504814415005318,0.030872137417600014,13.088935172228053,0.4042118300459274,0.5276130328778859
-1.3352672826522003,6.938265979271572,0.030419040523434113,13.075789750182878,0.3978757063788738,0.5281366316534841
-1.640244198875514,6.649442574673783,0.030483744530379744,13.066990226939055,0.39845422185390056,0.5262167694762904
-1.6657273745076755,6.215863207226839,0.030399769453522064,13.04545932402028,0.3967011666582727,0.5218534463463046
-1.62050434641337,7.017275556363019,0.029978221263846548,13.033126071289095,0.39082702207383424,0.5229006438975011
-1.2901029717310706,6.412379261634784,0.0306029753821776,13.01666631316071,0.39847312212564695,0.5202826500195097
-1.2897789358552838,8.110116203495547,0.03020195566814129,13.004997812063245,0.39289583569242026,0.5283111645786835
-1.0986526851068787,6.590737519863439,0.030485456039211826,12.998276174895006,0.3963811785283434,0.5267403682518886
-1.2143269527391325,7.0532552414481255,0.030774872783093345,12.991796686062209,0.399947160568269,0.527263967027487
-1.3510008811407985,6.92854237140371,0.031444232738851156,12.976827007725554,0.40818090574309357,0.5253441048502933
-1.2784985224474288,5.987818217403593,0.03107640985400659,12.966528923227385,0.40308293376443327,0.5185373207675154
-1.3688588929561836,7.83596793877311,0.03071631756713843,12.956533148656499,0.39810219674029285,0.5237733085234983
-1.288592398975496,5.128885141982617,0.031418483901098165,12.942769953532371,0.4067760639790311,0.5112069379091391
-1.2864027299586622,7.80355614949198,0.030192561132243705,12.937566572489535,0.390737007605555,0.516791991515521
-1.1317501070148563,7.043646829430188,0.03091336119351478,12.924545963310878,0.3996684782530546,0.5171410573659199
-0.9745143500242837,6.7783739492216695,0.03182021344877374,12.911902040406233,0.4109982037733757,0.5152211951887261
-1.2279222712023365,7.75115736522411,0.03149993578015833,12.903409723403648,0.40659106597564176,0.5235987755982988
-1.1536868566507863,5.26819577865108,0.03225166327927721,12.89167294472317,0.41592211479309454,0.5126032013107346
-1.2261942898310252,7.3648192435298645,0.0310513463554736,12.88780912308268,0.4003124916963362,0.5166174585903216
-1.0692772349234192,6.064509639257741,0.031818759002374346,12.87683208358273,0.4098631458345259,0.5108578720587402
-1.111364201486566,7.616330199501099,0.03169742727228008,12.870101730488186,0.40808579433548436,0.5174901232163187
-1.063489628645243,6.913598447863257,0.032482095961030126,12.859781409724699,0.41785962348386985,0.5202826500195097
-1.0088082801473628,7.828130633122885,0.03262343233280607,12.844923108251363,0.4191942048959727,0.5298819609054785
-0.8918125844752377,5.1410008678734105,0.03299847435088029,12.844350053832848,0.423997863971946,0.5202826500195097
-0.8788735430778455,5.973288084248947,0.03207802102077534,12.833644917184905,0.41181919502359193,0.5159193268895238
-0.8139476998141056,6.935666810377987,0.03198690436701787,12.82823125482137,0.410475410183535,0.5209807817203074
-0.7623339837216514,7.453614871150291,0.03172539052353787,12.823201437944252,0.40695761687835846,0.5277875658030853
-0.6597094843484126,4.938592649081893,0.032551704806881805,12.81564402854773,0.41731847050053844,0.5194099853935125
-0.6446684922585447,6.987151490773242,0.031213708580952883,12.81408934798225,0.40010519932453775,0.5246459731494955
-0.7048488381349005,7.772902685987415,0.03141106519091162,12.801819493468463,0.4022510897262118,0.5335471523346665
-0.6928548725578928,6.244343541707818,0.03162938471164243,12.803507770055859,0.40510217242689384,0.5309291584566751
-0.6607756253102746,5.535653224938476,0.03138553742904916,12.800304052346554,0.4018763869787227,0.5206317158699085
-0.5596082035439346,7.648989502226682,0.030512340766868904,12.791623800115811,0.3904235536968505,0.5262167694762904
-0.4005396418595854,6.480711783829317,0.031369009764711374,12.78607890239769,0.4012182441355759,0.524471440224296
-0.29465513071714833,5.662341940618809,0.031136282846969406,12.783505347026628,0.39815951422799656,0.5169665244407204
-0.4016348943863036,7.791801521877853,0.03043571716210722,12.789784270721766,0.38938649789238217,0.522027979271504
-0.44944716425519826,6.903034735356627,0.031472827402559696,12.785385541428983,0.40252514679859136,0.5225515780471023
-0.571395731945161,6.743933168659601,0.031718024319995534,12.775862603648797,0.4053610654346398,0.5213298475707062
-0.30563011261166906,6.509906622553063,0.031491482168358696,12.774810622863658,0.4024307617297968,0.520806248795108
-0.37585089681305,6.3691300476654575,0.03188139361278536,12.779994121559977,0.40758212430042495,0.519235452468313
-0.20236752779371592,6.104784837999176,0.03104043383657239,12.773670887018968,0.3966276789194879,0.5153957281139255
-0.002393816575478801,7.385730479219904,0.03098949933076062,12.773695139975363,0.3959771838811253,0.522027979271504
-0.17353518066314383,6.211078760971206,0.03186550226101869,12.771808626783823,0.4071179032315369,0.5188863866179142
0.033005652139324534,7.593030827452828,0.031145645469269737,12.780363513261017,0.39818143140892415,0.5258677036258915
0.06547668511697394,4.738904377775593,0.032018437229123654,12.779499167318217,0.4093194768936408,0.511556003759538
0.11220714525038344,7.547749372829655,0.03086288339498503,12.782445187661258,0.3946284201215814,0.516791991515521
0.1049884412354916,7.516720232938127,0.031230487514097155,12.790198044455416,0.39957403607094755,0.5235987755982988
0.19715058791730322,5.5461534125214005,0.03209720190138281,12.790932646645427,0.41069419389775763,0.5152211951887261
0.3588319244097885,7.101356431053381,0.030935156108949875,12.794461141809197,0.3959249587450304,0.5181882549171165
0.3806516221891589,6.351594455458816,0.03180038128871696,12.795396893772907,0.4070357161028995,0.5141739976375295
0.558120080656262,7.076251435979999,0.03121901431148114,12.806375107831835,0.39993234448013537,0.5148721293383273
0.5391998735593597,6.368533296443971,0.03155727145418064,12.816206455811882,0.4045788165291697,0.512777734235934
0.5571702017377207,7.943608001888149,0.031482144376038634,12.81972109412638,0.40372570009376735,0.520806248795108
0.6961803649429689,5.569811726414372,0.03233124191418341,12.822287767700448,0.41470499609791095,0.5131268000863329
0.701550242079324,7.075469540924058,0.03172327989740672,12.834083096681734,0.40727584238931425,0.5160938598147232
0.5429659973150873,7.022313988481405,0.03203174756132508,12.84543421643437,0.4116024883248315,0.5150466622635267
0.7207429961538881,6.112424829867327,0.03193812529984102,12.850285595236477,0.410553635209721,0.5112069379091391
0.566129409893005,6.08092319346529,0.03223108631062018,12.861934825481706,0.41469774336685084,0.5073672135547516
0.5537230819214627,8.712020263495202,0.031201812220513468,12.868606275436427,0.40165418889813426,0.5185373207675154
0.3610942629313819,4.783587111259554,0.03311506932764755,12.872817924113297,0.42644014859636015,0.5059709501531562
0.4906738840299156,6.145311978751449,0.03190320910329167,12.879898605704941,0.4110495653477191,0.5021312257987686
0.6528350308528631,6.986318666853773,0.03178495301755291,12.886361879971817,0.40973039746725776,0.5052728184523584
0.5535681155876231,7.728984785930602,0.031661013264083035,12.89339083428635,0.408354274807566,0.5126032013107346
0.5278245909288184,5.304499072277532,0.03262873727056977,12.899818823242843,0.42105423278162285,0.5037020221255635
0.5569168737626274,6.008331180744621,0.03194188196408685,12.914541909959183,0.41265512463776477,0.5012585611727715
0.5905635179247202,8.01628932993308,0.03143279636975366,12.915551682511893,0.4061056617816373,0.5131268000863329
0.5514834792272092,5.191082988622249,0.03220528494816525,12.923730416142828,0.41635637615391646,0.5028293574995664
0.5623936231899725,6.8067010441416365,0.03149347185415274,12.939274228244878,0.4076374478408034,0.503876555050763
0.5414411009780713,6.27591704561095,0.03206605132416402,12.941363799861278,0.4151207256543316,0.5005604294719737
0.5284554684090912,6.144240330214091,0.031901285001252624,12.949852205158795,0.41325712492099537,0.4960225734167885
0.8580495443848974,6.9767682608772645,0.03137749353326401,12.952340079546083,0.4065453968752628,0.49846603436958054
0.6736301048875754,6.249319875513146,0.031722389725127725,12.968839980644029,0.41154065123642486,0.49340457953879696
0.6311363162687157,7.354827455842704,0.031708508426910885,12.979067465007702,0.4116848527028109,0.4951499087907913
0.48841855993049005,6.838636758533333,0.03208492037290524,12.98274626228796,0.41669337709843224,0.49480084294039245
0.5471007289947806,5.6322534531343385,0.032633347358708875,12.986458376239224,0.42394210815030714,0.48572513083002195
0.6820018187077724,6.600464839168084,0.031515452362053525,12.996937102058151,0.409740015578958,0.4860741966804208
0.765016281271602,6.966343637532571,0.03205480478787666,13.00132406372236,0.41689770355263894,0.4871213942316174
0.7492862680858143,6.191739567236576,0.032510571622118525,13.020195040679011,0.42344317820876454,0.4836307357276287
0.6358245065976498,6.037639742758656,0.03212844099315555,13.024599500077317,0.4186041192581962,0.4808382089244378
0.8665633929414818,7.453769204045967,0.032064033707603495,13.037041010419355,0.4181634371531928,0.4888667234836117
0.610683038005227,4.1949951303260224,0.033070198231461186,13.050284120455665,0.4317328808128395,0.4722860955896656
0.6308092744739071,8.236356529258238,0.03159514069770902,13.054410236502422,0.4125932280831501,0.48729592715681685
0.6486718257015116,4.332327128730656,0.03317386080005026,13.062079645981047,0.43347863874491105,0.4728096943652639
0.5496782410108347,6.884023705377932,0.03169209258127088,13.066927198676463,0.4142569674975537,0.47734755042044913
0.651144773477923,6.379434812473685,0.032357907627301036,13.074290644219886,0.4232044024282036,0.4799655442984406
0.9981309845484798,6.939217334013044,0.03224529529746507,13.088896652874901,0.4222016771750131,0.48450340035362593
0.8639856505001301,4.9720778442980444,0.03289770022985737,13.096375258028244,0.43099612165364753,0.4738568919164605
0.8749536810999433,6.941798764761484,0.031872382140511316,13.109392750206498,0.4179691160842781,0.4792674125976429
0.7042280784222867,5.475421428613036,0.03233583334141902,13.11759529229054,0.424316274752575,0.4719370297392667
0.7322426827388817,6.62211435343451,0.031896699365980254,13.12559922775196,0.41880533296942524,0.47472955654245763
0.6167978181752296,5.8781107431234485,0.03191586148504022,13.140710152432693,0.41953954548154926,0.47298422729046335
0.7434526272917781,6.611832775468834,0.03146632321421672,13.14833558389373,0.4138663799991711,0.4745550236172582
0.8689203531278857,6.7580591814941515,0.03207350149636537,13.158365088486994,0.42217961901248957,0.47909287967244346
0.8587048994871936,4.869088017183472,0.03204777047822139,13.160710558523654,0.42191588545350733,0.4687954370856769
0.7112552531380725,6.852778494366922,0.0309698690211478,13.175588300710713,0.4081767508629441,0.4728096943652639
0.5350116325174751,5.129225791300791,0.0315564710575202,13.186017468906009,0.41624235401447046,0.46722464075888204
0.9079248369387413,7.035358454016834,0.03063429637838645,13.187325411435507,0.40411085697553006,0.4738568919164605
0.7801707589531428,5.458604348451887,0.031208238731003424,13.198400298763179,0.41203260303405076,0.47001716756207296
0.793141472929488,5.650137465044441,0.030717817409745978,13.208132549291967,0.4058526640718063,0.4663519761328848
0.7418966748625158,5.499171164196395,0.03039435534346381,13.218626938510457,0.40189541119365624,0.46163958715250014
0.8335351261166224,6.364880633838945,0.029894056840054875,13.227691367766246,0.3955471921582389,0.46321038347929505
0.76750498431407,6.973941897034191,0.029985999857758242,13.24615197908716,0.3973182027363024,0.4675737066092809
1.0488457558810704,6.320843836274026,0.030714975351136934,13.24543974583221,0.4069613404514214,0.4663519761328848
0.7374433458587966,6.448704966970469,0.03061249770622145,13.26430866004383,0.4061805069957944,0.4649557127312894
0.9954057952071298,4.71134409001684,0.030706256498618634,13.270075144653854,0.40760244514244565,0.45256387504212964
1.1098645725129797,6.599748309940389,0.02988859616750947,13.286950195772105,0.39724658626808185,0.45483280306972235
1.0654363640624107,6.802026560243786,0.030145657897366063,13.292921305519352,0.4008452896371379,0.45832346157371096
1.0745023460073722,5.848371484677586,0.030630825234841653,13.307501582346557,0.40774728587616044,0.45553093477052004
0.7376631914696145,6.28181640279272,0.030243369956485657,13.319465968629567,0.4029483981895863,0.4560545335461183
0.9142691022457904,6.887334059199804,0.030481534430088317,13.326343500631078,0.4063332506878198,0.46233771885329794
1.0116576568953606,5.481895715262565,0.031111086846701136,13.342107343875629,0.4152214331753486,0.4602433237509047
1.1026795649295447,5.248507950070381,0.03052447741388743,13.355189007163561,0.40778682401278765,0.4565781323217166
1.029424737185043,6.443301453634305,0.030103761563922703,13.368698707629543,0.4025697334521519,0.4614650542273008
0.6449055591764717,5.115514704739868,0.030314157959009443,13.376722022642129,0.4056283224493615,0.4544837372193234
0.8262868841884702,6.749400220838491,0.02949325626313317,13.382313565290664,0.3948024832785348,0.4611159883769019
1.0072057582366967,5.626015196107936,0.029900657806726013,13.39936895724319,0.4007693890048526,0.4564035993965172
1.0069598120201615,6.905047210309931,0.0290713027294264,13.40485294820276,0.38980635802028885,0.4591961261997081
0.9271844219264171,5.241683463720837,0.030275355542475513,13.417701023917887,0.40634982968133476,0.4495968153137393
0.7085055960866468,6.436812717722924,0.029808868807351164,13.432149715276665,0.4005158242943305,0.44872415068774213
0.8698768556811646,6.7864181707771865,0.029978010882753352,13.442154180535823,0.40308980128031136,0.45151667749093305
1.1253724426524327,4.624476136027209,0.03014015412364289,13.45246340826459,0.4055821420847278,0.43825217517577614
0.9659861943049457,6.976106089980859,0.029461147145583105,13.458692614329042,0.39662328107915507,0.4405211032033688
0.8137121385601593,6.481055430966216,0.02978480726397198,13.469743249032112,0.40131238630711213,0.4392993727269728
0.8820266647982845,5.566160923604335,0.03010219302158839,13.480525363669761,0.4059159897824127,0.4345869837465881
1.102212311732713,6.747581392157368,0.030411283660852502,13.491868950711686,0.4104315902724378,0.4401720373529699
1.115602893938105,3.2255503033494812,0.030713790796598885,13.502932100092687,0.41485668974832984,0.420449816805434
0.9323686511013116,6.71477437235104,0.028875875620843025,13.520651722666992,0.3905292066827266,0.42743113381341136
0.8248325693907828,6.678513127910823,0.029815704230176092,13.527538094905537,0.4034526351520901,0.4331907203449926
1.0929241177451163,4.706558057189599,0.03009346580459747,13.540007278793215,0.4075887932045916,0.4272566008882119
0.9377414971983807,5.530700368370971,0.029545408953872684,13.548110086172715,0.40040096732648783,0.4270820679630124
1.247725886905629,5.139497321757815,0.029151620705901236,13.565904186494885,0.39558015663897894,0.42271874483302657
1.042441845948724,5.591001333985771,0.028591828788941766,13.574391119115383,0.3882224622306665,0.42289327775822605
1.093130542749909,6.496058779788509,0.02835577190089677,13.592192656910996,0.38552044603063446,0.4277801996638102
1.1319501389883722,4.6022457232914435,0.02925134320725098,13.601250309500871,0.39796835334997366,0.4180063558526419
1.1478420282321624,6.6899552843040135,0.028013219726598305,13.615378877996436,0.38151040094314764,0.42743113381341136
1.2375432367288284,5.391117063378878,0.02907002592198368,13.624333818829925,0.3961713406012442,0.4253367387110181
1.2481662917449046,5.9707807574661675,0.028795205501639304,13.643452388018197,0.3929746347241676,0.4272566008882119
1.3944214619421929,6.401539623803858,0.028683430080446617,13.649413787572824,0.3916194121150897,0.43214352279379603
1.2570835008707055,4.628780007663313,0.02918935590340318,13.672810243708874,0.399213910055933,0.4241150082346221
1.2644362097801958,6.573483665768167,0.027913037975958614,13.688176860137704,0.3821778620667559,0.4326671215693943
1.1977129382399077,4.727294704543223,0.028750348654455395,13.699070119578899,0.393961595421501,0.42830379843940847
1.1904741692761773,5.594818547006649,0.027460573020671456,13.714410611495174,0.37670026655750943,0.42970006184100396
1.3006088032486727,6.154527261380047,0.027319101325942712,13.72091006212725,0.3749362127060165,0.4354596483725852
1.358048606530102,4.83846498169906,0.027466585289788563,13.737685577800281,0.37742222816457877,0.4330161874197932
1.403982554923579,6.2739028011162885,0.02664700168151473,13.749299295664832,0.36646434311091963,0.4384267081009756
1.4025609410586675,4.896304622886049,0.026777187309989715,13.765889886342954,0.3686999376557286,0.4351105825221864
1.0631527006864345,6.0811648986207025,0.025565145931145273,13.790467232277415,0.35263213464678766,0.4370304446993801
1.2447587782991578,5.035481852237504,0.026055314958923863,13.794669641233076,0.35950581964171335,0.4338888520457903
1.3441018701937342,6.332127063917037,0.025206855356382417,13.807396930047862,0.3481147894236094,0.43772857640017787
1.4583014084632335,5.927860453113505,0.02529823373270139,13.825037527101951,0.34982366302994167,0.43755404347497845
1.4847769718632717,4.3249526520145825,0.025378828565716372,13.842598085573998,0.3513843674170934,0.42568580456141697
1.3907461445466203,7.19,0.024013822522335426,13.85953720955658,0.33288445670981454,0.43598324714818354
1.3930398979253455,4.446627752844123,0.024741936598781423,13.873940785903239,0.3433382258610468,0.42568580456141697
1.415546311898601,5.989535208507766,0.023855637528078257,13.887332058639911,0.33135401912002943,0.4265584691874142
1.602305798224588,5.222807587091213,0.02406915798243806,13.906175083630135,0.3347745752057836,0.4249876728606193
1.4678190910412672,5.463460938387811,0.023342376375343806,13.919566390520734,0.32497478244106964,0.42341687653382437
1.6321477380304714,5.4847107909772435,0.022690623218829045,13.942743203283404,0.31642383964822596,0.42394047530942264
1.5497771443975448,4.868109124298087,0.02261670045754028,13.953330853057947,0.3156321229936826,0.42062434973063345
1.6219837025379686,4.771500344054946,0.021866738921343172,13.967552030700526,0.3054735029977458,0.41381756564785555
1.6670593349120786,6.177373660443714,0.020688320910819392,13.994919600663831,0.28957270200986135,0.4180063558526419
1.6875887073513558,5.507180967711739,0.021507817630308033,14.011175949774891,0.30139629247099947,0.4162610266006476
1.4868080423948782,4.51227063683294,0.020732390523769573,14.025661157207217,0.2908271546001814,0.4084070449666731
1.3182251719173748,6.302159481366099,0.02012349986260626,14.04083736426315,0.2825889350911185,0.41381756564785555
1.6088488330216033,4.242446339259302,0.02024090813214427,14.061758144096117,0.2846616305879515,0.4028219913602913
1.8045789208431458,5.259840593330239,0.01961606697003664,14.076703814016106,0.276164987491329,0.3996803987067015
1.6310104402382928,6.024812644953056,0.01898354566512623,14.092085253706436,0.2675498841331328,0.3998549316319009
1.370254661166204,5.730879189935299,0.019243025576119507,14.113638739592314,0.2716226388132548,0.39845866823030546
1.3591241601893187,3.9182780101131724,0.019264429220087913,14.125746304507182,0.27215810830920417,0.38519416591514855
1.7496646311903532,4.905309029310831,0.01788744702432078,14.135546011934442,0.25287580113489616,0.38065630985996324
1.7474562580313715,5.53581065678833,0.01779566742682788,14.160649758914218,0.2520248184444562,0.3794345793835673
1.772198167902275,4.44210796849551,0.017968671824143547,14.173564815891485,0.25470754808930307,0.369660735572399
1.7051954228475983,5.505045051810893,0.017637426325553398,14.19018158908635,0.2503042376432597,0.3686135380212024
1.8348652029236627,4.806112939130795,0.01751249863118311,14.215549715827438,0.24897524800146964,0.36459928074161546
2.041674846819414,4.815906452760759,0.017164117540735595,14.231906770232527,0.24430211213609712,0.3611086222376268
1.9581600269886479,5.714642558315096,0.01680762454367161,14.248713404023205,0.2395095790687007,0.3639011490408177
1.6686794294473877,4.836928968754683,0.01731842242431352,14.272097822036885,0.2471949329977814,0.3598868917612308
1.7779660300628257,5.615749819488255,0.016944062859754645,14.288968240217164,0.2421363490576162,0.36180675393842454
2.071281794556775,3.515592916715166,0.017405479776332947,14.303520377011246,0.24898477853342382,0.3495894491744642
1.9358292397301606,5.92365530500041,0.016520252246528956,14.32341409067641,0.23664794275351078,0.3536037064540512
1.7004893139880435,6.149913140940464,0.01698566087851621,14.347642281620692,0.24372762615589183,0.35726889788323923
1.6132166013609859,3.7948039088759047,0.017419855062233328,14.36280081463177,0.2502232191819076,0.3455751918948773
1.7144023934013188,3.7406604155292547,0.016508293677152033,14.383392266993269,0.23746683579413325,0.3347541505325124
1.9520790852057999,6.199230125961118,0.015763496733963423,14.404321178865981,0.2270812791476502,0.3427826650916863
2.0790960955531297,4.7812825518901745,0.016841498977944264,14.41692473484701,0.24282558165382007,0.3389429407372988
2.1220562148350175,4.867499741312388,0.01693033860845797,14.444938704780213,0.24458107250680386,0.3364994797845068
2.3584575715218388,5.829253956879879,0.016652034834508698,14.463810044513519,0.24087413312987233,0.3391174736624982
2.4723084568387645,5.289331085674961,0.01738443335908166,14.489149322064337,0.2519110287235542,0.34033920413889424
2.090472790928384,4.1605268909887885,0.017435809715213788,14.51741191089614,0.2531484851650539,0.3335324200561164
2.0468479218704307,5.776823430983215,0.017127617087916776,14.536781163361146,0.24900477088678907,0.3378957431861022
2.494208587028153,6.0193960014665215,0.017652155063635107,14.553101718502015,0.2569202940790076,0.3445279943436807
2.3886319124530133,5.016149232225615,0.018158365095470762,14.579835213966978,0.2647750725815969,0.3427826650916863
2.2512990534825796,4.585428967738747,0.018159262127425524,14.609621498199417,0.2653291118793884,0.3392920065876977
1.9821675569077015,4.798666845719689,0.017812833843258432,14.629073917541874,0.2606128274507392,0.33807027611130164
1.7110086068772612,5.003854356293393,0.017632439091625682,14.648622142991968,0.25831770884308153,0.33859387488689996
1.7291768900281768,4.202593178348701,0.01810680251763826,14.666138963512976,0.2655859072137119,0.33388148590651523
1.8066613471494413,6.6451615560163075,0.017070896816636937,14.688761503058055,0.25077469233512895,0.3452261260444784
1.927717207781177,3.5466244169474335,0.01818953585410478,14.704817954045058,0.26750331603295435,0.3331833542057175
1.765453514463839,5.6299272316641575,0.0173112925651993,14.727622126391259,0.2549796467676667,0.33667401270970615
1.7550886997840769,3.9566736238930007,0.017575184928034438,14.74559449275643,0.2591832367551884,0.32916909692613056
1.8135410872266786,4.612341072279469,0.017372883008176306,14.75627649078761,0.2563848594049451,0.3249803067213442
1.7907532225477092,6.661129366931471,0.017133338083267773,14.77716213853361,0.253206891717523,0.3337069529813158
1.8245870694673243,3.3240662026887002,0.0183460232872523,14.803735505050291,0.27162015065737133,0.32009338481576005
1.927498358603812,3.463214421277065,0.017288070486938235,14.817728188221704,0.25619545355825446,0.30857421175259747
2.1594593293457343,6.212082097634486,0.01671082359609268,14.841114491615848,0.24803033429329072,0.31904618726456346
2.141479375124919,4.092117768580531,0.017270395956059382,14.860378267227032,0.2566701359468478,0.31223940318178556
1.973197265204935,3.976132645621968,0.017161094041608545,14.881950657636034,0.25541562881953883,0.30543261909900765
1.7724957469941078,5.8782926883381235,0.01638421934291418,14.906053057779463,0.24424589856513537,0.3134611336581816
1.724452458644126,2.54957347851428,0.017573332441754484,14.924058942221107,0.26229245028873827,0.30019663134302466
1.876945980001435,4.1976277091351895,0.016172416818144863,14.940278432567329,0.24164147743108763,0.2984513020910304
2.174100013275783,4.974593233920053,0.016204691648718794,14.962643480918134,0.24248624921515932,0.2998475654926258
2.0567827459599366,4.224980548059794,0.01622843908540574,14.984824752273488,0.2432016661174064,0.29688050576423547
1.8738704308628376,4.356064684287732,0.016124741229554977,14.997691561763672,0.24185485717863592,0.2953097094374406
1.9649530952696859,4.8509585098486925,0.01613282407451311,15.020138920847893,0.2423382834507306,0.2975786374650332
1.7950328736748435,3.211924767415306,0.016132296591096437,15.042428714914376,0.2426899752804224,0.2869321290278678
1.8098398097188695,5.014877843437716,0.015356008200562396,15.057162665838698,0.2312360893547959,0.2909463863074548
1.948324962278292,4.742684929375837,0.015513889476720782,15.080589827474073,0.23397737541309319,0.29129545215785363
2.122181040482392,3.557285598962594,0.01614246052967182,15.101454643520862,0.2437958119170969,0.2844886680750757
2.1410984130971658,5.081726231382793,0.015349123510788992,15.11648073961075,0.23204295297263583,0.2897246558310587
1.8226201462531204,4.127516069705892,0.016134716991830146,15.138244961160156,0.24427249564823872,0.28745572780346607
1.8408689570663535,4.394038736424692,0.015433024078729634,15.163013698366065,0.23402973607096605,0.2879793265790644
1.8860207141928005,3.0676399334067286,0.015448190885020627,15.176917519619089,0.23447457137258973,0.2816961412718848
2.0671237460799716,3.9782374215197778,0.014906229584754495,15.202481591973822,0.22662846640537848,0.2811725424962865
1.9492275294340247,4.904078708157972,0.014910294177961584,15.21597226241642,0.22689143681708052,0.2869321290278678
2.1239859675142783,3.6990079695552742,0.014828258851822353,15.24079303380631,0.22601098934755148,0.2841396022246769
2.096035081393906,4.50519466304029,0.014264568733477785,15.26595900163075,0.2177770926049496,0.2864085302522695
2.22111077126883,4.185738648359661,0.014988621835561688,15.288129234686812,0.22916514925024636,0.28605946440187063
1.9033415333673371,3.575770067710339,0.01414464369340766,15.303652811310867,0.21647915347912663,0.27977627909469105
1.8997544209396833,4.706921104307301,0.014204322409868074,15.328277166718092,0.21774243516685618,0.28256880589788197
1.9853165864034918,4.726178027514612,0.014169610811289252,15.343138955577938,0.21742085891786514,0.28483773392547457
2.1552357701741673,4.1780224593652155,0.014213443593964797,15.36767595180429,0.21844230555836103,0.28379053637427804
2.1471363001431327,4.448486614748454,0.014073418770504824,15.392680169655627,0.2166419369981309,0.28518679977587347
1.9545146667481457,3.1940042086454623,0.01401953313405317,15.407566067136152,0.21602103596323485,0.27611108766550296
1.8736621085942766,5.744029293525293,0.013394905824413526,15.43377851826134,0.20674637496775236,0.28623399732707
2.059259404440136,3.173160100363533,0.01461494803138615,15.445914821334052,0.2257573163129414,0.27785641691749724
2.148909280751251,4.299354033208092,0.01397433974666594,15.472373727155917,0.21623028264028085,0.2780309498426967
2.010311164623311,4.337304608356198,0.013894865157621531,15.488376408760953,0.21522275271215777,0.27820548276789614
2.168554457248127,4.054710087097236,0.013880879794643317,15.513734794440769,0.21535811967501903,0.2768092193663007
2.1804181524840307,4.499836214625029,0.01321855600571702,15.539760479094605,0.20542515900898753,0.27663468644110123
2.2730746486244113,3.8429353418048566,0.01375994279773776,15.553925692109747,0.21403463612999818,0.27192229746071656
2.05988660793203,4.8676053096904335,0.01325592215819594,15.581465724053695,0.2065587956912461,0.2759365547403035
2.046863137803412,4.095660619025728,0.013845853056453116,15.606154330626843,0.21609432879310203,0.27663468644110123
2.3160587097857164,3.393632520227894,0.013726619069835857,15.62283130903234,0.21446212399680836,0.2712241657599188
2.284932426537391,4.45848367777522,0.013026096660969745,15.649300618998211,0.20386083298403473,0.2724458962363149
2.284328658296084,3.602664473117089,0.013069379405912592,15.665829883543324,0.20475433252822026,0.2686061718819273
1.9387925741487742,4.740209805919293,0.012354299172405976,15.693109651163368,0.19388723592899168,0.2738421596379103
1.9546106552455134,3.1175733010763356,0.013019728298800253,15.708543270772578,0.20453252248199624,0.26790804018112957
2.1145441144422588,4.534446478744524,0.012289421260676914,15.736351187393259,0.19340038535786666,0.27192229746071656
1.9659713383293593,3.885162930681239,0.012307809864427503,15.752991090024613,0.19389460975721284,0.2710496328347194
1.949491722643492,3.5615630610470044,0.012195547731057287,15.779728015508134,0.19245196750669435,0.26825710603152847
2.018851037762166,3.7769927038705826,0.011569629753160558,15.797784549462259,0.18278267376971707,0.26703537555513246
2.065431058525016,4.115014388067304,0.011570572561178237,15.814021837305939,0.18298545314343326,0.2649409804527392
2.379307875134577,6.049060880495686,0.011391118712651789,15.830754183191923,0.18033780034487404,0.2754129559647052
1.8378821476306868,2.578512896451959,0.012052103509515789,15.85743964198412,0.1911247578781996,0.2619739207243489
1.9645444790691895,4.746236649717812,0.011404550086453172,15.875862547260457,0.18106491964885804,0.2644173816771409
2.2006505950457544,2.7816363648310425,0.011246008521583204,15.90288802893135,0.17885155430150046,0.2542944720155738
2.311579579336584,5.4749192930769395,0.010762593182846314,15.920749225837774,0.17135516335264595,0.2624975194999472
2.084555582564649,4.756441566082747,0.011388785102944004,15.94764050617729,0.18163210352101303,0.26546457922833755
2.300138124190633,3.0111711599846345,0.01196989325358511,15.96468427510091,0.19110469374204378,0.25726153174396416
2.326593907686191,3.4210146590460133,0.011327349776929454,15.993174452115142,0.1811680296161993,0.2541199390903744
2.6032237727729153,4.547688551114447,0.01064622930470917,16.011746418132336,0.17047116451047561,0.2590068609959585
2.1301659892811706,4.2487414557472505,0.010613644695588906,16.039799822520948,0.1702471291013143,0.260403124397554
2.221292221668414,4.152930128037859,0.011340137606204252,16.057661263723542,0.18210389454066978,0.2609267231731523
2.126899330506275,3.269687127958525,0.011290380934296063,16.085610646711093,0.18162038904160785,0.2553416695667704
2.3312477615885907,4.432311738490008,0.01058630691928771,16.104501948429373,0.17049356952135825,0.2579596634447619
2.5990975512800545,4.475661768661246,0.01052097593424759,16.132944456222674,0.16974058333329226,0.25883232807075907
2.101706962914935,3.2652527805612355,0.010424811840972478,16.151509036725983,0.16838254245295375,0.2530727415391778
2.1443554140771655,4.4078932505315365,0.010517407979911336,16.180465622144137,0.1701828332733832,0.2556907354171693
2.390434253318241,3.968856386013161,0.010408502899079883,16.198572383682297,0.16860897652026455,0.2528982086139784
1.971081589200065,3.6293904200093805,0.010468266366725966,16.2167979540431,0.16976796196171404,0.2504547476611863
1.866844813920909,3.874768305050824,0.009747141071272357,16.24677546129882,0.15836462764300555,0.24818581963359368
1.775657494808786,4.084291574707518,0.009794006549303267,16.26576660219648,0.1593121185395696,0.24801128670839426
2.2733958917625054,3.3402942672577574,0.009822013125333222,16.275195555896534,0.15986032507910394,0.24452062820440557
2.3169435146388278,4.05849519213432,0.009257036693585189,16.304335462376354,0.15093414298387456,0.244695161129605
2.4096224844285765,3.376345141502274,0.009287083086839319,16.323605537470105,0.15160303951128945,0.23841197582242543
2.3396140872169244,3.7057613191976753,0.00931988700493566,16.352967988354916,0.15241222672928154,0.2331759880664424
1.9091109434246485,4.446898538748166,0.008901016275860561,16.37168497120549,0.14572848300878166,0.2345722514680379
1.96547909330972,4.274383401025634,0.009522527994467157,16.39136936665636,0.15609199175476704,0.2366666465704311
2.213954818886748,3.4862024048181848,0.009702128534490168,16.411012079144356,0.1592267446776716,0.23177972466484698
2.8970763384938323,3.4639960701429406,0.009092731478869947,16.4309595907688,0.1494064210514125,0.2275909344600606
2.617994896296963,4.257371179633731,0.009262773191856661,16.460770957639447,0.15247674875118078,0.2275909344600606
2.34689476852315,4.088406714398566,0.0094241318849745,16.490398127868126,0.15541228776254468,0.22898719786165606
2.4407818574585467,2.9688317340379617,0.009577783181843793,16.510732320669735,0.1581410500037812,0.22549653935766736
2.56159198933088,3.639547187707594,0.00911878210763506,16.539966449850866,0.15082853072102953,0.22602013813326569
2.44177246731519,3.8554299489332395,0.009259929328088978,16.56051180384991,0.15335355213180027,0.2272418686096617
2.340800804682031,3.7704036805849186,0.009389934676099223,16.590787881514608,0.155790993201992,0.2267182698340634
2.6704849490375424,3.816067077718995,0.008915751713482842,16.611818875639425,0.1481107770982717,0.22794000031045944
2.6372366148754245,2.6225678522966644,0.009030785507913362,16.642264262840495,0.15029680476892993,0.21973695282608607
2.2217572343092398,4.320634889300592,0.0085467025833501,16.662154831462715,0.1424099492574482,0.22375121010567306
2.2102159571197553,3.1982327105529267,0.008657541074307702,16.682189067467704,0.14443034557573742,0.21851522234969006
2.242240360524001,4.708584923655082,0.008326667034043259,16.712806673080593,0.13916519265052044,0.22654373690886398
2.5458178815710655,2.2927177308473015,0.009022004872515732,16.73411542156273,0.15097936729378475,0.21711895894809458
2.1341809415661572,4.284789392898282,0.008516787218358182,16.754904215875182,0.1427014044009984,0.2218313479284793
2.3732387652145803,3.7378069690562645,0.008777637724092917,16.77585161833211,0.14725612991556689,0.22252947962927702
2.373907049669194,2.2388927935289744,0.008841201071618919,16.8066478959906,0.1485948251376584,0.21432643214490368
2.5116807588319308,3.881735479900201,0.00790106469513323,16.827084162922368,0.1329546472586402,0.21711895894809458
2.4059397582281514,3.2190445445709766,0.007970021765141184,16.848033379871026,0.13428203600356053,0.21432643214490368
2.389127338902128,3.2506176151453157,0.007595026943331597,16.879083272465895,0.12819955728224097,0.21362830044410594
2.6087453874379567,3.2643233928544304,0.007234595292679052,16.900486302649167,0.12227031184023418,0.21048670779051615
2.410241996416042,4.314323597355607,0.007286104585116482,16.92167007826218,0.1232952397573931,0.21467549799530256
2.576097335064517,3.0152871972598723,0.0074823315295653205,16.953503348730173,0.12685409997261587,0.2090904443889207
2.4746600590699517,3.2450829622188175,0.00710671183562206,16.9744592278082,0.12063462120243398,0.20734511513692636
2.6185370486233226,3.3265091386916996,0.007314444648377595,16.99616759598372,0.12431974420432315,0.20298179200694055
2.2963657622025897,3.276582445564969,0.006902398108907674,17.027564715815974,0.11753289704352193,0.19879300180215415
2.308439049021987,3.3467081050039167,0.006686550654383282,17.04900052685288,0.11400070462344125,0.19600047499896323
2.434092336445552,3.226756981532798,0.007051499017735576,17.070912434029843,0.12037751746974203,0.19460421159736774
2.45811393190102,2.664627510810006,0.006796226654700711,17.102450752292604,0.11623392123339409,0.18867009214058703
2.2603130425498894,3.88537608978994,0.0065658468336628395,17.12405058715958,0.1124355090430093,0.192684349420174
2.352404549888537,2.9226060718659097,0.006913660513641941,17.145902325876214,0.11854283661841916,0.18919369091618532
2.4649054193582076,2.264407412345647,0.006673901437764178,17.167857836272322,0.1145782922442728,0.1816887751326097
2.3671903926081903,3.382885212424339,0.0058494281942541694,17.18858246423588,0.10054452562564842,0.182212373908208
2.3541145576800857,2.771638815398581,0.00632141908970801,17.221116067487145,0.10886334193098086,0.17959438003021652
2.395489015788954,3.5635972628364017,0.00624268686611355,17.242914904617603,0.10764351674236507,0.18133970928221085
2.47245636022149,3.1232692481890076,0.006563319505009524,17.26507983755913,0.11331786239541161,0.17976891295541594
2.212447281551208,4.035140449790012,0.006475371794304265,17.286991885029828,0.11194126424721246,0.18517943363659836
2.006138488401062,1.926303275137023,0.006785067923779363,17.30958438189822,0.11744850810050171,0.1741838593490341
2.0038508446641097,3.2469035879685184,0.006112345587607831,17.33097763637699,0.10593424394951585,0.1736602605734358
1.8311144286611303,2.7064917231720935,0.00601181680156519,17.35303191453711,0.10432450565499107,0.1706932008450454
1.4566756221595902,5.068080060612037,0.005948850255582797,17.365203047604318,0.10330421119555296,0.18395770316020235
1.4380786538105848,0.85,0.0069877179365375255,17.388995067785864,0.12151137046721369,0.16667894356545848
1.42197873434826,3.9931204055544938,0.005772092768186049,17.40008831820535,0.10043603936080239,0.17400932642383465
1.1005576844020748,3.802778332603512,0.006273670131437321,17.41312053384149,0.10924560745569753,0.17837264955382048
0.9053571261550392,2.6136266351017,0.006772082136445877,17.425688062905536,0.11800999487418255,0.17435839227423353
0.6556931925603754,3.8033891978293046,0.006695417127856909,17.438137217222543,0.11675734729720727,0.18046704465621366
0.4597941683291989,2.6536161606894617,0.007235663304248833,17.441438390664384,0.12620257818223435,0.17959438003021652
0.16529972442013116,3.601719094473351,0.006458142543717623,17.443538209777973,0.11265442241194068,0.1843067690106012
0.12226027702134258,2.328642098360913,0.006997045821389952,17.446975562719285,0.12207927974243916,0.1799434458806154
0.045270972416860775,3.205936678019489,0.006219120921413154,17.448422195968668,0.10851524655975733,0.18238690683340747
0.07471409266138107,4.543415509788891,0.006756448069019415,17.452519876919087,0.11791883854295787,0.19634954084936207
-0.3107111927948549,2.530111743882139,0.0071719819320759355,17.446278526596444,0.12512653977356156,0.19181168479417682
-0.3562754987845076,2.688982003334381,0.006963758540305431,17.449456112188138,0.12151576329038008,0.19058995431778078
-0.3472960991724143,3.503497312852654,0.006239885841110377,17.441787144452547,0.10883617320477042,0.1942551457469689
-0.5108005172078196,3.412885205113521,0.0066025084437798635,17.444996508568167,0.11518241047452328,0.19617500792416265
-0.45521832501346926,3.69231266893107,0.006276532811274064,17.438411931449842,0.10945420197917144,0.19984019935335076
-0.5379300337320954,2.993590420425498,0.006697136250510418,17.43277770906529,0.11675143304520338,0.1970476725501598
-0.3442057634818998,3.882710557666354,0.006374286746500989,17.425799480696586,0.11107854711155954,0.2012364627549462
-0.2610713890290727,3.653604222220389,0.00622717608319955,17.41932077986757,0.10847457988196356,0.2033308578573394
-0.2596746221437997,2.7535485910133954,0.0064156902252293395,17.423417474327703,0.11178478291184678,0.19914206765255302
-0.4147215958168812,3.203290172642816,0.006270476692008855,17.416829260629573,0.10921325331208658,0.19949113350295186
-0.7079739306576669,3.971812891375527,0.005952103200196715,17.4102863216877,0.10362904470833213,0.20350539078253882
-0.8005554805642597,3.586081806610314,0.006380486014661385,17.404638282505548,0.11105155814777724,0.20507618710933373
-0.5503625771821117,2.1965378709280636,0.006064727216738106,17.398660135709566,0.10551942136331838,0.19826940302655582
-0.21958496390443225,3.0253083504701634,0.00535398812721167,17.391135138199235,0.09311282074921684,0.19879300180215415
-0.17067430541643822,3.3247120374665253,0.004972479010198254,17.394735604144866,0.08649567056500425,0.19896753472735357
-0.3150553972646419,4.884395953757897,0.005405050033017775,17.389577392347782,0.09399245117667564,0.2097885760897184
-0.3527395198820682,2.3054044459403933,0.00566441043922888,17.384725372956115,0.09847527309890862,0.2001892652037496
-0.5849283016343038,3.535968414934128,0.005282275697839961,17.388278551973716,0.09185053550853133,0.20036379812894903
-0.7197073436278342,2.94562356776752,0.005147019583543817,17.38194218520511,0.08946598686733195,0.19634954084936207
-0.7585995164112921,3.592685377939173,0.004912658331603117,17.365997505232627,0.08531389865968655,0.19634954084936207
-0.6752743751712176,3.625104366276644,0.004780820644501543,17.360207609843368,0.082996671265715,0.1949532774477666
-0.5366355174810885,4.000114587103835,0.00522143787937835,17.355319025371642,0.09062054371105387,0.1980948701013564
-0.19726225466878555,2.1364099649051753,0.005663102160127124,17.35117290460642,0.09826251520913135,0.18989182261698306
-0.2547438098960432,3.10731982971077,0.004885314572188416,17.353747270605087,0.08477918887937703,0.18727382873899157
-0.36069065335962397,3.911249187619473,0.004757525658202935,17.347570627779344,0.08253213504892187,0.18989182261698306
-0.491108621424064,2.972699241864678,0.005201637456528834,17.343449594316777,0.09021515068809888,0.18675022996339327
-0.5645291309841172,2.97077938066219,0.005076143208149646,17.33781035457594,0.08800996420119193,0.18343410438460403
-0.4881110974649718,2.974846786352235,0.005126271478142563,17.332424251608035,0.08885149038879536,0.18081611050661253
-0.475748823215363,3.5703916030764447,0.0046066747559284,17.325281615115,0.07981250203556792,0.18186330805780915
-0.2864368434353513,3.8210822923019467,0.0050556345401791,17.32124006931437,0.0875706056596626,0.18500490071139894
-0.14959347995798952,2.101548650228625,0.005505681619075314,17.317291604644804,0.0953444574590522,0.1768018532270256
-0.1752043269785744,3.8708367329324123,0.004902021096126393,17.320586111159674,0.0849065586114485,0.18116517635701143
-0.55776734613907,2.397463249817177,0.004956984484913371,17.314692871854223,0.08582936691898702,0.1731366617978375
-0.6824023923018047,3.9676819895374607,0.005012880092064263,17.309449257911858,0.08677092041199376,0.1764527873766267
-0.3608452891121308,2.299956110720404,0.005640567433680165,17.305776871085275,0.097615436680051,0.170518667919846
-0.2441378829761047,3.053066807070797,0.0051279234991054076,17.299149371588324,0.08870949213488849,0.1715658654710426
-0.3629670175122357,2.2966732623892434,0.00509448500119288,17.30396881995753,0.08815557227240306,0.16528268016386302
-0.4962818606897114,3.2169489683558536,0.0047576478643184495,17.29736199490253,0.08229537827880572,0.1642354826126664
-0.6160035710335731,3.4282615998319517,0.004817879270101564,17.292206484943453,0.0833124077738997,0.16650441064025906
-0.26508180300852113,2.79,0.005053620933598903,17.28728029382656,0.08736410531223043,0.1642354826126664
-0.24063951307044826,2.8514485798638183,0.005115872435460935,17.282405185900483,0.08841535165033268,0.16406094968746698
-0.3572854973012383,2.2720524726158478,0.005353708051078904,17.27742776804132,0.09249918788848187,0.15987215948268058
-0.44801453313340267,3.11,0.005021857080892647,17.27135040253458,0.08673498244134967,0.16057029118347835
-0.5790447089069223,1.6500000000000001,0.004987919244675854,17.276481403185322,0.08617440872650971,0.15289084247470328
-0.5996274093286026,2.7600000000000002,0.0048320337485823405,17.26960210508932,0.08344794966027026,0.15271630954950383
-0.5579248839619427,2.2518535053867477,0.004502354947044298,17.263429349839637,0.07772661174080908,0.14905111812031577
-0.42585134021724647,2.463741835968515,0.004173637299995761,17.257126160450586,0.07202540364393847,0.1460840583919254
-0.479554506936163,3.624502453042628,0.004590864915892496,17.252704760866813,0.07920539343706134,0.1541125729510993
-0.45023999233841555,2.819800226532958,0.0048346098471781455,17.248026701746365,0.08338812942715751,0.15446163880149816
-0.42590806228700434,1.7996869843681196,0.0050792545714214024,17.243566111707363,0.08758521520039719,0.14643312424232427
-0.4810885206021858,2.7861129463355034,0.004929021056230221,17.23706309474742,0.08496253500466243,0.14538592669112765
-0.5483350382828448,2.623283122272772,0.0047795913196832995,17.230903455762803,0.08235730372537449,0.14521139376592823
-0.2889917675657101,2.64739864234348,0.005027019437363181,17.226875281161174,0.08660056637678018,0.1460840583919254
-0.7104604204803123,1.3936730232803893,0.004879494819078185,17.220610730227165,0.08402854773228431,0.13718287920675432
-0.8404273597960615,2.5239460492598362,0.0041621013369918984,17.212717306855815,0.07164148740052516,0.1356120828799594
-1.004714450960805,3.074506461209119,0.0045870482535608674,17.20833119526973,0.07893599918782924,0.13840460968315035
-0.8846699177833633,2.1341415637574497,0.005123426255972892,17.194189230406007,0.08809393136169462,0.13700834628155487
-0.47948433759119025,1.6992181445738954,0.004980107886506079,17.18850581544231,0.08560132104957209,0.13212142437597074
-0.45687904545547225,2.1104003024831792,0.0044411350762834974,17.18065349919275,0.07630210454218128,0.130201562198777
-0.5152409879357394,2.879895727632295,0.004187097818606444,17.18453687174814,0.0719537573426267,0.1356120828799594
-0.622780902422012,0.47418747275350615,0.004730209209009551,17.170565473460663,0.08122097269718516,0.1228711793404008
-0.6807633536669424,3.5363512645488977,0.003508617977047751,17.170242348067678,0.060244068182427564,0.13072516097437528
-0.6988853251558609,1.8181426014362994,0.004800681012173854,17.158554503937236,0.08237337961145336,0.12636183784438945
-0.6600815738694277,2.1189169865780095,0.004265743394069885,17.15080265988955,0.07316136691185611,0.12514010736799341
-0.39837374038523676,2.1732637520398503,0.004128412290774796,17.145409008968524,0.0707837194243471,0.12531464029319286
-0.33823451462013343,1.485442252864757,0.004166561782505011,17.139611095343398,0.07141366181003503,0.11868238913561441
-0.34852782699573065,2.987986422330067,0.0042624188661988475,17.14310089940067,0.0730715192256391,0.1239183768915974
-0.5095814081831932,0.7771406464820928,0.004698264285614053,17.139371679173504,0.08052589034010532,0.11257373675363426
-0.31691607131037275,2.2037058947872055,0.0037699658363277563,17.12966337115205,0.06457855164128193,0.11397000015522972
-0.531525111836054,1.273764274560962,0.003810637036543781,17.124234557869638,0.06525455828181334,0.1090830782496456
-0.6840672051790159,1.2210787779477394,0.003334981081871416,17.12631607040879,0.0571161518476157,0.10471975511965978
-0.8521692958106772,2.2646015091864897,0.0029796026527590673,17.11848901468588,0.051006446225094405,0.10716321607245184
-0.7411656796637981,2.0948390153218064,0.0038897127637776796,17.10509622714431,0.06653424667210564,0.10855947947404729
-0.7122972131896892,1.2653541562193977,0.0035363821739455977,17.0973079356018,0.06046286705564685,0.10262536001726658
-0.6229022928556838,2.4216180270583427,0.0037556874323127296,17.09195641049045,0.06419234769984586,0.10454522219446034
-0.6406560845246976,1.889611714857123,0.003975813890743444,17.0866268756788,0.06793360642299948,0.10576695267085638
-0.5129380075577705,1.045311109021877,0.003624685177199741,17.078982445049196,0.0619062056254421,0.09930923443847736
-0.6324523338918143,1.900079880722289,0.0031497340273489408,17.080870411967716,0.053800376668127405,0.09930923443847736
-0.5240954867901808,0.7271641299982576,0.0034968246259107693,17.06556655566554,0.05967553662032885,0.08970992355250854
-0.7956838936367443,2.015837210930816,0.003196537894687182,17.06772519263786,0.054557816175776645,0.0921533845053006
-0.8983491894319381,1.8742197419717355,0.0035944455343646605,17.062489593755952,0.061330453656258645,0.09354964790689607
-0.8856438666789886,0.19282817467335528,0.0035477498375201763,17.045251527495566,0.06047254205050874,0.08307767239493008
-0.6811599945101448,2.081506426627391,0.0028022514848844863,17.03538193083561,0.04773754926616328,0.0879645943005142
-0.39228569419768994,1.1233860916100586,0.00320335071893255,17.02992687714079,0.05455301510317029,0.08569566627292158
-0.7354609463986671,1.0844946707902043,0.0029037826652128446,17.031966881650067,0.049457269192628626,0.08360127117052839
-0.776929593634026,1.2746028687852413,0.002732667305748825,17.024393400060966,0.04652211904546246,0.08063421144213803
-0.8342821341207193,0.9256431775595921,0.0025621103706361167,17.017260677124142,0.04360019546389955,0.07801621756414652
-0.4846934768995474,0.6415549509947812,0.0025667901410746192,17.009543509614055,0.04366002446810355,0.07173303225696695
-0.5001623369885816,2.198590789726961,0.0019984151045570244,16.999644482036434,0.033972391529773355,0.07819075048934597
-0.6061080200163317,0.22632854686096165,0.002403496516990538,16.99414524289872,0.04084544755250132,0.06928957130417489
-1.0044082536520806,1.2955290586393686,0.001836014201438108,16.984416240160208,0.031183664459583368,0.06841690667817772
-0.815056353957176,1.570743070992504,0.0018430046821769853,16.97689043893968,0.03128852399333746,0.06754424205218056
-0.5459535232541717,-0.21202705733986998,0.002599454979772975,16.971737908705325,0.04411736799169309,0.056025068989017976
-0.4521192448728341,1.5042706646452937,0.001458713581924257,16.959952196726753,0.02473973016559358,0.057944931166211744
-0.4923726457290735,2.084448078515098,0.002084264656868855,16.964425009714056,0.035358402672706866,0.06283185307179587
-0.8926093206329193,0.6583891894457254,0.002842353593064499,16.95885907869843,0.048203203847492264,0.05689773361501515
-0.7570068366880687,1.195636570117289,0.0022775228982296392,16.94900522511061,0.03860181424638563,0.05619960191421741
-0.6207470706860155,1.0403373267355869,0.002462302178994429,16.941686477458347,0.041715635835674975,0.054105206811824215
-0.490038949014837,0.9822053239514543,0.0026477036736349776,16.934371592720264,0.04483730265162775,0.052708943410228755
-0.5855205562089028,1.454962242176458,0.002833752150000822,16.926913975383204,0.04796680726426225,0.05375614096142535
-0.7693689962650935,-0.015569380924660661,0.0030204517822849603,16.919318867764286,0.05110414223917421,0.046251225177849735
-0.9564085060251348,0.9716838282360517,0.00249689824457099,16.919211295667193,0.04224563677719962,0.046774823953448036
-0.7123771134541409,-0.05520356807043267,0.0029944189907879348,16.902308791207336,0.05061274570646575,0.04014257279586959
-0.6860801394239141,1.5988651256474513,0.00247085110205181,16.90233297276591,0.041763233042683194,0.04590215932745086
-0.6611229740067598,-0.30580190254752415,0.0028337460660666143,16.895025866237606,0.04787634123548328,0.038571776469074684
-0.6331460826160313,1.4293006515340327,0.002446508471180362,16.88559221511291,0.04131082681586235,0.044331363000655974
-0.6744233096751389,0.8716985813288349,0.0028104922403327463,16.878292140259312,0.04743643398835562,0.04468042885105484
-0.6135036116824435,-0.03584644747244895,0.003000633242546022,16.870717846593106,0.050622988729279124,0.039793506945470715
-0.8152691632816564,0.7456207999469593,0.0020749549264481595,16.868146040996535,0.03500069295893107,0.03892084231947355
-0.851928246500835,2.274630195801668,0.0024400471265107276,16.860861544237903,0.041141378411136055,0.04886921905584123
-0.7007171885223571,-1.667221267731631,0.003346642373376868,16.846157462765934,0.056378274872806625,0.030368728984701335
-0.34191677575758866,2.18496716059983,0.0018428254153967129,16.841711420419813,0.03103636897756136,0.041189770347066175
-0.23483674336483118,-0.2606212396150054,0.0027870911098862084,16.836753767619083,0.04692568824945974,0.034557519189487726
-0.512824490311527,0.6180468004678691,0.002438107969204414,16.83643895125242,0.04104913731719758,0.032637657012293965
-0.8002734246726575,0.5473261053055604,0.0022278659398290174,16.82623804161154,0.03748666464865241,0.030368728984701335
-0.8721210662541936,2.142403309996049,0.0024566306729561214,16.82840496553968,0.04134125898061015,0.04153883619746504
-0.7686784247020562,-1.0037810218391365,0.0035424597117569017,16.813932788138523,0.05956292865052125,0.031066860685499065
-0.7233429670164954,-0.3575628163322745,0.0020370553124151643,16.809455710298213,0.03424183841672986,0.024434609527920616
-0.6058008783432071,1.6949761543847384,0.002002082874166073,16.799585893546123,0.03363420814962991,0.0307177948351002
-0.5829119375479621,0.9015016373302813,0.0023715905582219103,16.79236433377695,0.03982468736811421,0.0307177948351002
-0.5070375400330801,-0.030876865279666967,0.0027417728112729177,16.784836913485304,0.046020324807576125,0.025656340004316644
-0.5193054078399616,0.8188335079580896,0.0025672930804291915,16.78456812842822,0.04309100028498572,0.028448866807507574
-0.6904249266415587,-0.2546751594240146,0.002938059813112883,16.777376953444055,0.04929307883227237,0.023736477827122883
-0.9822827672839785,0.6396812326474859,0.002325155578776659,16.765346187793185,0.03898210846898207,0.023911010752322315
-0.9696466423612693,0.12238303021717886,0.0026968822457421717,16.758137440333424,0.04519483290455441,0.02111848394913139
-0.5790037405906224,0.3757124397081813,0.002663790289961343,16.74858285624083,0.04461481790874227,0.02181661564992912
-0.29626032716046,0.6336823377690627,0.0024892910886542456,16.748453947962194,0.04169186327695201,0.02356194490192345
-0.4727761118702073,-0.35450146732953214,0.0024563868167990586,16.73875327786896,0.04111693557906063,0.016755160819145562
-0.6177121712276806,1.143819934218459,0.0022819013690363473,16.738501154346434,0.03819567499564287,0.02181661564992912
-1.0961458229527736,1.6933037454107873,0.002655226678872678,16.731288263248697,0.04442546737177158,0.0291469985083053
-1.006570571654569,-1.4296103272457308,0.003203726652779716,16.723932434463638,0.05357909138921449,0.01832595714594046
-0.7426660108553974,1.5442592471118133,0.00259085938386479,16.71199630922998,0.043298529342140506,0.024783675378319478
-0.5715819020637564,0.342153568905239,0.0029658008758103134,16.70464888750231,0.04954280755983949,0.02234021442552742
-0.4216922842731299,-0.5475081124089489,0.002934311878076874,16.695211776244342,0.04898909882387757,0.014311699866353503
-0.5206219172710673,0.9465320423019117,0.0027597480214580005,16.695498672109906,0.04607548640118296,0.01815142422074103
-0.8920631403654016,0.18429920395989297,0.00272852217994874,16.685497336156416,0.045526862545201705,0.017976891295541596
-0.8618017861960947,-0.009959494367926876,0.0026974161448899154,16.675780607992273,0.044981628936945045,0.015533430342749533
-0.7697590196107849,0.3667290527095543,0.002666477504458024,16.666062267823502,0.04443978544890461,0.015707963267948967
-0.6182679801779564,0.8061410722025033,0.002491914437861067,16.66637034559488,0.041531254855643115,0.01832595714594046
-0.5097396238991625,-0.07243382893201188,0.0030438474512337766,16.65950864889816,0.050709159546763694,0.016231562043547264
-0.6882983603489763,-0.034282418424403285,0.003013593163330643,16.649634322327827,0.05017537605911704,0.014137166941154071
-0.6593322275745408,-0.13118490016291615,0.0028390834886608016,16.649630616646135,0.04726981838055977,0.012042771838760876
-0.7517474061936659,0.6104484132889632,0.002225616905655245,16.637021517854823,0.037027697487210805,0.014311699866353503
-0.5881426849849326,-0.14836663411636275,0.002779080219819524,16.629850365885694,0.046215807189764924,0.011519173063162575
-0.6923643448503485,-0.08410508814657097,0.0021953048432365382,16.62764192046885,0.03650280147971493,0.009773843811168246
-0.583700377011205,0.844891656091003,0.0021651594943472787,16.618285492135495,0.03598129483884661,0.014660765716752368
-0.7390573943044997,0.18756901808559995,0.0027196353604935024,16.61077126714155,0.04517535228181613,0.015184364492350668
-0.6561235779880844,-0.38851017264900534,0.002690195656312309,16.601060323880173,0.044660208111114486,0.010122909661567111
-0.5258446893290879,0.7360053993484493,0.002105516630539586,16.59849036055748,0.03494844914051157,0.014486232791552936
-0.6646271630094547,-0.25311545926048096,0.0026609542603920444,16.591171475646533,0.04414845262338529,0.010471975511965976
-0.6897295246153099,0.32247574112969013,0.002486384045398489,16.591552405784768,0.04125305620042141,0.011868238913561441
-0.6981096346620457,-1.047583620769342,0.0026318216737609714,16.581664847015954,0.043640085688934516,0.003665191429188092
-0.6700191320976137,0.46061821087350147,0.0020172019504681124,16.569760040846596,0.03342459760924801,0.006981317007977318
-0.5418994389250927,0.14803716312812493,0.0020172447141321484,16.56940877678388,0.03342459760924801,0.006806784082777886
-0.687010171216146,0.6648322843070225,0.002162697113040614,16.559538497440453,0.03581332193777522,0.00942477796076938
-0.6598750751778801,0.049350656037618665,0.0021337825671762967,16.549853998457415,0.03531384354621096,0.00890117918517108
-0.6087481438700438,-0.504157688915835,0.002133780499024973,16.549870039332454,0.03531384354621096,0.004886921905584123
-0.5022335381997224,-0.1310321048796083,0.0022795524577019443,16.540175334097885,0.037704262641986494,0.004537856055185257
-0.4778414729825468,0.6071309177094494,0.0015182222743373914,16.53780182169277,0.025108078385638555,0.009599310885968814
-0.6948070233114648,-0.9600830797201811,0.002251043740428019,16.530022856767236,0.0372098673308,0.0015707963267948964
-0.7615601586686687,0.03900536581114302,0.0016638886667282905,16.52764836218821,0.02750019217584776,0.0020943951023931952
-0.7618874276138868,0.3040069168661653,0.0018096828996408516,16.517961981087456,0.02989230596605652,0.004537856055185257
-0.6250213469608392,-0.5174761613193952,0.0019556319674100086,16.50841218442356,0.032284419756265725,0.0008726646259971648
-0.5380053647051016,0.3665539049281921,0.0013676659156754167,16.506026996172363,0.022574744601313913,0.004537856055185257
-0.5616779600791203,-0.002579982976352362,0.001338961623145101,16.496327030641247,0.022087962016781693,0.0054105206811824215
-0.6638194087697911,-0.06851267019500606,0.001484958875387891,16.486485140686113,0.02448177042855575,0.004537856055185257
-0.7338484575815012,-0.10761577883020666,0.0014849937688728115,16.48609775066576,0.02448177042855575,0.002617993877991494
-0.6172713918006953,1.0582629308926037,0.0016311292584739608,16.476655584346208,0.026875578840329362,0.009948376736367679
-0.5616084403346132,-0.7601300997162004,0.002192247994896425,16.46910187806409,0.03610441340863332,0.004537856055185257
-0.5104970652780775,-1.2396495204819877,0.001602952373310173,16.466834375440403,0.026395573850446212,-0.003839724354387525
-0.6264409655254067,0.519406047772545,0.0005984032704249466,16.461927188978,0.00985087224320318,0.00034906585039886593
-0.738267829848797,0.008380213017859083,0.0013342199577991666,16.45450212616348,0.021953938159426697,0.00017453292519943296
-0.6662106634129461,0.7905631596862901,0.0014805732717929464,16.444798271170807,0.024347746571200753,0.006283185307179586
-0.6221263367006212,-0.40717148200211317,0.0013060495048778668,16.44480390742084,0.021477740213096713,0.003839724354387525
-0.6136653163667408,-0.6593918632704177,0.0014525759561551924,16.43509675462318,0.023873243173516173,-0.0005235987755982988
-0.6528491164231853,0.4221418758740204,0.0008619586629361366,16.432806718547297,0.01416440361532907,0.0029670597283903604
-0.7783817766411792,0.30853567254020875,0.0010083298868872098,16.42309841133094,0.016559906575748528,0.006108652381980154
-0.8002149701942116,-0.9668766598984839,0.001154881589078493,16.413285386273422,0.018955409536167544,-0.00017453292519943296
-0.6950532523637467,0.899396299198209,0.0007098357620312732,16.401076989602437,0.011642072938399473,0.005585053606381855
-0.5535864913233264,0.19708399283507644,0.0011270767603855098,16.403579995865428,0.018488101628956196,0.005759586531581287
-0.5370498350160585,-1.0107258736315148,0.0012739608483288798,16.39397929195653,0.020885299065049653,-0.0012217304763960308
