axCG_mps2,ayCG_mps2,vxCG_mps,vyCG_mps,yawRate_radps
0.01348164759469746,-0.35957913578034617,0.009689742325529401,0.002466607473812383,-0.0015707963267948964
0.012401052583784312,0.558499049503854,0.009689742325529401,0.002466607473812383,-0.0015707963267948964
0.012399467984340651,0.5602453654822317,0.009689742325529401,0.002466607473812383,0.0024434609527920616
-0.002459542034020161,-0.21233362838965472,0.009689742325529401,0.002466607473812383,0.0024434609527920616
-0.002460145935936968,-0.2140276828830934,0.009689742325529401,0.002466607473812383,0.0008726646259971648
-0.001285391205806734,-0.020995457299990198,0.009689742325529401,0.002466607473812383,0.0008726646259971648
-0.001285391205806734,-0.020995457299990198,0.009689742325529401,0.002466607473812383,0.0006981317007977319
-0.0029417328352484328,-0.7256130880235689,0.009689742325529401,0.002466607473812383,0.0006981317007977319
-0.0029417328352484328,-0.7256130880235689,0.012156024875825393,-0.007224411439084903,-0.004537856055185257
0.00942644996297728,0.4956690744185851,0.012156024875825393,-0.007224411439084903,-0.004537856055185257
0.00942644996297728,0.4956690744185851,0.009527433832376494,0.002466607473812383,-0.0010471975511965976
-0.012591030813796821,1.5280091344880975,0.009527433832376494,0.002466607473812383,-0.0010471975511965976
-0.012591030813796821,1.5280091344880975,0.0073878897849363355,0.012156365303883523,0.01064650843716541
0.018935140937358094,-2.1531213584481534,0.0073878897849363355,0.012156365303883523,0.01064650843716541
0.018935140937358094,-2.1531213584481534,0.002303974057143084,-0.009691018912897286,-0.005585053606381855
-0.0024929269727785143,0.7321302665456227,0.002303974057143084,-0.009691018912897286,-0.005585053606381855
-0.0024929269727785143,0.7321302665456227,0.009689742325529401,0.002466607473812383,-0.0
-0.0024929269727785143,0.7321302665456227,0.009689742325529401,0.002466607473812383,-0.0
-0.010701241999297726,0.08051669720595175,0.009689742325529401,0.002466607473812383,0.0006981317007977319
0.007641717948943051,0.2410930280446618,0.009689742325529401,0.002466607473812383,0.0006981317007977319
0.007641717948943051,0.2410930280446618,0.009689742325529401,0.002466607473812383,0.0020943951023931952
0.0038981138710932717,0.03273075859641294,0.009689742325529401,0.002466607473812383,0.0020943951023931952
0.0038981138710932717,0.03273075859641294,0.009852481118604779,0.0024649160343733593,0.0024434609527920616
0.006972122570480239,-0.23092187343522602,0.009852481118604779,0.0024649160343733593,0.0024434609527920616
0.006972774186895648,-0.2291263919893361,0.009690172625451871,0.0024649160343733593,0.0006981317007977319
0.0073943700707095284,-0.6284073716793018,0.009690172625451871,0.0024649160343733593,0.0006981317007977319
0.007392587357688186,-0.6302073805319105,0.012156024875825393,-0.007224411439084903,-0.004014257279586958
0.0034215344629162535,0.12614731581539987,0.012156024875825393,-0.007224411439084903,-0.004014257279586958
0.0034215344629162535,0.12614731581539987,0.009689742325529401,0.002466607473812383,-0.003141592653589793
0.018129761566644798,0.7426863497563567,0.009689742325529401,0.002466607473812383,-0.003141592653589793
0.018129761566644798,0.7426863497563567,0.009527433832376494,0.002466607473812383,0.0019198621771937625
0.018129761566644798,0.7426863497563567,0.009527433832376494,0.002466607473812383,0.0019198621771937625
-0.012324343840364776,-0.3928578641649581,0.009852050818682309,0.002466607473812383,-0.0005235987755982988
0.008937653935225187,-0.25612416306715585,0.009852050818682309,0.002466607473812383,-0.0005235987755982988
0.008937653935225187,-0.25612416306715585,0.009689742325529401,0.002466607473812383,-0.002617993877991494
0.008937653935225187,-0.25612416306715585,0.009689742325529401,0.002466607473812383,-0.002617993877991494
0.005068465326611256,0.9553512442079097,0.00722345977523341,0.012157626386709669,0.0041887902047863905
0.0015764323455508711,-0.7890997270216371,0.00722345977523341,0.012157626386709669,0.0041887902047863905
0.0015764323455508711,-0.7890997270216371,0.009689742325529401,0.002466607473812383,-0.0013962634015954637
-0.00293646877384202,1.0257863223947532,0.009689742325529401,0.002466607473812383,-0.0013962634015954637
-0.00293646877384202,1.0257863223947532,0.007225581291783428,0.012156365303883523,0.006108652381980154
-0.00293646877384202,1.0257863223947532,0.007225581291783428,0.012156365303883523,0.006108652381980154
-0.00895556366255587,-1.8667460812426369,0.0024662825502959913,-0.009691018912897286,-0.007330382858376184
0.02456110353508161,1.5991280501188907,0.0024662825502959913,-0.009691018912897286,-0.007330382858376184
0.02456110353508161,1.5991280501188907,0.007061151282080503,0.012157626386709669,0.003839724354387525
-0.00331184250139412,-0.8756605091826949,0.007061151282080503,0.012157626386709669,0.003839724354387525
-0.00331184250139412,-0.8756605091826949,0.009852050818682309,0.002466607473812383,-0.0020943951023931952
-0.00331184250139412,-0.8756605091826949,0.009852050818682309,0.002466607473812383,-0.0020943951023931952
-0.0021186162132817133,0.12158585695383044,0.009689742325529401,0.002466607473812383,-0.0012217304763960308
-0.008534035907292679,0.2459596528299194,0.009689742325529401,0.002466607473812383,-0.0012217304763960308
-0.008534035907292679,0.2459596528299194,0.009689742325529401,0.002466607473812383,0.0005235987755982988
-0.004361106103999456,-0.2887462275389683,0.009689742325529401,0.002466607473812383,0.0005235987755982988
-0.004361106103999456,-0.2887462275389683,0.009689742325529401,0.002466607473812383,-0.0015707963267948964
-0.004361106103999456,-0.2887462275389683,0.009689742325529401,0.002466607473812383,-0.0015707963267948964
-0.001870989639571522,0.49248643398231073,0.009689742325529401,0.002466607473812383,0.0017453292519943296
-0.001870989639571522,0.49248643398231073,0.009689742325529401,0.002466607473812383,0.0017453292519943296
-0.011792806182513186,-0.4926125287253436,0.009689742325529401,0.002466607473812383,-0.0017453292519943296
-0.0013720852263112537,0.2544994122368317,0.009689742325529401,0.002466607473812383,-0.0017453292519943296
-0.0013720852263112537,0.2544994122368317,0.009689742325529401,0.002466607473812383,0.00034906585039886593
0.02572288963686446,0.6967505652232203,0.009689742325529401,0.002466607473812383,0.00034906585039886593
0.02572288963686446,0.6967505652232203,0.00722345977523341,0.012157626386709669,0.005235987755982988
-0.007911950781835464,-1.0780744863472023,0.00722345977523341,0.012157626386709669,0.005235987755982988
-0.007911950781835464,-1.0780744863472023,0.009689742325529401,0.002466607473812383,-0.0024434609527920616
-0.00027652213100567757,0.03603323669468355,0.009689742325529401,0.002466607473812383,-0.0024434609527920616
-0.00027652213100567757,0.03603323669468355,0.009689742325529401,0.002466607473812383,-0.0022689280275926286
-0.013097198744508548,0.41039444655197627,0.009689742325529401,0.002466607473812383,-0.0022689280275926286
-0.01309836355457517,0.41197410960106934,0.009689742325529401,0.002466607473812383,0.0008726646259971648
-0.01309836355457517,0.41197410960106934,0.009689742325529401,0.002466607473812383,0.0008726646259971648
0.01128145828458973,0.3901322873018772,0.009689742325529401,0.002466607473812383,0.003490658503988659
-0.017076469346765464,-0.47005605327888494,0.009689742325529401,0.002466607473812383,0.003490658503988659
-0.017076469346765464,-0.47005605327888494,0.009852050818682309,0.002466607473812383,0.00034906585039886593
-0.017076469346765464,-0.47005605327888494,0.009852050818682309,0.002466607473812383,0.00034906585039886593
0.020273084247011065,-0.5630939389776102,0.0024662825502959913,-0.009691018912897286,-0.003839724354387525
0.014424698025543376,0.44336800901289997,0.0024662825502959913,-0.009691018912897286,-0.003839724354387525
0.014424698025543376,0.44336800901289997,0.009689742325529401,0.002466607473812383,-0.0006981317007977319
-0.0025826290283724363,0.0068254729862605844,0.009689742325529401,0.002466607473812383,-0.0006981317007977319
-0.0025826290283724363,0.0068254729862605844,0.009852050818682309,0.002466607473812383,-0.00034906585039886593
0.02397745016835098,0.6014183633281351,0.009852050818682309,0.002466607473812383,-0.00034906585039886593
0.02397745016835098,0.6014183633281351,0.007061151282080503,0.012157626386709669,0.003490658503988659
-0.006493824960357175,-0.8689437303210349,0.007061151282080503,0.012157626386709669,0.003490658503988659
-0.006493824960357175,-0.8689437303210349,0.009689742325529401,0.002466607473812383,-0.002617993877991494
-0.006493824960357175,-0.8689437303210349,0.009689742325529401,0.002466607473812383,-0.002617993877991494
0.025007396800962523,1.1598742093070846,0.007063272798630521,0.012156365303883523,0.0054105206811824215
-0.007052897295687544,-1.2606241343161448,0.007063272798630521,0.012156365303883523,0.0054105206811824215
-0.0070493283546678555,-1.2590869820722441,0.009689742325529401,0.002466607473812383,-0.003490658503988659
0.002684870337720048,0.37079667647740633,0.009689742325529401,0.002466607473812383,-0.003490658503988659
0.0026859182592371923,0.36904729441155937,0.009689742325529401,0.002466607473812383,-0.0006981317007977319
-0.0005576817503297793,0.36109069332087346,0.009689742325529401,0.002466607473812383,-0.0006981317007977319
-0.0005576817503297793,0.36109069332087346,0.009689742325529401,0.002466607473812383,0.0017453292519943296
0.010463294764746518,-0.9674585726523947,0.009689742325529401,0.002466607473812383,0.0017453292519943296
0.010463294764746518,-0.9674585726523947,0.0024662825502959913,-0.009691018912897286,-0.0054105206811824215
-0.004655877582421479,0.9214893575070713,0.0024662825502959913,-0.009691018912897286,-0.0054105206811824215
-0.004655877582421479,0.9214893575070713,0.009689742325529401,0.002466607473812383,0.0013962634015954637
5.354298084692344e-05,-0.2233631023990743,0.009689742325529401,0.002466607473812383,0.0013962634015954637
5.4173137710002985e-05,-0.22153448606503567,0.009689742325529401,0.002466607473812383,-0.00034906585039886593
0.007598956106690219,0.4483380071802622,0.009689742325529401,0.002466607473812383,-0.00034906585039886593
0.007600223766116232,0.4466433135800204,0.009689742325529401,0.002466607473812383,0.0027925268031909274
0.007600223766116232,0.4466433135800204,0.009689742325529401,0.002466607473812383,0.0027925268031909274
-0.005780533761761364,-0.9672732443907026,0.00016230849315290716,-0.0,-0.003839724354387525
0.009105593435610267,0.5994755451208867,0.00016230849315290716,-0.0,-0.003839724354387525
0.009105593435610267,0.5994755451208867,0.009527433832376494,0.002466607473812383,0.00017453292519943296
-0.01839823381172054,0.06712947154805468,0.009527433832376494,0.002466607473812383,0.00017453292519943296
-0.018398426133986793,0.06865213694559713,0.009689742325529401,0.002466607473812383,0.0010471975511965976
0.016307765789979608,-0.3462388680065286,0.009689742325529401,0.002466607473812383,0.0010471975511965976
0.016307765789979608,-0.3462388680065286,0.009527433832376494,0.002466607473812383,-0.0017453292519943296
-0.004960156640999397,0.52748296175069,0.009527433832376494,0.002466607473812383,-0.0017453292519943296
-0.0049586645870672965,0.5259233170974646,0.009689742325529401,0.002466607473812383,0.0022689280275926286
-0.006274980511398469,-0.34348060533728214,0.009689742325529401,0.002466607473812383,0.0022689280275926286
-0.006274980511398469,-0.34348060533728214,0.009852050818682309,0.002466607473812383,-0.0
-0.006274980511398469,-0.34348060533728214,0.009852050818682309,0.002466607473812383,-0.0
0.01375834506880263,-0.172376228788074,0.009689742325529401,0.002466607473812383,-0.0013962634015954637
0.01375834506880263,-0.172376228788074,0.009689742325529401,0.002466607473812383,-0.0013962634015954637
0.0037000913006187018,-0.051659594981476153,0.009689742325529401,0.002466607473812383,-0.0017453292519943296
0.006557663728401437,0.16016257385848012,0.009689742325529401,0.002466607473812383,-0.0017453292519943296
0.006557663728401437,0.16016257385848012,0.009527433832376494,0.002466607473812383,-0.0008726646259971648
0.006557663728401437,0.16016257385848012,0.009527433832376494,0.002466607473812383,-0.0008726646259971648
-0.003922142685559277,0.9303601074047979,0.00722345977523341,0.012157626386709669,0.006283185307179586
0.005778980309672467,-1.1427949655811178,0.00722345977523341,0.012157626386709669,0.006283185307179586
0.005778980309672467,-1.1427949655811178,0.009689742325529401,0.002466607473812383,-0.0020943951023931952
0.015931769017892405,0.5142863641151508,0.009689742325529401,0.002466607473812383,-0.0020943951023931952
0.01593322352237701,0.5126095970361407,0.009689742325529401,0.002466607473812383,0.0017453292519943296
0.02220783403095943,-0.03793597991754579,0.009689742325529401,0.002466607473812383,0.0017453292519943296
0.02220793887379562,-0.03608420096212275,0.009527433832376494,0.002466607473812383,0.0012217304763960308
-0.02370501737675521,-0.5148777419174797,0.009527433832376494,0.002466607473812383,0.0012217304763960308
-0.02370501737675521,-0.5148777419174797,0.009852050818682309,0.002466607473812383,-0.0020943951023931952
-0.02370501737675521,-0.5148777419174797,0.009852050818682309,0.002466607473812383,-0.0020943951023931952
0.008925579016702845,0.766476162319721,0.009689742325529401,0.002466607473812383,0.003141592653589793
0.01260034321710073,-0.750306743823421,0.009689742325529401,0.002466607473812383,0.003141592653589793
0.01260034321710073,-0.750306743823421,0.009689742325529401,0.002466607473812383,-0.0024434609527920616
-0.0012788487215478804,-0.02928078726283661,0.009689742325529401,0.002466607473812383,-0.0024434609527920616
-0.0012788487215478804,-0.02928078726283661,0.009689742325529401,0.002466607473812383,-0.002617993877991494
-0.0012788487215478804,-0.02928078726283661,0.009689742325529401,0.002466607473812383,-0.002617993877991494
0.004466394790909284,0.2688212942000664,0.009689742325529401,0.002466607473812383,-0.0005235987755982988
0.016266792107819356,0.35781538875375296,0.009689742325529401,0.002466607473812383,-0.0005235987755982988
0.016265775949702344,0.35960327670545505,0.009689742325529401,0.002466607473812383,0.0019198621771937625
0.00964557588559779,-0.3118488649316256,0.009689742325529401,0.002466607473812383,0.0019198621771937625
0.00964557588559779,-0.3118488649316256,0.009689742325529401,0.002466607473812383,-0.00034906585039886593
0.00964557588559779,-0.3118488649316256,0.009689742325529401,0.002466607473812383,-0.00034906585039886593
-0.001794648696796961,-0.12600966159971425,0.009689742325529401,0.002466607473812383,-0.0013962634015954637
-0.010376985058504954,0.8336285691261659,0.009689742325529401,0.002466607473812383,-0.0013962634015954637
-0.010376985058504954,0.8336285691261659,0.00722345977523341,0.012157626386709669,0.004537856055185257
-0.01676716118609983,-1.0836340386949892,0.00722345977523341,0.012157626386709669,0.004537856055185257
-0.016770233257540786,-1.0852817593942425,0.0,-0.0,-0.0033161255787892262
-0.009963369769301683,0.5882164659319302,0.0,-0.0,-0.0033161255787892262
-0.009965038364444545,0.5898298248379276,0.009852050818682309,0.002466607473812383,0.0010471975511965976
0.0027788732946660588,0.3356181811774892,0.009852050818682309,0.002466607473812383,0.0010471975511965976
0.0027788732946660588,0.3356181811774892,0.00722345977523341,0.012157626386709669,0.0033161255787892262
-0.0043474493725937135,-1.057656401070453,0.00722345977523341,0.012157626386709669,0.0033161255787892262
-0.004350447890980024,-1.0593301417186671,0.0,-0.0,-0.004363323129985824
0.010620576052112191,0.6587250497153468,0.0,-0.0,-0.004363323129985824
0.010618707405501132,0.6605597500162342,0.009527433832376494,0.002466607473812383,0.00017453292519943296
0.010618707405501132,0.6605597500162342,0.009527433832376494,0.002466607473812383,0.00017453292519943296
-0.023341660606706536,-0.07363083687883691,0.009852050818682309,0.002466607473812383,-0.0
0.004997407610429719,-0.07925151224060169,0.009852050818682309,0.002466607473812383,-0.0
0.004997407610429719,-0.07925151224060169,0.009689742325529401,0.002466607473812383,-0.0008726646259971648
0.004997407610429719,-0.07925151224060169,0.009689742325529401,0.002466607473812383,-0.0008726646259971648
-0.004840082268663258,1.2029361712314375,0.007225581291783428,0.012156365303883523,0.008028514559173916
-0.004840082268663258,1.2029361712314375,0.007225581291783428,0.012156365303883523,0.008028514559173916
-0.009517889921686928,-2.101218490668425,0.0024662825502959913,-0.009691018912897286,-0.007155849933176752
0.007602336061310023,1.5538473858694557,0.0024662825502959913,-0.009691018912897286,-0.007155849933176752
0.007606735274795352,1.5520451074875747,0.00722345977523341,0.012157626386709669,0.004014257279586958
0.007606735274795352,1.5520451074875747,0.00722345977523341,0.012157626386709669,0.004014257279586958
-0.014042633981292572,-1.5272810516514814,0.0024662825502959913,-0.009691018912897286,-0.006981317007977318
0.026489789678023557,1.8759839449108269,0.0024662825502959913,-0.009691018912897286,-0.006981317007977318
0.02459221392628195,1.8759839449108269,0.00706291673930567,0.012157626386709669,0.006283185307179586
0.0018005067870896575,-0.802645609417983,0.00706291673930567,0.012157626386709669,0.006283185307179586
0.003232995907796108,-0.802645609417983,0.009852050818682309,0.002466607473812383,0.0008726646259971648
0.014854885748571588,0.4215612215636944,0.009852050818682309,0.002466607473812383,0.0008726646259971648
0.014854885748571588,0.4215612215636944,0.0073878897849363355,0.012156365303883523,0.004014257279586958
0.030845365640531804,-0.9709488439350227,0.0073878897849363355,0.012156365303883523,0.004014257279586958
0.030845365640531804,-0.9709488439350227,-0.00016230849315290716,-0.0,-0.003490658503988659
0.010349669385302383,0.7461112082316866,-0.00016230849315290716,-0.0,-0.003490658503988659
0.010349669385302383,0.7461112082316866,0.009689742325529401,0.002466607473812383,0.0022689280275926286
0.006612782315769938,-0.28467516926079633,0.009689742325529401,0.002466607473812383,0.0022689280275926286
0.006612782315769938,-0.28467516926079633,0.009689742325529401,0.002466607473812383,0.00017453292519943296
-0.00800293024918147,-0.5716492166527766,0.009689742325529401,0.002466607473812383,0.00017453292519943296
-0.008004552094496962,-0.573391188330079,0.0,-0.0,-0.004014257279586958
-0.005496366107347915,-0.2915310379207084,0.0,-0.0,-0.004014257279586958
-0.0054955426063189915,-0.28986963120900183,0.0024662825502959913,-0.009691018912897286,-0.005934119456780721
0.02779370607156902,1.8691885230368037,0.0024662825502959913,-0.009691018912897286,-0.005934119456780721
0.02779370607156902,1.8691885230368037,0.007061151282080503,0.012157626386709669,0.007155849933176752
0.02779370607156902,1.8691885230368037,0.007061151282080503,0.012157626386709669,0.007155849933176752
-0.01758168308744377,-1.306467254718435,0.009852050818682309,0.002466607473812383,-0.0017453292519943296
0.03887163190617488,0.4587907170088915,0.009852050818682309,0.002466607473812383,-0.0017453292519943296
0.038870329511388614,0.46071414528973476,0.009689742325529401,0.002466607473812383,0.0012217304763960308
0.038870329511388614,0.46071414528973476,0.009689742325529401,0.002466607473812383,0.0012217304763960308
-0.02247085773541124,-0.5588376460397292,0.0,-0.0,-0.002617993877991494
-0.0032372563224428207,0.23442258124842477,0.0,-0.0,-0.002617993877991494
-0.0032379227864886883,0.23610827251902702,0.009689742325529401,0.002466607473812383,-0.0008726646259971648
0.004248089085636406,-0.06646780830985023,0.009689742325529401,0.002466607473812383,-0.0008726646259971648
0.004247897988200753,-0.06844905645469053,0.009527433832376494,0.002466607473812383,-0.0017453292519943296
0.004247897988200753,-0.06844905645469053,0.009527433832376494,0.002466607473812383,-0.0017453292519943296
-0.027044678785646595,0.3761810618620266,0.009689742325529401,0.002466607473812383,0.0015707963267948964
-0.0014262003912353083,-0.44716723837758765,0.009689742325529401,0.002466607473812383,0.0015707963267948964
-0.0014249362155402102,-0.4453545305524836,0.0,-0.0,-0.0019198621771937625
0.004433290266035744,0.8208422012536601,0.0,-0.0,-0.0019198621771937625
0.004435613210112837,0.8191815428920609,0.00722345977523341,0.012157626386709669,0.004014257279586958
-0.008816204105661111,-0.8255802543767965,0.00722345977523341,0.012157626386709669,0.004014257279586958
-0.008816204105661111,-0.8255802543767965,0.0,-0.0,-0.0019198621771937625
-0.008916509985263553,0.335092743579875,0.0,-0.0,-0.0019198621771937625
-0.008916509985263553,0.335092743579875,0.009689742325529401,0.002466607473812383,0.00034906585039886593
0.0002855038504031804,0.31311942644964263,0.009689742325529401,0.002466607473812383,0.00034906585039886593
0.0002846143988948735,0.31484299732642157,0.009689742325529401,0.002466607473812383,0.002617993877991494
-0.0013274537012563758,-0.06404638885796621,0.009689742325529401,0.002466607473812383,0.002617993877991494
-0.0013274537012563758,-0.06404638885796621,0.009689742325529401,0.002466607473812383,0.0022689280275926286
0.0014229005464146426,-0.5784499664103084,0.009689742325529401,0.002466607473812383,0.0022689280275926286
0.001421259292251955,-0.5802932954534312,0.0,-0.0,-0.0020943951023931952
-0.008905099763471756,-0.18529125482577793,0.0,-0.0,-0.0020943951023931952
-0.008905099763471756,-0.18529125482577793,0.0,-0.0,-0.003490658503988659
0.007784031151916326,1.1676646406703513,0.0,-0.0,-0.003490658503988659
0.007784031151916326,1.1676646406703513,0.00722345977523341,0.012157626386709669,0.004886921905584123
0.006719488505635629,-1.2068244128231684,0.00722345977523341,0.012157626386709669,0.004886921905584123
0.006719488505635629,-1.2068244128231684,0.0,-0.0,-0.003839724354387525
-0.007333948136989847,1.2952210769827146,0.0,-0.0,-0.003839724354387525
-0.007333948136989847,1.2952210769827146,0.00722345977523341,0.012157626386709669,0.005585053606381855
0.01858941012135164,-1.7281430675341591,0.00722345977523341,0.012157626386709669,0.005585053606381855
0.01859430306767675,-1.7263301723277036,0.0024662825502959913,-0.009691018912897286,-0.007155849933176752
0.01859430306767675,-1.7263301723277036,0.0024662825502959913,-0.009691018912897286,-0.007155849933176752
0.013879548508593752,1.4283008019931351,0.00722345977523341,0.012157626386709669,0.0033161255787892262
-0.007218030942244384,-1.1464277501305284,0.00722345977523341,0.012157626386709669,0.0033161255787892262
-0.007218030942244384,-1.1464277501305284,0.0024662825502959913,-0.009691018912897286,-0.004886921905584123
0.013271570680734885,0.9709592804655933,0.0024662825502959913,-0.009691018912897286,-0.004886921905584123
0.013271570680734885,0.9709592804655933,0.009689742325529401,0.002466607473812383,0.0020943951023931952
0.006942790618217526,-0.2955556705314744,0.009689742325529401,0.002466607473812383,0.0020943951023931952
0.006942790618217526,-0.2955556705314744,0.009689742325529401,0.002466607473812383,-0.00017453292519943296
0.014001977212018363,0.09205376878744634,0.009689742325529401,0.002466607473812383,-0.00017453292519943296
0.014001977212018363,0.09205376878744634,0.009689742325529401,0.002466607473812383,0.00034906585039886593
0.004284843431426227,0.2983997144318736,0.009689742325529401,0.002466607473812383,0.00034906585039886593
0.004284843431426227,0.2983997144318736,0.009689742325529401,0.002466607473812383,0.002617993877991494
0.005137237616644803,0.09483857916918645,0.009689742325529401,0.002466607473812383,0.002617993877991494
0.005137237616644803,0.09483857916918645,0.00722345977523341,0.012157626386709669,0.0033161255787892262
0.005137237616644803,0.09483857916918645,0.00722345977523341,0.012157626386709669,0.0033161255787892262
0.0008085305435306622,-0.4962393312815753,0.009689742325529401,0.002466607473812383,-0.00034906585039886593
0.001903048372824584,-0.03770431959043069,0.009689742325529401,0.002466607473812383,-0.00034906585039886593
0.001903048372824584,-0.03770431959043069,0.009689742325529401,0.002466607473812383,-0.0005235987755982988
0.001903048372824584,-0.03770431959043069,0.009689742325529401,0.002466607473812383,-0.0005235987755982988
0.006045271890112554,0.6993317473385393,0.007225581291783428,0.012156365303883523,0.004363323129985824
-0.012080281493503158,-1.9073718237656707,0.007225581291783428,0.012156365303883523,0.004363323129985824
-0.012085686982911936,-1.9089623990886952,0.0024662825502959913,-0.009691018912897286,-0.009075712110370514
0.02557367826473349,1.79176244564746,0.0024662825502959913,-0.009691018912897286,-0.009075712110370514
0.02557367826473349,1.79176244564746,0.007061151282080503,0.012157626386709669,0.003490658503988659
0.02557367826473349,1.79176244564746,0.007061151282080503,0.012157626386709669,0.003490658503988659
-0.0006230593447954069,-0.9045822655017026,0.0,-0.0,-0.0029670597283903604
-0.0036706353489872378,0.6536922552026702,0.0,-0.0,-0.0029670597283903604
-0.0036706353489872378,0.6536922552026702,0.009689742325529401,0.002466607473812383,0.0020943951023931952
-0.019376523486986177,-0.5712630418611385,0.009689742325529401,0.002466607473812383,0.0020943951023931952
-0.019376523486986177,-0.5712630418611385,0.00016230849315290716,-0.0,-0.0019198621771937625
0.0137708227402453,0.9211650330491101,0.00016230849315290716,-0.0,-0.0019198621771937625
0.0137708227402453,0.9211650330491101,0.007061151282080503,0.012157626386709669,0.0041887902047863905
-0.017468408579493947,-1.3717305421963326,0.007061151282080503,0.012157626386709669,0.0041887902047863905
-0.017468408579493947,-1.3717305421963326,0.0024662825502959913,-0.009691018912897286,-0.0054105206811824215
0.004427706461910759,1.444167672109084,0.0024662825502959913,-0.009691018912897286,-0.0054105206811824215
0.004427706461910759,1.444167672109084,0.00722345977523341,0.012157626386709669,0.005061454830783556
0.004427706461910759,1.444167672109084,0.00722345977523341,0.012157626386709669,0.005061454830783556
0.0010166080014481105,-1.4309800467907932,0.0024662825502959913,-0.009691018912897286,-0.005235987755982988
0.024371095599885272,2.0344962545162004,0.0024662825502959913,-0.009691018912897286,-0.005235987755982988
0.024371095599885272,2.0344962545162004,0.00722345977523341,0.012157626386709669,0.00942477796076938
0.024371095599885272,2.0344962545162004,0.00722345977523341,0.012157626386709669,0.00942477796076938
-0.005102738377857266,-2.047445575135177,0.0024662825502959913,-0.009691018912897286,-0.005585053606381855
-0.012965800324826726,0.9611525252985048,0.0024662825502959913,-0.009691018912897286,-0.005585053606381855
-0.012968525334070785,0.9627335929073413,0.009689742325529401,0.002466607473812383,0.0015707963267948964
-0.006309801860383155,-0.6775656289562635,0.009689742325529401,0.002466607473812383,0.0015707963267948964
-0.006311723773362835,-0.6793258055013213,0.0,-0.0,-0.003490658503988659
0.013596682690463952,1.221954856348708,0.0,-0.0,-0.003490658503988659
0.013593218623526627,1.2237140190242595,0.00722345977523341,0.012157626386709669,0.005235987755982988
-0.0006562911288995377,-1.2387140361589466,0.00722345977523341,0.012157626386709669,0.005235987755982988
-0.0006562911288995377,-1.2387140361589466,0.0,-0.0,-0.003665191429188092
-0.0033643961080701114,0.07104691697993765,0.0,-0.0,-0.003665191429188092
-0.0033643961080701114,0.07104691697993765,0.00016230849315290716,-0.0,-0.0029670597283903604
0.010268407962166127,0.6997286573928008,0.00016230849315290716,-0.0,-0.0029670597283903604
0.01027038757248252,0.6978977233214002,0.009689742325529401,0.002466607473812383,0.0019198621771937625
0.01027038757248252,0.6978977233214002,0.009689742325529401,0.002466607473812383,0.0019198621771937625
0.021304278326895288,-0.6506357095094288,-0.00016230849315290716,-0.0,-0.003141592653589793
-0.010164787926289814,1.5439686687348924,-0.00016230849315290716,-0.0,-0.003141592653589793
-0.010169163837712835,1.5454723156036496,0.00722345977523341,0.012157626386709669,0.008377580409572781
-0.002381976358407649,-1.8334373147939749,0.00722345977523341,0.012157626386709669,0.008377580409572781
-0.002381976358407649,-1.8334373147939749,0.0024662825502959913,-0.009691018912897286,-0.004886921905584123
0.012983458929368714,1.4123635600370532,0.0024662825502959913,-0.009691018912897286,-0.004886921905584123
0.012987457415332321,1.4106109513319338,0.00722345977523341,0.012157626386709669,0.005235987755982988
0.0007581210334574062,-1.0623002803620993,0.00722345977523341,0.012157626386709669,0.005235987755982988
0.0007581210334574062,-1.0623002803620993,-0.00016230849315290716,-0.0,-0.0027925268031909274
-0.011994976348273656,0.21293975830357267,-0.00016230849315290716,-0.0,-0.0027925268031909274
-0.011995581822012996,0.21453127673417346,0.0,-0.0,-0.0008726646259971648
0.00011586362647258541,-0.17596440292695326,0.0,-0.0,-0.0008726646259971648
0.00011586362647258541,-0.17596440292695326,0.0,-0.0,-0.0022689280275926286
0.0036417224727419316,0.03826852959786965,0.0,-0.0,-0.0022689280275926286
0.003641828540408748,0.03661639501090988,0.0,-0.0,-0.0019198621771937625
0.018222912706817553,0.45719939679075433,0.0,-0.0,-0.0019198621771937625
0.018222912706817553,0.45719939679075433,0.009527433832376494,0.002466607473812383,0.0010471975511965976
-0.011602339495783747,0.2494202856587319,0.009527433832376494,0.002466607473812383,0.0010471975511965976
-0.011602339495783747,0.2494202856587319,0.00722345977523341,0.012157626386709669,0.0033161255787892262
0.011577733780556427,-0.3197034661960703,0.00722345977523341,0.012157626386709669,0.0033161255787892262
0.011577733780556427,-0.3197034661960703,0.009689742325529401,0.002466607473812383,0.0006981317007977319
-0.001298305445143204,-0.0010112904424292434,0.009689742325529401,0.002466607473812383,0.0006981317007977319
-0.0012983049975068038,0.0006952542636119741,0.009689742325529401,0.002466607473812383,0.0005235987755982988
-0.0012983049975068038,0.0006952542636119741,0.009689742325529401,0.002466607473812383,0.0005235987755982988
-0.01652680777718182,0.04621064838515611,0.009689742325529401,0.002466607473812383,0.0010471975511965976
-0.007665773836659143,-0.09217986353047931,0.009689742325529401,0.002466607473812383,0.0010471975511965976
-0.007665515180411334,-0.09043425624553557,0.009689742325529401,0.002466607473812383,0.00034906585039886593
-0.003919151873274217,-0.21592979435379697,0.009689742325529401,0.002466607473812383,0.00034906585039886593
-0.003919151873274217,-0.21592979435379697,0.0,-0.0,-0.0012217304763960308
0.011783093150751562,0.008287160187912397,0.0,-0.0,-0.0012217304763960308
0.011783093150751562,0.008287160187912397,0.0,-0.0,-0.0012217304763960308
-0.007610180402856802,0.7157276008839591,0.0,-0.0,-0.0012217304763960308
-0.007610180402856802,0.7157276008839591,0.00722345977523341,0.012157626386709669,0.0041887902047863905
0.00741686039699069,-1.554473394914591,0.00722345977523341,0.012157626386709669,0.0041887902047863905
0.005509316995748752,-1.554473394914591,0.0023057261088334172,-0.009691018912897286,-0.007330382858376184
-0.02195505266126189,0.9843212444592123,0.0023057261088334172,-0.009691018912897286,-0.007330382858376184
-0.020454695102647833,0.9843212444592123,0.0,-0.0,-0.0
0.010891138506963294,0.49109508869570795,0.0,-0.0,-0.0
0.009053758099168521,0.49109508869570795,0.007223480130653665,0.012157626386709669,0.003490658503988659
0.009053758099168521,0.49109508869570795,0.007223480130653665,0.012157626386709669,0.003490658503988659
0.0035876540206103203,-0.44814355669933126,0.0,-0.0,0.00034906585039886593
0.00975480563503498,-0.2926719770646213,0.0,-0.0,0.00034906585039886593
0.00975480563503498,-0.2926719770646213,0.0,-0.0,-0.0015707963267948964
0.004160601510448467,0.21892925463210167,0.0,-0.0,-0.0015707963267948964
0.005727427755716118,0.21892925463210167,0.00016230849315290716,-0.0,0.00017453292519943296
0.005727427755716118,0.21892925463210167,0.00016230849315290716,-0.0,0.00017453292519943296
0.0018220493419845952,0.19853499718476936,0.009689742325529401,0.002466607473812383,0.0017453292519943296
0.014413502740198031,-0.43096986669591447,0.009689742325529401,0.002466607473812383,0.0017453292519943296
0.014413502740198031,-0.43096986669591447,-0.00016230849315290716,-0.0,-0.0017453292519943296
0.00041764456617348066,0.2505009282008591,-0.00016230849315290716,-0.0,-0.0017453292519943296
0.00041764456617348066,0.2505009282008591,0.0,-0.0,0.00017453292519943296
0.012973507073354856,-0.18355364490949927,0.0,-0.0,0.00017453292519943296
0.012973507073354856,-0.18355364490949927,0.0,-0.0,-0.0010471975511965976
0.017605441130731824,0.43834599333811264,0.0,-0.0,-0.0010471975511965976
0.01760668048450643,0.43665123015123997,0.009689742325529401,0.002466607473812383,0.0020943951023931952
0.008888748442696633,-0.3217852805995879,0.009689742325529401,0.002466607473812383,0.0020943951023931952
0.008889657277070003,-0.3198616563859766,-0.00016230849315290716,-0.0,-0.0006981317007977319
0.007135154192413045,0.3024615313334402,-0.00016230849315290716,-0.0,-0.0006981317007977319
0.007135154192413045,0.3024615313334402,0.009689742325529401,0.002466607473812383,0.0015707963267948964
0.007135154192413045,0.3024615313334402,0.009689742325529401,0.002466607473812383,0.0015707963267948964
0.0064087947527877885,-0.9774043240157521,0.0024662825502959913,-0.009691018912897286,-0.0054105206811824215
0.015540091231386732,1.3723266019657954,0.0024662825502959913,-0.009691018912897286,-0.0054105206811824215
0.015540091231386732,1.3723266019657954,0.00722345977523341,0.012157626386709669,0.004537856055185257
0.006521317251965249,-1.2928675272676957,0.00722345977523341,0.012157626386709669,0.004537856055185257
0.006521317251965249,-1.2928675272676957,0.0024662825502959913,-0.009691018912897286,-0.005061454830783556
0.026068125014370568,1.1679698065940396,0.0024662825502959913,-0.009691018912897286,-0.005061454830783556
0.026068125014370568,1.1679698065940396,0.007061151282080503,0.012157626386709669,0.003141592653589793
-0.027596798562808413,-0.9216889578466774,0.007061151282080503,0.012157626386709669,0.003141592653589793
-0.027594189755036105,-0.9201576594311912,0.0,-0.0,-0.003141592653589793
0.009340732713234262,0.6273871165216592,0.0,-0.0,-0.003141592653589793
0.00934250740729014,0.6255661589927312,0.009689742325529401,0.002466607473812383,0.0012217304763960308
-0.005998773994197984,-0.15814614698659968,0.009689742325529401,0.002466607473812383,0.0012217304763960308
-0.007762075727395758,-0.15814614698659968,0.009689769630835078,0.002466607473812383,-0.0
-0.006754097990922311,0.4505017764633672,0.009689769630835078,0.002466607473812383,-0.0
-0.005305899420618477,0.4505017764633672,0.0073857682683863175,0.012157626386709669,0.003665191429188092
0.0032402763606724314,-0.771475366960132,0.0073857682683863175,0.012157626386709669,0.003665191429188092
0.0032402763606724314,-0.771475366960132,0.0,-0.0,-0.0024434609527920616
-0.0036197304004136665,0.32355567199838037,0.0,-0.0,-0.0024434609527920616
-0.0036197304004136665,0.32355567199838037,0.009689742325529401,0.002466607473812383,-0.0
-0.0036197304004136665,0.32355567199838037,0.009689742325529401,0.002466607473812383,-0.0
-0.019147787896817366,-0.16876407917340566,0.0,-0.0,-0.0012217304763960308
-0.019147787896817366,-0.16876407917340566,0.0,-0.0,-0.0012217304763960308
-0.008009242722352343,0.4391424773883899,0.009689742325529401,0.002466607473812383,0.0019198621771937625
-0.008009242722352343,0.4391424773883899,0.009689742325529401,0.002466607473812383,0.0019198621771937625
-0.012388245192263279,-0.5724457007030539,0.0,-0.0,-0.0022689280275926286
-0.012388245192263279,-0.5724457007030539,0.0,-0.0,-0.0022689280275926286
-0.0042563507518583775,0.5538548454877331,0.009689742325529401,0.002466607473812383,0.0017453292519943296
0.002668534588157775,0.005082576394522927,0.009689742325529401,0.002466607473812383,0.0017453292519943296
0.002668534588157775,0.005082576394522927,0.009689742325529401,0.002466607473812383,0.0015707963267948964
0.002668534588157775,0.005082576394522927,0.009689742325529401,0.002466607473812383,0.0015707963267948964
0.008533073542904519,0.26048761415949995,0.00722345977523341,0.012157626386709669,0.003490658503988659
-0.019410498388148376,-0.3741930640771089,0.00722345977523341,0.012157626386709669,0.003490658503988659
-0.019410498388148376,-0.3741930640771089,0.00016230849315290716,-0.0,0.0012217304763960308
-0.001574187473966341,-0.7159380522825528,0.00016230849315290716,-0.0,0.0012217304763960308
-0.001574187473966341,-0.7159380522825528,0.0,-0.0,-0.004014257279586958
-0.001574187473966341,-0.7159380522825528,0.0,-0.0,-0.004014257279586958
0.012856554434150813,-0.03634465969940855,-0.00016230849315290716,-0.0,-0.004363323129985824
-0.007104995302522965,0.8309039427352475,-0.00016230849315290716,-0.0,-0.004363323129985824
-0.007107351278247032,0.8324405029051358,0.0,-0.0,0.0019198621771937625
-0.004081244268228039,0.28407047174969563,0.0,-0.0,0.0019198621771937625
-0.004080441923175753,0.28239384811965557,0.00722345977523341,0.012157626386709669,0.0041887902047863905
0.0234506090423509,-0.9556163351472118,0.00722345977523341,0.012157626386709669,0.0041887902047863905
0.023453313487315514,-0.953751178455817,0.0,-0.0,-0.0029670597283903604
0.006265804533320717,-0.11000805416680151,0.0,-0.0,-0.0029670597283903604
0.006265804533320717,-0.11000805416680151,0.0,-0.0,-0.003665191429188092
0.023272024244626006,1.0774246494726498,0.0,-0.0,-0.003665191429188092
0.023272024244626006,1.0774246494726498,0.007061151282080503,0.012157626386709669,0.003839724354387525
-0.016718441547976557,-1.0180799278726078,0.007061151282080503,0.012157626386709669,0.003839724354387525
-0.016718441547976557,-1.0180799278726078,0.0,-0.0,-0.003141592653589793
0.017693001900395373,0.6633594319300993,0.0,-0.0,-0.003141592653589793
0.017693001900395373,0.6633594319300993,0.009689742325529401,0.002466607473812383,0.0012217304763960308
0.00656747081460689,0.28566876773375893,0.009689742325529401,0.002466607473812383,0.0012217304763960308
0.00656747081460689,0.28566876773375893,0.00722345977523341,0.012157626386709669,0.0033161255787892262
0.00656747081460689,0.28566876773375893,0.00722345977523341,0.012157626386709669,0.0033161255787892262
0.0015300322504519194,-0.35262406011751846,0.009689742325529401,0.002466607473812383,0.0006981317007977319
-0.0075973392663291105,-0.05485618694960259,0.009689742325529401,0.002466607473812383,0.0006981317007977319
-0.007597496985125883,-0.056494996284388664,0.0,-0.0,0.00034906585039886593
0.011111317146898414,-0.1006732908719687,0.0,-0.0,0.00034906585039886593
0.011111317146898414,-0.1006732908719687,0.0,-0.0,-0.0006981317007977319
0.011111317146898414,-0.1006732908719687,0.0,-0.0,-0.0006981317007977319
-0.0018844537064192201,0.2932742557883507,0.009689742325529401,0.002466607473812383,0.0015707963267948964
0.00923268198391915,-0.3199623000543355,0.009689742325529401,0.002466607473812383,0.0015707963267948964
0.00923268198391915,-0.3199623000543355,0.0,-0.0,-0.0006981317007977319
0.004240891041021234,-0.27765331807743104,0.0,-0.0,-0.0006981317007977319
0.004240891041021234,-0.27765331807743104,0.0,-0.0,-0.0027925268031909274
0.004240891041021234,-0.27765331807743104,0.0,-0.0,-0.0027925268031909274
0.011966169539695166,0.47736889191000736,0.009689742325529401,0.002466607473812383,0.0005235987755982988
-0.002818295552779547,-0.6652627573963518,0.009689742325529401,0.002466607473812383,0.0005235987755982988
-0.002818295552779547,-0.6652627573963518,0.0,-0.0,-0.0041887902047863905
-0.002818295552779547,-0.6652627573963518,0.0,-0.0,-0.0041887902047863905
-0.009536827341199405,0.9311565914550752,0.009689742325529401,0.002466607473812383,0.002617993877991494
-0.009536827341199405,0.9311565914550752,0.009689742325529401,0.002466607473812383,0.002617993877991494
-0.011252906618991336,-0.0692488426314348,0.009689742325529401,0.002466607473812383,0.0020943951023931952
0.013463250688910567,-0.07764522443127535,0.009689742325529401,0.002466607473812383,0.0020943951023931952
0.013463250688910567,-0.07764522443127535,0.009689742325529401,0.002466607473812383,0.0013962634015954637
0.015652521642509905,-0.5880450701981965,0.009689742325529401,0.002466607473812383,0.0013962634015954637
0.015652521642509905,-0.5880450701981965,-0.00016230849315290716,-0.0,-0.003141592653589793
0.015652521642509905,-0.5880450701981965,-0.00016230849315290716,-0.0,-0.003141592653589793
-0.012899779499610558,0.24623764522245747,0.00016230849315290716,-0.0,-0.0008726646259971648
0.005714929302207595,0.20634281710390884,0.00016230849315290716,-0.0,-0.0008726646259971648
0.005714342246662059,0.20812477308914878,0.009689742325529401,0.002466607473812383,0.00034906585039886593
0.008825004158362782,0.3112468313622793,0.009689742325529401,0.002466607473812383,0.00034906585039886593
0.008825004158362782,0.3112468313622793,0.009689742325529401,0.002466607473812383,0.002617993877991494
-0.011707059343514984,-0.3706075538799841,0.009689742325529401,0.002466607473812383,0.002617993877991494
-0.011707059343514984,-0.3706075538799841,0.009689742325529401,0.002466607473812383,-0.0
-0.002086579312255169,-0.1767688788024935,0.009689742325529401,0.002466607473812383,-0.0
-0.002087082623712875,-0.17857447596411785,0.0,-0.0,-0.0012217304763960308
0.003066392881163049,0.6757119043983256,0.0,-0.0,-0.0012217304763960308
0.0030644763812566643,0.6773578414994244,0.00722345977523341,0.012157626386709669,0.003665191429188092
0.01562981512604274,-0.9129786472116785,0.00722345977523341,0.012157626386709669,0.003665191429188092
0.01562981512604274,-0.9129786472116785,0.0,-0.0,-0.0029670597283903604
-0.022537121962773413,0.6889588070926544,0.0,-0.0,-0.0029670597283903604
-0.02253517236182168,0.6874806363069353,0.009852050818682309,0.002466607473812383,0.0024434609527920616
-0.00021195093432327172,-0.06388759759312111,0.009852050818682309,0.002466607473812383,0.0024434609527920616
-0.00021177253843248977,-0.062061838586658855,0.009689742325529401,0.002466607473812383,0.0019198621771937625
0.0026654140617611245,0.40077271800385494,0.009689742325529401,0.002466607473812383,0.0019198621771937625
0.0026654140617611245,0.40077271800385494,0.007225581291783428,0.012156365303883523,0.00471238898038469
0.011377285977713198,-1.759505469764033,0.007225581291783428,0.012156365303883523,0.00471238898038469
0.011372299009434534,-1.761348290322198,0.002303974057143084,-0.009691018912897286,-0.00820304748437335
0.011372299009434534,-1.761348290322198,0.002303974057143084,-0.009691018912897286,-0.00820304748437335
-0.007308399463155907,1.1421929320117716,0.0,-0.0,0.00034906585039886593
0.013683841625852778,0.0830261450351488,0.0,-0.0,0.00034906585039886593
0.013684074330729924,0.0812660252495973,0.009689742325529401,0.002466607473812383,0.0008726646259971648
0.006677296703047358,-0.1360801657255212,0.009689742325529401,0.002466607473812383,0.0008726646259971648
0.006677679807003556,-0.13439538763253747,0.0,-0.0,-0.00017453292519943296
0.0005051188597626721,-0.02488547330666268,0.0,-0.0,-0.00017453292519943296
0.0005050459191233658,-0.026611410128893273,0.0,-0.0,-0.0005235987755982988
0.0005050459191233658,-0.026611410128893273,0.0,-0.0,-0.0005235987755982988
-0.014775314090263223,0.6026161927104334,0.00722345977523341,0.012157626386709669,0.003839724354387525
-0.014775314090263223,0.6026161927104334,0.00722345977523341,0.012157626386709669,0.003839724354387525
0.010971997661121198,-0.5248990591189271,0.009527433832376494,0.002466607473812383,-0.0005235987755982988
-0.011528516540584056,-0.4741052106733413,0.009527433832376494,0.002466607473812383,-0.0005235987755982988
-0.011528516540584056,-0.4741052106733413,0.00016230849315290716,-0.0,-0.0033161255787892262
-0.011528516540584056,-0.4741052106733413,0.00016230849315290716,-0.0,-0.0033161255787892262
0.01691453467185249,0.6114014927392726,0.009689742325529401,0.002466607473812383,0.0008726646259971648
0.014942273566086368,-0.354225020043336,0.009689742325529401,0.002466607473812383,0.0008726646259971648
0.014942273566086368,-0.354225020043336,0.0,-0.0,-0.0017453292519943296
0.02195828570917822,0.23890262654938335,0.0,-0.0,-0.0017453292519943296
0.02195828570917822,0.23890262654938335,0.009689742325529401,0.002466607473812383,-0.00017453292519943296
0.026898356417464107,0.5266758219333952,0.009689742325529401,0.002466607473812383,-0.00017453292519943296
0.026898356417464107,0.5266758219333952,0.00722345977523341,0.012157626386709669,0.003665191429188092
0.0008099338497858055,-0.49451012388769094,0.00722345977523341,0.012157626386709669,0.003665191429188092
0.0008099338497858055,-0.49451012388769094,0.009689742325529401,0.002466607473812383,-0.0
-0.009692650501019617,0.170165243467647,0.009689742325529401,0.002466607473812383,-0.0
-0.009692650501019617,0.170165243467647,0.009689742325529401,0.002466607473812383,0.0015707963267948964
-0.007448174483977364,-0.284672505319042,0.009689742325529401,0.002466607473812383,0.0015707963267948964
-0.007448174483977364,-0.284672505319042,0.009852050818682309,0.002466607473812383,-0.0005235987755982988
0.013891390291778135,0.48309295300837435,0.009852050818682309,0.002466607473812383,-0.0005235987755982988
0.013891390291778135,0.48309295300837435,0.009527433832376494,0.002466607473812383,0.002617993877991494
-0.02971552916707956,-1.155568013744852,0.009527433832376494,0.002466607473812383,0.002617993877991494
-0.02971552916707956,-1.155568013744852,0.0024662825502959913,-0.009691018912897286,-0.005235987755982988
0.012681634751630639,0.7356983088594865,0.0024662825502959913,-0.009691018912897286,-0.005235987755982988
0.012681634751630639,0.7356983088594865,0.009689742325529401,0.002466607473812383,-0.00017453292519943296
-0.010000629255476578,0.7852801156082532,0.009689742325529401,0.002466607473812383,-0.00017453292519943296
-0.010000629255476578,0.7852801156082532,0.0073857682683863175,0.012157626386709669,0.005759586531581287
0.017345563555233836,-1.1943613226011918,0.0073857682683863175,0.012157626386709669,0.005759586531581287
0.017345563555233836,-1.1943613226011918,0.0,-0.0,-0.003141592653589793
-0.019410325435999635,0.626606616121908,0.0,-0.0,-0.003141592653589793
-0.019410325435999635,0.626606616121908,0.009852050818682309,0.002466607473812383,0.0017453292519943296
-0.019410325435999635,0.626606616121908,0.009852050818682309,0.002466607473812383,0.0017453292519943296
0.0117569070769466,-0.7331330538200042,-0.00016230849315290716,-0.0,-0.004014257279586958
-0.013091834891218351,0.6521820158086741,-0.00016230849315290716,-0.0,-0.004014257279586958
-0.013091834891218351,0.6521820158086741,0.009689742325529401,0.002466607473812383,0.0008726646259971648
-0.01700712192292655,-0.7139295265354564,0.009689742325529401,0.002466607473812383,0.0008726646259971648
-0.01700712192292655,-0.7139295265354564,0.0,-0.0,-0.0041887902047863905
0.011864341447244265,1.2440922928210656,0.0,-0.0,-0.0041887902047863905
0.011864341447244265,1.2440922928210656,0.00722345977523341,0.012157626386709669,0.00471238898038469
-0.009468954093377568,-0.7846647795972717,0.00722345977523341,0.012157626386709669,0.00471238898038469
-0.009468954093377568,-0.7846647795972717,0.00016230849315290716,-0.0,-0.0006981317007977319
0.03900008125581867,0.5110737884964983,0.00016230849315290716,-0.0,-0.0006981317007977319
0.03900008125581867,0.5110737884964983,0.009689742325529401,0.002466607473812383,0.0024434609527920616
0.0030576882896766354,-1.0640495850067058,0.009689742325529401,0.002466607473812383,0.0024434609527920616
0.0030576882896766354,-1.0640495850067058,0.0024662825502959913,-0.009691018912897286,-0.005061454830783556
0.0026655870139099215,1.4015723982028718,0.0024662825502959913,-0.009691018912897286,-0.005061454830783556
0.0026655870139099215,1.4015723982028718,0.00722345977523341,0.012157626386709669,0.005061454830783556
-0.0018725753324038252,-1.226316586515439,0.00722345977523341,0.012157626386709669,0.005061454830783556
-0.0018725753324038252,-1.226316586515439,0.0,-0.0,-0.003839724354387525
0.01094306514755763,0.6613588980082659,0.0,-0.0,-0.003839724354387525
0.01094306514755763,0.6613588980082659,0.009689742325529401,0.002466607473812383,0.0005235987755982988
-0.011197701555548339,-0.01368674565120272,0.009689742325529401,0.002466607473812383,0.0005235987755982988
-0.011197701555548339,-0.01368674565120272,0.009689742325529401,0.002466607473812383,0.0006981317007977319
0.010485618944488535,-0.24510935182996835,0.009689742325529401,0.002466607473812383,0.0006981317007977319
0.010485618944488535,-0.24510935182996835,0.0,-0.0,-0.0013962634015954637
0.02439096877460163,0.24489623648962047,0.0,-0.0,-0.0013962634015954637
0.02439096877460163,0.24489623648962047,0.009689742325529401,0.002466607473812383,0.00017453292519943296
0.02439096877460163,0.24489623648962047,0.009689742325529401,0.002466607473812383,0.00017453292519943296
-0.004061874468343528,-0.24630540987626143,0.0,-0.0,-0.0015707963267948964
-0.006183170642349777,-0.23151584414016782,0.0,-0.0,-0.0015707963267948964
-0.006183170642349777,-0.23151584414016782,0.0,-0.0,-0.003141592653589793
0.015818281602647134,1.0490522318137732,0.0,-0.0,-0.003141592653589793
0.015818281602647134,1.0490522318137732,0.00722345977523341,0.012157626386709669,0.004363323129985824
0.00545150204121943,-0.7479039719638174,0.00722345977523341,0.012157626386709669,0.004363323129985824
0.00545150204121943,-0.7479039719638174,0.009689742325529401,0.002466607473812383,-0.0010471975511965976
-0.0033157911283615603,0.10581251857506724,0.009689742325529401,0.002466607473812383,-0.0010471975511965976
-0.0033157911283615603,0.10581251857506724,0.009689742325529401,0.002466607473812383,-0.0
0.005169307091589022,-0.4537455844688155,0.009689742325529401,0.002466607473812383,-0.0
0.005169307091589022,-0.4537455844688155,0.0,-0.0,-0.003490658503988659
-0.005605621884604066,0.8807942843065573,0.0,-0.0,-0.003490658503988659
-0.005605621884604066,0.8807942843065573,0.00722345977523341,0.012157626386709669,0.003141592653589793
-0.005605621884604066,0.8807942843065573,0.00722345977523341,0.012157626386709669,0.003141592653589793
0.01770265109014887,0.5078771965283718,0.007061151282080503,0.012157626386709669,0.006457718232379019
-0.019417200003654076,-1.6152006504837306,0.007061151282080503,0.012157626386709669,0.006457718232379019
-0.019417200003654076,-1.6152006504837306,0.0024662825502959913,-0.009691018912897286,-0.004886921905584123
0.002762781917630154,0.7512923504711204,0.0024662825502959913,-0.009691018912897286,-0.004886921905584123
0.002762781917630154,0.7512923504711204,0.009689742325529401,0.002466607473812383,0.0006981317007977319
0.002762781917630154,0.7512923504711204,0.009689742325529401,0.002466607473812383,0.0006981317007977319
-0.0015675009141575102,-0.19474171679794183,0.009852050818682309,0.002466607473812383,-0.0005235987755982988
0.01476388865960745,0.030261066027027404,0.009852050818682309,0.002466607473812383,-0.0005235987755982988
0.01476388865960745,0.030261066027027404,0.009689742325529401,0.002466607473812383,-0.0005235987755982988
-0.006260952508148264,0.13858824201538086,0.009689742325529401,0.002466607473812383,-0.0005235987755982988
-0.006260952508148264,0.13858824201538086,0.009689742325529401,0.002466607473812383,0.0006981317007977319
0.0006122938018371272,0.45114035303588157,0.009689742325529401,0.002466607473812383,0.0006981317007977319
0.0006122938018371272,0.45114035303588157,0.0073857682683863175,0.012157626386709669,0.0041887902047863905
0.014452328816041493,-0.9913217898483201,0.0073857682683863175,0.012157626386709669,0.0041887902047863905
0.014452328816041493,-0.9913217898483201,0.0,-0.0,-0.0033161255787892262
-0.0023327811018751645,0.9843159165757036,0.0,-0.0,-0.0033161255787892262
-0.0023327811018751645,0.9843159165757036,0.00722345977523341,0.012157626386709669,0.003839724354387525
-0.01028631881814157,-0.056859384813190375,0.00722345977523341,0.012157626386709669,0.003839724354387525
-0.01028631881814157,-0.056859384813190375,0.00722345977523341,0.012157626386709669,0.003490658503988659
0.005392932078853443,-1.189164196711232,0.00722345977523341,0.012157626386709669,0.003490658503988659
0.005392932078853443,-1.189164196711232,0.002303974057143084,-0.009691018912897286,-0.005585053606381855
-0.005031409843441037,1.1377949541138432,0.002303974057143084,-0.009691018912897286,-0.005585053606381855
-0.005031409843441037,1.1377949541138432,0.009689742325529401,0.002466607473812383,0.0027925268031909274
-0.01094813486700538,-0.7890734132622172,0.009689742325529401,0.002466607473812383,0.0027925268031909274
-0.01094813486700538,-0.7890734132622172,0.0,-0.0,-0.003141592653589793
-0.001142525075723798,0.5114866822012859,0.0,-0.0,-0.003141592653589793
-0.001142525075723798,0.5114866822012859,0.009689742325529401,0.002466607473812383,0.0006981317007977319
0.003343349670001233,0.2477012462869942,0.009689742325529401,0.002466607473812383,0.0006981317007977319
0.003343349670001233,0.2477012462869942,0.009852050818682309,0.002466607473812383,0.0024434609527920616
0.03348894721510674,-0.8990015491763883,0.009852050818682309,0.002466607473812383,0.0024434609527920616
0.03348894721510674,-0.8990015491763883,-0.00016230849315290716,-0.0,-0.00471238898038469
-0.03587138027812019,0.8516440301896838,-0.00016230849315290716,-0.0,-0.00471238898038469
-0.03587138027812019,0.8516440301896838,0.010014359311835216,0.002466607473812383,0.0024434609527920616
-0.03587138027812019,0.8516440301896838,0.010014359311835216,0.002466607473812383,0.0024434609527920616
0.01560061005761241,-0.03849762858874363,0.009689742325529401,0.002466607473812383,0.0015707963267948964
-0.006851472116533174,-0.9537378587470452,0.009689742325529401,0.002466607473812383,0.0015707963267948964
-0.006851472116533174,-0.9537378587470452,0.0024662825502959913,-0.009691018912897286,-0.0054105206811824215
0.004105654101130669,0.9347447655939544,0.0024662825502959913,-0.009691018912897286,-0.0054105206811824215
0.004105654101130669,0.9347447655939544,0.009689742325529401,0.002466607473812383,0.0013962634015954637
0.004105654101130669,0.9347447655939544,0.009689742325529401,0.002466607473812383,0.0013962634015954637
-0.013170483087176282,-0.23029238305357663,0.009689742325529401,0.002466607473812383,-0.0
-0.013170483087176282,-0.23029238305357663,0.009689742325529401,0.002466607473812383,-0.0
0.006995638599814768,0.37679561430115216,0.009852050818682309,0.002466607473812383,0.0027925268031909274
0.03312264287081016,0.056241367593317985,0.009852050818682309,0.002466607473812383,0.0027925268031909274
0.03312264287081016,0.056241367593317985,0.00722345977523341,0.012157626386709669,0.003141592653589793
0.03312264287081016,0.056241367593317985,0.00722345977523341,0.012157626386709669,0.003141592653589793
0.00014264081991867682,-0.8326485312275678,0.0,-0.0,-0.0027925268031909274
0.007028237191449366,0.07494707644247153,0.0,-0.0,-0.0027925268031909274
0.007028022488375796,0.07663562504065023,0.009689742325529401,0.002466607473812383,-0.0022689280275926286
0.007813061618312762,0.619001390488836,0.009689742325529401,0.002466607473812383,-0.0022689280275926286
0.007813061618312762,0.619001390488836,0.009689742325529401,0.002466607473812383,0.0022689280275926286
0.03208462891537001,-0.34663577806079005,0.009689742325529401,0.002466607473812383,0.0022689280275926286
0.03208462891537001,-0.34663577806079005,0.009689742325529401,0.002466607473812383,-0.0005235987755982988
0.0009658716680207113,0.297269733326989,0.009689742325529401,0.002466607473812383,-0.0005235987755982988
0.0009658716680207113,0.297269733326989,0.009852050818682309,0.002466607473812383,0.0019198621771937625
0.0009658716680207113,0.297269733326989,0.009852050818682309,0.002466607473812383,0.0019198621771937625
0.017887564659984607,0.3635990166656131,0.00722345977523341,0.012157626386709669,0.004363323129985824
-0.0037571891924319855,-1.4665298206065525,0.00722345977523341,0.012157626386709669,0.004363323129985824
-0.0037571891924319855,-1.4665298206065525,0.0024662825502959913,-0.009691018912897286,-0.006283185307179586
0.025503572649066126,0.8927708484200141,0.0024662825502959913,-0.009691018912897286,-0.006283185307179586
0.025503572649066126,0.8927708484200141,0.009527433832376494,0.002466607473812383,-0.00034906585039886593
-0.020772740371533458,-0.027269597573985793,0.009527433832376494,0.002466607473812383,-0.00034906585039886593
-0.020772740371533458,-0.027269597573985793,0.009852050818682309,0.002466607473812383,-0.0
-0.0007079583412706358,0.09222167482702114,0.009852050818682309,0.002466607473812383,-0.0
-0.0007079583412706358,0.09222167482702114,0.009852050818682309,0.002466607473812383,0.0006981317007977319
-0.0007080448173450482,-0.4081781652724874,0.009852050818682309,0.002466607473812383,0.0006981317007977319
0.001004619115718647,-0.4081781652724874,0.009853768315070916,0.002466607473812383,-0.0024434609527920616
0.011816406109338106,0.6533594262626866,0.009853768315070916,0.002466607473812383,-0.0024434609527920616
0.009882359731347075,0.6533594262626866,0.009527433832376494,0.002466607473812383,0.0019198621771937625
-0.03830105747556175,0.4191717694128626,0.009527433832376494,0.002466607473812383,0.0019198621771937625
-0.03830105747556175,0.4191717694128626,0.00722345977523341,0.012157626386709669,0.0054105206811824215
-0.01722463557150929,-1.5204909576609666,0.00722345977523341,0.012157626386709669,0.0054105206811824215
-0.01722463557150929,-1.5204909576609666,0.0024662825502959913,-0.009691018912897286,-0.005759586531581287
0.011760488166055594,0.9035646741959495,0.0024662825502959913,-0.009691018912897286,-0.005759586531581287
0.011760488166055594,0.9035646741959495,0.009527433832376494,0.002466607473812383,0.0005235987755982988
-0.027927980496659986,0.4855250282272758,0.009527433832376494,0.002466607473812383,0.0005235987755982988
-0.027927980496659986,0.4855250282272758,0.0073857682683863175,0.012157626386709669,0.004363323129985824
0.007449460475737693,-0.6036337839263217,0.0073857682683863175,0.012157626386709669,0.004363323129985824
0.007449460475737693,-0.6036337839263217,0.009689742325529401,0.002466607473812383,-0.00017453292519943296
-0.00928402546784502,-0.20913170853801955,0.009689742325529401,0.002466607473812383,-0.00017453292519943296
-0.00928402546784502,-0.20913170853801955,0.009689742325529401,0.002466607473812383,-0.0017453292519943296
0.0053900277426428235,0.45752554514687144,0.009689742325529401,0.002466607473812383,-0.0017453292519943296
0.0053900277426428235,0.45752554514687144,0.009689742325529401,0.002466607473812383,0.0013962634015954637
0.0053900277426428235,0.45752554514687144,0.009689742325529401,0.002466607473812383,0.0013962634015954637
-0.005430645115085402,-0.13958984958074303,0.009689742325529401,0.002466607473812383,0.0005235987755982988
-0.0010778005366390052,-0.33903321636947226,0.009689742325529401,0.002466607473812383,0.0005235987755982988
-0.0010778005366390052,-0.33903321636947226,0.009689742325529401,0.002466607473812383,-0.0017453292519943296
0.013755311018480449,0.7237137529207667,0.009689742325529401,0.002466607473812383,-0.0017453292519943296
0.013755311018480449,0.7237137529207667,0.00722345977523341,0.012157626386709669,0.003665191429188092
0.014841655469709069,-1.059654271050532,0.00722345977523341,0.012157626386709669,0.003665191429188092
0.014841655469709069,-1.059654271050532,0.0,-0.0,-0.003839724354387525
0.01293135933662561,0.24130007052547822,0.0,-0.0,-0.003839724354387525
0.01293135933662561,0.24130007052547822,0.009689742325529401,0.002466607473812383,-0.0019198621771937625
0.008442407302541189,1.1509755680988563,0.009689742325529401,0.002466607473812383,-0.0019198621771937625
0.008442407302541189,1.1509755680988563,0.00722345977523341,0.012157626386709669,0.006806784082777886
0.0012412503437306988,-1.2686847498018865,0.00722345977523341,0.012157626386709669,0.006806784082777886
0.0012412503437306988,-1.2686847498018865,0.009852050818682309,0.002466607473812383,-0.0022689280275926286
0.009441162801765896,-0.3877945635921725,0.009852050818682309,0.002466607473812383,-0.0022689280275926286
0.009441162801765896,-0.3877945635921725,0.002628591043448898,-0.009691018912897286,-0.004886921905584123
0.022159348949783938,0.6489614483647584,0.002628591043448898,-0.009691018912897286,-0.004886921905584123
0.022159348949783938,0.6489614483647584,0.009527433832376494,0.002466607473812383,-0.0005235987755982988
-9.146884926676924e-05,0.6749683893485925,0.009527433832376494,0.002466607473812383,-0.0005235987755982988
-9.146884926676924e-05,0.6749683893485925,0.00722345977523341,0.012157626386709669,0.00471238898038469
0.018876757445530256,-0.5192890395241798,0.00722345977523341,0.012157626386709669,0.00471238898038469
0.018876757445530256,-0.5192890395241798,0.009689742325529401,0.002466607473812383,0.0008726646259971648
0.005068818709323369,-0.4085750753267489,0.009689742325529401,0.002466607473812383,0.0008726646259971648
0.005068818709323369,-0.4085750753267489,0.009852050818682309,0.002466607473812383,-0.0022689280275926286
-0.0022681712212051486,0.10300750877769353,0.009852050818682309,0.002466607473812383,-0.0022689280275926286
-0.0022681712212051486,0.10300750877769353,0.009689742325529401,0.002466607473812383,-0.0017453292519943296
-0.010224498615267369,0.7393104584741549,0.009689742325529401,0.002466607473812383,-0.0017453292519943296
-0.010224498615267369,0.7393104584741549,0.009852050818682309,0.002466607473812383,0.003490658503988659
0.012759286903317563,-0.3850055374453249,0.009852050818682309,0.002466607473812383,0.003490658503988659
0.012759286903317563,-0.3850055374453249,0.009689742325529401,0.002466607473812383,0.00017453292519943296
-0.014645735297981992,-0.34782384428181995,0.009689742325529401,0.002466607473812383,0.00017453292519943296
-0.014645735297981992,-0.34782384428181995,0.009689742325529401,0.002466607473812383,-0.0022689280275926286
-0.015612236622757346,0.14018653799944406,0.009689742325529401,0.002466607473812383,-0.0022689280275926286
-0.015612236622757346,0.14018653799944406,0.009689742325529401,0.002466607473812383,-0.0012217304763960308
0.0018676635094080586,1.3795905005384939,0.009689742325529401,0.002466607473812383,-0.0012217304763960308
0.0018715691722666307,1.3778498906638523,0.007225581291783428,0.012156365303883523,0.008552113334772215
0.0018715691722666307,1.3778498906638523,0.007225581291783428,0.012156365303883523,0.008552113334772215
-0.017348459963303663,-2.214321907016687,0.002630329115296928,-0.009691018912897286,-0.007330382858376184
0.010996158081848218,1.1761354101390804,0.002630329115296928,-0.009691018912897286,-0.007330382858376184
0.0089644633862803,1.1761354101390804,0.009527433832376494,0.002466607473812383,0.0006981317007977319
0.0089644633862803,1.1761354101390804,0.009527433832376494,0.002466607473812383,0.0006981317007977319
-0.022167452719553896,0.11941401809013077,0.009852050818682309,0.002466607473812383,0.0019198621771937625
0.0033561626241885045,-0.053271210674311106,0.009852050818682309,0.002466607473812383,0.0019198621771937625
0.0033561626241885045,-0.053271210674311106,0.009689742325529401,0.002466607473812383,0.0012217304763960308
-0.034545060034367976,-0.5816172550191371,0.009689742325529401,0.002466607473812383,0.0012217304763960308
-0.03319786976570429,-0.5829662831700523,0.010017821905084535,0.002466607473812383,-0.0024434609527920616
-0.03319786976570429,-0.5829662831700523,0.010017821905084535,0.002466607473812383,-0.0024434609527920616
0.015679238255030332,0.544953669115415,0.009689714725057296,0.002466607473812383,0.0008726646259971648
0.015679238255030332,0.544953669115415,0.009689714725057296,0.002466607473812383,0.0008726646259971648
0.00526654523334646,-0.8538257121508128,0.002303974057143084,-0.009691018912897286,-0.005585053606381855
-0.00548872633239857,0.9819264644248719,0.002303974057143084,-0.009691018912897286,-0.005585053606381855
-0.0040424975691405515,0.9819264644248719,0.009853768315070916,0.002466607473812383,0.0019198621771937625
0.03423573816203884,-0.2814945609431959,0.009853768315070916,0.002466607473812383,0.0019198621771937625
0.032275956490147875,-0.2814945609431959,0.009527433832376494,0.002466607473812383,-0.0005235987755982988
0.003268802989014118,0.2529037000604627,0.009527433832376494,0.002466607473812383,-0.0005235987755982988
0.003268802989014118,0.2529037000604627,0.009689742325529401,0.002466607473812383,0.0015707963267948964
0.003998593817470991,0.4895074484786621,0.009689742325529401,0.002466607473812383,0.0015707963267948964
0.00565434496162584,0.4895074484786621,0.0073874927897876076,0.012157626386709669,0.005235987755982988
0.02736401294836588,-0.8186605365596674,0.0073874927897876076,0.012157626386709669,0.005235987755982988
0.025477328281527146,-0.8186605365596674,0.009689742325529401,0.002466607473812383,-0.0010471975511965976
0.025477328281527146,-0.8186605365596674,0.009689742325529401,0.002466607473812383,-0.0010471975511965976
-0.004785223109517911,-0.7431010921863647,0.002628591043448898,-0.009691018912897286,-0.006108652381980154
0.013272154360015604,1.8280244096219127,0.002628591043448898,-0.009691018912897286,-0.006108652381980154
0.013272154360015604,1.8280244096219127,0.00722345977523341,0.012157626386709669,0.006981317007977318
0.004585560519087272,-0.5244755096471222,0.00722345977523341,0.012157626386709669,0.006981317007977318
0.004585560519087272,-0.5244755096471222,0.0073878897849363355,0.012156365303883523,0.003490658503988659
0.034153998448781954,-0.5316891531094414,0.0073878897849363355,0.012156365303883523,0.003490658503988659
0.034153998448781954,-0.5316891531094414,0.009690172625451871,0.0024649160343733593,-0.0006981317007977319
-0.004571031121820929,-0.07203786877828228,0.009690172625451871,0.0024649160343733593,-0.0006981317007977319
-0.004571031121820929,-0.07203786877828228,0.009689742325529401,0.002466607473812383,-0.0006981317007977319
-0.0005456929941680166,0.5930210889225453,0.009689742325529401,0.002466607473812383,-0.0006981317007977319
-0.0005456929941680166,0.5930210889225453,0.007225581291783428,0.012156365303883523,0.003490658503988659
-0.0005456929941680166,0.5930210889225453,0.007225581291783428,0.012156365303883523,0.003490658503988659
0.01694665913219028,-1.189958016819755,0.012156024875825393,-0.007224411439084903,-0.005235987755982988
-0.004707052101384596,1.138594102105875,0.012156024875825393,-0.007224411439084903,-0.005235987755982988
-0.004707052101384596,1.138594102105875,0.009852481118604779,0.0024649160343733593,0.0033161255787892262
0.0004756825454494984,-1.1212153058545098,0.009852481118604779,0.0024649160343733593,0.0033161255787892262
0.0004756825454494984,-1.1212153058545098,0.012156024875825393,-0.007224411439084903,-0.005061454830783556
0.015163080693214582,1.0574459496718596,0.012156024875825393,-0.007224411439084903,-0.005061454830783556
0.015163080693214582,1.0574459496718596,0.009689742325529401,0.002466607473812383,0.002617993877991494
0.00311614359362779,-0.6535778694865433,0.009689742325529401,0.002466607473812383,0.002617993877991494
0.00311614359362779,-0.6535778694865433,0.009689742325529401,0.002466607473812383,-0.0020943951023931952
-0.009861358035404671,-0.07044223673597345,0.009689742325529401,0.002466607473812383,-0.0020943951023931952
-0.009861358035404671,-0.07044223673597345,0.009852050818682309,0.002466607473812383,-0.0024434609527920616
-0.01157722112301057,0.18015192942628785,0.009852050818682309,0.002466607473812383,-0.0024434609527920616
-0.009873902333291069,0.18015192942628785,0.009853768315070916,0.002466607473812383,-0.0010471975511965976
0.006033142521584251,0.20891859319767167,0.009853768315070916,0.002466607473812383,-0.0010471975511965976
0.004160614792047215,0.20891859319767167,0.009689742325529401,0.002466607473812383,0.00017453292519943296
-0.008326957142637158,0.709339744831215,0.009689742325529401,0.002466607473812383,0.00017453292519943296
-0.0068037269767085296,0.709339744831215,0.0073874927897876076,0.012157626386709669,0.005585053606381855
0.014603419107106696,-1.616021110009797,0.0073874927897876076,0.012157626386709669,0.005585053606381855
0.014603419107106696,-1.616021110009797,0.012155990250340603,-0.007224411439084903,-0.006283185307179586
0.014558057458191003,1.4563220274823006,0.012155990250340603,-0.007224411439084903,-0.006283185307179586
0.012701220741701125,1.4563220274823006,0.007061151282080503,0.012157626386709669,0.004014257279586958
-0.028233098152943562,-0.7962497615399758,0.007061151282080503,0.012157626386709669,0.004014257279586958
-0.028233098152943562,-0.7962497615399758,0.009852050818682309,0.002466607473812383,-0.0013962634015954637
0.023356161821632488,-0.053271210674311106,0.009852050818682309,0.002466607473812383,-0.0013962634015954637
0.023356161821632488,-0.053271210674311106,0.009689742325529401,0.002466607473812383,-0.0020943951023931952
-0.009815657391906795,1.6110131067172595,0.009689742325529401,0.002466607473812383,-0.0020943951023931952
-0.009815657391906795,1.6110131067172595,0.007225581291783428,0.012156365303883523,0.009773843811168246
-0.00917739756455732,-2.26589359192027,0.007225581291783428,0.012156365303883523,0.009773843811168246
-0.00917739756455732,-2.26589359192027,0.0024662825502959913,-0.009691018912897286,-0.006806784082777886
0.0014978213140397446,0.9483356093420006,0.0024662825502959913,-0.009691018912897286,-0.006806784082777886
0.0014978213140397446,0.9483356093420006,0.009689742325529401,0.002466607473812383,-0.0
0.00021314500626720245,-0.3258446105591962,0.009689742325529401,0.002466607473812383,-0.0
0.00021314500626720245,-0.3258446105591962,0.009689742325529401,0.002466607473812383,-0.0024434609527920616
-0.0139643764970849,0.8548139827402668,0.009689742325529401,0.002466607473812383,-0.0024434609527920616
-0.0139643764970849,0.8548139827402668,0.00722345977523341,0.012157626386709669,0.003839724354387525
-0.0139643764970849,0.8548139827402668,0.00722345977523341,0.012157626386709669,0.003839724354387525
-0.00129834823554401,-0.24950466578614228,0.009689742325529401,0.002466607473812383,0.0019198621771937625
0.016457001992708924,-0.7954665971984701,0.009689742325529401,0.002466607473812383,0.0019198621771937625
0.018139185269882167,-0.7954665971984701,0.009853768315070916,0.002466607473812383,-0.003839724354387525
0.018478957821173016,0.7352960709217163,0.009853768315070916,0.002466607473812383,-0.003839724354387525
0.016580413081627773,0.7352960709217163,0.009527433832376494,0.002466607473812383,0.0010471975511965976
-0.014678004528128213,-0.016875345794066125,0.009527433832376494,0.002466607473812383,0.0010471975511965976
-0.013223059099734674,-0.016875345794066125,0.009853768315070916,0.002466607473812383,0.0013962634015954637
-0.013223059099734674,-0.016875345794066125,0.009853768315070916,0.002466607473812383,0.0013962634015954637
0.011727844849271413,-0.29747485684207386,0.009689742325529401,0.002466607473812383,-0.0010471975511965976
0.004206127427699507,0.16976300552987691,0.009689742325529401,0.002466607473812383,-0.0010471975511965976
0.005864109916897786,0.16976300552987691,0.009689714725057296,0.002466607473812383,0.00017453292519943296
0.005864109916897786,0.16976300552987691,0.009689714725057296,0.002466607473812383,0.00017453292519943296
0.009489854257548802,0.14737087810246552,0.009689742325529401,0.002466607473812383,0.0010471975511965976
-0.005167819965339532,0.09662764455021235,0.009689742325529401,0.002466607473812383,0.0010471975511965976
-0.003610623614009434,0.09662764455021235,0.009853768315070916,0.002466607473812383,0.0020943951023931952
0.012243170034009826,-0.27069540728375185,0.009853768315070916,0.002466607473812383,0.0020943951023931952
0.01041095760508664,-0.27069540728375185,0.009689742325529401,0.002466607473812383,-0.00017453292519943296
0.017378321530432766,0.03746671766408367,0.009689742325529401,0.002466607473812383,-0.00017453292519943296
0.017378321530432766,0.03746671766408367,0.009689742325529401,0.002466607473812383,0.00017453292519943296
0.011565780636657929,-0.2670859216108378,0.009689742325529401,0.002466607473812383,0.00017453292519943296
0.01319537482950361,-0.2670859216108378,0.009853768315070916,0.002466607473812383,-0.0015707963267948964
0.0073910443557210544,-0.3826027655857214,0.009853768315070916,0.002466607473812383,-0.0015707963267948964
0.00561044572743621,-0.3826027655857214,0.012156024875825393,-0.007224411439084903,-0.004363323129985824
0.016885472444177273,1.0470596897172029,0.012156024875825393,-0.007224411439084903,-0.004363323129985824
0.01857226251933896,1.0470596897172029,0.007223439199773987,0.012157626386709669,0.0033161255787892262
0.001037525998742439,0.2924615256660276,0.007223439199773987,0.012157626386709669,0.0033161255787892262
0.001037525998742439,0.2924615256660276,0.007225560710281032,0.012156365303883523,0.0054105206811824215
-9.712763158825077e-05,-1.481718960338662,0.007225560710281032,0.012156365303883523,0.0054105206811824215
-9.712763158825077e-05,-1.481718960338662,0.012155990250340603,-0.007224411439084903,-0.005061454830783556
0.01922714284820906,0.5726321593587218,0.012155990250340603,-0.007224411439084903,-0.005061454830783556
0.01742701298621573,0.5726321593587218,0.009689742325529401,0.002466607473812383,-0.0010471975511965976
0.001481556984854987,0.3632100984366147,0.009689742325529401,0.002466607473812383,-0.0010471975511965976
0.001481556984854987,0.3632100984366147,0.009689742325529401,0.002466607473812383,0.0017453292519943296
-0.005174305390659145,0.1066196583923619,0.009689742325529401,0.002466607473812383,0.0017453292519943296
-0.0036171787688616674,0.1066196583923619,0.009853768315070916,0.002466607473812383,0.0027925268031909274
0.014137411659163195,-0.13161435331095284,0.009853768315070916,0.002466607473812383,0.0027925268031909274
0.014137411659163195,-0.13161435331095284,0.009690145023754088,0.0024649160343733593,0.0013962634015954637
-0.0010214481686760756,-0.32304492864533124,0.009690145023754088,0.0024649160343733593,0.0013962634015954637
-0.00271256009756055,-0.32304492864533124,0.009689742325529401,0.002466607473812383,-0.0008726646259971648
-0.0036693408122048356,-0.20992819258829692,0.009689742325529401,0.002466607473812383,-0.0008726646259971648
-0.0036693408122048356,-0.20992819258829692,0.009852050818682309,0.002466607473812383,-0.0022689280275926286
0.003904476202110203,0.4938974345513273,0.009852050818682309,0.002466607473812383,-0.0022689280275926286
0.005666732709133931,0.4938974345513273,0.009689714725057296,0.002466607473812383,0.0013962634015954637
-0.007185545894215095,0.33682489499079965,0.009689714725057296,0.002466607473812383,0.0013962634015954637
-0.008917461695325311,0.33682489499079965,0.007225581291783428,0.012156365303883523,0.003839724354387525
-0.013367890319826712,-1.0652509709365077,0.007225581291783428,0.012156365303883523,0.003839724354387525
-0.011683824319244963,-1.0652509709365077,0.012155990250340603,-0.007224411439084903,-0.004014257279586958
-0.011683824319244963,-1.0652509709365077,0.012155990250340603,-0.007224411439084903,-0.004014257279586958
0.0009456664249692714,-0.06805012064338731,0.012155990250340603,-0.007224411439084903,-0.00471238898038469
0.0009456664249692714,-0.06805012064338731,0.012155990250340603,-0.007224411439084903,-0.00471238898038469
-0.010693384095663745,0.9287538195954717,0.009689714725057296,0.002466607473812383,0.0020943951023931952
0.006840367645211348,0.20652647710508548,0.009689714725057296,0.002466607473812383,0.0020943951023931952
0.006840367645211348,0.20652647710508548,0.007223439199773987,0.012157626386709669,0.0033161255787892262
0.006840367645211348,0.20652647710508548,0.007223439199773987,0.012157626386709669,0.0033161255787892262
-0.001749332574800666,-0.7151309124652582,0.009689714725057296,0.002466607473812383,-0.0019198621771937625
0.007595370044624683,1.5350700719984671,0.009689714725057296,0.002466607473812383,-0.0019198621771937625
0.007595370044624683,1.5350700719984671,0.007225560710281032,0.012156365303883523,0.009250245035569947
0.0012338310209431603,-2.0088982499964922,0.007225560710281032,0.012156365303883523,0.009250245035569947
0.0012338310209431603,-2.0088982499964922,0.012154729337227147,-0.007226533235136804,-0.005585053606381855
0.007974846463858659,0.979907282910758,0.012154729337227147,-0.007226533235136804,-0.005585053606381855
0.007974846463858659,0.979907282910758,0.009690145023754088,0.0024649160343733593,0.0013962634015954637
0.002821556601196179,-0.6983408128073312,0.009690145023754088,0.0024649160343733593,0.0013962634015954637
0.002821556601196179,-0.6983408128073312,0.009689714725057296,0.002466607473812383,-0.003839724354387525
0.007228062858294609,0.8436232469100697,0.009689714725057296,0.002466607473812383,-0.003839724354387525
0.007228062858294609,0.8436232469100697,0.009853768315070916,0.002466607473812383,0.0022689280275926286
0.016019900693163204,-0.521697139267292,0.009853768315070916,0.002466607473812383,0.0022689280275926286
0.016019900693163204,-0.521697139267292,0.009689714725057296,0.002466607473812383,-0.0017453292519943296
-0.0066602798350763,0.2636895340111351,0.009689714725057296,0.002466607473812383,-0.0017453292519943296
-0.008291409489642331,0.2636895340111351,0.009689742325529401,0.002466607473812383,0.00017453292519943296
0.0023572191171181865,-0.23511201010431007,0.009689742325529401,0.002466607473812383,0.00017453292519943296
0.003995322646036165,-0.23511201010431007,0.009853768315070916,0.002466607473812383,-0.0015707963267948964
0.005496254980054632,0.503489874397461,0.009853768315070916,0.002466607473812383,-0.0015707963267948964
0.005496254980054632,0.503489874397461,0.009689714725057296,0.002466607473812383,0.0019198621771937625
-0.0006018308522905081,-0.46213397444339316,0.009689714725057296,0.002466607473812383,0.0019198621771937625
-0.0006018308522905081,-0.46213397444339316,0.009689714725057296,0.002466607473812383,-0.0013962634015954637
0.025351274488279896,0.4974882726319609,0.009689714725057296,0.002466607473812383,-0.0013962634015954637
0.023486000042136957,0.4974882726319609,0.009527433832376494,0.002466607473812383,0.0020943951023931952
-0.007733505015701209,-0.3146352271367188,0.009527433832376494,0.002466607473812383,0.0020943951023931952
-0.006311411503514363,-0.3146352271367188,0.009853768315070916,0.002466607473812383,0.00017453292519943296
0.008288640225807675,-0.2259351279047183,0.009853768315070916,0.002466607473812383,0.00017453292519943296
0.008288640225807675,-0.2259351279047183,0.009689714725057296,0.002466607473812383,-0.0015707963267948964
-0.0187059684711529,0.6289987322144942,0.009689714725057296,0.002466607473812383,-0.0015707963267948964
-0.0187059684711529,0.6289987322144942,0.007389614300294651,0.012156365303883523,0.003141592653589793
-0.00420893745332353,-0.9469504286982852,0.007389614300294651,0.012156365303883523,0.003141592653589793
-0.00420893745332353,-0.9469504286982852,0.009689714725057296,0.002466607473812383,-0.003839724354387525
-0.0011990725060414987,0.47151329894917904,0.009689714725057296,0.002466607473812383,-0.003839724354387525
-0.0011990725060414987,0.47151329894917904,0.009689714725057296,0.002466607473812383,-0.0005235987755982988
-0.0011990725060414987,0.47151329894917904,0.009689714725057296,0.002466607473812383,-0.0005235987755982988
-0.010240399551583063,-0.035269069319565007,0.009853768315070916,0.002466607473812383,-0.00034906585039886593
0.01739117505452953,0.3679969945635414,0.009853768315070916,0.002466607473812383,-0.00034906585039886593
0.01739117505452953,0.3679969945635414,0.009689714725057296,0.002466607473812383,0.0022689280275926286
0.016821380629976145,-0.0380714151751843,0.009689714725057296,0.002466607473812383,0.0022689280275926286
0.016821380629976145,-0.0380714151751843,0.009690145023754088,0.0024649160343733593,0.0022689280275926286
0.01928583332143341,-1.2686954055689037,0.009690145023754088,0.0024649160343733593,0.0022689280275926286
0.017485079147832084,-1.2686954055689037,0.012156024875825393,-0.007224411439084903,-0.007155849933176752
-0.0002439120544671214,1.0194864200503577,0.012156024875825393,-0.007224411439084903,-0.007155849933176752
-0.0002439120544671214,1.0194864200503577,0.009689742325529401,0.002466607473812383,0.0006981317007977319
0.007926520851217667,0.5538468536624701,0.009689742325529401,0.002466607473812383,0.0006981317007977319
0.007926520851217667,0.5538468536624701,0.00722345977523341,0.012157626386709669,0.004537856055185257
-0.0068871062456024425,-1.008487488026474,0.00722345977523341,0.012157626386709669,0.004537856055185257
-0.005348395193667782,-1.008487488026474,0.009853768315070916,0.002466607473812383,-0.0024434609527920616
0.009863211793435361,0.8544064169189879,0.009853768315070916,0.002466607473812383,-0.0024434609527920616
0.009863211793435361,0.8544064169189879,0.007223439199773987,0.012157626386709669,0.003839724354387525
0.0023297888785150656,-0.6995395347953786,0.007223439199773987,0.012157626386709669,0.003839724354387525
0.0023297888785150656,-0.6995395347953786,0.009853768315070916,0.002466607473812383,-0.0010471975511965976
0.015449514815175902,-0.1527917750997907,0.009853768315070916,0.002466607473812383,-0.0010471975511965976
0.015449514815175902,-0.1527917750997907,0.009689714725057296,0.002466607473812383,-0.0024434609527920616
0.019995080745643483,0.8803920463687871,0.009689714725057296,0.002466607473812383,-0.0024434609527920616
0.019995080745643483,0.8803920463687871,0.007225560710281032,0.012156365303883523,0.004014257279586958
0.0014315141491528793,-0.5816332386696631,0.007225560710281032,0.012156365303883523,0.004014257279586958
0.0014315141491528793,-0.5816332386696631,0.009853768315070916,0.002466607473812383,-0.00017453292519943296
0.004932249445236269,-0.13839645547620424,0.009853768315070916,0.002466607473812383,-0.00017453292519943296
0.004932249445236269,-0.13839645547620424,0.009689714725057296,0.002466607473812383,-0.0013962634015954637
0.004932249445236269,-0.13839645547620424,0.009689714725057296,0.002466607473812383,-0.0013962634015954637
0.01492938919152147,0.1661588477404716,0.009689742325529401,0.002466607473812383,-0.00034906585039886593
-0.004966728542393451,0.03707513549333094,0.009689742325529401,0.002466607473812383,-0.00034906585039886593
-0.0034073701106688836,0.03707513549333094,0.009853768315070916,0.002466607473812383,-0.0
0.009311550303204252,-0.03328984693176643,0.009853768315070916,0.002466607473812383,-0.0
0.0074040519684908405,-0.03519750160122875,0.009689742325529401,0.002466607473812383,-0.0006981317007977319
-0.02930228455300699,0.3506272742409855,0.009689742325529401,0.002466607473812383,-0.0006981317007977319
-0.02789806407829617,0.3520326823151895,0.009853768315070916,0.002466607473812383,0.0020943951023931952
0.025979934197740952,0.063028797642078,0.009853768315070916,0.002466607473812383,0.0020943951023931952
0.025979934197740952,0.063028797642078,0.009690145023754088,0.0024649160343733593,0.0019198621771937625
-0.0029878402001250193,-0.6024137504042394,0.009690145023754088,0.0024649160343733593,0.0019198621771937625
-0.0029878402001250193,-0.6024137504042394,0.009853768315070916,0.002466607473812383,-0.0022689280275926286
0.012662874756237013,0.09061538701769475,0.009853768315070916,0.002466607473812383,-0.0022689280275926286
0.012662874756237013,0.09061538701769475,0.009689714725057296,0.002466607473812383,-0.0019198621771937625
-0.009217358365423945,0.9079759718026497,0.009689714725057296,0.002466607473812383,-0.0019198621771937625
-0.009217358365423945,0.9079759718026497,0.007389614300294651,0.012156365303883523,0.00471238898038469
0.010289165750068973,-0.5456742429699948,0.007389614300294651,0.012156365303883523,0.00471238898038469
0.010289165750068973,-0.5456742429699948,0.009690145023754088,0.0024649160343733593,0.00034906585039886593
0.010289165750068973,-0.5456742429699948,0.009690145023754088,0.0024649160343733593,0.00034906585039886593
-0.01997814924461826,-0.18474970295579227,0.009854198613767708,0.0024649160343733593,-0.0008726646259971648
-0.008943530688943168,0.28685949789654325,0.009854198613767708,0.0024649160343733593,-0.0008726646259971648
-0.008943530688943168,0.28685949789654325,0.009690145023754088,0.0024649160343733593,0.0010471975511965976
-0.0009755620847103575,-0.39298902554037807,0.009690145023754088,0.0024649160343733593,0.0010471975511965976
-0.0009755620847103575,-0.39298902554037807,0.009689714725057296,0.002466607473812383,-0.0019198621771937625
0.007064096581146706,0.5930237528642998,0.009689714725057296,0.002466607473812383,-0.0019198621771937625
0.007064096581146706,0.5930237528642998,0.007225560710281032,0.012156365303883523,0.0024434609527920616
-0.002293585239220597,-0.8865934437658635,0.007225560710281032,0.012156365303883523,0.0024434609527920616
-0.002293585239220597,-0.8865934437658635,0.009853768315070916,0.002466607473812383,-0.004014257279586958
0.007102748650984625,0.8076456036181211,0.009853768315070916,0.002466607473812383,-0.004014257279586958
0.007102748650984625,0.8076456036181211,0.009689714725057296,0.002466607473812383,0.0017453292519943296
0.004033974715874083,-0.020490159350488805,0.009689714725057296,0.002466607473812383,0.0017453292519943296
0.004033974715874083,-0.020490159350488805,0.009690145023754088,0.0024649160343733593,0.0015707963267948964
0.0052870814782165765,0.0482605434400192,0.009690145023754088,0.0024649160343733593,0.0015707963267948964
0.0052870814782165765,0.0482605434400192,0.007225560710281032,0.012156365303883523,0.0020943951023931952
0.010204758705027794,0.060247763320493385,0.007225560710281032,0.012156365303883523,0.0020943951023931952
0.010204758705027794,0.060247763320493385,0.007225560710281032,0.012156365303883523,0.0027925268031909274
0.010204758705027794,0.060247763320493385,0.007225560710281032,0.012156365303883523,0.0027925268031909274
0.025935274723563793,-1.166774733225575,0.012154729337227147,-0.007226533235136804,-0.0054105206811824215
0.005897608253355386,0.09542892256216497,0.012154729337227147,-0.007226533235136804,-0.0054105206811824215
0.005897608253355386,0.09542892256216497,0.009853768315070916,0.002466607473812383,-0.0041887902047863905
0.0381119557353807,1.795248686181599,0.009853768315070916,0.002466607473812383,-0.0041887902047863905
0.0381119557353807,1.795248686181599,0.007225560710281032,0.012156365303883523,0.008726646259971648
-0.0033560010574140097,-2.0200863218849348,0.007225560710281032,0.012156365303883523,0.008726646259971648
-0.0033560010574140097,-2.0200863218849348,0.012155990250340603,-0.007224411439084903,-0.005585053606381855
0.0026645388051881047,1.2928669597525375,0.012155990250340603,-0.007224411439084903,-0.005585053606381855
0.0026645388051881047,1.2928669597525375,0.007389614300294651,0.012156365303883523,0.0041887902047863905
0.024617426380736877,-0.6595794712520434,0.007389614300294651,0.012156365303883523,0.0041887902047863905
0.024617426380736877,-0.6595794712520434,0.009690145023754088,0.0024649160343733593,-0.0006981317007977319
0.013207040014815324,-0.2383219217812083,0.009690145023754088,0.0024649160343733593,-0.0006981317007977319
0.013207040014815324,-0.2383219217812083,0.009690145023754088,0.0024649160343733593,-0.0024434609527920616
-0.004502168376836008,1.2053416070327951,0.009690145023754088,0.0024649160343733593,-0.0024434609527920616
-0.004502168376836008,1.2053416070327951,0.007389614300294651,0.012156365303883523,0.006806784082777886
-0.0022280336906981223,-0.986513582187359,0.007389614300294651,0.012156365303883523,0.006806784082777886
-0.0022280336906981223,-0.986513582187359,0.009854198613767708,0.0024649160343733593,-0.0005235987755982988
-0.0022280336906981223,-0.986513582187359,0.009854198613767708,0.0024649160343733593,-0.0005235987755982988
0.020793408216145816,-0.03968569480977367,0.009526091433740468,0.0024649160343733593,-0.0013962634015954637
-0.02917096741395796,-0.4373417390981327,0.009526091433740468,0.0024649160343733593,-0.0013962634015954637
-0.02917096741395796,-0.4373417390981327,0.012318782927240767,-0.007226533235136804,-0.0041887902047863905
-0.015434794703660697,0.6713562397339241,0.012318782927240767,-0.007226533235136804,-0.0041887902047863905
-0.015434794703660697,0.6713562397339241,0.009690145023754088,0.0024649160343733593,0.0005235987755982988
-0.003415370389913952,0.09581517684940903,0.009690145023754088,0.0024649160343733593,0.0005235987755982988
-0.003415370389913952,0.09581517684940903,0.009690145023754088,0.0024649160343733593,0.0008726646259971648
0.0012341369413890247,-0.2574988096482127,0.009690145023754088,0.0024649160343733593,0.0008726646259971648
0.0012341369413890247,-0.2574988096482127,0.009690145023754088,0.0024649160343733593,-0.0013962634015954637
-0.01444406894709151,0.13898781601139668,0.009690145023754088,0.0024649160343733593,-0.0013962634015954637
-0.014443673355965792,0.1373328894077832,0.009689714725057296,0.002466607473812383,-0.00034906585039886593
-0.008095466989671351,0.7474603104107682,0.009689714725057296,0.002466607473812383,-0.00034906585039886593
-0.008097609792557286,0.7492891526075327,0.007225560710281032,0.012156365303883523,0.00471238898038469
-0.006305622613779344,-0.5504531472716584,0.007225560710281032,0.012156365303883523,0.00471238898038469
-0.006305622613779344,-0.5504531472716584,0.009854198613767708,0.0024649160343733593,0.0008726646259971648
0.010184326975353824,-0.13560210144584797,0.009854198613767708,0.0024649160343733593,0.0008726646259971648
0.010184326975353824,-0.13560210144584797,0.009690145023754088,0.0024649160343733593,-0.0005235987755982988
0.014178997680707567,0.2357113624647656,0.009690145023754088,0.0024649160343733593,-0.0005235987755982988
0.014179670238944809,0.23407108325931347,0.009854198613767708,0.0024649160343733593,0.0012217304763960308
0.005061728638364915,-0.3157251656507274,0.009854198613767708,0.0024649160343733593,0.0012217304763960308
0.005062629980084815,-0.3138627185622307,0.009690145023754088,0.0024649160343733593,-0.0015707963267948964
0.008349804306067072,-0.38898529375495694,0.009690145023754088,0.0024649160343733593,-0.0015707963267948964
0.008349804306067072,-0.38898529375495694,0.009689714725057296,0.002466607473812383,-0.004363323129985824
5.4121662142697645e-05,1.0406638418391956,0.009689714725057296,0.002466607473812383,-0.004363323129985824
5.4121662142697645e-05,1.0406638418391956,0.007389614300294651,0.012156365303883523,0.003141592653589793
0.009305586601785881,-0.7982716069958439,0.007389614300294651,0.012156365303883523,0.003141592653589793
0.009305586601785881,-0.7982716069958439,0.009689714725057296,0.002466607473812383,-0.0029670597283903604
0.016467489673796402,1.001897172400399,0.009689714725057296,0.002466607473812383,-0.0029670597283903604
0.016467489673796402,1.001897172400399,0.007225560710281032,0.012156365303883523,0.004363323129985824
0.03627708344272727,-0.45973386652554393,0.007225560710281032,0.012156365303883523,0.004363323129985824
0.03627708344272727,-0.45973386652554393,0.009854198613767708,0.0024649160343733593,0.0010471975511965976
0.015575420475919722,-0.891787905714069,0.009854198613767708,0.0024649160343733593,0.0010471975511965976
0.015575420475919722,-0.891787905714069,0.009853768315070916,0.002466607473812383,-0.005235987755982988
0.023429498228087216,1.1977230616909513,0.009853768315070916,0.002466607473812383,-0.005235987755982988
0.023429498228087216,1.1977230616909513,0.007061507120267411,0.012156365303883523,0.003141592653589793
-0.00038448225952406045,0.9351549953569875,0.007061507120267411,0.012156365303883523,0.003141592653589793
-0.00038448225952406045,0.9351549953569875,0.004760976396807974,0.021847814573393687,0.010297442586766544
0.011981249372907898,-2.397388067852277,0.004760976396807974,0.021847814573393687,0.010297442586766544
0.011981249372907898,-2.397388067852277,0.012154729337227147,-0.007226533235136804,-0.006981317007977318
0.011981249372907898,-2.397388067852277,0.012154729337227147,-0.007226533235136804,-0.006981317007977318
-0.010102697596765015,0.005098560045048992,0.012320043840354223,-0.007224411439084903,-0.006457718232379019
0.007797944688689695,1.750091496748304,0.012320043840354223,-0.007224411439084903,-0.006457718232379019
0.007797944688689695,1.750091496748304,0.007225560710281032,0.012156365303883523,0.006283185307179586
0.020419458469121805,-1.2215403461555299,0.007225560710281032,0.012156365303883523,0.006283185307179586
0.018500271928390318,-1.2215403461555299,0.009527864132298964,0.0024649160343733593,-0.0027925268031909274
-0.010062291561898796,0.27009870159791416,0.009527864132298964,0.0024649160343733593,-0.0027925268031909274
-0.008665236530521514,0.27009870159791416,0.009854198613767708,0.0024649160343733593,-0.00034906585039886593
0.0001253309916376233,-0.045673976866502125,0.009854198613767708,0.0024649160343733593,-0.00034906585039886593
0.0001253309916376233,-0.045673976866502125,0.009690145023754088,0.0024649160343733593,-0.0005235987755982988
-0.0010810797187010169,0.29165704979048734,0.009690145023754088,0.0024649160343733593,-0.0005235987755982988
-0.0028779309153629785,0.29165704979048734,0.009690172625451871,0.0024649160343733593,0.0015707963267948964
-0.02285508075558468,0.17776780515896476,0.009690172625451871,0.0024649160343733593,0.0015707963267948964
-0.02138053574124884,0.17776780515896476,0.009854198613767708,0.0024649160343733593,0.003141592653589793
0.01074083627851936,-0.7103493442218403,0.009854198613767708,0.0024649160343733593,0.003141592653589793
0.01074083627851936,-0.7103493442218403,0.009690145023754088,0.0024649160343733593,-0.0022689280275926286
-0.011349161798413599,0.42675568351189985,0.009690145023754088,0.0024649160343733593,-0.0022689280275926286
-0.011349161798413599,0.42675568351189985,0.009690145023754088,0.0024649160343733593,0.0010471975511965976
-0.003231957162813509,-0.9345609708800408,0.009690145023754088,0.0024649160343733593,0.0010471975511965976
-0.003231957162813509,-0.9345609708800408,0.012155990250340603,-0.007224411439084903,-0.005759586531581287
-0.013302268708474696,1.1282025142677097,0.012155990250340603,-0.007224411439084903,-0.005759586531581287
-0.013302268708474696,1.1282025142677097,0.009854198613767708,0.0024649160343733593,0.002617993877991494
-0.0027262254594689838,-0.22712053018399395,0.009854198613767708,0.0024649160343733593,0.002617993877991494
-0.0027262254594689838,-0.22712053018399395,0.009854198613767708,0.0024649160343733593,0.0010471975511965976
0.014170187433424446,-0.18157442252170058,0.009854198613767708,0.0024649160343733593,0.0010471975511965976
0.014170187433424446,-0.18157442252170058,0.009526091433740468,0.0024649160343733593,-0.0006981317007977319
-0.0022205374590452964,0.23011999046229858,0.009526091433740468,0.0024649160343733593,-0.0006981317007977319
-0.0022205374590452964,0.23011999046229858,0.009690145023754088,0.0024649160343733593,0.0012217304763960308
0.0014839553879708867,-0.6615693494068594,0.009690145023754088,0.0024649160343733593,0.0012217304763960308
0.0014839553879708867,-0.6615693494068594,0.009853768315070916,0.002466607473812383,-0.003490658503988659
0.00945082849117762,0.7089295150681818,0.009853768315070916,0.002466607473812383,-0.003490658503988659
0.00945082849117762,0.7089295150681818,0.009854198613767708,0.0024649160343733593,0.0017453292519943296
0.023422680855709928,-0.2934844447654245,0.009854198613767708,0.0024649160343733593,0.0017453292519943296
0.023422680855709928,-0.2934844447654245,0.009525661135043675,0.002466607473812383,-0.0008726646259971648
-0.0014263789422018004,0.49791182210376583,0.009525661135043675,0.002466607473812383,-0.0008726646259971648
-0.0014263789422018004,0.49791182210376583,0.009854198613767708,0.0024649160343733593,0.0029670597283903604
0.02238159414107021,-0.2547017916761021,0.009854198613767708,0.0024649160343733593,0.0029670597283903604
0.02238159414107021,-0.2547017916761021,0.009854198613767708,0.0024649160343733593,0.0008726646259971648
0.016655969228435465,-0.23992288170702594,0.009854198613767708,0.0024649160343733593,0.0008726646259971648
0.016655969228435465,-0.23992288170702594,0.009690145023754088,0.0024649160343733593,-0.0012217304763960308
0.016655969228435465,-0.23992288170702594,0.009690145023754088,0.0024649160343733593,-0.0012217304763960308
0.002474089691106185,-0.4189639992231599,0.009689714725057296,0.002466607473812383,-0.0041887902047863905
0.002474089691106185,-0.4189639992231599,0.009689714725057296,0.002466607473812383,-0.0041887902047863905
0.011860912320489908,1.0190695435330932,0.007389614300294651,0.012156365303883523,0.003141592653589793
0.01435882736273184,-0.7477717334154933,0.007389614300294651,0.012156365303883523,0.003141592653589793
0.014360965783415202,-0.7459167577507556,0.009689714725057296,0.002466607473812383,-0.0027925268031909274
0.014360965783415202,-0.7459167577507556,0.009689714725057296,0.002466607473812383,-0.0027925268031909274
-0.0005680702983078267,0.9647314628874204,0.007389614300294651,0.012156365303883523,0.004537856055185257
0.019358114836491525,-0.3778078776335317,0.007389614300294651,0.012156365303883523,0.004537856055185257
0.019358114836491525,-0.3778078776335317,0.009690145023754088,0.0024649160343733593,0.0015707963267948964
0.019358114836491525,-0.3778078776335317,0.009690145023754088,0.0024649160343733593,0.0015707963267948964
0.02602062284540551,-0.5460711530242564,0.009690145023754088,0.0024649160343733593,-0.0024434609527920616
0.00797543791729255,0.20493350900453103,0.009690145023754088,0.0024649160343733593,-0.0024434609527920616
0.00797543791729255,0.20493350900453103,0.009690145023754088,0.0024649160343733593,-0.0008726646259971648
-0.009033901435402692,0.1277997441229541,0.009690145023754088,0.0024649160343733593,-0.0008726646259971648
-0.009033537808899534,0.12619364788082288,0.009854198613767708,0.0024649160343733593,0.00017453292519943296
-0.009033537808899534,0.12619364788082288,0.009854198613767708,0.0024649160343733593,0.00017453292519943296
-0.00019035681276376447,-0.3184636439670444,0.009689714725057296,0.002466607473812383,-0.0022689280275926286
-0.000265634974491602,0.8022410202745053,0.009689714725057296,0.002466607473812383,-0.0022689280275926286
-0.00207343550946709,0.8040467737122244,0.007063272798630521,0.012156365303883523,0.0033161255787892262
-0.02883645889785619,-1.1179920744688399,0.007063272798630521,0.012156365303883523,0.0033161255787892262
-0.027426224037696838,-1.1179920744688399,0.009853768315070916,0.002466607473812383,-0.004363323129985824
0.015606290781116843,0.6325735866446016,0.009853768315070916,0.002466607473812383,-0.004363323129985824
0.015606290781116843,0.6325735866446016,0.009689714725057296,0.002466607473812383,-0.0
-0.019438875501895242,0.6985565748222968,0.009689714725057296,0.002466607473812383,-0.0
-0.019438875501895242,0.6985565748222968,0.007553667890308272,0.012156365303883523,0.005585053606381855
0.04217536216319435,-0.5980530676908722,0.007553667890308272,0.012156365303883523,0.005585053606381855
0.04217536216319435,-0.5980530676908722,0.009526091433740468,0.0024649160343733593,0.00034906585039886593
-0.05816555388466679,-0.28784245786962503,0.009526091433740468,0.0024649160343733593,0.00034906585039886593
-0.05816555388466679,-0.28784245786962503,0.010018252203781329,0.0024649160343733593,-0.0008726646259971648
0.010857515050229577,-0.09085780571734048,0.010018252203781329,0.0024649160343733593,-0.0008726646259971648
0.010857515050229577,-0.09085780571734048,0.009689714725057296,0.002466607473812383,-0.0022689280275926286
-0.011577825953125032,1.0023020742799236,0.009689714725057296,0.002466607473812383,-0.0022689280275926286
-0.011577825953125032,1.0023020742799236,0.007225560710281032,0.012156365303883523,0.005061454830783556
0.005869767697870237,-0.8166546747543254,0.007225560710281032,0.012156365303883523,0.005061454830783556
0.005869767697870237,-0.8166546747543254,0.009690145023754088,0.0024649160343733593,-0.0008726646259971648
-0.02536137357470163,-0.23790370019291204,0.009690145023754088,0.0024649160343733593,-0.0008726646259971648
-0.02536137357470163,-0.23790370019291204,0.009854198613767708,0.0024649160343733593,-0.0022689280275926286
0.022912232448193487,1.212118381314538,0.009854198613767708,0.0024649160343733593,-0.0022689280275926286
0.022912232448193487,1.212118381314538,0.007225560710281032,0.012156365303883523,0.006283185307179586
0.022912232448193487,1.212118381314538,0.007225560710281032,0.012156365303883523,0.006283185307179586
0.028374447872412688,-1.1308050817588893,0.009690145023754088,0.0024649160343733593,-0.0020943951023931952
0.0037403504660740105,-0.1199974040671967,0.009690145023754088,0.0024649160343733593,-0.0020943951023931952
0.0037403504660740105,-0.1199974040671967,0.009854198613767708,0.0024649160343733593,-0.002617993877991494
0.014532428292215932,0.7213163089446718,0.009854198613767708,0.0024649160343733593,-0.002617993877991494
0.014532428292215932,0.7213163089446718,0.009854198613767708,0.0024649160343733593,0.002617993877991494
0.01931218504960494,-0.5580637007882391,0.009854198613767708,0.0024649160343733593,0.002617993877991494
0.01931218504960494,-0.5580637007882391,0.009690145023754088,0.0024649160343733593,-0.0013962634015954637
0.01980404017812773,-0.056465138700683294,0.009690145023754088,0.0024649160343733593,-0.0013962634015954637
0.01980404017812773,-0.056465138700683294,0.009526091433740468,0.0024649160343733593,-0.0019198621771937625
-0.014974313927927191,0.923966923468545,0.009526091433740468,0.0024649160343733593,-0.0019198621771937625
-0.014974313927927191,0.923966923468545,0.007225560710281032,0.012156365303883523,0.005061454830783556
-0.014974313927927191,0.923966923468545,0.007225560710281032,0.012156365303883523,0.005061454830783556
-0.016679353436245097,-0.4813081983686433,0.010018252203781329,0.0024649160343733593,0.0019198621771937625
0.015573296492251403,-0.5684659443934219,0.010018252203781329,0.0024649160343733593,0.0019198621771937625
0.015573296492251403,-0.5684659443934219,0.009690145023754088,0.0024649160343733593,-0.002617993877991494
0.014926547551388886,0.5978213047582438,0.009690145023754088,0.0024649160343733593,-0.002617993877991494
0.014926547551388886,0.5978213047582438,0.009690145023754088,0.0024649160343733593,0.0017453292519943296
0.011436623769658294,-0.5428772249978842,0.009690145023754088,0.0024649160343733593,0.0017453292519943296
0.011436623769658294,-0.5428772249978842,0.009690145023754088,0.0024649160343733593,-0.0024434609527920616
-0.008226676311775594,0.12540762803036795,0.009690145023754088,0.0024649160343733593,-0.0024434609527920616
-0.008226676311775594,0.12540762803036795,0.009854198613767708,0.0024649160343733593,-0.0012217304763960308
0.006052895391982655,0.6793423917707315,0.009854198613767708,0.0024649160343733593,-0.0012217304763960308
0.006052895391982655,0.6793423917707315,0.007225560710281032,0.012156365303883523,0.0033161255787892262
0.00044802240671146243,-0.3338307625960038,0.007225560710281032,0.012156365303883523,0.0033161255787892262
0.00044802240671146243,-0.3338307625960038,0.009854198613767708,0.0024649160343733593,0.0008726646259971648
-0.0031201699069585863,0.8971741542014511,0.009854198613767708,0.0024649160343733593,0.0008726646259971648
-0.0031201699069585863,0.8971741542014511,0.007225560710281032,0.012156365303883523,0.007155849933176752
0.0009184610258388237,-1.5049075718163503,0.007225560710281032,0.012156365303883523,0.007155849933176752
0.0009141494579514686,-1.5067259118828515,0.009690145023754088,0.0024649160343733593,-0.004014257279586958
0.006250312693255872,-0.44569575582144666,0.009690145023754088,0.0024649160343733593,-0.004014257279586958
0.006250312693255872,-0.44569575582144666,0.012154729337227147,-0.007226533235136804,-0.006981317007977318
0.003616974771258974,0.8674579756869799,0.012154729337227147,-0.007226533235136804,-0.006981317007977318
0.0036144885082510293,0.8691986465968359,0.009690145023754088,0.0024649160343733593,-0.0008726646259971648
-0.0009360563439134662,0.5478585716057418,0.009690145023754088,0.0024649160343733593,-0.0008726646259971648
-0.0009360563439134662,0.5478585716057418,0.007225560710281032,0.012156365303883523,0.003141592653589793
0.014839710602233496,-0.2243341679789007,0.007225560710281032,0.012156365303883523,0.003141592653589793
0.012979877840259718,-0.2243341679789007,0.009690172625451871,0.0024649160343733593,0.0012217304763960308
-0.01713667253286739,-0.23310082041545938,0.009690172625451871,0.0024649160343733593,0.0012217304763960308
-0.015708162035470125,-0.23310082041545938,0.009854198613767708,0.0024649160343733593,-0.00017453292519943296
-0.015708162035470125,-0.23310082041545938,0.009854198613767708,0.0024649160343733593,-0.00017453292519943296
0.018419786615819424,-0.17557548469795478,0.009690145023754088,0.0024649160343733593,-0.0017453292519943296
0.003496320909227224,0.04825521555651053,0.009690145023754088,0.0024649160343733593,-0.0017453292519943296
0.003496320909227224,0.04825521555651053,0.009690145023754088,0.0024649160343733593,-0.0013962634015954637
0.003149532858412768,0.053058095333963246,0.009690145023754088,0.0024649160343733593,-0.0013962634015954637
0.003149532858412768,0.053058095333963246,0.009690145023754088,0.0024649160343733593,-0.0008726646259971648
0.012768479796069432,-0.09363084821366201,0.009690145023754088,0.0024649160343733593,-0.0008726646259971648
0.012768479796069432,-0.09363084821366201,0.009690145023754088,0.0024649160343733593,-0.0017453292519943296
-0.0025875387249295057,1.2900726057221812,0.009690145023754088,0.0024649160343733593,-0.0017453292519943296
-0.0025875387249295057,1.2900726057221812,0.007389614300294651,0.012156365303883523,0.007853981633974483
0.010183517007315773,-0.6116279277883921,0.007389614300294651,0.012156365303883523,0.007853981633974483
0.010183517007315773,-0.6116279277883921,0.007225560710281032,0.012156365303883523,0.003141592653589793
-0.014358391589340902,-1.5164818979920371,0.007225560710281032,0.012156365303883523,0.003141592653589793
-0.014358391589340902,-1.5164818979920371,0.012318782927240767,-0.007226533235136804,-0.00767944870877505
0.031855823624385216,1.093807183309298,0.012318782927240767,-0.007226533235136804,-0.00767944870877505
0.031855823624385216,1.093807183309298,0.009690145023754088,0.0024649160343733593,-0.0
-0.0023582394138633167,0.18975236109768462,0.009690145023754088,0.0024649160343733593,-0.0
-0.0023582394138633167,0.18975236109768462,0.009690145023754088,0.0024649160343733593,0.0017453292519943296
0.002289822793046853,-0.11481359788600855,0.009690145023754088,0.0024649160343733593,0.0017453292519943296
0.002289822793046853,-0.11481359788600855,0.009690145023754088,0.0024649160343733593,0.0008726646259971648
0.00184389745141062,-0.43615633681885707,0.009690145023754088,0.0024649160343733593,0.0008726646259971648
0.00184389745141062,-0.43615633681885707,0.009690145023754088,0.0024649160343733593,-0.0022689280275926286
-0.005499624099940837,0.7469023643984553,0.009690145023754088,0.0024649160343733593,-0.0022689280275926286
-0.005499624099940837,0.7469023643984553,0.007389614300294651,0.012156365303883523,0.0033161255787892262
-0.0024647855304962994,-0.8526269901627654,0.007389614300294651,0.012156365303883523,0.0033161255787892262
-0.0024647855304962994,-0.8526269901627654,0.009690145023754088,0.0024649160343733593,-0.0029670597283903604
-0.005119425118510457,0.16736556155378204,0.009690145023754088,0.0024649160343733593,-0.0029670597283903604
-0.005119425118510457,0.16736556155378204,0.009854198613767708,0.0024649160343733593,-0.0017453292519943296
0.016157733756743765,0.2692702502465847,0.009854198613767708,0.0024649160343733593,-0.0017453292519943296
0.014283880709879593,0.2692702502465847,0.009690172625451871,0.0024649160343733593,-0.0
-0.014843634774153852,-0.903372887656773,0.009690172625451871,0.0024649160343733593,-0.0
-0.013282952867284642,-0.903372887656773,0.012155990250340603,-0.007224411439084903,-0.006457718232379019
0.0004083185387682764,1.7520946946118918,0.012155990250340603,-0.007224411439084903,-0.006457718232379019
0.0004083185387682764,1.7520946946118918,0.007225560710281032,0.012156365303883523,0.006283185307179586
0.010774378317897853,-0.5344835071397979,0.007225560710281032,0.012156365303883523,0.006283185307179586
0.00895778995311502,-0.5344835071397979,0.009690172625451871,0.0024649160343733593,0.0020943951023931952
0.010754843043479605,-0.5192837116406711,0.009690172625451871,0.0024649160343733593,0.0020943951023931952
0.010754843043479605,-0.5192837116406711,0.009690172625451871,0.0024649160343733593,-0.0015707963267948964
0.007920035425898026,0.5638388675046196,0.009690172625451871,0.0024649160343733593,-0.0015707963267948964
0.007920035425898026,0.5638388675046196,0.009690172625451871,0.0024649160343733593,0.0024434609527920616
-0.014136550462164171,-0.9917027162520557,0.009690172625451871,0.0024649160343733593,0.0024434609527920616
-0.014136550462164171,-0.9917027162520557,0.009852481118604779,0.0024649160343733593,-0.004537856055185257
0.007612056671441064,1.1789537396452259,0.009852481118604779,0.0024649160343733593,-0.004537856055185257
0.009306658787348987,1.1789537396452259,0.007389614300294651,0.012156365303883523,0.004014257279586958
0.010459643479148245,-0.5552666828161285,0.007389614300294651,0.012156365303883523,0.004014257279586958
0.010459643479148245,-0.5552666828161285,0.009690145023754088,0.0024649160343733593,-0.00034906585039886593
-0.005185107775795445,-0.4833140601739853,0.009690145023754088,0.0024649160343733593,-0.00034906585039886593
-0.005185107775795445,-0.4833140601739853,0.009689714725057296,0.002466607473812383,-0.003665191429188092
0.016833986892088426,1.2173181711462522,0.009689714725057296,0.002466607473812383,-0.003665191429188092
0.016833986892088426,1.2173181711462522,0.007225560710281032,0.012156365303883523,0.005061454830783556
0.02200117664503564,-0.9261645890802002,0.007225560710281032,0.012156365303883523,0.005061454830783556
0.02200117664503564,-0.9261645890802002,0.009690145023754088,0.0024649160343733593,-0.0017453292519943296
0.021043314068569352,0.056643605531088104,0.009690145023754088,0.0024649160343733593,-0.0017453292519943296
0.019223864942091124,0.056643605531088104,0.009527864132298964,0.0024649160343733593,-0.0013962634015954637
-0.018492429090932832,0.10383063224551428,0.009527864132298964,0.0024649160343733593,-0.0013962634015954637
-0.017078495320035886,0.10383063224551428,0.009854198613767708,0.0024649160343733593,-0.00017453292519943296
0.01282688473630581,0.5914148011132191,0.009854198613767708,0.0024649160343733593,-0.00017453292519943296
0.01282688473630581,0.5914148011132191,0.007225560710281032,0.012156365303883523,0.003839724354387525
0.007076265814050608,-0.6535858613118063,0.007225560710281032,0.012156365303883523,0.003839724354387525
0.007076265814050608,-0.6535858613118063,0.009690145023754088,0.0024649160343733593,-0.0010471975511965976
-0.005001476034090813,-0.2626906076546639,0.009690145023754088,0.0024649160343733593,-0.0010471975511965976
-0.005001476034090813,-0.2626906076546639,0.009690145023754088,0.0024649160343733593,-0.0029670597283903604
0.015469311388495199,0.5678319435230235,0.009690145023754088,0.0024649160343733593,-0.0029670597283903604
0.013602781337205683,0.5678319435230235,0.009527864132298964,0.0024649160343733593,0.0008726646259971648
-0.01626732287377509,0.17936876508478236,0.009527864132298964,0.0024649160343733593,0.0008726646259971648
-0.014829465364823019,0.17936876508478236,0.009854198613767708,0.0024649160343733593,0.002617993877991494
0.02898366063192126,-0.28428891497355224,0.009854198613767708,0.0024649160343733593,0.002617993877991494
0.027079747191924925,-0.28428891497355224,0.009690172625451871,0.0024649160343733593,0.00017453292519943296
-0.006929210744294483,-0.33343385254174224,0.009690172625451871,0.0024649160343733593,0.00017453292519943296
-0.006929210744294483,-0.33343385254174224,0.009690172625451871,0.0024649160343733593,-0.0020943951023931952
-0.018297937751721196,0.02348162780353042,0.009690172625451871,0.0024649160343733593,-0.0020943951023931952
-0.016666878282895387,0.02348162780353042,0.009854198613767708,0.0024649160343733593,-0.0019198621771937625
0.012689182781487734,0.5510471717486052,0.009854198613767708,0.0024649160343733593,-0.0019198621771937625
0.012689182781487734,0.5510471717486052,0.009690145023754088,0.0024649160343733593,0.0017453292519943296
-0.004188505723649533,-0.7511005639319439,0.009690145023754088,0.0024649160343733593,0.0017453292519943296
-0.004188505723649533,-0.7511005639319439,0.009689714725057296,0.002466607473812383,-0.003490658503988659
-0.010410658766058173,1.22532297077534,0.009689714725057296,0.002466607473812383,-0.003490658503988659
-0.010410658766058173,1.22532297077534,0.007389614300294651,0.012156365303883523,0.005759586531581287
0.013442390433141532,-0.07326056624211892,0.007389614300294651,0.012156365303883523,0.005759586531581287
0.013442390433141532,-0.07326056624211892,0.007225560710281032,0.012156365303883523,0.00471238898038469
0.013442390433141532,-0.07326056624211892,0.007225560710281032,0.012156365303883523,0.00471238898038469
-0.002922419760365058,-1.4529336489749975,0.012154729337227147,-0.007226533235136804,-0.005585053606381855
0.0013457056826397585,0.32323671518450786,0.012154729337227147,-0.007226533235136804,-0.005585053606381855
0.0013457056826397585,0.32323671518450786,0.009689714725057296,0.002466607473812383,-0.0033161255787892262
0.00966655714786791,1.154166832183474,0.009689714725057296,0.002466607473812383,-0.0033161255787892262
0.007861753074095668,1.154166832183474,0.007225581291783428,0.012156365303883523,0.004886921905584123
0.007861753074095668,1.154166832183474,0.007225581291783428,0.012156365303883523,0.004886921905584123
-0.008162022137132846,-0.9509381768331803,0.009690145023754088,0.0024649160343733593,-0.0017453292519943296
0.012407858873354133,-0.04446992699494596,0.009690145023754088,0.0024649160343733593,-0.0017453292519943296
0.012407858873354133,-0.04446992699494596,0.009690145023754088,0.0024649160343733593,-0.0020943951023931952
0.005299644037408019,1.0534502097117013,0.009690145023754088,0.0024649160343733593,-0.0020943951023931952
0.0035412923842102996,1.0534502097117013,0.007225581291783428,0.012156365303883523,0.005585053606381855
-0.009504789356936,-1.3706027582034608,0.007225581291783428,0.012156365303883523,0.005585053606381855
-0.007886705633338426,-1.3706027582034608,0.009690145023754088,0.0024649160343733593,-0.0041887902047863905
0.01021072240644622,0.8252295233845709,0.009690145023754088,0.0024649160343733593,-0.0041887902047863905
0.008400129851700322,0.8252295233845709,0.009690172625451871,0.0024649160343733593,0.0015707963267948964
0.002727018074449322,-0.05405703895757097,0.009690172625451871,0.0024649160343733593,0.0015707963267948964
0.002727018074449322,-0.05405703895757097,0.009690172625451871,0.0024649160343733593,0.0012217304763960308
-0.0009091362402911296,-0.348625656215606,0.009690172625451871,0.0024649160343733593,0.0012217304763960308
0.0008013656123781243,-0.348625656215606,0.009690145023754088,0.0024649160343733593,-0.0010471975511965976
0.0075224533732118955,1.1689563979195676,0.009690145023754088,0.0024649160343733593,-0.0010471975511965976
0.005740456900089448,1.1689563979195676,0.007225581291783428,0.012156365303883523,0.007330382858376184
-0.0011461212205296333,-1.8450222967366787,0.007225581291783428,0.012156365303883523,0.007330382858376184
0.00045431534403866936,-1.8450222967366787,0.012318782927240767,-0.007226533235136804,-0.005934119456780721
0.009876278400219018,0.5842224691849346,0.012318782927240767,-0.007226533235136804,-0.005934119456780721
0.008069243446287006,0.5842224691849346,0.009690172625451871,0.0024649160343733593,-0.0019198621771937625
-0.00432133471916638,-0.09682477624003415,0.009690172625451871,0.0024649160343733593,-0.0019198621771937625
-0.00432133471916638,-0.09682477624003415,0.009690172625451871,0.0024649160343733593,-0.0024434609527920616
-0.0035135608904218575,0.300863235349377,0.009690172625451871,0.0024649160343733593,-0.0024434609527920616
-0.001938578394556939,0.300863235349377,0.009853768315070916,0.002466607473812383,-0.00017453292519943296
0.030629528934885603,0.21011465124396475,0.009853768315070916,0.002466607473812383,-0.00017453292519943296
0.02870810780360124,0.21011465124396475,0.009690172625451871,0.0024649160343733593,0.0010471975511965976
0.0018058714888742778,0.11380932637889203,0.009690172625451871,0.0024649160343733593,0.0010471975511965976
0.0018058714888742778,0.11380932637889203,0.009690172625451871,0.0024649160343733593,0.0019198621771937625
0.0036837987890936076,-0.1671737750146055,0.009690172625451871,0.0024649160343733593,0.0019198621771937625
0.0036837987890936076,-0.1671737750146055,0.009690172625451871,0.0024649160343733593,0.0006981317007977319
-0.011171803092307009,-0.30385472106955513,0.009690172625451871,0.0024649160343733593,0.0006981317007977319
-0.011171803092307009,-0.30385472106955513,0.009690172625451871,0.0024649160343733593,-0.0013962634015954637
0.007310232493702991,0.5022884884676593,0.009690172625451871,0.0024649160343733593,-0.0013962634015954637
0.007310232493702991,0.5022884884676593,0.009690172625451871,0.0024649160343733593,0.0019198621771937625
0.007310232493702991,0.5022884884676593,0.009690172625451871,0.0024649160343733593,0.0019198621771937625
-0.013322196390556451,-0.34302096450436736,0.009854198613767708,0.0024649160343733593,-0.00034906585039886593
-0.013322196390556451,-0.34302096450436736,0.009854198613767708,0.0024649160343733593,-0.00034906585039886593
0.014280559048993781,0.13377204252915634,0.009527864132298964,0.0024649160343733593,0.00034906585039886593
0.00376826721470087,-0.01608152568554323,0.009527864132298964,0.0024649160343733593,0.00034906585039886593
0.00376826721470087,-0.01608152568554323,0.009690172625451871,0.0024649160343733593,0.00034906585039886593
0.01726149739860484,-0.28307687327673314,0.009690172625451871,0.0024649160343733593,0.00034906585039886593
0.01726149739860484,-0.28307687327673314,0.009690172625451871,0.0024649160343733593,-0.0017453292519943296
-0.009845136944257147,0.26448335411965807,0.009690172625451871,0.0024649160343733593,-0.0017453292519943296
-0.009845136944257147,0.26448335411965807,0.009690172625451871,0.0024649160343733593,0.00017453292519943296
-0.0094720163260402,0.5810365329838255,0.009690172625451871,0.0024649160343733593,0.00017453292519943296
-0.0078535802357105,0.5810365329838255,0.007389614300294651,0.012156365303883523,0.004537856055185257
0.0044068522773349885,-0.8158608546458025,0.007389614300294651,0.012156365303883523,0.004537856055185257
0.0044068522773349885,-0.8158608546458025,0.009690145023754088,0.0024649160343733593,-0.0019198621771937625
-0.0024506467381495366,0.854414408744251,0.009690145023754088,0.0024649160343733593,-0.0019198621771937625
-0.0024506467381495366,0.854414408744251,0.007225560710281032,0.012156365303883523,0.004363323129985824
-0.006648154305093262,-1.2331200002147251,0.007225560710281032,0.012156365303883523,0.004363323129985824
-0.008385786533226329,-1.2331200002147251,0.009690172625451871,0.0024649160343733593,-0.004537856055185257
-0.005664206902666867,-0.2802771913628681,0.009690172625451871,0.0024649160343733593,-0.004537856055185257
-0.004004830279024091,-0.2802771913628681,0.012155990250340603,-0.007224411439084903,-0.0066322511575784525
0.008021498812941674,1.1357890923085012,0.012155990250340603,-0.007224411439084903,-0.0066322511575784525
0.008021498812941674,1.1357890923085012,0.009689714725057296,0.002466607473812383,0.0017453292519943296
0.010000870045332571,0.6445741262338476,0.009689714725057296,0.002466607473812383,0.0017453292519943296
0.010000870045332571,0.6445741262338476,0.007225560710281032,0.012156365303883523,0.006108652381980154
0.010000870045332571,0.6445741262338476,0.007225560710281032,0.012156365303883523,0.006108652381980154
-0.00325115306535118,-1.2451072200951994,0.009690172625451871,0.0024649160343733593,-0.0027925268031909274
0.009973140630125266,-0.2063400184494176,0.009690172625451871,0.0024649160343733593,-0.0027925268031909274
0.009973140630125266,-0.2063400184494176,0.009689742325529401,0.002466607473812383,-0.004363323129985824
-0.017230703672153767,0.27168900575671434,0.009689742325529401,0.002466607473812383,-0.004363323129985824
-0.01569568688212033,0.27168900575671434,0.009853768315070916,0.002466607473812383,-0.0022689280275926286
0.011744343108884208,1.0134714985760858,0.009853768315070916,0.002466607473812383,-0.0022689280275926286
0.011744343108884208,1.0134714985760858,0.007225560710281032,0.012156365303883523,0.00471238898038469
-0.017086714113885116,-1.088428926647179,0.007225560710281032,0.012156365303883523,0.00471238898038469
-0.017086714113885116,-1.088428926647179,0.009689714725057296,0.002466607473812383,-0.0029670597283903604
0.007949435812487748,1.4959011646219005,0.009689714725057296,0.002466607473812383,-0.0029670597283903604
0.007949435812487748,1.4959011646219005,0.007225560710281032,0.012156365303883523,0.007853981633974483
0.014564810740189615,-1.580443040713864,0.007225560710281032,0.012156365303883523,0.007853981633974483
0.014564810740189615,-1.580443040713864,0.009690145023754088,0.0024649160343733593,-0.003665191429188092
0.007955772452735821,0.23490955053097964,0.009690145023754088,0.0024649160343733593,-0.003665191429188092
0.007955772452735821,0.23490955053097964,0.009690145023754088,0.0024649160343733593,-0.0017453292519943296
-0.0004901747051981265,0.619001390488836,0.009690145023754088,0.0024649160343733593,-0.0017453292519943296
-0.0004901747051981265,0.619001390488836,0.009690145023754088,0.0024649160343733593,0.0027925268031909274
0.01723372022931305,-0.14279443337413253,0.009690145023754088,0.0024649160343733593,0.0027925268031909274
0.01723372022931305,-0.14279443337413253,0.009690145023754088,0.0024649160343733593,0.0015707963267948964
-0.012948508861057468,-0.6623658334571367,0.009690145023754088,0.0024649160343733593,0.0015707963267948964
-0.012948508861057468,-0.6623658334571367,0.009854198613767708,0.0024649160343733593,-0.0029670597283903604
0.018504368472543924,0.219302189210574,0.009854198613767708,0.0024649160343733593,-0.0029670597283903604
0.016499179840831855,0.219302189210574,0.009527433832376494,0.002466607473812383,-0.0017453292519943296
-0.013789241831114196,0.11541827812997271,0.009527433832376494,0.002466607473812383,-0.0017453292519943296
-0.01232474066745165,0.11541827812997271,0.009853768315070916,0.002466607473812383,-0.0005235987755982988
0.03307606720662478,0.7121181152110452,0.009853768315070916,0.002466607473812383,-0.0005235987755982988
0.03123499496045982,0.7121181152110452,0.007225581291783428,0.012156365303883523,0.004363323129985824
-0.001353481878609325,-0.5244781735888765,0.007225581291783428,0.012156365303883523,0.004363323129985824
-0.001353481878609325,-0.5244781735888765,0.009690172625451871,0.0024649160343733593,0.0008726646259971648
0.007128510870641448,0.031465115898583564,0.009690172625451871,0.0024649160343733593,0.0008726646259971648
0.007128510870641448,0.031465115898583564,0.009690172625451871,0.0024649160343733593,0.0008726646259971648
-0.006608060004709049,-0.43734440303988703,0.009690172625451871,0.0024649160343733593,0.0008726646259971648
-0.005066348723337721,-0.43734440303988703,0.009854198613767708,0.0024649160343733593,-0.0020943951023931952
0.010420399955876463,0.005085240336277178,0.009854198613767708,0.0024649160343733593,-0.0020943951023931952
0.010420399955876463,0.005085240336277178,0.009690145023754088,0.0024649160343733593,-0.0022689280275926286
0.021829428603246888,0.13297555847887912,0.009690145023754088,0.0024649160343733593,-0.0022689280275926286
0.019895243704633966,0.13297555847887912,0.009527433832376494,0.002466607473812383,-0.0015707963267948964
-0.01346809109152879,0.011507727631827992,0.009527433832376494,0.002466607473812383,-0.0015707963267948964
-0.012107654292210229,0.011507727631827992,0.009853768315070916,0.002466607473812383,-0.0008726646259971648
0.019279496681185393,-0.0077037914779829395,0.009853768315070916,0.002466607473812383,-0.0008726646259971648
0.019279496681185393,-0.0077037914779829395,0.009689714725057296,0.002466607473812383,-0.0012217304763960308
0.019279496681185393,-0.0077037914779829395,0.009689714725057296,0.002466607473812383,-0.0012217304763960308
0.014138987892318516,0.5702373793243812,0.009689714725057296,0.002466607473812383,0.0027925268031909274
-0.014555637688342216,-0.4417477088213239,0.009689714725057296,0.002466607473812383,0.0027925268031909274
-0.014555637688342216,-0.4417477088213239,0.009853768315070916,0.002466607473812383,-0.00034906585039886593
0.0047742905724275754,0.6261857305918574,0.009853768315070916,0.002466607473812383,-0.00034906585039886593
0.0047742905724275754,0.6261857305918574,0.007225560710281032,0.012156365303883523,0.003839724354387525
-0.0009428737162907541,-0.9433489348506342,0.007225560710281032,0.012156365303883523,0.003839724354387525
-0.0009428737162907541,-0.9433489348506342,0.009689714725057296,0.002466607473812383,-0.003141592653589793
-0.0005680265953870167,1.2149313829371746,0.009689714725057296,0.002466607473812383,-0.003141592653589793
-0.0005680265953870167,1.2149313829371746,0.007225560710281032,0.012156365303883523,0.005934119456780721
-0.002740999408170447,-1.4093880752345376,0.007225560710281032,0.012156365303883523,0.005934119456780721
-0.002740999408170447,-1.4093880752345376,0.009526091433740468,0.0024649160343733593,-0.004537856055185257
-0.02385967497556592,0.726524090601649,0.009526091433740468,0.0024649160343733593,-0.004537856055185257
-0.02385967497556592,0.726524090601649,0.009690145023754088,0.0024649160343733593,0.0008726646259971648
-0.02385967497556592,0.726524090601649,0.009690145023754088,0.0024649160343733593,0.0008726646259971648
0.004630581213270318,-0.4293635788865883,0.009689714725057296,0.002466607473812383,-0.0024434609527920616
-0.001231979389065263,-0.2291263919893361,0.009689714725057296,0.002466607473812383,-0.0024434609527920616
-0.001231979389065263,-0.2291263919893361,0.009689714725057296,0.002466607473812383,-0.0041887902047863905
-0.014181600535476502,1.2405067826239407,0.009689714725057296,0.002466607473812383,-0.0041887902047863905
-0.015839096794833137,1.2405067826239407,0.00722345977523341,0.012157626386709669,0.004886921905584123
-0.007007122324204561,-0.7139295265354564,0.00722345977523341,0.012157626386709669,0.004886921905584123
-0.005362184362647815,-0.7139295265354564,0.009689714725057296,0.002466607473812383,-0.00017453292519943296
0.009725291324013124,-0.43696081269439724,0.009689714725057296,0.002466607473812383,-0.00017453292519943296
0.007919862473749257,-0.43696081269439724,0.009689742325529401,0.002466607473812383,-0.003665191429188092
-0.020415696074655574,1.4247690015058236,0.009689742325529401,0.002466607473812383,-0.003665191429188092
-0.01891492345838674,1.4247690015058236,0.007389614300294651,0.012156365303883523,0.007155849933176752
0.011088938344964055,-1.514500011662484,0.007389614300294651,0.012156365303883523,0.007155849933176752
0.011088938344964055,-1.514500011662484,0.009689714725057296,0.002466607473812383,-0.004014257279586958
0.018276426880028868,0.7704745662216335,0.009689714725057296,0.002466607473812383,-0.004014257279586958
0.018276426880028868,0.7704745662216335,0.009690145023754088,0.0024649160343733593,0.0013962634015954637
0.01737874360410057,0.11340708844112192,0.009690145023754088,0.0024649160343733593,0.0013962634015954637
0.01737874360410057,0.11340708844112192,0.009690145023754088,0.0024649160343733593,0.0022689280275926286
0.00587708911783974,-0.6008207823036849,0.009690145023754088,0.0024649160343733593,0.0022689280275926286
0.00587708911783974,-0.6008207823036849,0.009690145023754088,0.0024649160343733593,-0.0017453292519943296
0.012630865247093032,0.36640136252123245,0.009690145023754088,0.0024649160343733593,-0.0017453292519943296
0.012630865247093032,0.36640136252123245,0.009690145023754088,0.0024649160343733593,0.0008726646259971648
0.024368330496351474,-0.27988294525036106,0.009690145023754088,0.0024649160343733593,0.0008726646259971648
0.024368330496351474,-0.27988294525036106,0.009690145023754088,0.0024649160343733593,-0.0013962634015954637
0.019515569661707977,0.1329835503041421,0.009690145023754088,0.0024649160343733593,-0.0013962634015954637
0.019515569661707977,0.1329835503041421,0.009525661135043675,0.002466607473812383,-0.0005235987755982988
-0.00039767997507020314,0.4547391829417782,0.009525661135043675,0.002466607473812383,-0.0005235987755982988
-0.00039767997507020314,0.4547391829417782,0.009690145023754088,0.0024649160343733593,0.003141592653589793
0.006991683957326134,-1.048463535220335,0.009690145023754088,0.0024649160343733593,0.003141592653589793
0.006991683957326134,-1.048463535220335,0.012155990250340603,-0.007224411439084903,-0.004537856055185257
0.03514155282597469,1.0674326356305004,0.012155990250340603,-0.007224411439084903,-0.004537856055185257
0.03514155282597469,1.0674326356305004,0.009526091433740468,0.0024649160343733593,0.0029670597283903604
0.001746971550098808,-0.5852240767502968,0.009526091433740468,0.0024649160343733593,0.0029670597283903604
0.001746971550098808,-0.5852240767502968,0.009854198613767708,0.0024649160343733593,-0.0008726646259971648
0.007443616703301575,0.2880608838263451,0.009854198613767708,0.0024649160343733593,-0.0008726646259971648
0.007443616703301575,0.2880608838263451,0.009690145023754088,0.0024649160343733593,0.0010471975511965976
0.007443616703301575,0.2880608838263451,0.009690145023754088,0.0024649160343733593,0.0010471975511965976
0.0047421499545210796,0.15137194594613237,0.009690145023754088,0.0024649160343733593,0.0020943951023931952
0.0012407795020829338,0.23290901660914623,0.009690145023754088,0.0024649160343733593,0.0020943951023931952
0.0012407795020829338,0.23290901660914623,0.007225560710281032,0.012156365303883523,0.003665191429188092
0.0012407795020829338,0.23290901660914623,0.007225560710281032,0.012156365303883523,0.003665191429188092
-0.004569689484801342,-1.6483892676288316,0.012155990250340603,-0.007224411439084903,-0.008377580409572781
-0.014869256638607853,1.7648943821931693,0.012155990250340603,-0.007224411439084903,-0.008377580409572781
-0.014869256638607853,1.7648943821931693,0.007389614300294651,0.012156365303883523,0.00471238898038469
0.007717992130295348,-1.3582292840357426,0.007389614300294651,0.012156365303883523,0.00471238898038469
0.007717992130295348,-1.3582292840357426,0.012155990250340603,-0.007224411439084903,-0.005585053606381855
0.0033463186127427325,0.5038974402187398,0.012155990250340603,-0.007224411439084903,-0.005585053606381855
0.0033463186127427325,0.5038974402187398,0.009689714725057296,0.002466607473812383,-0.0019198621771937625
-0.010975386863072912,0.607810654658639,0.009689714725057296,0.002466607473812383,-0.0019198621771937625
-0.010975386863072912,0.607810654658639,0.009689714725057296,0.002466607473812383,0.0024434609527920616
-0.0072905594806135674,-0.25390264368407045,0.009689714725057296,0.002466607473812383,0.0024434609527920616
-0.0072905594806135674,-0.25390264368407045,0.009689714725057296,0.002466607473812383,0.0005235987755982988
0.0009587330317529285,-0.3382340683774406,0.009689714725057296,0.002466607473812383,0.0005235987755982988
0.0009587330317529285,-0.3382340683774406,0.009689714725057296,0.002466607473812383,-0.0020943951023931952
-0.0013957271516089498,0.7712737142136652,0.009689714725057296,0.002466607473812383,-0.0020943951023931952
-0.0031892313307057807,0.7712737142136652,0.00722345977523341,0.012157626386709669,0.003490658503988659
-0.02524898098320186,-0.6387776479834323,0.00722345977523341,0.012157626386709669,0.003490658503988659
-0.02380017453430352,-0.6387776479834323,0.009853768315070916,0.002466607473812383,-0.0005235987755982988
0.01505539555600292,-0.029296770913362677,0.009853768315070916,0.002466607473812383,-0.0005235987755982988
0.01505539555600292,-0.029296770913362677,0.009689714725057296,0.002466607473812383,-0.0012217304763960308
0.006637836704067257,0.24170497240500272,0.009689714725057296,0.002466607473812383,-0.0012217304763960308
0.006637836704067257,0.24170497240500272,0.009689714725057296,0.002466607473812383,0.0005235987755982988
-0.0039981877183301266,0.2101306348944908,0.009689714725057296,0.002466607473812383,0.0005235987755982988
-0.0039981877183301266,0.2101306348944908,0.009690145023754088,0.0024649160343733593,0.0022689280275926286
0.012584760648523124,-0.8146541408324919,0.009690145023754088,0.0024649160343733593,0.0022689280275926286
0.012584760648523124,-0.8146541408324919,0.009689714725057296,0.002466607473812383,-0.003665191429188092
-0.0011188781175800466,0.8032609454289645,0.009689714725057296,0.002466607473812383,-0.003665191429188092
-0.0011188781175800466,0.8032609454289645,0.009853768315070916,0.002466607473812383,0.0022689280275926286
0.02156781386259088,-0.24231766174136643,0.009853768315070916,0.002466607473812383,0.0022689280275926286
0.02156781386259088,-0.24231766174136643,0.009689714725057296,0.002466607473812383,0.00017453292519943296
0.016964871474529214,-0.23352170594550992,0.009689714725057296,0.002466607473812383,0.00017453292519943296
0.016964871474529214,-0.23352170594550992,0.009689714725057296,0.002466607473812383,-0.0015707963267948964
-0.0030925478660775996,0.5582581512691701,0.009689714725057296,0.002466607473812383,-0.0015707963267948964
-0.0030925478660775996,0.5582581512691701,0.009690145023754088,0.0024649160343733593,0.002617993877991494
0.015810858300087632,-0.22632671007547106,0.009690145023754088,0.0024649160343733593,0.002617993877991494
0.015810858300087632,-0.22632671007547106,0.009690145023754088,0.0024649160343733593,0.0008726646259971648
0.029173934934319773,0.4267423638031281,0.009690145023754088,0.0024649160343733593,0.0008726646259971648
0.029173934934319773,0.4267423638031281,0.007061507120267411,0.012156365303883523,0.003665191429188092
-0.0077286156517672455,-1.3845851841222596,0.007061507120267411,0.012156365303883523,0.003665191429188092
-0.0077286156517672455,-1.3845851841222596,0.012155990250340603,-0.007224411439084903,-0.006108652381980154
0.0011956596832344846,0.528679019796983,0.012155990250340603,-0.007224411439084903,-0.006108652381980154
0.0011956596832344846,0.528679019796983,0.009853768315070916,0.002466607473812383,-0.0020943951023931952
0.0362424459023227,1.4147476843043763,0.009853768315070916,0.002466607473812383,-0.0020943951023931952
0.0362424459023227,1.4147476843043763,0.007061507120267411,0.012156365303883523,0.00767944870877505
-0.009375031705244641,-0.8538150563837954,0.007061507120267411,0.012156365303883523,0.00767944870877505
-0.009375031705244641,-0.8538150563837954,0.009690145023754088,0.0024649160343733593,0.0017453292519943296
-0.0029099009040944256,-0.6979439027530697,0.009690145023754088,0.0024649160343733593,0.0017453292519943296
-0.0029099009040944256,-0.6979439027530697,0.009690145023754088,0.0024649160343733593,-0.003141592653589793
-0.0010935548720508114,-0.21313277638168635,0.009690145023754088,0.0024649160343733593,-0.003141592653589793
-0.0010935548720508114,-0.21313277638168635,0.012155990250340603,-0.007224411439084903,-0.00471238898038469
0.021851436566076205,1.0306771558805548,0.012155990250340603,-0.007224411439084903,-0.00471238898038469
0.021851436566076205,1.0306771558805548,0.009854198613767708,0.0024649160343733593,0.0027925268031909274
0.00045896502982677444,-0.28069274900940994,0.009854198613767708,0.0024649160343733593,0.0027925268031909274
0.00045896502982677444,-0.28069274900940994,0.009690145023754088,0.0024649160343733593,0.0005235987755982988
-0.007099650021860271,-0.06764521876386283,0.009690145023754088,0.0024649160343733593,0.0005235987755982988
-0.007099650021860271,-0.06764521876386283,0.009690145023754088,0.0024649160343733593,0.00017453292519943296
-0.012267911960370591,0.09861219482151971,0.009690145023754088,0.0024649160343733593,0.00017453292519943296
-0.012267911960370591,0.09861219482151971,0.009690145023754088,0.0024649160343733593,0.0006981317007977319
9.98329344250648e-05,-0.030079935254868177,0.009690145023754088,0.0024649160343733593,0.0006981317007977319
-0.0016032064636043218,-0.030079935254868177,0.009690172625451871,0.0024649160343733593,0.00034906585039886593
-0.029978066706261828,-0.3601973184495384,0.009690172625451871,0.0024649160343733593,0.00034906585039886593
-0.028580106103375878,-0.3601973184495384,0.009853768315070916,0.002466607473812383,-0.0017453292519943296
0.036483366695779715,0.09299151945975483,0.009853768315070916,0.002466607473812383,-0.0017453292519943296
0.0342869290133426,0.09299151945975483,0.009527433832376494,0.002466607473812383,-0.0017453292519943296
-0.026763465037298036,0.5838521985482166,0.009527433832376494,0.002466607473812383,-0.0017453292519943296
-0.025438459199773306,0.5838521985482166,0.009854198613767708,0.0024649160343733593,0.003141592653589793
0.016059231622276716,-0.5816492223201892,0.009854198613767708,0.0024649160343733593,0.003141592653589793
0.016059231622276716,-0.5816492223201892,0.009689714725057296,0.002466607473812383,-0.0013962634015954637
-0.007638113796545209,-0.4749256701994077,0.009689714725057296,0.002466607473812383,-0.0013962634015954637
-0.007638113796545209,-0.4749256701994077,0.012155990250340603,-0.007224411439084903,-0.004886921905584123
0.001411388339924774,0.9739163369122752,0.012155990250340603,-0.007224411439084903,-0.004886921905584123
0.001411388339924774,0.9739163369122752,0.009689714725057296,0.002466607473812383,0.0022689280275926286
-0.0010214044657552378,-0.07284500859557705,0.009689714725057296,0.002466607473812383,0.0022689280275926286
-0.0027125168595233716,-0.07284500859557705,0.009689742325529401,0.002466607473812383,0.0015707963267948964
0.00579228200891253,0.11900911621060632,0.009689742325529401,0.002466607473812383,0.0015707963267948964
0.007359801111694259,0.11900911621060632,0.009854198613767708,0.0024649160343733593,0.0027925268031909274
0.016045267641613247,-1.2878909410281887,0.009854198613767708,0.0024649160343733593,0.0027925268031909274
0.014066237347185208,-1.2878909410281887,0.011993716382672485,-0.007224411439084903,-0.006981317007977318
-0.008874983109995283,1.1937592890318456,0.011993716382672485,-0.007224411439084903,-0.006981317007977318
-0.0074651624604308905,1.1937592890318456,0.009853768315070916,0.002466607473812383,0.0020943951023931952
-0.0074651624604308905,1.1937592890318456,0.009853768315070916,0.002466607473812383,0.0020943951023931952
0.028191209456995596,0.9003707461695775,0.007225560710281032,0.012156365303883523,0.008377580409572781
0.01992751593475737,-2.223538748342594,0.007225560710281032,0.012156365303883523,0.008377580409572781
0.01992751593475737,-2.223538748342594,0.011991936660326982,-0.007224411439084903,-0.00820304748437335
0.01992751593475737,-2.223538748342594,0.011991936660326982,-0.007224411439084903,-0.00820304748437335
0.003966296404984376,1.2900672778386726,0.009689742325529401,0.002466607473812383,0.0012217304763960308
0.003966296404984376,1.2900672778386726,0.009689742325529401,0.002466607473812383,0.0012217304763960308
0.003471501711290148,-0.21072467663857414,0.009853768315070916,0.002466607473812383,-0.00017453292519943296
0.028898574727604542,0.5962070251236544,0.009853768315070916,0.002466607473812383,-0.00017453292519943296
0.02699556637688118,0.5962070251236544,0.007063272798630521,0.012156365303883523,0.003839724354387525
0.02699556637688118,0.5962070251236544,0.007063272798630521,0.012156365303883523,0.003839724354387525
-0.0038665368707721526,-1.0148833359044813,0.009689714725057296,0.002466607473812383,-0.0033161255787892262
0.012525260207260669,0.5506475977525893,0.009689714725057296,0.002466607473812383,-0.0033161255787892262
0.010690047084017185,0.5506475977525893,0.009689742325529401,0.002466607473812383,0.0005235987755982988
-0.007847122145058127,-0.5304691195873593,0.009689742325529401,0.002466607473812383,0.0005235987755982988
-0.0063187329234838385,-0.5304691195873593,0.009853768315070916,0.002466607473812383,-0.003141592653589793
0.0365112509541857,1.2552750368259995,0.009853768315070916,0.002466607473812383,-0.003141592653589793
0.034527263836807334,1.2552750368259995,0.007063272798630521,0.012156365303883523,0.005585053606381855
-0.01720165650017545,-0.8837804421432266,0.007063272798630521,0.012156365303883523,0.005585053606381855
-0.01577384469275514,-0.8837804421432266,0.009854198613767708,0.0024649160343733593,-0.00034906585039886593
0.012845740232824431,0.08541293324422627,0.009854198613767708,0.0024649160343733593,-0.00034906585039886593
0.010900744458679558,0.08541293324422627,0.009527864132298964,0.0024649160343733593,-0.0
-0.027328071126744815,-0.07883062671055108,0.009527864132298964,0.0024649160343733593,-0.0
-0.02579410120079172,-0.07883062671055108,0.009689714725057296,0.002466607473812383,-0.00034906585039886593
0.0003352270556720827,0.38518134033397544,0.009689714725057296,0.002466607473812383,-0.00034906585039886593
0.0003352270556720827,0.38518134033397544,0.009690145023754088,0.0024649160343733593,0.0022689280275926286
-0.023899990684400834,-0.6903493328870149,0.009690145023754088,0.0024649160343733593,0.0022689280275926286
-0.023899990684400834,-0.6903493328870149,0.009689714725057296,0.002466607473812383,-0.002617993877991494
-0.006405307655114173,0.1485749279740217,0.009689714725057296,0.002466607473812383,-0.002617993877991494
-0.006405307655114173,0.1485749279740217,0.009689714725057296,0.002466607473812383,-0.0017453292519943296
0.005128947793724558,-0.18795695069093607,0.009689714725057296,0.002466607473812383,-0.0017453292519943296
0.0033724118976764484,-0.18795695069093607,0.009689742325529401,0.002466607473812383,-0.0033161255787892262
-0.01124301305671147,0.5566571913433526,0.009689742325529401,0.002466607473812383,-0.0033161255787892262
-0.009643618242503477,0.5566571913433526,0.009689714725057296,0.002466607473812383,0.0010471975511965976
-0.004746460151207876,-0.12760529364202308,0.009689714725057296,0.002466607473812383,0.0010471975511965976
-0.004746460151207876,-0.12760529364202308,0.009689714725057296,0.002466607473812383,-0.0
-0.007441328042215273,-0.024086325314631056,0.009689714725057296,0.002466607473812383,-0.0
-0.007441328042215273,-0.024086325314631056,0.009689714725057296,0.002466607473812383,-0.00017453292519943296
-0.006227552208986209,0.10461646052877417,0.009689714725057296,0.002466607473812383,-0.00017453292519943296
-0.006227552208986209,0.10461646052877417,0.009689714725057296,0.002466607473812383,0.0006981317007977319
-0.006227552208986209,0.10461646052877417,0.009689714725057296,0.002466607473812383,0.0006981317007977319
0.0035882241859212017,0.6589667819156797,0.007225560710281032,0.012156365303883523,0.0054105206811824215
-0.004654052826921657,-0.7922673412885893,0.007225560710281032,0.012156365303883523,0.0054105206811824215
-0.004654052826921657,-0.7922673412885893,0.009690145023754088,0.0024649160343733593,-0.00017453292519943296
0.032583402110063886,-0.26550627321905496,0.009690145023754088,0.0024649160343733593,-0.00017453292519943296
0.03064119692922628,-0.26550627321905496,0.009527433832376494,0.002466607473812383,-0.0024434609527920616
0.02213671385369437,0.10461646052877417,0.009527433832376494,0.002466607473812383,-0.0024434609527920616
0.02213671385369437,0.10461646052877417,0.009689742325529401,0.002466607473812383,-0.0015707963267948964
-0.00032843877380843157,-0.10161700025046952,0.009689742325529401,0.002466607473812383,-0.0015707963267948964
-0.00032843877380843157,-0.10161700025046952,0.009689742325529401,0.002466607473812383,-0.0022689280275926286
0.01535760021476661,0.5074856143576191,0.009689742325529401,0.002466607473812383,-0.0022689280275926286
0.01535760021476661,0.5074856143576191,0.009689742325529401,0.002466607473812383,0.0012217304763960308
0.00739769173159534,-0.4929091639618734,0.009689742325529401,0.002466607473812383,0.0012217304763960308
0.00739769173159534,-0.4929091639618734,0.009689742325529401,0.002466607473812383,-0.0024434609527920616
0.015088404298115848,0.31204864329606524,0.009689742325529401,0.002466607473812383,-0.0024434609527920616
0.015088404298115848,0.31204864329606524,0.009689742325529401,0.002466607473812383,-0.0
-0.0010517291212487944,0.37159848841119236,0.009689742325529401,0.002466607473812383,-0.0
-0.0010517291212487944,0.37159848841119236,0.009689742325529401,0.002466607473812383,0.0027925268031909274
0.0024447366487445566,-0.26029849156207774,0.009689742325529401,0.002466607473812383,0.0027925268031909274
0.0024447366487445566,-0.26029849156207774,0.009689742325529401,0.002466607473812383,0.0006981317007977319
0.0024447366487445566,-0.26029849156207774,0.009689742325529401,0.002466607473812383,0.0006981317007977319
0.007676694734451528,-0.17196599902504078,0.009689742325529401,0.002466607473812383,-0.0006981317007977319
-0.0024983248718263894,0.5982182148125053,0.009689742325529401,0.002466607473812383,-0.0006981317007977319
-0.0024983248718263894,0.5982182148125053,0.00722345977523341,0.012157626386709669,0.003665191429188092
-0.006455817933997858,-1.3130507830684126,0.00722345977523341,0.012157626386709669,0.003665191429188092
-0.004804952497285875,-1.3130507830684126,0.012155990250340603,-0.007224411439084903,-0.005759586531581287
-0.004804952497285875,-1.3130507830684126,0.012155990250340603,-0.007224411439084903,-0.005759586531581287
0.016236642301649586,1.0146728845058877,0.009527433832376494,0.002466607473812383,0.0013962634015954637
-0.005051039071548785,0.16697131544127494,0.009527433832376494,0.002466607473812383,0.0013962634015954637
-0.0034925871237481143,0.16697131544127494,0.009689714725057296,0.002466607473812383,0.0027925268031909274
0.008669649175276161,-0.3294461044068472,0.009689714725057296,0.002466607473812383,0.0027925268031909274
0.006875449569063853,-0.3294461044068472,0.009689742325529401,0.002466607473812383,0.00017453292519943296
-0.0023946013047493374,0.18814607328835842,0.009689742325529401,0.002466607473812383,0.00017453292519943296
-0.0023946013047493374,0.18814607328835842,0.009689742325529401,0.002466607473812383,0.0015707963267948964
-0.003160140920690173,-0.13399581363652166,0.009689742325529401,0.002466607473812383,0.0015707963267948964
-0.003160140920690173,-0.13399581363652166,0.009690172625451871,0.0024649160343733593,0.0006981317007977319
0.005879583350352924,-1.1571769654959325,0.009690172625451871,0.0024649160343733593,0.0006981317007977319
0.007555558383381983,-1.1571769654959325,0.012155990250340603,-0.007224411439084903,-0.00767944870877505
-0.0005957797450304892,0.8032476257201928,0.012155990250340603,-0.007224411439084903,-0.00767944870877505
-0.002397793251523559,0.8032476257201928,0.009689742325529401,0.002466607473812383,-0.0019198621771937625
-0.011268911519952829,0.8468251667617049,0.009689742325529401,0.002466607473812383,-0.0019198621771937625
-0.009669795158991629,0.8468251667617049,0.007223439199773987,0.012157626386709669,0.004363323129985824
-0.009671546203830272,-0.8558262460726462,0.007223439199773987,0.012157626386709669,0.004363323129985824
-0.011483391118213329,-0.8558262460726462,0.009689742325529401,0.002466607473812383,-0.0019198621771937625
-0.00043544076373411734,0.42315685360600325,0.009689742325529401,0.002466607473812383,-0.0019198621771937625
-0.00043544076373411734,0.42315685360600325,0.009689742325529401,0.002466607473812383,0.0010471975511965976
-0.021807547324502626,-0.3254370447379175,0.009689742325529401,0.002466607473812383,0.0010471975511965976
-0.021807547324502626,-0.3254370447379175,0.009689742325529401,0.002466607473812383,-0.0010471975511965976
0.015276496688082281,0.7420914927957395,0.009689742325529401,0.002466607473812383,-0.0010471975511965976
0.015276496688082281,0.7420914927957395,0.007061151282080503,0.012157626386709669,0.004014257279586958
-0.007587748370309688,-1.180349593323095,0.007061151282080503,0.012157626386709669,0.004014257279586958
-0.007587748370309688,-1.180349593323095,0.009689742325529401,0.002466607473812383,-0.0041887902047863905
0.0060777422547479655,0.8995715981775458,0.009689742325529401,0.002466607473812383,-0.0041887902047863905
0.0060777422547479655,0.8995715981775458,0.009689742325529401,0.002466607473812383,0.0022689280275926286
-0.024879253446248212,-0.23831126601419086,0.009689742325529401,0.002466607473812383,0.0022689280275926286
-0.024879253446248212,-0.23831126601419086,0.009689742325529401,0.002466607473812383,0.0005235987755982988
-0.00693244592910591,0.03146777984033793,0.009689742325529401,0.002466607473812383,0.0005235987755982988
-0.00693244592910591,0.03146777984033793,0.009689742325529401,0.002466607473812383,0.0006981317007977319
-0.004726925702018711,-0.6136178059432081,0.009689742325529401,0.002466607473812383,0.0006981317007977319
-0.004726925702018711,-0.6136178059432081,0.009527433832376494,0.002466607473812383,-0.003839724354387525
-0.008255487750009515,1.3500273527168327,0.009527433832376494,0.002466607473812383,-0.003839724354387525
-0.008255487750009515,1.3500273527168327,0.0073857682683863175,0.012157626386709669,0.006108652381980154
-0.008255487750009515,1.3500273527168327,0.0073857682683863175,0.012157626386709669,0.006108652381980154
0.02699522047258356,-1.4053923352743796,0.009527433832376494,0.002466607473812383,-0.004363323129985824
0.028014238714777182,1.059848721531463,0.009527433832376494,0.002466607473812383,-0.004363323129985824
0.028014238714777182,1.059848721531463,0.00722345977523341,0.012157626386709669,0.0033161255787892262
0.02072881446484862,-0.9797154963715814,0.00722345977523341,0.012157626386709669,0.0033161255787892262
0.02072881446484862,-0.9797154963715814,0.009689742325529401,0.002466607473812383,-0.003665191429188092
0.024436539703987913,1.1757518197935906,0.009689742325529401,0.002466607473812383,-0.003665191429188092
0.024436539703987913,1.1757518197935906,0.00722345977523341,0.012157626386709669,0.00471238898038469
0.012334311064883852,-1.0912339364445525,0.00722345977523341,0.012157626386709669,0.00471238898038469
0.012334311064883852,-1.0912339364445525,0.009689742325529401,0.002466607473812383,-0.0033161255787892262
0.006246391495399,0.17016790740940138,0.009689742325529401,0.002466607473812383,-0.0033161255787892262
0.006246391495399,0.17016790740940138,0.009689742325529401,0.002466607473812383,-0.0019198621771937625
0.02825079131464368,0.05424616155499329,0.009689742325529401,0.002466607473812383,-0.0019198621771937625
0.02825079131464368,0.05424616155499329,0.009689742325529401,0.002466607473812383,-0.0017453292519943296
0.02588300574045389,0.19853233324301509,0.009689742325529401,0.002466607473812383,-0.0017453292519943296
0.02588300574045389,0.19853233324301509,0.009527433832376494,0.002466607473812383,-0.00034906585039886593
-0.0010386436121947906,0.38240296995414524,0.009527433832376494,0.002466607473812383,-0.00034906585039886593
-0.0010386436121947906,0.38240296995414524,0.009852050818682309,0.002466607473812383,0.0027925268031909274
-0.0010386436121947906,0.38240296995414524,0.009852050818682309,0.002466607473812383,0.0027925268031909274
0.024663356638026584,-0.17476834488066006,0.009689742325529401,0.002466607473812383,0.0013962634015954637
0.020063936183322206,-0.3462282122395111,0.009689742325529401,0.002466607473812383,0.0013962634015954637
0.020063936183322206,-0.3462282122395111,0.009689742325529401,0.002466607473812383,-0.0012217304763960308
0.012551839769163431,0.4351387456029688,0.009689742325529401,0.002466607473812383,-0.0012217304763960308
0.012551839769163431,0.4351387456029688,0.009527433832376494,0.002466607473812383,0.0017453292519943296
-0.004418702575035354,-0.4473444087072997,0.009527433832376494,0.002466607473812383,0.0017453292519943296
-0.004418702575035354,-0.4473444087072997,0.009689742325529401,0.002466607473812383,-0.0013962634015954637
-0.010386763962369988,0.23851104437863058,0.009689742325529401,0.002466607473812383,-0.0013962634015954637
-0.010386763962369988,0.23851104437863058,0.009689742325529401,0.002466607473812383,0.0005235987755982988
-0.02443815804843826,-0.417368367180851,0.009689742325529401,0.002466607473812383,0.0005235987755982988
-0.02443815804843826,-0.417368367180851,0.009689742325529401,0.002466607473812383,-0.0024434609527920616
-0.020986988723911172,0.2408898407624449,0.009689742325529401,0.002466607473812383,-0.0024434609527920616
-0.020986988723911172,0.2408898407624449,0.009527433832376494,0.002466607473812383,-0.0010471975511965976
-0.038336734842668224,0.11422222008367963,0.009527433832376494,0.002466607473812383,-0.0010471975511965976
-0.038336734842668224,0.11422222008367963,0.009852050818682309,0.002466607473812383,0.00017453292519943296
0.005282939276642753,0.4818995589038357,0.009852050818682309,0.002466607473812383,0.00017453292519943296
0.005282939276642753,0.4818995589038357,0.00722345977523341,0.012157626386709669,0.003141592653589793
-0.027435289306856448,-0.8050563731028495,0.00722345977523341,0.012157626386709669,0.003141592653589793
-0.027435289306856448,-0.8050563731028495,0.009689742325529401,0.002466607473812383,-0.0024434609527920616
-0.007785488020976247,0.4543236252952363,0.009689742325529401,0.002466607473812383,-0.0024434609527920616
-0.007785488020976247,0.4543236252952363,0.009527433832376494,0.002466607473812383,0.0005235987755982988
-0.019206113486656903,0.1713639654556945,0.009527433832376494,0.002466607473812383,0.0005235987755982988
-0.019206113486656903,0.1713639654556945,0.009689742325529401,0.002466607473812383,0.0017453292519943296
-0.01405866706459443,-0.14159571138608504,0.009689742325529401,0.002466607473812383,0.0017453292519943296
-0.01405866706459443,-0.14159571138608504,0.009527433832376494,0.002466607473812383,0.0005235987755982988
-0.03573538748089694,0.11062339017778303,0.009527433832376494,0.002466607473812383,0.0005235987755982988
-0.03573538748089694,0.11062339017778303,0.009852050818682309,0.002466607473812383,0.0019198621771937625
0.010680153521737347,-0.07525843622219792,0.009852050818682309,0.002466607473812383,0.0019198621771937625
0.010680153521737347,-0.07525843622219792,0.009689742325529401,0.002466607473812383,0.0008726646259971648
-0.001110270901274417,-0.5392730672084789,0.009689742325529401,0.002466607473812383,0.0008726646259971648
-0.001110270901274417,-0.5392730672084789,0.009689742325529401,0.002466607473812383,-0.0029670597283903604
-0.0032799991028403365,0.4415505771315022,0.009689742325529401,0.002466607473812383,-0.0029670597283903604
-0.0032799991028403365,0.4415505771315022,0.009689742325529401,0.002466607473812383,0.0005235987755982988
0.009658475315859472,-0.11242148179342246,0.009689742325529401,0.002466607473812383,0.0005235987755982988
0.009658475315859472,-0.11242148179342246,0.009689742325529401,0.002466607473812383,-0.0005235987755982988
0.014416867639121051,-0.04527173892873189,0.009689742325529401,0.002466607473812383,-0.0005235987755982988
0.014416867639121051,-0.04527173892873189,0.009527433832376494,0.002466607473812383,-0.0008726646259971648
0.017407671368671527,0.6333967101124224,0.009527433832376494,0.002466607473812383,-0.0008726646259971648
0.017407671368671527,0.6333967101124224,0.00722345977523341,0.012157626386709669,0.003839724354387525
0.03521133896606941,-0.909387809131045,0.00722345977523341,0.012157626386709669,0.003839724354387525
0.03521133896606941,-0.909387809131045,0.009527433832376494,0.002466607473812383,-0.0029670597283903604
0.00012255018628138826,0.3452319325576578,0.009527433832376494,0.002466607473812383,-0.0029670597283903604
0.00012255018628138826,0.3452319325576578,0.009689742325529401,0.002466607473812383,-0.0
0.02303512574046186,0.0814278490510856,0.009689742325529401,0.002466607473812383,-0.0
0.02303512574046186,0.0814278490510856,0.009689742325529401,0.002466607473812383,0.0005235987755982988
0.03810824127044518,1.024670226231546,0.009689742325529401,0.002466607473812383,0.0005235987755982988
0.03810824127044518,1.024670226231546,0.007063272798630521,0.012156365303883523,0.007853981633974483
-0.005291432188747514,-1.9653233728967345,0.007063272798630521,0.012156365303883523,0.007853981633974483
-0.005291432188747514,-1.9653233728967345,0.012156024875825393,-0.007224411439084903,-0.006108652381980154
0.014008372320058044,1.0846249732261974,0.012156024875825393,-0.007224411439084903,-0.006108652381980154
0.014008372320058044,1.0846249732261974,0.009689742325529401,0.002466607473812383,0.0017453292519943296
0.027556634615256103,-0.12760795758377744,0.009689742325529401,0.002466607473812383,0.0017453292519943296
0.027556634615256103,-0.12760795758377744,0.009689742325529401,0.002466607473812383,0.0006981317007977319
0.028156918071809287,0.8400244170041732,0.009689742325529401,0.002466607473812383,0.0006981317007977319
0.028156918071809287,0.8400244170041732,0.007225581291783428,0.012156365303883523,0.006806784082777886
0.006005955140163093,-2.212326700978362,0.007225581291783428,0.012156365303883523,0.006806784082777886
0.006005955140163093,-2.212326700978362,0.0024662825502959913,-0.009691018912897286,-0.00890117918517108
0.026648761546580756,1.7716738204166664,0.0024662825502959913,-0.009691018912897286,-0.00890117918517108
0.026648761546580756,1.7716738204166664,0.00722345977523341,0.012157626386709669,0.004014257279586958
0.025792036833830117,-0.6623791531659085,0.00722345977523341,0.012157626386709669,0.004014257279586958
0.025792036833830117,-0.6623791531659085,0.009527433832376494,0.002466607473812383,-0.0010471975511965976
-0.0014215713166171916,-0.05965640278530106,0.009527433832376494,0.002466607473812383,-0.0010471975511965976
-0.0014215713166171916,-0.05965640278530106,0.009689742325529401,0.002466607473812383,-0.0013962634015954637
-0.01910529425579047,1.407981565789651,0.009689742325529401,0.002466607473812383,-0.0013962634015954637
-0.01910529425579047,1.407981565789651,0.0073878897849363355,0.012156365303883523,0.009250245035569947
-0.0025378709386054046,-2.3750172519589006,0.0073878897849363355,0.012156365303883523,0.009250245035569947
-0.0025378709386054046,-2.3750172519589006,0.012156024875825393,-0.007224411439084903,-0.00820304748437335
-0.0032377065963026573,1.4871078727677984,0.012156024875825393,-0.007224411439084903,-0.00820304748437335
-0.0032377065963026573,1.4871078727677984,0.009689742325529401,0.002466607473812383,0.0024434609527920616
-0.01369229129992036,-1.3162500389782934,0.009689742325529401,0.002466607473812383,0.0024434609527920616
-0.01369229129992036,-1.3162500389782934,0.012156024875825393,-0.007224411439084903,-0.006981317007977318
-0.016332075595200304,1.4994999945277971,0.012156024875825393,-0.007224411439084903,-0.006981317007977318
-0.016332075595200304,1.4994999945277971,0.00722345977523341,0.012157626386709669,0.004014257279586958
0.0016109346426470572,-1.1184182878823994,0.00722345977523341,0.012157626386709669,0.004014257279586958
0.0016109346426470572,-1.1184182878823994,0.009527433832376494,0.002466607473812383,-0.004537856055185257
0.0026688654367585827,1.286870685870546,0.009527433832376494,0.002466607473812383,-0.004537856055185257
0.0026688654367585827,1.286870685870546,0.00722345977523341,0.012157626386709669,0.00471238898038469
-0.021295241962288155,-1.3650060583174852,0.00722345977523341,0.012157626386709669,0.00471238898038469
-0.021295241962288155,-1.3650060583174852,0.012156024875825393,-0.007224411439084903,-0.005061454830783556
-0.021295241962288155,-1.3650060583174852,0.012156024875825393,-0.007224411439084903,-0.005061454830783556
-0.011123053342790025,1.201321891596848,0.007061151282080503,0.012157626386709669,0.003141592653589793
-0.011123053342790025,1.201321891596848,0.007061151282080503,0.012157626386709669,0.003141592653589793
-0.034155962697529844,-0.7115267546758527,0.009689742325529401,0.002466607473812383,-0.0020943951023931952
-0.017386511776277164,0.23050890869129698,0.009689742325529401,0.002466607473812383,-0.0020943951023931952
-0.017386511776277164,0.23050890869129698,0.009689742325529401,0.002466607473812383,-0.0006981317007977319
-0.017386511776277164,0.23050890869129698,0.009689742325529401,0.002466607473812383,-0.0006981317007977319
-0.032264891594522435,-0.011694203554632332,0.009689742325529401,0.002466607473812383,-0.0006981317007977319
-0.004571016066124115,0.6477733821437285,0.009689742325529401,0.002466607473812383,-0.0006981317007977319
-0.004571016066124115,0.6477733821437285,0.007061151282080503,0.012157626386709669,0.003665191429188092
0.0021658915423403246,-0.3002532272219041,0.007061151282080503,0.012157626386709669,0.003665191429188092
0.0021658915423403246,-0.3002532272219041,0.009689742325529401,0.002466607473812383,0.0015707963267948964
0.015552033260244225,-0.5428745610561299,0.009689742325529401,0.002466607473812383,0.0015707963267948964
0.015552033260244225,-0.5428745610561299,0.009689742325529401,0.002466607473812383,-0.0024434609527920616
0.00965860502997109,0.6381782783558404,0.009689742325529401,0.002466607473812383,-0.0024434609527920616
0.00965860502997109,0.6381782783558404,0.007061151282080503,0.012157626386709669,0.0019198621771937625
-0.006095624928383015,-0.7263136564701921,0.007061151282080503,0.012157626386709669,0.0019198621771937625
-0.006095624928383015,-0.7263136564701921,0.009689742325529401,0.002466607473812383,-0.0029670597283903604
0.01745952658888832,1.0230719302474827,0.009689742325529401,0.002466607473812383,-0.0029670597283903604
0.01745952658888832,1.0230719302474827,0.00722345977523341,0.012157626386709669,0.0041887902047863905
0.0003394886137370068,-0.9113830151693696,0.00722345977523341,0.012157626386709669,0.0041887902047863905
0.0003394886137370068,-0.9113830151693696,0.009527433832376494,0.002466607473812383,-0.002617993877991494
0.0062690115357917795,-0.005298355676625091,0.009527433832376494,0.002466607473812383,-0.002617993877991494
0.0062690115357917795,-0.005298355676625091,0.009527433832376494,0.002466607473812383,-0.0024434609527920616
0.0017216756181336922,0.2744940155540881,0.009527433832376494,0.002466607473812383,-0.0024434609527920616
0.0017216756181336922,0.2744940155540881,0.009852050818682309,0.002466607473812383,-0.0
0.05863656578676197,-0.21116154581915086,0.009852050818682309,0.002466607473812383,-0.0
0.05863656578676197,-0.21116154581915086,0.009527433832376494,0.002466607473812383,-0.0020943951023931952
0.009947443301373069,0.6150163062956953,0.009527433832376494,0.002466607473812383,-0.0020943951023931952
0.009947443301373069,0.6150163062956953,0.00722345977523341,0.012157626386709669,0.0027925268031909274
0.01270444087081574,0.3716091441782097,0.00722345977523341,0.012157626386709669,0.0027925268031909274
0.01270444087081574,0.3716091441782097,0.0073857682683863175,0.012157626386709669,0.005759586531581287
0.045175503301232996,-1.4953257877372341,0.0073857682683863175,0.012157626386709669,0.005759586531581287
0.045175503301232996,-1.4953257877372341,0.011993716382672485,-0.007224411439084903,-0.005585053606381855
0.00903926756643728,0.7628986439478592,0.011993716382672485,-0.007224411439084903,-0.005585053606381855
0.00903926756643728,0.7628986439478592,0.009689742325529401,0.002466607473812383,0.0005235987755982988
0.015999743797485467,0.018676084084323395,0.009689742325529401,0.002466607473812383,0.0005235987755982988
0.015999743797485467,0.018676084084323395,0.009689742325529401,0.002466607473812383,0.0006981317007977319
0.0011214072172773216,0.026672891888148188,0.009689742325529401,0.002466607473812383,0.0006981317007977319
0.0011214072172773216,0.026672891888148188,0.009689742325529401,0.002466607473812383,0.0008726646259971648
0.0011214072172773216,0.026672891888148188,0.009689742325529401,0.002466607473812383,0.0008726646259971648
0.0197882698970487,0.18813808146309538,0.009527433832376494,0.002466607473812383,0.0020943951023931952
-0.010081992210384033,-0.4813135262521519,0.009527433832376494,0.002466607473812383,0.0020943951023931952
-0.010081992210384033,-0.4813135262521519,0.009689742325529401,0.002466607473812383,-0.0012217304763960308
-0.0019794476082178923,0.04905702749029646,0.009689742325529401,0.002466607473812383,-0.0012217304763960308
-0.0019794476082178923,0.04905702749029646,0.009689742325529401,0.002466607473812383,-0.0006981317007977319
0.0074657962252999656,-0.23791968384343815,0.009689742325529401,0.002466607473812383,-0.0006981317007977319
0.007466467657716742,-0.23611889373902448,0.009527433832376494,0.002466607473812383,-0.002617993877991494
-0.011767935386512645,1.0025951269289202,0.009527433832376494,0.002466607473812383,-0.002617993877991494
-0.011765097322790945,1.001108680175385,0.0073857682683863175,0.012157626386709669,0.004886921905584123
-0.003322607402281982,-1.1659835770588065,0.0073857682683863175,0.012157626386709669,0.004886921905584123
-0.003322607402281982,-1.1659835770588065,0.009527433832376494,0.002466607473812383,-0.003839724354387525
-0.028161570466581843,0.8144490173174072,0.009527433832376494,0.002466607473812383,-0.003839724354387525
-0.028161570466581843,0.8144490173174072,0.009689742325529401,0.002466607473812383,0.0022689280275926286
-0.014191712287569906,-0.7970648931825334,0.009689742325529401,0.002466607473812383,0.0022689280275926286
-0.014191712287569906,-0.7970648931825334,0.0,-0.0,-0.003665191429188092
0.0022210834791397426,0.9447314515525952,0.0,-0.0,-0.003665191429188092
0.0022210834791397426,0.9447314515525952,0.007061151282080503,0.012157626386709669,0.0029670597283903604
-0.025716046264630744,0.049858839424082445,0.007061151282080503,0.012157626386709669,0.0029670597283903604
-0.025716046264630744,0.049858839424082445,0.00722345977523341,0.012157626386709669,0.003490658503988659
-0.018982618213504072,-1.3146544069359847,0.00722345977523341,0.012157626386709669,0.003490658503988659
-0.018982618213504072,-1.3146544069359847,0.002303974057143084,-0.009691018912897286,-0.006108652381980154
-0.01363021166882295,0.9811193246075772,0.002303974057143084,-0.009691018912897286,-0.006108652381980154
-0.01363021166882295,0.9811193246075772,0.009689742325529401,0.002466607473812383,0.0010471975511965976
0.0019419507621719644,-0.12681147353350022,0.009689742325529401,0.002466607473812383,0.0010471975511965976
0.0019419507621719644,-0.12681147353350022,0.009527433832376494,0.002466607473812383,-0.00017453292519943296
-0.01980602285657213,0.7357196203935213,0.009527433832376494,0.002466607473812383,-0.00017453292519943296
-0.01980602285657213,0.7357196203935213,0.0073857682683863175,0.012157626386709669,0.005585053606381855
0.019693979329539087,-0.8082716126632565,0.0073857682683863175,0.012157626386709669,0.005585053606381855
0.019693979329539087,-0.8082716126632565,0.009527433832376494,0.002466607473812383,-0.0008726646259971648
0.011183097304761896,0.07224297502623071,0.009527433832376494,0.002466607473812383,-0.0008726646259971648
0.011183097304761896,0.07224297502623071,0.009689742325529401,0.002466607473812383,-0.00034906585039886593
0.01352823465621857,0.573034397296492,0.009689742325529401,0.002466607473812383,-0.00034906585039886593
0.01352823465621857,0.573034397296492,0.007225581291783428,0.012156365303883523,0.003665191429188092
-0.014143122363558197,-1.4821105425094145,0.007225581291783428,0.012156365303883523,0.003665191429188092
-0.014143122363558197,-1.4821105425094145,0.0024662825502959913,-0.009691018912897286,-0.006981317007977318
0.011656764598978542,1.3136368157200966,0.0024662825502959913,-0.009691018912897286,-0.006981317007977318
0.011656764598978542,1.3136368157200966,0.00722345977523341,0.012157626386709669,0.0020943951023931952
0.008198936896982988,-0.33542905858006705,0.00722345977523341,0.012157626386709669,0.0020943951023931952
0.008198936896982988,-0.33542905858006705,0.009689742325529401,0.002466607473812383,-0.00017453292519943296
0.02392705220190976,0.06823125141554659,0.009689742325529401,0.002466607473812383,-0.00017453292519943296
0.02392705220190976,0.06823125141554659,0.009527433832376494,0.002466607473812383,-0.0
0.019269464053817773,0.5178878579628018,0.009527433832376494,0.002466607473812383,-0.0
0.019269464053817773,0.5178878579628018,0.00722345977523341,0.012157626386709669,0.003839724354387525
0.03349218239991814,-1.2639031815584683,0.00722345977523341,0.012157626386709669,0.003839724354387525
0.03349218239991814,-1.2639031815584683,-0.00016230849315290716,-0.0,-0.005585053606381855
0.008993999303311438,1.5834425009921689,-0.00016230849315290716,-0.0,-0.005585053606381855
0.008993999303311438,1.5834425009921689,0.00722345977523341,0.012157626386709669,0.006108652381980154
0.002379795919473733,-0.6607781932400909,0.00722345977523341,0.012157626386709669,0.006108652381980154
0.0023816653103803332,-0.659032087271692,0.009690172625451871,0.0024649160343733593,0.0013962634015954637
0.0048253622233973515,0.07760354381771424,0.009690172625451871,0.0024649160343733593,0.0013962634015954637
0.0048255795496480415,0.07583114916510994,0.007225581291783428,0.012156365303883523,0.0019198621771937625
0.010297411896107323,-0.7059407105568946,0.007225581291783428,0.012156365303883523,0.0019198621771937625
0.010297411896107323,-0.7059407105568946,0.009689742325529401,0.002466607473812383,-0.0033161255787892262
0.0031000672722886714,0.48190755072909874,0.009689742325529401,0.002466607473812383,-0.0033161255787892262
0.003098699631943781,0.48366138448670665,0.009527433832376494,0.002466607473812383,0.00017453292519943296
-0.010683745851476944,-0.5512503059817174,0.009527433832376494,0.002466607473812383,0.00017453292519943296
-0.010685309717259511,-0.552855919131262,0.009689742325529401,0.002466607473812383,-0.003490658503988659
0.007057344144274165,1.1421769483612454,0.009689742325529401,0.002466607473812383,-0.003490658503988659
0.007057344144274165,1.1421769483612454,0.007063272798630521,0.012156365303883523,0.00471238898038469
-0.0013925241446387903,-1.2151258506852423,0.007063272798630521,0.012156365303883523,0.00471238898038469
-0.0013925241446387903,-1.2151258506852423,0.0,-0.0,-0.004014257279586958
0.002081682544956244,1.0498540437475592,0.0,-0.0,-0.004014257279586958
0.002078706031303691,1.0515969180006384,0.00722345977523341,0.012157626386709669,0.003665191429188092
-0.0030310960143680155,-0.9679387097245237,0.00722345977523341,0.012157626386709669,0.003665191429188092
-0.003033840551257603,-0.9697341382964494,-0.00016230849315290716,-0.0,-0.0033161255787892262
-0.007717398582968463,-0.010498145508339315,-0.00016230849315290716,-0.0,-0.0033161255787892262
-0.007717398582968463,-0.010498145508339315,-0.00016230849315290716,-0.0,-0.0033161255787892262
-0.025054115557352184,0.8128613771003612,-0.00016230849315290716,-0.0,-0.0033161255787892262
-0.025056420300706903,0.8143124593764822,0.0073857682683863175,0.012157626386709669,0.003141592653589793
-0.010496872001943427,-0.12099037724720273,0.0073857682683863175,0.012157626386709669,0.003141592653589793
-0.010497217327293076,-0.1228130696315878,0.009689742325529401,0.002466607473812383,0.0022689280275926286
-0.009868044595213473,-0.5916385722205844,0.009689742325529401,0.002466607473812383,0.0022689280275926286
-0.009868044595213473,-0.5916385722205844,-0.00016230849315290716,-0.0,-0.0022689280275926286
0.006706871748790362,0.18054617553879496,-0.00016230849315290716,-0.0,-0.0022689280275926286
0.006706357755316773,0.18233879843306594,-0.00016230849315290716,-0.0,-0.0012217304763960308
-0.013793812156687447,0.5124655428515296,-0.00016230849315290716,-0.0,-0.0012217304763960308
-0.013793812156687447,0.5124655428515296,0.0073857682683863175,0.012157626386709669,0.003141592653589793
0.022467894424318544,-0.2142837090434604,0.0073857682683863175,0.012157626386709669,0.003141592653589793
0.022467284466203667,-0.21635334382560198,0.009527433832376494,0.002466607473812383,0.0008726646259971648
-0.003098493669964825,-0.3386256505481935,0.009527433832376494,0.002466607473812383,0.0008726646259971648
-0.003098493669964825,-0.3386256505481935,0.0,-0.0,-0.0013962634015954637
0.00026847978382173453,0.4803172465702985,0.0,-0.0,-0.0013962634015954637
0.00026847978382173453,0.4803172465702985,0.009689742325529401,0.002466607473812383,0.0020943951023931952
-0.007733533198041574,0.1549761037355377,0.009689742325529401,0.002466607473812383,0.0020943951023931952
-0.007733533198041574,0.1549761037355377,0.0073878897849363355,0.012156365303883523,0.003141592653589793
0.010900571506530734,-0.9153867469547908,0.0073878897849363355,0.012156365303883523,0.003141592653589793
0.010903161874940672,-0.9134414802442334,-0.00016230849315290716,-0.0,-0.004014257279586958
0.010464107527119893,0.7873918780923009,-0.00016230849315290716,-0.0,-0.004014257279586958
0.01046633562067838,0.7856663698954973,0.007063272798630521,0.012156365303883523,0.0015707963267948964
0.014841785183820688,-0.3090545109012694,0.007063272798630521,0.012156365303883523,0.0015707963267948964
0.014841785183820688,-0.3090545109012694,0.009527433832376494,0.002466607473812383,-0.0006981317007977319
-0.0006137974878726415,0.33803160880411015,0.009527433832376494,0.002466607473812383,-0.0006981317007977319
-0.0006137974878726415,0.33803160880411015,0.007225581291783428,0.012156365303883523,0.0019198621771937625
-0.004068446369737554,-0.7367132361336205,0.007225581291783428,0.012156365303883523,0.0019198621771937625
-0.004068446369737554,-0.7367132361336205,0.0,-0.0,-0.0033161255787892262
0.018896272015223228,0.4207460899211366,0.0,-0.0,-0.0033161255787892262
0.018896272015223228,0.4207460899211366,0.009527433832376494,0.002466607473812383,-0.0006981317007977319
-0.0049310662309838445,-0.37778656609949685,0.009527433832376494,0.002466607473812383,-0.0006981317007977319
-0.0049310662309838445,-0.37778656609949685,0.0,-0.0,-0.003141592653589793
0.028591413385884907,0.6401708204524107,0.0,-0.0,-0.003141592653589793
0.028591413385884907,0.6401708204524107,0.009527433832376494,0.002466607473812383,0.0012217304763960308
0.004783503233296393,0.28127345377758506,0.009527433832376494,0.002466607473812383,0.0012217304763960308
0.004783503233296393,0.28127345377758506,0.00722345977523341,0.012157626386709669,0.0033161255787892262
-0.003448879589374243,-0.7998565832711353,0.00722345977523341,0.012157626386709669,0.0033161255787892262
-0.003448879589374243,-0.7998565832711353,0.0,-0.0,-0.0024434609527920616
0.018786063022826534,0.8408102452874331,0.0,-0.0,-0.0024434609527920616
0.018783678437702175,0.8427327476052379,0.007061151282080503,0.012157626386709669,0.003141592653589793
-0.01127316768836773,-0.8929829899472569,0.007061151282080503,0.012157626386709669,0.003141592653589793
-0.01127569961153283,-0.8945822597444252,0.0,-0.0,-0.003141592653589793
-0.0012688686831935747,1.0970250868114593,0.0,-0.0,-0.003141592653589793
-0.001271978620466363,1.0986243997330951,0.007225581291783428,0.012156365303883523,0.004886921905584123
0.023229363136916804,-1.1025677878293176,0.007225581291783428,0.012156365303883523,0.004886921905584123
0.023229363136916804,-1.1025677878293176,-0.00016230849315290716,-0.0,-0.003490658503988659
0.009014625132288939,0.6589788658827389,-0.00016230849315290716,-0.0,-0.003490658503988659
0.009014625132288939,0.6589788658827389,0.00722345977523341,0.012157626386709669,0.0013962634015954637
-0.0005033861339949464,-0.11099843329605825,0.00722345977523341,0.012157626386709669,0.0013962634015954637
-0.0005037031538907256,-0.11282105578943827,0.009527433832376494,0.002466607473812383,0.0005235987755982988
-0.0023199832033846514,-0.03646779130761244,0.009527433832376494,0.002466607473812383,0.0005235987755982988
-0.0023198821460790166,-0.034879763924810334,0.009689742325529401,0.002466607473812383,0.0005235987755982988
-0.0023198821460790166,-0.034879763924810334,0.009689742325529401,0.002466607473812383,0.0005235987755982988
0.009693604549170289,0.19446034455682484,0.007063272798630521,0.012156365303883523,0.0015707963267948964
-0.026065241441678603,-0.37914336798828985,0.007063272798630521,0.012156365303883523,0.0015707963267948964
-0.026065241441678603,-0.37914336798828985,0.009690172625451871,0.0024649160343733593,-0.0006981317007977319
0.004381487157461175,-0.1289347273897237,0.009690172625451871,0.0024649160343733593,-0.0006981317007977319
0.004381487157461175,-0.1289347273897237,-0.00016230849315290716,-0.0,-0.0015707963267948964
-0.01915967404542265,-0.39735796746129454,-0.00016230849315290716,-0.0,-0.0015707963267948964
-0.01915967404542265,-0.39735796746129454,0.0,-0.0,-0.0041887902047863905
0.0017667124868757057,1.2810103109516353,0.0,-0.0,-0.0041887902047863905
0.0017667124868757057,1.2810103109516353,0.00722345977523341,0.012157626386709669,0.005061454830783556
0.003245994905156031,-1.2373608826620939,0.00722345977523341,0.012157626386709669,0.005061454830783556
0.003245994905156031,-1.2373608826620939,0.0,-0.0,-0.003839724354387525
-0.012733850287666796,0.7094219119277778,0.0,-0.0,-0.003839724354387525
-0.012733850287666796,0.7094219119277778,0.009689742325529401,0.002466607473812383,0.0013962634015954637
0.0009279138787138774,-0.4224359758468298,0.009689742325529401,0.002466607473812383,0.0013962634015954637
0.0009279138787138774,-0.4224359758468298,0.0,-0.0,-0.0017453292519943296
0.0038675957038549367,0.4408023748408587,0.0,-0.0,-0.0017453292519943296
0.0038675957038549367,0.4408023748408587,0.009689742325529401,0.002466607473812383,0.0013962634015954637
-0.01042294852469741,0.15468886576759522,0.009689742325529401,0.002466607473812383,0.0013962634015954637
-0.01042294852469741,0.15468886576759522,0.00722345977523341,0.012157626386709669,0.002617993877991494
0.0025337258121084527,-0.5338296184647348,0.00722345977523341,0.012157626386709669,0.002617993877991494
0.0025337258121084527,-0.5338296184647348,-0.00016230849315290716,-0.0,-0.0015707963267948964
-0.019011161558231193,-0.09619939813563576,-0.00016230849315290716,-0.0,-0.0015707963267948964
-0.019011161558231193,-0.09619939813563576,0.00016230849315290716,-0.0,-0.0019198621771937625
0.015298839825686169,0.06821793870187273,0.00016230849315290716,-0.0,-0.0019198621771937625
0.015298839825686169,0.06821793870187273,-0.00016230849315290716,-0.0,-0.0019198621771937625
-0.005006583695812761,0.3487862812899396,-0.00016230849315290716,-0.0,-0.0019198621771937625
-0.005005597856274119,0.34722713859598237,0.0,-0.0,0.0008726646259971648
0.01889946396199742,-0.1943554625106977,0.0,-0.0,0.0008726646259971648
0.018900011963085484,-0.19253925660651625,-0.00016230849315290716,-0.0,-0.0008726646259971648
0.01086147284910222,0.20845674386659607,-0.00016230849315290716,-0.0,-0.0008726646259971648
0.010862061223591266,0.20694203475162742,0.009689742325529401,0.002466607473812383,0.0010471975511965976
0.015198585108172203,0.3615958188020254,0.009689742325529401,0.002466607473812383,0.0010471975511965976
0.015198585108172203,0.3615958188020254,0.007061151282080503,0.012157626386709669,0.0033161255787892262
0.0007645358725482898,-0.42456602699264423,0.007061151282080503,0.012157626386709669,0.0033161255787892262
0.00076573614207603,-0.4228372937721554,0.009527433832376494,0.002466607473812383,0.00017453292519943296
-0.008367385582492625,0.5206149139040279,0.009527433832376494,0.002466607473812383,0.00017453292519943296
-0.008367385582492625,0.5206149139040279,0.007225581291783428,0.012156365303883523,0.0041887902047863905
0.01578870069909608,-1.1815776910418359,0.007225581291783428,0.012156365303883523,0.0041887902047863905
0.015785350675299323,-1.1835754886505194,-0.00016230849315290716,-0.0,-0.004886921905584123
0.015785350675299323,-1.1835754886505194,-0.00016230849315290716,-0.0,-0.004886921905584123
-0.005903555052751525,0.31884939305359705,0.0,-0.0,-0.0024434609527920616
-0.005903555052751525,0.31884939305359705,0.0,-0.0,-0.0024434609527920616
-0.0013416330608769344,0.45793603308387293,0.009689742325529401,0.002466607473812383,0.0012217304763960308
0.025957667605869334,-0.05497794047845648,0.009689742325529401,0.002466607473812383,0.0012217304763960308
0.024065813102415547,-0.05497794047845648,0.009529206239487083,0.002466607473812383,0.00034906585039886593
0.024065813102415547,-0.05497794047845648,0.009529206239487083,0.002466607473812383,0.00034906585039886593
0.0006999259918782186,0.4567423808053659,0.00722345977523341,0.012157626386709669,0.004014257279586958
0.0035344178165558305,-1.1883570568939374,0.00722345977523341,0.012157626386709669,0.004014257279586958
0.0035344178165558305,-1.1883570568939374,0.0,-0.0,-0.00471238898038469
0.00681393203245004,0.6257834926540873,0.0,-0.0,-0.00471238898038469
0.006812156608931255,0.6276847916019714,-0.00016230849315290716,-0.0,-0.0005235987755982988
-0.008827198336612978,0.22924326761953628,-0.00016230849315290716,-0.0,-0.0005235987755982988
-0.008826551082435501,0.22772521042795815,0.00722345977523341,0.012157626386709669,0.0013962634015954637
0.014076260623576692,0.08861485309586144,0.00722345977523341,0.012157626386709669,0.0013962634015954637
0.012204634550342033,0.08861485309586144,0.00706291673930567,0.012157626386709669,0.0017453292519943296
-0.020371941474665697,-0.7882689373866769,0.00706291673930567,0.012157626386709669,0.0017453292519943296
-0.020371941474665697,-0.7882689373866769,0.0,-0.0,-0.003665191429188092
-0.013625255582204352,1.0250831199363335,0.0,-0.0,-0.003665191429188092
-0.012037270786963266,1.0266742024484559,0.00722345977523341,0.012157626386709669,0.003839724354387525
0.015210337470454211,-0.7621210660037459,0.00722345977523341,0.012157626386709669,0.003839724354387525
0.015208176004191682,-0.763897587571467,0.0,-0.0,-0.0017453292519943296
0.006843108918540032,0.22091380490340892,0.0,-0.0,-0.0017453292519943296
0.006842480568860661,0.22270789216296938,-0.00016230849315290716,-0.0,-0.00034906585039886593
-0.00349714665862189,-0.11312803546867262,-0.00016230849315290716,-0.0,-0.00034906585039886593
-0.00349714665862189,-0.11312803546867262,0.0,-0.0,-0.0010471975511965976
0.013779313298385349,0.6855068531362238,0.0,-0.0,-0.0010471975511965976
0.01201839752567827,0.6855068531362238,0.00706291673930567,0.012157626386709669,0.003665191429188092
-0.0018445436215257182,-1.240694438610685,0.00706291673930567,0.012157626386709669,0.003665191429188092
-0.00023429882938451053,-1.240694438610685,0.0,-0.0,-0.005235987755982988
-0.0007845317820133524,1.9552453666002259,0.0,-0.0,-0.005235987755982988
-0.0007789953535263006,1.9535332674389458,0.004760989958114985,0.021847814573393687,0.009075712110370514
0.00268448119538522,-1.881002603970382,0.004760989958114985,0.021847814573393687,0.009075712110370514
0.0026898072548319453,-1.879253203087293,0.0,-0.0,-0.00471238898038469
-0.0013771396861813655,0.3725050430661453,0.0,-0.0,-0.00471238898038469
-0.0013771396861813655,0.3725050430661453,0.0,-0.0,-0.0020943951023931952
0.002083640600838532,0.43638787766227716,0.0,-0.0,-0.0020943951023931952
0.002083640600838532,0.43638787766227716,-0.0024662825502959913,0.009691018912897286,0.0010471975511965976
0.006355947358947118,0.22150393838699262,-0.0024662825502959913,0.009691018912897286,0.0010471975511965976
0.006355947358947118,0.22150393838699262,0.00722345977523341,0.012157626386709669,0.002617993877991494
0.0001587697109625652,-1.4851938959960729,0.00722345977523341,0.012157626386709669,0.002617993877991494
0.0001587697109625652,-1.4851938959960729,0.0024662825502959913,-0.009691018912897286,-0.00820304748437335
0.0051877448565554206,1.655044725958571,0.0024662825502959913,-0.009691018912897286,-0.00820304748437335
0.0051877448565554206,1.655044725958571,0.00722345977523341,0.012157626386709669,0.003839724354387525
0.006928490134314537,-0.4075872126097827,0.00722345977523341,0.012157626386709669,0.003839724354387525
0.006928490134314537,-0.4075872126097827,-0.002628591043448898,0.009691018912897286,0.0006981317007977319
-0.002006309440412306,0.3409239395114096,-0.002628591043448898,0.009691018912897286,0.0006981317007977319
-0.0037050195959330654,0.3409239395114096,0.00706291673930567,0.012157626386709669,0.003141592653589793
-0.014676337822116728,-0.5872459067150347,0.00706291673930567,0.012157626386709669,0.003141592653589793
-0.013096870708724345,-0.5872459067150347,0.0,-0.0,-0.0008726646259971648
0.01654417961740089,0.1819374805077404,0.0,-0.0,-0.0008726646259971648
0.01654417961740089,0.1819374805077404,0.0,-0.0,0.00017453292519943296
0.01773219915275308,-0.1453887623280732,0.0,-0.0,0.00017453292519943296
0.01592878290391523,-0.1453887623280732,-0.00016056339134799463,-0.0,-0.0010471975511965976
-0.030028431286360107,0.04489177095636339,-0.00016056339134799463,-0.0,-0.0010471975511965976
-0.028615820177868432,0.04489177095636339,0.00016230849315290716,-0.0,-0.00017453292519943296
0.015363311600721742,0.21849841589436525,0.00016230849315290716,-0.0,-0.00017453292519943296
0.015363311600721742,0.21849841589436525,-0.002628591043448898,0.009691018912897286,0.0008726646259971648
-0.00034702885063149226,-0.32023164132941806,-0.002628591043448898,0.009691018912897286,0.0008726646259971648
-0.00034702885063149226,-0.32023164132941806,0.0,-0.0,-0.0013962634015954637
0.0024115718334506943,0.2918078597883339,0.0,-0.0,-0.0013962634015954637
0.0024115718334506943,0.2918078597883339,-0.0024662825502959913,0.009691018912897286,0.0006981317007977319
-0.004432461759206673,0.3249122266803811,-0.0024662825502959913,0.009691018912897286,0.0006981317007977319
-0.004432461759206673,0.3249122266803811,0.00722345977523341,0.012157626386709669,0.003141592653589793
0.020771583537594212,-0.18262932101936272,0.00722345977523341,0.012157626386709669,0.003141592653589793
0.020771583537594212,-0.18262932101936272,0.007225581291783428,0.012156365303883523,0.0017453292519943296
0.01699880970614633,-0.017098762664497617,0.007225581291783428,0.012156365303883523,0.0017453292519943296
0.01699880970614633,-0.017098762664497617,0.007063272798630521,0.012156365303883523,0.0013962634015954637
-0.005844468675435204,-0.49924299241737163,0.007063272798630521,0.012156365303883523,0.0013962634015954637
-0.007501911867789266,-0.49924299241737163,0.0,-0.0,-0.0020943951023931952
-0.002536217057043275,0.023589640626740484,0.0,-0.0,-0.0020943951023931952
-0.002536217057043275,0.023589640626740484,0.0,-0.0,-0.0020943951023931952
-0.0004870388207033283,-0.10638763910212841,0.0,-0.0,-0.0020943951023931952
0.0011379601695038655,-0.10638763910212841,0.0,-0.0,-0.002617993877991494
0.0007943115997478223,1.0284024866957446,0.0,-0.0,-0.002617993877991494
0.0007943115997478223,1.0284024866957446,0.00722345977523341,0.012157626386709669,0.004886921905584123
0.005522996948859517,-1.24173437565868,0.00722345977523341,0.012157626386709669,0.004886921905584123
0.005522996948859517,-1.24173437565868,0.0,-0.0,-0.0041887902047863905
-0.007587486391932107,1.177798319673595,0.0,-0.0,-0.0041887902047863905
-0.007587486391932107,1.177798319673595,0.007225581291783428,0.012156365303883523,0.00471238898038469
-0.007587486391932107,1.177798319673595,0.007225581291783428,0.012156365303883523,0.00471238898038469
0.011475069188299178,-0.7720310015908993,-0.00016056339134799463,-0.0,-0.0012217304763960308
-0.008116992110277605,-0.23556228298034615,-0.00016056339134799463,-0.0,-0.0012217304763960308
-0.006574920150604885,-0.23556228298034615,0.0,-0.0,-0.002617993877991494
-0.008237138711822687,0.2902025880870316,0.0,-0.0,-0.002617993877991494
-0.008237138711822687,0.2902025880870316,0.0,-0.0,-0.0005235987755982988
-0.0007740248550443019,0.44405392242545894,0.0,-0.0,-0.0005235987755982988
-0.0007740248550443019,0.44405392242545894,-0.0024662825502959913,0.009691018912897286,0.0027925268031909274
0.011340523210103337,-0.696911265085651,-0.0024662825502959913,0.009691018912897286,0.0027925268031909274
0.00949831112627413,-0.696911265085651,-0.00016056339134799463,-0.0,-0.0024434609527920616
-0.01779809876734804,0.5158401029821162,-0.00016056339134799463,-0.0,-0.0024434609527920616
-0.016252560874148978,0.5158401029821162,-0.0024662825502959913,0.009691018912897286,0.0017453292519943296
-0.01941531645162699,-0.6434626965479847,-0.0024662825502959913,0.009691018912897286,0.0017453292519943296
-0.01941531645162699,-0.6434626965479847,0.0,-0.0,-0.003141592653589793
0.009277419057166298,0.6143182875202403,0.0,-0.0,-0.003141592653589793
0.009277419057166298,0.6143182875202403,-0.0024662825502959913,0.009691018912897286,0.0012217304763960308
0.02188077277096524,-0.13985231973750575,-0.0024662825502959913,0.009691018912897286,0.0012217304763960308
0.02188077277096524,-0.13985231973750575,0.0,-0.0,-0.0
0.005207675740935165,0.23867860081200235,0.0,-0.0,-0.0
0.005207675740935165,0.23867860081200235,-0.002628591043448898,0.009691018912897286,0.0015707963267948964
-0.015451371989010315,-0.7131690030086522,-0.002628591043448898,0.009691018912897286,0.0015707963267948964
-0.015451371989010315,-0.7131690030086522,0.0,-0.0,-0.0033161255787892262
0.022049712334216754,0.9561739840317663,0.0,-0.0,-0.0033161255787892262
0.022049712334216754,0.9561739840317663,0.007061151282080503,0.012157626386709669,0.0029670597283903604
0.012189828745234272,-0.5046564224619526,0.007061151282080503,0.012157626386709669,0.0029670597283903604
0.010338485132958921,-0.5046564224619526,-0.00016056339134799463,-0.0,-0.0010471975511965976
-0.036139128980312414,0.5500254111041538,-0.00016056339134799463,-0.0,-0.0010471975511965976
-0.03479293269705248,0.5500254111041538,0.0073857682683863175,0.012157626386709669,0.003490658503988659
0.01077582523090797,-0.5782118914478942,0.0073857682683863175,0.012157626386709669,0.003490658503988659
0.01077582523090797,-0.5782118914478942,0.0,-0.0,-0.0010471975511965976
0.02481751662466931,0.5879953211767328,0.0,-0.0,-0.0010471975511965976
0.02481751662466931,0.5879953211767328,0.007225581291783428,0.012156365303883523,0.0029670597283903604
0.01448346175462097,-0.6438230102913148,0.007225581291783428,0.012156365303883523,0.0029670597283903604
0.01448346175462097,-0.6438230102913148,-0.00016230849315290716,-0.0,-0.0017453292519943296
-0.003411802625867326,-0.49322322353748765,-0.00016230849315290716,-0.0,-0.0017453292519943296
-0.003411802625867326,-0.49322322353748765,-0.00016230849315290716,-0.0,-0.005235987755982988
0.0053352882256077995,1.0396393886048614,-0.00016230849315290716,-0.0,-0.005235987755982988
0.0035576429811767975,1.0396393886048614,0.00706291673930567,0.012157626386709669,0.0020943951023931952
-0.021504779285265656,-0.4642140442626875,0.00706291673930567,0.012157626386709669,0.0020943951023931952
-0.021504779285265656,-0.4642140442626875,0.0,-0.0,-0.0010471975511965976
0.00296167107241623,0.7178905925416108,0.0,-0.0,-0.0010471975511965976
0.00473283892717002,0.7178905925416108,0.00722345977523341,0.012157626386709669,0.0041887902047863905
-0.00574676271383293,-0.6491221516845386,0.00722345977523341,0.012157626386709669,0.0041887902047863905
-0.00574676271383293,-0.6491221516845386,0.0,-0.0,-0.00034906585039886593
0.026148810492238352,0.01027286462163402,0.0,-0.0,-0.00034906585039886593
0.0241473832720862,0.01027286462163402,-0.00016056339134799463,-0.0,-0.0006981317007977319
-0.010812810695603409,-0.04214449076266654,-0.00016056339134799463,-0.0,-0.0006981317007977319
-0.010812810695603409,-0.04214449076266654,0.0,-0.0,-0.0010471975511965976
-0.02255466622832952,0.35881922942307953,0.0,-0.0,-0.0010471975511965976
-0.020952139477310363,0.35881922942307953,-0.0024662825502959913,0.009691018912897286,0.0015707963267948964
-0.014546380848355021,-0.746232365718704,-0.0024662825502959913,0.009691018912897286,0.0015707963267948964
-0.014546380848355021,-0.746232365718704,0.0,-0.0,-0.003839724354387525
0.019367917609218018,0.6940575421140478,0.0,-0.0,-0.003839724354387525
0.019367917609218018,0.6940575421140478,-0.002628591043448898,0.009691018912897286,0.0005235987755982988
0.0013711234119507699,0.03430221206454519,-0.002628591043448898,0.009691018912897286,0.0005235987755982988
0.0013711234119507699,0.03430221206454519,-0.0024662825502959913,0.009691018912897286,0.0006981317007977319
0.003214367624627806,-0.3014107030211105,-0.0024662825502959913,0.009691018912897286,0.0006981317007977319
0.003214367624627806,-0.3014107030211105,0.0,-0.0,-0.0010471975511965976
0.01638491210740031,0.2863534255617575,0.0,-0.0,-0.0010471975511965976
0.016385720607926948,0.2844567260369398,-0.002628591043448898,0.009691018912897286,0.0008726646259971648
-0.0018658737168981809,0.01469099989118267,-0.002628591043448898,0.009691018912897286,0.0008726646259971648
-0.0018659175900328617,0.016283909606888764,-0.0024662825502959913,0.009691018912897286,0.0012217304763960308
0.0015752937598667817,0.07956912926234674,-0.0024662825502959913,0.009691018912897286,0.0012217304763960308
0.0015752937598667817,0.07956912926234674,-0.002628591043448898,0.009691018912897286,0.0020943951023931952
-0.005269653461330026,-0.74274351693676,-0.002628591043448898,0.009691018912897286,0.0020943951023931952
-0.005271759722602587,-0.744299814174412,0.0,-0.0,-0.0027925268031909274
0.015750062450527704,0.763274242468086,0.0,-0.0,-0.0027925268031909274
0.015750062450527704,0.763274242468086,0.007061151282080503,0.012157626386709669,0.002617993877991494
-0.0009253573314386254,-0.6835512470712376,0.007061151282080503,0.012157626386709669,0.002617993877991494
-0.0009253573314386254,-0.6835512470712376,0.0,-0.0,-0.0020943951023931952
0.0027756230541578454,-0.019291437362441426,0.0,-0.0,-0.0020943951023931952
0.0027756230541578454,-0.019291437362441426,0.0,-0.0,-0.0022689280275926286
0.009211110682915852,1.3276272334641586,0.0,-0.0,-0.0022689280275926286
0.009207347179896653,1.3294467673700463,0.007063272798630521,0.012156365303883523,0.007155849933176752
-0.0068119349930283015,-1.3670598570116235,0.007063272798630521,0.012156365303883523,0.007155849933176752
-0.0068119349930283015,-1.3670598570116235,0.0,-0.0,-0.0024434609527920616
0.02455987762036717,1.092490342201854,0.0,-0.0,-0.0024434609527920616
0.02455987762036717,1.092490342201854,0.007063272798630521,0.012156365303883523,0.004886921905584123
-0.0052031850881966825,-1.3430627898560787,0.007063272798630521,0.012156365303883523,0.004886921905584123
-0.0052031850881966825,-1.3430627898560787,0.0,-0.0,-0.00471238898038469
0.0038294269477534516,1.3561710516388794,0.0,-0.0,-0.00471238898038469
0.0038294269477534516,1.3561710516388794,0.007225581291783428,0.012156365303883523,0.004886921905584123
0.002409716831572091,-1.449599613188081,0.007225581291783428,0.012156365303883523,0.004886921905584123
0.002409716831572091,-1.449599613188081,-0.00016230849315290716,-0.0,-0.005934119456780721
-0.014062899461297856,1.6421615481661564,-0.00016230849315290716,-0.0,-0.005934119456780721
-0.014062899461297856,1.6421615481661564,0.007225581291783428,0.012156365303883523,0.005934119456780721
0.0125343909435297,-0.7840295351686718,0.007225581291783428,0.012156365303883523,0.005934119456780721
0.0125343909435297,-0.7840295351686718,-0.00262689982682135,0.009691449269510164,-0.0
0.004408900890753453,-0.6387288898080684,-0.00262689982682135,0.009691449269510164,-0.0
0.004408900890753453,-0.6387288898080684,0.0,-0.0,-0.00471238898038469
0.019105399524980592,1.8749084970657446,0.0,-0.0,-0.00471238898038469
0.019105399524980592,1.8749084970657446,0.004760989958114985,0.021847814573393687,0.008726646259971648
0.018625911334119023,-2.014684917042738,0.004760989958114985,0.021847814573393687,0.008726646259971648
0.018625911334119023,-2.014684917042738,-0.00016230849315290716,-0.0,-0.006108652381980154
-0.020079023713023423,0.15608911655892027,-0.00016230849315290716,-0.0,-0.006108652381980154
-0.020079023713023423,0.15608911655892027,0.0,-0.0,-0.004537856055185257
0.01749728740804848,1.5701380664121554,0.0,-0.0,-0.004537856055185257
0.01749728740804848,1.5701380664121554,0.004598681464962078,0.021847814573393687,0.006806784082777886
-0.007757367328522784,-0.8042184439809381,0.004598681464962078,0.021847814573393687,0.006806784082777886
-0.007757367328522784,-0.8042184439809381,-0.0024645913336684426,0.009691449269510164,0.0010471975511965976
0.0009669962633547757,-0.4823876395536965,-0.0024645913336684426,0.009691449269510164,0.0010471975511965976
0.0009669962633547757,-0.4823876395536965,-0.00016230849315290716,-0.0,-0.0020943951023931952
0.0007693396462122748,-0.5376465007026426,-0.00016230849315290716,-0.0,-0.0020943951023931952
0.0007693396462122748,-0.5376465007026426,0.0,-0.0,-0.005585053606381855
0.0062474863745356655,0.7769576120338354,0.0,-0.0,-0.005585053606381855
0.0062474863745356655,0.7769576120338354,-0.0024662825502959913,0.009691018912897286,0.00034906585039886593
0.02702777445459949,0.047750724510267274,-0.0024662825502959913,0.009691018912897286,0.00034906585039886593
0.02702777445459949,0.047750724510267274,-0.002628591043448898,0.009691018912897286,0.00034906585039886593
-0.0034544607698447473,-0.2878889061060266,-0.002628591043448898,0.009691018912897286,0.00034906585039886593
-0.0034544607698447473,-0.2878889061060266,0.0,-0.0,-0.0013962634015954637
0.004768069711834545,-0.33286879402985975,0.0,-0.0,-0.0013962634015954637
0.004768069711834545,-0.33286879402985975,-0.00016230849315290716,-0.0,-0.003839724354387525
-0.0018966312420216735,1.807651102339026,-0.00016230849315290716,-0.0,-0.003839724354387525
-0.0018966312420216735,1.807651102339026,0.004760989958114985,0.021847814573393687,0.009250245035569947
0.012933059586110818,-1.8939379495963578,0.004760989958114985,0.021847814573393687,0.009250245035569947
0.012933059586110818,-1.8939379495963578,-0.00016230849315290716,-0.0,-0.004886921905584123
-0.00193665500000179,0.9816123061606317,-0.00016230849315290716,-0.0,-0.004886921905584123
-0.00193665500000179,0.9816123061606317,0.007061151282080503,0.012157626386709669,0.0022689280275926286
0.00029807859178362483,-0.20381716269762845,0.007061151282080503,0.012157626386709669,0.0022689280275926286
0.00029807859178362483,-0.20381716269762845,-0.002628591043448898,0.009691018912897286,0.0005235987755982988
0.00029807859178362483,-0.20381716269762845,-0.002628591043448898,0.009691018912897286,0.0005235987755982988
-0.0014901178032685313,0.18735091055232136,0.007225581291783428,0.012156365303883523,0.0017453292519943296
0.004534906469387585,-0.4735586451965334,0.007225581291783428,0.012156365303883523,0.0017453292519943296
0.004534906469387585,-0.4735586451965334,0.0,-0.0,-0.0019198621771937625
-0.004231867170627156,0.515561797602777,0.0,-0.0,-0.0019198621771937625
-0.004231867170627156,0.515561797602777,0.007225581291783428,0.012156365303883523,0.0015707963267948964
-0.004231867170627156,0.515561797602777,0.007225581291783428,0.012156365303883523,0.0015707963267948964
0.0015499043694720783,-0.13066301163701258,-0.0024645913336684426,0.009691449269510164,0.0005235987755982988
0.00028505113023665873,-0.18383327479533954,-0.0024645913336684426,0.009691449269510164,0.0005235987755982988
0.00028505113023665873,-0.18383327479533954,-0.002628591043448898,0.009691018912897286,-0.0010471975511965976
-0.005925295575514082,0.6214600018121101,-0.002628591043448898,0.009691018912897286,-0.0010471975511965976
-0.005925295575514082,0.6214600018121101,0.007225581291783428,0.012156365303883523,0.003490658503988659
-0.006676505456983392,-1.1070642933718904,0.007225581291783428,0.012156365303883523,0.003490658503988659
-0.006676505456983392,-1.1070642933718904,0.0,-0.0,-0.00471238898038469
-0.0027156405620228684,1.1798459134822186,0.0,-0.0,-0.00471238898038469
-0.0027156405620228684,1.1798459134822186,0.007225581291783428,0.012156365303883523,0.003665191429188092
0.017993413916391744,-0.7952664370777885,0.007225581291783428,0.012156365303883523,0.003665191429188092
0.017993413916391744,-0.7952664370777885,-0.00016230849315290716,-0.0,-0.0024434609527920616
0.001583414396678684,0.7053677284925263,-0.00016230849315290716,-0.0,-0.0024434609527920616
0.001583414396678684,0.7053677284925263,0.007225581291783428,0.012156365303883523,0.0027925268031909274
-0.012999164747122071,-0.7371250659822017,0.007225581291783428,0.012156365303883523,0.0027925268031909274
-0.012999164747122071,-0.7371250659822017,0.0,-0.0,-0.0022689280275926286
0.010370367016913436,-0.5945019096582618,0.0,-0.0,-0.0022689280275926286
0.010370367016913436,-0.5945019096582618,-0.00016230849315290716,-0.0,-0.006981317007977318
-0.009465543952414512,1.2084537748316933,-0.00016230849315290716,-0.0,-0.006981317007977318
-0.009465543952414512,1.2084537748316933,0.00722345977523341,0.012157626386709669,0.0022689280275926286
-0.01122599241171465,-0.35770950121805134,0.00722345977523341,0.012157626386709669,0.0022689280275926286
-0.01122599241171465,-0.35770950121805134,-0.0024662825502959913,0.009691018912897286,-0.00017453292519943296
0.008602625442721114,0.6221073448294085,-0.0024662825502959913,0.009691018912897286,-0.00017453292519943296
0.008602625442721114,0.6221073448294085,0.007061151282080503,0.012157626386709669,0.0041887902047863905
0.0033879936615739503,-0.9262103693852906,0.007061151282080503,0.012157626386709669,0.0041887902047863905
0.0033879936615739503,-0.9262103693852906,0.0,-0.0,-0.0022689280275926286
0.01530829152789664,0.19361670452417823,0.0,-0.0,-0.0022689280275926286
0.01530829152789664,0.19361670452417823,-0.002628591043448898,0.009691018912897286,-0.0008726646259971648
-0.02186949254681334,0.16166656333148313,-0.002628591043448898,0.009691018912897286,-0.0008726646259971648
-0.02186949254681334,0.16166656333148313,-0.0024662825502959913,0.009691018912897286,0.0008726646259971648
0.005156896960145814,-0.1817856809867161,-0.0024662825502959913,0.009691018912897286,0.0008726646259971648
0.005156896960145814,-0.1817856809867161,-0.0024662825502959913,0.009691018912897286,-0.0005235987755982988
0.0033064734839960376,0.41411909475402103,-0.0024662825502959913,0.009691018912897286,-0.0005235987755982988
0.0033064734839960376,0.41411909475402103,-0.0024662825502959913,0.009691018912897286,0.0024434609527920616
0.008627766737275689,-0.27327744406632315,-0.0024662825502959913,0.009691018912897286,0.0024434609527920616
0.008627766737275689,-0.27327744406632315,-0.002628591043448898,0.009691018912897286,0.0005235987755982988
-0.0014308286936079273,-0.1527765017119158,-0.002628591043448898,0.009691018912897286,0.0005235987755982988
-0.0014308286936079273,-0.1527765017119158,-0.0024662825502959913,0.009691018912897286,-0.00034906585039886593
0.022732074904193943,-0.6981972272256187,-0.0024662825502959913,0.009691018912897286,-0.00034906585039886593
0.022732074904193943,-0.6981972272256187,-0.00016230849315290716,-0.0,-0.005585053606381855
0.012067285074517164,1.7073713490842513,-0.00016230849315290716,-0.0,-0.005585053606381855
0.012067285074517164,1.7073713490842513,0.00722345977523341,0.012157626386709669,0.006806784082777886
0.005347791750674703,-1.2221518056817167,0.00722345977523341,0.012157626386709669,0.006806784082777886
0.005347791750674703,-1.2221518056817167,-0.00016230849315290716,-0.0,-0.0022689280275926286
-0.009103047467837083,0.26331428709021654,-0.00016230849315290716,-0.0,-0.0022689280275926286
-0.009103047467837083,0.26331428709021654,-0.0024662825502959913,0.009691018912897286,-0.00034906585039886593
0.010713873990450285,0.7627151876320913,-0.0024662825502959913,0.009691018912897286,-0.00034906585039886593
0.010713873990450285,0.7627151876320913,0.007063272798630521,0.012156365303883523,0.004537856055185257
-0.004145440168314235,-1.470550153669003,0.007063272798630521,0.012156365303883523,0.004537856055185257
-0.004145440168314235,-1.470550153669003,0.0,-0.0,-0.005934119456780721
0.008649828464173998,1.1879542803527214,0.0,-0.0,-0.005934119456780721
0.008649828464173998,1.1879542803527214,0.007061151282080503,0.012157626386709669,0.0024434609527920616
0.007415964717567325,0.4796072010514552,0.007061151282080503,0.012157626386709669,0.0024434609527920616
0.007415964717567325,0.4796072010514552,0.007225581291783428,0.012156365303883523,0.005759586531581287
0.003788241465393738,-1.4309016874257598,0.007225581291783428,0.012156365303883523,0.005759586531581287
0.003788241465393738,-1.4309016874257598,0.0,-0.0,-0.00471238898038469
0.03634740808144203,0.951522185655841,0.0,-0.0,-0.00471238898038469
0.03634740808144203,0.951522185655841,0.006900964305477614,0.012156365303883523,0.0015707963267948964
-0.03131646281768859,-0.40687530901775165,0.006900964305477614,0.012156365303883523,0.0015707963267948964
-0.03131646281768859,-0.40687530901775165,-0.002303974057143084,0.009691018912897286,-0.0005235987755982988
0.019829726961436197,0.23482943828672828,-0.002303974057143084,0.009691018912897286,-0.0005235987755982988
0.019829726961436197,0.23482943828672828,0.007063272798630521,0.012156365303883523,0.0006981317007977319
0.0028444160359377023,-0.2322697312137504,0.007063272798630521,0.012156365303883523,0.0006981317007977319
0.0028444160359377023,-0.2322697312137504,-0.0024662825502959913,0.009691018912897286,-0.0008726646259971648
0.007572932044030425,-0.04097281727405606,-0.0024662825502959913,0.009691018912897286,-0.0008726646259971648
0.0075730454079578095,-0.03906334652210886,-0.002628591043448898,0.009691018912897286,-0.0015707963267948964
-0.03598703890740815,-0.2474057196882188,-0.002628591043448898,0.009691018912897286,-0.0015707963267948964
-0.03598703890740815,-0.2474057196882188,0.0,-0.0,-0.0027925268031909274
8.001773136417478e-05,0.6280381966842669,0.0,-0.0,-0.0027925268031909274
8.001773136417478e-05,0.6280381966842669,0.00722345977523341,0.012157626386709669,0.0017453292519943296
0.020850467416070374,0.30452163498909446,0.00722345977523341,0.012157626386709669,0.0017453292519943296
0.020850467416070374,0.30452163498909446,0.007063272798630521,0.012156365303883523,0.003839724354387525
0.003816950986508606,-0.6136909096232639,0.007063272798630521,0.012156365303883523,0.003839724354387525
0.003816950986508606,-0.6136909096232639,-0.00262689982682135,0.009691449269510164,-0.0005235987755982988
-0.013070415544949482,-0.3754338142300637,-0.00262689982682135,0.009691449269510164,-0.0005235987755982988
-0.013070415544949482,-0.3754338142300637,0.0,-0.0,-0.0029670597283903604
-0.006595390902349456,0.6514801561685041,0.0,-0.0,-0.0029670597283903604
-0.006595390902349456,0.6514801561685041,0.00722345977523341,0.012157626386709669,0.0019198621771937625
0.00754550296042675,0.2511040542375552,0.00722345977523341,0.012157626386709669,0.0019198621771937625
0.007546211588237209,0.24919487523445882,0.007063272798630521,0.012156365303883523,0.0033161255787892262
-0.020766427352156443,-1.1719547847286507,0.007063272798630521,0.012156365303883523,0.0033161255787892262
-0.020763109690978773,-1.170350034424937,0.0,-0.0,-0.004886921905584123
-0.0017094220526776326,1.6244041393641295,0.0,-0.0,-0.004886921905584123
-0.0017048228229533712,1.6227019907351794,0.004760989958114985,0.021847814573393687,0.006806784082777886
0.01146337046626016,-1.7421752132485495,0.004760989958114985,0.021847814573393687,0.006806784082777886
0.01146337046626016,-1.7421752132485495,-0.00016230849315290716,-0.0,-0.005934119456780721
0.01211193981659241,0.751437281540979,-0.00016230849315290716,-0.0,-0.005934119456780721
0.012109808662733718,0.7531804857048123,-0.002628591043448898,0.009691018912897286,-0.0005235987755982988
0.004501966964765391,0.4640529258633873,-0.002628591043448898,0.009691018912897286,-0.0005235987755982988
0.004503279188859416,0.46239153444444997,0.007225581291783428,0.012156365303883523,0.0029670597283903604
0.0036015879669006557,-0.7861181331592907,0.007225581291783428,0.012156365303883523,0.0029670597283903604
0.0036015879669006557,-0.7861181331592907,-0.00016230849315290716,-0.0,-0.0029670597283903604
0.010866627769677412,0.6682911865292186,-0.00016230849315290716,-0.0,-0.0029670597283903604
0.010866627769677412,0.6682911865292186,0.007061151282080503,0.012157626386709669,0.0015707963267948964
-0.002915817713743285,-0.3666205039392054,0.007061151282080503,0.012157626386709669,0.0015707963267948964
-0.002915817713743285,-0.3666205039392054,-0.0024662825502959913,0.009691018912897286,-0.0010471975511965976
0.013504129699860529,0.4693779559029671,-0.0024662825502959913,0.009691018912897286,-0.0010471975511965976
0.013504129699860529,0.4693779559029671,0.007063272798630521,0.012156365303883523,0.0020943951023931952
0.013051523954012666,-0.05161210424249896,0.007063272798630521,0.012156365303883523,0.0020943951023931952
0.013051523954012666,-0.05161210424249896,0.007063272798630521,0.012156365303883523,0.0015707963267948964
0.006572924817369718,-0.8282565153184784,0.007063272798630521,0.012156365303883523,0.0015707963267948964
0.006572924817369718,-0.8282565153184784,0.0,-0.0,-0.004363323129985824
0.011953337839291029,0.605653309891059,0.0,-0.0,-0.004363323129985824
0.011953337839291029,0.605653309891059,0.007061151282080503,0.012157626386709669,-0.00017453292519943296
-0.007040333006959364,0.33847502777746047,0.007061151282080503,0.012157626386709669,-0.00017453292519943296
-0.007040333006959364,0.33847502777746047,0.00722345977523341,0.012157626386709669,0.0022689280275926286
0.02322736653881898,-0.35196803771750657,0.00722345977523341,0.012157626386709669,0.0022689280275926286
0.02322736653881898,-0.35196803771750657,0.007061151282080503,0.012157626386709669,-0.0006981317007977319
0.005642792382159905,0.10019163628730493,0.007061151282080503,0.012157626386709669,-0.0006981317007977319
0.005642792382159905,0.10019163628730493,0.00722345977523341,0.012157626386709669,0.00017453292519943296
0.0029306736972317072,0.2430520938085885,0.00722345977523341,0.012157626386709669,0.00017453292519943296
0.0029306736972317072,0.2430520938085885,0.007063272798630521,0.012156365303883523,0.0020943951023931952
0.00379142753267091,-0.18989404785721903,0.007063272798630521,0.012156365303883523,0.0020943951023931952
0.00379142753267091,-0.18989404785721903,0.007225581291783428,0.012156365303883523,0.0006981317007977319
0.00379142753267091,-0.18989404785721903,0.007225581291783428,0.012156365303883523,0.0006981317007977319
-0.00010377611807463772,-0.33491638783848326,-0.0024662825502959913,0.009691018912897286,-0.0017453292519943296
-0.0033877443008711915,0.21740875076974567,-0.0024662825502959913,0.009691018912897286,-0.0017453292519943296
-0.0033877443008711915,0.21740875076974567,0.00722345977523341,0.012157626386709669,-0.00017453292519943296
0.0061510837335321,0.3958634910990209,0.00722345977523341,0.012157626386709669,-0.00017453292519943296
0.0061510837335321,0.3958634910990209,0.007063272798630521,0.012156365303883523,0.0022689280275926286
-0.01536350742167789,0.3979433651950107,0.007063272798630521,0.012156365303883523,0.0022689280275926286
-0.01536350742167789,0.3979433651950107,0.007225581291783428,0.012156365303883523,0.0054105206811824215
-0.021501423704801615,-1.6794553282463989,0.007225581291783428,0.012156365303883523,0.0054105206811824215
-0.021501423704801615,-1.6794553282463989,0.0,-0.0,-0.006806784082777886
-0.004275884124802895,1.1907225016480052,0.0,-0.0,-0.006806784082777886
-0.004275884124802895,1.1907225016480052,0.007063272798630521,0.012156365303883523,0.0015707963267948964
-0.010870399349970054,0.09353324828475171,0.007063272798630521,0.012156365303883523,0.0015707963267948964
-0.010870399349970054,0.09353324828475171,0.007063272798630521,0.012156365303883523,0.0020943951023931952
-0.020464275201998224,-0.14037665020881776,0.007063272798630521,0.012156365303883523,0.0020943951023931952
-0.020464275201998224,-0.14037665020881776,-0.0024645913336684426,0.009691449269510164,0.0012217304763960308
0.008142564592760632,-0.7748812312501739,-0.0024645913336684426,0.009691449269510164,0.0012217304763960308
0.008142564592760632,-0.7748812312501739,-0.00016230849315290716,-0.0,-0.00471238898038469
0.0005467898303554108,1.4080963568392342,-0.00016230849315290716,-0.0,-0.00471238898038469
0.0005467898303554108,1.4080963568392342,0.004598681464962078,0.021847814573393687,0.0054105206811824215
-0.024012254523651234,-1.5655717697125493,0.004598681464962078,0.021847814573393687,0.0054105206811824215
-0.024012254523651234,-1.5655717697125493,-0.00016230849315290716,-0.0,-0.005934119456780721
-0.012130735456529788,0.7809707912870913,-0.00016230849315290716,-0.0,-0.005934119456780721
-0.012130735456529788,0.7809707912870913,-0.0024662825502959913,0.009691018912897286,-0.00034906585039886593
-0.00023604733164215186,0.6155222412962171,-0.0024662825502959913,0.009691018912897286,-0.00034906585039886593
-0.00023604733164215186,0.6155222412962171,0.007225581291783428,0.012156365303883523,0.004014257279586958
-0.007443129090156817,-0.6786146572486554,0.007225581291783428,0.012156365303883523,0.004014257279586958
-0.007443129090156817,-0.6786146572486554,-0.00262689982682135,0.009691449269510164,-0.0008726646259971648
0.006211066120691794,-0.16389039107504622,-0.00262689982682135,0.009691449269510164,-0.0008726646259971648
0.006211066120691794,-0.16389039107504622,-0.00262689982682135,0.009691449269510164,-0.0020943951023931952
0.007503581189059593,0.48510263946002713,-0.00262689982682135,0.009691449269510164,-0.0020943951023931952
0.007503581189059593,0.48510263946002713,-0.0024645913336684426,0.009691449269510164,0.0015707963267948964
0.023026106417540233,-0.29241769193596534,-0.0024645913336684426,0.009691449269510164,0.0015707963267948964
0.023026106417540233,-0.29241769193596534,-0.00262689982682135,0.009691449269510164,-0.0006981317007977319
0.014467106629577692,0.6271604611306595,-0.00262689982682135,0.009691449269510164,-0.0006981317007977319
0.014467106629577692,0.6271604611306595,0.007063272798630521,0.012156365303883523,0.003839724354387525
-0.0010269773856518393,-0.7722770266828723,0.007063272798630521,0.012156365303883523,0.003839724354387525
-0.0010269773856518393,-0.7722770266828723,-0.0024645913336684426,0.009691449269510164,-0.0015707963267948964
0.004652429463950297,0.4827767402720646,-0.0024645913336684426,0.009691449269510164,-0.0015707963267948964
0.004652429463950297,0.4827767402720646,0.007225581291783428,0.012156365303883523,0.0020943951023931952
0.004652429463950297,0.4827767402720646,0.007225581291783428,0.012156365303883523,0.0020943951023931952
0.02529886716920791,0.09879138549597993,0.007225581291783428,0.012156365303883523,0.0027925268031909274
0.05022614970624528,-1.2300961558242378,0.007225581291783428,0.012156365303883523,0.0027925268031909274
0.05022614970624528,-1.2300961558242378,-0.00016230849315290716,-0.0,-0.006283185307179586
0.016052767327552116,0.8570894606583392,-0.00016230849315290716,-0.0,-0.006283185307179586
0.016052767327552116,0.8570894606583392,0.007225581291783428,0.012156365303883523,0.0005235987755982988
0.030260574164547343,0.4613515973964551,0.007225581291783428,0.012156365303883523,0.0005235987755982988
0.030260574164547343,0.4613515973964551,0.007225581291783428,0.012156365303883523,0.003839724354387525
0.006853928869168985,-0.40249309212653633,0.007225581291783428,0.012156365303883523,0.003839724354387525
0.006853928869168985,-0.40249309212653633,0.007225581291783428,0.012156365303883523,0.0008726646259971648
-0.005963322735396373,-0.9551785444780955,0.007225581291783428,0.012156365303883523,0.0008726646259971648
-0.005963322735396373,-0.9551785444780955,-0.00016230849315290716,-0.0,-0.006108652381980154
-9.474185272326685e-05,1.1462992244828503,-0.00016230849315290716,-0.0,-0.006108652381980154
-9.474185272326685e-05,1.1462992244828503,0.007063272798630521,0.012156365303883523,0.0022689280275926286
-0.016600974672420835,-0.19559450717576837,0.007063272798630521,0.012156365303883523,0.0022689280275926286
-0.016600974672420835,-0.19559450717576837,0.007225581291783428,0.012156365303883523,0.0010471975511965976
0.014305566680839295,0.34598577970728955,0.007225581291783428,0.012156365303883523,0.0010471975511965976
0.014305566680839295,0.34598577970728955,0.007063272798630521,0.012156365303883523,0.003141592653589793
-0.027540140971704038,-0.7483619678913184,0.007063272798630521,0.012156365303883523,0.003141592653589793
-0.027540140971704038,-0.7483619678913184,0.0,-0.0,-0.0020943951023931952
-0.0017327327479259346,-0.07873770643665771,0.0,-0.0,-0.0020943951023931952
-0.0017327327479259346,-0.07873770643665771,0.0,-0.0,-0.0027925268031909274
-0.0008587033550996093,0.5739491937903369,0.0,-0.0,-0.0027925268031909274
-0.0008587033550996093,0.5739491937903369,0.007225581291783428,0.012156365303883523,0.0012217304763960308
-0.012756329451424206,0.6040070340077612,0.007225581291783428,0.012156365303883523,0.0012217304763960308
-0.012754620956937376,0.6022086268891547,0.007063272798630521,0.012156365303883523,0.005235987755982988
-0.04443487882303361,-0.532070079513177,0.007063272798630521,0.012156365303883523,0.005235987755982988
-0.042869802070047515,-0.532070079513177,0.007225560710281032,0.012156365303883523,0.0013962634015954637
-0.04249163966644377,-0.2878850809376945,0.007225560710281032,0.012156365303883523,0.0013962634015954637
-0.044379859838383016,-0.2878850809376945,-0.00262689982682135,0.009691449269510164,-0.0012217304763960308
-0.028962858870006727,0.4067689918858464,-0.00262689982682135,0.009691449269510164,-0.0012217304763960308
-0.028964013625099913,0.40850064379946266,-0.00262689982682135,0.009691449269510164,0.0015707963267948964
-0.025120502383683126,-0.7223583111091455,-0.00262689982682135,0.009691449269510164,0.0015707963267948964
-0.025122550899657644,-0.7239162124940972,0.0,-0.0,-0.003490658503988659
0.009687825154098263,0.4835085106549163,0.0,-0.0,-0.003490658503988659
0.009687825154098263,0.4835085106549163,-0.0024645913336684426,0.009691449269510164,-0.00017453292519943296
0.036116653602831755,0.8396195151246487,-0.0024645913336684426,0.009691449269510164,-0.00017453292519943296
0.036116653602831755,0.8396195151246487,0.004598681464962078,0.021847814573393687,0.0054105206811824215
0.017287395861846227,-0.5732448486950855,0.004598681464962078,0.021847814573393687,0.0054105206811824215
0.01728901736431594,-0.571553503445341,0.007063272798630521,0.012156365303883523,0.0012217304763960308
0.01728901736431594,-0.571553503445341,0.007063272798630521,0.012156365303883523,0.0012217304763960308
-0.007273111238384232,-0.8046567991068336,0.0,-0.0,-0.004363323129985824
-0.007273111238384232,-0.8046567991068336,0.0,-0.0,-0.004363323129985824
0.003817065018905742,1.1259550228372313,0.007225581291783428,0.012156365303883523,0.003665191429188092
-0.0026842613773348277,-0.8617211959538559,0.007225581291783428,0.012156365303883523,0.003665191429188092
-0.0026842613773348277,-0.8617211959538559,-0.0024645913336684426,0.009691449269510164,-0.002617993877991494
0.0055255174834374044,0.24947318061379803,-0.0024645913336684426,0.009691449269510164,-0.002617993877991494
0.0055255174834374044,0.24947318061379803,-0.00262689982682135,0.009691449269510164,-0.0006981317007977319
0.012225335370538704,-0.419225432444225,-0.00262689982682135,0.009691449269510164,-0.0006981317007977319
0.012224145310524338,-0.420969861028502,-0.00016230849315290716,-0.0,-0.003490658503988659
0.02349908555119096,0.5082927541749137,-0.00016230849315290716,-0.0,-0.003490658503988659
0.02349908555119096,0.5082927541749137,0.007063272798630521,0.012156365303883523,0.00034906585039886593
0.03222755264492852,0.21492818678843492,0.007063272798630521,0.012156365303883523,0.00034906585039886593
0.03222694147402114,0.21656511073709905,0.007225581291783428,0.012156365303883523,0.0022689280275926286
0.03292548982802268,-0.24735579564814128,0.007225581291783428,0.012156365303883523,0.0022689280275926286
0.03292478663267551,-0.24910775573188082,0.007225581291783428,0.012156365303883523,0.0006981317007977319
0.024429838088482297,-0.06525576661303098,0.007225581291783428,0.012156365303883523,0.0006981317007977319
0.024429838088482297,-0.06525576661303098,0.007063272798630521,0.012156365303883523,0.00017453292519943296
0.015282967057705082,0.01228822803157913,0.007063272798630521,0.012156365303883523,0.00017453292519943296
0.015282967057705082,0.01228822803157913,0.007225581291783428,0.012156365303883523,0.0005235987755982988
0.003132494398886905,0.43194748151835105,0.007225581291783428,0.012156365303883523,0.0005235987755982988
0.003132494398886905,0.43194748151835105,0.007063272798630521,0.012156365303883523,0.003490658503988659
0.005071982473757226,-0.5540652968863267,0.007063272798630521,0.012156365303883523,0.003490658503988659
0.005073549525489075,-0.5522902430297122,0.007063272798630521,0.012156365303883523,-0.0005235987755982988
-0.007114894272104888,0.3435691482607069,0.007063272798630521,0.012156365303883523,-0.0005235987755982988
-0.007113923179641085,0.3420326766477769,0.007225581291783428,0.012156365303883523,0.0020943951023931952
0.008179365962609287,-0.33624152628087034,0.007225581291783428,0.012156365303883523,0.0020943951023931952
0.008179365962609287,-0.33624152628087034,0.007063272798630521,0.012156365303883523,-0.0006981317007977319
-0.0013242899368225746,-0.2095366104175441,0.007063272798630521,0.012156365303883523,-0.0006981317007977319
-0.0013242899368225746,-0.2095366104175441,-0.00016230849315290716,-0.0,-0.0024434609527920616
-0.00872265456320968,0.8184527491028283,-0.00016230849315290716,-0.0,-0.0024434609527920616
-0.00872265456320968,0.8184527491028283,0.007225581291783428,0.012156365303883523,0.003665191429188092
0.012697596414554953,-0.43057562058340737,0.007225581291783428,0.012156365303883523,0.003665191429188092
0.012697596414554953,-0.43057562058340737,0.007063272798630521,0.012156365303883523,-0.0
-0.0003348809610908665,0.1585749336414343,0.007063272798630521,0.012156365303883523,-0.0
-0.0003348809610908665,0.1585749336414343,0.007225581291783428,0.012156365303883523,0.0010471975511965976
-0.0019341361070548168,-0.5212869095042587,0.007225581291783428,0.012156365303883523,0.0010471975511965976
-0.0019341361070548168,-0.5212869095042587,0.0,-0.0,-0.002617993877991494
-0.0052879225200160905,-0.10921423405827856,0.0,-0.0,-0.002617993877991494
-0.0052879225200160905,-0.10921423405827856,0.0,-0.0,-0.003490658503988659
0.002856828112613343,0.9663137752209575,0.0,-0.0,-0.003490658503988659
0.002856828112613343,0.9663137752209575,0.007063272798630521,0.012156365303883523,0.003141592653589793
-0.01464577853601917,-0.5980237643315742,0.007063272798630521,0.012156365303883523,0.003141592653589793
-0.01464577853601917,-0.5980237643315742,0.007063272798630521,0.012156365303883523,-0.0012217304763960308
-0.017804742761168026,1.0154880161484452,0.007063272798630521,0.012156365303883523,-0.0012217304763960308
-0.017804742761168026,1.0154880161484452,0.004760989958114985,0.021847814573393687,0.006283185307179586
-0.018765277517070102,-1.5088926560094913,0.004760989958114985,0.021847814573393687,0.006283185307179586
-0.018765277517070102,-1.5088926560094913,0.0,-0.0,-0.00471238898038469
0.005785768401252496,0.5986124609250123,0.0,-0.0,-0.00471238898038469
0.005785768401252496,0.5986124609250123,0.007225581291783428,0.012156365303883523,-0.0005235987755982988
0.0018349337165495206,-0.3218488705990381,0.007225581291783428,0.012156365303883523,-0.0005235987755982988
0.0018349337165495206,-0.3218488705990381,-0.0024645913336684426,0.009691449269510164,-0.0027925268031909274
0.006758884865459082,0.8512098249508615,-0.0024645913336684426,0.009691449269510164,-0.0027925268031909274
0.006758884865459082,0.8512098249508615,0.007063272798630521,0.012156365303883523,0.0033161255787892262
-0.003948387053098174,-0.7810712775748838,0.007063272798630521,0.012156365303883523,0.0033161255787892262
-0.003948387053098174,-0.7810712775748838,-0.0024645913336684426,0.009691449269510164,-0.0022689280275926286
0.006415114085480923,1.1305866385350327,-0.0024645913336684426,0.009691449269510164,-0.0022689280275926286
0.006415114085480923,1.1305866385350327,0.004760989958114985,0.021847814573393687,0.005934119456780721
-0.0017395301094283765,-0.5708474047189906,0.004760989958114985,0.021847814573393687,0.005934119456780721
-0.0017395301094283765,-0.5708474047189906,0.007225581291783428,0.012156365303883523,0.0017453292519943296
-0.01652698425908713,-0.2023389506057508,0.007225581291783428,0.012156365303883523,0.0017453292519943296
-0.01652698425908713,-0.2023389506057508,0.007227702588229657,0.012155103850753317,0.0005235987755982988
0.00395303794378152,0.27846311609670266,0.007227702588229657,0.012155103850753317,0.0005235987755982988
0.00395303794378152,0.27846311609670266,0.00706539409507675,0.012155103850753317,0.0022689280275926286
-0.001911487884321672,-1.1663645034625418,0.00706539409507675,0.012155103850753317,0.0022689280275926286
-0.001911487884321672,-1.1663645034625418,0.0,-0.0,-0.006108652381980154
0.0034602602779035705,1.0686446773273195,0.0,-0.0,-0.006108652381980154
0.0034602602779035705,1.0686446773273195,0.007225581291783428,0.012156365303883523,0.0017453292519943296
0.001880374931824187,-0.14159304744433068,0.007225581291783428,0.012156365303883523,0.0017453292519943296
0.001880374931824187,-0.14159304744433068,0.007225581291783428,0.012156365303883523,0.0006981317007977319
0.026025641859448816,-0.27149189133402907,0.007225581291783428,0.012156365303883523,0.0006981317007977319
0.026025641859448816,-0.27149189133402907,0.007063272798630521,0.012156365303883523,-0.0015707963267948964
0.021205846657988258,0.647376472089467,0.007063272798630521,0.012156365303883523,-0.0015707963267948964
0.021205846657988258,0.647376472089467,0.00706539409507675,0.012155103850753317,0.003141592653589793
-0.013584986643734287,-0.08962445248648661,0.00706539409507675,0.012155103850753317,0.003141592653589793
-0.013584986643734287,-0.08962445248648661,0.007227702588229657,0.012155103850753317,0.0027925268031909274
-0.004454609258971355,-0.8138709764909864,0.007227702588229657,0.012155103850753317,0.0027925268031909274
-0.004454609258971355,-0.8138709764909864,-0.0003246169863058143,-0.0,-0.003839724354387525
-0.028002483939609895,0.7409274020504986,-0.0003246169863058143,-0.0,-0.003839724354387525
-0.028002483939609895,0.7409274020504986,0.007390011081382564,0.012155103850753317,0.0022689280275926286
-0.028002483939609895,0.7409274020504986,0.007390011081382564,0.012155103850753317,0.0022689280275926286
0.027647359149353536,-0.048084740551368695,0.00706539409507675,0.012155103850753317,0.0012217304763960308
-0.004311657347072517,-0.7219183425140182,0.00706539409507675,0.012155103850753317,0.0012217304763960308
-0.004311657347072517,-0.7219183425140182,0.0,-0.0,-0.003665191429188092
0.013904432562794989,0.24369751450157304,0.0,-0.0,-0.003665191429188092
0.013904432562794989,0.24369751450157304,-0.0024645913336684426,0.009691449269510164,-0.0020943951023931952
0.02116689086803315,0.4571286350926099,-0.0024645913336684426,0.009691449269510164,-0.0020943951023931952
0.02116689086803315,0.4571286350926099,0.007063272798630521,0.012156365303883523,0.0012217304763960308
-0.004340704519050891,0.43355110538592295,0.007063272798630521,0.012156365303883523,0.0012217304763960308
-0.004340704519050891,0.43355110538592295,0.007227702588229657,0.012155103850753317,0.004363323129985824
-0.027659072190572856,-0.35062619013743934,0.007227702588229657,0.012155103850753317,0.004363323129985824
-0.027659072190572856,-0.35062619013743934,0.00706539409507675,0.012155103850753317,0.0017453292519943296
-0.009854915848122208,-0.3306341706278773,0.00706539409507675,0.012155103850753317,0.0017453292519943296
-0.009855854761258614,-0.33224869967947585,0.007227702588229657,0.012155103850753317,-0.0005235987755982988
0.009874944866164321,-0.308378896407418,0.007227702588229657,0.012155103850753317,-0.0005235987755982988
0.00987581601229347,-0.3066597308669289,0.0,-0.0,-0.0027925268031909274
0.029363380133411363,-0.017690477436623817,0.0,-0.0,-0.0027925268031909274
0.029363380133411363,-0.017690477436623817,0.0,-0.0,-0.0027925268031909274
-0.00306583529748383,1.5822251314118407,0.0,-0.0,-0.0027925268031909274
-0.00306583529748383,1.5822251314118407,0.004602494053111601,0.021846983181657936,0.008552113334772215
0.014627506720049348,-1.4805175744088601,0.004602494053111601,0.021846983181657936,0.008552113334772215
0.014627506720049348,-1.4805175744088601,0.007227702588229657,0.012155103850753317,-0.0020943951023931952
0.008948140763361551,-0.37900127173807047,0.007227702588229657,0.012155103850753317,-0.0020943951023931952
0.008948140763361551,-0.37900127173807047,0.0,-0.0,-0.005061454830783556
0.004086327539283337,1.7153205672696656,0.0,-0.0,-0.005061454830783556
0.004086327539283337,1.7153205672696656,0.004602494053111601,0.021846983181657936,0.007504915783575617
-0.014266503341083361,-1.5732507087855796,0.004602494053111601,0.021846983181657936,0.007504915783575617
-0.014266503341083361,-1.5732507087855796,-0.00016230849315290716,-0.0,-0.0041887902047863905
-0.0030495578416555214,0.9779280605229594,-0.00016230849315290716,-0.0,-0.0041887902047863905
-0.0030495578416555214,0.9779280605229594,0.007227702588229657,0.012155103850753317,0.003141592653589793
0.02181206850107433,-0.9277708768895264,0.007227702588229657,0.012155103850753317,0.003141592653589793
0.02181206850107433,-0.9277708768895264,0.0,-0.0,-0.004014257279586958
-0.009948817273297049,0.9247554156935592,0.0,-0.0,-0.004014257279586958
-0.009948817273297049,0.9247554156935592,0.007227702588229657,0.012155103850753317,0.002617993877991494
-0.00528783604394165,0.39118560604123,0.007227702588229657,0.012155103850753317,0.002617993877991494
-0.00528783604394165,0.39118560604123,0.004764802546264509,0.021846983181657936,0.0054105206811824215
0.013034823475479507,-1.669971591297194,0.004764802546264509,0.021846983181657936,0.0054105206811824215
0.013030090267410106,-1.6717247053868618,0.0,-0.0,-0.006981317007977318
0.004143538807497282,0.7684254656390899,0.0,-0.0,-0.006981317007977318
0.004141359650577481,0.7700829840508807,0.007227702588229657,0.012155103850753317,-0.0013962634015954637
-0.01919633458279184,0.7664814902032298,0.007227702588229657,0.012155103850753317,-0.0013962634015954637
-0.019194165729719843,0.7647523310174351,0.007227702588229657,0.012155103850753317,0.0041887902047863905
-0.010409919605454591,-0.11892714131512337,0.007227702588229657,0.012155103850753317,0.0041887902047863905
-0.01040958513725193,-0.11721104186210342,0.007227702588229657,0.012155103850753317,0.003141592653589793
0.003275000803770185,-0.7886765032079558,0.007227702588229657,0.012155103850753317,0.003141592653589793
0.003275000803770185,-0.7886765032079558,0.00706539409507675,0.012155103850753317,-0.002617993877991494
-0.0023363189529469796,-0.402181891390496,0.00706539409507675,0.012155103850753317,-0.002617993877991494
-0.0023363189529469796,-0.402181891390496,0.0,-0.0,-0.0054105206811824215
-0.02223224867901626,1.1893453274833912,0.0,-0.0,-0.0054105206811824215
-0.02223224867901626,1.1893453274833912,0.007227702588229657,0.012155103850753317,0.0033161255787892262
-0.00400350564046673,-0.3362335344556072,0.007227702588229657,0.012155103850753317,0.0033161255787892262
-0.00400350564046673,-0.3362335344556072,0.007227702588229657,0.012155103850753317,0.0008726646259971648
0.023644842196582482,-0.35742161201146244,0.007227702588229657,0.012155103850753317,0.0008726646259971648
0.023644842196582482,-0.35742161201146244,0.007227702588229657,0.012155103850753317,-0.0017453292519943296
-0.004681110400106059,1.0986260467372768,0.007227702588229657,0.012155103850753317,-0.0017453292519943296
-0.0031186810796449693,1.0986260467372768,0.004764788974097638,0.021846983181657936,0.006457718232379019
-0.009423085475799542,-0.710748918217856,0.004764788974097638,0.021846983181657936,0.006457718232379019
-0.011343946945992623,-0.710748918217856,0.00706539409507675,0.012155103850753317,0.0008726646259971648
-0.013111507357363305,-0.5688415429136486,0.00706539409507675,0.012155103850753317,0.0008726646259971648
-0.013111507357363305,-0.5688415429136486,0.0,-0.0,-0.003141592653589793
0.020021831684630165,0.32882542324522046,0.0,-0.0,-0.003141592653589793
0.02002276059749435,0.32699714629292004,0.00706539409507675,0.012155103850753317,-0.0008726646259971648
-0.012589783366524115,0.8820115179773298,0.00706539409507675,0.012155103850753317,-0.0008726646259971648
-0.012589783366524115,0.8820115179773298,0.004764802546264509,0.021846983181657936,0.005759586531581287
0.0065536028503064515,-1.342827944411598,0.004764802546264509,0.021846983181657936,0.005759586531581287
0.006557404300178228,-1.3410369464400453,0.0,-0.0,-0.0041887902047863905
0.03275957371132507,0.646582651980944,0.0,-0.0,-0.0041887902047863905
0.03276140303537703,0.6449399940029156,0.007227702588229657,0.012155103850753317,0.0005235987755982988
0.028454121166323464,0.7434820098654252,0.007227702588229657,0.012155103850753317,0.0005235987755982988
0.028454121166323464,0.7434820098654252,0.004602494053111601,0.021846983181657936,0.005585053606381855
-0.02056219300040781,-1.1401088013234026,0.004602494053111601,0.021846983181657936,0.005585053606381855
-0.02056219300040781,-1.1401088013234026,0.00706539409507675,0.012155103850753317,-0.002617993877991494
-0.008005047532997333,0.3228063439547348,0.00706539409507675,0.012155103850753317,-0.002617993877991494
-0.008005047532997333,0.3228063439547348,0.007227702588229657,0.012155103850753317,-0.00017453292519943296
0.04033936083994317,-0.13161137099479786,0.007227702588229657,0.012155103850753317,-0.00017453292519943296
0.04033936083994317,-0.13161137099479786,0.007227702588229657,0.012155103850753317,-0.0008726646259971648
0.03160781693903546,-0.004869753325776033,0.007227702588229657,0.012155103850753317,-0.0008726646259971648
0.03160781693903546,-0.004869753325776033,0.00706539409507675,0.012155103850753317,-0.0013962634015954637
-0.019825568217684473,0.013588583913343623,0.00706539409507675,0.012155103850753317,-0.0013962634015954637
-0.019825568217684473,0.013588583913343623,0.007227702588229657,0.012155103850753317,-0.0008726646259971648
0.000934223852316558,0.31471074666777976,0.007227702588229657,0.012155103850753317,-0.0008726646259971648
0.000934223852316558,0.31471074666777976,0.007227702588229657,0.012155103850753317,0.0013962634015954637
0.033061934013705774,0.28990628709038424,0.007227702588229657,0.012155103850753317,0.0013962634015954637
0.03306111027849959,0.2916597137322417,0.007227702588229657,0.012155103850753317,0.0033161255787892262
-0.0013957160914130117,-0.6000242982534076,0.007227702588229657,0.012155103850753317,0.0033161255787892262
-0.0013957160914130117,-0.6000242982534076,0.007227702588229657,0.012155103850753317,-0.0010471975511965976
-0.02266711807972981,-0.14278910549062382,0.007227702588229657,0.012155103850753317,-0.0010471975511965976
-0.022667524971536974,-0.1444809289361645,0.007227702588229657,0.012155103850753317,-0.0019198621771937625
0.004125414895765285,0.15240409941466346,0.007227702588229657,0.012155103850753317,-0.0019198621771937625
0.004124980662978002,0.154168963918243,0.007227702588229657,0.012155103850753317,-0.0010471975511965976
0.019152812874138617,1.198143947221002,0.007227702588229657,0.012155103850753317,-0.0010471975511965976
0.020759891808020615,1.196540064923936,0.004764788974097638,0.021846983181657936,0.007853981633974483
0.015443861168032102,-1.631590201944321,0.004764788974097638,0.021846983181657936,0.007853981633974483
0.01347584745291189,-1.629617281641352,0.0095282941370419,0.002463224519848699,-0.004537856055185257
-0.0581875260197232,0.13460582176399458,0.0095282941370419,0.002463224519848699,-0.004537856055185257
-0.0581875260197232,0.13460582176399458,0.009690602630194806,0.002463224519848699,-0.003141592653589793
0.015779412288766493,1.3592042349164246,0.009690602630194806,0.002463224519848699,-0.003141592653589793
0.015779412288766493,1.3592042349164246,0.004764802546264509,0.021846983181657936,0.006457718232379019
0.023394814945327153,-1.614422814025734,0.004764802546264509,0.021846983181657936,0.006457718232379019
0.023390238939019693,-1.6162873316103255,0.0095282941370419,0.002463224519848699,-0.005585053606381855
-0.018177885345217106,1.0929924280798995,0.0095282941370419,0.002463224519848699,-0.005585053606381855
-0.018180983905781625,1.09462497889361,0.007227702588229657,0.012155103850753317,0.0024434609527920616
-0.03237199511621932,-0.7071314407196789,0.007227702588229657,0.012155103850753317,0.0024434609527920616
-0.032374000539109625,-0.7087188974714362,0.007227702588229657,0.012155103850753317,-0.002617993877991494
0.01167484714585203,0.6768127304310825,0.007227702588229657,0.012155103850753317,-0.002617993877991494
0.01167484714585203,0.6768127304310825,0.007227702588229657,0.012155103850753317,0.0022689280275926286
0.011691210469767333,-0.353963182951443,0.007227702588229657,0.012155103850753317,0.0022689280275926286
0.013429670540053035,-0.353963182951443,0.007227682000684913,0.012155103850753317,-0.0005235987755982988
-0.023021984881704267,-0.005082255118618265,0.007227682000684913,0.012155103850753317,-0.0005235987755982988
-0.02479818998283874,-0.005082255118618265,0.007227702588229657,0.012155103850753317,-0.0005235987755982988
-0.0108281283663455,1.0309581131036991,0.007227702588229657,0.012155103850753317,-0.0005235987755982988
-0.0108281283663455,1.0309581131036991,0.004764802546264509,0.021846983181657936,0.006806784082777886
0.015572065870445056,-0.9394251405733016,0.004764802546264509,0.021846983181657936,0.006806784082777886
0.015572065870445056,-0.9394251405733016,0.007227702588229657,0.012155103850753317,-0.0
0.013196030311750168,-0.4203272964620977,0.007227702588229657,0.012155103850753317,-0.0
0.013196030311750168,-0.4203272964620977,0.00706539409507675,0.012155103850753317,-0.0029670597283903604
-0.03725205822252464,0.4457278158089556,0.00706539409507675,0.012155103850753317,-0.0029670597283903604
-0.03582478831201859,0.4457278158089556,0.0073917355906985335,0.012155103850753317,0.0006981317007977319
0.01850282041067965,-0.2588354678523228,0.0073917355906985335,0.012155103850753317,0.0006981317007977319
0.01639127465629987,-0.2588354678523228,0.00706539409507675,0.012155103850753317,-0.0019198621771937625
0.01639127465629987,-0.2588354678523228,0.00706539409507675,0.012155103850753317,-0.0019198621771937625
0.01149945773198403,0.2690992865926045,0.0073917355906985335,0.012155103850753317,0.0005235987755982988
0.01149945773198403,0.2690992865926045,0.0073917355906985335,0.012155103850753317,0.0005235987755982988
0.038890305645418136,1.2940084282848388,0.004606306496116937,0.02184615112442502,0.00942477796076938
-0.02807348674900723,-3.05906015530036,0.004606306496116937,0.02184615112442502,0.00942477796076938
-0.02807348674900723,-3.05906015530036,0.002462900041965149,-0.009691879330904618,-0.012391837689159739
0.013345607032174956,1.861846025845192,0.002462900041965149,-0.009691879330904618,-0.012391837689159739
0.015101854725223601,1.861846025845192,0.007227682000684913,0.012155103850753317,0.0010471975511965976
0.055778440638172624,0.3465371510305236,0.007227682000684913,0.012155103850753317,0.0010471975511965976
0.05390862228547244,0.3465371510305236,0.00706539409507675,0.012155103850753317,0.003141592653589793
-0.0030686735913071196,-0.8905655494621562,0.00706539409507675,0.012155103850753317,0.003141592653589793
-0.0030686735913071196,-0.8905655494621562,0.009690602630194806,0.002463224519848699,-0.003141592653589793
-0.02277428797080765,1.0261841524492876,0.009690602630194806,0.002463224519848699,-0.003141592653589793
-0.021083839714537488,1.0261841524492876,0.007227682000684913,0.012155103850753317,0.0041887902047863905
0.013151862354024857,-0.9108277087122553,0.007227682000684913,0.012155103850753317,0.0041887902047863905
0.011309983839069193,-0.9108277087122553,0.00706539409507675,0.012155103850753317,-0.002617993877991494
0.02967077444180272,0.7929710913582202,0.00706539409507675,0.012155103850753317,-0.002617993877991494
0.03117020409908055,0.7944729814583712,0.0073917355906985335,0.012155103850753317,0.0033161255787892262
0.016485491499356193,-0.2303304418608922,0.0073917355906985335,0.012155103850753317,0.0033161255787892262
0.016484829311867906,-0.232208027729675,0.007227682000684913,0.012155103850753317,0.0013962634015954637
-0.0186214978090269,0.02135985674233751,0.007227682000684913,0.012155103850753317,0.0013962634015954637
-0.02033820181942066,0.023076725924005937,0.007227702588229657,0.012155103850753317,0.0013962634015954637
0.020083305983206744,-0.8766040938654682,0.007227702588229657,0.012155103850753317,0.0013962634015954637
0.020083305983206744,-0.8766040938654682,0.009690602630194806,0.002463224519848699,-0.005061454830783556
0.017200008044331448,0.20254139291194487,0.009690602630194806,0.002463224519848699,-0.005061454830783556
0.01720057956516877,0.20095852460212071,0.009690602630194806,0.002463224519848699,-0.0033161255787892262
-0.016929350833918822,1.0305139509837418,0.009690602630194806,0.002463224519848699,-0.0033161255787892262
-0.015179012555660492,1.0322674600393549,0.007227682000684913,0.012155103850753317,0.0041887902047863905
-0.021153360413851026,-0.5992304781448847,0.007227682000684913,0.012155103850753317,0.0041887902047863905
-0.02295114279843917,-0.6010267903546377,0.007227702588229657,0.012155103850753317,-0.00017453292519943296
0.012630757427023503,0.34438183103043296,0.007227702588229657,0.012155103850753317,-0.00017453292519943296
0.012629779531413848,0.3460230887244263,0.007227702588229657,0.012155103850753317,0.0024434609527920616
0.01213334935604939,-0.2810816672384085,0.007227702588229657,0.012155103850753317,0.0024434609527920616
0.012132550633524714,-0.28282510878637684,0.007227702588229657,0.012155103850753317,0.0005235987755982988
-0.025670707535834354,-0.02174478534363574,0.007227702588229657,0.012155103850753317,0.0005235987755982988
-0.02401134091104735,-0.020085257470964325,0.007227682000684913,0.012155103850753317,0.0005235987755982988
-0.014694018502435829,-0.20754140437921934,0.007227682000684913,0.012155103850753317,0.0005235987755982988
-0.016452437578100044,-0.20754140437921934,0.007227702588229657,0.012155103850753317,-0.0010471975511965976
-0.016452437578100044,-0.20754140437921934,0.007227702588229657,0.012155103850753317,-0.0010471975511965976
0.01643119000554195,-0.0048987816806092795,0.007227702588229657,0.012155103850753317,-0.0010471975511965976
0.014909976153599753,0.4463348093166744,0.007227702588229657,0.012155103850753317,-0.0010471975511965976
0.014909976153599753,0.4463348093166744,0.007227702588229657,0.012155103850753317,0.0020943951023931952
-0.03905046247642947,-0.0684443667558944,0.007227702588229657,0.012155103850753317,0.0020943951023931952
-0.0390506586659287,-0.07006755020397781,0.007227702588229657,0.012155103850753317,0.0017453292519943296
-0.01646869370016765,-0.04371810247386808,0.007227702588229657,0.012155103850753317,0.0017453292519943296
-0.014817966695836866,-0.04371810247386808,0.00722980307092101,0.012153842027357474,0.0015707963267948964
0.037263007519366696,-0.9208661242064587,0.00722980307092101,0.012153842027357474,0.0015707963267948964
0.035377397287808345,-0.9208661242064587,0.0095282941370419,0.002463224519848699,-0.005585053606381855
0.00821966620477781,1.498994714038244,0.0095282941370419,0.002463224519848699,-0.005585053606381855
0.00821966620477781,1.498994714038244,0.004768614989269844,0.02184615112442502,0.0054105206811824215
-0.06024183030642916,-0.3477177397408905,0.004768614989269844,0.02184615112442502,0.0054105206811824215
-0.058739188315168805,-0.3477177397408905,0.007393856660934631,0.012153842027357474,0.003141592653589793
-0.058739188315168805,-0.3477177397408905,0.007393856660934631,0.012153842027357474,0.003141592653589793
0.008923238561183938,-0.7209317915000034,0.00722980307092101,0.012153842027357474,-0.0024434609527920616
0.047692446015695736,-0.09341968575950521,0.00722980307092101,0.012153842027357474,-0.0024434609527920616
0.047692446015695736,-0.09341968575950521,0.00969057502727219,0.002463224519848699,-0.0033161255787892262
0.017358180438233818,0.1902442866608448,0.00969057502727219,0.002463224519848699,-0.0033161255787892262
0.015471557809581477,0.1902442866608448,0.00706539409507675,0.012155103850753317,-0.0022689280275926286
-0.05486230122415396,1.2722395979505714,0.00706539409507675,0.012155103850753317,-0.0022689280275926286
-0.05486230122415396,1.2722395979505714,0.004768614989269844,0.02184615112442502,0.007330382858376184
0.01693752615553305,-2.0469550809497967,0.004768614989269844,0.02184615112442502,0.007330382858376184
0.01693752615553305,-2.0469550809497967,0.009690602630194806,0.002463224519848699,-0.00767944870877505
0.029093632583751198,0.9006631984750187,0.009690602630194806,0.002463224519848699,-0.00767944870877505
0.030804164192980172,0.9006631984750187,0.007227682000684913,0.012155103850753317,-0.0010471975511965976
0.004092106696523173,0.1865711520391901,0.007227682000684913,0.012155103850753317,-0.0010471975511965976
0.00213385287108637,0.1865711520391901,0.00706539409507675,0.012155103850753317,-0.00017453292519943296
-0.024562523458431598,0.6670059752639941,0.00706539409507675,0.012155103850753317,-0.00017453292519943296
-0.024562523458431598,0.6670059752639941,0.004764802546264509,0.021846983181657936,0.004886921905584123
0.031177539350819686,-0.784584600225491,0.004764802546264509,0.021846983181657936,0.004886921905584123
0.03269544198010104,-0.784584600225491,0.0073917355906985335,0.012155103850753317,-0.0006981317007977319
0.048557964747229475,0.38755997871297926,0.0073917355906985335,0.012155103850753317,-0.0006981317007977319
0.046552206005671455,0.38755997871297926,0.007067515171354567,0.012153842027357474,0.0015707963267948964
-0.04708787836472321,0.05032794512676815,0.007067515171354567,0.012153842027357474,0.0015707963267948964
-0.04708787836472321,0.05032794512676815,0.007229823664507474,0.012153842027357474,0.0022689280275926286
-0.009346696497501075,-1.402826777049704,0.007229823664507474,0.012153842027357474,0.0022689280275926286
-0.009346696497501075,-1.402826777049704,0.009690602630194806,0.002463224519848699,-0.00820304748437335
0.04736081329477891,1.7125479327297117,0.009690602630194806,0.002463224519848699,-0.00820304748437335
0.04735595971442917,1.7141325010486357,0.004764802546264509,0.021846983181657936,0.004537856055185257
0.010472561617774812,-0.7255251642451779,0.004764802546264509,0.021846983181657936,0.004537856055185257
0.01047050389318709,-0.7272507403071291,0.007227702588229657,0.012155103850753317,-0.0006981317007977319
-0.027789210316571986,-0.1525301941576965,0.007227702588229657,0.012155103850753317,-0.0006981317007977319
-0.027789210316571986,-0.1525301941576965,0.007227702588229657,0.012155103850753317,-0.0019198621771937625
0.021310992016835516,0.4857696551206506,0.007227702588229657,0.012155103850753317,-0.0019198621771937625
0.021310992016835516,0.4857696551206506,0.007227702588229657,0.012155103850753317,0.0015707963267948964
0.017357549893251566,-0.4346491784253324,0.007227702588229657,0.012155103850753317,0.0015707963267948964
0.017357549893251566,-0.4346491784253324,0.007227702588229657,0.012155103850753317,-0.0015707963267948964
-0.029582142336047498,1.1450809916927422,0.007227702588229657,0.012155103850753317,-0.0015707963267948964
-0.02807240757188272,1.1450809916927422,0.004932654996257149,0.02184615112442502,0.007155849933176752
-0.014192617069467367,-0.6799552958829707,0.004932654996257149,0.02184615112442502,0.007155849933176752
-0.016169116911872318,-0.6799552958829707,0.007229823664507474,0.012153842027357474,0.0019198621771937625
0.014305407447414719,-1.4929680297015704,0.007229823664507474,0.012153842027357474,0.0019198621771937625
0.014305407447414719,-1.4929680297015704,0.009690602630194806,0.002463224519848699,-0.00890117918517108
0.011947054750962426,1.6537425902552085,0.009690602630194806,0.002463224519848699,-0.00890117918517108
0.013580748299590545,1.6537425902552085,0.007227682000684913,0.012155103850753317,0.003141592653589793
-0.006821163383252287,-0.42612857755269284,0.007227682000684913,0.012155103850753317,0.003141592653589793
-0.008768498047462698,-0.42417977270540014,0.00706539409507675,0.012155103850753317,-0.00034906585039886593
-0.011158631107178536,0.2073496005729063,0.00706539409507675,0.012155103850753317,-0.00034906585039886593
-0.011158045685947877,0.20596414558364742,0.007390011081382564,0.012155103850753317,0.0017453292519943296
0.019602295810286403,0.7262826533896044,0.007390011081382564,0.012155103850753317,0.0017453292519943296
0.019602295810286403,0.7262826533896044,0.004768614989269844,0.02184615112442502,0.0066322511575784525
-0.011620719977787767,-1.5129985286245544,0.004768614989269844,0.02184615112442502,0.0066322511575784525
-0.009917868875947356,-1.5129985286245544,0.009691004735598493,0.00246153293028993,-0.004363323129985824
0.004095039904005737,0.9129032660347359,0.009691004735598493,0.00246153293028993,-0.004363323129985824
0.0022431284669460505,0.9129032660347359,0.007067515171354567,0.012153842027357474,0.0020943951023931952
-0.02807042432490694,-0.9428666148678413,0.007067515171354567,0.012153842027357474,0.0020943951023931952
-0.02807042432490694,-0.9428666148678413,0.009690602630194806,0.002463224519848699,-0.004537856055185257
0.04164756783481122,1.331775109934447,0.009690602630194806,0.002463224519848699,-0.004537856055185257
0.04164756783481122,1.331775109934447,0.004768614989269844,0.02184615112442502,0.004886921905584123
0.003296593162902639,-0.43460284635990937,0.004768614989269844,0.02184615112442502,0.004886921905584123
0.003296593162902639,-0.43460284635990937,0.007229823664507474,0.012153842027357474,0.0019198621771937625
-0.03368806043712379,-0.8275230725840449,0.007229823664507474,0.012153842027357474,0.0019198621771937625
-0.03368806043712379,-0.8275230725840449,0.009691032339745104,0.00246153293028993,-0.0041887902047863905
0.03805948445651047,1.102799183246988,0.009691032339745104,0.00246153293028993,-0.0041887902047863905
0.03805948445651047,1.102799183246988,0.007229823664507474,0.012153842027357474,0.003490658503988659
0.012019771564075233,-1.1137593535932928,0.007229823664507474,0.012153842027357474,0.003490658503988659
0.012019771564075233,-1.1137593535932928,0.009691032339745104,0.00246153293028993,-0.004537856055185257
-0.042632028354289246,0.8373618877386424,0.009691032339745104,0.00246153293028993,-0.004537856055185257
-0.042632028354289246,0.8373618877386424,0.007392132157660381,0.012153842027357474,0.0017453292519943296
0.02622133529859168,-0.7186374753036436,0.007392132157660381,0.012153842027357474,0.0017453292519943296
0.02622133529859168,-0.7186374753036436,0.009690602630194806,0.002463224519848699,-0.003665191429188092
0.022564938381790436,1.0903002818290053,0.009690602630194806,0.002463224519848699,-0.003665191429188092
0.024094633928633185,1.091833288805008,0.007393856660934631,0.012153842027357474,0.00471238898038469
-0.0110033585273206,-1.054872702807114,0.007393856660934631,0.012153842027357474,0.00471238898038469
-0.012910401025662722,-1.0567769916640424,0.009690602630194806,0.002463224519848699,-0.003490658503988659
-0.0014495706623301296,0.3744044133821974,0.009690602630194806,0.002463224519848699,-0.003490658503988659
-0.0014495706623301296,0.3744044133821974,0.007227702588229657,0.012155103850753317,-0.0006981317007977319
0.028433245789774058,0.2730584286036747,0.007227702588229657,0.012155103850753317,-0.0006981317007977319
0.028433245789774058,0.2730584286036747,0.007229823664507474,0.012153842027357474,0.0012217304763960308
-0.005062235072031161,-0.4606007961009077,0.007229823664507474,0.012153842027357474,0.0012217304763960308
-0.005062235072031161,-0.4606007961009077,0.007227702588229657,0.012155103850753317,-0.0022689280275926286
0.025443729473585457,0.6260103211126885,0.007227702588229657,0.012155103850753317,-0.0022689280275926286
0.025443729473585457,0.6260103211126885,0.007229823664507474,0.012153842027357474,0.0020943951023931952
-0.020988160717250546,-0.4496277243013666,0.007229823664507474,0.012153842027357474,0.0020943951023931952
-0.020988160717250546,-0.4496277243013666,0.007390011081382564,0.012155103850753317,-0.0006981317007977319
0.014460487097474295,0.49800972268036786,0.007390011081382564,0.012155103850753317,-0.0006981317007977319
0.014460487097474295,0.49800972268036786,0.007229823664507474,0.012153842027357474,0.0022689280275926286
0.005832607084769725,-0.5885087304023823,0.007229823664507474,0.012153842027357474,0.0022689280275926286
0.005832607084769725,-0.5885087304023823,0.007227702588229657,0.012155103850753317,-0.0017453292519943296
0.0020379502660961514,0.6176558899674682,0.007227702588229657,0.012155103850753317,-0.0017453292519943296
0.0020379502660961514,0.6176558899674682,0.007229823664507474,0.012153842027357474,0.002617993877991494
-0.013929726132222075,-0.31221820075649187,0.007229823664507474,0.012153842027357474,0.002617993877991494
-0.012359218127709815,-0.31221820075649187,0.007393856660934631,0.012153842027357474,0.00034906585039886593
0.014930437236921034,-0.366083412849164,0.007393856660934631,0.012153842027357474,0.00034906585039886593
0.014930437236921034,-0.366083412849164,0.00722980307092101,0.012153842027357474,-0.0024434609527920616
0.021911711250315623,0.7132005936553957,0.00722980307092101,0.012153842027357474,-0.0024434609527920616
0.020189398261595864,0.7132005936553957,0.007229823664507474,0.012153842027357474,0.002617993877991494
-0.0152996984699442,-0.7058877550242731,0.007229823664507474,0.012153842027357474,0.002617993877991494
-0.013743920036136387,-0.7058877550242731,0.007393856660934631,0.012153842027357474,-0.0022689280275926286
-0.006777550718239611,0.7406508674182622,0.007393856660934631,0.012153842027357474,-0.0022689280275926286
-0.006779674043888695,0.7424937307335095,0.00722980307092101,0.012153842027357474,0.0029670597283903604
0.007031058589360456,-0.8582156982234781,0.00722980307092101,0.012153842027357474,0.0029670597283903604
0.007028598889846305,-0.8598863031975922,0.00969057502727219,0.002463224519848699,-0.003490658503988659
-0.004780773816460854,1.4075209750265056,0.00969057502727219,0.002463224519848699,-0.003490658503988659
-0.004780773816460854,1.4075209750265056,0.004932654996257149,0.02184615112442502,0.006806784082777886
0.004685155015994214,-1.2473759048545168,0.004932654996257149,0.02184615112442502,0.006806784082777886
0.004685155015994214,-1.2473759048545168,0.00722980307092101,0.012153842027357474,-0.0024434609527920616
-0.009328752516210093,0.07543757062785188,0.00722980307092101,0.012153842027357474,-0.0024434609527920616
-0.009328752516210093,0.07543757062785188,0.00722980307092101,0.012153842027357474,-0.0019198621771937625
-0.013021225197491753,0.24511766065542778,0.00722980307092101,0.012153842027357474,-0.0019198621771937625
-0.013021225197491753,0.24511766065542778,0.00722980307092101,0.012153842027357474,-0.00017453292519943296
0.0203884317113665,0.02896495984391219,0.00722980307092101,0.012153842027357474,-0.00017453292519943296
0.0203884317113665,0.02896495984391219,0.00722980307092101,0.012153842027357474,-0.0
0.009925047435822731,0.7384028832873255,0.00722980307092101,0.012153842027357474,-0.0
0.008223867298129007,0.7384028832873255,0.004768614989269844,0.02184615112442502,0.0054105206811824215
-0.0015395292881960176,-1.4972978282360248,0.004768614989269844,0.02184615112442502,0.0054105206811824215
5.6677459616988335e-05,-1.4972978282360248,0.009855058325612114,0.00246153293028993,-0.005235987755982988
0.029951259964562847,0.9729020986728418,0.009855058325612114,0.00246153293028993,-0.005235987755982988
0.029951259964562847,0.9729020986728418,0.00722980307092101,0.012153842027357474,0.0017453292519943296
-0.018525879918534004,-0.8791211420115075,0.00722980307092101,0.012153842027357474,0.0017453292519943296
-0.018525879918534004,-0.8791211420115075,0.00969057502727219,0.002463224519848699,-0.004537856055185257
0.013630680376020244,0.8232061755028268,0.00969057502727219,0.002463224519848699,-0.004537856055185257
0.013630680376020244,0.8232061755028268,0.007393856660934631,0.012153842027357474,0.0015707963267948964
0.0007734986783784536,-0.5605679624541355,0.007393856660934631,0.012153842027357474,0.0015707963267948964
0.0007734986783784536,-0.5605679624541355,0.0073917355906985335,0.012155103850753317,-0.002617993877991494
-0.019162333769568614,1.3753702462058006,0.0073917355906985335,0.012155103850753317,-0.002617993877991494
-0.019162333769568614,1.3753702462058006,0.004768601406243528,0.02184615112442502,0.007155849933176752
0.01680517576610948,-1.0205552981671484,0.004768601406243528,0.02184615112442502,0.007155849933176752
0.01680517576610948,-1.0205552981671484,0.00722980307092101,0.012153842027357474,-0.00034906585039886593
-0.006209088389900102,-0.15292802421223076,0.00722980307092101,0.012153842027357474,-0.00034906585039886593
-0.006209088389900102,-0.15292802421223076,0.00722980307092101,0.012153842027357474,-0.0013962634015954637
-0.0027050182463871863,0.4918297700695112,0.00722980307092101,0.012153842027357474,-0.0013962634015954637
-0.0027050182463871863,0.4918297700695112,0.00722980307092101,0.012153842027357474,0.0020943951023931952
0.004552443800436873,-0.08527775640712722,0.00722980307092101,0.012153842027357474,0.0020943951023931952
0.004552443800436873,-0.08527775640712722,0.007393856660934631,0.012153842027357474,0.0013962634015954637
-0.000748153503054061,-0.46993621561688864,0.007393856660934631,0.012153842027357474,0.0013962634015954637
-0.000748153503054061,-0.46993621561688864,0.00722980307092101,0.012153842027357474,-0.0022689280275926286
0.02421164962833857,0.20837829944200328,0.00722980307092101,0.012153842027357474,-0.0022689280275926286
0.02421164962833857,0.20837829944200328,0.00722980307092101,0.012153842027357474,-0.0008726646259971648
0.0007699053409949141,0.17575623497019086,0.00722980307092101,0.012153842027357474,-0.0008726646259971648
0.0007699053409949141,0.17575623497019086,0.00722980307092101,0.012153842027357474,0.0005235987755982988
-0.002871875169690524,-0.234900173980569,0.00722980307092101,0.012153842027357474,0.0005235987755982988
-0.002871875169690524,-0.234900173980569,0.00722980307092101,0.012153842027357474,-0.0012217304763960308
0.030211454495859425,0.048551296646938774,0.00722980307092101,0.012153842027357474,-0.0012217304763960308
0.030211454495859425,0.048551296646938774,0.00722980307092101,0.012153842027357474,-0.0010471975511965976
0.0068162632859290195,0.4706521130483473,0.00722980307092101,0.012153842027357474,-0.0010471975511965976
0.0068162632859290195,0.4706521130483473,0.00722980307092101,0.012153842027357474,0.0024434609527920616
0.0025904727363050607,-0.3259760829377731,0.00722980307092101,0.012153842027357474,0.0024434609527920616
0.0025904727363050607,-0.3259760829377731,0.00722980307092101,0.012153842027357474,0.00017453292519943296
0.0024991011081786974,-0.1860869149348465,0.00722980307092101,0.012153842027357474,0.00017453292519943296
0.0024991011081786974,-0.1860869149348465,0.00722980307092101,0.012153842027357474,-0.0013962634015954637
0.0024991011081786974,-0.1860869149348465,0.00722980307092101,0.012153842027357474,-0.0013962634015954637
-0.014247877009980776,-0.16242961345563087,0.007227682000684913,0.012155103850753317,-0.0024434609527920616
0.0232165744320151,0.7263753175204505,0.007227682000684913,0.012155103850753317,-0.0024434609527920616
0.0232165744320151,0.7263753175204505,0.00722980307092101,0.012153842027357474,0.002617993877991494
0.013619807604521922,-0.11906613751139243,0.00722980307092101,0.012153842027357474,0.002617993877991494
0.011772951388148318,-0.11906613751139243,0.007229823664507474,0.012153842027357474,0.0013962634015954637
-0.017242850440595012,0.2901379474174994,0.007229823664507474,0.012153842027357474,0.0013962634015954637
-0.017242850440595012,0.2901379474174994,0.007392132157660381,0.012153842027357474,0.004014257279586958
0.022045599641470164,-1.1537276873084148,0.007392132157660381,0.012153842027357474,0.004014257279586958
0.023787870003571597,-1.1537276873084148,0.009691004735598493,0.00246153293028993,-0.004537856055185257
0.004002040918362792,0.27792505338893225,0.009691004735598493,0.00246153293028993,-0.004537856055185257
0.002257492334816309,0.27792505338893225,0.007229823664507474,0.012153842027357474,-0.0024434609527920616
-0.006228276656176067,0.08697464220934657,0.007229823664507474,0.012153842027357474,-0.0024434609527920616
-0.0045749647574096445,0.08697464220934657,0.0073917355906985335,0.012155103850753317,-0.0017453292519943296
0.01669737204923441,0.4245773323189419,0.0073917355906985335,0.012155103850753317,-0.0017453292519943296
0.01669737204923441,0.4245773323189419,0.007227682000684913,0.012155103850753317,0.0010471975511965976
-0.015586893104344152,-0.6260437517248754,0.007227682000684913,0.012155103850753317,0.0010471975511965976
-0.015586893104344152,-0.6260437517248754,0.0073917355906985335,0.012155103850753317,-0.003141592653589793
0.004107985824554549,0.6184515500765368,0.0073917355906985335,0.012155103850753317,-0.003141592653589793
0.004107985824554549,0.6184515500765368,0.007227682000684913,0.012155103850753317,0.0010471975511965976
-0.004046967548233182,-0.6981164821952793,0.007227682000684913,0.012155103850753317,0.0010471975511965976
-0.004046967548233182,-0.6981164821952793,0.00969057502727219,0.002463224519848699,-0.004014257279586958
-0.0005260438441552717,1.1776567240991318,0.00969057502727219,0.002463224519848699,-0.004014257279586958
-0.0022224255664739,1.1776567240991318,0.004764802546264509,0.021846983181657936,0.00471238898038469
0.00026257462879778924,-0.876900331411721,0.004764802546264509,0.021846983181657936,0.00471238898038469
0.0017706398188344573,-0.876900331411721,0.0073917355906985335,0.012155103850753317,-0.0013962634015954637
0.040800684819744054,0.4730662669067033,0.0073917355906985335,0.012155103850753317,-0.0013962634015954637
0.03877106945630045,0.4730662669067033,0.007227702588229657,0.012155103850753317,0.0013962634015954637
-0.013004597431847075,-0.09428885146514701,0.007227702588229657,0.012155103850753317,0.0013962634015954637
-0.011531659984590631,-0.09428885146514701,0.0073917355906985335,0.012155103850753317,0.0012217304763960308
0.0165305151259311,-0.3021526117311382,0.0073917355906985335,0.012155103850753317,0.0012217304763960308
0.01465269666997684,-0.3021526117311382,0.007227702588229657,0.012155103850753317,-0.0013962634015954637
-0.010476490258182014,0.3767913937094032,0.007227702588229657,0.012155103850753317,-0.0013962634015954637
-0.010476490258182014,0.3767913937094032,0.007227702588229657,0.012155103850753317,0.0015707963267948964
0.014104539117937843,-0.3180194818470871,0.007227702588229657,0.012155103850753317,0.0015707963267948964
0.014104539117937843,-0.3180194818470871,0.007227702588229657,0.012155103850753317,-0.0010471975511965976
-0.002295709909141579,0.5369698944935789,0.007227702588229657,0.012155103850753317,-0.0010471975511965976
-0.002295709909141579,0.5369698944935789,0.007229823664507474,0.012153842027357474,0.0029670597283903604
-0.0056456318684897965,-0.3119130348328037,0.007229823664507474,0.012153842027357474,0.0029670597283903604
-0.0056456318684897965,-0.3119130348328037,0.007392132157660381,0.012153842027357474,0.0006981317007977319
0.010910596609671763,-0.010115049631295009,0.007392132157660381,0.012153842027357474,0.0006981317007977319
0.012533146441705051,-0.010115049631295009,0.007393856660934631,0.012153842027357474,0.0006981317007977319
0.007382766839319471,-0.35012387860236904,0.007393856660934631,0.012153842027357474,0.0006981317007977319
0.007382766839319471,-0.35012387860236904,0.00722980307092101,0.012153842027357474,-0.0022689280275926286
-0.0031576301246522775,0.4306837793332255,0.00722980307092101,0.012153842027357474,-0.0022689280275926286
-0.0031576301246522775,0.4306837793332255,0.00722980307092101,0.012153842027357474,0.0008726646259971648
0.03370606488702356,-0.0230309396380846,0.00722980307092101,0.012153842027357474,0.0008726646259971648
0.03196466471959444,-0.0230309396380846,0.007229823664507474,0.012153842027357474,0.0006981317007977319
0.019191187399814295,-0.11441201451897702,0.007229823664507474,0.012153842027357474,0.0006981317007977319
0.02079525060638492,-0.11441201451897702,0.007393856660934631,0.012153842027357474,0.00017453292519943296
0.07461792071778728,0.36373650750634445,0.007393856660934631,0.012153842027357474,0.00017453292519943296
0.07276044724023147,0.36373650750634445,0.007229823664507474,0.012153842027357474,0.002617993877991494
0.041106510633191026,-0.6746716825089059,0.007229823664507474,0.012153842027357474,0.002617993877991494
0.042623649576619155,-0.6746716825089059,0.007393856660934631,0.012153842027357474,-0.0019198621771937625
0.055963464176924896,0.8173585623468085,0.007393856660934631,0.012153842027357474,-0.0019198621771937625
0.0540916776625002,0.8173585623468085,0.007229823664507474,0.012153842027357474,0.003839724354387525
0.061409296835280826,-0.2791056420992991,0.007229823664507474,0.012153842027357474,0.003839724354387525
0.061409296835280826,-0.2791056420992991,0.007392132157660381,0.012153842027357474,0.0019198621771937625
0.07546654791077895,-0.4147576756986175,0.007392132157660381,0.012153842027357474,0.0019198621771937625
0.07546654791077895,-0.4147576756986175,0.007229823664507474,0.012153842027357474,-0.0012217304763960308
0.05059564576934975,-0.13549700740929474,0.007229823664507474,0.012153842027357474,-0.0012217304763960308
0.05059564576934975,-0.13549700740929474,0.007392132157660381,0.012153842027357474,-0.0019198621771937625
0.09695775509110781,0.40405633921057765,0.007392132157660381,0.012153842027357474,-0.0019198621771937625
0.09695775509110781,0.40405633921057765,0.016920856004252575,0.014615374957647405,0.0005235987755982988
0.08459553397404994,0.06897962562445706,0.016920856004252575,0.014615374957647405,0.0005235987755982988
0.08459553397404994,0.06897962562445706,0.017083164497405483,0.014615374957647405,0.0010471975511965976
0.10237791756941568,-0.6625242790800346,0.017083164497405483,0.014615374957647405,0.0010471975511965976
0.10237791756941568,-0.6625242790800346,0.019382064679490208,0.00492306586057986,-0.003839724354387525
0.10798790350370244,0.9935157559120521,0.019382064679490208,0.00492306586057986,-0.003839724354387525
0.10798790350370244,0.9935157559120521,0.017083164497405483,0.014615374957647405,0.003490658503988659
0.10207518495378075,0.05730355784669336,0.017083164497405483,0.014615374957647405,0.003490658503988659
0.10207518495378075,0.05730355784669336,0.017083164497405483,0.014615374957647405,0.003665191429188092
0.13516650996328244,-0.9559215010709,0.017083164497405483,0.014615374957647405,0.003665191429188092
0.13516650996328244,-0.9559215010709,0.019382064679490208,0.00492306586057986,-0.003490658503988659
0.11929530369950919,1.0913084437309162,0.019382064679490208,0.00492306586057986,-0.003490658503988659
0.11929530369950919,1.0913084437309162,0.016920856004252575,0.014615374957647405,0.004363323129985824
0.1528510458866238,0.254850910225943,0.016920856004252575,0.014615374957647405,0.004363323129985824
0.15120762827564133,0.254850910225943,0.02677252672658088,0.017076907887937334,0.006283185307179586
0.16709384892678572,-1.4118842041731468,0.02677252672658088,0.017076907887937334,0.006283185307179586
0.16709384892678572,-1.4118842041731468,0.01954268268871997,0.00492306586057986,-0.004014257279586958
0.15488303865061306,0.22871396428867552,0.01954268268871997,0.00492306586057986,-0.004014257279586958
0.15488303865061306,0.22871396428867552,0.02907317894605796,0.00738459879086979,-0.002617993877991494
0.20473158070555464,0.5237951706285241,0.02907317894605796,0.00738459879086979,-0.002617993877991494
0.20473158070555464,0.5237951706285241,0.02677252672658088,0.017076907887937334,0.0012217304763960308
0.19398391325231248,-0.5689223935993557,0.02677252672658088,0.017076907887937334,0.0012217304763960308
0.19398391325231248,-0.5689223935993557,0.029233742337405954,0.00738459879086979,-0.0029670597283903604
0.20964946482414137,0.6813278572272288,0.029233742337405954,0.00738459879086979,-0.0029670597283903604
0.20964946482414137,0.6813278572272288,0.02677252672658088,0.017076907887937334,0.0020943951023931952
0.24457196225109493,-0.7928655257741379,0.02677252672658088,0.017076907887937334,0.0020943951023931952
0.24457196225109493,-0.7928655257741379,0.029233742337405954,0.00738459879086979,-0.003839724354387525
0.217493911240976,1.4813975275078888,0.029233742337405954,0.00738459879086979,-0.003839724354387525
0.217493911240976,1.4813975275078888,0.03646358637526687,0.019538440818227264,0.006981317007977318
0.26558493677771333,-1.120615128651222,0.03646358637526687,0.019538440818227264,0.006981317007977318
0.26378525272324616,-1.120615128651222,0.03876434664968126,0.00984613172115972,-0.0013962634015954637
0.2479915460149261,-0.044374766386667694,0.03876434664968126,0.00984613172115972,-0.0013962634015954637
0.2479915460149261,-0.044374766386667694,0.0389231649343333,0.00984613172115972,-0.0012217304763960308
0.2961100860182754,0.25134394533170745,0.0389231649343333,0.00984613172115972,-0.0012217304763960308
0.2961100860182754,0.25134394533170745,0.04845543331210157,0.01230766465144965,0.00017453292519943296
0.3285395995055872,-0.6384228154808617,0.04845543331210157,0.01230766465144965,0.00017453292519943296
0.3285395995055872,-0.6384228154808617,0.05107547406819322,0.0026153555543821064,-0.0041887902047863905
0.3390278817584689,1.3543779174463288,0.05107547406819322,0.0026153555543821064,-0.0041887902047863905
0.3390278817584689,1.3543779174463288,0.046153029125314014,0.021999973748517195,0.005759586531581287
0.43390660383718993,-0.034401841492160135,0.046153029125314014,0.021999973748517195,0.005759586531581287
0.4319957004195673,-0.034401841492160135,0.055689718992060724,0.02445178616247733,0.005061454830783556
0.42571479758799174,-0.33653216614850706,0.055689718992060724,0.02445178616247733,0.005061454830783556
0.42571479758799174,-0.33653216614850706,0.05830632996641505,0.014759047594491478,0.003141592653589793
0.47387014166745306,-0.46064712816633074,0.05830632996641505,0.014759047594491478,0.003141592653589793
0.47387014166745306,-0.46064712816633074,0.05830632996641505,0.014759047594491478,-0.00034906585039886593
0.5437675474697261,0.9602178689931673,0.05830632996641505,0.014759047594491478,-0.00034906585039886593
0.5437675474697261,0.9602178689931673,0.06799787276529787,0.017218888860240058,0.0066322511575784525
0.5649790944887928,-1.2284462319642897,0.06799787276529787,0.017218888860240058,0.0066322511575784525
0.5649790944887928,-1.2284462319642897,0.07045741056653398,0.007526150292254205,-0.0022689280275926286
0.655271887671677,-0.0914768675522568,0.07045741056653398,0.007526150292254205,-0.0022689280275926286
0.653435682095223,-0.0914768675522568,0.07999209829427145,0.009985991558002786,-0.003141592653589793
0.6839030752023816,0.9949680799339201,0.07999209829427145,0.009985991558002786,-0.003141592653589793
0.6821739641317,0.9949680799339201,0.087224358173759,0.022138571391737215,0.003839724354387525
0.678402937697263,-0.09747149190142143,0.087224358173759,0.022138571391737215,0.003839724354387525
0.678402937697263,-0.09747149190142143,0.09968267053632453,0.014905674089499946,0.003490658503988659
0.764989260443907,0.39769105833802887,0.09968267053632453,0.014905674089499946,0.003490658503988659
0.764989260443907,0.39769105833802887,0.09953168731104822,0.014888327519115384,0.006108652381980154
0.7593204244218503,-0.8739030192371386,0.09953168731104822,0.014888327519115384,0.006108652381980154
0.7576237328241647,-0.8739030192371386,0.11168012355196776,0.007653309301745108,-0.00034906585039886593
0.7756917418609077,0.1080133030342413,0.11168012355196776,0.007653309301745108,-0.00034906585039886593
0.7739023170335212,0.1080133030342413,0.12122065548790192,0.010111458828021289,-0.0
0.7338207604041158,1.1791282066552728,0.12122065548790192,0.010111458828021289,-0.0
0.7338207604041158,1.1791282066552728,0.12875504407303534,0.022262776097943936,0.00890117918517108
0.7314478696258401,-0.3458404121333379,0.12875504407303534,0.022262776097943936,0.00890117918517108
0.7294544370829549,-0.3458404121333379,0.1284590765003045,0.022240353630979134,0.005585053606381855
0.6894731094480872,-1.6172491614468132,0.1284590765003045,0.022240353630979134,0.005585053606381855
0.6894731094480872,-1.6172491614468132,0.14321139999719137,0.005334590136927204,-0.006283185307179586
0.6751200036928076,1.3902752864852617,0.14321139999719137,0.005334590136927204,-0.006283185307179586
0.6734128327890493,1.3902752864852617,0.15044426382261794,0.017485907406849844,0.003665191429188092
0.6338696489631559,-0.10680691141740234,0.15044426382261794,0.017485907406849844,0.003665191429188092
0.6338696489631559,-0.10680691141740234,0.15044731307203238,0.017459672430791367,0.0029670597283903604
0.6332998431382516,0.03603323669468355,0.15044731307203238,0.017459672430791367,0.0029670597283903604
0.6314749736206035,0.03603323669468355,0.16013852979050772,0.01991613014271563,0.0027925268031909274
0.6311348584002228,0.1177002205393335,0.16013852979050772,0.01991613014271563,0.0027925268031909274
0.6311348584002228,0.1177002205393335,0.16013852979050772,0.01991613014271563,0.003665191429188092
0.6356795070796257,0.030112117942092096,0.16013852979050772,0.01991613014271563,0.003665191429188092
0.6339243756433266,0.031867353836353744,0.16982979064628717,0.022372587854639896,0.003490658503988659
0.6608355683897417,-0.32704333254724366,0.16982979064628717,0.022372587854639896,0.003490658503988659
0.6608347493631959,-0.3287608933195132,0.1819786006875469,0.015135448942527862,0.0010471975511965976
0.6625782935652855,0.8392120418150448,0.1819786006875469,0.015135448942527862,0.0010471975511965976
0.6609595210858691,0.8408288928797135,0.17952542507443578,0.024797734391114015,0.007155849933176752
0.6729940584038363,-1.1767667470677246,0.17952542507443578,0.024797734391114015,0.007155849933176752
0.6729940584038363,-1.1767667470677246,0.19167300210095728,0.0175584750047161,-0.0015707963267948964
0.7104461743392129,1.0778322152939288,0.19167300210095728,0.0175584750047161,-0.0015707963267948964
0.7104461743392129,1.0778322152939288,0.20136605860477058,0.020013240827460463,0.006108652381980154
0.710066617643201,-0.33263204060795637,0.20136605860477058,0.020013240827460463,0.006108652381980154
0.710066617643201,-0.33263204060795637,0.20136605860477058,0.020013240827460463,0.004014257279586958
0.7192028671376487,-0.727123460229241,0.20136605860477058,0.020013240827460463,0.004014257279586958
0.7174844258174985,-0.727123460229241,0.21351241373450203,0.012773981441062536,-0.0015707963267948964
0.7485505934217829,0.725706295017337,0.21351241373450203,0.012773981441062536,-0.0015707963267948964
0.7485505934217829,0.725706295017337,0.22320549400893325,0.015228747263806906,0.003839724354387525
0.717322711404824,0.06304478129260407,0.22320549400893325,0.015228747263806906,0.003839724354387525
0.717322711404824,0.06304478129260407,0.2230685264667647,0.015189810897531117,0.004363323129985824
0.6852745787540172,-0.13159037783516375,0.2230685264667647,0.015189810897531117,0.004363323129985824
0.6852745787540172,-0.13159037783516375,0.2329016567926485,0.017642884756319144,0.003665191429188092
0.7192648093287617,0.8392226050703873,0.2329016567926485,0.017642884756319144,0.003665191429188092
0.717524110440567,0.8392226050703873,0.24014116666552013,0.02979041211405856,0.009948376736367679
0.717524110440567,0.8392226050703873,0.24014116666552013,0.02979041211405856,0.009948376736367679
0.6762673546715463,-1.3861967998150946,0.2450486595347313,0.010358756215310044,-0.0
0.6558818954523055,0.5642437693841442,0.2450486595347313,0.010358756215310044,-0.0
0.6558818954523055,0.5642437693841442,0.25229147068185004,0.022505019528867378,0.0041887902047863905
0.692884085749489,0.49550105841889924,0.25229147068185004,0.022505019528867378,0.0041887902047863905
0.692884085749489,0.49550105841889924,0.26198543063454577,0.02495640134897416,0.008028514559173916
0.6847208427513441,-0.4509512304384592,0.26198543063454577,0.02495640134897416,0.008028514559173916
0.6847208427513441,-0.4509512304384592,0.2644365794401228,0.015261519855523611,0.004537856055185257
0.6818241254108859,0.03307939553317288,0.2644365794401228,0.015261519855523611,0.004537856055185257
0.6818241254108859,0.03307939553317288,0.2742715030524895,0.01766507611917519,0.005061454830783556
0.7500975266781856,0.42635078163237533,0.2742715030524895,0.01766507611917519,0.005061454830783556
0.7500975266781856,0.42635078163237533,0.2838280140215572,0.02011476582592738,0.00820304748437335
0.7040687821356479,-0.15158239734472587,0.2838280140215572,0.02011476582592738,0.00820304748437335
0.7040687821356479,-0.15158239734472587,0.2935263350303353,0.02251324506216251,0.007155849933176752
0.7276066745732329,0.18894255733863566,0.2935263350303353,0.02251324506216251,0.007155849933176752
0.7276066745732329,0.18894255733863566,0.2935263350303353,0.02251324506216251,0.008377580409572781
0.7579813354959513,-0.24031446387777866,0.2935263350303353,0.02251324506216251,0.008377580409572781
0.7579813354959513,-0.24031446387777866,0.30322550153309613,0.02490833916208191,0.006806784082777886
0.7070885907190475,-0.37300766179783335,0.30322550153309613,0.02490833916208191,0.006806784082777886
0.7053534001977394,-0.37300766179783335,0.31536582497247456,0.01765848071335293,0.003839724354387525
0.7226762666986124,0.8907916260322156,0.31536582497247456,0.01765848071335293,0.003839724354387525
0.7226762666986124,0.8907916260322156,0.32275114310291475,0.02980094967454006,0.010297442586766544
0.7448146386947193,-1.1351977317733088,0.32275114310291475,0.02980094967454006,0.010297442586766544
0.7465429224375569,-1.1351977317733088,0.3275081310662406,0.010408622264623937,0.0022689280275926286
0.7023790315107641,1.0434555319277974,0.3275081310662406,0.010408622264623937,0.0022689280275926286
0.70057687754447,1.0434555319277974,0.33476028587413725,0.02249268322387797,0.00942477796076938
0.7407557862643963,-0.6867531669228727,0.33476028587413725,0.02249268322387797,0.00942477796076938
0.7407557862643963,-0.6867531669228727,0.3372046722676745,0.012796092705790787,0.004363323129985824
0.746164313756399,1.1405813163189367,0.3372046722676745,0.012796092705790787,0.004363323129985824
0.746164313756399,1.1405813163189367,0.3444603246068583,0.024877195044409637,0.012740903539558606
0.6553098496659645,-0.5432714711103913,0.3444603246068583,0.024877195044409637,0.012740903539558606
0.6553098496659645,-0.5432714711103913,0.35415644308618704,0.027320115552040728,0.00820304748437335
0.7165445932592176,-0.20873213454200373,0.35415644308618704,0.027320115552040728,0.00820304748437335
0.7165445932592176,-0.20873213454200373,0.36629875198387857,0.02000210597313344,0.006806784082777886
0.717676738283701,0.11420090854964488,0.36629875198387857,0.02000210597313344,0.006806784082777886
0.717676738283701,0.11420090854964488,0.36629875198387857,0.02000210597313344,0.00767944870877505
0.6965010781452576,-0.12879602380480748,0.36629875198387857,0.02000210597313344,0.00767944870877505
0.6965010781452576,-0.12879602380480748,0.3761353391358657,0.022377727774508,0.006283185307179586
0.7689504529104937,1.1781412719444224,0.3761353391358657,0.022377727774508,0.006283185307179586
0.7670409476528948,1.1781412719444224,0.383121641847836,0.034515132421051,0.014486232791552936
0.7670409476528948,1.1781412719444224,0.383121641847836,0.034515132421051,0.014486232791552936
0.7138453761036908,-1.156764071791145,0.3858366348413093,0.024749963699280984,0.0066322511575784525
0.7064257836935431,0.5602373736569687,0.3858366348413093,0.024749963699280984,0.0066322511575784525
0.704548644007284,0.5602373736569687,0.3953970875228919,0.0271878065260269,0.009948376736367679
0.7386285105259816,0.4027759158674427,0.3953970875228919,0.0271878065260269,0.009948376736367679
0.7386285105259816,0.4027759158674427,0.4050996705759886,0.029554963644476608,0.012915436464758038
0.7108680456636964,-1.2618946558113722,0.4050996705759886,0.029554963644476608,0.012915436464758038
0.7108680456636964,-1.2618946558113722,0.4075356007034638,0.019856243491629146,0.003665191429188092
0.6935484709667127,0.25728835824961915,0.4075356007034638,0.019856243491629146,0.003665191429188092
0.6935484709667127,0.25728835824961915,0.417237329090397,0.022219589177118592,0.005061454830783556
0.7650567818031722,1.0426670397027833,0.417237329090397,0.022219589177118592,0.005061454830783556
0.7650567818031722,1.0426670397027833,0.42463574723698866,0.034353191705415384,0.012915436464758038
0.7282588308405401,-0.7495102597731436,0.42463574723698866,0.034353191705415384,0.012915436464758038
0.7282588308405401,-0.7495102597731436,0.43663858852441717,0.02701231302292482,0.007330382858376184
0.6970870418725233,0.7684846880668176,0.43663858852441717,0.02701231302292482,0.007330382858376184
0.6970870418725233,0.7684846880668176,0.4367776822954467,0.026936121376358414,0.012740903539558606
0.7600420806998511,-0.5640599746702306,0.4367776822954467,0.026936121376358414,0.012740903539558606
0.7600420806998511,-0.5640599746702306,0.446342414443356,0.029367192922511585,0.008552113334772215
0.6892933836685913,0.004701649990787487,0.446342414443356,0.029367192922511585,0.008552113334772215
0.6892933836685913,0.004701649990787487,0.4586106207664054,0.022018267447934708,0.009075712110370514
0.7139781202059711,-0.041672909022835276,0.4586106207664054,0.022018267447934708,0.009075712110370514
0.7139781202059711,-0.041672909022835276,0.4586106207664054,0.022018267447934708,0.00820304748437335
0.7815193279733544,0.6913349395347145,0.4586106207664054,0.022018267447934708,0.00820304748437335
0.7796815233510158,0.6913349395347145,0.46575191013308886,0.034066792007951145,0.013264502315156905
0.7042066000394593,-0.16596706120129504,0.46575191013308886,0.034066792007951145,0.013264502315156905
0.7042066000394593,-0.16596706120129504,0.4778840397060806,0.02671024478973185,0.012042771838760876
0.7300556079491969,-0.09841774434058867,0.4778840397060806,0.02671024478973185,0.012042771838760876
0.7300556079491969,-0.09841774434058867,0.487717093362505,0.029136237097685917,0.01117010721276371
0.7826979624077998,0.26007738439646677,0.487717093362505,0.029136237097685917,0.01117010721276371
0.7826979624077998,0.26007738439646677,0.487589529590058,0.029051152778846054,0.012915436464758038
0.7176592332139319,-1.086425728783591,0.487589529590058,0.029051152778846054,0.012915436464758038
0.7176592332139319,-1.086425728783591,0.4998470922867311,0.021773762626857547,0.005061454830783556
0.7708533524860621,2.2360986811659807,0.4998470922867311,0.021773762626857547,0.005061454830783556
0.7708533524860621,2.2360986811659807,0.5045747168218202,0.04351339133911217,0.020943951023931952
0.7692744888134898,-1.9621347727538714,0.5045747168218202,0.04351339133911217,0.020943951023931952
0.7692744888134898,-1.9621347727538714,0.5094237018532873,0.024020271416605683,0.006806784082777886
0.705855428436032,0.4795154346365126,0.5094237018532873,0.024020271416605683,0.006806784082777886
0.705855428436032,0.4795154346365126,0.5192580243147978,0.0264411838212611,0.010297442586766544
0.7416604766400929,0.5470567596719558,0.5192580243147978,0.0264411838212611,0.010297442586766544
0.7399294495744937,0.5453243256387991,0.5289624601851657,0.028769813084227457,0.014311699866353503
0.7558632589865694,0.05257592925770478,0.5289624601851657,0.028769813084227457,0.014311699866353503
0.7558632589865694,0.05257592925770478,0.5386700210183039,0.031095054499804303,0.015009831567151233
0.7342241605523219,0.34822113537950683,0.5386700210183039,0.031095054499804303,0.015009831567151233
0.7342241605523219,0.34822113537950683,0.548247513298146,0.033416907849824595,0.017278759594743863
0.775284375987434,-1.3502940513169037,0.548247513298146,0.033416907849824595,0.017278759594743863
0.775284375987434,-1.3502940513169037,0.5507981640995345,0.023617012115538183,0.00767944870877505
0.761774344586075,-0.22968205120620008,0.5507981640995345,0.023617012115538183,0.00767944870877505
0.761774344586075,-0.22968205120620008,0.5603706593922507,0.026031150283603227,0.006108652381980154
0.7240312049769984,1.8083978023413272,0.5603706593922507,0.026031150283603227,0.006108652381980154
0.7240312049769984,1.8083978023413272,0.567797664384732,0.038050449481562006,0.019198621771937627
0.7543648356938795,-0.8426869467217712,0.567797664384732,0.038050449481562006,0.019198621771937627
0.7543648356938795,-0.8426869467217712,0.5702148403014076,0.028246321984962137,0.013089969389957472
0.7287452170865028,0.7222580207788384,0.5702148403014076,0.028246321984962137,0.013089969389957472
0.7268953846191717,0.7222580207788384,0.5773842335900262,0.040261379519951276,0.01815142422074103
0.7255365317701313,-0.9748783474922772,0.5773842335900262,0.040261379519951276,0.01815142422074103
0.7255365317701313,-0.9748783474922772,0.5896269160342916,0.03296495089601271,0.01064650843716541
0.8126397136401747,0.35966554283015545,0.5896269160342916,0.03296495089601271,0.01064650843716541
0.8126397136401747,0.35966554283015545,0.5992086054247024,0.03526944034108603,0.012740903539558606
0.7379890519848693,-0.7171196606820796,0.5992086054247024,0.03526944034108603,0.012740903539558606
0.7379874337239007,-0.7187141409416797,0.6017493703172477,0.02545854632316199,0.007504915783575617
0.7630575618236224,1.7487714922077031,0.6017493703172477,0.02545854632316199,0.019722220547535925
0.7630575618236224,1.7487714922077031,0.6090559658491738,0.03746427718279062,0.019722220547535925
0.7978021124647003,-0.6091965472212274,0.6090559658491738,0.03746427718279062,0.0153588974175501
0.7978021124647003,-0.6091965472212274,0.6187688499893966,0.03976029293752983,0.0153588974175501
0.7625347267311212,-0.19301873756573398,0.6187688499893966,0.03976029293752983,0.013264502315156905
0.7625347267311212,-0.19301873756573398,0.6307481344907948,0.03245540854652056,0.013264502315156905
0.7890556362374078,-0.7854905211114522,0.6307481344907948,0.03245540854652056,0.013264502315156905
0.7890556362374078,-0.7854905211114522,0.6332833256768621,0.022637751151455544,0.007330382858376184
0.8337954024015699,1.9818857789068778,0.6332833256768621,0.022637751151455544,0.02181661564992912
0.8319874551652213,1.9818857789068778,0.6477748235739288,0.04674104711693604,0.02181661564992912
0.750523504813761,-1.4675495077930198,0.6477748235739288,0.04674104711693604,0.01117010721276371
0.7520374415919934,-1.4675495077930198,0.6527064117250883,0.027211158799685168,0.01117010721276371
0.7976661898732927,0.7327766898398058,0.6527064117250883,0.027211158799685168,0.0158824961931484
0.7958059375344008,0.7327766898398058,0.6600218641632944,0.039201617729001735,0.0158824961931484
0.7673482308026005,-0.08524765913712445,0.6600218641632944,0.039201617729001735,0.0158824961931484
0.7673482308026005,-0.08524765913712445,0.6697299157111545,0.04159712068942097,0.015533430342749533
0.7650207725332805,0.5201688802015287,0.6697299157111545,0.04159712068942097,0.015533430342749533
0.7650207725332805,0.5201688802015287,0.6696169882915378,0.04136340829436269,0.01884955592153876
0.8161256370539912,-0.18913004725681776,0.6696169882915378,0.04136340829436269,0.01884955592153876
0.8161256370539912,-0.18913004725681776,0.681851131850598,0.033926876791147385,0.017453292519943295
0.8273592956457079,-0.3232228087224445,0.681851131850598,0.033926876791147385,0.017453292519943295
0.8273592956457079,-0.3232228087224445,0.6914330306598974,0.03631729588692336,0.014835298641951801
0.7566449536920478,-0.20753000827515125,0.6914330306598974,0.03631729588692336,0.014835298641951801
0.7566449536920478,-0.20753000827515125,0.7012764851912094,0.038585354276256936,0.013089969389957472
0.8044954364214149,0.7665518380941472,0.7012764851912094,0.038585354276256936,0.013089969389957472
0.8044954364214149,0.7665518380941472,0.7111207521225884,0.04085002188295023,0.01884955592153876
0.8129249316458057,-0.12685452922246931,0.7111207521225884,0.04085002188295023,0.01884955592153876
0.8129249316458057,-0.12685452922246931,0.7110004648041657,0.04072596391675395,0.01780235837034216
0.8129249316458057,-0.12685452922246931,0.7110004648041657,0.04072596391675395,0.01780235837034216
0.7637302570004832,-0.8560116765649929,0.72310197827104,0.03327378532976805,0.010995574287564275
0.853914930941135,1.4474586518231252,0.72310197827104,0.03327378532976805,0.010995574287564275
0.853914930941135,1.4474586518231252,0.7303100039342904,0.04524173333118713,0.02129301687433082
0.8023961568120993,-0.6310712829602882,0.7303100039342904,0.04524173333118713,0.02129301687433082
0.8023961568120993,-0.6310712829602882,0.7425371522545662,0.03778194036921367,0.016929693744344994
0.832419148671329,0.6221608380042314,0.7425371522545662,0.03778194036921367,0.016929693744344994
0.832419148671329,0.6221608380042314,0.7498775908225679,0.04974393647903974,0.02076941809873252
0.8496206639579793,-0.6897459407360162,0.7498775908225679,0.04974393647903974,0.02076941809873252
0.8496206639579793,-0.6897459407360162,0.7523903322509321,0.039899670547511513,0.016057029118347832
0.8198779100439403,0.13605621523445013,0.7523903322509321,0.039899670547511513,0.016057029118347832
0.8178245963877664,0.13810939098257885,0.7618554569965706,0.042143572685960286,0.016231562043547264
0.8212570739348578,0.21073810623805897,0.7618554569965706,0.042143572685960286,0.016231562043547264
0.8226633463627263,0.21073810623805897,0.7718311355920571,0.04438408277244847,0.01780235837034216
0.8979571661654928,0.2609845307713766,0.7718311355920571,0.04438408277244847,0.01780235837034216
0.8960674423936095,0.2609845307713766,0.7814235744243644,0.04662120059407466,0.019024088846738195
0.833135833372319,0.720407866702436,0.7814235744243644,0.04662120059407466,0.019024088846738195
0.833135833372319,0.720407866702436,0.7911545235220483,0.04871687713151219,0.023911010752322315
0.841847436583827,-0.5963726673622223,0.7911545235220483,0.04871687713151219,0.023911010752322315
0.841847436583827,-0.5963726673622223,0.8033703100759394,0.04122960817982958,0.01937315469713706
0.8584465922019195,-0.7155746725293654,0.8033703100759394,0.04122960817982958,0.01937315469713706
0.8600915951021789,-0.7155746725293654,0.803373772160084,0.04122960817982958,0.014137166941154071
0.827129218920696,1.139094382340455,0.803373772160084,0.04122960817982958,0.014137166941154071
0.8252508362673494,1.139094382340455,0.8129749542252087,0.043312580108536725,0.02199114857512855
0.8625283661133555,-1.3331410269065058,0.8129749542252087,0.043312580108536725,0.02199114857512855
0.862531288075628,-1.331439178710403,0.8250540245040042,0.035959144275701835,0.012042771838760876
0.8691062535218105,0.47911586064049677,0.8250540245040042,0.035959144275701835,0.012042771838760876
0.8691062535218105,0.47911586064049677,0.8349023229491579,0.038176775324807295,0.0158824961931484
0.816569663179047,1.3935782543408015,0.8349023229491579,0.038176775324807295,0.0158824961931484
0.816569663179047,1.3935782543408015,0.8421491156788857,0.04996161786577207,0.025830872929516076
0.8517980123004926,-1.3738046780550959,0.8421491156788857,0.04996161786577207,0.025830872929516076
0.8517980123004926,-1.3738046780550959,0.84451414603907,0.040096289145833006,0.015707963267948967
0.8404422921178335,1.073839139275525,0.84451414603907,0.040096289145833006,0.015707963267948967
0.8404422921178335,1.073839139275525,0.8520101845618057,0.05202252762463259,0.023736477827122883
0.8044549256381165,-0.9049818394078537,0.8520101845618057,0.05202252762463259,0.023736477827122883
0.8044569085375873,-0.9032532392777406,0.8639649538839567,0.04450779509192572,0.016755160819145562
0.8981807612416339,0.43972143361086835,0.8639649538839567,0.04450779509192572,0.016755160819145562
0.8981807612416339,0.43972143361086835,0.8736915507773823,0.04670845717565982,0.019722220547535925
0.8358411785771869,0.2201359678830339,0.8736915507773823,0.04670845717565982,0.019722220547535925
0.8358411785771869,0.2201359678830339,0.8835446021991361,0.04890572505265874,0.02181661564992912
0.8151447045925627,-0.770950060360909,0.8835446021991361,0.04890572505265874,0.02181661564992912
0.8151447045925627,-0.770950060360909,0.8859009665464628,0.03903114009444476,0.016231562043547264
0.8824135800103962,1.1518766712554132,0.8859009665464628,0.03903114009444476,0.016231562043547264
0.8824135800103962,1.1518766712554132,0.9030110494706023,0.053132526352209386,0.024783675378319478
0.8326677911065001,-0.34852019311755805,0.9030110494706023,0.053132526352209386,0.024783675378319478
0.8343714186288199,-0.34852019311755805,0.9053662984778693,0.043253315433192406,0.022514747350726852
0.8265038461023458,0.21865370872771797,0.9053662984778693,0.043253315433192406,0.022514747350726852
0.8265038461023458,0.21865370872771797,0.9150951112035686,0.04543659392705774,0.023911010752322315
0.8970401884925951,-0.5803004894385132,0.9150951112035686,0.04543659392705774,0.023911010752322315
0.8953000044367818,-0.5803004894385132,0.9270418180275439,0.037732234187637,0.019896753472735357
0.8271567709442064,0.3544457364264934,0.9270418180275439,0.037732234187637,0.019896753472735357
0.8287838606332028,0.3544457364264934,0.9345637792967025,0.04962990771021187,0.02303834612632515
0.8458757460744628,-0.9027289088064285,0.9345637792967025,0.04962990771021187,0.02303834612632515
0.8440145333785802,-0.9027289088064285,0.93677786302002,0.03974314907585109,0.016231562043547264
0.8730874161322232,0.9419228357353929,0.93677786302002,0.03974314907585109,0.016231562043547264
0.8730874161322232,0.9419228357353929,0.9466337838154183,0.041912437345047376,0.023387411976724018
0.8164538459580644,0.2521183893630953,0.9466337838154183,0.041912437345047376,0.023387411976724018
0.8180717321520458,0.2505009282008591,0.956375631725329,0.0439114647829667,0.02530727415391778
0.8430690680639924,-0.011310613209142641,0.956375631725329,0.0439114647829667,0.02530727415391778
0.8411093445874024,-0.009350709537324826,0.965979054711761,0.04607226289183743,0.024260076602721184
0.8470731008939749,-0.47649088321979893,0.965979054711761,0.04607226289183743,0.024260076602721184
0.8470731008939749,-0.47649088321979893,0.9780378288619351,0.03850393212156817,0.02076941809873252
0.77638931873878,-0.1183861726799009,0.9780378288619351,0.03850393212156817,0.019896753472735357
0.7780057499591225,-0.1183861726799009,0.9781732700640656,0.03833326212117328,0.019896753472735357
0.8535647743574546,1.1216225340226407,0.9781732700640656,0.03833326212117328,0.019896753472735357
0.8517376750560548,1.1197928127590973,0.9951895250477933,0.0523606169033122,0.027227136331111543
0.8741841388576882,-0.7375070562421433,0.9951895250477933,0.0523606169033122,0.027227136331111543
0.8757699441917375,-0.7375070562421433,0.9976463349386887,0.04245959876226131,0.02181661564992912
0.8306604769385937,-0.038886546817742104,0.9976463349386887,0.04245959876226131,0.02181661564992912
0.8287337234517259,-0.038886546817742104,1.0072520270681822,0.04460300759943039,0.020594885173533087
0.8399002692058287,1.0302829097680477,1.0072520270681822,0.04460300759943039,0.020594885173533087
0.8399002692058287,1.0302829097680477,1.0148070927345048,0.05629411798305231,0.027925268031909273
0.8239726353295499,-1.9473478709595318,1.0148070927345048,0.05629411798305231,0.027925268031909273
0.8239726353295499,-1.9473478709595318,1.0194413070825115,0.03665910993589612,0.013439035240356337
0.8023557531729556,0.5194808260633563,1.0194413070825115,0.03665910993589612,0.013439035240356337
0.8023557531729556,0.5194808260633563,1.0291762954042087,0.038791922270431246,0.016755160819145562
0.8591716614791338,1.3500193608915696,1.0291762954042087,0.038791922270431246,0.016755160819145562
0.860826734244836,1.3500193608915696,1.0366061990984543,0.050651114690751085,0.026179938779914945
0.8441026693536483,-0.7886898229167275,1.0366061990984543,0.050651114690751085,0.026179938779914945
0.8421287650486825,-0.7886898229167275,1.048522936297358,0.043047354611996144,0.019547687622336492
0.7772734514153072,0.25130806801815386,1.048522936297358,0.043047354611996144,0.019547687622336492
0.7772734514153072,0.25130806801815386,1.0583859078878668,0.04516997420805471,0.02111848394913139
0.8454950721398596,-0.09282370839636742,1.0583859078878668,0.04516997420805471,0.02111848394913139
0.8470990839122984,-0.09282370839636742,1.068262511119616,0.047102823370460525,0.020071286397934793
0.8311850325678032,0.433135547739381,1.068262511119616,0.047102823370460525,0.020071286397934793
0.8311850325678032,0.433135547739381,1.07774690286114,0.049216946863973134,0.022863813201125717
0.8445794320178522,-0.2594966796282918,1.07774690286114,0.049216946863973134,0.022863813201125717
0.8428729551514281,-0.2594966796282918,1.0777543651157302,0.049028873003863424,0.020420352248333655
0.8620092314483117,0.7085299410721659,1.0777543651157302,0.049028873003863424,0.020420352248333655
0.8620092314483117,0.7085299410721659,1.0875036358793029,0.050948122312964375,0.02548180707911721
0.7679966185955379,-0.18674224505236262,1.0875036358793029,0.050948122312964375,0.02548180707911721
0.769496490800348,-0.18674224505236262,1.0975010133849477,0.05305204796862166,0.024260076602721184
0.8082253932697732,-0.40818082921424176,1.0975010133849477,0.05305204796862166,0.024260076602721184
0.8082253932697732,-0.40818082921424176,1.1094076700955149,0.04541878182873748,0.02076941809873252
0.8935630437408436,0.2704636443511234,1.1094076700955149,0.04541878182873748,0.02076941809873252
0.8915965311924507,0.2704636443511234,1.1190205569690088,0.047515508976954134,0.022514747350726852
0.8161383889903726,0.25770391589616104,1.1190205569690088,0.047515508976954134,0.022514747350726852
0.8161383889903726,0.25770391589616104,1.1288969566468816,0.04941185811206659,0.02495820830351891
0.8575534382271767,-0.19276249441014326,1.1288969566468816,0.04941185811206659,0.02495820830351891
0.8575534382271767,-0.19276249441014326,1.1287799023748835,0.0492148779153512,0.02303834612632515
0.8155256519564061,0.22573000438963342,1.1287799023748835,0.0492148779153512,0.02303834612632515
0.8155251552808919,0.22719567381091277,1.1387837509945893,0.051102722481003816,0.02495820830351891
0.8053245682299067,-0.5082272796078876,1.1387837509945893,0.051102722481003816,0.02495820830351891
0.8053245682299067,-0.5082272796078876,1.150682738535413,0.04344756308485536,0.020943951023931952
0.8705190762833941,1.6662406236856921,1.150682738535413,0.04344756308485536,0.03298672286269283
0.8705190762833941,1.6662406236856921,1.1558813822954317,0.06479746925676416,0.03298672286269283
0.8589150854378711,-2.5103099395287005,1.1558813822954317,0.06479746925676416,0.03298672286269283
0.8589150854378711,-2.5103099395287005,1.162585316464627,0.03558532671917593,0.014660765716752368
0.8086741110057691,2.70925195712999,1.162585316464627,0.03558532671917593,0.014660765716752368
0.8086741110057691,2.70925195712999,1.1777775339384147,0.05920253567991311,0.03438298626428829
0.8440463370214725,-1.7132803226251065,1.1777775339384147,0.05920253567991311,0.021467549799530253
0.8440463370214725,-1.7132803226251065,1.1799421992982095,0.049052585253705205,0.021467549799530253
0.8440463370214725,-1.7132803226251065,1.1799421992982095,0.049052585253705205,0.021467549799530253
0.7959869106136764,0.18056951000378169,1.189689336911646,0.051114908232096405,0.022863813201125717
0.8399326555107485,1.0838986490420344,1.189689336911646,0.051114908232096405,0.022863813201125717
0.8399326555107485,1.0838986490420344,1.1995721519771085,0.05296453714774617,0.030019663134302467
0.8974495011967747,-0.7316209036790005,1.1995721519771085,0.05296453714774617,0.030019663134302467
0.8974495011967747,-0.7316209036790005,1.2090698374110584,0.055018355826864214,0.02408554367752175
0.8280362003678088,0.1070550451998356,1.2090698374110584,0.055018355826864214,0.02408554367752175
0.8263968934354833,0.1070550451998356,1.2212039151632428,0.04732782765548827,0.024783675378319478
0.8512738978210392,0.7733867548879004,1.2212039151632428,0.04732782765548827,0.024783675378319478
0.8512722233484964,0.7750948701239035,1.2287035066626288,0.058901387778249076,0.0301941960595019
0.836562780780679,-1.7122449159863415,1.2287035066626288,0.058901387778249076,0.0301941960595019
0.836562780780679,-1.7122449159863415,1.2332260456886526,0.039202730447861954,0.017453292519943295
0.8286750726235055,1.0994378551839676,1.2332260456886526,0.039202730447861954,0.017453292519943295
0.8286750726235055,1.0994378551839676,1.240729082023592,0.050768174116299074,0.024783675378319478
0.8336837790175283,-0.17035653516337937,1.240729082023592,0.050768174116299074,0.024783675378319478
0.8336837790175283,-0.17035653516337937,1.250480482985131,0.05280288463329547,0.02356194490192345
0.8493743090300723,-0.29942447062346333,1.250480482985131,0.05280288463329547,0.02356194490192345
0.8493743090300723,-0.29942447062346333,1.262481969457644,0.045090491837936106,0.02129301687433082
0.8079780714311187,1.0720940225244762,1.262481969457644,0.045090491837936106,0.02129301687433082
0.8079780714311187,1.0720940225244762,1.270119346472199,0.05664049018825697,0.029321531433504737
0.8761162813047652,-0.6377696481833297,1.270119346472199,0.05664049018825697,0.029321531433504737
0.8761162813047652,-0.6377696481833297,1.2722495329253902,0.04667400402322438,0.024260076602721184
0.9084497125285881,-0.5251425759575817,1.2722495329253902,0.04667400402322438,0.024260076602721184
0.9084485749837756,-0.5268109167188515,1.2842447150050038,0.03894944059957603,0.019896753472735357
0.9560294009896559,0.5962589808805885,1.2842447150050038,0.03894944059957603,0.019896753472735357
0.9560294009896559,0.5962589808805885,1.2917644005651419,0.05048660433395809,0.024434609527920616
0.9485017520682554,0.11387744993037073,1.2917644005651419,0.05048660433395809,0.024434609527920616
0.9485017520682554,0.11387744993037073,1.3016428003599356,0.05249880041369898,0.02530727415391778
0.9178023171264775,0.36420037918029424,1.3016428003599356,0.05249880041369898,0.02530727415391778
0.9178023171264775,0.36420037918029424,1.3112836037929299,0.05427877872298117,0.028099800957108706
0.9162497355676644,-0.5939863030815788,1.3112836037929299,0.05427877872298117,0.028099800957108706
0.9162497355676644,-0.5939863030815788,1.3232722498280662,0.04653485226643145,0.023736477827122883
0.8955239113829239,0.45689609603587805,1.3232722498280662,0.04653485226643145,0.023736477827122883
0.8955248976132104,0.45512810117077657,1.3330276039273357,0.048534743982406064,0.026703537555513242
0.9281453362501638,-0.4193662371609301,1.3330276039273357,0.048534743982406064,0.026703537555513242
0.9281453362501638,-0.4193662371609301,1.3427924943082137,0.05029691768250208,0.023387411976724018
0.9011467668454468,0.5310711358895691,1.3427924943082137,0.05029691768250208,0.023387411976724018
0.9011467668454468,0.5310711358895691,1.3525496712822414,0.052288297807050604,0.027401669256310976
0.9047373389149755,-0.20794097837523515,1.3525496712822414,0.052288297807050604,0.027401669256310976
0.9047373389149755,-0.20794097837523515,1.3525678395602676,0.051816259251682345,0.02600540585471551
0.9117261711801367,0.11260527650733593,1.3525678395602676,0.051816259251682345,0.02600540585471551
0.9100118042329044,0.11260527650733593,1.3623241349148207,0.053800828145130014,0.026703537555513242
0.9334687076707271,-0.008891857699013034,1.3623241349148207,0.053800828145130014,0.026703537555513242
0.935089606550886,-0.008891857699013034,1.3744364310246922,0.04579145667731331,0.026179938779914945
0.914737996611943,0.20014128499409561,1.3744364310246922,0.04579145667731331,0.026179938779914945
0.914737996611943,0.20014128499409561,1.3841951464460651,0.04776712464302936,0.027227136331111543
0.9109374619055303,-0.11562872952856634,1.3841951464460651,0.04776712464302936,0.027227136331111543
0.9109374619055303,-0.11562872952856634,1.3938393370734228,0.049496163346240206,0.02548180707911721
0.8918507118441683,1.0214869539721911,1.3938393370734228,0.049496163346240206,0.02548180707911721
0.8902754289003898,1.0214869539721911,1.4015202536439144,0.06097142551921925,0.032637657012293965
0.978580909242691,-1.463333228638426,1.4015202536439144,0.06097142551921925,0.032637657012293965
0.978580909242691,-1.463333228638426,1.415697187621738,0.0434270081425878,0.021467549799530253
1.003639934441119,1.195336273481874,1.415697187621738,0.0434270081425878,0.021467549799530253
1.003639934441119,1.195336273481874,1.4231305478088672,0.055139068836055384,0.0291469985083053
1.042829020842275,-0.20113756467594912,1.4231305478088672,0.055139068836055384,0.0291469985083053
1.0428285902444203,-0.20274944515986407,1.433025726316314,0.0568442572485299,0.027052603405912107
1.027720400423299,-0.6546140100547717,1.433025726316314,0.0568442572485299,0.027052603405912107
1.027720400423299,-0.6546140100547717,1.4448676889539487,0.04903941589417809,0.021642082724729686
0.9672186043302894,2.0833558456273455,1.4448676889539487,0.04903941589417809,0.021642082724729686
0.9672186043302894,2.0833558456273455,1.4502465277066106,0.07024336662182032,0.03647738136668149
1.0175749108494476,-2.2214554636972066,1.4502465277066106,0.07024336662182032,0.03647738136668149
1.0175749108494476,-2.2214554636972066,1.4667209971500859,0.04291701475811131,0.020071286397934793
1.0230604336444808,0.6838346752164307,1.4667209971500859,0.04291701475811131,0.020071286397934793
1.0230604336444808,0.6838346752164307,1.4741783798498587,0.05435369119415594,0.024609142453120045
1.0467409279433415,0.30038886470454507,1.4741783798498587,0.05435369119415594,0.024609142453120045
1.0467409279433415,0.30038886470454507,1.48406654526853,0.05628639053489322,0.026354471705114377
1.0526967961452682,-0.18316310835683738,1.48406654526853,0.05628639053489322,0.026354471705114377
1.0526967961452682,-0.18316310835683738,1.4960297757360983,0.04819700001224825,0.024609142453120045
1.1014431852166082,0.23821555353207566,1.4960297757360983,0.04819700001224825,0.024609142453120045
1.0995655171732068,0.23821555353207566,1.505671623002571,0.05012079750889041,0.02600540585471551
1.1330797752553061,0.6810690233689636,1.505671623002571,0.05012079750889041,0.02600540585471551
1.134573610909048,0.6810690233689636,1.5135125837104568,0.06153590395738657,0.030892327760299633
1.1178716334094867,-0.7141686805729204,1.5135125837104568,0.06153590395738657,0.030892327760299633
1.116044985056709,-0.7141686805729204,1.5253357637603675,0.053692013030818025,0.025132741228718343
1.1389201480789826,0.823511341426515,1.5253357637603675,0.053692013030818025,0.025132741228718343
1.1389201480789826,0.823511341426515,1.5351140122744358,0.05533601891693246,0.030543261909900768
1.1698980409671353,-0.9646737622706546,1.5351140122744358,0.05533601891693246,0.030543261909900768
1.1698980409671353,-0.9646737622706546,1.547058087555792,0.04748208531561757,0.02303834612632515
1.1810327751271823,1.4379413874328042,1.547058087555792,0.04748208531561757,0.03368485456349056
1.181029751157358,1.4395505754166542,1.5644249901514249,0.06104605582714102,0.03368485456349056
1.216152375022343,-0.6819662707959462,1.5644249901514249,0.06104605582714102,0.03368485456349056
1.214324166549678,-0.6819662707959462,1.5763716528650662,0.052905693298762366,0.02757620218151041
1.17009882533854,0.010692595989270247,1.5763716528650662,0.052905693298762366,0.027227136331111543
1.17009882533854,0.010692595989270247,1.586142756615308,0.05479672728501684,0.027227136331111543
1.2583238556042462,-0.05166492286498482,1.586142756615308,0.05479672728501684,0.027227136331111543
1.2583238556042462,-0.05166492286498482,1.5959244364106409,0.056405874559973784,0.027052603405912107
1.2442871980731487,-0.30545834493712715,1.5959244364106409,0.056405874559973784,0.027052603405912107
1.2442871980731487,-0.30545834493712715,1.6078581193665213,0.048524668682144015,0.024609142453120045
1.301895689069613,0.4307460955885492,1.6078581193665213,0.048524668682144015,0.024609142453120045
1.300103188091808,0.4307460955885492,1.6273988852044035,0.05227870312661196,0.027401669256310976
1.3013027330388796,0.48071415662455996,1.6273988852044035,0.05227870312661196,0.027401669256310976
1.3013027330388796,0.48071415662455996,1.6350275632373172,0.06363014749241015,0.030368728984701335
1.3832234592550916,-0.623604491901849,1.6350275632373172,0.06363014749241015,0.030368728984701335
1.3832234592550916,-0.623604491901849,1.646955892207002,0.055731712238649846,0.025656340004316644
1.418846062309345,1.116998458728741,1.646955892207002,0.055731712238649846,0.025656340004316644
1.417072319933971,1.116998458728741,1.666502999056461,0.05945505247687779,0.033161255787892266
1.4261838061052365,-1.5228804098117987,1.666502999056461,0.05945505247687779,0.033161255787892266
1.426186866133186,-1.5212715050933812,1.6784266354732549,0.05154488354206252,0.02181661564992912
1.42201781025859,2.0719381506113543,1.6784266354732549,0.05154488354206252,0.03647738136668149
1.4203206444771157,2.0719381506113543,1.6958420929951914,0.06471856140663146,0.03647738136668149
1.456993939044178,-1.092379546862825,1.6958420929951914,0.06471856140663146,0.03647738136668149
1.456993939044178,-1.092379546862825,1.7078747934372709,0.05679495504931326,0.027925268031909273
1.5800918256697742,-0.4355154506545926,1.7078747934372709,0.05679495504931326,0.027925268031909273
1.5782443369966412,-0.4355154506545926,1.7196742887153906,0.048867190022659705,0.023911010752322315
1.5871479521889436,0.8756730977693031,1.7196742887153906,0.048867190022659705,0.023911010752322315
1.5871462434227064,0.8773473064315442,1.737093413666565,0.062307203728442034,0.029670597283903602
1.5902380870014616,0.21796831085539445,1.737093413666565,0.062307203728442034,0.029670597283903602
1.5885156872932704,0.21796831085539445,1.7566504207071583,0.06596497628862828,0.0307177948351002
1.5333175484722432,0.028759488571643056,1.7566504207071583,0.06596497628862828,0.0307177948351002
1.5333175484722432,0.028759488571643056,1.7686819986070055,0.05770967323324379,0.030543261909900768
1.5376041133520615,-0.45592091104753496,1.7686819986070055,0.05770967323324379,0.030543261909900768
1.53589617916849,-0.45592091104753496,1.7903547056707079,0.051883644045139614,0.026703537555513242
1.6328860332455064,0.7338335172691062,1.7903547056707079,0.051883644045139614,0.026703537555513242
1.6328860332455064,0.7338335172691062,1.798020716899771,0.06315426436325847,0.031241393610698498
1.7626606986223154,-0.5708173093988244,1.798020716899771,0.06315426436325847,0.031241393610698498
1.7626617749469047,-0.5690001567342278,1.8195886334242792,0.057311768027354645,0.02652900463031381
1.735886881751264,1.2145268322284295,1.8195886334242792,0.057311768027354645,0.02652900463031381
1.7340178101564505,1.2145268322284295,1.8370317033764627,0.07068650413608513,0.03508111796508603
1.7671363244252,-1.6420032532282385,1.8370317033764627,0.07068650413608513,0.03508111796508603
1.7655439848232504,-1.6420032532282385,1.8510555981429884,0.052612741043742514,0.022863813201125717
1.7278939604401848,1.320852769741589,1.8510555981429884,0.052612741043742514,0.022863813201125717
1.7278939604401848,1.320852769741589,1.868708301735786,0.06629038036350418,0.032637657012293965
1.7616945359279816,0.061826206061127056,1.868708301735786,0.06629038036350418,0.032637657012293965
1.7598330271378082,0.061826206061127056,1.8902797480365914,0.06008303366154389,0.03246312408709453
1.716664335472782,-0.0006817883827181626,1.8902797480365914,0.06008303366154389,0.03246312408709453
1.716664335472782,-0.0006817883827181626,1.9097478593221597,0.06363619025223391,0.032114058236695664
1.7798242198986733,0.5936035012126061,1.9097478593221597,0.06363619025223391,0.032114058236695664
1.7798242198986733,0.5936035012126061,1.9294246241394428,0.06717568973229414,0.03665191429188092
1.7936254522245123,-1.8648442589375203,1.9294246241394428,0.06717568973229414,0.03665191429188092
1.7916996639046452,-1.8648442589375203,1.9433170192540532,0.04904773190583682,0.022514747350726852
1.7294064223066299,1.358647829131201,1.9433170192540532,0.04904773190583682,0.022514747350726852
1.7294064223066299,1.358647829131201,1.960882923182108,0.06268186231822324,0.032637657012293965
1.7709500746207323,-0.3565953289761124,1.960882923182108,0.06268186231822324,0.032637657012293965
1.769209614458357,-0.3565953289761124,1.9825491941737774,0.05640828287533014,0.029670597283903602
1.7793219080311644,-0.5269693460261299,1.9825491941737774,0.05640828287533014,0.029670597283903602
1.7793219080311644,-0.5269693460261299,1.994529239150495,0.04837654051835068,0.025656340004316644
1.7875450221595706,1.6889992542279981,1.994529239150495,0.04837654051835068,0.025656340004316644
1.7875450221595706,1.6889992542279981,2.0098380627653936,0.0710670816835306,0.03752457891787808
1.7930493313490357,-0.8820930595990535,2.0098380627653936,0.0710670816835306,0.03752457891787808
1.791416939826977,-0.8820930595990535,2.0335759683087375,0.05532821321238968,0.030892327760299633
1.7633704623894806,0.6072187717196198,2.0335759683087375,0.05532821321238968,0.030892327760299633
1.7633704623894806,0.6072187717196198,2.051171026900675,0.06856430659983306,0.03508111796508603
1.7806851659777667,-0.5734530199536205,2.051171026900675,0.06856430659983306,0.03508111796508603
1.7806851659777667,-0.5734530199536205,2.062957123814811,0.06014612008854381,0.0301941960595019
1.7366023034714693,0.3503938677180301,2.062957123814811,0.06014612008854381,0.0301941960595019
1.7366023034714693,0.3503938677180301,2.0825414599687138,0.06357754955534829,0.031939525311496235
1.7087349270579404,0.3992668071808972,2.0825414599687138,0.06357754955534829,0.031939525311496235
1.7087349270579404,0.3992668071808972,2.10212844051961,0.06699531274623172,0.034033920413889425
1.6477068772533083,-0.3484398606098689,2.10212844051961,0.06699531274623172,0.034033920413889425
1.6477068772533083,-0.3484398606098689,2.1141888752432902,0.058915782387669646,0.0317649923862968
1.6393273830524777,0.7648561167595834,2.1141888752432902,0.058915782387669646,0.0317649923862968
1.6393273830524777,0.7648561167595834,2.1334940258983144,0.06194000775895122,0.03595378259108319
1.6859850245515702,-1.2448882978951457,2.1334940258983144,0.06194000775895122,0.03595378259108319
1.6859850245515702,-1.2448882978951457,2.1454504538699135,0.05384671214944617,0.026354471705114377
1.7005576932720685,1.477700287761082,2.1454504538699135,0.05384671214944617,0.026354471705114377
1.7005576932720685,1.477700287761082,2.1629788471635525,0.0670040578166874,0.03630284844148206
1.6996803492364922,-0.44893060828963677,2.1629788471635525,0.0670040578166874,0.03630284844148206
1.6996803492364922,-0.44893060828963677,2.1846303245311507,0.06057683425479652,0.03246312408709453
1.6842022588639263,-0.06847204201435553,2.1846303245311507,0.06057683425479652,0.03246312408709453
1.6842022588639263,-0.06847204201435553,2.204224172036777,0.06392138883976915,0.031066860685499065
1.6695220918668021,-0.04925847804882112,2.204224172036777,0.06392138883976915,0.031066860685499065
1.6695220064766938,-0.050857111936581524,2.2160737665041847,0.05580129504772714,0.030543261909900768
1.6595191513113463,0.8911360813779989,2.2160737665041847,0.05580129504772714,0.030543261909900768
1.6595191513113463,0.8911360813779989,2.233619813384988,0.06891258366803088,0.03647738136668149
1.6822423126907355,-0.5000036967992061,2.233619813384988,0.06891258366803088,0.03647738136668149
1.6822423126907355,-0.5000036967992061,2.25526500674873,0.06243427958410045,0.03246312408709453
1.6521372317990355,-0.5392294407618801,2.25526500674873,0.06243427958410045,0.03246312408709453
1.6521372317990355,-0.5392294407618801,2.2671170275444563,0.05389932917205843,0.027925268031909273
1.655849846171065,1.2663089315261464,2.2671170275444563,0.05389932917205843,0.027925268031909273
1.655849846171065,1.2663089315261464,2.2846769371672195,0.0669744371897287,0.03665191429188092
1.653536953212524,0.18589270807154332,2.2846769371672195,0.0669744371897287,0.03665191429188092
1.653536953212524,0.18589270807154332,2.3042808600842597,0.07024648037277331,0.03752457891787808
1.635134298290356,-0.8883929154424055,2.3042808600842597,0.07024648037277331,0.03752457891787808
1.635134298290356,-0.8883929154424055,2.316127485115406,0.06168203383626332,0.030543261909900768
1.5828285154266257,0.6846158995506648,2.316127485115406,0.06168203383626332,0.030543261909900768
1.5828285154266257,0.6846158995506648,2.335623290657794,0.06533702235818069,0.03438298626428829
1.557058590328558,-0.5013822269354302,2.335623290657794,0.06533702235818069,0.03438298626428829
1.557058590328558,-0.5013822269354302,2.3475618723406937,0.05675541156286741,0.030019663134302467
1.563519541797504,0.7262600145678021,2.3475618723406937,0.05675541156286741,0.030019663134302467
1.5651882161680595,0.7279300222862995,2.365149188811662,0.06977486539968991,0.034557519189487726
1.5930205296692759,0.06926083440942452,2.365149188811662,0.06977486539968991,0.034557519189487726
1.5930205296692759,0.06926083440942452,2.376986135869076,0.061174733955076006,0.03385938748868999
1.616630702221873,0.1132958893796457,2.376986135869076,0.061174733955076006,0.03385938748868999
1.616630702221873,0.1132958893796457,2.3965957712867083,0.06437695409420625,0.03385938748868999
1.6426250151988446,-0.32336168875634674,2.3965957712867083,0.06437695409420625,0.03385938748868999
1.644249960020148,-0.32336168875634674,2.418224809926359,0.057770089011077816,0.030892327760299633
1.5911663591470717,0.845254701976857,2.418224809926359,0.057770089011077816,0.030892327760299633
1.5911663591470717,0.845254701976857,2.4260314619784964,0.06873127203483234,0.03560471674068432
1.6380006985210205,0.4122403755658223,2.4260314619784964,0.06873127203483234,0.03560471674068432
1.6396903060984656,0.4122403755658223,2.4456522775764578,0.071895856206202,0.03769911184307752
1.6582720344534327,0.10641419167694778,2.4456522775764578,0.071895856206202,0.03769911184307752
1.6582720344534327,0.10641419167694778,2.465374164384859,0.07504675269868917,0.03752457891787808
1.6900610882993012,-1.2176379724071538,2.465374164384859,0.07504675269868917,0.03752457891787808
1.6917569770280687,-1.2176379724071538,2.479191364455017,0.05702136202491836,0.027925268031909273
1.6445429611008966,0.614633615593953,2.479191364455017,0.05702136202491836,0.027925268031909273
1.6445418361605166,0.6163760211834369,2.498807143096984,0.060150329016373294,0.031241393610698498
1.6997751356791826,1.7187815205694434,2.498807143096984,0.060150329016373294,0.031241393610698498
1.6997751356791826,1.7187815205694434,2.5144526890423524,0.08242533349071864,0.04328416544945937
1.8243214367137517,-1.3260855708831998,2.5144526890423524,0.08242533349071864,0.04328416544945937
1.8243214367137517,-1.3260855708831998,2.528246739964091,0.06437693694786172,0.03298672286269283
1.8243214367137517,-1.3260855708831998,2.528246739964091,0.06437693694786172,0.03298672286269283
1.8358088704145072,-0.38953655934148984,2.549751265710977,0.057667618264847946,0.02879793265790644
1.82688534763179,0.9781267267865806,2.549751265710977,0.057667618264847946,0.02879793265790644
1.8283315631687307,0.9795748279602139,2.567606436979879,0.0705458801089007,0.03577924966588375
1.9700301125716047,0.33225054736696474,2.567606436979879,0.0705458801089007,0.03577924966588375
1.9700301125716047,0.33225054736696474,2.5871273726452624,0.07360981161100495,0.03700098014227979
1.9700301125716047,0.33225054736696474,2.5871273726452624,0.07360981161100495,0.03700098014227979
2.097235012262674,-0.13721103847068425,2.6088401451233945,0.06685733619457916,0.03543018381548489
2.269411220155899,-0.902802081105898,2.6088401451233945,0.06685733619457916,0.03543018381548489
2.269411220155899,-0.902802081105898,2.630335590131652,0.06008978555589733,0.027925268031909273
2.3920086440590964,1.8343895345597814,2.630335590131652,0.06008978555589733,0.027925268031909273
2.3920052341213918,1.8358978741858547,2.657903850290263,0.07488506981642144,0.04066617157146788
2.373240467756917,-0.6744268516087523,2.657903850290263,0.07488506981642144,0.04066617157146788
2.3713841357003753,-0.6744268516087523,2.679392465882295,0.06808532703315451,0.034557519189487726
2.2443502561550375,0.42980326305387473,2.679392465882295,0.06808532703315451,0.034557519189487726
2.2443502561550375,0.42980326305387473,2.699130634217348,0.07107597516975502,0.03769911184307752
2.269369328870659,-0.030931333791832594,2.699130634217348,0.07107597516975502,0.03769911184307752
2.269369328870659,-0.030931333791832594,2.7187664964728726,0.07405292363850559,0.03700098014227979
2.3333904151239504,-1.1970104823431122,2.7187664964728726,0.07405292363850559,0.03700098014227979
2.331500642844056,-1.1970104823431122,2.7421963456067098,0.05788103314909788,0.027401669256310976
2.3595856050528363,1.147515547997335,2.7421963456067098,0.05788103314909788,0.027401669256310976
2.357897772202002,1.147515547997335,2.769676575742514,0.07259413874352781,0.03490658503988659
2.453639969955638,0.9100689618646408,2.769676575742514,0.07259413874352781,0.03490658503988659
2.453638360664306,0.9116834584448767,2.799238503635648,0.07699174751144404,0.04084070449666731
2.487468400130184,-0.18298601206981163,2.799238503635648,0.07699174751144404,0.04084070449666731
2.4856152396476188,-0.18483894501024833,2.82072085652661,0.0700974837597294,0.039269908169872414
2.588723692824082,-0.8638149823937,2.82072085652661,0.0700974837597294,0.039269908169872414
2.5869932265488105,-0.8620829454067437,2.842299951327187,0.06318815729481816,0.0322885911618951
2.59958784963783,0.03747999896985623,2.842299951327187,0.06318815729481816,0.0322885911618951
2.5979881168344137,0.03747999896985623,2.871829575839346,0.06851405424805775,0.03246312408709453
2.628347220248124,0.8296924065248458,2.871829575839346,0.06851405424805775,0.03246312408709453
2.628347220248124,0.8296924065248458,2.901296413956616,0.07281712507822592,0.03752457891787808
2.6573419926556205,-0.8002069906253451,2.901296413956616,0.07281712507822592,0.03752457891787808
2.655390379022912,-0.8002069906253451,2.92276274134074,0.06636716798945042,0.030543261909900768
2.6265370993403767,0.8688349168931462,2.92276274134074,0.06636716798945042,0.030543261909900768
2.6249346072279582,0.8688349168931462,2.9523070132995772,0.07113815170176552,0.03612831551628262
2.805411738886191,-0.13989664141530578,2.9523070132995772,0.07113815170176552,0.03612831551628262
2.8054119634413293,-0.13828507339804078,2.9738828555093133,0.06414905392413053,0.03490658503988659
2.7773471150201408,0.3655017913978368,2.9738828555093133,0.06414905392413053,0.03490658503988659
2.7755104285625007,0.3655017913978368,3.0032454231476873,0.06888167157877474,0.03682644721708035
2.8350820941699264,-0.18692242474843357,3.0032454231476873,0.06888167157877474,0.03682644721708035
2.833253641772377,-0.18692242474843357,3.034624161622146,0.06377979465448551,0.034557519189487726
2.7273367511483393,0.6998895197514539,3.034624161622146,0.06377979465448551,0.034557519189487726
2.7258203837566493,0.6998895197514539,3.0622674220114723,0.07775084214752817,0.039269908169872414
2.813817943017762,-0.16295043001201626,3.0622674220114723,0.07775084214752817,0.039269908169872414
2.8121416260641756,-0.16295043001201626,3.0838163292470613,0.07122764828671285,0.03700098014227979
2.762626588142352,0.15967052372255952,3.0838163292470613,0.07122764828671285,0.03700098014227979
2.762626588142352,0.15967052372255952,3.1152089587135823,0.0655212085787306,0.03769911184307752
2.740732866583112,-0.01127848829448443,3.1152089587135823,0.0655212085787306,0.03769911184307752
2.7388812019450564,-0.013130202442406308,3.1446738025048178,0.07014795068709716,0.03630284844148206
2.7702235892194,0.534779466643886,3.1446738025048178,0.07014795068709716,0.03630284844148206
2.76855230291739,0.534779466643886,3.174142242578096,0.07475412370319509,0.039968039870670144
2.674137309373234,0.042398081560114056,3.174142242578096,0.07475412370319509,0.039968039870670144
2.6723471932883927,0.042398081560114056,3.1956137812018746,0.06762365174210852,0.03874630939427412
2.59265425909009,-0.047393521648398156,3.1956137812018746,0.06762365174210852,0.03874630939427412
2.59265425909009,-0.047393521648398156,3.225173305212634,0.07219144619548107,0.038571776469074684
2.4635180648420034,-0.5821261909713833,3.225173305212634,0.07219144619548107,0.033161255787892266
2.4617016937784113,-0.5839418122140424,3.246641485702391,0.0650281255846083,0.033161255787892266
2.411631199530638,1.3951464572013108,3.246641485702391,0.0650281255846083,0.033161255787892266
2.411631199530638,1.3951464572013108,3.274314888074584,0.07937778601008573,0.04293509959906051
2.3863438439496605,-1.0322912064192358,3.274314888074584,0.07937778601008573,0.04293509959906051
2.3863438439496605,-1.0322912064192358,3.297751680772282,0.06236137381788728,0.034557519189487726
2.3866525919732373,0.883139717523046,3.297751680772282,0.06236137381788728,0.03961897402027128
2.3866525919732373,0.883139717523046,3.315456614147793,0.07479329659529163,0.03961897402027128
2.3078995926734835,0.534940996273035,3.315456614147793,0.07479329659529163,0.03961897402027128
2.3078988583612987,0.5364498839352817,3.34504058631002,0.0786840931964864,0.04293509959906051
2.2174181831478785,0.025926831855980118,3.34504058631002,0.0786840931964864,0.04293509959906051
2.2191385501986844,0.025926831855980118,3.366593232922988,0.07143760289420871,0.04241150082346221
2.314747756779417,-0.6558816180393474,3.366593232922988,0.07143760289420871,0.04241150082346221
2.314748674526401,-0.654039245252294,3.3880533599749785,0.06417608114252395,0.03630284844148206
2.2397034867141943,0.12913651156245246,3.3880533599749785,0.06417608114252395,0.03630284844148206
2.241218929602033,0.12762119967204016,3.407893633625648,0.06672403428580695,0.03595378259108319
2.3665785216526762,0.8353252832094138,3.407893633625648,0.06672403428580695,0.03595378259108319
2.3665785216526762,0.8353252832094138,3.4373091585026803,0.07112007255159102,0.04014257279586959
2.2983021577514067,0.3033274227658065,3.4373091585026803,0.07112007255159102,0.04014257279586959
2.2983021577514067,0.3033274227658065,3.4569847202359596,0.07363714328820076,0.04066617157146788
2.423541721981537,0.2994271471215659,3.4569847202359596,0.07363714328820076,0.04066617157146788
2.4251064027223355,0.2994271471215659,3.4865930836883883,0.07738700829792411,0.041887902047863905
2.4893406022233635,-0.5504812190398571,3.4865930836883883,0.07738700829792411,0.041887902047863905
2.490993491001802,-0.5504812190398571,3.508132558320315,0.07004233404273777,0.03682644721708035
2.651878152155722,0.6229239448819848,3.508132558320315,0.07004233404273777,0.03682644721708035
2.651878152155722,0.6229239448819848,3.5375543954458095,0.07435708029013333,0.039793506945470715
2.672974973189109,1.072285836274198,3.5375543954458095,0.07435708029013333,0.039793506945470715
2.6744642203257634,1.072285836274198,3.555590413747393,0.08601654708697606,0.046949356878647465
2.668858520885025,-0.5811938600952802,3.555590413747393,0.08601654708697606,0.046949356878647465
2.668858520885025,-0.5811938600952802,3.5868585844118908,0.0804593529819601,0.04153883619746504
2.600738946841503,-0.5895149610172611,3.5868585844118908,0.0804593529819601,0.04153883619746504
2.6007380477405473,-0.5911297520472524,3.6084678946032653,0.07304591220999657,0.03647738136668149
2.6113728575261583,0.5628235386189177,3.6084678946032653,0.07304591220999657,0.03647738136668149
2.6113728575261583,0.5628235386189177,3.637984913755568,0.07727934630354417,0.039793506945470715
2.5051719735234186,0.8078681019722611,3.637984913755568,0.07727934630354417,0.039793506945470715
2.5051719735234186,0.8078681019722611,3.6674322256062895,0.08085219211414434,0.044331363000655974
2.3642152290967124,-0.9120487014795202,3.6674322256062895,0.08085219211414434,0.044331363000655974
2.3656994943199336,-0.9120487014795202,3.6891331685925355,0.0733843682530442,0.03735004599267865
2.268052317554409,0.5721703175126945,3.6891331685925355,0.0733843682530442,0.03735004599267865
2.266128899970623,0.5740929291520145,3.708637869772014,0.07573471897677231,0.03961897402027128
2.2514280062022034,1.8658190636269116,3.708637869772014,0.07573471897677231,0.03961897402027128
2.253056523223426,1.8658190636269116,3.736461819077575,0.08906861981379442,0.05201081170943102
2.1753453389690507,-1.5202023276918875,3.736461819077575,0.08906861981379442,0.05201081170943102
2.173475870933313,-1.5202023276918875,3.759684787049577,0.07171571718489257,0.03892084231947355
2.1093845712034853,0.5050224487855484,3.759684787049577,0.07171571718489257,0.03892084231947355
2.1093845712034853,0.5050224487855484,3.779466905930316,0.07401734516397036,0.041713369122664476
2.0186752638191683,-0.07162643121306406,3.779466905930316,0.07401734516397036,0.041713369122664476
2.0186753715604744,-0.06985290189680086,3.7990765565037137,0.07630523131618927,0.039269908169872414
1.951939927013747,1.4094951920160532,3.7990765565037137,0.07630523131618927,0.039269908169872414
1.9535786822544372,1.4094951920160532,3.8170880296287915,0.08774994026922087,0.047647488579445195
2.0201654811952197,-1.2957599593937663,3.8170880296287915,0.08774994026922087,0.047647488579445195
2.0201654811952197,-1.2957599593937663,3.8402044640103354,0.07033232837408648,0.03647738136668149
2.0247949125939133,1.7354243464324184,3.8402044640103354,0.07033232837408648,0.03647738136668149
2.0247922152715465,1.7370869877516875,3.8564267327226194,0.09157839404087598,0.04729842272904633
1.9558278551367514,-0.3398729696081031,3.8564267327226194,0.09157839404087598,0.04729842272904633
1.9558278551367514,-0.3398729696081031,3.8779222426327364,0.08396588439930691,0.04363323129985824
1.871045381795806,-0.23544111268137652,3.8779222426327364,0.08396588439930691,0.04363323129985824
1.871045381795806,-0.23544111268137652,3.897541095127126,0.08617816462555744,0.04084070449666731
1.7591797760195915,-0.6711746231436575,3.897541095127126,0.08617816462555744,0.04084070449666731
1.7607322780248094,-0.6711746231436575,3.9092871613288094,0.07675685298832827,0.034732052114687155
1.7325261692343308,1.5346931372424937,3.9092871613288094,0.07675685298832827,0.034732052114687155
1.7343054679666996,1.5346931372424937,3.9272267149595663,0.0887854752488631,0.04485496177625427
1.660491532712568,-0.10384233696387801,3.9272267149595663,0.0887854752488631,0.04485496177625427
1.662198869642981,-0.10384233696387801,3.9487199351037576,0.08111829218980204,0.04258603374866164
1.7095361531627478,0.18873962785385032,3.9487199351037576,0.08111829218980204,0.04258603374866164
1.7095361531627478,0.18873962785385032,3.9683518920615133,0.08258586281690035,0.04293509959906051
1.7123907494186792,0.6135599164039353,3.9683518920615133,0.08258586281690035,0.04293509959906051
1.713915427964871,0.61508568466651,3.978324834542262,0.08296478644979993,0.046949356878647465
1.7705462400054872,-1.0675720372014028,3.978324834542262,0.08296478644979993,0.046949356878647465
1.7721924828871112,-1.0675720372014028,3.9999056508386017,0.07525356298271738,0.03822271061867582
1.7272077484465942,1.2658563249158974,3.9999056508386017,0.07525356298271738,0.03822271061867582
1.7289413445009447,1.2675921863387338,4.017886505864598,0.08651506422930423,0.045727626402251434
1.6691496393592207,0.7680307712893047,4.017886505864598,0.08651506422930423,0.049567350756638956
1.6691496393592207,0.7680307712893047,4.037506678026502,0.08861669306277059,0.049567350756638956
1.6660472909506698,-1.4790928983853668,4.037506678026502,0.08861669306277059,0.049567350756638956
1.6675594528557547,-1.4775832489504677,4.0493405762920345,0.07911010357173483,0.03787364476827695
1.725243086377117,1.2482859037147698,4.0493405762920345,0.07911010357173483,0.03787364476827695
1.7270575583125936,1.2482859037147698,4.067238123845989,0.09032386052437145,0.04537856055185257
1.7390359143770295,0.4948622125842649,4.067238123845989,0.09032386052437145,0.04537856055185257
1.7407135219132202,0.4965408099730749,4.086971601815345,0.09238420795202586,0.0481710873550435
1.7412794930039857,-0.782317624418518,4.086971601815345,0.09238420795202586,0.04084070449666731
1.7412794930039857,-0.782317624418518,4.098601919593709,0.08213102070035,0.04084070449666731
1.6789834816840543,1.0900942835777594,4.098601919593709,0.08213102070035,0.04084070449666731
1.6806331441110023,1.0900942835777594,4.116710583093851,0.09401221990544792,0.046949356878647465
1.733440757396552,0.06031117601746465,4.116710583093851,0.09401221990544792,0.0460766922526503
1.733440757396552,0.06031117601746465,4.138183975619601,0.08545958311813061,0.0460766922526503
1.814916423732911,0.09619583808989228,4.138183975619601,0.08545958311813061,0.0460766922526503
1.814916423732911,0.09619583808989228,4.157913421409465,0.08746082816666592,0.04537856055185257
1.7755546979742898,-0.611904217411757,4.157913421409465,0.08746082816666592,0.04537856055185257
1.7755546979742898,-0.611904217411757,4.169526952549496,0.07715035043400689,0.04066617157146788
1.8256459295540215,1.079966512112393,4.169526952549496,0.07715035043400689,0.04066617157146788
1.8256459295540215,1.079966512112393,4.187542459582271,0.08897545307332369,0.047647488579445195
1.926637813232235,-0.1772207828085815,4.187542459582271,0.08897545307332369,0.047647488579445195
1.924889717301687,-0.1772207828085815,4.208887592562036,0.08034834181965995,0.04485496177625427
1.7829153893055005,-0.35566291500741265,4.208887592562036,0.08034834181965995,0.04485496177625427
1.7829153893055005,-0.35566291500741265,4.228725987301338,0.0822904756867761,0.041887902047863905
1.5590645685037625,0.6700466156847056,4.228725987301338,0.0822904756867761,0.041887902047863905
1.5590645685037625,0.6700466156847056,4.238712709476307,0.08251674647624423,0.045727626402251434
1.5798877603236856,0.9842903122769404,4.238712709476307,0.08251674647624423,0.045727626402251434
1.5778897026091097,0.9842903122769404,4.256549917432156,0.09354667114785188,0.05201081170943102
1.5339870015345076,-0.686219180474753,4.256549917432156,0.09354667114785188,0.05201081170943102
1.5339870015345076,-0.686219180474753,4.268351276285413,0.08315422008672829,0.046251225177849735
1.559037375701651,0.4785453517988524,4.268351276285413,0.08315422008672829,0.046251225177849735
1.55702070664897,0.47652772583028413,4.287892651605673,0.08429300819654478,0.04782202150464463
1.3995282446223118,0.3221870160379864,4.287892651605673,0.08429300819654478,0.04782202150464463
1.3995276740345335,0.32373062826312116,4.307736687214023,0.08616283432182213,0.0486946861306418
1.4782480898798431,-0.5689780954446995,4.307736687214023,0.08616283432182213,0.0486946861306418
1.4763818059763443,-0.5689780954446995,4.319207468117638,0.07572751475147954,0.04293509959906051
1.559043805040499,1.1189374857555572,4.319207468117638,0.07572751475147954,0.04293509959906051
1.559043805040499,1.1189374857555572,4.337390435940634,0.08667111526035601,0.05044001538263613
1.5705035715669806,-0.3237090527223465,4.337390435940634,0.08667111526035601,0.05044001538263613
1.5705035715669806,-0.3237090527223465,4.34727960543261,0.08682675580929372,0.0466002910282486
1.7168129200096132,0.06341574899060008,4.34727960543261,0.08682675580929372,0.0466002910282486
1.7149390697540827,0.06341574899060008,4.368601069079886,0.07801887127913733,0.045029494701453704
1.678085423633608,1.5519319439254826,4.368601069079886,0.07801887127913733,0.045029494701453704
1.678085423633608,1.5519319439254826,4.385045194555174,0.09877280654007073,0.054279739737023644
1.989254722261044,-1.5157523264189163,4.385045194555174,0.09877280654007073,0.054279739737023644
1.989254722261044,-1.5157523264189163,4.398349782200612,0.07917402403308416,0.040491638646268445
2.217751401795475,1.1233087910536301,4.398349782200612,0.07917402403308416,0.040491638646268445
2.2160058956938196,1.1233087910536301,4.427967819818847,0.0818228726705667,0.0466002910282486
2.28479833618378,0.5474834828639367,4.427967819818847,0.0818228726705667,0.04834562028024293
2.284797417502477,0.5492071076588887,4.446075107278395,0.09343497712084968,0.04834562028024293
2.3080405247637366,-0.08120446744443473,4.446075107278395,0.09343497712084968,0.04834562028024293
2.3080403873752675,-0.08280522816393354,4.467588878777273,0.08452684466965349,0.04642575810304917
2.182857268493212,0.3587768892530568,4.467588878777273,0.08452684466965349,0.04642575810304917
2.182857268493212,0.3587768892530568,4.497226611773242,0.08709816416849253,0.047647488579445195
1.909003364381874,0.36581834914768674,4.497226611773242,0.08709816416849253,0.047647488579445195
1.907203357456293,0.36581834914768674,4.516881326874702,0.08879514617552081,0.04834562028024293
1.6982062626238532,-0.25504430155062674,4.516881326874702,0.08879514617552081,0.04834562028024293
1.6982062626238532,-0.25504430155062674,4.526887582419968,0.08805858275064711,0.04537856055185257
2.075952917546647,0.6656813975207656,4.526887582419968,0.08805858275064711,0.04537856055185257
2.075952917546647,0.6656813975207656,4.54666704396398,0.0889345903001024,0.0481710873550435
2.5555029753997935,-0.5778391345851286,4.54666704396398,0.0889345903001024,0.0481710873550435
2.5535492734504004,-0.5778391345851286,4.577815643487376,0.08233824632925583,0.04258603374866164
2.637323223317826,1.3754826037239307,4.577815643487376,0.08233824632925583,0.04258603374866164
2.635484807397319,1.377318896809682,4.605748286420547,0.09465346474903283,0.049567350756638956
2.4805034011106883,-0.2708698574799701,4.605748286420547,0.09465346474903283,0.049567350756638956
2.4805034011106883,-0.2708698574799701,4.6273263603130435,0.08559082965728057,0.0471238898038469
2.4380189266716443,-0.22900422837474263,4.6273263603130435,0.08559082965728057,0.0471238898038469
2.4363263007034996,-0.22900422837474263,4.64708372026058,0.08718727082747892,0.04345869837465881
2.4681797183842686,0.7607142202483734,4.64708372026058,0.08718727082747892,0.04345869837465881
2.466450749180226,0.7607142202483734,4.676728805073688,0.08955607212099931,0.047472955654245766
2.2312508659426213,0.06340903741238084,4.676728805073688,0.08955607212099931,0.047472955654245766
2.23125076797653,0.06523407741667699,4.696518142286451,0.09029847191638136,0.0460766922526503
2.23125076797653,0.06523407741667699,4.696518142286451,0.09029847191638136,0.0460766922526503
2.141537844294345,0.8464564439601985,4.716195968385413,0.09184318496462665,0.050265482457436686
2.141537844294345,0.8464564439601985,4.716195968385413,0.09184318496462665,0.050265482457436686
2.3892460380503806,0.62410151677496,4.745768034790644,0.0941343871712778,0.052185344634630454
2.762638773091797,-2.2420742472386395,4.745768034790644,0.0941343871712778,0.052185344634630454
2.7609171715975385,-2.2420742472386395,4.768705322987688,0.07589688523905253,0.03385938748868999
2.6467195986964724,2.250213357736763,4.768705322987688,0.07589688523905253,0.03385938748868999
2.6450873028109605,2.250213357736763,4.795202401939938,0.09788406987811296,0.04852015320544237
2.4227214818173843,-0.4647936891356848,4.795202401939938,0.09788406987811296,0.04380776422505767
2.4211412494357627,-0.4632127628008106,4.816645806569248,0.08864400391510124,0.04380776422505767
2.3721415668381924,0.30293213185175716,4.816645806569248,0.08864400391510124,0.04380776422505767
2.372141980987962,0.30132896435423406,4.846382268905085,0.09167144216720295,0.045727626402251434
2.318810613202423,-0.8335517271377209,4.846382268905085,0.09167144216720295,0.045727626402251434
2.318810613202423,-0.8335517271377209,4.869298623630822,0.07335889595227597,0.03787364476827695
2.3870519947892848,1.5532858535142329,4.869298623630822,0.07335889595227597,0.03787364476827695
2.385117544946164,1.5532858535142329,4.895679890929078,0.09524724928925579,0.04782202150464463
2.4502451159918834,0.7055052858882578,4.895679890929078,0.09524724928925579,0.04782202150464463
2.448421398467019,0.7055052858882578,4.91547580197753,0.09579560035631078,0.051487212933832724
2.662504010173512,-1.196514639184649,4.91547580197753,0.09579560035631078,0.051487212933832724
2.661050455394109,-1.196514639184649,4.9483129344680705,0.07897921257613864,0.041887902047863905
2.5023470297278942,0.2203784463413643,4.9483129344680705,0.07897921257613864,0.041887902047863905
2.5023470297278942,0.2203784463413643,4.968112275012934,0.07948279321250447,0.04241150082346221
2.428134124396337,0.8584109187833493,4.968112275012934,0.07948279321250447,0.04241150082346221
2.428134124396337,0.8584109187833493,4.996398352855031,0.09138799834658312,0.0486946861306418
2.401713830473007,-0.40578857946496283,4.996398352855031,0.09138799834658312,0.0486946861306418
2.401714348386916,-0.40384298802589846,5.017656444325844,0.08284019937372072,0.04380776422505767
2.4606857762646777,1.0731928545937108,5.017656444325844,0.08284019937372072,0.04380776422505767
2.4606871482113686,1.0715098280453212,5.037462097880112,0.08327991666133813,0.04921828490624009
2.4985627880786954,0.2865384352684781,5.037462097880112,0.08327991666133813,0.04921828490624009
2.49669191925112,0.2884089906918464,5.067067515823683,0.08522704838677929,0.04974188368183839
2.484715615551339,-0.3637316475426491,5.067067515823683,0.08522704838677929,0.04974188368183839
2.484715615551339,-0.3637316475426491,5.086934175052965,0.08650787510661108,0.0460766922526503
2.563600755619047,0.47037080930023223,5.086934175052965,0.08650787510661108,0.0460766922526503
2.5636013421062187,0.46881955048755153,5.116701212207364,0.08840322129061415,0.04799655442984406
2.5657310971256435,0.06112082827042033,5.116701212207364,0.08840322129061415,0.04799655442984406
2.5657310971256435,0.06112082827042033,5.147914357146476,0.08038281739595313,0.046949356878647465
2.457921664169319,-0.45682133586592993,5.147914357146476,0.08038281739595313,0.046949356878647465
2.4579210924488555,-0.45872187396550207,5.167640443112375,0.08160787103658355,0.041713369122664476
2.4199023175179946,2.036759042729777,5.167640443112375,0.08160787103658355,0.041713369122664476
2.4199023175179946,2.036759042729777,5.195977129063074,0.0933055456362059,0.05550147021341968
2.506089559664963,-0.4703333022922108,5.195977129063074,0.0933055456362059,0.05550147021341968
2.506089559664963,-0.4703333022922108,5.217084141332968,0.08369962434281884,0.05009094953223726
2.512510148317072,-0.8904215035585428,5.217084141332968,0.08369962434281884,0.05009094953223726
2.512510148317072,-0.8904215035585428,5.238468744537426,0.07407140192947781,0.04258603374866164
2.4210801222818565,0.8419142452401406,5.238468744537426,0.07407140192947781,0.04258603374866164
2.4193475144990395,0.8401805556639693,5.266653211387457,0.08660684584086029,0.046774823953448036
2.4417083993152184,0.443623606487333,5.266653211387457,0.08660684584086029,0.046774823953448036
2.4417083993152184,0.443623606487333,5.286544896291131,0.0868230044987252,0.0481710873550435
2.4804694150975393,0.8269542983596003,5.286544896291131,0.0868230044987252,0.0481710873550435
2.4804694150975393,0.8269542983596003,5.316257834272691,0.08849997450192648,0.05201081170943102
2.4787296011390323,0.5661989135763678,5.316257834272691,0.08849997450192648,0.05201081170943102
2.4787296011390323,0.5661989135763678,5.3360837938665435,0.08866948308640267,0.054628805587422516
2.405283270958174,-0.8053860990266234,5.3360837938665435,0.08866948308640267,0.054628805587422516
2.405283270958174,-0.8053860990266234,5.36720367054471,0.0803982539134583,0.0466002910282486
2.3970251188308773,0.8961840707204478,5.36720367054471,0.0803982539134583,0.0466002910282486
2.3970251188308773,0.8961840707204478,5.385562488196759,0.09041229225708977,0.05044001538263613
2.4159692337147582,0.23872895967976385,5.385562488196759,0.09041229225708977,0.05044001538263613
2.4159692337147582,0.23872895967976385,5.416886955315502,0.08208250697642921,0.05044001538263613
2.4548460425065564,0.2028686461438681,5.416886955315502,0.08208250697642921,0.05044001538263613
2.4548460425065564,0.2028686461438681,5.436645869082974,0.0821579271037195,0.049567350756638956
2.3692463355371087,0.709452007704448,5.436645869082974,0.0821579271037195,0.049567350756638956
2.3692471989211605,0.7077208240298852,5.464919725891324,0.09355732137130279,0.05288347633542819
2.316236754851559,-0.46144602390324346,5.464919725891324,0.09355732137130279,0.05288347633542819
2.3178926453750086,-0.46144602390324346,5.486202231188197,0.0846492234553426,0.047472955654245766
2.339764723516011,1.2598411182812606,5.486202231188197,0.0846492234553426,0.047472955654245766
2.3378192748760642,1.2598411182812606,5.504510549055113,0.09455619885541015,0.054279739737023644
2.3952029685765024,-0.007504012034964795,5.504510549055113,0.09455619885541015,0.054279739737023644
2.396583008843144,-0.008884097772934812,5.535839473083276,0.08608806002660009,0.052534410485029326
2.333187717409997,-1.3143385370683975,5.535839473083276,0.08608806002660009,0.052534410485029326
2.333187717409997,-1.3143385370683975,5.556965629498713,0.076155831512222,0.04066617157146788
2.2953696961466283,2.454696542225149,5.556965629498713,0.076155831512222,0.04066617157146788
2.2953696961466283,2.454696542225149,5.574018811989865,0.0958946417560289,0.056548667764616284
2.204130545305575,-0.7268257364293355,5.574018811989865,0.0958946417560289,0.04886921905584123
2.204130545305575,-0.7268257364293355,5.595214278123245,0.08592015983219026,0.04886921905584123
2.237544049104357,0.936088769068904,5.595214278123245,0.08592015983219026,0.04886921905584123
2.237544049104357,0.936088769068904,5.62502704679079,0.08723860892115975,0.053407075111026485
2.2661057667089812,-0.5365798985524173,5.62502704679079,0.08723860892115975,0.04642575810304917
2.266106435543288,-0.5344797314008984,5.644656753109377,0.08711519446682373,0.04642575810304917
2.2404845335989756,1.3065850107167922,5.644656753109377,0.08711519446682373,0.05375614096142535
2.2404845335989756,1.3065850107167922,5.663240135691945,0.09687174945075777,0.05375614096142535
2.1414673765847674,-0.4404210074429023,5.663240135691945,0.09687174945075777,0.05375614096142535
2.1414673765847674,-0.4404210074429023,5.684477597558149,0.08779810678487662,0.04799655442984406
2.170023283337273,0.31175827167337555,5.684477597558149,0.08779810678487662,0.04799655442984406
2.170022892909381,0.3134661668510725,5.714227879557878,0.08901279287400213,0.047472955654245766
2.0694176611856236,1.1306236308416244,5.714227879557878,0.08901279287400213,0.047472955654245766
2.071112189934163,1.128930485112198,5.732698813031565,0.09870729634367355,0.053407075111026485
2.173286772568452,-0.44999166217570596,5.732698813031565,0.09870729634367355,0.053407075111026485
2.1732873471633276,-0.4482467161379956,5.753942501404556,0.08857567396724011,0.047472955654245766
2.077136908157566,0.6248847574976693,5.753942501404556,0.08857567396724011,0.047472955654245766
2.077136908157566,0.6248847574976693,5.773722519629322,0.08832596634635126,0.04939281783143953
2.0818215007420413,0.49415012240401524,5.773722519629322,0.08832596634635126,0.04939281783143953
2.081820867441514,0.4958601663073797,5.793577151364517,0.08805549134438055,0.05061454830783556
1.9932237373885535,0.06574731773676157,5.793577151364517,0.08805549134438055,0.05061454830783556
1.9932237373885535,0.06574731773676157,5.813506380305682,0.08776424752349073,0.04886921905584123
2.050896354929334,-0.06999608138765508,5.813506380305682,0.08776424752349073,0.04886921905584123
2.050896354929334,-0.06999608138765508,5.833348232084132,0.08847023274889501,0.046251225177849735
2.0815393964899416,1.164833692390658,5.833348232084132,0.08847023274889501,0.05288347633542819
2.083242683445612,1.164833692390658,5.851856071366638,0.09804767951790838,0.05288347633542819
2.087183216462749,-0.5944862186945452,5.851856071366638,0.09804767951790838,0.05288347633542819
2.0871824366038054,-0.5962811854041954,5.873078121806944,0.08779082055727148,0.0466002910282486
2.035684821776666,0.8403111584765185,5.873078121806944,0.08779082055727148,0.0466002910282486
2.035684821776666,0.8403111584765185,5.90292205703346,0.08877192179154127,0.05113814708343386
1.9790938940861518,0.0387767264935283,5.90292205703346,0.08877192179154127,0.05113814708343386
1.980700697214133,0.0387767264935283,5.912889452013062,0.08702831141042484,0.050265482457436686
1.9441836131197265,-0.27235022285730537,5.912889452013062,0.08702831141042484,0.050265482457436686
1.9441832469578975,-0.27403622686133267,5.932814406278331,0.0876512210983047,0.04729842272904633
2.0361814775872142,0.677747358843854,5.932814406278331,0.0876512210983047,0.04729842272904633
2.037912839190884,0.677747358843854,5.952615114478504,0.08722149048262402,0.050265482457436686
2.1005922949224107,0.18165446121593953,5.952615114478504,0.08722149048262402,0.050265482457436686
2.100592542700368,0.17986349973687354,5.982391344223515,0.08810392352292894,0.05044001538263613
2.044262774685421,0.0660143938083132,5.982391344223515,0.08810392352292894,0.05044001538263613
2.044262774685421,0.0660143938083132,6.002258965697334,0.08762744311053437,0.04974188368183839
1.922574974071938,0.4173234818980623,6.002258965697334,0.08762744311053437,0.04974188368183839
1.9241877166035934,0.4173234818980623,6.022220604616696,0.08713018015899805,0.05131268000863329
2.0848217557923294,0.9210724623204114,6.022220604616696,0.08713018015899805,0.05131268000863329
2.0848230452825547,0.919445870488418,6.040773121881563,0.09652497988803216,0.056548667764616284
2.107207134904806,-0.9197705779829707,6.040773121881563,0.09652497988803216,0.04799655442984406
2.108885513191805,-0.9197705779829707,6.063369676353405,0.07615976642940399,0.04799655442984406
2.0434874611584166,1.4656993539755179,6.063369676353405,0.07615976642940399,0.04799655442984406
2.0434874611584166,1.4656993539755179,6.080540569145329,0.09542790360931745,0.056548667764616284
2.0738127098266843,0.03610925181711564,6.080540569145329,0.09542790360931745,0.056548667764616284
2.0738127098266843,0.03610925181711564,6.101720597376879,0.08493327679484251,0.054279739737023644
2.0689164234155153,0.6208898542286251,6.101720597376879,0.08493327679484251,0.054279739737023644
2.0689164234155153,0.6208898542286251,6.120396550454184,0.09317962072978511,0.056025068989017976
2.0105653085875423,-0.3107012109956947,6.120396550454184,0.09317962072978511,0.056025068989017976
2.012279423975128,-0.3107012109956947,6.141581996968442,0.08263835626436532,0.05131268000863329
1.9804595542371983,0.401081227045062,6.141581996968442,0.08263835626436532,0.05131268000863329
1.9804595542371983,0.401081227045062,6.16162559790626,0.08199211014735303,0.050789081233034994
2.129362077117455,0.7754995519473173,6.16162559790626,0.08199211014735303,0.052708943410228755
2.1312237416689075,0.7754995519473173,6.180156669160253,0.09124290290139106,0.052708943410228755
2.12036244304005,0.3108955423175048,6.180156669160253,0.09124290290139106,0.052708943410228755
2.1203629057086615,0.3090513831598014,6.209872487721239,0.09182984655546413,0.052534410485029326
2.0133815944903435,0.6854761984415887,6.209872487721239,0.09182984655546413,0.052534410485029326
2.0133815944903435,0.6854761984415887,6.229757323503076,0.09111669026338222,0.05445427266222309
1.962896901964652,0.12263711062965914,6.229757323503076,0.09111669026338222,0.05445427266222309
1.962896901964652,0.12263711062965914,6.249643109201663,0.09038273433930899,0.053232542185827056
2.048183360938143,0.37997105745128046,6.249643109201663,0.09038273433930899,0.053232542185827056
2.0481839268948607,0.3783754529796598,6.269615348578519,0.08962797759578653,0.053407075111026485
2.121779198826073,0.13555238048669715,6.269615348578519,0.08962797759578653,0.053407075111026485
2.1234481196513633,0.13555238048669715,6.289519682122557,0.08885241885676745,0.05131268000863329
2.0974858244048664,0.20212991920770834,6.289519682122557,0.08885241885676745,0.04991641660703782
2.0974858244048664,0.20212991920770834,6.309320924246618,0.08805605695758581,0.04991641660703782
2.0758262545171626,1.047601815391784,6.309320924246618,0.08805605695758581,0.04991641660703782
2.0758246576414034,1.049318346766173,6.327967421395786,0.09716134480456788,0.05515240436302082
2.1140842619976192,0.7908133528986802,6.327967421395786,0.09716134480456788,0.05515240436302082
2.1140842619976192,0.7908133528986802,6.347879591491384,0.09521628109151997,0.05846852994181004
2.045855315540221,-1.202478193296749,6.347879591491384,0.09521628109151997,0.05846852994181004
2.045855315540221,-1.202478193296749,6.368991688902935,0.08554214082351594,0.046774823953448036
2.117216726971181,1.7865787483659865,6.368991688902935,0.08554214082351594,0.046774823953448036
2.117216726971181,1.7865787483659865,6.387672739550687,0.09347226209813524,0.05689773361501515
2.0951949027773957,-0.3448811164910275,6.387672739550687,0.09347226209813524,0.05689773361501515
2.0951954267571122,-0.34317719109827094,6.4075705456861005,0.0925690356399381,0.05061454830783556
2.0326095759064358,0.6431105594885762,6.4075705456861005,0.0925690356399381,0.052708943410228755
2.0344617185278624,0.6431105594885762,6.437320181724184,0.0928602251323846,0.052708943410228755
1.964534911591028,0.02606693753962829,6.437320181724184,0.0928602251323846,0.052708943410228755
1.964534911591028,0.02606693753962829,6.4572040360054075,0.09303701350619481,0.04974188368183839
2.082659284051605,0.9981252421754866,6.4572040360054075,0.09303701350619481,0.054279739737023644
2.0826577321768025,0.9997460191164441,6.476005157252962,0.10086646248043664,0.054279739737023644
2.063057482955375,0.1078900475375128,6.476005157252962,0.10086646248043664,0.05183627878423159
2.0648819170502057,0.10971472697478567,6.4970349355354555,0.08994762702848207,0.05183627878423159
2.1272260874149183,0.4145124717589745,6.4970349355354555,0.08994762702848207,0.05183627878423159
2.1272260874149183,0.4145124717589745,6.5157427531160605,0.09886353738893774,0.051487212933832724
2.026809002922996,0.05859830351606625,6.5157427531160605,0.09886353738893774,0.04974188368183839
2.026809002922996,0.05859830351606625,6.536824621514976,0.08904254346348173,0.04974188368183839
2.216772708274938,0.41240997011294034,6.536824621514976,0.08904254346348173,0.04974188368183839
2.2184406993708574,0.4140786931737255,6.555554907102642,0.09792132857135485,0.04974188368183839
2.177643230169321,1.7459788467294768,6.555554907102642,0.09792132857135485,0.04974188368183839
2.1791081532756134,1.7459788467294768,6.584338631454329,0.10681210289995119,0.06091199089460211
2.2033346700183056,-1.5284013882658916,6.584338631454329,0.10681210289995119,0.04729842272904633
2.203337182526707,-1.5264877311401666,6.606507481085286,0.08585057687156666,0.04729842272904633
2.232734339771409,0.6928215750815385,6.606507481085286,0.08585057687156666,0.04729842272904633
2.2342675694426744,0.6912894239128786,6.625336320430421,0.09581643767760716,0.05096361415823442
2.3089155591237414,0.34541394200200565,6.625336320430421,0.09581643767760716,0.05096361415823442
2.3089155591237414,0.34541394200200565,6.645248484243115,0.0946778984556815,0.051487212933832724
2.283446091304756,0.5455211265373223,6.645248484243115,0.0946778984556815,0.051487212933832724
2.283446091304756,0.5455211265373223,6.674997335729443,0.09467830538271105,0.052708943410228755
2.1720861929029405,0.16723910256240593,6.674997335729443,0.09467830538271105,0.054105206811824215
2.173396809047617,0.16723910256240593,6.6951343857469485,0.09232458988682213,0.054105206811824215
2.2432543405854624,1.0101838928306839,6.6951343857469485,0.09232458988682213,0.054105206811824215
2.2432560620628763,1.008161445762872,6.7137056575057175,0.10104881699598837,0.05881759579220891
2.285585346830524,-0.6353656324637488,6.7137056575057175,0.10104881699598837,0.05881759579220891
2.285585346830524,-0.6353656324637488,6.734963605536689,0.08988435734031926,0.05305800926062762
2.257579549929986,0.8305581870784584,6.734963605536689,0.08988435734031926,0.05707226654021458
2.2593234249184,0.8288156541698202,6.764828231371712,0.08977022863745444,0.05707226654021458
2.271923922265086,-0.018887838832236818,6.764828231371712,0.08977022863745444,0.05707226654021458
2.2699604083269636,-0.018887838832236818,6.784632518721571,0.08849283107329033,0.054279739737023644
1.9953932500870435,-0.22432676923970568,6.784632518721571,0.08849283107329033,0.054279739737023644
1.9953932500870435,-0.22432676923970568,6.804662442936747,0.08600716276199867,0.05131268000863329
2.2699873865899067,0.7934043906612153,6.804662442936747,0.08600716276199867,0.05131268000863329
2.2714170618322402,0.7919760090846787,6.824693697796514,0.08468462073753459,0.05497787143782138
2.2973143534269607,0.04988767634090263,6.824693697796514,0.08468462073753459,0.05497787143782138
2.2973143534269607,0.04988767634090263,6.85454866335382,0.0844559326179344,0.05235987755982989
2.184044451702677,0.834945324891944,6.85454866335382,0.0844559326179344,0.05567600313861911
2.184044451702677,0.834945324891944,6.873358051262663,0.0930247768722088,0.05567600313861911
2.168194344726489,0.6721994246883126,6.873358051262663,0.0930247768722088,0.05567600313861911
2.1681955103644746,0.6704766776927723,6.893282512986356,0.09163510178638963,0.05759586531581288
2.206410259424708,0.412802221655774,6.893282512986356,0.09163510178638963,0.05759586531581288
2.206410259424708,0.412802221655774,6.913223039113806,0.08901822015142204,0.057246799465414014
2.3156600344736797,-0.18084152558432595,6.913223039113806,0.08901822015142204,0.05235987755982989
2.3156600344736797,-0.18084152558432595,6.943087771822784,0.08867552310507429,0.05235987755982989
2.3156600344736797,-0.18084152558432595,6.943087771822784,0.08867552310507429,0.05235987755982989
2.3317587378478932,1.1433435609117604,6.961910946892554,0.09715539320714113,0.056548667764616284
2.1930709887868463,0.37576852849889386,6.961910946892554,0.09715539320714113,0.056548667764616284
2.1930709887868463,0.37576852849889386,6.981842553116638,0.09567423405002416,0.05637413483941684
2.260796499498831,-0.8224405572775196,6.981842553116638,0.09567423405002416,0.05637413483941684
2.2607950950195215,-0.8242405114518906,7.00275324606577,0.0842303415873101,0.04729842272904633
2.241143720646156,1.0842469392706906,7.00275324606577,0.0842303415873101,0.04729842272904633
2.2411455689516377,1.0827979041210745,7.031746514847217,0.09372069065926503,0.05201081170943102
2.335751182609114,0.4659421221661797,7.031746514847217,0.09372069065926503,0.05201081170943102
2.335751182609114,0.4659421221661797,7.051581949968782,0.09217178135030449,0.05235987755982989
2.3750917518703707,0.40311054418769554,7.051581949968782,0.09217178135030449,0.05235987755982989
2.3750917518703707,0.40311054418769554,7.071417685039925,0.09060202218582185,0.05201081170943102
2.2910830727654004,0.7522542405944339,7.071417685039925,0.09060202218582185,0.05201081170943102
2.2910830727654004,0.7522542405944339,7.101490558252311,0.09006711109647393,0.054279739737023644
2.3267014487256525,0.04959260714518145,7.101490558252311,0.09006711109647393,0.054279739737023644
2.3267014487256525,0.04959260714518145,7.12122965860782,0.08845044315169977,0.05183627878423159
2.4021964481315057,0.4166604337656567,7.12122965860782,0.08845044315169977,0.05183627878423159
2.4021964481315057,0.4166604337656567,7.151304698541321,0.08785820752263235,0.052708943410228755
2.428743406643377,1.1069609367227933,7.151304698541321,0.08785820752263235,0.052708943410228755
2.428743406643377,1.1069609367227933,7.1702169406147025,0.09488918443987682,0.05707226654021458
2.3744353936421008,0.3882009433840609,7.1702169406147025,0.09488918443987682,0.05707226654021458
2.3744353936421008,0.3882009433840609,7.2001036799704865,0.09423494591549149,0.057246799465414014
2.421821599265727,-0.5193179053138814,7.2001036799704865,0.09423494591549149,0.057246799465414014
2.4198248474739112,-0.5193179053138814,7.21983568980637,0.09252150837414234,0.050265482457436686
2.4328980161765306,0.2758468479022786,7.21983568980637,0.09252150837414234,0.050265482457436686
2.4328980161765306,0.2758468479022786,7.239873347300482,0.09078721246136365,0.04974188368183839
2.5262659102608818,0.9909008100575808,7.239873347300482,0.09078721246136365,0.04974188368183839
2.5262659102608818,0.9909008100575808,7.2698588030567155,0.09004956583084267,0.05375614096142535
2.568717626666725,0.33665841109569533,7.2698588030567155,0.09004956583084267,0.053232542185827056
2.5667410022314163,0.33665841109569533,7.299637671817058,0.08928064163891603,0.053232542185827056
2.5441956070294514,1.0687740495515785,7.299637671817058,0.08928064163891603,0.058643062867009474
2.5441956070294514,1.0687740495515785,7.318590697131022,0.0961453804333459,0.058643062867009474
2.478908616774825,0.3487554201640536,7.318590697131022,0.0961453804333459,0.058643062867009474
2.478908616774825,0.3487554201640536,7.348582533841073,0.0953144138542657,0.05811946409141117
2.6377232825125985,-0.0030299158381330493,7.348582533841073,0.0953144138542657,0.05811946409141117
2.6359136448241776,-0.0030299158381330493,7.368421147410574,0.09345722855698785,0.055326937288220246
2.7839464156769855,0.3039567407902027,7.368421147410574,0.09345722855698785,0.055326937288220246
2.7839464156769855,0.3039567407902027,7.3984129988515726,0.09256890164489538,0.05515240436302082
2.8478679575437176,0.4560593723436993,7.3984129988515726,0.09256890164489538,0.05515240436302082
2.8478679575437176,0.4560593723436993,7.428236811339169,0.09035302001231618,0.055326937288220246
2.715443433820236,0.9912038229092877,7.428236811339169,0.09035302001231618,0.055326937288220246
2.7138329076620518,0.9895916439218551,7.457235364650309,0.09934900214592945,0.05951572749300664
2.6642175729236452,0.2006660767933394,7.457235364650309,0.09934900214592945,0.05951572749300664
2.6642175729236452,0.2006660767933394,7.4772076509351955,0.09608494441943127,0.0582939970166106
2.8437408588581077,0.7489734108130152,7.4772076509351955,0.09608494441943127,0.0582939970166106
2.8437408588581077,0.7489734108130152,7.507206331483976,0.09506674068194725,0.0614355896702004
3.1241063455166067,-0.25503941927972495,7.507206331483976,0.09506674068194725,0.0614355896702004
3.1241063455166067,-0.25503941927972495,7.53704076903226,0.0927019964555603,0.05619960191421741
2.9531542916587887,1.081783444481027,7.53704076903226,0.0927019964555603,0.05619960191421741
2.9513629114261306,1.081783444481027,7.5759334899962285,0.10252368845650929,0.06073745796940267
2.760196407141933,-0.541021109762309,7.5759334899962285,0.10252368845650929,0.06073745796940267
2.760196407141933,-0.541021109762309,7.596932268860453,0.09049866651945906,0.054279739737023644
2.8570515402409327,1.4222089247723144,7.596932268860453,0.09049866651945906,0.06091199089460211
2.855344691700271,1.4222089247723144,7.625898539537045,0.09797476316680101,0.06091199089460211
3.055807592955492,0.3735020194486743,7.625898539537045,0.09797476316680101,0.059864793343405505
3.055807592955492,0.3735020194486743,7.655815987720326,0.09679011998770252,0.059864793343405505
3.21010372987827,0.08344452619773486,7.655815987720326,0.09679011998770252,0.059864793343405505
3.208301700372322,0.08344452619773486,7.685645492718874,0.09423298017835609,0.056548667764616284
2.9880374290411984,1.1209963410431794,7.685645492718874,0.09423298017835609,0.06091199089460211
2.986036713121752,1.1209963410431794,7.7244956032274565,0.1038614574459317,0.06091199089460211
3.0439041875364783,0.202951037379902,7.7244956032274565,0.1038614574459317,0.06091199089460211
3.0439041875364783,0.202951037379902,7.754606397167749,0.10121972642101107,0.05951572749300664
3.1345318533399125,0.13279970532250385,7.754606397167749,0.10121972642101107,0.05951572749300664
3.132562485035675,0.13279970532250385,7.784348174715874,0.09989467776360485,0.05585053606381855
3.1666535442640322,1.4944350148729488,7.784348174715874,0.09989467776360485,0.05585053606381855
3.1666535442640322,1.4944350148729488,7.813551518077468,0.10713365203555267,0.06300638599699529
3.175225159549016,-0.2642109344354277,7.813551518077468,0.10713365203555267,0.06300638599699529
3.175225159549016,-0.2642109344354277,7.844383300740249,0.09578175171109599,0.05689773361501515
3.234243293705994,0.2613095696257129,7.844383300740249,0.09578175171109599,0.05689773361501515
3.2322381614653954,0.2613095696257129,7.874130369823425,0.09435753853585362,0.05497787143782138
3.309406348017397,0.7851407819250172,7.874130369823425,0.09435753853585362,0.05811946409141117
3.309406348017397,0.7851407819250172,7.913228410018426,0.10237043939711568,0.05811946409141117
3.3617276819463306,0.457794457523127,7.913228410018426,0.10237043939711568,0.05777039824101231
3.359951030830954,0.457794457523127,7.943144386162855,0.10087361717965071,0.05777039824101231
3.192534415949845,-0.4316743505453845,7.943144386162855,0.10087361717965071,0.05777039824101231
3.1909225727232116,-0.4316743505453845,7.973937543405904,0.08938398454458507,0.05113814708343386
3.2599481035128663,1.6849025651881804,7.973937543405904,0.08938398454458507,0.06073745796940267
3.2599481035128663,1.6849025651881804,8.01305222190205,0.09725922576510251,0.06073745796940267
3.4605297609092216,0.2736106912488965,8.01305222190205,0.09725922576510251,0.05969026041820607
3.458472306093378,0.2736106912488965,8.042817968842952,0.0956579957524292,0.05969026041820607
3.4165435533221817,-0.2266207180204071,8.042817968842952,0.0956579957524292,0.05969026041820607
3.4149957666033557,-0.22816825425228515,8.082773688023684,0.09488482719845662,0.056025068989017976
3.4247649690280673,0.957233983285129,8.082773688023684,0.09488482719845662,0.0603883921190038
3.422986076507913,0.9554538338092731,8.111856137670571,0.1017635750779916,0.0603883921190038
3.330881980380436,0.46628108244165994,8.111856137670571,0.1017635750779916,0.0603883921190038
3.330881980380436,0.46628108244165994,8.141871240928248,0.10005837126333005,0.0614355896702004
3.528523615222878,0.5397570912445727,8.141871240928248,0.10005837126333005,0.0614355896702004
3.5268523356686514,0.5397570912445727,8.181775309655793,0.09773602983081534,0.06213372137099813
3.508335911312819,0.20635538443837242,8.181775309655793,0.09773602983081534,0.06213372137099813
3.506377544784213,0.20635538443837242,8.211646875593175,0.09452468777569087,0.0603883921190038
3.5144617762323946,0.18516785975155278,8.211646875593175,0.09452468777569087,0.0603883921190038
3.512808935337108,0.18516785975155278,8.251536944722414,0.09353790135176289,0.05899212871740834
3.502064647817634,1.22146218727189,8.251536944722414,0.09353790135176289,0.05899212871740834
3.5004313912130716,1.22146218727189,8.290687550224373,0.10102860879138845,0.06475171524898962
3.6757451250245494,0.1840576868140683,8.290687550224373,0.10102860879138845,0.06475171524898962
3.6739684549306393,0.18228077577897128,8.320553669102676,0.09913583775597141,0.0619591884457987
3.6691378738218385,0.6315269010266357,8.320553669102676,0.09913583775597141,0.06265732014659643
3.6674945022349283,0.6331696215285348,8.360529425107634,0.09656339434029242,0.06265732014659643
3.549457577237459,0.6062122801911014,8.360529425107634,0.09656339434029242,0.06265732014659643
3.5477588101004653,0.6062122801911014,8.400442623801206,0.09393523637121244,0.06213372137099813
3.6845308864812165,1.184575646041385,8.400442623801206,0.09393523637121244,0.06667157742618339
3.6829270554381104,1.184575646041385,8.429592836704394,0.10042467801953159,0.06667157742618339
3.8385107461101824,-0.3767145685478021,8.429592836704394,0.10042467801953159,0.059166661642607775
3.8343586225872865,-0.3767145685478021,8.47015391426454,0.08920189121828745,0.059166661642607775
3.69601436042388,0.796414802994241,8.47015391426454,0.08920189121828745,0.059166661642607775
3.694530767639331,0.7949304488974662,8.50939264091018,0.09638981892417037,0.061086523819801536
3.7105945960885176,1.1120714092344672,8.50939264091018,0.09638981892417037,0.061086523819801536
3.7089081246946702,1.1120714092344672,8.548518916766715,0.10501497329436255,0.0645771823237902
3.778031794604158,-0.2960915787943905,8.548518916766715,0.10501497329436255,0.05881759579220891
3.776375286479383,-0.2977478506293956,8.579247233963445,0.09138926843821285,0.05881759579220891
3.72379682919114,1.2547251100808077,8.579247233963445,0.09138926843821285,0.05881759579220891
3.719954226810558,1.2547251100808077,8.618333912171641,0.09842597895407125,0.06335545184739416
3.928956353855906,1.0468704710616046,8.618333912171641,0.09842597895407125,0.06702064327658225
3.9274580427037864,1.0468704710616046,8.657549363090823,0.10540802041989636,0.06702064327658225
3.956782749172675,-0.07790632832244293,8.657549363090823,0.10540802041989636,0.06702064327658225
3.9549114508138237,-0.07790632832244293,8.697423056095712,0.10388140270861945,0.06230825429619757
4.061839244096201,-0.007411105260739055,8.697423056095712,0.10388140270861945,0.06230825429619757
4.058352659155949,-0.007411105260739055,8.738079541256383,0.09081589611519246,0.057944931166211744
3.813641555687335,2.1248683234617443,8.738079541256383,0.09081589611519246,0.06911503837897545
3.8121124014439127,2.1248683234617443,8.776569090973114,0.10761188993699972,0.06911503837897545
3.811106018920914,-1.8894906282466275,8.776569090973114,0.10761188993699972,0.06911503837897545
3.8071911757461843,-1.8894906282466275,8.817896049329784,0.08600002747746399,0.05166174585903215
4.070986849471707,1.8181110145388224,8.817896049329784,0.08600002747746399,0.05166174585903215
4.069355968509244,1.8181110145388224,8.8570819227603,0.09426541277246167,0.06073745796940267
4.09337319846665,1.37929499264995,8.8570819227603,0.09426541277246167,0.06073745796940267
4.089665747946785,1.377440901681136,8.895523065069739,0.11091117491074395,0.0661479786505851
4.104964091998023,0.18891517807162825,8.895523065069739,0.11091117491074395,0.0661479786505851
4.103403840215521,0.18891517807162825,8.93621200660792,0.0975795912699948,0.06405358354819189
3.9662980133631223,0.3233889633430697,8.93621200660792,0.0975795912699948,0.062482787221396996
3.9645449538818447,0.3216357552586903,8.975445953598872,0.1041413118426335,0.062482787221396996
3.8638505922071364,0.42035983563389256,8.975445953598872,0.1041413118426335,0.06126105674500097
3.860443370573646,0.42035983563389256,9.015348516788034,0.10224615613931988,0.06126105674500097
3.9806878132451455,1.0054906744227872,9.015348516788034,0.10224615613931988,0.06126105674500097
3.9789641678544863,1.0037666731990977,9.055294648567395,0.09872879606288058,0.0656243798749868
4.029305383483723,0.31028828400247954,9.055294648567395,0.09872879606288058,0.06475171524898962
4.027550350678765,0.31028828400247954,9.095239994493763,0.09515567202825047,0.06475171524898962
3.956602451280495,0.6289341276906976,9.095239994493763,0.09515567202825047,0.0656243798749868
3.9549423799565306,0.627273871966163,9.134504340467217,0.10150362587254941,0.0656243798749868
3.84623722715473,0.02945513924568508,9.134504340467217,0.10150362587254941,0.0656243798749868
3.8426289628426193,0.027651001553843434,9.174427319120912,0.09781944352715179,0.062482787221396996
3.9898089694426386,0.6971498430698676,9.174427319120912,0.09781944352715179,0.06405358354819189
3.988407688759395,0.6971498430698676,9.214370540892853,0.09568767014679266,0.06405358354819189
3.971386310159481,1.910259105942753,9.214370540892853,0.09568767014679266,0.07243116395776468
3.969488883225879,1.9083613580404803,9.253006391781742,0.11024025434200857,0.07243116395776468
3.7490286061512372,-0.7143678201136123,9.253006391781742,0.11024025434200857,0.07243116395776468
3.7472229722539647,-0.712562087696139,9.29360282117492,0.09803298840403796,0.06300638599699529
3.9469370635278103,1.0426535186420496,9.29360282117492,0.09803298840403796,0.06544984694978735
3.945202797885598,1.0426535186420496,9.333556484705307,0.0941331466278207,0.06544984694978735
3.695260625424476,1.287198944799147,9.333556484705307,0.0941331466278207,0.06911503837897545
3.69175354191362,1.287198944799147,9.372197752649516,0.11013651089476381,0.06911503837897545
3.981650736250221,-0.7776352028017799,9.372197752649516,0.11013651089476381,0.06911503837897545
3.981650736250221,-0.7776352028017799,9.413460113305613,0.08616612439243275,0.05846852994181004
3.851977046752482,2.0582977261209576,9.413460113305613,0.08616612439243275,0.05846852994181004
3.8480228905425715,2.056320648000946,9.45211334702928,0.10370940742686471,0.06754424205218056
3.8683146950771214,0.2893192069709377,9.45211334702928,0.10370940742686471,0.06422811647339133
3.8666293901696704,0.2893192069709377,9.492079645002613,0.09959429435237468,0.06422811647339133
3.6264812156126127,1.4568847120545314,9.492079645002613,0.09959429435237468,0.06422811647339133
3.624721956720502,1.4586440820517157,9.520835418825031,0.1147716890261257,0.06928957130417489
3.685623228392114,0.18977892143980066,9.520835418825031,0.1147716890261257,0.0661479786505851
3.68416428162663,0.18831999467211236,9.560805280204839,0.11055281367267891,0.0661479786505851
3.841677860615233,0.7285617495858672,9.560805280204839,0.11055281367267891,0.0661479786505851
3.839597326155055,0.7285617495858672,9.600796260133524,0.10627813689133418,0.0661479786505851
3.8320327360626147,0.438773038937145,9.600796260133524,0.10627813689133418,0.0661479786505851
3.830439283702174,0.438773038937145,9.640761172655221,0.10194765841234252,0.06422811647339133
3.8193941667938067,1.0184017305813853,9.640761172655221,0.10194765841234252,0.06422811647339133
3.8176265286183755,1.0184017305813853,9.68014702282433,0.10754418790346415,0.06719517620178168
3.807488621376883,0.6925821301978535,9.68014702282433,0.10754418790346415,0.06719517620178168
3.8057011139604775,0.6907947795344208,9.70957581095913,0.11250660369255505,0.06771877497737998
3.645901733074477,0.014662223667339332,9.70957581095913,0.11250660369255505,0.06771877497737998
3.642377169224411,0.014662223667339332,9.750087105111165,0.09973463200967188,0.06318091892219473
3.814272101742804,1.1631040792511074,9.750087105111165,0.09973463200967188,0.06318091892219473
3.812698924097956,1.161531271097482,9.789476271374017,0.10517921061902405,0.06789330790257943
3.7790228443834466,0.30538829033145365,9.789476271374017,0.10517921061902405,0.0661479786505851
3.777115832697107,0.30538829033145365,9.829475801695242,0.10058445877757025,0.0661479786505851
3.779519562079885,0.48086312087816035,9.829475801695242,0.10058445877757025,0.0661479786505851
3.776105956867364,0.47915640936667664,9.86887266238268,0.10591859356396564,0.0645771823237902
3.585752597307213,1.3954460047707031,9.86887266238268,0.10591859356396564,0.07068583470577035
3.5840200063264454,1.3937140247014805,9.89835071773888,0.1106516673891773,0.07068583470577035
3.8472976090370654,-0.13570165189918634,9.89835071773888,0.1106516673891773,0.06632251157578453
3.845784186338235,-0.13721514401506923,9.938311954451635,0.10589720866556691,0.06632251157578453
3.6723474620777528,1.170992526294339,9.938311954451635,0.10589720866556691,0.06632251157578453
3.670618577138595,1.1692642228761467,9.978297195910766,0.10108692899885911,0.07086036763096978
3.710662171217635,0.7684099802984086,9.978297195910766,0.10108692899885911,0.07190756518216639
3.7072102290407933,0.7666842117322459,10.007757163537015,0.10393515783251456,0.07190756518216639
3.5554220821928175,0.7972180333122414,10.007757163537015,0.10393515783251456,0.07260569688296412
3.553602198655608,0.7972180333122414,10.047226910406444,0.10900024704443256,0.07260569688296412
3.716139593222917,0.43930801036340816,10.047226910406444,0.10900024704443256,0.07260569688296412
3.7127532738260682,0.43761498025191414,10.08718660484075,0.10402321176604876,0.07208209810736581
3.6039799648892776,0.9458827001552067,10.08718660484075,0.10402321176604876,0.07208209810736581
3.6023413756699485,0.9426080866454966,10.116684847520965,0.10847527415506175,0.07435102613495843
3.6969688128947826,-0.5882594599269393,10.116684847520965,0.10847527415506175,0.0645771823237902
3.695098764878897,-0.5920012756204369,10.157214309606008,0.0934061849783591,0.0645771823237902
3.74325953146801,1.4770179366278129,10.157214309606008,0.0934061849783591,0.0645771823237902
3.7417275634678657,1.4754870572279966,10.196666512472454,0.09825669928072486,0.07086036763096978
3.6842375155798983,1.3288880332231714,10.196666512472454,0.09825669928072486,0.07086036763096978
3.682405976318309,1.3270575082398146,10.236235144642443,0.10126538404421778,0.07592182246175334
3.8664798591838174,0.16321463099823458,10.236235144642443,0.10126538404421778,0.07278022980816354
3.863131905161975,0.15986690743681206,10.276147048044928,0.09600986583783594,0.07278022980816354
3.609441000901355,0.5776888245125309,10.276147048044928,0.09600986583783594,0.07278022980816354
3.6076348274982353,0.5758831304719999,10.305730048267671,0.10022182252853312,0.07138396640656808
3.6076348274982353,0.5758831304719999,10.305730048267671,0.10022182252853312,0.07138396640656808
3.7206829086617446,1.8614300423739107,10.345282160701954,0.10304566445918628,0.07976154681614087
3.6233578184685364,-0.3384584536074418,10.345282160701954,0.10304566445918628,0.07976154681614087
3.621803413826221,-0.3400131944221257,10.385224040458876,0.09762326744735017,0.07173303225696695
3.79872934652559,2.0283784079119953,10.385224040458876,0.09762326744735017,0.07173303225696695
3.796750917248829,2.026401895247357,10.414414180967277,0.10986439945845025,0.0804596785169386
3.6812198228122726,1.4574147747600288,10.414414180967277,0.10986439945845025,0.0804596785169386
3.6793829617063345,1.4574147747600288,10.45405985712385,0.11249675247666921,0.08517206749732328
3.737518692339333,0.1060202267200103,10.45405985712385,0.11249675247666921,0.08517206749732328
3.7359282584970623,0.10442987424446651,10.494026420195455,0.1050690195946529,0.08011061266653972
3.7085098264292733,0.5192065267129086,10.494026420195455,0.1050690195946529,0.08011061266653972
3.7085092894748737,0.5176920936479389,10.534002373828253,0.09941016543907785,0.0778416846389471
3.6605886437258692,0.854878747762351,10.534002373828253,0.09941016543907785,0.0778416846389471
3.658545339160045,0.8507956520193733,10.563737918053183,0.10143313256002733,0.07766715171374766
3.761859569127426,2.968234802386802,10.563737918053183,0.10143313256002733,0.0942477796076938
3.76185640526425,2.9668593083673254,10.60246884858887,0.12378802051226577,0.0942477796076938
3.6340562786513355,-0.5335780731014418,10.60246884858887,0.12378802051226577,0.08325220532012953
3.63405684853229,-0.5354621824062558,10.642993456745405,0.1061057140254282,0.08325220532012953
3.7101938059972834,1.0205900771295977,10.642993456745405,0.1061057140254282,0.08325220532012953
3.7101938059972834,1.0205900771295977,10.682669908223035,0.10833827677278128,0.08429940287132612
3.64161278890902,1.0825610943327106,10.682669908223035,0.10833827677278128,0.08569566627292158
3.639942233260001,1.0792245968362473,10.712331218400053,0.11012824817019383,0.08569566627292158
3.7334520352609113,2.4655530064685234,10.712331218400053,0.11012824817019383,0.09529497715889039
3.7334520352609113,2.4655530064685234,10.751750472174093,0.12034780348488698,0.09529497715889039
3.7803134605449213,-0.6938544137623224,10.751750472174093,0.12034780348488698,0.09529497715889039
3.780314222345497,-0.6955123728828105,10.791805728501407,0.11426485015181698,0.08325220532012953
3.617697881999891,2.340505696380426,10.791805728501407,0.11426485015181698,0.09302604913129776
3.6176953163140046,2.3387750355799986,10.831203795958725,0.12433270899679091,0.09302604913129776
3.722804199934023,0.634276567426765,10.831203795958725,0.12433270899679091,0.09005898940290741
3.7209369610509704,0.6324099961253905,10.861322115833856,0.11589016442585323,0.09005898940290741
3.731884666191699,0.46492308447497854,10.861322115833856,0.11589016442585323,0.09005898940290741
3.731883621724431,0.46178166628648837,10.901004113631787,0.11771788173964551,0.08604473212332044
3.730478366501751,1.5015387669056521,10.901004113631787,0.11771788173964551,0.09040805525330627
3.7285976929514257,1.4996597685707367,10.940815684887855,0.11756660630628603,0.09040805525330627
3.6434430840963334,0.904979241423467,10.940815684887855,0.11756660630628603,0.09040805525330627
3.64344203756246,0.903227717675376,10.970590271870499,0.11893990440693218,0.09005898940290741
3.6871386363680965,0.8146993026618783,10.970590271870499,0.11893990440693218,0.09005898940290741
3.685482482706085,0.8113907373392064,11.01033872818292,0.12056146767305145,0.08883725892651137
3.6345388318359637,0.24563430844805972,11.01033872818292,0.12056146767305145,0.08377580409572781
3.6345385410197406,0.2439558009320012,11.0504218267527,0.11211792872001784,0.08377580409572781
3.605238525012348,1.861461458881955,11.0504218267527,0.11211792872001784,0.08377580409572781
3.6052363145848214,1.8598008677391396,11.089865078331966,0.12359652702878045,0.09145525280450287
3.7087834592803413,1.32028659278669,11.089865078331966,0.12359652702878045,0.09145525280450287
3.706954209745998,1.3166343552969393,11.119718266603044,0.12473600440441279,0.0942477796076938
3.5651116367148754,0.938921587868397,11.119718266603044,0.12473600440441279,0.0942477796076938
3.5651104936649944,0.937299351990093,11.15956441656456,0.12414089267182632,0.09512044423369097
3.688938905338092,0.8254727589896538,11.15956441656456,0.12414089267182632,0.09512044423369097
3.688936898056706,0.8219196265715436,11.199674511136676,0.11346565212914025,0.09407324668249435
3.6977531526875533,0.8920673846866916,11.199674511136676,0.11346565212914025,0.09407324668249435
3.6977520666874018,0.8905111879815631,11.229445446762197,0.11442112228930709,0.09389871375729493
3.6447155084249214,1.6945703198464304,11.229445446762197,0.11442112228930709,0.09896016858807849
3.6447134446534895,1.6929381691861403,11.269079500018528,0.12359039177714827,0.09896016858807849
3.5639458743733283,1.05606173974129,11.269079500018528,0.12359039177714827,0.10000736613927509
3.5639458743733283,1.05606173974129,11.308877011130983,0.12465322751510965,0.10000736613927509
3.7471883995193815,1.511776052289087,11.308877011130983,0.12465322751510965,0.10000736613927509
3.7487568706027687,1.5102057272107128,11.33881537925584,0.12345096683081812,0.10314895879286488
3.7227406141382744,1.0774515151195772,11.33881537925584,0.12345096683081812,0.10245082709206714
3.722739335151632,1.0757268864485914,11.378724985525643,0.12239039231511568,0.10245082709206714
3.539552211141112,1.1402201147090831,11.378724985525643,0.12239039231511568,0.10245082709206714
3.537744497678557,1.1384137304956061,11.41860833295436,0.12124635291386306,0.10122909661567112
3.4509564414542155,1.190314335054341,11.41860833295436,0.12124635291386306,0.10122909661567112
3.4524325079637683,1.190314335054341,11.448508422069336,0.11983557689416308,0.102799892942466
3.233306476979669,0.8613371266414626,11.448508422069336,0.11983557689416308,0.10192722831646885
3.231595365005958,0.8596270105890178,11.47841143799521,0.11836223196531707,0.10192722831646885
3.2567790190836874,2.5677485486217533,11.47841143799521,0.11836223196531707,0.11414453308042916
3.258359519484526,2.5677485486217533,11.518029891528352,0.13497547239900576,0.11414453308042916
3.6676350733655747,0.44487381145291865,11.518029891528352,0.13497547239900576,0.11414453308042916
3.6676350733655747,0.44487381145291865,11.548228911235745,0.12336267728600882,0.10821041362364843
3.946617341339698,2.1002119389754594,11.548228911235745,0.12336267728600882,0.1137954672300303
3.946614847408206,2.0983302865620983,11.588135765351488,0.13182459441041852,0.1137954672300303
3.397304870689876,0.8246649078927395,11.588135765351488,0.13182459441041852,0.11135200627723822
3.3973038920961995,0.8228009039012902,11.628224658215391,0.12817432254565042,0.11135200627723822
3.310163862377622,1.0515152987158978,11.628224658215391,0.12817432254565042,0.11135200627723822
3.3114416936698956,1.0515152987158978,11.658134797952126,0.1263461881039771,0.1117010721276371
3.776101166675598,2.6420699429739143,11.658134797952126,0.1263461881039771,0.1117010721276371
3.7777797150218997,2.640388342845355,11.697936456052943,0.14251877754738218,0.12252211349000194
4.292713798312819,1.5034223539575542,11.697936456052943,0.14251877754738218,0.12426744274199626
4.2945273837146924,1.49796647447291,11.738108859391065,0.13859504449484727,0.12426744274199626
4.1264913857925904,2.259078923516126,11.738108859391065,0.13859504449484727,0.12426744274199626
4.128250679096897,2.255550507796541,11.778169001701743,0.14251741035126225,0.12985249634837812
3.821069420130951,-0.3212837522773162,11.778169001701743,0.14251741035126225,0.12985249634837812
3.8210701094065596,-0.32522264613560153,11.818454871701396,0.1283915343085029,0.11972958668681101
3.7764208915570174,2.0462655950042956,11.818454871701396,0.1283915343085029,0.11972958668681101
3.776416530942212,2.0437752213741867,11.858310109706288,0.13416743762447936,0.12740903539558607
3.703030669283019,1.3258165559399988,11.858310109706288,0.13416743762447936,0.12740903539558607
3.704655602746127,1.322561065880962,11.898483353862005,0.12776888876211911,0.1296779634231787
3.576746014910662,1.042553057564072,11.898483353862005,0.12776888876211911,0.1296779634231787
3.578310198697413,1.0394203895136584,11.928582757410394,0.1233144505437048,0.12775810124598494
3.790529595524694,2.827592635160294,11.928582757410394,0.1233144505437048,0.13735741213195374
3.7923317105345453,2.827592635160294,11.968796340926971,0.1367131505134665,0.13735741213195374
3.9289292960184543,2.5043718483727107,11.968796340926971,0.1367131505134665,0.13735741213195374
3.9289292960184543,2.5043718483727107,12.00903078414015,0.14999999999999852,0.1434660645139339
3.3034641448300786,-0.31924506054254753,12.00903078414015,0.14999999999999852,0.1434660645139339
3.3034644568818905,-0.3210118098314031,12.03921405389799,0.12318885763853514,0.1308996938995747
3.2556640567658635,3.439558753437774,12.03921405389799,0.12318885763853514,0.14364059743913332
3.2556640567658635,3.439558753437774,12.079485238327145,0.14626561822311224,0.14364059743913332
3.6325937627077054,0.9050148493402815,12.079485238327145,0.14626561822311224,0.14364059743913332
3.632592881095503,0.9038458851144061,12.109551290168811,0.13927223209597145,0.13753194505715316
3.692542306285681,2.7819688839862886,12.109551290168811,0.13927223209597145,0.13753194505715316
3.692542306285681,2.7819688839862886,12.150011943688211,0.15213852026274138,0.14154620233674012
3.7551428450814632,1.879816234019291,12.150011943688211,0.15213852026274138,0.14014993893514466
3.7568553404042544,1.8781019109589436,12.19031861189687,0.14489283203008788,0.14014993893514466
3.4492592890916614,1.2957902379045392,12.19031861189687,0.14489283203008788,0.14014993893514466
3.4492592890916614,1.2957902379045392,12.220675089167164,0.1476183919611227,0.13578661580515886
3.5723793646957485,1.9003151312644941,12.220675089167164,0.1476183919611227,0.13578661580515886
3.5739155004534204,1.9003151312644941,12.261047474289514,0.15016168649678605,0.13683381335635544
3.597225928624236,2.005135615530668,12.261047474289514,0.15016168649678605,0.13683381335635544
3.5972240970387004,2.0033764417571724,12.2914662957076,0.15270414546771793,0.1377064779823526
3.6873257470208434,1.5810361751184874,12.2914662957076,0.15270414546771793,0.1377064779823526
3.6887482102654174,1.5810361751184874,12.331777870896197,0.14503704149940436,0.13456488532876282
3.417330046894584,2.1322588040930777,12.331777870896197,0.14503704149940436,0.13456488532876282
3.417328164087637,2.130442559058814,12.362383908123165,0.15739528393123856,0.136659280431156
3.219189938250708,1.487227442297864,12.362383908123165,0.15739528393123856,0.13631021458075715
3.222004404479607,1.487227442297864,12.392701201526123,0.15183375809981448,0.13631021458075715
3.0596768785395914,0.9273295635454307,12.392701201526123,0.15183375809981448,0.13631021458075715
3.0596761166108877,0.9254657236088931,12.423109581887344,0.14402992769725007,0.13281955607676849
3.3685776642323844,1.98540731119861,12.423109581887344,0.14402992769725007,0.13700834628155487
3.371645965940323,1.98540731119861,12.463690122109647,0.1459602142123343,0.13700834628155487
3.8080641547479694,2.337450962327652,12.463690122109647,0.1459602142123343,0.14067353771074298
3.809741578971617,2.337450962327652,12.50449752867107,0.15777565268179364,0.14067353771074298
3.4707358353338438,1.860943434904087,12.50449752867107,0.15777565268179364,0.14067353771074298
3.472371833590761,1.860943434904087,12.535156389478836,0.15968731660054364,0.14119713648634125
3.341502347226395,1.6166396409221586,12.535156389478836,0.15968731660054364,0.14224433403753786
3.343177234111359,1.6183134314156846,12.565622933106532,0.15151620807954566,0.14224433403753786
3.547389277685227,1.1186521262853937,12.565622933106532,0.15151620807954566,0.14224433403753786
3.5503538768261196,1.1186521262853937,12.606059075116761,0.1430248323924325,0.13910274138394807
3.9162688610418863,2.2405082264800225,12.606059075116761,0.1430248323924325,0.13910274138394807
3.9179554119931197,2.2405082264800225,12.647026612649672,0.15441462112927498,0.14241886696273728
3.983675772782223,1.8650561038081237,12.647026612649672,0.15441462112927498,0.1403244718603441
3.985587568086169,1.8650561038081237,12.687844999897177,0.15347925954894087,0.1403244718603441
3.787390125349488,2.369818375910206,12.687844999897177,0.15347925954894087,0.1403244718603441
3.789201779880944,2.369818375910206,12.718664870680522,0.15491713049401823,0.14206980111233844
3.7431190986536484,0.8737959438496978,12.718664870680522,0.15491713049401823,0.14206980111233844
3.744700324185772,0.8737959438496978,12.75915622776362,0.1459805220206048,0.13596114873035828
4.038153561180682,2.591182802200544,12.75915622776362,0.1459805220206048,0.14189526818713902
4.03951777700019,2.58981735884207,12.80023856622195,0.1569217221477309,0.14189526818713902
3.9131837140680483,1.8941691864422951,12.80023856622195,0.1569217221477309,0.14259339988793673
3.91675846298529,1.892381403438083,12.841177035169038,0.15775355112563472,0.14259339988793673
3.428026241926427,0.7071428184878727,12.841177035169038,0.15775355112563472,0.14259339988793673
3.4297165286266305,0.7071428184878727,12.871723511487538,0.14881229052087222,0.13456488532876282
3.277195950227785,2.0995563779021817,12.871723511487538,0.14881229052087222,0.13857914260834978
3.279096285436293,2.0995563779021817,12.902679706548875,0.1497799837162177,0.13857914260834978
3.314889679176399,1.9694657748929179,12.902679706548875,0.1497799837162177,0.14294246573833558
3.316263343395767,1.9694657748929179,12.943579868334604,0.15029876225927524,0.14294246573833558
3.571808448941451,2.2872840924685516,12.943579868334604,0.15029876225927524,0.14294246573833558
3.5736276026178935,2.2872840924685516,12.974928601488363,0.16107338981403133,0.1473057888683214
3.832251491123393,2.0704460689439057,12.974928601488363,0.16107338981403133,0.1492256510455152
3.8342245565176105,2.074390057109141,13.015989607144931,0.15910584941339376,0.1492256510455152
3.0481675712063026,1.0681326892781244,13.015989607144931,0.15910584941339376,0.1434660645139339
3.0496468520343494,1.0696117269682412,13.04659424264897,0.1497036262090658,0.1434660645139339
3.3204212319354376,1.5726508909357344,13.04659424264897,0.1497036262090658,0.1434660645139339
3.321789914483154,1.5740192626460072,13.077625035912375,0.15020742439661786,0.14224433403753786
3.450051026043122,2.6796345644000916,13.077625035912375,0.15020742439661786,0.14870205226991687
3.4517091879865207,2.6796345644000916,13.119159420528428,0.1578912272688536,0.14870205226991687
3.8014799367837497,2.216614706238771,13.119159420528428,0.1578912272688536,0.14870205226991687
3.803184219377836,2.218318685240293,13.150280644329648,0.15820227625222988,0.1499237827463129
3.8228283058987627,2.232291787787038,13.150280644329648,0.15820227625222988,0.1499237827463129
3.8246212292862265,2.232291787787038,13.191449689012604,0.1556603598048523,0.14957471689591403
3.504675786641139,1.2890828946635575,13.191449689012604,0.1556603598048523,0.1434660645139339
3.504675904525357,1.2908576128392166,13.22257918288103,0.15577892884136774,0.1434660645139339
3.2653880168405522,1.2733511269582478,13.22257918288103,0.15577892884136774,0.1434660645139339
3.2653881332762715,1.2748884353007421,13.263223504778662,0.1453293036810688,0.1403244718603441
4.155566509111211,2.7359982936734175,13.263223504778662,0.1453293036810688,0.1403244718603441
4.155566509111211,2.7359982936734175,13.304906494836219,0.1524184967949652,0.14556045961632708
3.955005315648829,2.32557970935377,13.304906494836219,0.1524184967949652,0.14556045961632708
3.956670352117903,2.3272445687293914,13.34666275504983,0.16170646273292202,0.1466076571675237
3.16596455883205,2.6438241252487282,13.34666275504983,0.16170646273292202,0.1492256510455152
3.165964719964486,2.645841805566276,13.37848079519572,0.1690804859587646,0.1492256510455152
3.3467611478085715,0.8910450522653006,13.37848079519572,0.1690804859587646,0.1492256510455152
3.3467611478085715,0.8910450522653006,13.409210915854079,0.15872606310220477,0.14241886696273728
3.5868106689332437,1.6673655966090464,13.409210915854079,0.15872606310220477,0.14294246573833558
3.5868106689332437,1.6673655966090464,13.440501581423987,0.15827005568786656,0.14294246573833558
3.2965445442681425,1.9488969549619228,13.440501581423987,0.15827005568786656,0.1457349925415265
3.2965444255871827,1.947169197416902,13.471847869095251,0.1553756383464774,0.1457349925415265
3.3767500603289764,1.1904255126656629,13.471847869095251,0.1553756383464774,0.1457349925415265
3.37837503015542,1.1904255126656629,13.512621241230221,0.1441611196748007,0.14172073526193957
3.858397008758938,2.1172707557808357,13.512621241230221,0.1441611196748007,0.143116998663535
3.858397008758938,2.1172707557808357,13.553953973012911,0.1428144999579477,0.143116998663535
3.4581689080841125,2.603951870664106,13.553953973012911,0.1428144999579477,0.143116998663535
3.46,2.603951870664106,13.586026788907573,0.14958640006967072,0.1492256510455152
3.17,0.46836112115855977,13.586026788907573,0.14958640006967072,0.1492256510455152
3.17,0.46984992322434976,13.616800983564124,0.13867578738589595,0.14102260356114182
3.43,3.1655310474600538,13.616800983564124,0.13867578738589595,0.15132004614790837
3.431517378868874,3.167048474581748,13.64892786101123,0.14763669134589988,0.15132004614790837
3.3517752492409385,1.508154862057803,13.64892786101123,0.14763669134589988,0.15132004614790837
3.3535504983967144,1.508154862057803,13.680459740787034,0.14414289342510417,0.14817845349431857
3.123278963327347,1.776270614863267,13.680459740787034,0.14414289342510417,0.14817845349431857
3.123278963327347,1.776270614863267,13.711948240789162,0.1429436675065931,0.14590952546672595
3.3232918348647944,1.887357471375606,13.711948240789162,0.1429436675065931,0.14625859131712482
3.326583208866636,1.8906491913176222,13.753551767977024,0.138558788286645,0.14625859131712482
3.737477864515076,1.5071679864064413,13.753551767977024,0.138558788286645,0.14416419621473162
3.7393468704511856,1.5109068272082897,13.785120135844044,0.1371647109627677,0.14416419621473162
3.7772536162732444,3.502256216589971,13.785120135844044,0.1371647109627677,0.14416419621473162
3.778703698695432,3.50370688676643,13.828193523702918,0.15248929312536566,0.15376350710070044
3.379331202559865,1.4803105146242308,13.828193523702918,0.15248929312536566,0.14695672301792254
3.3824416013943535,1.4803105146242308,13.85916216670757,0.14092565976322824,0.14695672301792254
3.4330415759645554,2.1831317337538994,13.85916216670757,0.14092565976322824,0.1467821900927231
3.436301301390919,2.184761898146826,13.891626720839687,0.14921878388584697,0.1467821900927231
3.5145372792293483,2.535281226858783,13.891626720839687,0.14921878388584697,0.1467821900927231
3.5174438037745728,2.536734917060234,13.934178910754797,0.15421921221362792,0.15166911199830724
3.5174438037745728,2.536734917060234,13.934178910754797,0.15421921221362792,0.15166911199830724
4.024217118720493,1.1245171501050897,13.975119243922865,0.14158788994753735,0.14503686084072878
4.009376182252086,2.4577405972396957,13.975119243922865,0.14158788994753735,0.14503686084072878
4.011475598598576,2.455642258738025,14.007629204795878,0.14713418125185165,0.1460840583919254
3.0949591961451874,1.031615255739958,14.007629204795878,0.14713418125185165,0.1460840583919254
3.096622634935265,1.033279188543197,14.038608678782913,0.13509563816071032,0.14119713648634125
3.3198352067756125,2.701907684228362,14.038608678782913,0.13509563816071032,0.14119713648634125
3.3223145993676355,2.701907684228362,14.071322470734188,0.14290207748357156,0.15027284859671178
4.336726442696771,2.913662264608663,14.071322470734188,0.14290207748357156,0.15027284859671178
4.341178965701031,2.915147025397898,14.124102405066425,0.1464654116330989,0.15550883635269477
4.341178965701031,2.915147025397898,14.124102405066425,0.1464654116330989,0.15550883635269477
3.92318718950553,0.8751932820610464,14.155985214560786,0.14162329429164586,0.14538592669112765
3.015892189150365,3.076539926180898,14.155985214560786,0.14162329429164586,0.14538592669112765
3.017882988655659,3.0805303751613833,14.188642591187381,0.1491191911664087,0.15236724369910498
3.4471415488445674,0.8911982087540854,14.188642591187381,0.1491191911664087,0.15236724369910498
3.448688424086135,0.8927457646129935,14.21971762588158,0.13412160412778917,0.14503686084072878
3.774906487310329,2.3772144958000956,14.21971762588158,0.13412160412778917,0.14503686084072878
3.776702734260278,2.3772144958000956,14.262439793303182,0.14052742458620548,0.14643312424232427
4.217120744635354,3.3728314705035176,14.262439793303182,0.14052742458620548,0.15323990832510212
4.219970407542413,3.3756867176643444,14.306336101378866,0.1542752063363983,0.15323990832510212
3.6538963503800286,2.1436075019374794,14.306336101378866,0.1542752063363983,0.14905111812031577
3.6558193089134954,2.145532347064446,14.338268806707127,0.1514118128817637,0.14905111812031577
3.543970267961739,2.142405219374565,14.338268806707127,0.1514118128817637,0.14905111812031577
3.5439664801382444,2.1454375349529355,14.381207511833718,0.15495669211354896,0.14817845349431857
3.5441035029283214,0.6555492470780827,14.381207511833718,0.15495669211354896,0.14817845349431857
3.5456236994532957,0.6570700544959556,14.41233050828204,0.14194111977495863,0.13788101090755203
3.8499453468352196,3.3346345045723713,14.41233050828204,0.14194111977495863,0.13788101090755203
3.8499453468352196,3.3346345045723713,14.455255171836932,0.14776583485504463,0.14748032179352083
3.6533321387138504,2.8149154956276656,14.455255171836932,0.14776583485504463,0.15114551322270894
3.6515519292395138,2.8166931993262065,14.489247119267576,0.16188451562956438,0.15114551322270894
3.2354529158176004,1.2405017850871263,14.489247119267576,0.16188451562956438,0.14189526818713902
3.2335397033428364,1.2424139442867663,14.520217595323722,0.14858359150287684,0.14189526818713902
3.3969391484555285,3.1100091104953758,14.520217595323722,0.14858359150287684,0.14870205226991687
3.395260204795036,3.1116854683856823,14.554320828887471,0.1624994831588349,0.14870205226991687
3.504973594274132,0.34828161954522735,14.554320828887471,0.1624994831588349,0.14870205226991687
3.5033076411683917,0.34994730950728903,14.594271784999862,0.1380331899616083,0.136659280431156
3.453636552478506,2.1232341951685028,14.594271784999862,0.1380331899616083,0.136659280431156
3.4519566172273657,2.1249124979341816,14.627407419884896,0.1468927628301161,0.136659280431156
3.3617709908577993,3.7343813932721375,14.627407419884896,0.1468927628301161,0.136659280431156
3.360094698865375,3.73772285633505,14.661658474293422,0.16049767168882853,0.14695672301792254
3.3313725734843738,1.4665487754973596,14.661658474293422,0.16049767168882853,0.14695672301792254
3.32964666867083,1.469996411352067,14.693800786009353,0.15667641441870156,0.1403244718603441
3.252497840613981,2.074004790342778,14.693800786009353,0.15667641441870156,0.13857914260834978
3.2488010668523306,2.0758524962501297,14.72587419394104,0.1527655422235716,0.13857914260834978
3.419389227731673,0.8705522984153867,14.72587419394104,0.1527655422235716,0.1296779634231787
3.4156368779062727,0.8743036093818923,14.756864520882106,0.13882634974287486,0.1296779634231787
3.56240930245942,2.4322475775682952,14.756864520882106,0.13882634974287486,0.1296779634231787
3.558997808094111,2.4322475775682952,14.800031039803244,0.1461377726499778,0.13142329267517303
3.4068376420152737,2.657730182939449,14.800031039803244,0.1461377726499778,0.1350884841043611
3.4052589616736335,2.657730182939449,14.83340329584031,0.15188518922456537,0.1350884841043611
3.4806628242213242,1.0623251383598624,14.83340329584031,0.15188518922456537,0.1350884841043611
3.4768299798147257,1.0623251383598624,14.865542945771356,0.15019986073876565,0.1265363707695889
3.50460943621942,2.192208217400705,14.865542945771356,0.15019986073876565,0.1265363707695889
3.5010938084300913,2.192208217400705,14.897752418101264,0.14583585937867402,0.12863076587198208
3.349661187960934,1.7087748348856286,14.897752418101264,0.14583585937867402,0.1275835683207855
3.348023330205305,1.7071363751545132,14.930003025055866,0.14398757070862692,0.1275835683207855
3.689948340499904,1.0505327141278489,14.930003025055866,0.14398757070862692,0.12217304763960307
3.688135176837845,1.04871921133519,14.972183263636866,0.14087824175455274,0.12217304763960307
3.796485637170763,2.677968652208267,14.972183263636866,0.14087824175455274,0.12217304763960307
3.793189164831317,2.67632004669942,15.005652415220233,0.14616981610531485,0.12880529879718153
3.554324659596618,1.0925450473683511,15.005652415220233,0.14616981610531485,0.12880529879718153
3.5525343109913474,1.0907544475742532,15.046670354393042,0.13293091359972364,0.12566370614359174
3.4734372013151784,1.7356115170334228,15.046670354393042,0.13293091359972364,0.12531464029319286
3.471517919026799,1.7336918898304992,15.080196937676043,0.14066276100252867,0.12531464029319286
3.5398334039844133,2.2709315443360105,15.080196937676043,0.14066276100252867,0.12531464029319286
3.538194503859868,2.2709315443360105,15.112576691757049,0.1357513522585585,0.12845623294678266
3.5298328942705113,1.7725803694991398,15.112576691757049,0.1357513522585585,0.12828170002158323
3.5278665317048805,1.7706137633258163,15.144924130898652,0.13339290537928614,0.12828170002158323
3.696282029635871,2.6366216705574486,15.144924130898652,0.13339290537928614,0.13526301702956053
3.6947115224457048,2.6366216705574486,15.189773961333009,0.14688680170015425,0.13526301702956053
3.865389488791102,-0.23244439614013546,15.189773961333009,0.14688680170015425,0.13526301702956053
3.863592992654427,-0.23244439614013546,15.229562274985057,0.12323956728413334,0.11938052083641214
3.4834023221058446,3.30153802960419,15.229562274985057,0.12323956728413334,0.12950343049797924
3.481701161094978,3.30153802960419,15.26454101434891,0.14044834160360156,0.12950343049797924
3.2614298230819134,0.9792856331833041,15.26454101434891,0.14044834160360156,0.12950343049797924
3.2614298826562944,0.9764259273712906,15.295748063548052,0.12782490359371323,0.1244419756671957
3.452133569361382,2.2179427990485427,15.295748063548052,0.12782490359371323,0.12531464029319286
3.4521336368912863,2.2158091958899537,15.329580789953775,0.13227790058610328,0.12531464029319286
3.5518908853706446,1.6005872944692074,15.329580789953775,0.13227790058610328,0.12409290981679684
3.5500000000000003,1.596805426239224,15.362062170181334,0.12940587113249985,0.12409290981679684
3.47,2.993727326571665,15.362062170181334,0.12940587113249985,0.12409290981679684
3.47,2.9919663233676843,15.395944419588988,0.13636505757228531,0.13194689145077132
3.4,1.2431667335392262,15.395944419588988,0.13636505757228531,0.13194689145077132
3.398227468485912,1.2413942209484283,15.438404108945862,0.12929141864251997,0.12828170002158323
3.4884607689607856,1.7494273344289477,15.438404108945862,0.12929141864251997,0.12828170002158323
3.49,1.7463487658485832,15.471040145494209,0.12616186629306722,0.13002702927357757
3.59,1.441810210374306,15.471040145494209,0.12616186629306722,0.13002702927357757
3.59,1.438668755229557,15.503644171472027,0.12295285430380493,0.12828170002158323
3.47,2.415285150282083,15.503644171472027,0.12295285430380493,0.13194689145077132
3.47,2.411734916025681,15.537670594891544,0.12685615729114638,0.13194689145077132
3.29,1.1218905604838738,15.537670594891544,0.12685615729114638,0.12723450247038662
3.29,1.11810284846684,15.568917746960748,0.11357899616835218,0.12723450247038662
3.2800000000000002,2.651061083157012,15.568917746960748,0.11357899616835218,0.13316862192716733
3.2800000000000002,2.649211902274272,15.602997793515554,0.1173024106690226,0.13316862192716733
3.63,2.172910823183389,15.602997793515554,0.1173024106690226,0.13316862192716733
3.628244318837656,2.172910823183389,15.64697066947344,0.11950453820904444,0.13543754995475996
3.5683733418261423,1.4704056840259776,15.64697066947344,0.11950453820904444,0.13543754995475996
3.5683732970597997,1.468779003473124,15.679668046860561,0.11586489987593004,0.13177235852557187
3.6284895323487505,3.6698859447226364,15.679668046860561,0.11586489987593004,0.13177235852557187
3.628489308858542,3.6668647859175985,15.715325873340678,0.12644832025481773,0.1434660645139339
3.398222854798089,0.7506204929683203,15.715325873340678,0.12644832025481773,0.1434660645139339
3.398222831959949,0.7488433363495802,15.746610511167052,0.11274220547358133,0.1340412865531645
3.2682464691263817,1.9553914905235796,15.746610511167052,0.11274220547358133,0.13316862192716733
3.2664928191999936,1.9536379298828177,15.780815641582238,0.11598585897352046,0.13316862192716733
3.2263990288025686,3.03192631565185,15.780815641582238,0.11598585897352046,0.13316862192716733
3.2245979894785783,3.0283251597988494,15.81505823218572,0.11913403563417582,0.1403244718603441
3.1047791920816463,1.4977257587207422,15.81505823218572,0.11913403563417582,0.1403244718603441
3.1047789186597208,1.4942451288600587,15.847881206899144,0.11230090152279698,0.13892820845874862
3.0554483439216056,2.4782761074257986,15.847881206899144,0.11230090152279698,0.1434660645139339
3.0539305218166386,2.475241519063144,15.872317831599316,0.11401088478489903,0.1434660645139339
3.5431461769461503,2.366764422899152,15.872317831599316,0.11401088478489903,0.1434660645139339
3.543145888667496,2.365050931023201,15.90671545171494,0.11688193474201922,0.1476548547187203
3.652524287252197,1.2894924137810806,15.90671545171494,0.11688193474201922,0.14224433403753786
3.652524130245331,1.287623465879634,15.94948745170945,0.10822749148318189,0.14224433403753786
3.0526055192673383,3.325173180518116,15.94948745170945,0.10822749148318189,0.15289084247470328
3.050756393123539,3.3233245096056754,15.975614678642865,0.11954797373650462,0.15289084247470328
2.973441375213321,2.4381532765493192,15.975614678642865,0.11954797373650462,0.15289084247470328
2.9734410039612835,2.4368415143660855,16.010132444455486,0.11933070594161987,0.15655603390389136
3.101418377776977,2.5503866617211894,16.010132444455486,0.11933070594161987,0.1609193570338772
3.101417989461632,2.5486702982949914,16.044706314995505,0.11900517614897527,0.1609193570338772
3.5209753376653756,1.9222471535739845,16.044706314995505,0.11900517614897527,0.1609193570338772
3.5209750450278836,1.9204421916915242,16.07770598925137,0.10870214186210189,0.1589994948566834
3.7624752842516047,3.3444614892231286,16.07770598925137,0.10870214186210189,0.1589994948566834
3.7624752842516047,3.3444614892231286,16.11398061793672,0.11521638013985211,0.16441001553786586
3.680189031667294,3.3853416422000864,16.11398061793672,0.11521638013985211,0.16441001553786586
3.680188516199774,3.3833793968183565,16.150353031721526,0.12160419143278411,0.17034413499464657
3.350764027675571,1.4949736964514215,16.150353031721526,0.12160419143278411,0.1647590813882647
3.350764027675571,1.4949736964514215,16.183431655277026,0.1109688475632129,0.1647590813882647
3.413287094547793,4.478350159566653,16.183431655277026,0.1109688475632129,0.1647590813882647
3.414628039172515,4.474321802323613,16.221608462398816,0.1269732346731289,0.18029251173101424
3.2040549866560775,2.9354176347469503,16.221608462398816,0.1269732346731289,0.18029251173101424
3.2055407036423498,2.9324449491771714,16.24667475279262,0.12199607823211257,0.18395770316020235
3.264662565491395,2.29583897996076,16.24667475279262,0.12199607823211257,0.1837831702350029
3.2664414307433898,2.2922805504185515,16.28163951592423,0.1152056549964414,0.1837831702350029
3.8161066311557086,4.287542272564046,16.28163951592423,0.1152056549964414,0.1837831702350029
3.81805305447252,4.283648642578637,16.320113923950945,0.12797769736190515,0.19687313962496036
3.8482346217836603,3.0969441954998156,16.320113923950945,0.12797769736190515,0.1980948701013564
3.85,3.0916476365970813,16.366779108507092,0.12900237724866082,0.1980948701013564
3.64,1.6026909210540892,16.366779108507092,0.12900237724866082,0.18867009214058703
3.64,1.599701802908662,16.400069189817874,0.11194002495311418,0.18867009214058703
3.12,3.410891930028065,16.400069189817874,0.11194002495311418,0.18867009214058703
3.1215709945011496,3.406179413584312,16.427154504237798,0.11621926972244075,0.19390607989657
3.051551884825034,3.383555170117608,16.427154504237798,0.11621926972244075,0.20088739690454732
3.0531041816613227,3.3804511943485447,16.46417448524681,0.11570941758896783,0.20088739690454732
3.3332622402018353,3.691205415237406,16.46417448524681,0.11570941758896783,0.20769418098732523
3.3348943714262442,3.6863115489837224,16.49143166133143,0.11687945515782219,0.20769418098732523
3.3856695989594736,2.8101860465097075,16.49143166133143,0.11687945515782219,0.20769418098732523
3.3875598072453994,2.808296137264498,16.528564288604443,0.11896568423235944,0.20577431881013147
2.9681758315091864,3.5886731385209543,16.528564288604443,0.11896568423235944,0.2064724505109292
2.970219788850849,3.5886731385209543,16.55595955356162,0.11989239847421104,0.2064724505109292
2.646769275832439,3.7183114442387732,16.55595955356162,0.11989239847421104,0.21083577364091502
2.6467698420604817,3.7169575322129575,16.583407168458745,0.12070489894757483,0.21083577364091502
2.7186130398733224,2.7646314500573723,16.583407168458745,0.12070489894757483,0.21083577364091502
2.720335647195337,2.7646314500573723,16.609049616256524,0.11158793316822017,0.20612338466053032
2.737834946601345,3.5306514091344927,16.609049616256524,0.11158793316822017,0.20542525295973257
2.74044659378077,3.5306514091344927,16.636739713054173,0.11217509385728065,0.20542525295973257
2.7543428114212998,4.864302803649563,16.636739713054173,0.11217509385728065,0.21310470166850765
2.7579285107455718,4.864302803649563,16.66642058735091,0.12245397137277171,0.21310470166850765
2.927363313164687,3.2665446147402717,16.66642058735091,0.12245397137277171,0.21310470166850765
2.929098547455055,3.268280897312146,16.69420268768287,0.12280647541136414,0.2090904443889207
2.8805832751567535,2.2556964697920994,16.69420268768287,0.12280647541136414,0.2090904443889207
2.882454479207944,2.2556964697920994,16.729839211025567,0.11124754970480825,0.19949113350295186
2.8687834155230867,2.7957653088119474,16.729839211025567,0.11124754970480825,0.19600047499896323
2.870346481896689,2.7988957102805103,16.75572943841104,0.10448183390872257,0.19600047499896323
3.1062278928566043,5.5875143988159275,16.75572943841104,0.10448183390872257,0.19600047499896323
3.1087219326403863,5.588762614414807,16.787886771113694,0.12405983638511012,0.21362830044410594
3.2928936532991866,2.465172414858618,16.787886771113694,0.12405983638511012,0.20472712125893486
3.2944186909008732,2.4666986228284506,16.825776898204236,0.12187483920074361,0.20472712125893486
3.0302037285309855,3.6958465966362724,16.825776898204236,0.12187483920074361,0.20315632493213998
3.03209145595096,3.6958465966362724,16.853893148233574,0.12160927660556893,0.20315632493213998
2.8995298013164,2.555189284090199,16.853893148233574,0.12160927660556893,0.20315632493213998
2.9012654411438485,2.556926295074915,16.879991757663923,0.11439489751393146,0.19687313962496036
2.6266997642135093,3.9428236518723248,16.879991757663923,0.11439489751393146,0.20210912738094336
2.6281807964989574,3.9443069147033394,16.90827224878995,0.11685465211402178,0.20210912738094336
2.6677860727470684,4.123610794516784,16.90827224878995,0.11685465211402178,0.20210912738094336
2.6697748052984522,4.123610794516784,16.938713378383845,0.126019980885241,0.2059488517353309
2.5109404508346578,3.292863635060862,16.938713378383845,0.126019980885241,0.2059488517353309
2.5109384442402436,3.2944106108133555,16.95732839937425,0.12744921980311733,0.2038544566329377
2.5904456734201102,2.510783529704554,16.95732839937425,0.12744921980311733,0.19373154697137057
2.593488542828688,2.5123057784553904,16.98376414674535,0.11982824582927278,0.19373154697137057
2.7274100799389274,3.7074320746252725,16.98376414674535,0.11982824582927278,0.19669860669976094
2.7308082655861377,3.7091324807812867,17.012354415559777,0.1218633189464982,0.19669860669976094
2.9698228721574833,2.6930816097826016,17.012354415559777,0.1218633189464982,0.19669860669976094
2.971480096313742,2.6947408602746568,17.048501605330195,0.1118249837296843,0.19408061282176947
3.1373078538563957,4.108034132826276,17.048501605330195,0.1118249837296843,0.20088739690454732
3.1391969005757963,4.109926390764908,17.079361790981718,0.12039456506948516,0.20088739690454732
3.851683622243353,3.108588893988356,17.079361790981718,0.12039456506948516,0.19949113350295186
3.8532817103166943,3.1117951489412086,17.11789196872325,0.11982673959583695,0.19949113350295186
4.131098787925717,4.030444202979609,17.11789196872325,0.11982673959583695,0.19949113350295186
4.132614074891,4.033488324322448,17.158777790148424,0.1258561480996703,0.20629791758572977
4.548714859262591,2.934939612090225,17.158777790148424,0.1258561480996703,0.20682151636132803
4.55044687548231,2.9401586812722513,17.207107131899217,0.11968925312665778,0.20682151636132803
3.6374031493414307,2.9845369091058442,17.207107131899217,0.11968925312665778,0.20542525295973257
3.635763477733198,2.98780592484887,17.233714082045715,0.1082161388031511,0.20542525295973257
2.7373380310085706,5.22922956680931,17.233714082045715,0.1082161388031511,0.20542525295973257
2.7383051401114313,5.23118197316398,17.267622768902346,0.12279087142538132,0.21886428820008894
3.7604230296161947,2.1094991972159147,17.267622768902346,0.12279087142538132,0.20542525295973257
3.7604230296161947,2.1094991972159147,17.303941946363345,0.11174111221146549,0.20542525295973257
4.54126829782415,2.2239990420939098,17.303941946363345,0.11174111221146549,0.19914206765255302
4.539149916775686,2.2303368655885722,17.349962351263695,0.09515225518863978,0.19914206765255302
4.539149916775686,2.2303368655885722,17.349962351263695,0.09515225518863978,0.19914206765255302
3.914208261063384,4.292118865869622,17.390979660894608,0.10018271464505395,0.2059488517353309
2.284786639089147,4.68794482219479,17.390979660894608,0.10018271464505395,0.2059488517353309
2.2834908265645,4.690521334717902,17.41538559785778,0.11957308781143922,0.21310470166850765
3.531049792371266,3.1947159506687632,17.41538559785778,0.11957308781143922,0.21310470166850765
3.529853144361762,3.195910129308718,17.444815273003517,0.11702886596143902,0.21048670779051615
5.772151625382259,3.63626389178761,17.444815273003517,0.11702886596143902,0.21048670779051615
5.772151625382259,3.63626389178761,17.503354385718247,0.10699778829364738,0.20612338466053032
4.283030490733437,3.557152711511764,17.503354385718247,0.10699778829364738,0.20612338466053032
4.278785583207332,3.5592738841732894,17.544747203819945,0.1113610700622418,0.2090904443889207
2.4291219416776175,4.1306111420091165,17.544747203819945,0.1113610700622418,0.2090904443889207
2.425720050130113,4.1306111420091165,17.57670050824405,0.11497812732582607,0.21432643214490368
4.072570422298611,4.698165111379493,17.57670050824405,0.11497812732582607,0.22375121010567306
4.071498507087277,4.697090255012611,17.618609030588985,0.11900584815852078,0.22375121010567306
5.149025200817783,3.9010809214717916,17.618609030588985,0.11900584815852078,0.22375121010567306
5.1416734649210865,3.8986295965752644,17.66993536789075,0.11415352027648984,0.2275909344600606
2.5183026805337008,3.0361674837720347,17.66993536789075,0.11415352027648984,0.22322761133007477
2.5115421040491857,3.0384205398734907,17.689824402450753,0.110164873978198,0.22322761133007477
2.7314661882023654,4.545320572230071,17.689824402450753,0.110164873978198,0.22322761133007477
2.7298281642138393,4.545320572230071,17.72227321787754,0.11316062007961564,0.23125612588924865
4.2530376749349506,4.034519010599803,17.72227321787754,0.11316062007961564,0.23125612588924865
4.24919683785034,4.036438757024439,17.764339043805023,0.11340273312326242,0.23369958684204073
4.603997521677534,4.055166935590536,17.764339043805023,0.11340273312326242,0.23369958684204073
4.5991980211908485,4.055166935590536,17.806479493444506,0.11034595318574655,0.23369958684204073
2.7223842231936697,4.335617971561455,17.806479493444506,0.11034595318574655,0.23369958684204073
2.7177394807470194,4.337165934021146,17.839089458445688,0.10973667724371826,0.24120450262561635
2.4078440855203063,4.690764026696829,17.839089458445688,0.10973667724371826,0.24678955623199822
2.4047068803561302,4.689195137901516,17.862208561942293,0.11164509503706307,0.24678955623199822
3.455522150017131,5.163951602094634,17.862208561942293,0.11164509503706307,0.25342180738957665
3.4536817480200632,5.162110806647994,17.89785149329672,0.11724396752825615,0.25342180738957665
3.5630234439726447,4.288112606504106,17.89785149329672,0.11724396752825615,0.25446900494077324
3.561511722025864,4.288112606504106,17.93089928419762,0.11616507804209852,0.25446900494077324
2.912151608521101,4.822616319141501,17.93089928419762,0.11616507804209852,0.25446900494077324
2.91,4.822616319141501,17.957201495621288,0.12415492602654545,0.25603980126756815
2.47,4.023994349683128,17.957201495621288,0.12415492602654545,0.25080381351158515
2.464433862006576,4.022139031571689,17.987614622789657,0.11001700222565149,0.25080381351158515
2.124476219189936,4.760147025226662,17.987614622789657,0.11001700222565149,0.25080381351158515
2.12263495914213,4.760147025226662,18.001771803477958,0.1140643181578423,0.25202554398798116
1.7737924783895793,4.313095055660204,18.001771803477958,0.1140643181578423,0.2501056818107874
1.772239941496555,4.311543109480256,18.025639933087586,0.11521912250025007,0.2501056818107874
1.6602856612162284,5.074763961254529,18.025639933087586,0.11521912250025007,0.2501056818107874
1.6583427940639999,5.074763961254529,18.040082720167447,0.115955570652814,0.25132741228718347
1.428306402501506,2.4146902144509004,18.040082720167447,0.115955570652814,0.25132741228718347
1.428306402501506,2.4146902144509004,18.05849985256173,0.1008903197239218,0.23282692221604356
1.196575867007943,6.262639217005257,18.05849985256173,0.1008903197239218,0.23282692221604356
1.1943398481381333,6.264876477482363,18.066462945548388,0.11709080371754112,0.2415535684760152
0.8284066872476283,1.9290377176878328,18.066462945548388,0.11709080371754112,0.2202605516016844
0.8267514416858732,1.9323499759384357,18.075376963296442,0.10479504034828242,0.2202605516016844
0.9455996162179283,4.567038405959043,18.075376963296442,0.10479504034828242,0.2202605516016844
0.9456018430136098,4.57063822469006,18.087316463436306,0.10201800488844193,0.21903882112528836
1.1548059121004406,3.1965748281159327,18.087316463436306,0.10201800488844193,0.20734511513692636
1.1548074709973817,3.2003731564145923,18.09933273144653,0.10234612980653246,0.20734511513692636
0.9076627712353484,3.6806268599033904,18.09933273144653,0.10234612980653246,0.19984019935335076
0.9076645658792477,3.6837109437291833,18.108408138909997,0.09623827385319483,0.19984019935335076
0.7132259898147263,3.768054001318642,18.108408138909997,0.09623827385319483,0.19181168479417682
0.7132278273398435,3.7722472755252094,18.11103501085901,0.10263088640005824,0.19181168479417682
0.6444593378750421,3.8257978950799645,18.11103501085901,0.10263088640005824,0.19181168479417682
0.6425199055785844,3.831625120498535,18.12321599026859,0.10600172509857367,0.1853539665617978
0.7252392137202074,3.1884579037876843,18.12321599026859,0.10600172509857367,0.1773254520026239
0.7252418381438991,3.1933777305198983,18.12291343266558,0.10598958700469355,0.1773254520026239
1.083754640466417,1.7020668626065434,18.12291343266558,0.10598958700469355,0.1773254520026239
1.0819506402659642,1.7056768401264628,18.13864072335045,0.0935288848777112,0.1589994948566834
0.999758234458245,4.076303435352528,18.13864072335045,0.0935288848777112,0.15795229730548685
0.9977354264485432,4.0783275507911165,18.15405075840856,0.11263979824951653,0.15795229730548685
1.1532198509009208,3.9280237995639338,18.15405075840856,0.11263979824951653,0.15847589608108512
1.1532224843193997,3.9310744981477197,18.156985997381778,0.12209094168306933,0.15847589608108512
1.1992831947123408,2.9661066943473955,18.156985997381778,0.12209094168306933,0.15847589608108512
1.1974009359249391,2.967989996191386,18.17589154785622,0.12218306248951769,0.15271630954950383
1.3693027477089628,1.9583132697362782,18.17589154785622,0.12218306248951769,0.15271630954950383
1.3675795318059012,1.9617626947745879,18.18222435136743,0.11264402872695531,0.14206980111233844
1.5025902444110657,2.9536580164553246,18.18222435136743,0.11264402872695531,0.14102260356114182
1.5004818056203675,2.9536580164553246,18.201220639082084,0.11264500187820002,0.14102260356114182
1.7163877302141903,2.5149761569514784,18.201220639082084,0.11264500187820002,0.136659280431156
1.714702292661234,2.516662710901904,18.22020639167582,0.11259311059053959,0.136659280431156
1.5742618405001614,3.492672499274377,18.22020639167582,0.11259311059053959,0.136659280431156
1.5725476701044157,3.494388325217935,18.232876980306788,0.12512465266829767,0.13997540600994524
1.7011931960768556,2.129565913108769,18.232876980306788,0.12512465266829767,0.13543754995475996
1.6993949832743214,2.1331666382086483,18.251949735164974,0.12497559002370699,0.13543754995475996
1.504602882164179,2.8653738501904855,18.251949735164974,0.12497559002370699,0.136659280431156
1.5031089387067849,2.8653738501904855,18.271003536827642,0.12796236140682987,0.136659280431156
1.694120015487568,1.9697472912476757,18.271003536827642,0.12796236140682987,0.136659280431156
1.6921266899765601,1.9697472912476757,18.28702853224155,0.11822971505098666,0.13159782560037245
1.7130754237594177,2.4505259988942343,18.28702853224155,0.11822971505098666,0.13072516097437528
1.7111320325434427,2.4505259988942343,18.296752019585877,0.12112316380972184,0.13072516097437528
1.5798184741409653,3.268469454406041,18.296752019585877,0.12112316380972184,0.13072516097437528
1.5783094042877182,3.268469454406041,18.31912807955013,0.1302533738057623,0.13700834628155487
1.1548665542948213,2.3991354723920186,18.31912807955013,0.1302533738057623,0.13700834628155487
1.153195149341737,2.4008084606965117,18.325668783874015,0.1268065226246054,0.13648474750595657
1.2070140662126705,2.134313631964726,18.325668783874015,0.1268065226246054,0.13351768777756623
1.2050601702651422,2.134313631964726,18.344984803337677,0.12637456252719625,0.13351768777756623
1.1803640771968227,2.4504518255656795,18.344984803337677,0.12637456252719625,0.13456488532876282
1.178640785938555,2.4504518255656795,18.35483781734978,0.12913462728934264,0.13456488532876282
1.3030546753745005,2.6650190598562795,18.35483781734978,0.12913462728934264,0.13456488532876282
1.3010986321904374,2.6650190598562795,18.36482097821827,0.1318672485369446,0.13805554383275148
1.1889264503391872,3.055442331740999,18.36482097821827,0.1318672485369446,0.14294246573833558
1.1872835192647524,3.055442331740999,18.374717807365805,0.13457231032916364,0.14294246573833558
1.1429446768415041,2.28688334231455,18.374717807365805,0.13457231032916364,0.13980087308474579
1.1411348697195396,2.28688334231455,18.39090762981935,0.12451941597221601,0.13980087308474579
1.5476500551523873,2.640999535586318,18.39090762981935,0.12451941597221601,0.13980087308474579
1.546083803977917,2.642568017435545,18.400868650799662,0.1271604235291764,0.14049900478554353
1.959727568975157,2.345979124542029,18.400868650799662,0.1271604235291764,0.14172073526193957
1.9579321398073055,2.345979124542029,18.420427413011364,0.12324667431438377,0.14172073526193957
1.7579440110836075,2.4159398252618316,18.420427413011364,0.12324667431438377,0.14119713648634125
1.7561489928616967,2.4159398252618316,18.43994867422991,0.12249031308494068,0.14119713648634125
1.6400904425696068,3.38126110493941,18.43994867422991,0.12249031308494068,0.14119713648634125
1.6384268063841507,3.38126110493941,18.462842765868803,0.1311053419148108,0.14713125594312199
1.4199398032955945,2.5533513904969714,18.462842765868803,0.1311053419148108,0.14713125594312199
1.4160649929904063,2.5533513904969714,18.47305854406305,0.1303638507512861,0.14538592669112765
1.7916447042587031,3.5532836302586066,18.47305854406305,0.1303638507512861,0.1514945790731078
1.7916447042587031,3.5532836302586066,18.49605112590042,0.13886478300352592,0.1514945790731078
1.5654758523269652,2.4867410948072757,18.49605112590042,0.13886478300352592,0.1514945790731078
1.5635180229928913,2.4847857691789312,18.506407894499585,0.1380409955614704,0.15132004614790837
1.4554296412635201,1.643581540319892,18.506407894499585,0.1380409955614704,0.1466076571675237
1.453528784804346,1.6416823761920414,18.522818507703047,0.12438250316851862,0.1466076571675237
1.2985381854408253,3.9743279633839665,18.522818507703047,0.12438250316851862,0.15725416560468908
1.2915466463198018,3.969672732014235,18.53677416357084,0.13288462539040494,0.15725416560468908
1.3677962633969496,2.5295882278171846,18.53677416357084,0.13288462539040494,0.15725416560468908
1.366416494511584,2.526840489035144,18.547066485560592,0.13194900712967073,0.15620696805349252
1.0488867152559596,3.893465773245613,18.547066485560592,0.13194900712967073,0.16580627893946132
1.048882090754268,3.8918986947518373,18.56094853126613,0.14036990868642907,0.16580627893946132
1.1749137408388135,1.9497074581802714,18.56094853126613,0.14036990868642907,0.16580627893946132
1.1749114255800963,1.9480385373901081,18.57744198124348,0.12652351016357039,0.1609193570338772
1.3147606694076253,2.86639493354846,18.57744198124348,0.12652351016357039,0.1609193570338772
1.3128279950839654,2.864465661649577,18.5880786559815,0.12223043744558358,0.1624901533606721
1.4808151142290256,2.347666922438097,18.5880786559815,0.12223043744558358,0.1624901533606721
1.4808093973686751,2.34420750766701,18.59870953118441,0.12114692926173212,0.16039575825827887
1.7202556037477115,4.212888214682985,18.59870953118441,0.12114692926173212,0.1689478715930511
1.7202504717274607,4.210894524760448,18.61304675650364,0.12614820011595856,0.1689478715930511
1.6701964375965388,4.601330298484647,18.61304675650364,0.12614820011595856,0.1689478715930511
1.6662004429814445,4.599335123470732,18.630833741301007,0.14046014686069824,0.18011797880581482
1.6709579266181733,1.9025213338066889,18.630833741301007,0.14046014686069824,0.17243853009703977
1.6709579266181733,1.9025213338066889,18.650939633366008,0.1324662017920217,0.17243853009703977
2.0194445098826526,3.2996521297779826,18.650939633366008,0.1324662017920217,0.17627825445142728
2.0194360705429375,3.2967683090284634,18.671001012618397,0.12440216934541734,0.17627825445142728
2.26671921452985,3.052372643681936,18.671001012618397,0.12440216934541734,0.17627825445142728
2.2667153106485904,3.0503897040568573,18.694953126157444,0.1256093467518759,0.17767451785302274
2.0878350792378346,3.3477368643260674,18.694953126157444,0.1256093467518759,0.1790707812546182
2.08344187139898,3.3455423912451234,18.718914618103558,0.12346644588175525,0.1790707812546182
1.6164509422127544,4.8649841349839535,18.718914618103558,0.12346644588175525,0.19181168479417682
1.6164379049743827,4.862095217408826,18.737064088191186,0.1341646581139783,0.19181168479417682
1.5386891069342936,2.9216732912164405,18.737064088191186,0.1341646581139783,0.19181168479417682
1.5386851920915807,2.9200525290086095,18.74807827256872,0.12615174542600502,0.19006635554218249
1.7803894577595016,3.0343574051941005,18.74807827256872,0.12615174542600502,0.18936822384138474
1.7803853917076735,3.033002560993518,18.771986032403444,0.12704630956322524,0.18936822384138474
1.735046750364088,4.101940118267442,18.771986032403444,0.12704630956322524,0.1980948701013564
1.7369720980985275,4.100009281521616,18.78703875871774,0.1249541037608984,0.1980948701013564
1.7927469228013928,2.9962253475530147,18.78703875871774,0.1249541037608984,0.1980948701013564
1.7907138060316998,2.9941961419247924,18.802062079104704,0.1260818222607161,0.19774580425095753
2.2413084133711534,4.427324284143946,18.802062079104704,0.1260818222607161,0.20350539078253882
2.2412965490308596,4.424656189794997,18.82982489776903,0.12946434935173148,0.20350539078253882
2.1252038153781534,4.893876227207078,18.82982489776903,0.12946434935173148,0.21223203704251048
2.1252038153781534,4.893876227207078,18.84878427274306,0.1364452797145433,0.21223203704251048
2.0056086295986852,2.9835790487767095,18.84878427274306,0.1364452797145433,0.21223203704251048
2.005600636328305,2.9801974087610312,18.87324332917926,0.13033665482083956,0.21101030656611444
1.8783144679634907,3.440212588006879,18.87324332917926,0.13033665482083956,0.21205750411731106
1.878305250473249,3.4369539139777676,18.88466024370531,0.11861161501543378,0.21205750411731106
1.900258546229427,4.5242403496449395,18.88466024370531,0.11861161501543378,0.22130774915288098
1.8982190087904987,4.5242403496449395,18.903871811822476,0.12206070085272647,0.22130774915288098
2.488980340856272,4.959223554771234,18.903871811822476,0.12206070085272647,0.22130774915288098
2.490551878842465,4.957645248907315,18.93608868793792,0.13087876080458702,0.2293362637120549
2.693062477901385,3.311372086723085,18.93608868793792,0.13087876080458702,0.2293362637120549
2.6910821269652017,3.309396164669819,18.960965006659116,0.12106521100287848,0.2256710722828668
2.465567563354445,5.21833038406436,18.960965006659116,0.12106521100287848,0.2256710722828668
2.4639062329205004,5.216676233970487,18.984205097303175,0.130132595931945,0.23631758072003223
2.0507488158758056,4.212487279154199,18.984205097303175,0.130132595931945,0.23631758072003223
2.0507429142877758,4.210981738756966,18.99975444198229,0.1206385507088283,0.24068090385001806
2.0243340947156736,5.188946749249905,18.99975444198229,0.1206385507088283,0.24958208303518914
2.024319556951939,5.186091364039632,19.023220296166432,0.12949742345317902,0.24958208303518914
2.583778823616499,4.545949429967168,19.023220296166432,0.12949742345317902,0.2527236756887789
2.583772455031411,4.544074967771867,19.052322427566377,0.12180377985734826,0.2527236756887789
2.3918704850386665,3.918110836060511,19.052322427566377,0.12180377985734826,0.2527236756887789
2.387157857529848,3.913409264753434,19.072388297930534,0.12122072526178751,0.25028021473598683
2.190255460208534,5.377761588544415,19.072388297930534,0.12122072526178751,0.260403124397554
2.1869164763269398,5.374438533966179,19.09629771476847,0.12639290507522813,0.260403124397554
2.244336605346119,4.411941842263464,19.09629771476847,0.12639290507522813,0.260403124397554
2.2391827022183666,4.408514995345743,19.125517360942695,0.11828639115662933,0.2617993877991494
2.7172355387330676,4.774150560964675,19.125517360942695,0.11828639115662933,0.2617993877991494
2.7137271001549417,4.772400191134789,19.145717238575262,0.11068854488594038,0.2675589743307307
3.0494166956318844,5.5843508570788645,19.145717238575262,0.11068854488594038,0.27558748888990464
3.04574954334041,5.582521957398853,19.179283248146188,0.11144669227554956,0.27558748888990464
2.834349457275053,4.969990140055867,19.179283248146188,0.11144669227554956,0.27838001569309556
2.8309844822802,4.968311957764749,19.2037642811772,0.11273065177300996,0.27838001569309556
2.350368509867024,4.554623360233381,19.2037642811772,0.11273065177300996,0.27838001569309556
2.344785637446852,4.552765097856152,19.233531176162767,0.09731084047939616,0.2792526803190927
2.3923543533462084,4.9150611890915075,19.233531176162767,0.09731084047939616,0.2822197400474831
2.3888724735385036,4.913324860967264,19.258285204166935,0.0983020508285879,0.2822197400474831
2.7340570145654186,5.071630321413913,19.258285204166935,0.0983020508285879,0.2822197400474831
2.730726053084083,5.068319227043446,19.27905966413687,0.09004874610286813,0.28623399732707
2.985101893186482,6.832718300150614,19.27905966413687,0.09004874610286813,0.28623399732707
2.979396257825745,6.8289330110408,19.312520541574685,0.10222104486875262,0.2998475654926258
2.7493329794305934,2.9578902077685143,19.312520541574685,0.10222104486875262,0.2853613327010729
2.7455329327625484,2.9541024880633966,19.338591078891543,0.08042453111980219,0.2853613327010729
2.4001507516159424,7.327197383168638,19.338591078891543,0.08042453111980219,0.30316369107141505
2.3970239907149304,7.324102514267066,19.358968412138715,0.08735795163996442,0.30316369107141505
2.505596283021662,5.59381879796146,19.358968412138715,0.08735795163996442,0.30316369107141505
2.501875875678913,5.5882944442439175,19.384628789824855,0.08424714529322445,0.30839967882739805
2.3818562770254066,4.936016631186736,19.384628789824855,0.08424714529322445,0.30700341542580256
2.375907438398724,4.932065720208938,19.410413306888437,0.07759649353666054,0.30700341542580256
2.753047311401094,6.613507639881314,19.410413306888437,0.07759649353666054,0.3171263250873697
2.7512438919597315,6.608239162889998,19.440741532807195,0.07981294124043158,0.3171263250873697
2.7512438919597315,6.608239162889998,19.440741532807195,0.07981294124043158,0.3171263250873697
2.3854845042383084,5.446107975957559,19.46676536540301,0.07282422351371035,0.31695179216217023
2.26551934989499,6.340715272491385,19.46676536540301,0.07282422351371035,0.31695179216217023
2.26379588910256,6.334072490469696,19.488349276067947,0.07562709803519538,0.3232349774693498
2.2060366227203856,5.635703113249895,19.488349276067947,0.07562709803519538,0.3232349774693498
2.205994409516413,5.631166943250867,19.514656544364637,0.06831960094777292,0.3221877799181532
2.2741586196861996,5.91742765343145,19.514656544364637,0.06831960094777292,0.3221877799181532
2.2722283345559062,5.913626155811526,19.53238751983505,0.061850224917636934,0.3279473664497345
2.293268743815768,6.0021780665615685,19.53238751983505,0.061850224917636934,0.3279473664497345
2.2932232405314,5.996512063583445,19.550339042101175,0.05526398671978677,0.3295181627765294
2.2932232405314,5.996512063583445,19.550339042101175,0.05526398671978677,0.3295181627765294
2.326624824177565,6.193831109919942,19.581833074380867,0.05302831367701554,0.33126349202852373
2.3578865652529832,7.02231932135472,19.581833074380867,0.05302831367701554,0.33126349202852373
2.3578506385790385,7.018697017369074,19.604508615671612,0.05166650605058256,0.3392920065876977
2.471179769522067,5.3911067860608854,19.604508615671612,0.05166650605058256,0.3392920065876977
2.469499358986535,5.387801097727899,19.622823889901284,0.04465968569903457,0.33580134808370904
2.3539696786901674,6.314923510036426,19.622823889901284,0.04465968569903457,0.3368485456349056
2.35395333061068,6.313205348049457,19.654813945794423,0.041863594793116896,0.3368485456349056
2.551647945647354,6.888649040882644,19.654813945794423,0.041863594793116896,0.3368485456349056
2.5497670751713124,6.8867859033582075,19.678231057012606,0.040014588775812016,0.3431317309420852
2.414034829567805,5.8191870313398155,19.678231057012606,0.040014588775812016,0.3431317309420852
2.414004350443249,5.81579201261385,19.701770324171683,0.03800250605567827,0.34016467121369487
2.572082908794545,6.912223488171932,19.701770324171683,0.03800250605567827,0.34016467121369487
2.570112217286352,6.910270786362031,19.725641865514774,0.035825745115388614,0.34470252726888007
2.733359536166166,5.832844969066639,19.725641865514774,0.035825745115388614,0.34470252726888007
2.733359536166166,5.832844969066639,19.75377101027422,0.023409355545411546,0.3392920065876977
2.5182414604877446,6.477223531902326,19.75377101027422,0.023409355545411546,0.3413864016900908
2.5165948181045295,6.475593963214679,19.777893139696786,0.02088828432913671,0.3413864016900908
2.55773832482227,5.535612632009386,19.777893139696786,0.02088828432913671,0.33457961760731303
2.5559932111539863,5.533882234475466,19.806287794158305,0.00810589245052514,0.33457961760731303
2.9556404461978016,6.885720306426755,19.806287794158305,0.00810589245052514,0.33457961760731303
2.951909114755571,6.882026267921655,19.835693563781952,0.017482042368690002,0.3389429407372988
2.497755889055689,6.237173794147806,19.835693563781952,0.017482042368690002,0.3389429407372988
2.495718430172197,6.2331678830265576,19.85581891373423,0.005657539855667316,0.3363249468593073
2.6119907669875992,6.755391930994347,19.85581891373423,0.005657539855667316,0.3363249468593073
2.608773458173956,6.755391930994347,19.885570482169907,0.014668020474539568,0.33964107243809655
3.0272005968378703,6.437166315062297,19.885570482169907,0.014668020474539568,0.33964107243809655
3.0272005968378703,6.437166315062297,19.91956077401952,0.006401171226198475,0.33981560536329597
2.9557276816140607,5.2887221140641385,19.91956077401952,0.006401171226198475,0.33981560536329597
2.951989180913883,5.285013706651964,19.94891711905596,-0.007340559259271008,0.33283428835531864
2.7840482565880764,6.483367117232483,19.94891711905596,-0.007340559259271008,0.33283428835531864
2.7805332222625014,6.478179998047331,19.974455454481813,-0.0076492191100792735,0.3314380249537232
2.734214239422142,7.434882553130589,19.974455454481813,-0.0076492191100792735,0.3314380249537232
2.732477883662744,7.431498555032376,20.00520706652439,0.0005584980237615758,0.3389429407372988
2.9085554318195492,5.526815073642861,20.00520706652439,0.0005584980237615758,0.33440508468211355
2.9070090093852095,5.525285171643543,20.0260930609141,-0.01227592107349675,0.33440508468211355
2.7626738811547025,7.665752893690665,20.0260930609141,-0.01227592107349675,0.3431317309420852
2.760777231031948,7.663879422016333,20.05750797714805,-0.004452634062133755,0.3431317309420852
2.9222137058617443,5.4896193423805615,20.05750797714805,-0.004452634062133755,0.3431317309420852
2.918082341876243,5.487561863654147,20.087881727525787,-0.022658035197925787,0.3361504139341079
2.7914376246298858,5.428054321113684,20.087881727525787,-0.022658035197925787,0.3310889591033243
2.789555560973246,5.422561177726692,20.10963447274443,-0.032491971369444775,0.3310889591033243
2.0798371325569014,7.368597887297707,20.10963447274443,-0.032491971369444775,0.3310889591033243
2.0767098503754364,7.365517216318647,20.132728133958498,-0.020166579904855375,0.33719761148530447
2.9550717890100593,8.069764382409495,20.132728133958498,-0.020166579904855375,0.33719761148530447
2.953206756730891,8.067925210765587,20.165119458069732,-0.016645084645888996,0.346273323595675
3.1087136533907005,5.2911066398820585,20.165119458069732,-0.016645084645888996,0.346273323595675
3.1086964109829327,5.2895991242714,20.195708425397118,-0.03211673728914891,0.33824480903650106
2.392155727775258,6.921500363694714,20.195708425397118,-0.03211673728914891,0.33824480903650106
2.3880384092713816,6.917427852440807,20.214968197622007,-0.032399198937995546,0.33981560536329597
2.215513824566641,6.160885284438029,20.214968197622007,-0.032399198937995546,0.33981560536329597
2.2137389717092395,6.1541132452073395,20.24267850603193,-0.03449969831677279,0.33719761148530447
2.5123976888311708,6.165004272683716,20.24267850603193,-0.03449969831677279,0.33265975543011916
2.5106507475534827,6.161592739255617,20.265352712804546,-0.04529991632769204,0.33265975543011916
2.907004167004487,8.536900944242591,20.265352712804546,-0.04529991632769204,0.3440043955680824
2.9050272931852654,8.533062424605076,20.295686650774773,-0.029030569245731497,0.3440043955680824
2.65366685257492,6.465267780552936,20.295686650774773,-0.029030569245731497,0.3440043955680824
2.651981126737667,6.4636038887919565,20.324056984628257,-0.0352326573694986,0.3417354675404898
2.3711632686065305,5.996099051931397,20.324056984628257,-0.0352326573694986,0.33597588100890846
2.3674045511220823,5.990553536866219,20.338799771482453,-0.041210213032389885,0.33597588100890846
2.2155531726856483,4.911530586328801,20.338799771482453,-0.041210213032389885,0.324107642095347
2.2117716931032354,4.905935276519907,20.37080889290421,-0.05800674738721799,0.324107642095347
2.751754931368798,6.625445993413678,20.37080889290421,-0.05800674738721799,0.3232349774693498
2.750036955667794,6.623751374052353,20.391326015564207,-0.05225677814672816,0.3232349774693498
3.150352322052192,8.478863218593984,20.391326015564207,-0.05225677814672816,0.3232349774693498
3.150352322052192,8.478863218593984,20.42315204266849,-0.033385041791480684,0.33335788713091696
2.632028806607852,6.10337118321441,20.42315204266849,-0.033385041791480684,0.32602750427254074
2.6279959782062225,6.10337118321441,20.44750932806408,-0.04533525484853269,0.32602750427254074
2.279240121680657,5.572541419995396,20.44750932806408,-0.04533525484853269,0.32602750427254074
2.27554063462958,5.570701536367902,20.471606658258015,-0.053872736812977315,0.3166027263117714
1.9979374950008224,5.71477565160969,20.471606658258015,-0.053872736812977315,0.3166027263117714
1.996342044291519,5.7132011640208615,20.49589647432314,-0.06256323247583258,0.3103195410045918
2.785113929715242,6.63302716060901,20.49589647432314,-0.06256323247583258,0.3103195410045918
2.7812952416349646,6.63302716060901,20.517686250912135,-0.05754903487777616,0.3080506129769992
3.3486771688980266,6.160077000619224,20.517686250912135,-0.05754903487777616,0.3080506129769992
3.347010500442489,6.1617676214884005,20.556187611396183,-0.0601783875328438,0.3022910264454179
2.6288524519518424,6.619964400371493,20.556187611396183,-0.0601783875328438,0.3000220984178253
2.6249182726436273,6.623950783962964,20.578635691190936,-0.05548892067504819,0.3000220984178253
1.9226593373948948,4.9404143112511765,20.578635691190936,-0.05548892067504819,0.2897246558310587
1.919107741839668,4.9404143112511765,20.59798925331693,-0.06591994653045702,0.2897246558310587
2.0357559559234,4.502909156052862,20.59798925331693,-0.06591994653045702,0.2897246558310587
2.032786215377239,4.504403399280976,20.61721167766523,-0.07646040381788709,0.27611108766550296
2.6251673531618627,7.908699585971333,20.61721167766523,-0.07646040381788709,0.27611108766550296
2.6251991536489703,7.910099834986109,20.6450534356858,-0.060302292047701996,0.28623399732707
3.0221741653620917,5.9399317961198435,20.6450534356858,-0.060302292047701996,0.2801253449450899
3.020042198321351,5.944292813391483,20.67685703151229,-0.05461079831027483,0.2801253449450899
2.63235128698715,6.248353353350705,20.67685703151229,-0.05461079831027483,0.2801253449450899
2.628778274983135,6.248353353350705,20.694202161042647,-0.05163028129111366,0.2789036144686939
1.9997331830782261,4.55777434120105,20.694202161042647,-0.05163028129111366,0.2658136450787364
1.997972644345298,4.5595541892563665,20.722724922361746,-0.06476254277531913,0.2658136450787364
2.44403989112954,4.741943314245025,20.722724922361746,-0.06476254277531913,0.25708699881876473
2.44403989112954,4.741943314245025,20.742466824514466,-0.07231237320057796,0.25708699881876473
3.007623736307377,6.834954797282224,20.742466824514466,-0.07231237320057796,0.25708699881876473
3.007652053017252,6.836663500582884,20.771862425904395,-0.04967747447653568,0.2631956512007449
3.501985126883114,7.8945712950081015,20.771862425904395,-0.04967747447653568,0.27401669256310973
3.5036938633151236,7.896247909800891,20.80972721172075,-0.03660406911373735,0.27401669256310973
2.653720115393373,3.6614847516137363,20.80972721172075,-0.03660406911373735,0.27401669256310973
2.6557513201661678,3.6594379906566186,20.839065855877966,-0.046708565063675864,0.25499260371637156
2.6848787219458172,5.834509223928969,20.839065855877966,-0.046708565063675864,0.25499260371637156
2.6848787219458172,5.834509223928969,20.85726698075841,-0.04082868314400322,0.25464353786597266
2.5737768094455986,6.250472590561659,20.85726698075841,-0.04082868314400322,0.25464353786597266
2.5737513020360714,6.24856020944557,20.890062484480495,-0.03276553584128497,0.2595304597715568
3.2838975743042975,5.9284651536429624,20.890062484480495,-0.03276553584128497,0.2611012560983517
3.2819623386867667,5.926553679185224,20.917137705372546,-0.03297712228678316,0.2611012560983517
2.9762897812158164,6.044888824459953,20.917137705372546,-0.03297712228678316,0.2611012560983517
2.9762400816190766,6.041722089961372,20.95004716583852,-0.02524201614167533,0.26354471705114374
2.980033847333425,4.94407819973253,20.95004716583852,-0.02524201614167533,0.25708699881876473
2.9782157048124995,4.940522519552998,20.977191832023117,-0.025752619965589047,0.25708699881876473
2.143934298062277,5.225286998476789,20.977191832023117,-0.025752619965589047,0.2553416695667704
2.139581223405618,5.225286998476789,20.99922801054485,-0.03446340588454679,0.2553416695667704
2.3438903596364584,5.68091202805666,20.99922801054485,-0.03446340588454679,0.2553416695667704
2.3403242546994547,5.68091202805666,21.026595309464657,-0.031575286198806285,0.256388867117967
2.692429713059598,5.982281465136517,21.026595309464657,-0.031575286198806285,0.26005405854715513
2.689490899615049,5.9837641645823245,21.05178284922294,-0.01850581662857553,0.26005405854715513
2.5460935252312016,4.062903399186216,21.05178284922294,-0.01850581662857553,0.26005405854715513
2.5425359456556005,4.064691592278046,21.075744972439786,-0.04157450922670183,0.2488839513343914
2.015376958621053,4.712358879580042,21.075744972439786,-0.04157450922670183,0.24277529895241123
2.009699098327722,4.716173199830488,21.08971040833976,-0.041080369062228006,0.24277529895241123
2.372671468250793,5.224872282896148,21.08971040833976,-0.041080369062228006,0.24015730507441974
2.3651989598736516,5.230531947923826,21.11775966065788,-0.03869610656635426,0.24015730507441974
2.5171631472675604,5.921674114288863,21.11775966065788,-0.03869610656635426,0.23858650874762485
2.505595273110713,5.931020416061063,21.146720348153163,-0.03275853617001559,0.23858650874762485
2.41102769807005,4.492842215673253,21.146720348153163,-0.03275853617001559,0.23858650874762485
2.4069048433076694,4.498456480901038,21.168224300080713,-0.038598444313131496,0.23125612588924865
2.3126141080997935,4.100185113635107,21.168224300080713,-0.038598444313131496,0.22130774915288098
2.3095433733956856,4.103297031655588,21.190143948843687,-0.04084889352941617,0.22130774915288098
2.3116321405826463,4.926516154889781,21.190143948843687,-0.04084889352941617,0.22130774915288098
2.305378086914974,4.930719731358602,21.212959473123597,-0.039498659925332046,0.2158972284716986
2.625915490523479,5.111076944806651,21.212959473123597,-0.039498659925332046,0.21345376751890652
2.622991371302359,5.114053675851539,21.24118066549693,-0.030328350954013227,0.21345376751890652
2.8598013662788007,4.68060701982945,21.24118066549693,-0.030328350954013227,0.20961404316451898
2.857896813311704,4.682536123394289,21.26433047725153,-0.02917993143533046,0.20961404316451898
2.6334186831162945,4.174673327058664,21.26433047725153,-0.02917993143533046,0.2038544566329377
2.6316047549648145,4.176509337417221,21.294883193056034,-0.034272258916683424,0.2038544566329377
2.4619384800226864,4.165858808927341,21.294883193056034,-0.034272258916683424,0.2038544566329377
2.4619384800226864,4.165858808927341,21.317103319892322,-0.03333103463581317,0.20193459445574394
2.4516388229012045,4.611239635939839,21.317103319892322,-0.03333103463581317,0.2038544566329377
2.4531762523255733,4.611239635939839,21.339779196382406,-0.02876108153740639,0.2038544566329377
3.0276032905383183,4.159478489132542,21.339779196382406,-0.02876108153740639,0.2038544566329377
3.0276244520287765,4.161349327053512,21.37091887651377,-0.03420176988804022,0.2007128639793479
2.946920515298528,5.677032846996051,21.37091887651377,-0.03420176988804022,0.20961404316451898
2.9488545825433983,5.677032846996051,21.40705537166968,-0.01788588122922107,0.20961404316451898
2.5459735604336684,3.1367894370032534,21.40705537166968,-0.01788588122922107,0.20088739690454732
2.548928506461301,3.1382596315427334,21.431687643501935,-0.03142066917193047,0.20088739690454732
2.3879002894802035,3.489456434200128,21.431687643501935,-0.03142066917193047,0.19547687622336493
2.3894980279520386,3.489456434200128,21.448503928133974,-0.035073213640761124,0.19547687622336493
2.6871668618728273,6.0956632831235975,21.448503928133974,-0.035073213640761124,0.19547687622336493
2.6902682917329517,6.0956632831235975,21.477948550680214,-0.026938149802821717,0.20839231268812294
3.0508716380783687,3.6742495971485223,21.477948550680214,-0.026938149802821717,0.2033308578573394
3.0551400253066365,3.6742495971485223,21.50910029525401,-0.02923440867610899,0.2033308578573394
3.050479860039754,6.3391503337585355,21.50910029525401,-0.02923440867610899,0.2033308578573394
3.055596077673383,6.3391503337585355,21.537620614912598,-0.011041983341441476,0.21624629432209744
2.805480319373728,2.8100352347262327,21.537620614912598,-0.011041983341441476,0.20629791758572977
2.8073023126471526,2.808199359400205,21.57085400516764,-0.027651454281352118,0.20629791758572977
2.5974784853031765,4.321516817164187,21.57085400516764,-0.027651454281352118,0.20699604928652748
2.5991178463723807,4.321516817164187,21.59438519459939,-0.0277664557162717,0.20699604928652748
3.1346080952793205,5.429798097277916,21.59438519459939,-0.0277664557162717,0.21642082724729686
3.1363422770046396,5.429798097277916,21.62461046590592,-0.02402047960872263,0.21642082724729686
3.4387702884772184,5.903210790969462,21.62461046590592,-0.02402047960872263,0.21642082724729686
3.4411543465328367,5.903210790969462,21.66084651097974,-0.012692307294773237,0.22794000031045944
2.7898885042473407,3.638220535695991,21.66084651097974,-0.012692307294773237,0.2214822820780804
2.7919389421262224,3.636152836296897,21.693197475262085,-0.02331546576192478,0.2214822820780804
2.3765738015484956,4.80222666622684,21.693197475262085,-0.02331546576192478,0.2214822820780804
2.374650107820157,4.800324191262746,21.709870416533374,-0.021299719259782444,0.22462387473167023
2.953798496200522,5.7140979822763915,21.709870416533374,-0.021299719259782444,0.22462387473167023
2.953798496200522,5.7140979822763915,21.74053440158975,-0.01809209924105664,0.2324778563656447
3.4129095076795757,5.578980868814112,21.74053440158975,-0.01809209924105664,0.2399827721492203
3.4112369602876442,5.577333328263143,21.77127060435349,-0.01882389086503353,0.2399827721492203
2.5884917831582235,3.218594948872309,21.77127060435349,-0.01882389086503353,0.2399827721492203
2.5884621926183287,3.2152631365175743,21.803123386178235,-0.02999245720889306,0.22951079663725435
2.3471358731699508,5.548395904582764,21.803123386178235,-0.02999245720889306,0.2340486526924396
2.34294125949094,5.544251194912241,21.820736983409116,-0.028381963314123,0.2340486526924396
2.389759453946478,5.7097630235028936,21.820736983409116,-0.028381963314123,0.24137903555081577
2.3864352287007167,5.706491172416849,21.843879803688054,-0.02304468413167434,0.24137903555081577
2.305176302016938,4.626828327265784,21.843879803688054,-0.02304468413167434,0.24137903555081577
2.299084464325624,4.626828327265784,21.86903914976564,-0.03192218569761417,0.24085543677521748
2.566707199618383,5.062647984466305,21.86903914976564,-0.03192218569761417,0.24015730507441974
2.557715485815815,5.058175052795811,21.901047891394978,-0.03333755888933576,0.24015730507441974
2.4062058339907515,5.246479383579439,21.901047891394978,-0.03333755888933576,0.2392846404484226
2.3989536541082797,5.246479383579439,21.918532035653286,-0.03593762113617901,0.2392846404484226
2.0358159076460547,3.8477773885772497,21.918532035653286,-0.03593762113617901,0.2392846404484226
2.0303003785512677,3.8459446411089044,21.943743014941585,-0.04134883084339631,0.2309070600388498
2.26480317923762,6.707936189767628,21.943743014941585,-0.04134883084339631,0.24015730507441974
2.2604167264929433,6.706485010412096,21.959639517368657,-0.030026714418678328,0.24015730507441974
2.219699523518997,4.430562386248837,21.959639517368657,-0.030026714418678328,0.23387411976724015
2.213893029602461,4.426720840335526,21.98536285706096,-0.03948900341176863,0.23387411976724015
2.0079236688346547,3.409353256684638,21.98536285706096,-0.03948900341176863,0.23387411976724015
1.9989276498199342,3.404871483837688,22.004856399292027,-0.048899283828150675,0.2218313479284793
2.0135225107319057,4.93080258321743,22.004856399292027,-0.048899283828150675,0.2207841503772827
2.0086681616897164,4.9276009001531245,22.0223375576847,-0.04811675160878791,0.2207841503772827
2.0086681616897164,4.9276009001531245,22.0223375576847,-0.04811675160878791,0.2207841503772827
2.247653291304777,5.766103537643059,22.04720105090566,-0.039939439931179786,0.22427480888127135
2.7155981944992447,3.8481181916273806,22.04720105090566,-0.039939439931179786,0.22427480888127135
2.7066192159957776,3.8458777366872465,22.07443879405175,-0.05626097558099566,0.21711895894809458
2.228197636963118,4.38409303363121,22.07443879405175,-0.05626097558099566,0.21711895894809458
2.2233832641963427,4.382495841555334,22.09254974869478,-0.05575678114371577,0.21415189921970423
2.3815021732177377,4.109773728059154,22.09254974869478,-0.05575678114371577,0.21415189921970423
2.3780573396683558,4.108062421452105,22.118266306268467,-0.05816602734594084,0.21083577364091502
2.7148779879059903,5.082401925345031,22.118266306268467,-0.05816602734594084,0.20996310901491785
2.713099690852017,5.082401925345031,22.144465055036,-0.060683967812300746,0.20996310901491785
2.54621792234162,5.644353611918494,22.144465055036,-0.060683967812300746,0.20996310901491785
2.5422832339117853,5.644353611918494,22.170002271275646,-0.05305452685495389,0.21607176139689802
2.458792476259653,3.9257706539947588,22.170002271275646,-0.05305452685495389,0.21031217486531673
2.4569359932883272,3.923936694744161,22.19640829702577,-0.05579413080187241,0.21031217486531673
2.3670362404840724,5.007705005422883,22.19640829702577,-0.05579413080187241,0.21205750411731106
2.3635123712985413,5.004239735371143,22.222498650276837,-0.05864362348645567,0.21205750411731106
2.4479213551654873,3.075811608271979,22.222498650276837,-0.05864362348645567,0.21205750411731106
2.4461428563952854,3.074050813259699,22.242316366164268,-0.06896552757844088,0.2028072590817411
2.2820146569411426,6.267816898319408,22.242316366164268,-0.06896552757844088,0.21485003092050198
2.2819762926981695,6.266333986996266,22.26740714119896,-0.05789087699381002,0.21485003092050198
2.3729488360534474,3.950568015025518,22.26740714119896,-0.05789087699381002,0.2090904443889207
2.3708505121325887,3.948492650406532,22.294875688570325,-0.06105688060145226,0.2090904443889207
1.8439303187565907,4.267883025449914,22.294875688570325,-0.06105688060145226,0.2090904443889207
1.8421914349746458,4.266169391302532,22.307251034969198,-0.06484016614997909,0.2085668456133224
1.746472745853491,3.7994475177153975,22.307251034969198,-0.06484016614997909,0.2085668456133224
1.7480190873381496,3.7962591626061344,22.3267675446285,-0.07550492428069921,0.20420352248333656
1.7011461154819174,6.172854836473834,22.3267675446285,-0.07550492428069921,0.20420352248333656
1.7026744681400066,6.172854836473834,22.345447337806082,-0.05798301157185867,0.21345376751890652
1.988277376762653,5.042047366449782,22.345447337806082,-0.05798301157185867,0.21345376751890652
1.9900075160337465,5.043747748793691,22.36506712192458,-0.0546772221393598,0.2145009650701031
2.4672136036915613,3.3171871623490756,22.36506712192458,-0.0546772221393598,0.20472712125893486
2.4689567281278455,3.3154228242028987,22.3924431698827,-0.07246540228323839,0.20472712125893486
1.8367986228155435,4.34519802528841,22.3924431698827,-0.07246540228323839,0.20176006153054452
1.8399451324699472,4.34519802528841,22.405411765277055,-0.07658870437685995,0.20176006153054452
1.8153171524339322,5.412963958391451,22.405411765277055,-0.07658870437685995,0.20176006153054452
1.8191195668351143,5.412963958391451,22.418470991854015,-0.06662806729852937,0.2092649773141201
2.436370255962715,4.7787697294818114,22.418470991854015,-0.06662806729852937,0.2101376419401173
2.439306271709429,4.780224446569444,22.44541652839351,-0.07056120436074023,0.2101376419401173
2.7012221898312663,4.701075647854742,22.44541652839351,-0.07056120436074023,0.21118483949131386
2.706202670867538,4.702727584435071,22.479433713733965,-0.06740442869100295,0.21118483949131386
2.57372910924677,3.251074593905517,22.479433713733965,-0.06740442869100295,0.21118483949131386
2.5776884315137543,3.251074593905517,22.500618675796073,-0.07484442468013443,0.20141099568014564
2.8416024051071704,5.066161540798034,22.500618675796073,-0.07484442468013443,0.2059488517353309
2.8431358913965474,5.066161540798034,22.53472460678492,-0.07194061134120543,0.2059488517353309
2.7438514787115453,6.58002925339509,22.53472460678492,-0.07194061134120543,0.22165681500327988
2.746734076309328,6.58145265739128,22.554668996668536,-0.05915924615975429,0.22165681500327988
2.8932899899197335,4.879348174586755,22.554668996668536,-0.05915924615975429,0.22165681500327988
2.8960642896928674,4.879348174586755,22.58875469740002,-0.06046341849327925,0.22654373690886398
3.1528307088845122,4.185897341697576,22.58875469740002,-0.06046341849327925,0.22462387473167023
3.1561866331554143,4.185897341697576,22.61658469761459,-0.06905418953504187,0.22462387473167023
3.1613519440537545,5.250071326844148,22.61658469761459,-0.06905418953504187,0.2293362637120549
3.161323007514874,5.248144697065353,22.651729268813448,-0.0706584677071136,0.2293362637120549
2.606717320355482,6.699639229912007,22.651729268813448,-0.0706584677071136,0.2293362637120549
2.6047661345635857,6.699639229912007,22.673054467102972,-0.06228797368601018,0.2452187599052033
2.854604888858875,4.538043856280422,22.673054467102972,-0.06228797368601018,0.24556782575560218
2.8530373129896507,4.538043856280422,22.70067847749118,-0.061083347841831885,0.24556782575560218
2.8273581743856155,5.462886757839351,22.70067847749118,-0.061083347841831885,0.25342180738957665
2.825643748795952,5.459578307042923,22.72872706041488,-0.07812490425738214,0.25342180738957665
2.2195933113112076,5.474290182130584,22.72872706041488,-0.07812490425738214,0.25342180738957665
2.216049839687277,5.470806572932851,22.749810478087063,-0.0740717334365245,0.26022859147235455
2.551671897615025,5.144813422158582,22.749810478087063,-0.0740717334365245,0.26022859147235455
2.549765713327865,5.139354861192358,22.771350764846492,-0.08427232968168466,0.25883232807075907
2.6089131749577454,7.594909592898682,22.771350764846492,-0.08427232968168466,0.2754129559647052
2.6050089595437935,7.592978191365002,22.807333606009152,-0.07041560033677949,0.2754129559647052
2.30351814209664,4.53562926176649,22.807333606009152,-0.07041560033677949,0.2754129559647052
2.2981261129911235,4.532067689741401,22.82156622292464,-0.08786704529730209,0.2724458962363149
1.961704462556907,4.804030237493033,22.82156622292464,-0.08786704529730209,0.2724458962363149
1.960042903045157,4.800817935959859,22.84311980639565,-0.10241568785444266,0.2724458962363149
1.9701792160310687,6.228548751569311,22.84311980639565,-0.10241568785444266,0.27785641691749724
1.9669625238072022,6.223886595934303,22.86462504629753,-0.10294624968736972,0.27785641691749724
2.3420888907651682,6.403327884725637,22.86462504629753,-0.10294624968736972,0.27785641691749724
2.340228997074958,6.399758491522632,22.88703911680472,-0.10360079383664286,0.28187067419708417
2.2812030850897345,5.5514859925541815,22.88703911680472,-0.10360079383664286,0.28309240467348024
2.279084902518085,5.549399805069361,22.90274361179851,-0.11128407637631703,0.28309240467348024
1.9413023982454634,5.931616704954535,22.90274361179851,-0.11128407637631703,0.28309240467348024
1.9396137658101973,5.928380201544879,22.92478253101979,-0.11616998203631146,0.28623399732707
1.8774430424055535,5.386945737570486,22.92478253101979,-0.11616998203631146,0.2827433388230814
1.8773456317779758,5.382208351200752,22.947002165199912,-0.13132214883043614,0.2827433388230814
2.345374786315721,6.095882689876484,22.947002165199912,-0.13132214883043614,0.2839650692994774
2.3453012876213464,6.092501597974778,22.96974358466978,-0.136473389260595,0.2839650692994774
2.474695752783798,7.08044068047688,22.96974358466978,-0.136473389260595,0.2839650692994774
2.4746530620056175,7.078494206850522,22.993519261825664,-0.12361531068872146,0.29286624848464854
2.284248720616947,5.876415442625504,22.993519261825664,-0.12361531068872146,0.29286624848464854
2.2841424542202238,5.871781127121561,23.01576448027466,-0.14317058279954634,0.2932153143350474
2.302490050477423,4.576083819492116,23.01576448027466,-0.14317058279954634,0.28309240467348024
2.3041665247332177,4.574378817199129,23.038497883869226,-0.1628615074635628,0.28309240467348024
2.519355251475138,7.182400673098799,23.038497883869226,-0.1628615074635628,0.28309240467348024
2.5193121635289595,7.1807726072512725,23.06252486587588,-0.15040690584619157,0.2919935838586513
2.221711472256486,5.490606235916704,23.06252486587588,-0.15040690584619157,0.2879793265790644
2.2216785358887225,5.488583987111627,23.086146994106237,-0.17037097622070155,0.2879793265790644
2.2796598126341667,6.435182742647331,23.086146994106237,-0.17037097622070155,0.29251718263424964
2.2796212085887078,6.433302377187032,23.103501863394683,-0.16893547446591634,0.29251718263424964
2.4325265373835516,6.853624578564163,23.103501863394683,-0.16893547446591634,0.2975786374650332
2.432485421516655,6.852164932956784,23.127066710775342,-0.1750357096117905,0.2975786374650332
2.187718320115704,6.963815199481482,23.127066710775342,-0.1750357096117905,0.2975786374650332
2.187676543354775,6.962280368557715,23.15158244594074,-0.16715958247500265,0.3012438288942213
2.3038808031113445,4.8912007347474455,23.15158244594074,-0.16715958247500265,0.2909463863074548
2.301892093902432,4.889240280561551,23.17532990906125,-0.18766921498997316,0.2909463863074548
1.8738811891137126,6.566018646124633,23.17532990906125,-0.18766921498997316,0.2909463863074548
1.8720833286591112,6.566018646124633,23.185922510571512,-0.19333628609755638,0.2918190509334519
2.1935121715672006,6.314868254243161,23.185922510571512,-0.19333628609755638,0.29042278753185646
2.19347390452494,6.31312666543923,23.21053147907136,-0.19592647284886222,0.29042278753185646
2.1706011801621194,7.246721386363161,23.21053147907136,-0.19592647284886222,0.29740410453983374
2.1706011801621194,7.246721386363161,23.235525955752014,-0.18860069469900184,0.29740410453983374
1.9869851502242057,5.465651589848515,23.235525955752014,-0.18860069469900184,0.2892010570554604
1.986952030406186,5.463776685394154,23.253273913274082,-0.20209514160510705,0.2892010570554604
1.567617337051244,5.800099350204308,23.253273913274082,-0.20209514160510705,0.2892010570554604
1.567617337051244,5.800099350204308,23.270836106605312,-0.2116340536158672,0.2822197400474831
1.8509443772706355,5.796131247525177,23.270836106605312,-0.2116340536158672,0.27698375229150013
1.8509795117754138,5.798136865022311,23.289220617146494,-0.22127311838062638,0.27698375229150013
2.0823098040345998,7.006556899989562,23.289220617146494,-0.22127311838062638,0.27698375229150013
2.0837046773923062,7.006556899989562,23.307507843679947,-0.2169145840358464,0.2780309498426967
1.9966289944771247,6.2510710012489366,23.307507843679947,-0.2169145840358464,0.2747148242639075
1.9982990481871885,6.252704415906255,23.32669474323388,-0.2126640844032084,0.2747148242639075
2.2559027566271044,5.56598983195269,23.32669474323388,-0.2126640844032084,0.26668630970473356
2.259496261995257,5.56598983195269,23.34533100979923,-0.21854094223920387,0.26668630970473356
2.0741728207971697,7.053467485343837,23.34533100979923,-0.21854094223920387,0.2701769682087222
2.077554836943164,7.055138606959107,23.364598179278428,-0.2145030757043544,0.2701769682087222
1.9216598178321458,5.051413553684763,23.364598179278428,-0.2145030757043544,0.2701769682087222
1.9247054769021121,5.054401788214752,23.38925750374201,-0.22825526691575682,0.2584832622203602
2.550887951105903,6.423668185590719,23.38925750374201,-0.22825526691575682,0.2584832622203602
2.553883498558956,6.426590969797365,23.408919430842197,-0.22036664541400108,0.25865779514555964
2.8140592965491837,6.357150939808793,23.408919430842197,-0.22036664541400108,0.260403124397554
2.817860737152315,6.359034465923745,23.435846149336736,-0.21620184396526673,0.260403124397554
2.513775553637465,5.414296059687468,23.435846149336736,-0.21620184396526673,0.260403124397554
2.5164385649967516,5.415612916882963,23.460548145023537,-0.23033830249568907,0.25342180738957665
2.655440766434606,7.860382782535495,23.460548145023537,-0.23033830249568907,0.26371924997634316
2.6573466640702037,7.862245466235902,23.490475912106124,-0.20239294559028556,0.26371924997634316
2.765619830729965,5.0424746158951,23.490475912106124,-0.20239294559028556,0.2556907354171693
2.765619830729965,5.0424746158951,23.516329420091513,-0.2168093104765103,0.2556907354171693
3.3621866935305107,5.673004652348215,23.516329420091513,-0.2168093104765103,0.2556907354171693
3.3602970558143523,5.673004652348215,23.55002881912232,-0.22095966077495072,0.2541199390903744
2.7700884166030213,5.650329424961541,23.55002881912232,-0.22095966077495072,0.2555162024919699
2.7700565831882913,5.649248550516552,23.576295904391962,-0.22160263632638552,0.2555162024919699
1.986791828206299,6.078706092627559,23.576295904391962,-0.22160263632638552,0.25656340004316647
1.9848880723442894,6.07330095083619,23.595835936270106,-0.22864265030793726,0.25656340004316647
2.997978172907734,6.861618509008626,23.595835936270106,-0.22864265030793726,0.25656340004316647
2.9962474830162527,6.861618509008626,23.62490384006056,-0.21550260718958553,0.2619739207243489
2.785512741224875,5.728121116024005,23.62490384006056,-0.21550260718958553,0.25987952562195565
2.7815749372615586,5.732126683963149,23.645347698644542,-0.22277709654385333,0.25987952562195565
1.9253194624969194,6.595748101744126,23.645347698644542,-0.22277709654385333,0.26616271092913524
1.9189369167560046,6.597889554454291,23.66787132766229,-0.21611355088620002,0.26616271092913524
2.145379308605944,5.150243700182022,23.66787132766229,-0.21611355088620002,0.26616271092913524
2.144292188551987,5.151361644966432,23.686651755917957,-0.22360528470433183,0.25970499269675623
2.168282865594105,7.365476792345103,23.686651755917957,-0.22360528470433183,0.2658136450787364
2.1623517286003135,7.365476792345103,23.70919530815266,-0.21716936825707997,0.2658136450787364
2.401342032906998,5.90417476251199,23.70919530815266,-0.21716936825707997,0.2658136450787364
2.3975509317424573,5.908039008176204,23.737782652254666,-0.21875244315174644,0.260403124397554
2.4533384064588963,7.012630749824485,23.737782652254666,-0.21875244315174644,0.260403124397554
2.4516733137203155,7.016132646683633,23.76044060137983,-0.21671480119135456,0.2645919146023404
2.109662551706547,6.301619850204922,23.76044060137983,-0.21671480119135456,0.26406831582674206
2.1080918545229466,6.303229811581748,23.774706565992428,-0.21674029076634113,0.26406831582674206
2.273646750410973,4.422281869665382,23.774706565992428,-0.21674029076634113,0.2501056818107874
2.2720656290700143,4.422281869665382,23.80164501051555,-0.22859189470783775,0.2501056818107874
1.8515608516443502,6.170604363674556,23.80164501051555,-0.22859189470783775,0.2488839513343914
1.8497665437981314,6.172437674234184,23.816578946977895,-0.22464859140198756,0.2488839513343914
2.307687340767072,7.589445630213345,23.816578946977895,-0.22464859140198756,0.26005405854715513
2.3077807427264934,7.592934129660925,23.841973911219917,-0.20490619574773472,0.26005405854715513
2.4366509284046463,6.435982539874597,23.841973911219917,-0.20490619574773472,0.25743606466916363
2.436769753792945,6.4406363129818125,23.862952226410254,-0.21329989873545985,0.25743606466916363
2.2217521637087194,4.14893186706783,23.862952226410254,-0.21329989873545985,0.25743606466916363
2.221803237014374,4.152974504547484,23.891127854446143,-0.2256494504650609,0.24172810140121465
2.2368013775528537,5.88967312949032,23.891127854446143,-0.2256494504650609,0.23858650874762485
2.2368376152712064,5.891124816467527,23.90604994813389,-0.22208477671839433,0.23858650874762485
2.7080033399464902,7.527165186319508,23.90604994813389,-0.22208477671839433,0.24766222085799536
2.7096889054616,7.53035346827626,23.93796574729888,-0.20670458604993855,0.24766222085799536
2.3349278593978173,6.755752029256339,23.93796574729888,-0.20670458604993855,0.24766222085799536
2.3367262606145047,6.759185870612484,23.954000342922185,-0.20333626209751332,0.2509783464367846
2.6586184657773964,5.174098597286674,23.954000342922185,-0.20333626209751332,0.24207716725161352
2.6602874648464385,5.17731274455688,23.983813931787417,-0.202208768040144,0.24207716725161352
2.8048542566653363,5.863122674867379,23.983813931787417,-0.202208768040144,0.24120450262561635
2.806859628136607,5.866993901532155,24.00673724459592,-0.2071177736203198,0.24120450262561635
2.062382793596539,3.3579262315984333,24.00673724459592,-0.2071177736203198,0.24120450262561635
2.062382793596539,3.3579262315984333,24.026840043364423,-0.2219091383068575,0.22741640153486117
2.627747455858867,7.746429669102908,24.026840043364423,-0.2219091383068575,0.22741640153486117
2.629991555994928,7.746429669102908,24.058667394394046,-0.20721946440590092,0.2392846404484226
2.6432109863027122,6.978748311995555,24.058667394394046,-0.20721946440590092,0.24591689160600103
2.646789534509306,6.980517879808346,24.083623762620462,-0.19852140110763195,0.24591689160600103
2.8320988787396146,4.637434378267642,24.083623762620462,-0.19852140110763195,0.24591689160600103
2.8321537036766586,4.641640059633807,24.10733539204343,-0.20389542782809295,0.23492131731843677
2.5746957707772187,5.688200945413708,24.10733539204343,-0.20389542782809295,0.23631758072003223
2.5761992955751563,5.6896717775942705,24.129564551448464,-0.20517102743939516,0.23631758072003223
2.0326289851334813,4.646221411648742,24.129564551448464,-0.20517102743939516,0.2298598624876532
2.0342481591371047,4.647814235929073,24.158358051435687,-0.21471710694999102,0.2298598624876532
2.7024069487977354,8.05557812946939,24.158358051435687,-0.21471710694999102,0.2298598624876532
2.704823459662418,8.05676360651563,24.177178274560255,-0.1983245382088169,0.24452062820440557
2.724268973794737,5.449864047814526,24.177178274560255,-0.1983245382088169,0.24120450262561635
2.726466392228081,5.454135345945608,24.209285740960937,-0.19841709457646486,0.24120450262561635
2.174013280194484,4.580289237938489,24.209285740960937,-0.19841709457646486,0.2345722514680379
2.1757899303588086,4.583739175031815,24.224795232743627,-0.21009039796097007,0.2345722514680379
2.433778266809266,5.450812833885203,24.224795232743627,-0.21009039796097007,0.2345722514680379
2.4356502679346668,5.452654683892784,24.248316088893564,-0.21191474528826915,0.23125612588924865
2.7773581623068533,7.889822441206058,24.248316088893564,-0.21191474528826915,0.24486969405480447
2.778494886458527,7.889822441206058,24.276059029137954,-0.19026578131502003,0.24486969405480447
2.950656800883907,4.281549898125225,24.276059029137954,-0.19026578131502003,0.23300145514124299
2.952456474723109,4.279725089474766,24.305854320370113,-0.20056949468604018,0.23300145514124299
2.607834165847688,7.698436929235253,24.305854320370113,-0.20056949468604018,0.23300145514124299
2.609423796668725,7.69680320181468,24.334981843568713,-0.179201382959858,0.24539329283040273
2.1799049464565097,4.435718115785079,24.334981843568713,-0.179201382959858,0.23858650874762485
2.1798552528922706,4.43180310043988,24.35665020147192,-0.19964645954790694,0.23858650874762485
2.1798552528922706,4.43180310043988,24.35665020147192,-0.19964645954790694,0.23858650874762485
2.4149374963887054,5.749507814287053,24.380449428841104,-0.2020592213026082,0.23771384412162772
2.541230452389031,5.181517081704211,24.380449428841104,-0.2020592213026082,0.23771384412162772
2.5411433872096745,5.175992013016236,24.404969007025496,-0.2088417736137011,0.23701571242082994
2.634101747614901,7.301110671616919,24.404969007025496,-0.2088417736137011,0.23701571242082994
2.634060836566094,7.299556500958928,24.426163344714624,-0.19355906991797847,0.24870941840919197
2.6004211367881447,3.068119648499919,24.426163344714624,-0.19355906991797847,0.24870941840919197
2.5983045916428416,3.068119648499919,24.454009796284666,-0.21849949266944158,0.22951079663725435
2.668897890863818,7.012268722676256,24.454009796284666,-0.21849949266944158,0.22951079663725435
2.66744730034929,7.010857010377097,24.480990121585254,-0.21178179807104788,0.23823744289722598
2.3422488956098375,6.018348539079031,24.480990121585254,-0.21178179807104788,0.23823744289722598
2.3404188816853546,6.0148233526013115,24.50012098221381,-0.21069563132993913,0.23945917337362202
2.2167118361500564,4.473422776832733,24.50012098221381,-0.21069563132993913,0.23945917337362202
2.212802054199491,4.471479648548177,24.525185240804667,-0.2137925900833374,0.23195425759004643
2.2047291439493533,6.228623486682172,24.525185240804667,-0.2137925900833374,0.23422318561763902
2.203025613683996,6.226954991711021,24.544596574869757,-0.21290798946957884,0.23422318561763902
2.0466348920227753,5.933021839120282,24.544596574869757,-0.21290798946957884,0.23282692221604356
2.0425316044602106,5.928985320138036,24.564806396895982,-0.20783342742147648,0.23282692221604356
2.4001806610063348,4.204889175927708,24.564806396895982,-0.20783342742147648,0.23282692221604356
2.3963546859810725,4.206815612334569,24.587268355164614,-0.22507750268932952,0.22287854547967587
2.309065457491826,5.295340227894103,24.587268355164614,-0.22507750268932952,0.2202605516016844
2.307649349439138,5.296788537838726,24.612171107895666,-0.2286073410668495,0.2202605516016844
2.1531628736359325,5.830223680986748,24.612171107895666,-0.2286073410668495,0.22113321622768156
2.1531628736359325,5.830223680986748,24.631900553661296,-0.21952565541248306,0.22113321622768156
2.3557813843773796,4.687209618547685,24.631900553661296,-0.21952565541248306,0.22113321622768156
2.3557813843773796,4.687209618547685,24.657098297519546,-0.22327195208115141,0.21415189921970423
2.2259928027221014,5.620783869981841,24.657098297519546,-0.22327195208115141,0.21101030656611444
2.2240578571580825,5.622753429900027,24.67461895075614,-0.2281730611252609,0.21101030656611444
2.057978884231686,5.031386720045135,24.67461895075614,-0.2281730611252609,0.20804324683772407
2.05585675308096,5.03354023010777,24.70137500718193,-0.22782032555926615,0.20804324683772407
2.0448671570294117,5.4696787080429825,24.70137500718193,-0.22782032555926615,0.20717058221172693
2.044899978245684,5.471126282652992,24.713150567829757,-0.22441244078997527,0.20717058221172693
2.3505151432464535,4.484668809785966,24.713150567829757,-0.22441244078997527,0.19861846887695472
2.3520615538347998,4.486189266323768,24.73891517496098,-0.21993267131651573,0.19861846887695472
2.3583039852099574,5.222690899614386,24.73891517496098,-0.21993267131651573,0.19669860669976094
2.3583975682758016,5.22883978360396,24.76571880272706,-0.21987580296951856,0.19669860669976094
2.4721534786290027,4.727233954855681,24.76571880272706,-0.21987580296951856,0.19669860669976094
2.4735017720403225,4.731027608451178,24.787774957290626,-0.22936774774364485,0.19303341527057286
2.501293181017509,6.507491437917468,24.787774957290626,-0.22936774774364485,0.19861846887695472
2.5041628951424637,6.51162528740974,24.811598448408617,-0.20291710948465966,0.19861846887695472
2.389761372517104,4.21953976621044,24.811598448408617,-0.20291710948465966,0.19861846887695472
2.3918319495913414,4.223584192534503,24.83553093698649,-0.2125906659002054,0.19041542139258136
2.8163764422865314,4.240364880046424,24.83553093698649,-0.2125906659002054,0.19041542139258136
2.8178777733847293,4.241842295227818,24.8670785232415,-0.21280446666926373,0.18099064343181198
2.6880990939494285,5.767832675621447,24.8670785232415,-0.21280446666926373,0.18709929581379214
2.688132651608306,5.769727705181416,24.88888767934083,-0.2003862673693542,0.18709929581379214
2.635945298135382,5.270728385829532,24.88888767934083,-0.2003862673693542,0.1907644872429802
2.6374711519666967,5.275032976863115,24.91540438257962,-0.1966061279305979,0.1907644872429802
2.613783491823926,4.715854331927738,24.91540438257962,-0.1966061279305979,0.1884955592153876
2.6164283331170064,4.718446267315822,24.941433531858298,-0.19292984403767274,0.1884955592153876
2.5319843937251223,4.463446964863514,24.941433531858298,-0.19292984403767274,0.18675022996339327
2.53200995604523,4.465404775465258,24.96566629000093,-0.20307806960723102,0.18675022996339327
2.539316722172909,5.318735112991199,24.96566629000093,-0.20307806960723102,0.19058995431778078
2.5406874077037265,5.322575756322768,24.99215505641216,-0.19960406882832926,0.19058995431778078
2.590309650685131,5.712813070885476,24.99215505641216,-0.19960406882832926,0.19058995431778078
2.592383048344382,5.718744194100546,25.01461902742854,-0.18764098689490188,0.19774580425095753
3.116083622122036,4.844914106408598,25.01461902742854,-0.18764098689490188,0.1965240737745615
3.1176914591313496,4.849493534100128,25.04166499544912,-0.18436754288722054,0.1965240737745615
3.071848241614573,4.974137245405148,25.04166499544912,-0.18436754288722054,0.19181168479417682
3.0697790399995317,4.976235648887487,25.075068635396573,-0.18981352798908424,0.19181168479417682
2.7761676834241085,6.548448273862348,25.075068635396573,-0.18981352798908424,0.19181168479417682
2.7776057094287188,6.551177728824051,25.100449377884267,-0.16883220754086156,0.20367992370773827
2.575115753963738,4.670838179241199,25.100449377884267,-0.16883220754086156,0.2033308578573394
2.5766011049673256,4.670838179241199,25.132527396471804,-0.17890915964456058,0.2033308578573394
2.8904282764599714,5.828074343888693,25.132527396471804,-0.17890915964456058,0.21048670779051615
2.8920015018804732,5.828074343888693,25.155272158675043,-0.17183315858047876,0.21048670779051615
2.9981384521698646,5.146277317941353,25.155272158675043,-0.17183315858047876,0.21048670779051615
3.0000605471857797,5.146277317941353,25.183478738482638,-0.17350915358091576,0.21258110289290932
2.557348740881918,5.084124755752657,25.183478738482638,-0.17350915358091576,0.2139773662945048
2.557348740881918,5.084124755752657,25.21172714576229,-0.17530274908146048,0.2139773662945048
2.569547592696485,4.687557534033883,25.21172714576229,-0.17530274908146048,0.2158972284716986
2.5677325334293277,4.687557534033883,25.239671137994247,-0.18161916777441378,0.2158972284716986
2.901584385102447,5.564952198593383,25.239671137994247,-0.18161916777441378,0.22008601867648495
2.900141577354766,5.563539769221525,25.26742630325102,-0.183654194364169,0.22008601867648495
2.6665840857855354,6.129929397631626,25.26742630325102,-0.183654194364169,0.22008601867648495
2.6647528832551957,6.131796013370119,25.290962499197168,-0.18152351944122727,0.22741640153486117
2.3034280956414346,5.274774550751506,25.290962499197168,-0.18152351944122727,0.2282890661608583
2.3034578207277723,5.2764319015707475,25.314022609923594,-0.18391761415046817,0.2282890661608583
2.2733936029323885,5.175316117749783,25.314022609923594,-0.18391761415046817,0.2282890661608583
2.2716874344373807,5.178847291480306,25.334008834471007,-0.1956187063355581,0.2282890661608583
1.9515257023699542,4.838883830294572,25.334008834471007,-0.1956187063355581,0.2282890661608583
1.949760334964907,4.838883830294572,25.353748299804394,-0.20741053441291746,0.22741640153486117
2.184997058954668,7.161273349916094,25.353748299804394,-0.20741053441291746,0.23806290997202656
2.183247247436895,7.163065016313895,25.376825566740212,-0.18335769777064642,0.23806290997202656
2.563899653298874,4.049817783466238,25.376825566740212,-0.18335769777064642,0.23806290997202656
2.5639460474588955,4.052861698628134,25.40132614678182,-0.20852753407191027,0.2282890661608583
2.26625297200837,4.731872281199689,25.40132614678182,-0.20852753407191027,0.22200588085367873
2.26625297200837,4.731872281199689,25.421126255662855,-0.21617883681800246,0.22200588085367873
2.3310096958667703,5.05970850937771,25.421126255662855,-0.21617883681800246,0.2186897552748895
2.3324643482347662,5.058224177298263,25.449479257058847,-0.22356420013056671,0.2186897552748895
1.9858469259324658,5.213482439571231,25.449479257058847,-0.22356420013056671,0.2186897552748895
1.989633339848249,5.213482439571231,25.465784461022,-0.22262141126610444,0.21642082724729686
2.0968813830983675,5.348284266818143,25.465784461022,-0.22262141126610444,0.21711895894809458
2.099616868915963,5.348284266818143,25.48087197317099,-0.22619197496455104,0.21711895894809458
2.1700370682163936,4.360276149214453,25.48087197317099,-0.22619197496455104,0.20996310901491785
2.173775313279629,4.3621341174928805,25.50180506482456,-0.23419306263931214,0.20996310901491785
2.3305690663140997,5.295710610793896,25.50180506482456,-0.23419306263931214,0.20996310901491785
2.3358586637514924,5.295710610793896,25.53081001443392,-0.2375649292865737,0.21031217486531673
2.6651471411641063,5.096037342463444,25.53081001443392,-0.2375649292865737,0.20943951023931956
2.6704797829881812,5.0973643258348496,25.559627361197766,-0.24106117059724835,0.20943951023931956
2.0671247408759177,5.284529634175101,25.559627361197766,-0.24106117059724835,0.20961404316451898
2.0736632973252638,5.284529634175101,25.575946207948853,-0.2405238517599834,0.20961404316451898
2.6581733230333753,3.670329340251246,25.575946207948853,-0.2405238517599834,0.20961404316451898
2.663847105694272,3.670329340251246,25.60092966366452,-0.25328184283433564,0.20228366030614278
2.4057741756317803,5.4495050654357575,25.60092966366452,-0.25328184283433564,0.20507618710933373
2.4125386428113766,5.450628462060675,25.625578941927568,-0.24825509967123233,0.20507618710933373
2.0743674265441987,5.144628526591133,25.625578941927568,-0.24825509967123233,0.204378055408536
2.0824551188435656,5.144628526591133,25.642003603640738,-0.24796017247536192,0.204378055408536
2.6885283164595486,6.555448188646056,25.642003603640738,-0.24796017247536192,0.204378055408536
2.6961206039680747,6.556961153356928,25.667413261714348,-0.2431285678766719,0.21310470166850765
2.7636730699879988,2.2518369994535323,25.667413261714348,-0.2431285678766719,0.21310470166850765
2.7709798780192134,2.2518369994535323,25.697878432310585,-0.2651635977828545,0.19442967867216832
2.8675356318387286,6.325625108991703,25.697878432310585,-0.2651635977828545,0.20420352248333656
2.873914258529875,6.325625108991703,25.72300312469371,-0.26055349590677396,0.20420352248333656
2.6888994713565166,5.825789949169242,25.72300312469371,-0.26055349590677396,0.20420352248333656
2.6947117894934722,5.824622354255242,25.748293532546274,-0.2560519424722481,0.21258110289290932
2.6564011154315383,4.413473970288151,25.748293532546274,-0.2560519424722481,0.20804324683772407
2.6628067081498856,4.411867753956928,25.778894686611892,-0.26057270212476064,0.20804324683772407
3.070596936622114,5.947200353237188,25.778894686611892,-0.26057270212476064,0.21380283336930536
3.07412998780666,5.945421796068408,25.804953321831746,-0.25629931675092665,0.21380283336930536
2.525939465713588,6.127352488890264,25.804953321831746,-0.25629931675092665,0.21380283336930536
2.530972079869967,6.125666743142041,25.83119438609626,-0.25213603415988534,0.2192133540504878
2.5663658402275265,3.9539380635437755,25.83119438609626,-0.25213603415988534,0.21310470166850765
2.5690047018039843,3.9539380635437755,25.852572584774144,-0.26601481411670314,0.21310470166850765
2.3345994100455454,5.595426259848386,25.852572584774144,-0.26601481411670314,0.21310470166850765
2.336282771531322,5.595426259848386,25.87893764654943,-0.26206853780236883,0.21694442602289515
2.6318070961557964,6.400267286656195,25.87893764654943,-0.26206853780236883,0.21694442602289515
2.6332203140413397,6.401657314922456,25.904967600435125,-0.2627554105360967,0.22602013813326569
2.2092074105258654,3.9987902900338046,25.904967600435125,-0.2627554105360967,0.21380283336930536
2.209236654440112,4.00197015265451,25.926775811528284,-0.2724268334170429,0.21380283336930536
2.055611198112438,5.419663981361839,25.926775811528284,-0.2724268334170429,0.2124065699677099
2.05563101101804,5.421450601511524,25.944629385810067,-0.2777399979528603,0.2124065699677099
2.005599899127162,5.1639419310814345,25.944629385810067,-0.2777399979528603,0.20786871391252465
2.0039158512437463,5.16564530989892,25.96675117261731,-0.2875936379362458,0.20786871391252465
2.0482326037565994,5.4424336294323,25.96675117261731,-0.2875936379362458,0.20490165418413428
2.046565354325447,5.4424336294323,25.9846352003704,-0.2840068169764651,0.20490165418413428
1.995402665650872,5.225651368797424,25.9846352003704,-0.2840068169764651,0.19722220547535926
1.9915771414741754,5.2275743622188084,26.002782923862117,-0.2804901666529746,0.19722220547535926
2.115942119928678,4.594575650394484,26.002782923862117,-0.2804901666529746,0.19722220547535926
2.1159594764179777,4.596140684156274,26.020728456245788,-0.2770440937524949,0.18622663118779495
2.1467733765021055,4.688043109708147,26.020728456245788,-0.2770440937524949,0.1773254520026239
2.1449734449010025,4.688043109708147,26.043513160582965,-0.27814691159752397,0.1773254520026239
2.137710827872891,4.616235914206618,26.043513160582965,-0.27814691159752397,0.16667894356545848
2.137710827872891,4.616235914206618,26.065780786829873,-0.27932971580983373,0.16667894356545848
2.3109648822536744,5.486250197783226,26.065780786829873,-0.27932971580983373,0.16667894356545848
2.3109857738724786,5.487922526359905,26.093362888742636,-0.2627205743018281,0.16441001553786586
2.3712603982586606,3.207409093872848,26.093362888742636,-0.2627205743018281,0.1460840583919254
2.3712848348547646,3.210748993988781,26.111510583672743,-0.27282108178377557,0.1460840583919254
2.8198769930629415,4.931350740496119,26.111510583672743,-0.27282108178377557,0.14433872913993104
2.8212377654894474,4.931350740496119,26.143212885925397,-0.2608594957416719,0.14433872913993104
2.1662879952732355,4.159269843165377,26.143212885925397,-0.2608594957416719,0.13526301702956053
2.1662879952732355,4.159269843165377,26.166747337457252,-0.25323011023245173,0.13526301702956053
2.025406625639627,3.2866032003832992,26.166747337457252,-0.25323011023245173,0.12095131716320703
2.0254190422805998,3.2883338758596707,26.18517884780024,-0.24981582827355364,0.12095131716320703
2.2001617943846887,5.249259071857546,26.18517884780024,-0.24981582827355364,0.12339477811599911
2.201731857111367,5.252320894819767,26.20403377032233,-0.23323597735874216,0.12339477811599911
2.3657118677667963,3.2488183049625623,26.20403377032233,-0.23323597735874216,0.11397000015522972
2.367234076026464,3.2518148892330156,26.231481658472784,-0.22569638396944464,0.11397000015522972
2.170199225528272,4.956182657924321,26.231481658472784,-0.22569638396944464,0.11554079648202462
2.1734922863172486,4.957820416114496,26.250608473489937,-0.2046471887180837,0.11554079648202462
2.0646759398215844,3.0765161891476875,26.250608473489937,-0.2046471887180837,0.11554079648202462
2.0663145608916915,3.078143960528853,26.26930202327058,-0.20140970458404833,0.1059414855960558
2.35329983151208,2.8720644626836136,26.26930202327058,-0.20140970458404833,0.1059414855960558
2.3564474505305824,2.8736334393100873,26.292105845168393,-0.20270663134392364,0.09721483933608416
2.195662854010936,4.520157023805115,26.292105845168393,-0.20270663134392364,0.10227629416686772
2.197974742420542,4.5213052142241,26.31523727978893,-0.18628856457336768,0.10227629416686772
1.8048900944947464,3.234341482114142,26.31523727978893,-0.18628856457336768,0.09564404300928926
1.8070324382203795,3.2364729653444386,26.330280553730184,-0.1740830213476186,0.09564404300928926
2.0089699307145006,4.459090666657585,26.330280553730184,-0.1740830213476186,0.10157816246606999
2.0121759261618597,4.462266568301118,26.354135212339166,-0.15775497636532007,0.10157816246606999
2.0859267641090207,1.908195944198357,26.354135212339166,-0.15775497636532007,0.09023352232810683
2.0890476292273563,1.9113044741448864,26.36797417357777,-0.16336404577255215,0.09023352232810683
2.3298178681048918,4.000919312479122,26.36797417357777,-0.16336404577255215,0.0947713783832921
2.332924885585507,4.0024664555926694,26.395895357704905,-0.1516187694431157,0.0947713783832921
2.0726412547012156,3.272065430274773,26.395895357704905,-0.1516187694431157,0.0947713783832921
2.0767550304838163,3.2747942559061483,26.41050716900217,-0.13494439027245475,0.09546951008408983
2.0052754359780223,2.446987390960324,26.41050716900217,-0.13494439027245475,0.09180431865490173
2.0097108813977926,2.4499345392373946,26.433577643461405,-0.14113224106260688,0.09180431865490173
2.3075879626897753,2.32485147655505,26.433577643461405,-0.14113224106260688,0.08604473212332044
2.3126724277352566,2.328232139257128,26.456865841451307,-0.1427505801777585,0.08604473212332044
1.9490041010363415,4.957661729134041,26.456865841451307,-0.1427505801777585,0.09896016858807849
1.9518668802232015,4.959085924526562,26.4765730166771,-0.11294819602726201,0.09896016858807849
1.8435852323578676,2.032869064501258,26.4765730166771,-0.11294819602726201,0.09197885158010118
1.8470279237908243,2.0363003350077005,26.499859970762845,-0.1146446782076571,0.09197885158010118
2.069359394416361,1.7306571218874776,26.499859970762845,-0.1146446782076571,0.08587019919812101
2.0741306232739745,1.7354141712288584,26.514096898742938,-0.12046977374607425,0.08587019919812101
2.149250404780938,3.448856946792244,26.514096898742938,-0.12046977374607425,0.08587019919812101
2.1528708634970237,3.450060744970848,26.542048518260863,-0.10902949645900477,0.09145525280450287
1.8888208297744589,3.543589303760699,26.542048518260863,-0.10902949645900477,0.09651670763528643
1.8932515488679873,3.545063231482955,26.561064510290567,-0.10634700635947068,0.09651670763528643
1.7754171348943908,3.180897605262573,26.561064510290567,-0.10634700635947068,0.10018189906447451
1.7787955713239079,3.184259928340817,26.576312050193305,-0.08992758599697177,0.10018189906447451
2.065536035442649,1.6283321804705324,26.576312050193305,-0.08992758599697177,0.0947713783832921
2.0705141513472634,1.6295758179945272,26.594450563433057,-0.10965468812592873,0.0947713783832921
1.9454329770363303,3.0620594953774236,26.594450563433057,-0.10965468812592873,0.09686577348568529
1.9490542054109588,3.0638665944598773,26.61381350966059,-0.10243899222816592,0.09686577348568529
1.9222741277587663,3.048925114259569,26.61381350966059,-0.10243899222816592,0.10070549784007282
1.9264241583189714,3.0503062106669394,26.63298691597816,-0.09990573923845472,0.10070549784007282
1.945473074789432,1.611584346585165,26.63298691597816,-0.09990573923845472,0.09529497715889039
1.9496610043087415,1.6143717111941902,26.656378100131658,-0.10191395390477791,0.09529497715889039
1.9496610043087415,1.6143717111941902,26.656378100131658,-0.10191395390477791,0.09529497715889039
2.0378835391956347,3.891205237242388,26.67167800150308,-0.09030523348712417,0.1059414855960558
1.9988937188890685,3.249056578136691,26.67167800150308,-0.09030523348712417,0.11030480872604163
2.004259019896565,3.2503963576895827,26.69092720148428,-0.09254911004861228,0.11030480872604163
1.7465852665344002,1.6760316118425196,26.69092720148428,-0.09254911004861228,0.11030480872604163
1.7524296006952889,1.6789507797081078,26.714462333638416,-0.09934459463459183,0.10349802464326374
2.1905790940581147,3.083540596239839,26.714462333638416,-0.09934459463459183,0.10349802464326374
2.196545554817767,3.085030924304435,26.734026462766707,-0.097018592350058,0.1096066770252439
2.2431266114384325,3.933637037412359,26.734026462766707,-0.097018592350058,0.12007865253720987
2.2477867600984087,3.935188312095623,26.74957264079603,-0.09022767379487087,0.12007865253720987
1.9912073174429632,1.8456766505722886,26.74957264079603,-0.09022767379487087,0.12007865253720987
1.997153785982682,1.8456766505722886,26.777151884731207,-0.1063418543456303,0.11274826967883368
2.182771713816923,2.5400574626526007,26.777151884731207,-0.1063418543456303,0.11362093430483085
2.1868947636885796,2.5428013519547936,26.796675682311808,-0.10414604891768592,0.11362093430483085
2.21164597637836,3.0184844186190345,26.796675682311808,-0.10414604891768592,0.11728612573401895
2.216727872688565,3.021021392419998,26.816216569987176,-0.10667190211548595,0.11728612573401895
2.0309569322312084,3.6969320562692,26.816216569987176,-0.10667190211548595,0.12426744274199626
2.0356361913479937,3.6992672352758773,26.84501348531845,-0.10531106308105205,0.12426744274199626
1.9780005102645413,2.283534561746245,26.84501348531845,-0.10531106308105205,0.12426744274199626
1.9836870433826423,2.285429263899597,26.85566439764855,-0.11186743605945756,0.11920598791121272
2.2070428203912353,3.3004287597002193,26.85566439764855,-0.11186743605945756,0.12217304763960307
2.2100755495911293,3.3034547012006077,26.88455581531482,-0.11062515880264105,0.12217304763960307
2.4460192821812443,3.7571301344984627,26.88455581531482,-0.11062515880264105,0.12217304763960307
2.4486847540983527,3.7571301344984627,26.90423238941557,-0.11335443082546187,0.12897983172238095
2.0494227510746628,3.4083449562091954,26.90423238941557,-0.11335443082546187,0.12897983172238095
2.051379953619472,3.410299018321802,26.92936872362683,-0.10302980209952992,0.13142329267517303
2.0061689999151726,2.387006135463021,26.92936872362683,-0.10302980209952992,0.12514010736799341
2.0076321301305184,2.38846713882611,26.94376606871755,-0.12366067447613248,0.12514010736799341
2.0401700326223,3.2057053100715724,26.94376606871755,-0.12366067447613248,0.12740903539558607
2.041546203727781,3.2070787139742634,26.972716577124743,-0.12267294532312636,0.12740903539558607
2.1510729419980823,4.643671569751696,26.972716577124743,-0.12267294532312636,0.12740903539558607
2.152820324028192,4.643671569751696,26.984855346345153,-0.1118657016495287,0.1377064779823526
1.9555113201591552,3.1482107903200682,26.984855346345153,-0.1118657016495287,0.1350884841043611
1.9555139101267494,3.149858477092594,27.00471395050692,-0.11484594928828325,0.1350884841043611
1.9582987941801802,1.9898023194180345,27.00471395050692,-0.11484594928828325,0.1350884841043611
1.958297158426889,1.9878874228112093,27.028460066142507,-0.1318299833651729,0.12636183784438945
2.2485826433612646,2.0607771277468685,27.028460066142507,-0.1318299833651729,0.11833332328521555
2.2485826433612646,2.0607771277468685,27.052142681347465,-0.1441587335561567,0.11833332328521555
2.0926975048552365,4.794405476947266,27.052142681347465,-0.1441587335561567,0.13142329267517303
2.0909455740102287,4.794405476947266,27.07364967368717,-0.12499746935334773,0.13142329267517303
1.8207914321549945,3.42119506394839,27.07364967368717,-0.12499746935334773,0.13142329267517303
1.8207943507762618,3.422595323160035,27.09357202917807,-0.13291694334796977,0.13194689145077132
1.7777947265286185,1.7681955556568736,27.09357202917807,-0.13291694334796977,0.13194689145077132
1.7793049576215465,1.7712101217883616,27.10809272817821,-0.14919904133035242,0.1213003830136059
1.928846928259079,4.1246443620949,27.10809272817821,-0.14919904133035242,0.12810716709638378
1.930380911294311,4.129216376198637,27.12438694963147,-0.14322259054557168,0.12810716709638378
1.9571743687441685,3.528230573259285,27.12438694963147,-0.14322259054557168,0.12810716709638378
1.9604737896905828,3.531524648391211,27.140849916904237,-0.13728618203817206,0.12880529879718153
1.872390380509955,2.3484588550883485,27.140849916904237,-0.13728618203817206,0.12164944886400476
1.8739640298668785,2.354726569668809,27.164754021683148,-0.14993231053837613,0.12164944886400476
2.209937106301728,3.323047852910969,27.164754021683148,-0.14993231053837613,0.1207767842380076
2.2138623874258974,3.325661821618483,27.18129884507885,-0.14408550657968436,0.1207767842380076
2.2808836348934314,3.5701844674602734,27.18129884507885,-0.14408550657968436,0.12095131716320703
2.2852566260990175,3.5745514408598535,27.210946977289794,-0.14383438853301134,0.12095131716320703
2.161002657652453,4.49672625912925,27.210946977289794,-0.14383438853301134,0.12775810124598494
2.1661236617035304,4.500137441804593,27.227665292227535,-0.1380843763281306,0.12775810124598494
2.3740558633524365,1.9532904017648156,27.227665292227535,-0.1380843763281306,0.11815879036001611
2.3786125165646435,1.9555680184801547,27.251854417245674,-0.1461973163129783,0.11815879036001611
2.4474262293686024,3.3164565762849083,27.251854417245674,-0.1461973163129783,0.11903145498601328
2.4537136177966774,3.317713903353374,27.278069800133885,-0.13684222717412678,0.11903145498601328
2.4632572594466273,3.893669775274445,27.278069800133885,-0.13684222717412678,0.11903145498601328
2.47,3.895018264188155,27.308044098738314,-0.13684846131265976,0.1239183768915974
2.3000000000000003,3.0180049572081704,27.308044098738314,-0.13684846131265976,0.12339477811599911
2.306397024924849,3.0180049572081704,27.32869611878037,-0.14059725953134508,0.12339477811599911
2.7345786136839503,1.8088194566808413,27.32869611878037,-0.14059725953134508,0.11501719770642631
2.740301876819272,1.8088194566808413,27.353161145753138,-0.1489289216735777,0.11501719770642631
2.6920526658449053,4.323614681509825,27.353161145753138,-0.1489289216735777,0.11501719770642631
2.697409397795806,4.323614681509825,27.37956355678531,-0.13981946297974218,0.12374384396639797
2.3501251647420793,3.4493513104335336,27.37956355678531,-0.13981946297974218,0.1265363707695889
2.3563175063556057,3.4493513104335336,27.409651215578357,-0.14008905766766563,0.1265363707695889
2.099112444918875,2.695696720937851,27.409651215578357,-0.14008905766766563,0.12409290981679684
2.1047337266998287,2.695696720937851,27.430639390670873,-0.14405771802687098,0.12409290981679684
2.3929947500336026,3.010792322368406,27.430639390670873,-0.14405771802687098,0.12374384396639797
2.398993756345279,3.010792322368406,27.451499309403083,-0.14807675844339088,0.12374384396639797
2.5313346971557027,3.4865831421255806,27.451499309403083,-0.14807675844339088,0.12374384396639797
2.5376970111887043,3.4849932872289062,27.481718920548513,-0.1485430365118551,0.12636183784438945
2.0947861511280252,3.0080919050483583,27.481718920548513,-0.1485430365118551,0.12479104151759457
2.099270762685934,3.005105964223663,27.50258172083872,-0.15267448245598692,0.12479104151759457
2.3649679882626278,4.243488354673658,27.50258172083872,-0.15267448245598692,0.1329940890019679
2.369065238439897,4.2407627478006225,27.5163558142199,-0.14298445420221842,0.1329940890019679
2.337203152471073,2.7180799690663573,27.5163558142199,-0.14298445420221842,0.1329940890019679
2.3419796885482187,2.713312634815321,27.550222366701146,-0.15298678645268646,0.1296779634231787
2.319030833664796,2.5230616247520095,27.550222366701146,-0.15298678645268646,0.1254891732183923
2.3225802599742345,2.517751172784562,27.57099841390665,-0.15728104898914852,0.1254891732183923
2.0549726442250624,2.858324410333998,27.57099841390665,-0.15728104898914852,0.1254891732183923
2.0576616710507087,2.8556426202014302,27.592019754842003,-0.16162621169558422,0.12339477811599911
2.31594330186616,3.033728531341377,27.592019754842003,-0.16162621169558422,0.12095131716320703
2.3177175178833584,3.0301960659371425,27.61286295273376,-0.1660223556971105,0.12095131716320703
2.300898238386013,3.971974471724832,27.61286295273376,-0.1660223556971105,0.12531464029319286
2.300898238386013,3.971974471724832,27.63007525817954,-0.1611101953381637,0.12531464029319286
2.2783797711845226,2.8666067889799827,27.63007525817954,-0.1611101953381637,0.12531464029319286
2.2799377532092344,2.8650526438918615,27.660429856479475,-0.1620940026474934,0.12199851471440364
2.5172125440883586,2.385365716445239,27.660429856479475,-0.1620940026474934,0.1153662635568252
2.5172158128387943,2.383872052163558,27.684893994931514,-0.17601868043677205,0.1153662635568252
2.527208978096259,3.3135184008036793,27.684893994931514,-0.17601868043677205,0.11519173063162576
2.525275479654588,3.3115803526211134,27.7056902001167,-0.17579607447847512,0.11519173063162576
2.301475753234104,3.3025231669040958,27.7056902001167,-0.17579607447847512,0.11519173063162576
2.3014801788333314,3.3013532011687663,27.73623259079093,-0.17697859544846267,0.11414453308042916
2.0969900429292676,2.1602156742657836,27.73623259079093,-0.17697859544846267,0.10314895879286488
2.0969900429292676,2.1602156742657836,27.74785526090007,-0.18032541067794236,0.10314895879286488
2.338072574950423,3.6145294137403874,27.74785526090007,-0.18032541067794236,0.1059414855960558
2.336298232398578,3.6145294137403874,27.77819909487215,-0.17678100043113276,0.1059414855960558
2.4150377924343176,2.4938010062774794,27.77819909487215,-0.17678100043113276,0.1059414855960558
2.416553610796829,2.492288446834326,27.79940690296588,-0.17674858734122537,0.10053096491487337
2.313416822429714,1.615838630000747,27.79940690296588,-0.17674858734122537,0.08621926504851989
2.313416822429714,1.615838630000747,27.82397070491544,-0.18129533657034558,0.08621926504851989
2.4254223707666465,3.1385856626309137,27.82397070491544,-0.18129533657034558,0.08621926504851989
2.4269092121037894,3.1385856626309137,27.845293781250398,-0.17163315002622714,0.08569566627292158
2.622358434179219,1.5065291544115547,27.845293781250398,-0.17163315002622714,0.07487462491055674
2.6239663646661264,1.5065291544115547,27.8734678044501,-0.18565382090276156,0.07487462491055674
2.2980854244764974,4.4047467338175075,27.8734678044501,-0.18565382090276156,0.07487462491055674
2.3006172583274,4.403483926073293,27.901056284094878,-0.16324340728692935,0.0853466004225227
2.0376342642164986,1.3662967061300322,27.901056284094878,-0.16324340728692935,0.07260569688296412
2.0392536433837556,1.3646792854681922,27.916367268133026,-0.17136641516083165,0.07260569688296412
2.240159672822054,2.6170928303055416,27.916367268133026,-0.17136641516083165,0.07260569688296412
2.2444509003081543,2.6185246384424294,27.93803927030013,-0.16183529583660058,0.07190756518216639
2.3654494808619204,1.1109127797906806,27.93803927030013,-0.16183529583660058,0.06126105674500097
2.3698003413136624,1.112363734889659,27.96647885300798,-0.16626435205012519,0.06126105674500097
2.3637043430928157,3.1139364309885065,27.96647885300798,-0.16626435205012519,0.06440264939859076
2.368264377877909,3.1154583046550064,27.988109485066758,-0.15679388966499674,0.06440264939859076
2.47529304933508,0.45351029563432455,27.988109485066758,-0.15679388966499674,0.06440264939859076
2.479794128148722,0.45576179216937013,28.00758531090244,-0.15978355756729132,0.05061454830783556
2.5175461568061754,3.536406665270536,28.00758531090244,-0.15978355756729132,0.05969026041820607
2.52254180613888,3.5376573809777794,28.038870920895675,-0.1469810852385266,0.05969026041820607
2.2950255830201223,0.9401608886781919,28.038870920895675,-0.1469810852385266,0.05009094953223726
2.301386443238159,0.9433434964866351,28.058060483080073,-0.15000774737861927,0.05009094953223726
2.194123825162418,2.1773237956963065,28.058060483080073,-0.15000774737861927,0.04974188368183839
2.200068523668212,2.1788112834265085,28.079889003069518,-0.1357452902660152,0.04974188368183839
2.529714519491524,2.5865855383022414,28.079889003069518,-0.1357452902660152,0.052708943410228755
2.5364328814409176,2.5906277789657177,28.114869863069437,-0.12755128670910848,0.052708943410228755
2.521047519695254,1.2002163003016233,28.114869863069437,-0.12755128670910848,0.046949356878647465
2.527170009329975,1.203280820148454,28.130700240748762,-0.12612191665685452,0.046949356878647465
2.4160009167099727,1.9212546481058506,28.130700240748762,-0.12612191665685452,0.0471238898038469
2.422057497901465,1.9258087964730235,28.155978233992283,-0.11643675385324193,0.0471238898038469
2.6587063254653422,0.7509082787002548,28.155978233992283,-0.11643675385324193,0.04084070449666731
2.6632379113044373,0.7543119759051741,28.18829851969935,-0.12560776188682943,0.04084070449666731
2.7105709259450084,0.7456646994261721,28.18829851969935,-0.12560776188682943,0.03490658503988659
2.7163054640558593,0.7485344674500608,28.217123419518195,-0.1253802522280308,0.03490658503988659
2.3415382808230936,2.0822533986387555,28.217123419518195,-0.1253802522280308,0.03735004599267865
2.346630031522171,2.0873705304869663,28.242614696319695,-0.1157507127960066,0.03735004599267865
2.3326038551740833,1.0812002590873842,28.242614696319695,-0.1157507127960066,0.03385938748868999
2.3375206281365513,1.086127748386459,28.258457924577836,-0.10948649059709972,0.03385938748868999
2.4264358495875413,1.2089841023327847,28.258457924577836,-0.10948649059709972,0.030543261909900768
2.430730686979067,1.2132911039044048,28.287077984552695,-0.10931250817083879,0.030543261909900768
2.5463933151380127,0.622858005467944,28.287077984552695,-0.10931250817083879,0.030543261909900768
2.5508550010543316,0.6273265539298302,28.315910878788074,-0.10421840777483465,0.024609142453120045
2.307630995098833,1.2565466798290335,28.315910878788074,-0.10421840777483465,0.02356194490192345
2.3109116239533876,1.2598362630181943,28.334879407735205,-0.10247553251951105,0.02356194490192345
2.452631413835608,-0.2121949283025137,28.334879407735205,-0.10247553251951105,0.013264502315156905
2.4555886943598564,-0.210716365682915,28.366804272956674,-0.1068253526109848,0.013264502315156905
2.477748657002905,1.189324717458385,28.366804272956674,-0.1068253526109848,0.013962634015954637
2.4808938776351668,1.1914274359143033,28.386658187773737,-0.10014592508847253,0.013962634015954637
2.2335109402641176,0.6451103728249983,28.386658187773737,-0.10014592508847253,0.01117010721276371
2.236697383391228,0.6483020445546293,28.41526282484577,-0.09508365384110988,0.01117010721276371
2.1920328483608142,-0.5735909330879665,28.41526282484577,-0.09508365384110988,0.00017453292519943296
2.196958146787878,-0.5719495028042015,28.43766480902217,-0.09783393156735572,0.00017453292519943296
2.4210449238201717,0.3790370203374935,28.43766480902217,-0.09783393156735572,-0.0027925268031909274
2.4242271145972634,0.3806291732270059,28.460203068011804,-0.10058420929360333,-0.0027925268031909274
2.3302501136410276,0.04202232456259281,28.460203068011804,-0.10058420929360333,-0.00767944870877505
2.332055004205163,0.04382779033579919,28.47913760780946,-0.08894016556611735,-0.00767944870877505
2.3772741789907488,0.38487848340461206,28.47913760780946,-0.08894016556611735,-0.00767944870877505
2.37966703392615,0.38607592183051376,28.51155418141461,-0.08337342895962288,-0.009075712110370514
2.6149246069137377,-0.9849331210405109,28.51155418141461,-0.08337342895962288,-0.019896753472735357
2.619125940185129,-0.9835335967589771,28.5375356666638,-0.09056332296546904,-0.019896753472735357
2.565918249577303,1.4965849646548433,28.5375356666638,-0.09056332296546904,-0.013264502315156905
2.5693316411520457,1.497725024447432,28.563598726255158,-0.06612740543299671,-0.013264502315156905
2.162939487390686,-0.9875374513571717,28.563598726255158,-0.06612740543299671,-0.020071286397934793
2.1658885984517657,-0.9860644862834345,28.58010451710935,-0.07664586627402473,-0.020071286397934793
2.2470821748501164,-1.6645395790481885,28.58010451710935,-0.07664586627402473,-0.030019663134302467
2.250639814757438,-1.6663222877667099,28.605816972463362,-0.07882124364894862,-0.030019663134302467
2.4373096220611195,-0.3288589002651232,28.605816972463362,-0.07882124364894862,-0.031415926535897934
2.439937300967129,-0.3275453677054842,28.628656777753502,-0.07155761860857975,-0.031415926535897934
2.335525871669542,-1.061446975520059,28.628656777753502,-0.07155761860857975,-0.03874630939427412
2.3404679406732853,-1.059800626901169,28.65444885726066,-0.07369847859384687,-0.03874630939427412
2.4672953605604615,-0.238205162139695,28.65444885726066,-0.07369847859384687,-0.03874630939427412
2.470399972824307,-0.23665289288095187,28.677055781143263,-0.06640267391432532,-0.03961897402027128
2.5322137714626956,-1.571364835596877,28.677055781143263,-0.06640267391432532,-0.04799655442984406
2.535374041399769,-1.571364835596877,28.70445578939663,-0.06350280320650477,-0.04799655442984406
2.221617606189886,-0.8324229868775462,28.70445578939663,-0.06350280320650477,-0.051487212933832724
2.2250674070853185,-0.8306993780895247,28.7302041718878,-0.06057614571417031,-0.051487212933832724
2.1002652969030846,-1.2086672451207376,28.7302041718878,-0.06057614571417031,-0.053232542185827056
2.104734662046502,-1.2071787808771022,28.746892746181445,-0.05598343397888486,-0.053232542185827056
2.2021949831342655,-1.310675122236049,28.746892746181445,-0.05598343397888486,-0.0582939970166106
2.2051372652465218,-1.310675122236049,28.772912711368477,-0.05300364416929703,-0.0582939970166106
2.3561984286499653,-1.3826343506725949,28.772912711368477,-0.05300364416929703,-0.0635299847725936
2.361065152201778,-1.3826343506725949,28.799648910561572,-0.0449746062242845,-0.0635299847725936
2.3399306328235085,-1.1690104395576464,28.799648910561572,-0.0449746062242845,-0.06702064327658225
2.344525488148905,-1.1659535416349383,28.825775549328092,-0.03690981266722142,-0.06702064327658225
2.2958260239760304,-2.0205793654126922,28.825775549328092,-0.03690981266722142,-0.07312929565856241
2.3014701451748327,-2.0205793654126922,28.842868998361457,-0.03220976876849715,-0.07312929565856241
2.423846589608558,-1.5924378080425463,28.842868998361457,-0.03220976876849715,-0.0757472895365539
2.4277654109033597,-1.5911336614234155,28.87300533131475,-0.02844688180142681,-0.0757472895365539
2.4450070612781203,-1.1066305314921954,28.87300533131475,-0.02844688180142681,-0.0747000919853573
2.448694472995901,-1.105402751881538,28.899464437763346,-0.020274481366271392,-0.0747000919853573
2.2447465684292562,-2.038613279645771,28.899464437763346,-0.020274481366271392,-0.0757472895365539
2.2497978867235973,-2.038613279645771,28.916933358580742,-0.010446001762433014,-0.0757472895365539
2.3071829833771815,-2.528388995160512,28.916933358580742,-0.010446001762433014,-0.08325220532012953
2.313810180664893,-2.525087376651377,28.946320560604036,-0.006550226599789706,-0.08325220532012953
2.5147843383441106,-2.100841230371538,28.946320560604036,-0.006550226599789706,-0.08831366015091309
2.519088611284989,-2.0994095935530104,28.966878728004335,-0.006043566167847374,-0.08831366015091309
2.519088611284989,-2.0994095935530104,28.966878728004335,-0.006043566167847374,-0.08831366015091309
2.167309577899977,-1.6416324123308705,28.996531159742403,-0.0020544342246308013,-0.0895353906273091
2.6609951472998885,-1.9684833294337278,28.996531159742403,-0.0020544342246308013,-0.09005898940290741
2.6647114631622446,-1.9666297444019523,29.02234339362555,0.011369243547113961,-0.09005898940290741
2.6496735037277057,-3.433726153191732,29.02234339362555,0.011369243547113961,-0.09005898940290741
2.6528928787387263,-3.433726153191732,29.046762296231535,0.007676133383243113,-0.09948376736367678
2.4108333292543147,-1.6734073210341522,29.046762296231535,0.007676133383243113,-0.09948376736367678
2.413929243630651,-1.6703290558543125,29.07639218486425,0.016884066174916296,-0.09791297103688189
2.193776915386842,-2.0532341956096327,29.07639218486425,0.016884066174916296,-0.09791297103688189
2.1956524484968796,-2.049528910811777,29.09277712530937,0.0269680045079517,-0.09791297103688189
2.38527042316418,-2.632982015523871,29.09277712530937,0.0269680045079517,-0.09791297103688189
2.3853165667640717,-2.6277420684295225,29.11606523636672,0.023415934265741054,-0.09791297103688189
2.3376042503338232,-2.0734583357037213,29.11606523636672,0.023415934265741054,-0.0973893722612836
2.337640586294209,-2.0691196678470902,29.145586759927824,0.03278255184455967,-0.0973893722612836
2.3146154044504095,-2.5952794868512177,29.145586759927824,0.03278255184455967,-0.10018189906447451
2.312658183634837,-2.5892683856286585,29.165015481393468,0.03869686577854297,-0.10018189906447451
2.5336760175110786,-2.3943967429427673,29.165015481393468,0.03869686577854297,-0.09878563566287905
2.5321667072159055,-2.391320881986475,29.1851369906387,0.0395645327493699,-0.09878563566287905
2.280055520396568,-1.935497175080497,29.1851369906387,0.0395645327493699,-0.0947713783832921
2.27835239804116,-1.930284546634589,29.214288271638623,0.049090189615336594,-0.0947713783832921
2.1076056162118033,-2.480538754902048,29.214288271638623,0.049090189615336594,-0.09512044423369097
2.1036394513211536,-2.4765420494479353,29.23337789715335,0.05003902220178377,-0.09512044423369097
2.189585733957422,-1.6131719730510408,29.23337789715335,0.05003902220178377,-0.08813912722571364
2.1862051825124182,-1.6063343017169665,29.25894323689413,0.06391997556762741,-0.08813912722571364
2.321410788131689,-2.6005166198755636,29.25894323689413,0.06391997556762741,-0.08761552845011535
2.317966237256459,-2.5970411430213898,29.27871610646332,0.06494354030704852,-0.08761552845011535
2.0513746586690975,-3.6465617898410336,29.27871610646332,0.06494354030704852,-0.09529497715889039
2.0497141408439092,-3.643157984404887,29.292814219710998,0.053094578894902905,-0.09529497715889039
2.3297881167408723,-1.9247801665780435,29.292814219710998,0.053094578894902905,-0.08988445647770797
2.3281520865976173,-1.9231326710625956,29.322044541219253,0.06286761792598321,-0.08988445647770797
2.5426200348786527,-2.490929254060219,29.322044541219253,0.06286761792598321,-0.08744099552491591
2.5426200348786527,-2.490929254060219,29.34205111796062,0.06400255272204149,-0.08744099552491591
2.294536043266932,-3.689436792194025,29.34205111796062,0.06400255272204149,-0.09354964790689607
2.29274361965617,-3.689436792194025,29.365581702786923,0.055839189376882,-0.09354964790689607
2.0415408258461056,-1.59918953424744,29.365581702786923,0.055839189376882,-0.08464846872172499
2.039755072185655,-1.59918953424744,29.394564850201185,0.06064564071668765,-0.08464846872172499
2.212428354538272,-2.6941410115686715,29.394564850201185,0.06064564071668765,-0.0841248699461267
2.21394979969075,-2.6941410115686715,29.415035091993897,0.061896974695234,-0.0841248699461267
2.5805270512223446,-2.4478664421464793,29.415035091993897,0.061896974695234,-0.08150687606813518
2.58051362646623,-2.449702970216716,29.435138267072443,0.05805122135083183,-0.08150687606813518
2.2129443484964826,-3.4644436634905795,29.435138267072443,0.05805122135083183,-0.08150687606813518
2.215734690133791,-3.465849089914985,29.459673210628914,0.050047966238192784,-0.08604473212332044
2.4702418180323127,-2.1264352116423213,29.459673210628914,0.050047966238192784,-0.08028514559173917
2.4720201154258774,-2.131879387323698,29.488893976686423,0.0550336616158478,-0.08028514559173917
2.4767481252386085,-3.5658314864215037,29.488893976686423,0.0550336616158478,-0.0853466004225227
2.4784037803337493,-3.5675079382370427,29.512770101352892,0.04711844526962674,-0.0853466004225227
2.416077608976834,-2.5668177603198474,29.512770101352892,0.04711844526962674,-0.0853466004225227
2.4177803574394887,-2.5685358314041826,29.536681271781674,0.039244844566676464,-0.0841248699461267
2.22528064839593,-1.4742973066721374,29.536681271781674,0.039244844566676464,-0.07417649320975901
2.226714093749525,-1.4742973066721374,29.553981422420318,0.0448775099427739,-0.07417649320975901
2.3930713367294794,-3.854037410120299,29.553981422420318,0.0448775099427739,-0.08395033702092726
2.3930713367294794,-3.854037410120299,29.576891358650172,0.03707675733610719,-0.08395033702092726
2.3392411053513755,-1.8882876413497474,29.576891358650172,0.03707675733610719,-0.079412480965742
2.3409568457858843,-1.8882876413497474,29.606847028498358,0.04228892688027541,-0.079412480965742
2.245549229321387,-1.6245986624209283,29.606847028498358,0.04228892688027541,-0.07295476273336297
2.245549229321387,-1.6245986624209283,29.623124971299667,0.04801112864785904,-0.07295476273336297
2.485151854322674,-3.499502496621409,29.623124971299667,0.04801112864785904,-0.08063421144213803
2.4835404225949738,-3.4978703235951123,29.647016482671372,0.035161024857584294,-0.08063421144213803
2.309779741991414,-2.872110707335805,29.647016482671372,0.035161024857584294,-0.08429940287132612
2.3097960076134596,-2.870498659700399,29.671338426078314,0.027517753467523807,-0.08429940287132612
2.1352733537143833,-1.9017294439732242,29.671338426078314,0.027517753467523807,-0.07976154681614087
2.135284121541511,-1.8998727790328211,29.696942469761925,0.042196558744982564,-0.07976154681614087
2.12166922447655,-3.1571995701740923,29.696942469761925,0.042196558744982564,-0.08552113334772216
2.119689484116551,-3.1552009479343086,29.71098493225594,0.03093333151627542,-0.08552113334772216
2.3103983340384007,-0.8280957941954862,29.71098493225594,0.03093333151627542,-0.07347836150896127
2.3085095789344487,-0.8262014057138908,29.736541070067933,0.04050807900600854,-0.07347836150896127
1.861160929080425,-3.3018733130785805,29.736541070067933,0.04050807900600854,-0.08080874436733745
1.8572548942282296,-3.2999100929583642,29.756458952466335,0.042306156698420604,-0.08080874436733745
2.31734323488932,-1.3348148426980544,29.756458952466335,0.042306156698420604,-0.0747000919853573
2.315332893234575,-1.332796111841197,29.776165201755084,0.038947812462089074,-0.0747000919853573
2.5620063506340145,-3.06563060700579,29.776165201755084,0.038947812462089074,-0.08203047484373349
2.5585933057675763,-3.0621822590521677,29.805724895888368,0.039351132562129285,-0.08203047484373349
2.162529143295193,-2.0295111474947283,29.805724895888368,0.039351132562129285,-0.0778416846389471
2.160861570106194,-2.026130257012371,29.826093163678717,0.04125721179838987,-0.0778416846389471
2.0863041636671777,-2.4151498968042238,29.826093163678717,0.04125721179838987,-0.07731808586334879
2.0827513114412763,-2.4151498968042238,29.846411941357253,0.03799463477200303,-0.07731808586334879
2.1069520622508215,-2.419158836234124,29.846411941357253,0.03799463477200303,-0.0788888821901437
2.1069520622508215,-2.419158836234124,29.86720012417118,0.03996865960062808,-0.0788888821901437
2.2853538768711408,-1.0162483656435204,29.86720012417118,0.03996865960062808,-0.07120943348136864
2.2835112650688494,-1.014399456250552,29.89282473060791,0.04979446687317872,-0.07120943348136864
2.010254011400155,-2.4526687633134707,29.89282473060791,0.04979446687317872,-0.07120943348136864
2.010254011400155,-2.4526687633134707,29.913647288559194,0.04662526198297313,-0.07173303225696695
2.262819199021788,-3.2397799789803483,29.913647288559194,0.04662526198297313,-0.0778416846389471
2.2644745540790696,-3.2414534439814187,29.93802778924369,0.03944507429755332,-0.0778416846389471
2.529936066712427,-1.816607038197438,29.93802778924369,0.03944507429755332,-0.07452555906015788
2.529936066712427,-1.816607038197438,29.954501149369214,0.045596242202956945,-0.07452555906015788
1.9277475189275906,-2.9944781023607896,29.954501149369214,0.045596242202956945,-0.07801621756414652
1.9303671821196706,-2.991889470164875,29.97963279682544,0.033262712066328914,-0.07801621756414652
1.888269175119882,-2.087895882234918,29.97963279682544,0.033262712066328914,-0.07609635538695278
1.8907093829263313,-2.089122280400208,30.001320075407573,0.035445812203669054,-0.07609635538695278
2.3346664874661456,-1.4470548328640473,30.001320075407573,0.035445812203669054,-0.07225663103256524
2.3395597852611587,-1.450329358754048,30.01869102389122,0.041678310441894115,-0.07225663103256524
2.2246817846139466,-2.2244976825814455,30.01869102389122,0.041678310441894115,-0.07260569688296412
2.2300281346462314,-2.2244976825814455,30.04951446926726,0.04773884433415454,-0.07260569688296412
2.109563447795257,-3.3499353295317227,30.04951446926726,0.04773884433415454,-0.07260569688296412
2.1153078994987857,-3.351377051815162,30.065380344422554,0.03172740786673596,-0.07766715171374766
2.341371783796483,-2.923243211459609,30.065380344422554,0.03172740786673596,-0.08377580409572781
2.347227388007261,-2.9261898841207885,30.087027668081074,0.03404751319773297,-0.08377580409572781
2.172418385477721,-1.7338671433967214,30.087027668081074,0.03404751319773297,-0.08098327729253689
2.1788244096559852,-1.7338671433967214,30.117588681722214,0.040238649828218384,-0.08098327729253689
2.2657816516128357,-2.298869056119371,30.117588681722214,0.040238649828218384,-0.08185594191853406
2.2711501839924173,-2.29619720292497,30.139287490741268,0.04263911985647412,-0.08185594191853406
2.2654435430316036,-2.6954363315295136,30.139287490741268,0.04263911985647412,-0.08447393579652555
2.270491725277851,-2.694177682707698,30.161017186625294,0.04507579212259598,-0.08447393579652555
2.4333937688296965,-2.3122287358930973,30.161017186625294,0.04507579212259598,-0.08639379797371932
2.438302919900952,-2.3110043077611437,30.183145870332492,0.04754870108789103,-0.08639379797371932
1.799410268290764,-1.877656356020866,30.183145870332492,0.04754870108789103,-0.08639379797371932
1.8058037478782694,-1.8763792113666342,30.205395067057392,0.05005788115843055,-0.08691739674931762
2.1151422117887235,-3.332751241538814,30.205395067057392,0.05005788115843055,-0.096342174710087
2.1209976533833625,-3.3312918516105583,30.226837050896155,0.057872243531934396,-0.096342174710087
2.5168491562036004,-2.027114568877005,30.226837050896155,0.057872243531934396,-0.096342174710087
2.5219854240614388,-2.027114568877005,30.257039945958272,0.06961662255740785,-0.09494591130849153
1.9969568858458604,-2.347488345085309,30.257039945958272,0.06961662255740785,-0.0947713783832921
2.003014036698564,-2.345976908638441,30.27891133492329,0.07225013043728155,-0.0947713783832921
1.9745428852586842,-3.0301030397185995,30.27891133492329,0.07225013043728155,-0.09948376736367678
1.979775538273175,-3.0283644627456283,30.294628796720346,0.06709092405018831,-0.09948376736367678
2.028797501479255,-3.3653908446584073,30.294628796720346,0.06709092405018831,-0.10629055144645466
2.0316736890251437,-3.364439242450826,30.321190173453843,0.07116286710261664,-0.10629055144645466
2.217193423366304,-2.5869386244100423,30.321190173453843,0.07116286710261664,-0.10995574287564276
2.2234935996886684,-2.5869386244100423,30.34274436282117,0.07920387895607886,-0.10995574287564276
2.056899616033113,-1.206730176904943,30.34274436282117,0.07920387895607886,-0.10995574287564276
2.0618987801958153,-1.2079832587632315,30.36122271007771,0.09648214336889777,-0.09965830028887622
2.0379837775939404,-4.93335085312521,30.36122271007771,0.09648214336889777,-0.09965830028887622
2.042437323837329,-4.93335085312521,30.381426552317382,0.08757874201236973,-0.11414453308042916
2.2029643301249013,-2.0683638054015296,30.381426552317382,0.08757874201236973,-0.10978120995044333
2.208284377902928,-2.0683638054015296,30.402553243280977,0.0957495659483808,-0.10978120995044333
2.0791853834885003,-2.0888065154934625,30.402553243280977,0.0957495659483808,-0.10681415022205297
2.083165150813855,-2.090139632915291,30.424559158670355,0.10396437362812533,-0.10681415022205297
2.0251592397817735,-3.809817196472185,30.424559158670355,0.10396437362812533,-0.11501719770642631
2.0278894947083197,-3.8111982155336936,30.45047725390712,0.10835351675721167,-0.11501719770642631
2.4654539226023244,-0.9919062370209885,30.45047725390712,0.10835351675721167,-0.10088003076527226
2.470269870508086,-0.993515687303883,30.477281302365327,0.12982143902872018,-0.10088003076527226
1.8648951182506683,-4.117862487281659,30.477281302365327,0.12982143902872018,-0.10821041362364843
1.8681798460392705,-4.120097449451884,30.49861289740814,0.12116649008441788,-0.10821041362364843
2.2659419160154153,-2.946185138936718,30.49861289740814,0.12116649008441788,-0.10890854532444617
2.270379664231281,-2.949177772979991,30.520289125936607,0.1295733782537351,-0.10890854532444617
2.3630192471502336,-2.2450468929418514,30.520289125936607,0.1295733782537351,-0.10541788682045751
2.3649679495806373,-2.2510603867315915,30.540932182412647,0.1380244884180763,-0.10541788682045751
2.22552362903701,-2.1662108263059046,30.540932182412647,0.1380244884180763,-0.096342174710087
2.2268449173251676,-2.168925565697177,30.56296274211465,0.14651986278280654,-0.096342174710087
2.343316263408415,-5.422525545140478,30.56296274211465,0.14651986278280654,-0.1117010721276371
2.3448318519348104,-5.42746931583624,30.58704702913781,0.12357530045703241,-0.1117010721276371
1.9361318931936737,-1.5752680544021986,30.58704702913781,0.12357530045703241,-0.09826203688728075
1.9378202362827832,-1.5804529951772102,30.604184160314723,0.14130780877232518,-0.09826203688728075
2.105326840399811,-2.253231030784806,30.604184160314723,0.14130780877232518,-0.09128071987930345
2.1052722417186662,-2.257481226469903,30.626252138580604,0.14459874703612496,-0.09128071987930345
2.2967919333759244,-2.343024692860092,30.626252138580604,0.14459874703612496,-0.09128071987930345
2.298344317975523,-2.347857708194751,30.64794520492928,0.14792675220280388,-0.08464846872172499
2.513290862790627,-2.7565160904867883,30.64794520492928,0.14792675220280388,-0.08133234314293576
2.511032798521055,-2.763096551600137,30.68085601638069,0.14622607358057974,-0.08133234314293576
2.281564471422245,-3.45683841479668,30.68085601638069,0.14622607358057974,-0.0804596785169386
2.2773969513748513,-3.462971052022923,30.695981360565693,0.13108279867650316,-0.0804596785169386
1.8812233425649942,-3.0618900739603796,30.695981360565693,0.13108279867650316,-0.07696902001294993
1.8799674846884755,-3.065440982960794,30.718519065881292,0.13452561600812069,-0.07696902001294993
2.475191602858225,-0.89217142479036,30.718519065881292,0.13452561600812069,-0.06073745796940267
2.4732362437808315,-0.8998867538315527,30.744320663702073,0.14050724151741495,-0.06073745796940267
2.1010268054279124,-1.6419833569065347,30.744320663702073,0.14050724151741495,-0.05235987755982989
2.099490597190401,-1.6464792536263066,30.766008605273363,0.13329958215911297,-0.05235987755982989
1.8596530134515292,-2.916422174421331,30.766008605273363,0.13329958215911297,-0.05009094953223726
1.8558202060924662,-2.922073561313542,30.778071959743404,0.12201666072669573,-0.05009094953223726
2.43535153820174,-2.7461651604011466,30.778071959743404,0.12201666072669573,-0.05009094953223726
2.433092793052213,-2.7569303893478714,30.8020895840828,0.10572922323631678,-0.047647488579445195
2.2202435177768827,-1.6392240204840105,30.8020895840828,0.10572922323631678,-0.04084070449666731
2.216613207983625,-1.6463893546903285,30.828334778804034,0.10643878746111743,-0.04084070449666731
2.381244087786382,-1.7628626443554782,30.828334778804034,0.10643878746111743,-0.0328121899374934
2.377574414323365,-1.7700998137376645,30.849135616156687,0.09394111956594248,-0.0328121899374934
2.167868017985042,-2.3678863412537052,30.849135616156687,0.09394111956594248,-0.030368728984701335
2.164257333954943,-2.374968990613587,30.87039072719807,0.08145841043160074,-0.030368728984701335
2.156482075053454,-1.4606357745607559,30.87039072719807,0.08145841043160074,-0.023736477827122883
2.154847722218296,-1.4685358037275933,30.897171914768407,0.0768356214539671,-0.023736477827122883
2.0069671834445195,-1.6000304469905158,30.897171914768407,0.0768356214539671,-0.023736477827122883
2.0051074061769527,-1.6107601955831996,30.91397729791674,0.06810692164783438,-0.020245819323134222
2.300516480082212,-1.7428847994693712,30.91397729791674,0.06810692164783438,-0.0164060949687467
2.298843024469709,-1.750929177532501,30.935767763363085,0.05027095967730813,-0.0164060949687467
2.568779046363849,-1.634610071895983,30.935767763363085,0.05027095967730813,-0.015184364492350668
2.5663726244769647,-1.6486162790161776,30.960827061657977,0.04567340884415461,-0.015184364492350668
2.3637914107517397,-1.9593498176282458,30.960827061657977,0.04567340884415461,-0.015707963267948967
2.3620436285727986,-1.96772802107577,30.982199115631644,0.02785330159355331,-0.015707963267948967
1.9694622677619944,-0.698569657111925,30.982199115631644,0.02785330159355331,-0.007504915783575617
1.9681382549746136,-0.705064530595947,31.005305182260265,0.02698125499684695,-0.007504915783575617
2.5379689397561505,-1.6194190088376328,31.005305182260265,0.02698125499684695,-0.009250245035569947
2.5358772935233187,-1.629584131605034,31.02625408400563,0.00917254162695189,-0.009250245035569947
2.0868593640115556,-0.8876918360854843,31.02625408400563,0.00917254162695189,-0.005759586531581287
2.086826237100634,-0.8956213493507585,31.052695415290586,-0.000806762883986234,-0.005759586531581287
2.08078869660037,-1.1851138134478438,31.052695415290586,-0.000806762883986234,-0.0066322511575784525
2.0807445069225063,-1.1937386965562082,31.070035976970303,-0.009492922730053425,-0.0066322511575784525
2.580709585498029,-1.473504408098063,31.070035976970303,-0.009492922730053425,-0.009599310885968814
2.580665658715348,-1.4823708289421569,31.09562758473484,-0.019467608018252817,-0.009599310885968814
2.221594584366187,-1.2187428494724626,31.09562758473484,-0.019467608018252817,-0.009773843811168246
2.2197496781117194,-1.2259840040409318,31.121580098897763,-0.02401840392136481,-0.009773843811168246
2.42105950948871,-0.32501640853940433,31.121580098897763,-0.02401840392136481,-0.004886921905584123
2.4210522460174255,-0.32935173839016496,31.14475210440077,-0.024878751281451172,-0.004886921905584123
2.205106948990889,-1.7612289931961298,31.14475210440077,-0.024878751281451172,-0.013962634015954637
2.205054722878484,-1.767569681552694,31.166648459315503,-0.04265168107096628,-0.013962634015954637
2.034414712707189,-0.15116041033729163,31.166648459315503,-0.04265168107096628,-0.013962634015954637
2.0326246637778547,-0.15652514753645955,31.188475217727618,-0.043508128632938826,-0.009773843811168246
2.0205637475059404,-0.5515190031255227,31.188475217727618,-0.043508128632938826,-0.010471975511965976
2.018480214385072,-0.5597951163602647,31.200791382769193,-0.043053100513893015,-0.010471975511965976
2.4166562705490278,-1.6660232537296737,31.200791382769193,-0.043053100513893015,-0.020245819323134222
2.4146844816416313,-1.6718337441315758,31.230884545895588,-0.05667911095049699,-0.020245819323134222
2.4146844816416313,-1.6718337441315758,31.230884545895588,-0.05667911095049699,-0.020245819323134222
2.149206189960092,-0.019071381398327977,31.25183117561367,-0.05208076381494385,-0.016929693744344994
2.219583474779496,-1.4368365548406496,31.25183117561367,-0.05208076381494385,-0.020420352248333655
2.2163748376464705,-1.4400271659005461,31.26947277768144,-0.06071336445941914,-0.020420352248333655
2.2389432429632596,-0.03852454848105136,31.26947277768144,-0.06071336445941914,-0.018500490071139894
2.2373378813039655,-0.04173684180849654,31.292157688972022,-0.05064635075988173,-0.018500490071139894
2.177801368979058,-0.14374156227166965,31.292157688972022,-0.05064635075988173,-0.018500490071139894
2.1719582581374945,-0.14763883165686356,31.31345215458787,-0.051479398989457664,-0.017627825445142728
1.8546155380534424,-1.2859946789147976,31.31345215458787,-0.051479398989457664,-0.02530727415391778
1.8508437952759358,-1.291616071507322,31.330689426544936,-0.05463119733818748,-0.02530727415391778
2.271386867345122,-0.4751292654490954,31.330689426544936,-0.05463119733818748,-0.02530727415391778
2.2667619354889843,-0.4797512367257989,31.351293741103067,-0.04452690455590561,-0.027052603405912107
2.2443505760663247,-0.34188988038859813,31.351293741103067,-0.04452690455590561,-0.02548180707911721
2.2386384003037656,-0.34188988038859813,31.373026974613083,-0.039875680010045794,-0.02548180707911721
2.32294836542382,-0.4775575678763578,31.373026974613083,-0.039875680010045794,-0.02548180707911721
2.31624577171616,-0.4775575678763578,31.398129820564577,-0.04431699041401283,-0.026179938779914945
2.396689272654163,-0.8083170222037084,31.398129820564577,-0.04431699041401283,-0.028274333882308142
2.393387400891119,-0.8083170222037084,31.42486657247714,-0.04327112824812901,-0.028274333882308142
2.1802818181771038,-0.6839494524141405,31.42486657247714,-0.04327112824812901,-0.028274333882308142
2.1772807156292795,-0.6839494524141405,31.447447623445964,-0.03310932380455827,-0.02949606435870417
1.93368311264996,-0.897986040370238,31.447447623445964,-0.03310932380455827,-0.02949606435870417
1.9297979647823835,-0.897986040370238,31.464323778343385,-0.03618277659321475,-0.03490658503988659
2.240501216030077,0.017687807333469464,31.464323778343385,-0.03618277659321475,-0.03298672286269283
2.238601643436236,0.017687807333469464,31.48621617070064,-0.025991487390554173,-0.03298672286269283
2.338789871223554,-0.3735809470842308,31.48621617070064,-0.025991487390554173,-0.0328121899374934
2.336522331375449,-0.36903297095372894,31.50698785791204,-0.015784593784449855,-0.0328121899374934
2.1592000858788243,-1.3773286119886738,31.50698785791204,-0.015784593784449855,-0.0328121899374934
2.1575024035370176,-1.3721515123835437,31.52433237810532,-0.0188181260103453,-0.03804817769347639
2.195619019699674,-0.338046585409214,31.52433237810532,-0.0188181260103453,-0.034033920413889425
2.1939567116267593,-0.3330366613792542,31.54697127844265,-0.008581745889372069,-0.034033920413889425
2.308189959095138,-1.9539483929302945,31.54697127844265,-0.008581745889372069,-0.04328416544945937
2.3094199454891533,-1.952730206055686,31.569743289014674,-0.02067795363130896,-0.04328416544945937
1.9540396128686601,0.10971268661550795,31.569743289014674,-0.02067795363130896,-0.04328416544945937
1.9559811020065143,0.11360127441491892,31.59140998904866,-0.004903343646282214,-0.040491638646268445
2.183626031200065,0.09008246243125824,31.59140998904866,-0.004903343646282214,-0.040491638646268445
2.1852758953806384,0.09504098237624004,31.614187476630715,0.005383485775438886,-0.03612831551628262
2.1967346009610047,-1.768085587922285,31.614187476630715,0.005383485775438886,-0.04206243497306335
2.1985673535598194,-1.762687777004604,31.640388926431818,0.006602294380010442,-0.04206243497306335
2.076869092320483,-1.5235859704277066,31.640388926431818,0.006602294380010442,-0.04206243497306335
2.0786894498643065,-1.5182113019441539,31.657890444457355,0.009173472369113641,-0.046251225177849735
2.166431804035254,-1.6081050887275965,31.657890444457355,0.009173472369113641,-0.046251225177849735
2.1689076364537385,-1.605648807161556,31.680796454921715,0.0026836878882963134,-0.047472955654245766
2.3368900013300156,-1.9223602208148176,31.680796454921715,0.0026836878882963134,-0.047472955654245766
2.339899676404926,-1.9193740758256252,31.702963159808633,-0.0037834220529804475,-0.056025068989017976
1.973106900703773,-0.30290568787596783,31.702963159808633,-0.0037834220529804475,-0.056025068989017976
1.9760355982728426,-0.2985184871787447,31.726209554516007,0.012122702726694887,-0.052534410485029326
2.0139323883972327,-0.7281156667659578,31.726209554516007,0.012122702726694887,-0.052534410485029326
2.0185668937207155,-0.7250302446894964,31.74913485571005,0.02805222961859332,-0.0486946861306418
2.0878405048655972,-2.085824391191777,31.74913485571005,0.02805222961859332,-0.055326937288220246
2.092469949278105,-2.0842848411455916,31.771403794889633,0.021653916201923744,-0.055326937288220246
2.0433676412026536,-2.1979379987803207,31.771403794889633,0.021653916201923744,-0.055326937288220246
2.0481718616007996,-2.1931761499623343,31.79328100162096,0.02082011148606385,-0.061086523819801536
2.0943666414606867,-1.2274288611547288,31.79328100162096,0.02082011148606385,-0.05881759579220891
2.099480906760416,-1.224028141167048,31.811360335156504,0.02353633131995061,-0.05881759579220891
2.3375136850528944,-1.151086414182362,31.811360335156504,0.02353633131995061,-0.05811946409141117
2.339186511648415,-1.1461378797440895,31.837957227445454,0.03604653891135728,-0.05811946409141117
2.1465116657236805,-1.5979765663446317,31.837957227445454,0.03604653891135728,-0.05811946409141117
2.149396520948162,-1.5936974410539915,31.856398050049577,0.03880722126146806,-0.059166661642607775
2.0846987665573615,-2.8303948271246084,31.856398050049577,0.03880722126146806,-0.07016223593017205
2.088075631924326,-2.825417808180854,31.88247923069608,0.029027495152037015,-0.07016223593017205
2.046177066813076,-0.7414036299005369,31.88247923069608,0.029027495152037015,-0.07016223593017205
2.0487433764234253,-0.7375751898645551,31.897127514524602,0.046446695303006484,-0.06492624817418906
2.106885156761432,-1.6379170987684133,31.897127514524602,0.046446695303006484,-0.06632251157578453
2.1087135995117787,-1.634305300414385,31.91851413342319,0.04578196058765671,-0.06632251157578453
2.1713563665634,-2.0098005550209734,31.91851413342319,0.04578196058765671,-0.06824237375297829
2.1714157246042136,-2.0008861706580685,31.943790672406127,0.05845371344970733,-0.06824237375297829
2.2504584148431697,-1.6830817260368431,31.943790672406127,0.05845371344970733,-0.06876597252857658
2.246707876615365,-1.677395113178122,31.965024227434967,0.057853190776183894,-0.06876597252857658
2.1029319086536713,-1.1329703500534865,31.965024227434967,0.057853190776183894,-0.06632251157578453
2.099357675148404,-1.1293764218003606,31.98242816923558,0.06632544768190511,-0.06632251157578453
1.971124785853257,-1.972411939785991,31.98242816923558,0.06632544768190511,-0.06754424205218056
1.9679657357206355,-1.9692215623095852,32.00024596730178,0.07482222298467589,-0.06754424205218056
2.2053528058382166,-1.6901530046900555,32.00024596730178,0.07482222298467589,-0.06754424205218056
2.201946126985772,-1.6884421397510982,32.021938965084686,0.0687256279394174,-0.06544984694978735
2.0345332172295434,-1.849447198628554,32.021938965084686,0.0687256279394174,-0.06492624817418906
2.0301828538621827,-1.845066848618584,32.04715515455391,0.08155917135024093,-0.06492624817418906
1.9585213490970823,-3.389745636423707,32.04715515455391,0.08155917135024093,-0.07295476273336297
1.9496481149848592,-3.3875195562403575,32.062804002032614,0.06777950392365811,-0.07295476273336297
2.164077034032089,-0.6804434768206314,32.062804002032614,0.06777950392365811,-0.06265732014659643
2.155290688301968,-0.673837990806835,32.07894184341552,0.07638038209715378,-0.06265732014659643
2.2829912833075166,-2.659675827926973,32.07894184341552,0.07638038209715378,-0.06265732014659643
2.2754931036360926,-2.6577953409496575,32.10058356901869,0.07038466756921713,-0.06702064327658225
2.129048091544548,-0.6507733486548257,32.10058356901869,0.07038466756921713,-0.05689773361501515
2.12092874735443,-0.6487409412905504,32.12616491554407,0.08334605989633595,-0.05689773361501515
2.2673934921668804,-2.201998011545565,32.12616491554407,0.08334605989633595,-0.05689773361501515
2.2627456021819894,-2.2004427955833674,32.14825433520859,0.07740256653541522,-0.05707226654021458
2.0089561363391883,-2.06962319400349,32.14825433520859,0.07740256653541522,-0.05619960191421741
2.000194569943796,-2.06962319400349,32.164485315676515,0.08050038309088789,-0.05619960191421741
2.0750789395474296,-2.267380739687517,32.164485315676515,0.08050038309088789,-0.056548667764616284
2.0637865788662224,-2.265117916351042,32.185007815535975,0.07460060949451947,-0.056548667764616284
2.0326465567438152,-2.2802465347256042,32.185007815535975,0.07460060949451947,-0.05689773361501515
2.022356234124224,-2.2781843680074325,32.20592346810758,0.06872384624941458,-0.05689773361501515
2.203446513487809,-1.6669364899556418,32.20592346810758,0.06872384624941458,-0.05358160803622592
2.1931144010751193,-1.6669364899556418,32.22686577133781,0.06287010742262103,-0.05358160803622592
2.2487331265623833,-0.8944227164204922,32.22686577133781,0.06287010742262103,-0.046251225177849735
2.2374877453879654,-0.8944227164204922,32.25217006110586,0.07038839891085678,-0.046251225177849735
2.2933233617192417,-2.5624378112534236,32.25217006110586,0.07038839891085678,-0.046251225177849735
2.286279474603596,-2.5659469686356773,32.273894547170975,0.058955586909313615,-0.050265482457436686
2.054592711198669,-1.7084194918187101,32.273894547170975,0.058955586909313615,-0.04974188368183839
2.0471751659921757,-1.7102724416931863,32.29094441623299,0.06217506834719655,-0.04974188368183839
2.1120655518163205,-1.628058093614012,32.29094441623299,0.06217506834719655,-0.0460766922526503
2.103451535704012,-1.628058093614012,32.312038339153034,0.056409881110294116,-0.0460766922526503
1.9109620677932326,-2.049546545246187,32.312038339153034,0.056409881110294116,-0.04520402762665313
1.9052282412467785,-2.0476306873463983,32.328887711629164,0.05403106536524251,-0.04520402762665313
2.260375388736133,-1.0722345238482944,32.328887711629164,0.05403106536524251,-0.04520402762665313
2.2540224023381055,-1.0743512689363468,32.34575531058836,0.05166460874635276,-0.04066617157146788
2.132618570522859,-1.8763031760498046,32.34575531058836,0.05166460874635276,-0.04258603374866164
2.126809122715976,-1.878237268282526,32.36728834811689,0.04595645147756129,-0.04258603374866164
2.414849217994071,-2.7711666113841127,32.36728834811689,0.04595645147756129,-0.050789081233034994
2.4113467758443177,-2.772911493767444,32.389203061275204,0.04027141188313059,-0.050789081233034994
2.0994853668129654,-0.16317641600885974,32.389203061275204,0.04027141188313059,-0.050789081233034994
2.0976318528275533,-0.1650298831142792,32.41554166629302,0.04232244575754237,-0.039269908169872414
1.8894478138416262,-2.6142482028476213,32.41554166629302,0.04232244575754237,-0.046251225177849735
1.8894345916418451,-2.6161125685151783,32.43733547212423,0.036682244878907956,-0.046251225177849735
1.9070021612797692,-1.2978348526094907,32.43733547212423,0.036682244878907956,-0.041887902047863905
1.9050995579180572,-1.295924912865695,32.45470150241652,0.03439464129929773,-0.041887902047863905
2.3086285811396383,-2.343658902068322,32.45470150241652,0.03439464129929773,-0.046949356878647465
2.3086285811396383,-2.343658902068322,32.47680895266319,0.028794605857110668,-0.046949356878647465
1.9572414367189601,-0.9129436928363303,32.47680895266319,0.028794605857110668,-0.04450589592585541
1.957236843590604,-0.9149878501904054,32.493973793294295,0.026536406503633803,-0.04450589592585541
2.3601249069679793,-1.843887912810843,32.493973793294295,0.026536406503633803,-0.04450589592585541
2.3601249069679793,-1.843887912810843,32.52069569325359,0.034352238614827224,-0.04520402762665313
1.9401524526274372,-1.6340108155913728,32.52069569325359,0.034352238614827224,-0.046251225177849735
1.9401442368033361,-1.6356483058939895,32.5431225892182,0.028818007622825968,-0.046251225177849735
1.931379917263952,-1.7344326281606228,32.5431225892182,0.028818007622825968,-0.04799655442984406
1.9313711967520686,-1.736077557133993,32.560877103718646,0.03228649348946499,-0.04799655442984406
1.8722637930053623,-2.0151715189262545,32.560877103718646,0.03228649348946499,-0.04886921905584123
1.8739841884621273,-2.0134605608955134,32.574138618416775,0.016709809774679278,-0.04886921905584123
2.1635178447643284,-1.1423535797302802,32.574138618416775,0.016709809774679278,-0.046949356878647465
2.1612138733933612,-1.140042889258584,32.59995144919279,0.024618824182162838,-0.046949356878647465
1.9381746985533357,-1.2439279964998262,32.59995144919279,0.024618824182162838,-0.04642575810304917
1.9360651281456769,-1.2439279964998262,32.61680497868657,0.028142371731204097,-0.04642575810304917
2.2923374766681683,-0.7599970353059009,32.61680497868657,0.028142371731204097,-0.041713369122664476
2.2923374766681683,-0.7599970353059009,32.63943046037428,0.03938119152133327,-0.041713369122664476
2.085849146368416,-2.1057445712225302,32.63943046037428,0.03938119152133327,-0.046949356878647465
2.083984718587343,-2.1057445712225302,32.66128450782588,0.033971789469686015,-0.046949356878647465
2.0224858279116695,-1.9676065328389398,32.66128450782588,0.033971789469686015,-0.05201081170943102
2.0206919173002236,-1.9676065328389398,32.68343857046853,0.028585660932138848,-0.05201081170943102
1.8940027777047237,-1.092908244203445,32.68343857046853,0.028585660932138848,-0.0486946861306418
1.8901325378663552,-1.0909696793473491,32.70083643164104,0.032187684015984507,-0.0486946861306418
2.0265423412665453,-0.8015326852965621,32.70083643164104,0.032187684015984507,-0.04468042885105484
2.0220867013747506,-0.8015326852965621,32.71326494941195,0.0390651177252231,-0.04468042885105484
1.9193353582592634,-0.6429045711062286,32.71326494941195,0.0390651177252231,-0.040317105721069016
1.9099843604018885,-0.645242424289389,32.738725080385244,0.0414271002400677,-0.040317105721069016
2.1817500128498795,-0.9912453497549293,32.738725080385244,0.0414271002400677,-0.038571776469074684
2.1762626636426896,-0.9912453497549293,32.75637590949212,0.03936768841373506,-0.038571776469074684
2.0113102892444257,-2.736355289106243,32.75637590949212,0.03936768841373506,-0.038571776469074684
2.005710263126699,-2.738218446355538,32.778201685924415,0.03407952162595802,-0.04799655442984406
1.9227792166352304,0.27650531198028394,32.778201685924415,0.03407952162595802,-0.03612831551628262
1.9162390255856754,0.27432412347638446,32.799602977537496,0.04545393498429032,-0.03612831551628262
1.8788268799250283,-1.5164898052681837,32.799602977537496,0.04545393498429032,-0.03490658503988659
1.8705785544667195,-1.518550878257733,32.816712969100216,0.04343812405785328,-0.03490658503988659
1.9545604187808692,-0.5434539622330001,32.816712969100216,0.04343812405785328,-0.0291469985083053
1.946203442803206,-0.5455432468916798,32.829388000341545,0.050388008304080176,-0.0291469985083053
1.901929722698273,-0.672569770455903,32.829388000341545,0.050388008304080176,-0.02408554367752175
1.8901744308301682,-0.6796199087167994,32.85497023452523,0.0471213672692886,-0.02408554367752175
2.2483965117010225,-1.7790577339721567,32.85497023452523,0.0471213672692886,-0.028274333882308142
2.2399477951521827,-1.7832761300410176,32.872149869487345,0.03940679382422762,-0.028274333882308142
1.885438855876182,-1.1836771273870488,32.872149869487345,0.03940679382422762,-0.027227136331111543
1.8777611563559786,-1.18751235828224,32.88955602227113,0.03743618226809183,-0.027227136331111543
1.8590815337244277,-1.0002762099793308,32.88955602227113,0.03743618226809183,-0.027227136331111543
1.8507179832866323,-1.0044552114337806,32.906762285513786,0.029737198614202362,-0.023911010752322315
1.9863510972577976,0.04025534216434612,32.906762285513786,0.029737198614202362,-0.012740903539558606
1.9781408090770969,0.03614918604993579,32.9284687450856,0.03545655774892651,-0.012740903539558606
2.083417775158931,-0.9604806892236871,32.9284687450856,0.03545655774892651,-0.012740903539558606
2.0753666536253563,-0.9624930352524896,32.94124654208442,0.030971533049555296,-0.010995574287564275
1.8127810023301485,0.08532840187930574,32.94124654208442,0.030971533049555296,-0.003490658503988659
1.8037547481220213,0.08081416119586397,32.96278915790045,0.036701037372442014,-0.003490658503988659
2.131103936796281,-0.23494355146121082,32.96278915790045,0.036701037372442014,-0.0
2.1252398526622325,-0.23689833067194485,32.9847861692894,0.0366834553646774,-0.0
1.9136961292582468,0.09529517902493394,32.9847861692894,0.0366834553646774,0.006283185307179586
1.9075917619879874,0.09122454133999822,33.006612918763736,0.030907079006188005,0.006283185307179586
1.8596292502886054,-1.1807525648481167,33.006612918763736,0.030907079006188005,0.0033161255787892262
1.8537548336384186,-1.1827098005342924,33.02413450128367,0.017473489589194615,0.0033161255787892262
1.9079439358374914,0.728986756523331,33.02413450128367,0.017473489589194615,0.013439035240356337
1.9016453342400972,0.7268861963335121,33.04134832211841,0.020635530875237066,0.013439035240356337
1.9190871474519973,-1.2628574952325726,33.04134832211841,0.020635530875237066,0.006981317007977318
1.9131751234121717,-1.2648272267064908,33.05888149651013,0.007198821774295052,0.006981317007977318
1.9114504000142643,1.9090906014532623,33.05888149651013,0.007198821774295052,0.020245819323134222
1.9052803300728585,1.9070318747952286,33.07183000209347,0.013531112916448297,0.020245819323134222
2.1548458376704174,0.4518813025843309,33.07183000209347,0.013531112916448297,0.023911010752322315
2.1516285080230975,0.45027183048852903,33.09407246567895,0.007723512475436794,0.023911010752322315
1.6054124134786434,-0.34883281995308124,33.09407246567895,0.007723512475436794,0.021467549799530253
1.6011969776148998,-0.3530468839419036,33.11600993060802,0.0019081064602347088,0.021467549799530253
1.6939520103633676,1.0446816429519055,33.11600993060802,0.0019081064602347088,0.028099800957108706
1.6868431841546625,1.039938330102015,33.13315640148355,-0.0007433069238164769,0.028099800957108706
1.8370226846529596,0.5563669800938027,33.13315640148355,-0.0007433069238164769,0.031415926535897934
1.8334815801121853,0.5545955513765752,33.15095320922021,-0.0034072223752951935,0.031415926535897934
1.9219273571908702,1.7333975617842152,33.15095320922021,-0.0034072223752951935,0.039793506945470715
1.915560080137857,1.7333975617842152,33.163971551281946,0.0028734758634027975,0.039793506945470715
1.9008295058200924,-0.035484416947779505,33.163971551281946,0.0028734758634027975,0.03577924966588375
1.8967058340748506,-0.037546397458126955,33.18595062807137,-0.008772566856664981,0.03577924966588375
2.0671995050134995,1.4256109518594617,33.18595062807137,-0.008772566856664981,0.041887902047863905
2.0659238938196376,1.4243319510974828,33.20406914906323,-0.017267940383255413,0.041887902047863905
1.6891571901298847,-0.0795683104765361,33.20406914906323,-0.017267940383255413,0.03577924966588375
1.6871681717760079,-0.08354594528205274,33.22623153129722,-0.028947552835743427,0.03577924966588375
1.6688232716864753,2.990291548441302,33.22623153129722,-0.028947552835743427,0.05201081170943102
1.66682554623835,2.986269002887699,33.24393045620214,-0.015119209199608701,0.05201081170943102
1.7526776336397836,0.4161681832352325,33.24393045620214,-0.015119209199608701,0.04904375198104066
1.7505862705974164,0.4161681832352325,33.25258179345805,-0.022293597255116444,0.04904375198104066
1.7505862705974164,0.4161681832352325,33.25258179345805,-0.022293597255116444,0.04904375198104066
1.9277893492771767,1.4545956679875407,33.27929252055257,-0.026432580959021595,0.05235987755982989
1.8983791554261755,1.8573395285180525,33.27929252055257,-0.026432580959021595,0.05811946409141117
1.8965829531805474,1.8519146622299243,33.29261732747371,-0.03185648111014201,0.05811946409141117
2.150472644064954,2.075944147117437,33.29261732747371,-0.03185648111014201,0.06300638599699529
2.1504814914951194,2.0733590223638023,33.31534919290382,-0.027075369562864382,0.06300638599699529
1.5628677200648107,1.1514280411388467,33.31534919290382,-0.027075369562864382,0.06300638599699529
1.5646278563814011,1.1479173765055026,33.33332932460289,-0.04151813691490678,0.062482787221396996
1.696512336396125,3.049117510042082,33.33332932460289,-0.04151813691490678,0.0747000919853573
1.6984483104726027,3.0452718069855624,33.351360241073735,-0.03362600989351194,0.0747000919853573
1.743715503672541,1.3260321664930135,33.351360241073735,-0.03362600989351194,0.0747000919853573
1.7451618096596329,1.323151022630268,33.36520618901259,-0.039135663688542315,0.07417649320975901
1.7686488659651225,2.6349209945378242,33.36520618901259,-0.039135663688542315,0.08203047484373349
1.7706969083878048,2.630848151138368,33.38752811243383,-0.046103511220341314,0.08203047484373349
1.9335839592259518,0.7191009554279824,33.38752811243383,-0.046103511220341314,0.0747000919853573
1.9335888023333927,0.7132797221230629,33.405208462593876,-0.06064992229363597,0.0747000919853573
2.0794437761044873,3.7797563972007344,33.405208462593876,-0.06064992229363597,0.08744099552491591
2.080678299387245,3.77612967735195,33.42381841498834,-0.05869451543547753,0.08744099552491591
1.6189555165066343,2.248063548838809,33.42381841498834,-0.05869451543547753,0.091106186954104
1.62055709356273,2.243304882782948,33.4422012862619,-0.05677089840501536,0.091106186954104
1.6664668292532627,2.4818235873094747,33.4422012862619,-0.05677089840501536,0.09564404300928926
1.6681482120645053,2.476830987630226,33.45582273538819,-0.07407420006633367,0.09564404300928926
1.6842817393635527,3.4316718562339776,33.45582273538819,-0.07407420006633367,0.1048942880448592
1.684305869115617,3.4268290929297764,33.46984754591015,-0.06904759366278797,0.1048942880448592
1.5296887035516207,3.510795508496324,33.46984754591015,-0.06904759366278797,0.11362093430483085
1.5297133865705979,3.5049628230652305,33.487985399521875,-0.07306173402744678,0.11362093430483085
1.7821711971390162,3.111081481973411,33.487985399521875,-0.07306173402744678,0.11868238913561441
1.777987594556361,3.102655990824717,33.505779558557734,-0.08296102153825884,0.11868238913561441
1.7233664419399473,2.778296194160418,33.505779558557734,-0.08296102153825884,0.12007865253720987
1.7217466693103929,2.7717157839422026,33.524174989412735,-0.09290515084914322,0.12007865253720987
1.1748991095547923,3.0408051587835048,33.524174989412735,-0.09290515084914322,0.12356931104119853
1.1749265011807888,3.0351340369675066,33.53361563367597,-0.10719615973208306,0.12356931104119853
1.291907139146435,4.035444980786778,33.53361563367597,-0.10719615973208306,0.13386675362796507
1.2902867392520774,4.030502107918358,33.5477409579855,-0.11404060814406783,0.13386675362796507
1.1542960354364016,4.066818137019417,33.5477409579855,-0.11404060814406783,0.13386675362796507
1.154314113590169,4.063138445654948,33.56170827944044,-0.12092457746994714,0.13892820845874862
1.0749627291585995,4.026611617417612,33.56170827944044,-0.12092457746994714,0.14468779499032994
1.0728665372628987,4.020242561180177,33.57554630223786,-0.12784821009002975,0.14468779499032994
1.0150429105977945,3.7926385513156915,33.57554630223786,-0.12784821009002975,0.14643312424232427
1.0107606210939029,3.786177739560704,33.58021710880889,-0.1390631232235862,0.14643312424232427
0.9130395053720584,5.703857956522938,33.58021710880889,-0.1390631232235862,0.15987215948268058
0.9115915550302192,5.70091354945084,33.58613929563937,-0.133800394435617,0.15987215948268058
0.6097486611422882,3.590468633163795,33.58613929563937,-0.133800394435617,0.15707963267948966
0.6080355507100295,3.5852615513798964,33.59117834576399,-0.15090826948816885,0.15707963267948966
0.7361208018082801,3.892670245641765,33.59117834576399,-0.15090826948816885,0.15638150097869194
0.7376976834765452,3.889548734825381,33.605655047290874,-0.16382415045265739,0.15638150097869194
0.43307640212289145,6.59535225030617,33.605655047290874,-0.16382415045265739,0.15638150097869194
0.4331179717698534,6.590000068911071,33.60739572058838,-0.1554167042934605,0.17208946424664087
0.20847229488787664,3.574413335271863,33.60739572058838,-0.1554167042934605,0.16807520696705394
0.20633542309658873,3.5701094687513444,33.612306935999705,-0.17845055583614203,0.16807520696705394
0.16346634382213807,3.9478324238138325,33.612306935999705,-0.17845055583614203,0.16580627893946132
0.1634990206625768,3.939980316638633,33.604308170672525,-0.1907075639320554,0.16580627893946132
0.2057724421417343,5.2141506729569285,33.604308170672525,-0.1907075639320554,0.1715658654710426
0.20581561524556224,5.207339099207782,33.61463453033886,-0.20050924376150173,0.1715658654710426
-0.002404274296784563,5.2088313311035375,33.61463453033886,-0.20050924376150173,0.17540558982543014
-0.002382702837810165,5.205372234897347,33.611792037935544,-0.205371909297897,0.17540558982543014
-0.06907691392812096,5.358053089712175,33.611792037935544,-0.205371909297897,0.17697638615222502
-0.06904363529849453,5.352717388390869,33.60891627317299,-0.21022542662892169,0.17697638615222502
0.10868404333078152,4.663892747944033,33.60891627317299,-0.21022542662892169,0.1733111947230369
0.10653565194646364,4.655145286620753,33.61006709392549,-0.22419130988991,0.1733111947230369
0.3118437416782919,4.801789029896617,33.61006709392549,-0.22419130988991,0.1733111947230369
0.3076572692857458,4.791201607484816,33.60704333407646,-0.2290346103935294,0.17226399717184035
0.3787814822245815,6.048596202179067,33.60704333407646,-0.2290346103935294,0.18046704465621366
0.3742501731363205,6.039438748721881,33.61325676575633,-0.22980230752905423,0.18046704465621366
0.24005698440159964,4.528236263815069,33.61325676575633,-0.22980230752905423,0.17558012275062956
0.23660527583052418,4.519499683197399,33.61481530145023,-0.2437879373750222,0.17558012275062956
-0.10466940027000571,6.158818058678408,33.61481530145023,-0.2437879373750222,0.18605209826259553
-0.10808954641570025,6.153636923564441,33.60831051950712,-0.245345954739649,0.18605209826259553
-0.6227064251954446,4.001179565381342,33.60831051950712,-0.245345954739649,0.17610372152622786
-0.6243342180657158,3.996231799372203,33.6048971384408,-0.2725063023594169,0.17610372152622786
-0.6672369115116698,5.953819752147796,33.6048971384408,-0.2725063023594169,0.18238690683340747
-0.6750983377771158,5.943282737628795,33.59804095690835,-0.27402422546615535,0.18238690683340747
-0.617199681775315,5.682363487450511,33.59804095690835,-0.27402422546615535,0.1827359726838063
-0.6249436179751144,5.669379279898416,33.59139346887063,-0.2696570479793293,0.1827359726838063
-0.47505303715484937,4.948373666975866,33.59139346887063,-0.2696570479793293,0.17784905077822216
-0.48107799808350055,4.940299508181186,33.58392088750423,-0.2875957740116818,0.17784905077822216
-0.7439478231354401,6.280241796799079,33.58392088750423,-0.2875957740116818,0.18465583486100007
-0.7452682560304861,6.276196876529911,33.57811662837172,-0.28904634453652017,0.18465583486100007
-1.1609478133628304,4.81227384195604,33.57811662837172,-0.28904634453652017,0.17976891295541594
-1.1627892514516647,4.808562998227806,33.566968034398634,-0.2977443942166617,0.17976891295541594
-1.2957779611796205,6.7658023941597305,33.566968034398634,-0.2977443942166617,0.17976891295541594
-1.2957682758068108,6.764223081391327,33.55740016677849,-0.28994227981516346,0.18779742751458986
-1.3496746710089158,6.721134644071998,33.55740016677849,-0.28994227981516346,0.19442967867216832
-1.352021967763064,6.721134644071998,33.538341907345384,-0.2860037518387343,0.19442967867216832
-1.3487756678739518,3.951766379694151,33.538341907345384,-0.2860037518387343,0.19442967867216832
-1.3487701322538705,3.949348373590043,33.52193824312252,-0.30767375175636325,0.18081611050661253
-1.3079127073987808,7.882544732417895,33.52193824312252,-0.30767375175636325,0.19373154697137057
-1.3078906213523263,7.879409989054626,33.50888785357058,-0.29051438729312296,0.19373154697137057
-1.2806777258375526,6.256436836817109,33.50888785357058,-0.29051438729312296,0.19792033717615698
-1.277461130896986,6.256436836817109,33.494760983358404,-0.30145951677375205,0.19792033717615698
-1.0687098956561203,5.071181293347457,33.494760983358404,-0.30145951677375205,0.192684349420174
-1.0649996271143074,5.074907155919265,33.484175870026796,-0.31574045471426676,0.192684349420174
-1.427059916022536,8.603018759981765,33.484175870026796,-0.31574045471426676,0.20734511513692636
-1.4238491332135894,8.607896472299338,33.471501757716574,-0.3042765706541467,0.20734511513692636
-1.0840317640597674,5.6982307058371875,33.471501757716574,-0.3042765706541467,0.20455258833373544
-1.0840409656352135,5.700796093735637,33.456899437571515,-0.309220072172982,0.20455258833373544
-0.3973368149427703,6.478730654102163,33.456899437571515,-0.309220072172982,0.20455258833373544
-0.39421754329553405,6.478730654102163,33.452184760355216,-0.3161752038350067,0.2059488517353309
-0.5542277983435149,6.150909547186956,33.452184760355216,-0.3161752038350067,0.20612338466053032
-0.5524970342641512,6.152650792828941,33.44748240877236,-0.32311173697174284,0.20612338466053032
-0.6523465763737483,8.182690946097889,33.44748240877236,-0.32311173697174284,0.2209586833024821
-0.6523465763737483,8.182690946097889,33.44464449581481,-0.3135797854682996,0.2209586833024821
-0.7567312416098708,7.334706488466851,33.44464449581481,-0.3135797854682996,0.2298598624876532
-0.7556142152445696,7.335836193779175,33.43675378792549,-0.31703364955893154,0.2298598624876532
-0.7228669892706311,4.486327168648539,33.43675378792549,-0.31703364955893154,0.22113321622768156
-0.7209954540733335,4.4882066575960575,33.43045853402842,-0.346190999822604,0.22113321622768156
-0.23469076340799488,8.04243563718242,33.43045853402842,-0.346190999822604,0.2331759880664424
-0.23469076340799488,8.04243563718242,33.41857069646756,-0.34611051043746216,0.2331759880664424
-0.812829225716426,7.122568930055909,33.41857069646756,-0.34611051043746216,0.23806290997202656
-0.8113135343500567,7.121065851769685,33.41090192966352,-0.34945639363308134,0.23806290997202656
-0.46404472515997347,6.952281863727518,33.41090192966352,-0.34945639363308134,0.23945917337362202
-0.46634897262387165,6.952281863727518,33.40280476253011,-0.3585987070832646,0.23945917337362202
-0.4047123006161106,6.873021364899067,33.40280476253011,-0.3585987070832646,0.23911010752322318
-0.40635513744212176,6.873021364899067,33.39897416253334,-0.3770348949925927,0.23911010752322318
-0.1642326602272501,7.796176904757519,33.39897416253334,-0.3770348949925927,0.24696408915719764
-0.16307888625905625,7.796176904757519,33.40122261331508,-0.3825379366045879,0.24696408915719764
-0.405419119302903,5.9304341050007165,33.40122261331508,-0.3825379366045879,0.24347343065320898
-0.4039715387821061,5.931892330488558,33.397656918005524,-0.4009555269120566,0.24347343065320898
-0.551235965018672,6.72767538306398,33.397656918005524,-0.4009555269120566,0.24347343065320898
-0.549380279146513,6.725831789985998,33.39056548233121,-0.4100027501418782,0.24347343065320898
-0.7517027402143852,7.455292049879365,33.39056548233121,-0.4100027501418782,0.24347343065320898
-0.7516891160419907,7.45348694925793,33.37415209871528,-0.42252834440756126,0.2483603525587931
-0.6770301887247437,7.47232974547638,33.37415209871528,-0.42252834440756126,0.24818581963359368
-0.6753140892930173,7.47232974547638,33.36735992182478,-0.4314897391393573,0.24818581963359368
-0.5253334314536557,7.960195693692506,33.36735992182478,-0.4314897391393573,0.25220007691318064
-0.5237815804011109,7.960195693692506,33.366671223237816,-0.4333988880748741,0.25220007691318064
-0.6489441372492376,6.679109903914301,33.366671223237816,-0.4333988880748741,0.2506292805863857
-0.6460069711696568,6.679109903914301,33.35438715903052,-0.455143539398887,0.2506292805863857
-1.015958118946323,7.303027560387512,33.35438715903052,-0.455143539398887,0.2532472744643772
-1.0129711942330233,7.304028124030857,33.34853646341762,-0.46401545729471255,0.2532472744643772
-1.0935000898814144,7.03436478944593,33.34853646341762,-0.46401545729471255,0.2525491427635795
-1.090007862465116,7.032625838433971,33.33288836246108,-0.48207068977364487,0.2525491427635795
-1.032472033166448,8.379701438624625,33.33288836246108,-0.48207068977364487,0.26127578902355114
-1.027906234784768,8.379701438624625,33.31967902761054,-0.47784810976491815,0.26127578902355114
-1.105920599721065,6.515411966245107,33.31967902761054,-0.47784810976491815,0.2556907354171693
-1.1035667807992704,6.51659611382516,33.30815179475805,-0.49936632860638996,0.2556907354171693
-1.3921154833572014,9.184553847841796,33.30815179475805,-0.49936632860638996,0.2726204291615143
-1.3886329790763832,9.186305597520244,33.29563733859013,-0.5008325992650123,0.2726204291615143
-1.0429249783572943,6.86743928411195,33.29563733859013,-0.5008325992650123,0.27174776453551713
-1.0429249783572943,6.86743928411195,33.28037821681849,-0.5244107325436427,0.27174776453551713
-1.859667392589384,8.02209460744656,33.28037821681849,-0.5244107325436427,0.2776818839922978
-1.858233525676395,8.025036404170873,33.262339125371305,-0.5326522081145297,0.2776818839922978
-2.040468344850965,8.249011289995309,33.262339125371305,-0.5326522081145297,0.2853613327010729
-2.038764082134105,8.249011289995309,33.24092356901834,-0.5429451805185774,0.2853613327010729
-2.0010327441273286,8.442926966763798,33.24092356901834,-0.5429451805185774,0.2918190509334519
-1.9991182846200772,8.44486153531575,33.22281362893015,-0.5625869430803501,0.2918190509334519
-2.5640959694923584,8.786022244854157,33.22281362893015,-0.5625869430803501,0.29565877528783946
-2.5640959694923584,8.786022244854157,33.192181943257886,-0.5700379201468814,0.29565877528783946
-2.3412162730206667,8.29668439627728,33.192181943257886,-0.5700379201468814,0.2988003679414292
-2.3432323820211574,8.294648519139072,33.16157284935034,-0.5888991522911532,0.2988003679414292
-3.2168016939770934,9.589450449998786,33.16157284935034,-0.5888991522911532,0.3082251459021986
-3.2167567182967445,9.585990067836148,33.12841593972136,-0.5922954214280027,0.3082251459021986
-3.86681904311823,8.209869423532268,33.12841593972136,-0.5922954214280027,0.31101767270538955
-3.8687702872831276,8.205890080391551,33.08875760600612,-0.6138819850052065,0.31101767270538955
-3.9108513083324463,6.835530578620665,33.08875760600612,-0.6138819850052065,0.3050835532486088
-3.9108038555172584,6.8296420251795045,33.052482841011035,-0.6447457141883592,0.3050835532486088
-3.2208292659110835,10.16832794179546,33.052482841011035,-0.6447457141883592,0.318871654339364
-3.2225674682967558,10.161000478891745,33.01980749958388,-0.6532967600962057,0.318871654339364
-4.135098460034709,7.773996773804792,33.01980749958388,-0.6532967600962057,0.31677725923697087
-4.137342800150439,7.76233338700651,32.971082995597,-0.6772018233877828,0.31677725923697087
-4.306294533017482,9.232617853283761,32.971082995597,-0.6772018233877828,0.31677725923697087
-4.3140672260671,9.22214475349647,32.92878078749283,-0.6882866600347788,0.32288591161895097
-4.94517394702078,8.603459071351429,32.92878078749283,-0.6882866600347788,0.3270747018237374
-4.9538259391890485,8.594734164394547,32.868052681003846,-0.7107482661931497,0.3270747018237374
-5.24894909477352,9.837359958837741,32.868052681003846,-0.7107482661931497,0.3368485456349056
-5.254330709593434,9.833745820712288,32.814289611770434,-0.7203367641815372,0.3368485456349056
-5.5586655589099,5.695912645447167,32.814289611770434,-0.7203367641815372,0.3171263250873697
-5.572040342438677,5.693235404094784,32.762436431040314,-0.765044608764943,0.3171263250873697
-5.999431368812444,10.759580692527889,32.762436431040314,-0.765044608764943,0.32393310917014756
-6.009595660058898,10.753448506221499,32.69668204881169,-0.7672231233385629,0.32393310917014756
-5.533125972117107,10.117074445564478,32.69668204881169,-0.7672231233385629,0.3286454981505323
-5.548304249106485,10.112004348650684,32.63395929131779,-0.7785696502127063,0.3286454981505323
-4.604582780708725,9.30771358515053,32.63395929131779,-0.7785696502127063,0.32375857624494814
-4.627129245680993,9.30207057017962,32.59354491579249,-0.7878492282186393,0.32375857624494814
-5.172102549171034,9.309934246292432,32.59354491579249,-0.7878492282186393,0.3192207201897629
-5.201585114208192,9.312881563710587,32.53147269933,-0.7984711233120394,0.3192207201897629
-5.243914066203337,7.694784067964448,32.53147269933,-0.7984711233120394,0.3040363556974122
-5.263744666217835,7.696986824541296,32.475683155602795,-0.8165979910582993,0.3040363556974122
-5.7733863641540015,11.283886052024505,32.475683155602795,-0.8165979910582993,0.3040363556974122
-5.787343325679094,11.287372384112825,32.42165358026063,-0.8028146686794317,0.30543261909900765
-5.5976285512419155,7.607648137865082,32.42165358026063,-0.8028146686794317,0.2829178717482808
-5.617549434727808,7.607648137865082,32.356638241182964,-0.8229713549065677,0.2829178717482808
-4.757827122544724,8.398372160738237,32.356638241182964,-0.8229713549065677,0.2619739207243489
-4.77973830161248,8.398372160738237,32.3114426924829,-0.826183040186576,0.2619739207243489
-5.329690778890086,9.248528797650216,32.3114426924829,-0.826183040186576,0.2516764781375823
-5.3490723154080575,9.248528797650216,32.25435899476371,-0.81650568036931,0.2516764781375823
-4.328839082175177,8.648779923928764,32.25435899476371,-0.81650568036931,0.23684117949563052
-4.348070339691535,8.646376533368203,32.207360841963926,-0.7983326392128987,0.23684117949563052
-4.642789434358029,9.607076045704927,32.207360841963926,-0.7983326392128987,0.22898719786165606
-4.652618592121014,9.608715374847556,32.16025943923197,-0.7855627239314925,0.22898719786165606
-4.423456811844676,10.06329744722361,32.16025943923197,-0.7855627239314925,0.22619467105846514
-4.429890753246087,10.06329744722361,32.11100895893286,-0.7516908459568358,0.22619467105846514
-4.8226130769818285,4.7395614231991745,32.11100895893286,-0.7516908459568358,0.18343410438460403
-4.8319874451570435,4.737218981589945,32.065441971543315,-0.7629214589480298,0.18343410438460403
-4.647122546894534,7.871174265359644,32.065441971543315,-0.7629214589480298,0.1673770752662562
-4.660996980905411,7.871174265359644,32.01275920164812,-0.7393610040290157,0.1673770752662562
-4.821197432315346,7.505103113326017,32.01275920164812,-0.7393610040290157,0.1673770752662562
-4.826537140140271,7.505103113326017,31.972365765948354,-0.7116332978189203,0.15289084247470328
-4.81474431653209,10.032206054795076,31.972365765948354,-0.7116332978189203,0.15812683023068627
-4.817290510633171,10.032206054795076,31.91450763563534,-0.6628084265286447,0.15812683023068627
-4.205965717107812,7.80950044308967,31.91450763563534,-0.6628084265286447,0.15812683023068627
-4.205944303120624,7.8124318087678,31.871667901985234,-0.630702025618565,0.14835298641951802
-4.656915791798827,4.802166139269851,31.871667901985234,-0.630702025618565,0.14835298641951802
-4.6554223673479305,4.8036530999628715,31.826848166719905,-0.6188926442679997,0.11711159280881951
-5.216464344662346,7.113396766625829,31.826848166719905,-0.6188926442679997,0.11711159280881951
-5.216454808930457,7.115816327293183,31.777758793361805,-0.5820410295585852,0.11362093430483085
-4.380379216881585,5.1994669879043975,31.777758793361805,-0.5820410295585852,0.11362093430483085
-4.380372246641404,5.201521002877881,31.733520431879437,-0.5644790389905011,0.09529497715889039
-4.74325128774024,9.119118830204945,31.733520431879437,-0.5644790389905011,0.10227629416686772
-4.7408074841125485,9.121538813372634,31.67930587852213,-0.5025009946874098,0.10227629416686772
-3.6949618587589614,6.4508444198289325,31.67930587852213,-0.5025009946874098,0.10227629416686772
-3.6897125421551964,6.45346128299538,31.642207861474088,-0.47262357418672735,0.09965830028887622
-4.1540041589702765,5.644212082903601,31.642207861474088,-0.47262357418672735,0.09459684545809266
-4.148197183609729,5.647685349241173,31.607573101758877,-0.4523727882372003,0.09459684545809266
-5.597201293140504,4.44653350506643,31.607573101758877,-0.4523727882372003,0.08133234314293576
-5.591989030297155,4.451733044161055,31.544241654296368,-0.4282618112016969,0.08133234314293576
-5.451150830600214,6.452371804202301,31.544241654296368,-0.4282618112016969,0.08621926504851989
-5.444025187567438,6.457114822883205,31.495677412391693,-0.38533812902383124,0.08621926504851989
-5.262690240981934,5.51363302003774,31.495677412391693,-0.38533812902383124,0.08779006137531478
-5.259045919604902,5.517264528481717,31.44194656962057,-0.3641421080671025,0.08779006137531478
-6.576785731812545,5.116699261231948,31.44194656962057,-0.3641421080671025,0.09058258817850572
-6.571196509938186,5.1200467881488025,31.376141457311736,-0.3355269502811899,0.09058258817850572
-7.114846403068681,7.526515505473114,31.376141457311736,-0.3355269502811899,0.10873401239924674
-7.105669899666938,7.530183097256329,31.296007850378636,-0.3006719209513261,0.10873401239924674
-5.98094888723802,7.294330439315936,31.296007850378636,-0.3006719209513261,0.1254891732183923
-5.9765222909340325,7.298751269608054,31.23787722275916,-0.2706157751394541,0.1254891732183923
-5.369108774940073,7.1607196059039735,31.23787722275916,-0.2706157751394541,0.13648474750595657
-5.364331586459177,7.1607196059039735,31.189422540079814,-0.24351189709237586,0.13648474750595657
-4.573423485742278,6.329405765210443,31.189422540079814,-0.24351189709237586,0.1457349925415265
-4.568951306031214,6.3264223812224305,31.141106379820677,-0.21627365521060327,0.1457349925415265
-4.7898768187100345,4.348115507911445,31.141106379820677,-0.21627365521060327,0.14556045961632708
-4.786586664266501,4.3415299012945745,31.090201565280537,-0.22040310070096295,0.14556045961632708
-6.186108924161307,7.87069649029387,31.090201565280537,-0.22040310070096295,0.17278759594743864
-6.183055421215808,7.867641548287501,31.030042929973146,-0.1963018563095981,0.17278759594743864
-6.493687080883359,8.359220884481918,31.030042929973146,-0.1963018563095981,0.19547687622336493
-6.491844049660401,8.35553329420526,30.967783488848873,-0.16766166821706782,0.19547687622336493
-5.812287542345577,6.396863503707071,30.967783488848873,-0.16766166821706782,0.2033308578573394
-5.812287931925413,6.392288029312483,30.902816934336766,-0.17566293859945536,0.2033308578573394
-5.681636912857397,6.761637015869371,30.902816934336766,-0.17566293859945536,0.2158972284716986
-5.68,6.756725350547003,30.84540680158393,-0.1714037479163272,0.2158972284716986
-5.17,5.035856281385553,30.84540680158393,-0.1714037479163272,0.2158972284716986
-5.1720720127157485,5.035856281385553,30.792646390038964,-0.19177875693756108,0.22357667718047364
-4.8221245279463565,7.585751406277677,30.792646390038964,-0.19177875693756108,0.25080381351158515
-4.828498110869904,7.585751406277677,30.743173253050525,-0.1858159146167641,0.25080381351158515
-4.446647713671699,6.156676517883031,30.743173253050525,-0.1858159146167641,0.2659881780039358
-4.449970443837633,6.1583383527383715,30.69812610337005,-0.20984921610820242,0.2659881780039358
-4.46758288872144,6.4587362832365445,30.69812610337005,-0.20984921610820242,0.2659881780039358
-4.46884256993662,6.462526843139862,30.653165586801034,-0.22828250657210142,0.2748893571891069
-4.360444047110378,4.092984263783254,30.653165586801034,-0.22828250657210142,0.26930430358272506
-4.358950544394003,4.095968028848792,30.61245133526791,-0.27137037749025017,0.26930430358272506
-5.812341298769154,7.058229254041614,30.61245133526791,-0.27137037749025017,0.28361600344907856
-5.812334843893183,7.068510983489905,30.555750902302734,-0.2869875074509863,0.28361600344907856
-5.20329824792818,7.079956103179268,30.555750902302734,-0.2869875074509863,0.29496064358704166
-5.205510090241255,7.086604257983176,30.499190263540967,-0.3076135707090855,0.29496064358704166
-4.750121402113318,7.417367236630927,30.499190263540967,-0.3076135707090855,0.2996730325674264
-4.750116655862829,7.421703964979856,30.452493633175685,-0.3258737717311429,0.2996730325674264
-3.879970528714104,7.271390320114968,30.452493633175685,-0.3258737717311429,0.30054569719342356
-3.8799689780681277,7.272814571083027,30.415742470681817,-0.3418563460041344,0.30054569719342356
-4.592858732120178,5.379412334063895,30.415742470681817,-0.3418563460041344,0.290248254606657
-4.591021771243662,5.379412334063895,30.363507517493158,-0.38118034126236927,0.290248254606657
-4.769905459046101,7.526443876433782,30.363507517493158,-0.38118034126236927,0.29408797896104455
-4.77155797267352,7.524792851532608,30.317287780104053,-0.3986344633405276,0.29408797896104455
-4.872522400529416,7.756860276136544,30.317287780104053,-0.3986344633405276,0.3043854215478111
-4.872524054350603,7.755071243037676,30.26927788970924,-0.4060034810735468,0.3043854215478111
-5.354825407832007,6.249669452784139,30.26927788970924,-0.4060034810735468,0.3078760800517997
-5.354829403690779,6.243314848068666,30.21539450564984,-0.4398933929915061,0.3078760800517997
-5.317743029923587,6.382179377841203,30.21539450564984,-0.4398933929915061,0.3080506129769992
-5.317749831403255,6.376646210491712,30.161536359518006,-0.47344920351713565,0.3080506129769992
-3.9412537261616394,8.309650608673518,30.161536359518006,-0.47344920351713565,0.3183480555637657
-3.9396566758483544,8.298390680021603,30.113940441288808,-0.48518325808592355,0.3183480555637657
-4.094106891683012,6.257648946164247,30.113940441288808,-0.48518325808592355,0.3097959422289935
-4.096467367116105,6.241186235996432,30.070284719284565,-0.5162998682261536,0.3097959422289935
-4.784391638848768,6.953559190917221,30.070284719284565,-0.5162998682261536,0.3028146252210162
-4.790570061123487,6.943276799136346,30.025132081091073,-0.532063291620061,0.3028146252210162
-5.673962886470811,8.871871086871833,30.025132081091073,-0.532063291620061,0.31241393610698504
-5.675368089417588,8.867681002070627,29.968322981930744,-0.5446798272527906,0.31241393610698504
-4.794615599399946,4.588758849026531,29.968322981930744,-0.5446798272527906,0.31241393610698504
-4.79462174622381,4.583442963546713,29.91699965586318,-0.5760648795790193,0.29112091923265415
-4.394119438878565,9.844388300222954,29.91699965586318,-0.5760648795790193,0.30176742766981957
-4.391563063644425,9.839251556163772,29.86861978169996,-0.576483348713757,0.30176742766981957
-4.8984238754139735,6.90093032578818,29.86861978169996,-0.576483348713757,0.29496064358704166
-4.8963818226381886,6.894788085162723,29.814156052680985,-0.5927731932567356,0.29496064358704166
-5.96994476708417,5.14274373373679,29.814156052680985,-0.5927731932567356,0.27174776453551713
-5.972440679241246,5.137757226691315,29.753543968257993,-0.6197129726402041,0.27174776453551713
-6.615635191426392,7.8374984188310215,29.753543968257993,-0.6197129726402041,0.2673844414055313
-6.624180243201996,7.8374984188310215,29.688277778308866,-0.6219041598194005,0.2673844414055313
-4.506143131045617,6.376902665582934,29.688277778308866,-0.6219041598194005,0.25865779514555964
-4.51049214818099,6.383437579440151,29.646217146397223,-0.6300117148764721,0.25865779514555964
-4.30340859481528,5.503726427299115,29.646217146397223,-0.6300117148764721,0.2488839513343914
-4.3029156180417365,5.504456087566269,29.595416368648714,-0.6545061616757742,0.2488839513343914
-5.7525463869184685,5.085993776521311,29.595416368648714,-0.6545061616757742,0.23596851486963336
-5.750450676022732,5.089129679182424,29.53516410175053,-0.6699472720596167,0.23596851486963336
-6.630908845161412,5.678216960876485,29.53516410175053,-0.6699472720596167,0.2207841503772827
-6.62881484816055,5.682398386623509,29.47514368832996,-0.6851193037534399,0.2207841503772827
-6.232420095075792,7.325196008863911,29.47514368832996,-0.6851193037534399,0.22008601867648495
-6.234902282465085,7.33515871478402,29.41250880938358,-0.6751080155470194,0.22008601867648495
-5.5643706256644245,5.445897394461466,29.41250880938358,-0.6751080155470194,0.20734511513692636
-5.571675327156506,5.453207839797856,29.351606165388596,-0.674730635074508,0.20734511513692636
-6.37457425437981,5.609216728280746,29.351606165388596,-0.674730635074508,0.19285888234537343
-6.380234278574148,5.61677667779407,29.28244221842752,-0.680321269945663,0.19285888234537343
-6.314621709658167,6.5448578673525954,29.28244221842752,-0.680321269945663,0.18605209826259553
-6.323269125771533,6.549185188793553,29.22193480727614,-0.674331651162793,0.18605209826259553
-5.749292527282089,7.450179683646345,29.22193480727614,-0.674331651162793,0.1837831702350029
-5.757145540670668,7.452144201047327,29.158887961594424,-0.6432190689636806,0.1837831702350029
-5.592415579645513,5.747932129093427,29.158887961594424,-0.6432190689636806,0.17627825445142728
-5.5934502031077855,5.747932129093427,29.109479698249373,-0.6452966534913872,0.17627825445142728
-6.173627973712351,6.103289465930431,29.109479698249373,-0.6452966534913872,0.16755160819145562
-6.1753159964536986,6.099933083190247,29.039470175270033,-0.6298696529698418,0.16755160819145562
-5.3774731146232515,7.915010257672612,29.039470175270033,-0.6298696529698418,0.16964600329384885
-5.379978848487577,7.91251112297322,28.988136760542027,-0.6066745541754129,0.16964600329384885
-4.936692680694645,6.850831904002174,28.988136760542027,-0.6066745541754129,0.16964600329384885
-4.938009173274943,6.84952134093013,28.936783763322985,-0.5782514484536335,0.16283921921107095
-5.406070838041289,5.7645377349637075,28.936783763322985,-0.5782514484536335,0.15062191444711065
-5.4080148293852845,5.7606704115483085,28.878463010842776,-0.5708119399597644,0.15062191444711065
-5.5259896015806085,7.444681361236733,28.878463010842776,-0.5708119399597644,0.15236724369910498
-5.533610918463284,7.437081343927607,28.82795556285276,-0.5370278018633468,0.15236724369910498
-5.310019102389808,5.308187890614018,28.82795556285276,-0.5370278018633468,0.14276793281313616
-5.310019102389808,5.308187890614018,28.76947813282906,-0.5292463382830328,0.14276793281313616
-4.657584843865393,8.54915518901664,28.76947813282906,-0.5292463382830328,0.15917402778188286
-4.6559130533177715,8.54915518901664,28.727057273525755,-0.48898259816028106,0.15917402778188286
-4.594658198716798,4.6228970534199405,28.727057273525755,-0.48898259816028106,0.143116998663535
-4.592572470379996,4.6228970534199405,28.679187875174513,-0.474601912269274,0.143116998663535
-5.946319143113769,7.135613303936554,28.679187875174513,-0.474601912269274,0.143116998663535
-5.944422937462817,7.141244268049392,28.620189403559046,-0.45141083846144997,0.14695672301792254
-7.247734409818317,3.850097362283183,28.620189403559046,-0.45141083846144997,0.13718287920675432
-7.249704089476505,3.8620403561619083,28.544052246957595,-0.4503655815049201,0.13718287920675432
-6.061330928781824,4.680490304083015,28.544052246957595,-0.4503655815049201,0.13264502315156906
-6.063682043322959,4.694753991054747,28.48793946811254,-0.44667434837143716,0.13264502315156906
-4.89780535529003,7.402439519410961,28.48793946811254,-0.44667434837143716,0.1467821900927231
-4.896538459478039,7.410970732426814,28.43775053220609,-0.41184147210953653,0.1467821900927231
-5.716295389688836,5.0478948844250855,28.43775053220609,-0.41184147210953653,0.14782938764391973
-5.714512222989184,5.05402674009771,28.379967738782426,-0.4028703459739047,0.14782938764391973
-6.674163456199706,5.960973885562935,28.379967738782426,-0.4028703459739047,0.15446163880149816
-6.670256849207027,5.976443411599628,28.31148406647985,-0.3849606869509147,0.15446163880149816
-7.626888878089134,5.622562185683309,28.31148406647985,-0.3849606869509147,0.158824961931484
-7.6268531979770415,5.640061036821175,28.23451307732563,-0.3779263389533082,0.158824961931484
-6.379314908571998,5.677706752483061,28.23451307732563,-0.3779263389533082,0.16528268016386302
-6.385377182383312,5.70210588715341,28.166720423955297,-0.3595753971725683,0.16528268016386302
-6.392215039283133,4.016119197072923,28.166720423955297,-0.3595753971725683,0.15707963267948966
-6.3921978997687505,4.021870379733085,28.101855602868905,-0.3708207370485981,0.15707963267948966
-5.944484879883465,7.619585492453273,28.101855602868905,-0.3708207370485981,0.17296212887263807
-5.942711829322525,7.623081492304642,28.041176909981456,-0.33595680280561124,0.17296212887263807
-5.718890375421481,3.8411252354827337,28.041176909981456,-0.33595680280561124,0.15550883635269477
-5.716619522501005,3.8456550471673134,27.98667738602355,-0.34570112595952446,0.15550883635269477
-4.9681778353506525,7.538980280995496,27.98667738602355,-0.34570112595952446,0.16790067404185452
-4.972825826276216,7.541307287526158,27.937960806432184,-0.31443066461466856,0.16790067404185452
-6.402039561959827,6.310483268864088,27.937960806432184,-0.31443066461466856,0.16790067404185452
-6.4039561692189215,6.314337682554477,27.870395854183805,-0.2999367938798425,0.170518667919846
-7.236272260124934,4.030131927662696,27.870395854183805,-0.2999367938798425,0.16598081186466074
-7.236272260124934,4.030131927662696,27.79490493432214,-0.3061408472715491,0.16598081186466074
-6.822300275373622,5.382531815384352,27.79490493432214,-0.3061408472715491,0.16912240451825053
-6.818839557226674,5.382531815384352,27.728261274980298,-0.29627169774778706,0.16912240451825053
-5.634541800598267,4.476408015476927,27.728261274980298,-0.29627169774778706,0.1651081472386636
-5.6309784777158685,4.476408015476927,27.672814265719527,-0.29996279818159877,0.1651081472386636
-5.204708445838335,3.3985953308430132,27.672814265719527,-0.29996279818159877,0.1567305668290908
-5.204706063887401,3.4009739140851765,27.618744385515352,-0.3085923579188503,0.1567305668290908
-6.386900396648721,4.690193310626499,27.618744385515352,-0.3085923579188503,0.15550883635269477
-6.395622760816787,4.69310196056016,27.554111995154535,-0.3080778349015323,0.15550883635269477
-7.039592666321664,5.958636485378255,27.554111995154535,-0.3080778349015323,0.16441001553786586
-7.051030162133202,5.967803169894218,27.487627542565868,-0.28745234988869206,0.16441001553786586
-6.767323331448467,5.573834254503899,27.487627542565868,-0.28745234988869206,0.16441001553786586
-6.7678549690137295,5.576626235994588,27.41140770369634,-0.2823026154648655,0.16982053621904827
-6.658239278874368,5.647723596546991,27.41140770369634,-0.2823026154648655,0.1768018532270256
-6.658217251053024,5.651252152092349,27.345346239233674,-0.27596180326020825,0.1768018532270256
-6.560809022159404,4.362995498956757,27.345346239233674,-0.27596180326020825,0.1708677337702449
-6.563017392076272,4.365208226903199,27.280687020934963,-0.2793507213834236,0.1708677337702449
-6.381297378826352,2.9326645820815953,27.280687020934963,-0.2793507213834236,0.15655603390389136
-6.388681515852917,2.937591546351972,27.218237438357612,-0.29768451872759083,0.15655603390389136
-6.854239235093079,4.968867151937531,27.218237438357612,-0.29768451872759083,0.15707963267948966
-6.869932784284641,4.974102398877889,27.153395043064982,-0.28593740561118935,0.15707963267948966
-6.430178998657508,5.786985272144624,27.153395043064982,-0.28593740561118935,0.16336281798666924
-6.449233797045398,5.794140189096535,27.088725890053574,-0.2787124209107463,0.16336281798666924
-6.395190425089258,4.610008451693836,27.088725890053574,-0.2787124209107463,0.16301375213627037
-6.398782793821682,4.612719283979363,27.024014043150803,-0.2765083352330463,0.16301375213627037
-7.212443405672784,3.8776997913400613,27.024014043150803,-0.2765083352330463,0.15655603390389136
-7.217795692609098,3.880382687441272,26.949632652993593,-0.27493228745890813,0.15655603390389136
-6.981151161444548,5.255955861434512,26.949632652993593,-0.27493228745890813,0.15725416560468908
-6.992436666897784,5.260478075900511,26.875054807330045,-0.2631565720584775,0.15725416560468908
-6.205651595282607,3.7779383603766843,26.875054807330045,-0.2631565720584775,0.1476548547187203
-6.220458968240183,3.7828795537043596,26.812343935278346,-0.2702833058186504,0.1476548547187203
-6.566305282863473,5.500505254801648,26.812343935278346,-0.2702833058186504,0.15027284859671178
-6.578157252831851,5.500505254801648,26.747950224906127,-0.252605424083063,0.15027284859671178
-6.092366040829603,4.286395130122053,26.747950224906127,-0.252605424083063,0.14521139376592823
-6.09851293124337,4.2876266493002895,26.683657433610165,-0.24937334905549785,0.14521139376592823
-5.781245038420793,5.082439284353138,26.683657433610165,-0.24937334905549785,0.14556045961632708
-5.785778557001378,5.083954821262188,26.629616685056792,-0.24054058725694696,0.14556045961632708
-6.43610500699279,3.5177304079030334,26.629616685056792,-0.24054058725694696,0.13683381335635544
-6.445063914230279,3.519972664144566,26.56688863595533,-0.24227117359764597,0.13683381335635544
-6.960804234476078,3.8147311815727436,26.56688863595533,-0.24227117359764597,0.13177235852557187
-6.9659934911401935,3.8164645748279664,26.4931771696226,-0.23457955187048116,0.13177235852557187
-7.107953177546545,4.768541723018071,26.4931771696226,-0.23457955187048116,0.13177235852557187
-7.110782968653387,4.7699634137360905,26.419383102769487,-0.22207234270466739,0.13177235852557187
-6.386803947420921,5.145205443403753,26.419383102769487,-0.22207234270466739,0.1329940890019679
-6.39128454558643,5.147453333254986,26.356243186375153,-0.2132815823992409,0.1329940890019679
-6.341384926500351,3.9486735275376597,26.356243186375153,-0.2132815823992409,0.12636183784438945
-6.3429838261680676,3.950284020277248,26.292534724230354,-0.19972567420595982,0.12636183784438945
-6.350819895010267,2.9876178148842363,26.292534724230354,-0.19972567420595982,0.12636183784438945
-6.3544069277091095,2.9894159586440576,26.230443192778427,-0.20596895173439145,0.11449359893082803
-6.642849317431998,4.78691142890206,26.230443192778427,-0.20596895173439145,0.11606439525762292
-6.647208641202452,4.791299998334268,26.167595968492837,-0.1875390063101547,0.11606439525762292
-6.647208641202452,4.791299998334268,26.167595968492837,-0.1875390063101547,0.11606439525762292
-6.032021067184965,3.5845349556340795,26.105282453711364,-0.18350991106034006,0.10995574287564276
-6.202613279271131,4.327190156337314,26.105282453711364,-0.18350991106034006,0.10995574287564276
-6.20562141777765,4.32870119408373,26.041697851625518,-0.164804586127549,0.11239920382843482
-6.4346092647184125,3.606176327685071,26.041697851625518,-0.164804586127549,0.10943214410004447
-6.4363899621069836,3.6079686952368215,25.97931852477719,-0.15594687487938805,0.10943214410004447
-6.565432516553466,3.666104519095549,25.97931852477719,-0.15594687487938805,0.10943214410004447
-6.567384142763922,3.6700551440662763,25.916989455419586,-0.14695827694747576,0.10681415022205297
-6.71143685302764,4.103258968486597,25.916989455419586,-0.14695827694747576,0.10681415022205297
-6.718021541245017,4.107667292494803,25.844535286303117,-0.13297915609278452,0.10681415022205297
-6.739522067347264,3.599479157871201,25.844535286303117,-0.13297915609278452,0.10681415022205297
-6.745860341097503,3.6058546645038247,25.78258646233842,-0.12370706529033267,0.10646508437165411
-6.443267139910423,3.184657360184803,25.78258646233842,-0.12370706529033267,0.10227629416686772
-6.446907198195213,3.1883198726161757,25.71107542963163,-0.12487655862208157,0.10227629416686772
-6.967539701105783,1.545535611034691,25.71107542963163,-0.12487655862208157,0.08360127117052839
-6.979796210348703,1.5553602987505752,25.65090030619111,-0.13082477147744614,0.08360127117052839
-6.500256856605743,5.297020748722474,25.65090030619111,-0.13082477147744614,0.0947713783832921
-6.51207076614608,5.3041457105443035,25.578302810577224,-0.09730399555474503,0.0947713783832921
-6.544075592516476,3.007508520006668,25.578302810577224,-0.09730399555474503,0.09232791743050003
-6.556907843804955,3.0160962845407258,25.517532038739645,-0.09304408022094164,0.09232791743050003
-6.3266432506266765,3.8891407917198983,25.517532038739645,-0.09304408022094164,0.09808750396208132
-6.335766155250615,3.894644065678963,25.455513369319586,-0.08313272343885283,0.09808750396208132
-6.424393654980794,2.893167440766107,25.455513369319586,-0.08313272343885283,0.09128071987930345
-6.4352974528215094,2.8986390540165945,25.39380444303336,-0.07309117139850951,0.09128071987930345
-6.700255573202221,2.9866595090209245,25.39380444303336,-0.07309117139850951,0.08761552845011535
-6.71393798614607,2.9935224140972956,25.32321209108661,-0.06902003698582794,0.08761552845011535
-6.3085918021028995,3.0900919518378447,25.32321209108661,-0.06902003698582794,0.08709192967451705
-6.323834353344721,3.0944565152066437,25.262704029619474,-0.06429895362569586,0.08709192967451705
-6.5547557910656336,2.159507800457201,25.262704029619474,-0.06429895362569586,0.08168140899333462
-6.566683025347243,2.163491887009141,25.201671755392507,-0.05947049660032231,0.08168140899333462
-6.608713353888818,4.184015919312949,25.201671755392507,-0.05947049660032231,0.08831366015091309
-6.6231598537417895,4.186083505166916,25.130493722645838,-0.045055277827334,0.08831366015091309
-6.704158020385916,0.7679499724510603,25.130493722645838,-0.045055277827334,0.07312929565856241
-6.716228397274509,0.7699632474213398,25.060051567579734,-0.04611860051626893,0.07312929565856241
-6.581459892298505,4.799679287385367,25.060051567579734,-0.04611860051626893,0.08744099552491591
-6.598580648956036,4.802129935470046,24.9990808622678,-0.020985803523309126,0.08744099552491591
-6.105633653356762,2.893783447546366,24.9990808622678,-0.020985803523309126,0.09128071987930345
-6.113888751389984,2.893783447546366,24.937848748733682,-0.020070074518819064,0.09128071987930345
-6.433142481504634,1.5848852084100025,24.937848748733682,-0.020070074518819064,0.08220500776893293
-6.442191999275952,1.5848852084100025,24.877105940740698,-0.02467597082555775,0.08220500776893293
-6.609386674952189,2.5417207980713945,24.877105940740698,-0.02467597082555775,0.08133234314293576
-6.6174428515109796,2.5377052303959866,24.806566591078184,-0.015324204813186736,0.08133234314293576
-6.265827643394826,3.0622739550429943,24.806566591078184,-0.015324204813186736,0.08726646259971647
-6.272803432773988,3.0605335343914932,24.745366326373606,-0.009729539468454049,0.08726646259971647
-6.382308447974253,2.71021258360554,24.745366326373606,-0.009729539468454049,0.08726646259971647
-6.388008810738594,2.7064318815414268,24.684513207344104,-0.008332715582334898,0.0926769832808989
-6.471144801650766,2.7674908074946147,24.684513207344104,-0.008332715582334898,0.09564404300928926
-6.479998343632722,2.763078283772929,24.62407483837706,-0.0025133795721300964,0.09564404300928926
-6.535185628427511,1.1368992525666088,24.62407483837706,-0.0025133795721300964,0.0879645943005142
-6.540281130782913,1.1318217474494505,24.553811036140058,-0.016997917039056308,0.0879645943005142
-6.9370108540401905,3.1363632251672175,24.553811036140058,-0.016997917039056308,0.09564404300928926
-6.940498603302667,3.132912890784103,24.482255323784784,-0.005655537860185244,0.09564404300928926
-6.365911884193586,2.2759016182431973,24.482255323784784,-0.005655537860185244,0.09721483933608416
-6.367705487149026,2.2706478003824198,24.421530344943292,-0.013738194449890257,0.09721483933608416
-6.482504431769148,3.1164365614871556,24.421530344943292,-0.013738194449890257,0.10471975511965978
-6.484527868290069,3.1105418767668467,24.36038841715223,-0.001709399964295366,0.10471975511965978
-6.438740131818099,1.1991171093468957,24.36038841715223,-0.001709399964295366,0.0973893722612836
-6.4430149039159845,1.1927352938721434,24.290875017416933,-0.015680818894967405,0.0973893722612836
-6.1606826376187165,2.136731772226821,24.290875017416933,-0.015680818894967405,0.09878563566287905
-6.1621683914144105,2.133813750631293,24.229450151915984,-0.023381449961701373,0.09878563566287905
-6.031424107105984,2.692592783488908,24.229450151915984,-0.023381449961701373,0.10419615634406147
-6.03017382391522,2.6913241048736247,24.16762691235928,-0.020961675922440203,0.10419615634406147
-6.1372913503985345,3.747777811181901,24.16762691235928,-0.020961675922440203,0.11344640137963143
-6.135451182921458,3.745912101131281,24.106223160379454,-0.008420387155265227,0.11344640137963143
-6.121896306344673,1.5869635215874094,24.106223160379454,-0.008420387155265227,0.1075122819228507
-6.119059665778706,1.5855391275297215,24.0451747452706,-0.0199316067006474,0.1075122819228507
-6.685942947929928,3.130922757982218,24.0451747452706,-0.0199316067006474,0.11641346110802178
-6.682268935589914,3.130922757982218,23.984169956182413,-0.017117632292736776,0.11641346110802178
-6.851945518908246,2.984038156545757,23.984169956182413,-0.017117632292736776,0.12426744274199626
-6.847448257480613,2.984038156545757,23.912498340037494,-0.008675852711581142,0.12426744274199626
-7.056526878213223,3.575794305323905,23.912498340037494,-0.008675852711581142,0.13578661580515886
-7.05124793856556,3.575794305323905,23.8400990221254,-0.014212815982815763,0.13578661580515886
-6.745931765567758,2.476262349248887,23.8400990221254,-0.014212815982815763,0.13212142437597074
-6.7380458136363,2.4723020648584213,23.76950389899181,-0.019551780383437675,0.13212142437597074
-6.467633101497346,2.208410475605219,23.76950389899181,-0.019551780383437675,0.12863076587198208
-6.459151907713613,2.2020165663651268,23.709240882199968,-0.020277191158607558,0.12863076587198208
-6.298592911872002,3.0060028147489346,23.709240882199968,-0.020277191158607558,0.13177235852557187
-6.291652172661759,3.0018048369622856,23.64762627055075,-0.02085395030451488,0.13177235852557187
-6.272774439668835,2.480142242128084,23.64762627055075,-0.02085395030451488,0.1349139511791617
-6.265672555382722,2.4783623407774833,23.576989735170997,-0.035648849278998695,0.1349139511791617
-6.261165969884226,2.6376677728098907,23.576989735170997,-0.035648849278998695,0.1349139511791617
-6.255706574419487,2.634922151921378,23.515468443805943,-0.04000719915408978,0.13840460968315035
-6.812345258062878,3.0459947426133556,23.515468443805943,-0.04000719915408978,0.14381513036433277
-6.807312280062501,3.042615837396316,23.44464987605592,-0.04442455478815102,0.14381513036433277
-7.296662016216094,3.1122709243493114,23.44464987605592,-0.04442455478815102,0.14905111812031577
-7.291639624160188,3.1088990338787164,23.373634543837873,-0.04272321428657516,0.14905111812031577
-6.526557974172008,2.3960416188982685,23.373634543837873,-0.04272321428657516,0.15166911199830724
-6.523246164547646,2.3960416188982685,23.31281483692248,-0.056532260292126865,0.15166911199830724
-6.6025465875588045,4.417919699635186,23.31281483692248,-0.056532260292126865,0.16807520696705394
-6.6006609103333815,4.417919699635186,23.242073098316883,-0.04846964915024744,0.16807520696705394
-7.106551019298539,1.2118054318193259,23.242073098316883,-0.04846964915024744,0.16126842288427606
-7.110620508102803,1.2138442532252671,23.172226510899918,-0.07611282194248302,0.16126842288427606
-7.2327761938278154,4.457861776856903,23.172226510899918,-0.07611282194248302,0.1752310569002307
-7.238031763867324,4.459622305613238,23.101787714290115,-0.067568749916769,0.1752310569002307
-6.582990615430271,3.7222393318167684,23.101787714290115,-0.067568749916769,0.17872171540421936
-6.588334257262284,3.7240280761210287,23.031392796807705,-0.08279237584428158,0.17872171540421936
-6.068177909504831,2.472863419908802,23.031392796807705,-0.08279237584428158,0.17872171540421936
-6.071527117299357,2.472863419908802,22.970678171821714,-0.09362953562014313,0.17191493132144145
-6.220771778293907,3.7995940521271936,22.970678171821714,-0.09362953562014313,0.17348572764823636
-6.2285427375624876,3.8015430518412967,22.910925881732716,-0.09425625826910772,0.17348572764823636
-6.205259274952973,5.008010056674428,22.910925881732716,-0.09425625826910772,0.18413223608540177
-6.208467483287403,5.008010056674428,22.850128615131208,-0.08467224263617949,0.18413223608540177
-6.956038139524857,3.5365147397716123,22.850128615131208,-0.08467224263617949,0.182212373908208
-6.959280904209083,3.531738590502981,22.779533544383707,-0.09890872043548694,0.182212373908208
-6.696234737098079,2.07451397968697,22.779533544383707,-0.09890872043548694,0.16720254234105678
-6.69736712351021,2.07122210802706,22.70801923515143,-0.11495478586842711,0.16720254234105678
-6.622863404281559,5.352215231209228,22.70801923515143,-0.11495478586842711,0.17488199104983182
-6.623017305066364,5.3423472667342065,22.648000268805454,-0.09470408587457958,0.17488199104983182
-6.426426664703118,2.9044281559945646,22.648000268805454,-0.09470408587457958,0.16667894356545848
-6.42649345200845,2.8968826378429777,22.578147592626667,-0.10425012086611045,0.16667894356545848
-6.510565847848971,4.0056111142446404,22.578147592626667,-0.10425012086611045,0.16667894356545848
-6.510681007961739,3.9968628486155273,22.518005937398645,-0.10356189673059184,0.16790067404185452
-6.00341897716578,3.606042657379313,22.518005937398645,-0.10356189673059184,0.16702800941585735
-6.001581357602269,3.6011880253955364,22.456557679923772,-0.10874754416645674,0.16702800941585735
-6.125204749066485,3.0211205970208765,22.456557679923772,-0.10874754416645674,0.1624901533606721
-6.121688942690841,3.0139484130975362,22.396463898815735,-0.11374467518256212,0.1624901533606721
-6.421526388170056,3.4101862387447803,22.396463898815735,-0.11374467518256212,0.16057029118347835
-6.418146539220613,3.401493502647796,22.326449397402993,-0.11238978022573197,0.16057029118347835
-6.647437432144796,3.7667837489041966,22.326449397402993,-0.11238978022573197,0.16231562043547265
-6.64342372832157,3.7640788145382116,22.255788204216376,-0.11690916829170558,0.16231562043547265
-6.8258403327846064,4.03626658646205,22.255788204216376,-0.11690916829170558,0.16598081186466074
-6.821820507776876,4.032200768538066,22.196224559065914,-0.11130023772354038,0.16598081186466074
-5.773174690305585,3.2087856323505464,22.196224559065914,-0.11130023772354038,0.16615534478986016
-5.770572784733707,3.2074753979951036,22.135782411009547,-0.10936437472411882,0.16615534478986016
-6.324564897157983,3.30228808477284,22.135782411009547,-0.10936437472411882,0.1642354826126664
-6.32112250827639,3.300557275025948,22.065931878657917,-0.11324531253824488,0.1642354826126664
-6.937071007052059,3.3025377788431602,22.065931878657917,-0.11324531253824488,0.1635373509118687
-6.935634091819027,3.303957900537075,21.995527998659785,-0.12074356525120787,0.1635373509118687
-6.866578888626009,2.725179814225751,21.995527998659785,-0.12074356525120787,0.15847589608108512
-6.866564523850527,2.727299053045043,21.936420860845974,-0.12433153632914327,0.15847589608108512
-6.213274126389961,4.168893378115261,21.936420860845974,-0.12433153632914327,0.16528268016386302
-6.2132301748341945,4.172515350096296,21.867233667301395,-0.11756092252529646,0.16528268016386302
-6.508959144922075,3.1580936913238737,21.867233667301395,-0.11756092252529646,0.16231562043547265
-6.512744117240847,3.1599954350823634,21.807673029271022,-0.12456236818832843,0.16231562043547265
-6.507975451183716,3.9519268425054026,21.807673029271022,-0.12456236818832843,0.16266468628587152
-6.5118154862339255,3.953858375920041,21.739006349187598,-0.11735926699200737,0.16266468628587152
-6.310974218108746,4.03101208127766,21.739006349187598,-0.11735926699200737,0.16528268016386302
-6.313809157382919,4.03101208127766,21.67892939439879,-0.12393862674908263,0.16528268016386302
-6.160597750101425,3.419097746102526,21.67892939439879,-0.12393862674908263,0.16318828506146982
-6.160597750101425,3.419097746102526,21.608781046389044,-0.11630387330685037,0.16318828506146982
-6.166588745213068,4.047038513713202,21.608781046389044,-0.11630387330685037,0.16493361431346415
-6.168434841569943,4.04521363227245,21.549666295180685,-0.10870677931757979,0.16493361431346415
-6.7016775437865075,4.359366751099417,21.549666295180685,-0.10870677931757979,0.1668534764906579
-6.7034325328063575,4.357634852603971,21.480619550885724,-0.10440006220205308,0.1668534764906579
-6.525805326663488,2.6449215519501323,21.480619550885724,-0.10440006220205308,0.15760323145508795
-6.525834469129562,2.6415417539571475,21.421059566675822,-0.11639789658396468,0.15760323145508795
-6.322763450230086,3.4004038517548096,21.421059566675822,-0.11639789658396468,0.15760323145508795
-6.322800916829731,3.3960629851627133,21.352459783313456,-0.11790980594867861,0.15358897417550102
-6.162264835863814,4.281453271908647,21.352459783313456,-0.11790980594867861,0.15707963267948966
-6.162312026699414,4.278996627563372,21.292957228387912,-0.09953401754861092,0.15707963267948966
-6.068706991015823,3.7264210178278137,21.292957228387912,-0.09953401754861092,0.1556833692778942
-6.065668987324339,3.7233406335942334,21.23347713921428,-0.10096337204173263,0.1556833692778942
-5.976166548998854,4.08859300334406,21.23347713921428,-0.10096337204173263,0.15638150097869194
-5.972567467729572,4.084947833065782,21.17501660373222,-0.09221339823507331,0.15638150097869194
-6.783293780944027,3.14336938215487,21.17501660373222,-0.09221339823507331,0.1518436449235067
-6.780127224098654,3.1401676111614045,21.105675421151904,-0.08922503828502644,0.1518436449235067
-6.390882276403902,4.01184389473442,21.105675421151904,-0.08922503828502644,0.15585790220309362
-6.386603768198265,4.010409992718782,21.036422501225324,-0.07972044821046932,0.15585790220309362
-5.813949741302358,3.3939327729627937,21.036422501225324,-0.07972044821046932,0.15620696805349252
-5.808760498525137,3.3926304878539724,20.976536596414274,-0.0803889281294978,0.15620696805349252
-6.183246678230281,4.0967946648562945,20.976536596414274,-0.0803889281294978,0.15620696805349252
-6.177715199449333,4.095406025779732,20.91741494388883,-0.07452965387904156,0.16318828506146982
-6.6481568668339115,2.725550033003598,20.91741494388883,-0.07452965387904156,0.15969762655748115
-6.642717601817939,2.723731708716801,20.848426407526134,-0.08438062854211267,0.15969762655748115
-6.606158475532922,3.8890375131273873,20.848426407526134,-0.08438062854211267,0.1668534764906579
-6.60101399618051,3.8890375131273873,20.780054205027948,-0.074034187613152,0.1668534764906579
-6.3121346383887005,3.1451632899057143,20.780054205027948,-0.074034187613152,0.16720254234105678
-6.308407754258213,3.1488614825770145,20.72084106323224,-0.08752708464880403,0.16720254234105678
-6.273189756467783,4.362680223708246,20.72084106323224,-0.08752708464880403,0.1764527873766267
-6.2705444607793535,4.365285285413741,20.65255705874484,-0.07036849454395679,0.1764527873766267
-6.711915036784425,3.535440051217951,20.65255705874484,-0.07036849454395679,0.18011797880581482
-6.708871124004708,3.538452091297799,20.593396401978712,-0.07344647555418743,0.18011797880581482
-7.063196377874631,3.767048397072666,20.593396401978712,-0.07344647555418743,0.1843067690106012
-7.063178933477079,3.7689116970945498,20.5151662498844,-0.07886946892779474,0.1843067690106012
-6.640907905077718,3.4225153153306516,20.5151662498844,-0.07886946892779474,0.18570303241219668
-6.640892054713572,3.424824143083024,20.447504058817156,-0.08452691175253992,0.18570303241219668
-6.176228857371775,4.206354077969048,20.447504058817156,-0.08452691175253992,0.19041542139258136
-6.176228857371775,4.206354077969048,20.38884001945014,-0.08049194533740217,0.19041542139258136
-6.574477083174181,3.78571300669297,20.38884001945014,-0.08049194533740217,0.19198621771937624
-6.573263704561804,3.78571300669297,20.319686598921095,-0.08564479435600246,0.19198621771937624
-6.905109559545849,4.512900244477108,20.319686598921095,-0.08564479435600246,0.19826940302655582
-6.905109559545849,4.512900244477108,20.25312361032412,-0.07057080441632807,0.19826940302655582
-6.878101536867352,3.020327520923492,20.25312361032412,-0.07057080441632807,0.1942551457469689
-6.880155440953519,3.018286826583284,20.18489179182854,-0.08518335676870957,0.1942551457469689
-6.566776017997513,2.9361816232268314,20.18489179182854,-0.08518335676870957,0.1907644872429802
-6.568426505909584,2.9329340017228556,20.116515872937452,-0.08955197287496915,0.1907644872429802
-6.791413507329473,4.750667051392445,20.116515872937452,-0.08955197287496915,0.19617500792416265
-6.791457771545615,4.747902848950816,20.048547411098184,-0.0836804707985297,0.19617500792416265
-6.694619049309444,4.108109726000645,20.048547411098184,-0.0836804707985297,0.19669860669976094
-6.694638189298551,4.106314549799925,19.981462986533813,-0.08103579913091688,0.19669860669976094
-6.699180687616465,3.1302559114127484,19.981462986533813,-0.08103579913091688,0.1907644872429802
-6.701281008291731,3.1281694629802947,19.913411731453134,-0.09458810254573032,0.1907644872429802
-6.59574395642361,4.3704166288153345,19.913411731453134,-0.09458810254573032,0.19303341527057286
-6.599604596082811,4.368495911209202,19.846572965961794,-0.08792766027572442,0.19303341527057286
-6.653543075896641,4.513120598928865,19.846572965961794,-0.08792766027572442,0.19792033717615698
-6.654911595545009,4.513120598928865,19.77898119972055,-0.08100969221631427,0.19792033717615698
-5.726430281354003,3.1930111407246415,19.77898119972055,-0.08100969221631427,0.18989182261698306
-5.725513008862031,3.1920782943534673,19.71983032289816,-0.08455458397699471,0.18989182261698306
-6.29526308834016,4.738212968046275,19.71983032289816,-0.08455458397699471,0.1895427567665842
-6.2933291213601805,4.736255835093408,19.663145047414066,-0.07790751560114857,0.1895427567665842
-6.2933291213601805,4.736255835093408,19.663145047414066,-0.07790751560114857,0.1895427567665842
-6.898906392936289,3.43114658491942,19.596720533119267,-0.07680683231444634,0.17976891295541594
-6.571401727485957,3.9326700212913153,19.596720533119267,-0.07680683231444634,0.18046704465621366
-6.573320994006232,3.9326700212913153,19.529521168190012,-0.07547053853978526,0.18046704465621366
-5.424872377782595,4.34316358796367,19.529521168190012,-0.07547053853978526,0.1848303677861995
-5.426105427775577,4.34316358796367,19.472049975843973,-0.06814829821474692,0.1848303677861995
-5.8234895097774215,4.9124720996871885,19.472049975843973,-0.06814829821474692,0.1848303677861995
-5.822272908208405,4.9124720996871885,19.415462580394603,-0.05064417703753522,0.1923352835697751
-6.311803281349701,3.2722383173252028,19.415462580394603,-0.05064417703753522,0.18360863730980345
-6.311803281349701,3.2722383173252028,19.348468029967385,-0.05199305510787953,0.18360863730980345
-6.698081026947236,3.3157827422514723,19.348468029967385,-0.05199305510787953,0.18360863730980345
-6.699824516392849,3.3175429260317997,19.28042245995828,-0.05968212149413581,0.17784905077822216
-6.335159557897526,5.17398280278463,19.28042245995828,-0.05968212149413581,0.18605209826259553
-6.337493216267995,5.17634252531001,19.21592829848212,-0.037253890613020535,0.18605209826259553
-5.931357440703549,3.4139312078008275,19.21592829848212,-0.037253890613020535,0.1832595714594046
-5.931340800864929,3.415127299519861,19.157996586409215,-0.038767752112678654,0.1832595714594046
-6.090979177905954,3.6994092002578935,19.157996586409215,-0.038767752112678654,0.18238690683340747
-6.090961146107278,3.7009154638785113,19.100695159830213,-0.036730836859563375,0.18238690683340747
-6.0052302084162825,5.559294322997928,19.100695159830213,-0.036730836859563375,0.19285888234537343
-6.0052302084162825,5.559294322997928,19.03512167787204,-0.016957454091392272,0.19285888234537343
-5.670884446203703,3.4996996916592837,19.03512167787204,-0.016957454091392272,0.1848303677861995
-5.670867387182961,3.5013928902081215,18.978265162650345,-0.017809464016260313,0.1848303677861995
-5.983854346725429,4.531326300725749,18.978265162650345,-0.017809464016260313,0.18971728969178364
-5.983854346725429,4.531326300725749,18.922742499070228,-0.008492195192059912,0.18971728969178364
-6.115433823796208,3.3807573476307304,18.922742499070228,-0.008492195192059912,0.187448361664191
-6.113946369790386,3.382228953158983,18.864732049938578,-0.018859131767913612,0.187448361664191
-6.272540853116373,4.538002264874911,18.864732049938578,-0.018859131767913612,0.19181168479417682
-6.270952954180987,4.538002264874911,18.79886223003602,-0.008083916569051833,0.19181168479417682
-5.116037522830809,3.7126507021334363,18.79886223003602,-0.008083916569051833,0.19303341527057286
-5.114371916841017,3.710966646825864,18.742002355599418,-0.008047574708250458,0.19303341527057286
-5.28856182412173,3.362235551290612,18.742002355599418,-0.008047574708250458,0.19006635554218249
-5.288545742173923,3.3639463026808865,18.695447026787896,-0.008858498880793849,0.19006635554218249
-5.914226142014461,6.003330423393435,18.695447026787896,-0.008858498880793849,0.20612338466053032
-5.912706101688661,6.004822409056551,18.632038757310333,0.022499567973614507,0.20612338466053032
-6.406641577223559,2.8827595752217436,18.632038757310333,0.022499567973614507,0.19931660057775244
-6.403736629102449,2.8827595752217436,18.564128034122955,0.011105247735992608,0.19931660057775244
-5.981097348058846,4.014934078751339,18.564128034122955,0.011105247735992608,0.20245819323134223
-5.97601223744507,4.014934078751339,18.507829069332647,0.012033047783505108,0.20245819323134223
-5.495586460778918,3.5747763018931367,18.507829069332647,0.012033047783505108,0.20106192982974674
-5.492201985174345,3.5747763018931367,18.45161890125035,0.009958008130111221,0.20106192982974674
-5.610266657092096,5.427621512868805,18.45161890125035,0.009958008130111221,0.21205750411731106
-5.606371328353684,5.427621512868805,18.39806385502759,0.02798204340241691,0.21205750411731106
-5.840246919556859,4.088683823630132,18.39806385502759,0.02798204340241691,0.21380283336930536
-5.838458734603049,4.090454346601375,18.342056560908407,0.026372276181340627,0.21380283336930536
-5.883143697678104,4.453677115917709,18.342056560908407,0.026372276181340627,0.22113321622768156
-5.879978180433518,4.454726094921139,18.276359950059586,0.03294221947112725,0.22113321622768156
-5.750016341084725,3.673801334014797,18.276359950059586,0.03294221947112725,0.22165681500327988
-5.745191804888012,3.673801334014797,18.220246516207784,0.028650599197387282,0.22165681500327988
-5.220741629201242,4.227029452436132,18.220246516207784,0.028650599197387282,0.22357667718047364
-5.216999709223611,4.228892016817242,18.16470898142705,0.02778113994772293,0.22357667718047364
-5.7657309779404775,3.9099137698860384,18.16470898142705,0.02778113994772293,0.22218041377887815
-5.7657309779404775,3.9099137698860384,18.109534415397928,0.023986035735015683,0.22218041377887815
-5.781311271251211,3.8166895307859416,18.109534415397928,0.023986035735015683,0.2218313479284793
-5.781295224679188,3.8185107484403114,18.055491762398542,0.03035909891715097,0.2218313479284793
-5.847953134209933,5.345530597934687,18.055491762398542,0.03035909891715097,0.2218313479284793
-5.847908183045519,5.348689325913105,17.9911800501612,0.038297547071884264,0.23335052099164189
-5.031914637327049,3.2280390501557426,17.9911800501612,0.038297547071884264,0.23335052099164189
-5.0319010659424634,3.2294298243280877,17.94523461768139,0.030803401636276543,0.23335052099164189
-5.309526380767848,3.088441930921091,17.94523461768139,0.030803401636276543,0.22916173078685548
-5.309526380767848,3.088441930921091,17.8880869754453,0.018113641395459946,0.22916173078685548
-5.626214471069302,5.206094021176468,17.8880869754453,0.018113641395459946,0.22916173078685548
-5.62619258431933,5.207950751435343,17.834231776928938,0.02548744376256277,0.2399827721492203
-5.940905037555185,4.1340797286094935,17.834231776928938,0.02548744376256277,0.23963370629882144
-5.9448304143329285,4.1340797286094935,17.781037917884618,0.03000367897944551,0.23963370629882144
-5.401275370924459,4.534340894458896,17.781037917884618,0.03000367897944551,0.24172810140121465
-5.403069830582319,4.534340894458896,17.726030621814207,0.02488613669673644,0.24172810140121465
-5.026363830517016,3.262720261258308,17.726030621814207,0.02488613669673644,0.23631758072003223
-5.026363830517016,3.262720261258308,17.670343133530412,0.02003755671844214,0.23631758072003223
-5.35876972748521,5.274382185260567,17.670343133530412,0.02003755671844214,0.24591689160600103
-5.358792375742772,5.272759457465709,17.61696078393215,0.025346634065284885,0.24591689160600103
-5.64052570825852,4.223408309150313,17.61696078393215,0.025346634065284885,0.2450442269800039
-5.640543842901169,4.221773142158117,17.563464045032127,0.03091649580548288,0.2450442269800039
-5.402882306915892,4.640806073013548,17.563464045032127,0.03091649580548288,0.24853488548399252
-5.402902234566099,4.639366972082161,17.508321027881518,0.026864779976814277,0.24853488548399252
-5.389168180135359,3.9612853158980985,17.508321027881518,0.026864779976814277,0.24678955623199822
-5.387364246299332,3.9576085524480056,17.45398545875487,0.023080172038609296,0.24678955623199822
-5.396789604167154,5.575032263102035,17.45398545875487,0.023080172038609296,0.25464353786597266
-5.398790210396693,5.573054909523741,17.402937119178105,0.03627447801912217,0.25464353786597266
-5.039459160137549,4.8937675314335225,17.402937119178105,0.03627447801912217,0.2542944720155738
-5.038086565987817,4.890937733481054,17.34993713875106,0.042894419883991806,0.2542944720155738
-5.123353474551528,3.4370505318937297,17.34993713875106,0.042894419883991806,0.24801128670839426
-5.121659202739269,3.431834815222414,17.295694372437787,0.03688872597627571,0.24801128670839426
-4.958160562336849,5.303806754022627,17.295694372437787,0.03688872597627571,0.256388867117967
-4.95549799472826,5.301098812990647,17.242453755392738,0.04403666821431513,0.256388867117967
-4.621301569307369,4.506410837918036,17.242453755392738,0.04403666821431513,0.2605776573227534
-4.618838338298915,4.503909566617239,17.19946842886567,0.04675888382923934,0.2605776573227534
-5.122373240359775,4.503704647441407,17.19946842886567,0.04675888382923934,0.26406831582674206
-5.1185051796084,4.501760890488036,17.145764483465896,0.041559676392083376,0.26406831582674206
-5.467097346476596,4.8150084011717755,17.145764483465896,0.041559676392083376,0.26616271092913524
-5.463551814243706,4.813225477694343,17.093647250299338,0.04649125735376355,0.26616271092913524
-5.636979400768736,5.1874379200189304,17.093647250299338,0.04649125735376355,0.2710496328347194
-5.635094389865197,5.1874379200189304,17.04192290991373,0.04872238163725811,0.2710496328347194
-5.0563293673330865,4.781508856456841,17.04192290991373,0.04872238163725811,0.2741912254883092
-5.0563293673330865,4.781508856456841,16.990133608233446,0.051243615148187024,0.2741912254883092
-4.796264745918163,4.208857447841395,16.990133608233446,0.051243615148187024,0.27349309378751147
-4.793399620388267,4.208857447841395,16.93618216251533,0.04717548319814148,0.27349309378751147
-4.606531720085031,4.17986002637172,16.93618216251533,0.04717548319814148,0.27296949501191314
-4.605042333852332,4.182774577487024,16.894248458145288,0.04842770524920781,0.27296949501191314
-5.0673449647288145,7.037178949614464,16.894248458145288,0.04842770524920781,0.28989918875625814
-5.067317739174891,7.0389691097020375,16.84662290656393,0.06849105123761465,0.28989918875625814
-5.428150378889108,3.449151761122862,16.84662290656393,0.06849105123761465,0.2806489437206882
-5.428137032976149,3.4509483184344427,16.79187509802897,0.05249612179489097,0.2806489437206882
-5.247579454092396,5.380810253679999,16.79187509802897,0.05249612179489097,0.28588493147667116
-5.247558635906394,5.382602285625714,16.740800981770043,0.05643374775471446,0.28588493147667116
-5.215658837178361,3.8946215552731704,16.740800981770043,0.05643374775471446,0.2815216083466853
-5.21564376838628,3.896240992432384,16.68770463075757,0.05084953703045374,0.2815216083466853
-4.78846055585594,6.404769983680903,16.68770463075757,0.05084953703045374,0.2932153143350474
-4.78846055585594,6.404769983680903,16.63912481186796,0.062261207571329455,0.2932153143350474
-4.93100090765662,4.117127973536004,16.63912481186796,0.062261207571329455,0.28658306317746896
-4.93100090765662,4.117127973536004,16.586061299395155,0.05726543594277125,0.28658306317746896
-5.261146866107268,5.182022025477675,16.586061299395155,0.05726543594277125,0.28745572780346607
-5.261126816996599,5.183763406016253,16.53559150869382,0.05946891222630277,0.28745572780346607
-5.238103199571956,5.035055737145904,16.53559150869382,0.05946891222630277,0.28885199120506155
-5.238103199571956,5.035055737145904,16.485048459058838,0.06484819625108039,0.28885199120506155
-4.6285310383066705,4.978995259384138,16.485048459058838,0.06484819625108039,0.2892010570554604
-4.626908435549007,4.9773530698108575,16.434884927911586,0.06764122641636701,0.2892010570554604
-4.278146784104986,4.2077891240853535,16.434884927911586,0.06764122641636701,0.28518679977587347
-4.276527120033696,4.20448467951574,16.392298461998003,0.061695324104485305,0.28518679977587347
-4.691906345122671,5.4608610878526855,16.392298461998003,0.061695324104485305,0.29112091923265415
-4.691927133054039,5.458845591479502,16.345025790676075,0.07481724345384756,0.29112091923265415
-4.726087693304604,5.409187280621017,16.345025790676075,0.07481724345384756,0.29112091923265415
-4.726108285342473,5.407618369620527,16.304897100070985,0.07628174004659274,0.29391344603584507
-4.986618069554301,5.647479787984007,16.304897100070985,0.07628174004659274,0.29932396671702755
-4.985285336725227,5.647479787984007,16.245190743213964,0.08240410316441185,0.29932396671702755
-4.803442211509321,3.614123227753745,16.245190743213964,0.08240410316441185,0.28745572780346607
-4.801721171479945,3.614123227753745,16.203335590314758,0.0774808196976128,0.28745572780346607
-4.718726265702411,5.990135409129998,16.203335590314758,0.0774808196976128,0.29688050576423547
-4.716866987306419,5.990135409129998,16.156385983044736,0.09171783746345312,0.29688050576423547
-4.830483904725574,3.070179141161088,16.156385983044736,0.09171783746345312,0.28588493147667116
-4.827689503871307,3.070179141161088,16.11206283047563,0.07755044379486078,0.28588493147667116
-4.872435228939143,7.192746584988313,16.11206283047563,0.07755044379486078,0.3036872898470134
-4.870748514870418,7.192746584988313,16.05576632815402,0.0918484058254743,0.3036872898470134
-4.760095129453761,4.722440902239913,16.05576632815402,0.0918484058254743,0.29932396671702755
-4.758396922452883,4.724122425393511,16.007063933785055,0.09721953295987197,0.29932396671702755
-4.8519518065961975,4.959184029754943,16.007063933785055,0.09721953295987197,0.29914943379182807
-4.850155858105134,4.959184029754943,15.96824442215315,0.10049805389262115,0.29914943379182807
-4.4829956313921,5.080255603588275,15.96824442215315,0.10049805389262115,0.29949849964222697
-4.481139494812014,5.083896502660347,15.917673899813561,0.09671300268591615,0.29949849964222697
-4.589006034589486,4.016981789752692,15.917673899813561,0.09671300268591615,0.2946115777366428
-4.589006034589486,4.016981789752692,15.876930907591374,0.09079019320154313,0.2946115777366428
-4.64362366054659,5.69714121024279,15.876930907591374,0.09079019320154313,0.30159289474462014
-4.642365736448477,5.698379345478721,15.830718025352569,0.10696037153980363,0.30159289474462014
-4.886524848663356,4.456386210451138,15.830718025352569,0.10696037153980363,0.2988003679414292
-4.884887633708227,4.458008209189555,15.780155665069556,0.10403495855666256,0.2988003679414292
-4.681721760047906,5.546713336850883,15.780155665069556,0.10403495855666256,0.3050835532486088
-4.6817024968203285,5.54830741044904,15.732471908093565,0.10833965847870101,0.3050835532486088
-4.147938153722093,4.539547842833111,15.732471908093565,0.10833965847870101,0.30159289474462014
-4.147922387386194,4.541371915013505,15.692061623057427,0.10345734976052555,0.30159289474462014
-4.624249766617969,5.017323959585048,15.692061623057427,0.10345734976052555,0.30473448739820996
-4.626392019624275,5.017323959585048,15.64530108074401,0.11106045324023099,0.30473448739820996
-4.579147423211637,4.52111088048727,15.64530108074401,0.11106045324023099,0.3040363556974122
-4.582784263685378,4.52111088048727,15.59554925504951,0.1065716807495243,0.3040363556974122
-4.501768884037241,5.445069631613078,15.59554925504951,0.1065716807495243,0.30857421175259747
-4.503065868978635,5.445069631613078,15.55776280812173,0.11210921636461105,0.30857421175259747
-4.27306842016387,4.285026535503656,15.55776280812173,0.11210921636461105,0.30316369107141505
-4.27306842016387,4.285026535503656,15.507638125020742,0.10819936712312189,0.30316369107141505
-4.62912948576005,4.411500026962635,15.507638125020742,0.10819936712312189,0.300720230118623
-4.631171700857652,4.409473293047601,15.46829033771168,0.10459591511823704,0.300720230118623
-4.620203838291549,5.530879960879627,15.46829033771168,0.10459591511823704,0.3050835532486088
-4.6220337992848695,5.532730464526774,15.421968260171079,0.11358009147339328,0.3050835532486088
-4.79926224387242,5.223229963914295,15.421968260171079,0.11358009147339328,0.3050835532486088
-4.800922514143113,5.223229963914295,15.375438222430418,0.12015823270728965,0.3087487446777969
-4.676605571184605,4.919699404033199,15.375438222430418,0.12015823270728965,0.3078760800517997
-4.6801852779301045,4.919699404033199,15.32652957408287,0.11742566871962846,0.3078760800517997
-4.437893451355633,4.740630280193981,15.32652957408287,0.11742566871962846,0.3075270142014009
-4.437911209143519,4.739021192145659,15.2805366546504,0.1272611106535171,0.3075270142014009
-4.512377766275944,4.768769751122673,15.2805366546504,0.1272611106535171,0.30560715202420713
-4.514167417114985,4.770577769123411,15.231920576540016,0.1251267174546433,0.30560715202420713
-4.51483124672404,5.408772196192317,15.231920576540016,0.1251267174546433,0.3097959422289935
-4.516402215657664,5.408772196192317,15.195654688840362,0.13264600951410443,0.3097959422289935
-4.473956461877062,5.059781338617166,15.195654688840362,0.13264600951410443,0.3118903373313867
-4.473956461877062,5.059781338617166,15.150454399611178,0.1406435409098004,0.3118903373313867
-4.069734092359792,5.872122133053713,15.150454399611178,0.1406435409098004,0.3159045946109737
-4.069756447232158,5.870684054559305,15.104800248710285,0.14892727142822093,0.3159045946109737
-4.138446836550642,4.101866759367262,15.104800248710285,0.14892727142822093,0.3080506129769992
-4.138446836550642,4.101866759367262,15.066363176768848,0.14497810502052386,0.3080506129769992
-4.25058975789071,6.044538674546798,15.066363176768848,0.14497810502052386,0.3186971214141646
-4.252514164559448,6.044538674546798,15.021736487133335,0.1538100676875321,0.3186971214141646
-4.428618539337719,3.3729259122220547,15.021736487133335,0.1538100676875321,0.3096214093037941
-4.430512025858954,3.3729259122220547,14.980789810180692,0.14083545332659878,0.3096214093037941
-4.367618128574754,5.701026135346929,14.980789810180692,0.14083545332659878,0.31677725923697087
-4.366355362098406,5.702267240250284,14.935610732630368,0.15022092808366927,0.31677725923697087
-4.368848464523553,6.091051099698019,14.935610732630368,0.15022092808366927,0.3232349774693498
-4.368825084375013,6.0928674133939635,14.89461476656311,0.1693980769427709,0.3232349774693498
-4.290368967152762,5.479420164645432,14.89461476656311,0.1693980769427709,0.3255039054969425
-4.290347934493458,5.481169184593673,14.850580559484479,0.17674257321147757,0.3255039054969425
-4.384178351141914,4.496836821007793,14.850580559484479,0.17674257321147757,0.3216641811425549
-4.384161089299529,4.498695463087791,14.809945842421678,0.16224807981079736,0.3216641811425549
-4.2600593733665,4.525938045659894,14.809945842421678,0.16224807981079736,0.3193952531149623
-4.258630560726257,4.525938045659894,14.762830468141008,0.1632634793633621,0.3193952531149623
-4.242173145700382,4.093181408505816,14.762830468141008,0.1632634793633621,0.31485739705977706
-4.24079597879715,4.093181408505816,14.725122514578644,0.16136361661586762,0.31485739705977706
-4.198163199338165,5.94205639711639,14.725122514578644,0.16136361661586762,0.32148964821735554
-4.196242826895435,5.94205639711639,14.681980824601382,0.17240026885242873,0.32148964821735554
-4.250281092857398,5.245148332694755,14.681980824601382,0.17240026885242873,0.3272492347489368
-4.248490463723335,5.245148332694755,14.638868815212733,0.18115613535909278,0.3272492347489368
-4.3197961792314725,5.027017217626396,14.638868815212733,0.18115613535909278,0.32899456400093113
-4.318140221843573,5.0286549407427605,14.602109672454764,0.17745714701735815,0.32899456400093113
-4.096211463112783,4.858860422834859,14.602109672454764,0.17745714701735815,0.3270747018237374
-4.0947731432016035,4.857403945298773,14.55561107064273,0.17987807473110062,0.3270747018237374
-4.0947731432016035,4.857403945298773,14.55561107064273,0.17987807473110062,0.3270747018237374
-3.4985074787813693,4.56037681645961,14.518931027637494,0.17669364461367443,0.3255039054969425
-3.913406313809496,4.913608831928194,14.518931027637494,0.17669364461367443,0.3272492347489368
-3.909252487172744,4.913608831928194,14.48558774964968,0.183158460264035,0.3272492347489368
-4.157927515008015,5.436065215196241,14.48558774964968,0.183158460264035,0.33126349202852373
-4.154330569040131,5.434256943549646,14.440036790710614,0.1838753142439291,0.33126349202852373
-4.255807620937696,4.894914474031885,14.440036790710614,0.1838753142439291,0.3319616237293215
-4.250344388481923,4.894914474031885,14.398295004134402,0.19427892673346422,0.3319616237293215
-4.060123611191298,6.841797791158825,14.398295004134402,0.19427892673346422,0.34574972482007665
-4.056597506613402,6.840614670359912,14.35950757004343,0.21433365762651396,0.34574972482007665
-4.149512423875345,3.0756877846997823,14.35950757004343,0.21433365762651396,0.34574972482007665
-4.144470185783388,3.07736552354256,14.316863618626307,0.19368328596237103,0.3337069529813158
-4.082943465893682,6.426740894012803,14.316863618626307,0.19368328596237103,0.34417892849328174
-4.076781742204368,6.428788443750114,14.279481302993217,0.21177019209411865,0.34417892849328174
-4.083173053085209,4.6858292492131355,14.279481302993217,0.21177019209411865,0.34417892849328174
-4.079913961370136,4.689060284257947,14.244031819740817,0.20786639140975893,0.34417892849328174
-3.991642799649272,5.594506750972453,14.244031819740817,0.20786639140975893,0.35028758087526196
-3.987015277407099,5.597570056945488,14.199407617064153,0.20782869896212758,0.35028758087526196
-4.152806134310161,6.356983745433156,14.199407617064153,0.20782869896212758,0.35726889788323923
-4.147682875841881,6.360375314798605,14.162425133884478,0.22672304780664046,0.35726889788323923
-4.134619216834986,4.505644813007344,14.162425133884478,0.22672304780664046,0.3553490357060455
-4.128805188436162,4.50853970594888,14.114414734995727,0.21552277103844336,0.3553490357060455
-4.123984686525254,6.882786566883063,14.114414734995727,0.21552277103844336,0.3679154063204047
-4.120263437567675,6.886471348087636,14.07814953354106,0.23252319884023487,0.3679154063204047
-3.9514669373449482,4.8727381050921785,14.07814953354106,0.23252319884023487,0.36686820876920806
-3.946564183275924,4.875990049713936,14.034340885112107,0.23370313419490404,0.36686820876920806
-3.684977093391347,6.484865450921323,14.034340885112107,0.23370313419490404,0.3764675196551769
-3.6801087954831337,6.489685349091815,14.007767758642158,0.24503128189132883,0.3764675196551769
-3.9221467680646165,4.6796639327714304,14.007767758642158,0.24503128189132883,0.374896723328382
-3.918603396878168,4.68492816579859,13.96456923867212,0.24434311954581242,0.374896723328382
-3.568431905246055,6.147924167230491,13.96456923867212,0.24434311954581242,0.38275070496235647
-3.5656581174563726,6.150668993665034,13.925181362395755,0.2507714417358393,0.38275070496235647
-3.827539381800566,4.410752967587338,13.925181362395755,0.2507714417358393,0.38275070496235647
-3.825732832542436,4.414325260445884,13.891651317509982,0.2443996665543904,0.38117990863556156
-3.8651484863133443,5.193683801489238,13.891651317509982,0.2443996665543904,0.38117990863556156
-3.8651244304603627,5.197503296639106,13.858418447768992,0.23828834950732028,0.3830997708127553
-3.9619592744675427,7.154210052914237,13.858418447768992,0.23828834950732028,0.3998549316319009
-3.961926142694895,7.157419168406622,13.81481747150052,0.2563125294450301,0.3998549316319009
-3.8272133648647118,4.191843764921192,13.81481747150052,0.2563125294450301,0.39147735122232813
-3.825793166948753,4.193254445918604,13.7775998420749,0.24159813979575828,0.39147735122232813
-4.1136607360629975,5.71312789442163,13.7775998420749,0.24159813979575828,0.39147735122232813
-4.113647682012952,5.714910002824383,13.739706160985177,0.24710743797918533,0.39723693775390945
-3.838783052182376,4.688753729741695,13.739706160985177,0.24710743797918533,0.3935717463247213
-3.840355876209979,4.69033747887357,13.697881754855592,0.24379058097163164,0.3935717463247213
-3.9132601423170983,5.463550201290075,13.697881754855592,0.24379058097163164,0.39496800972631674
-3.9132474921872173,5.465172010942242,13.665453192181138,0.23908769575184893,0.39496800972631674
-3.560194174360927,6.59287678858548,13.665453192181138,0.23908769575184893,0.39496800972631674
-3.5601789097067282,6.594589820848889,13.632418184916352,0.2546034614103772,0.4036946559862884
-3.3016082466618353,6.06611280246527,13.632418184916352,0.2546034614103772,0.4078834461910748
-3.303339829409127,6.06611280246527,13.595598921935434,0.2589302408044762,0.4078834461910748
-3.599720826189007,4.6520128613237715,13.595598921935434,0.2589302408044762,0.4050909193878839
-3.601416458493159,4.650328052471754,13.563857305866973,0.25265011736874804,0.4050909193878839
-3.8367198419392508,5.994830486620734,13.563857305866973,0.25265011736874804,0.40962877544306914
-3.8367198419392508,5.994830486620734,13.52295910022483,0.2508829199758392,0.40962877544306914
-3.911065730332429,6.04946067280332,13.52295910022483,0.2508829199758392,0.41137410469506347
-3.9110801016590364,6.047908406609809,13.486737467457345,0.25612407821961375,0.41137410469506347
-3.612068357948828,6.9495524544216085,13.486737467457345,0.25612407821961375,0.4187044875534397
-3.612084867674149,6.947859110946242,13.455263645145713,0.2706846845026608,0.4187044875534397
-3.577579655215852,4.182904334913649,13.455263645145713,0.2706846845026608,0.4078834461910748
-3.5775895916127674,4.181268582835822,13.411000796627048,0.26086595720717265,0.4078834461910748
-3.420645893689392,6.724651160707633,13.411000796627048,0.26086595720717265,0.4078834461910748
-3.420677840498102,6.721300750520733,13.380131362946218,0.27600743722498183,0.41695915830144537
-3.105852506184637,5.506362828000258,13.380131362946218,0.27600743722498183,0.4183554217030408
-3.1045084195669608,5.505005617723348,13.349297645342656,0.26905032727044137,0.4183554217030408
-3.536737190181585,6.25730233414679,13.349297645342656,0.26905032727044137,0.42167154728183004
-3.535235697537769,6.255786124587014,13.314454913556634,0.27577206916348246,0.42167154728183004
-3.6119709626830123,5.382444561543202,13.314454913556634,0.27577206916348246,0.4209734155810323
-3.6119709626830123,5.382444561543202,13.284435989523814,0.26934980224257793,0.4209734155810323
-3.7486231482154078,7.069245142420757,13.284435989523814,0.26934980224257793,0.43092179231739997
-3.7469308369390606,7.069245142420757,13.245956558192953,0.28778492266119515,0.43092179231739997
-3.7969159546468956,5.059319896044739,13.245956558192953,0.28778492266119515,0.4241150082346221
-3.794968588197943,5.057360882388854,13.207793242588078,0.2865060434124364,0.4241150082346221
-3.5455121249865935,5.747295229711083,13.207793242588078,0.2865060434124364,0.4241150082346221
-3.5429308562769726,5.747295229711083,13.178077051655505,0.28092334913071315,0.4241150082346221
-3.5644596868928646,6.600210759161556,13.178077051655505,0.28092334913071315,0.42743113381341136
-3.5610167216536732,6.598482005235865,13.13596255850515,0.29147618518277507,0.42743113381341136
-3.578579169644296,5.7858373954848314,13.13596255850515,0.29147618518277507,0.4265584691874142
-3.5752033397030156,5.78414327596635,13.102960012803507,0.29998047492143437,0.4265584691874142
-3.1491964905144942,7.047797323585567,13.102960012803507,0.29998047492143437,0.4352851154473858
-3.144393165322395,7.046191346848791,13.074945174841345,0.3152873799202074,0.4352851154473858
-3.365377616289108,5.598244360200405,13.074945174841345,0.3152873799202074,0.4366813788489812
-3.3618276830315588,5.598244360200405,13.046752456936398,0.3084952268201988,0.4366813788489812
-3.711546491397941,5.340759679214538,13.046752456936398,0.3084952268201988,0.4347615166717875
-3.7094787001747327,5.336583188585769,13.010088531291537,0.30677579571908214,0.4347615166717875
-3.510345080760037,5.5137037839676495,13.010088531291537,0.30677579571908214,0.4328416544945937
-3.5071183406240034,5.512085198385732,12.973331260385766,0.3053830651295172,0.4328416544945937
-2.787440091821568,6.282511062374436,12.973331260385766,0.3053830651295172,0.4340633849709898
-2.7842033012640095,6.280886934733033,12.950531735594854,0.3081370718712428,0.4340633849709898
-2.687121355728248,7.456114908522036,12.950531735594854,0.3081370718712428,0.44174283367976486
-2.6852874423282653,7.4542678428039535,12.924341112236851,0.3247271156553564,0.44174283367976486
-2.4589932397747143,5.5549852699878866,12.924341112236851,0.3247271156553564,0.43423791789618915
-2.455870768823736,5.5549852699878866,12.902043216230894,0.32790236643742193,0.43423791789618915
-2.9089276926590633,5.688718282445066,12.902043216230894,0.32790236643742193,0.4300491276914028
-2.9073108745434406,5.688718282445066,12.866304983785291,0.32987827239582973,0.4300491276914028
-3.5258310332028993,5.349266307692056,12.866304983785291,0.32987827239582973,0.4253367387110181
-3.524065071064956,5.347491550331813,12.839596269418047,0.3248714567149429,0.4253367387110181
-3.296555726560928,6.36820808039059,12.839596269418047,0.3248714567149429,0.43092179231739997
-3.294922645689992,6.36820808039059,12.80950397942208,0.3360339668656977,0.43092179231739997
-2.9283205772911702,4.965119910946968,12.80950397942208,0.3360339668656977,0.42446407408502096
-2.9264375600399597,4.963229028361117,12.774759756771182,0.33663315543426603,0.42446407408502096
-3.0228066792653316,5.65864622482513,12.774759756771182,0.33663315543426603,0.4237659423842232
-3.020986987791793,5.65864622482513,12.748769961547973,0.3346087143077438,0.4237659423842232
-2.94725369244548,6.86087045914183,12.748769961547973,0.3346087143077438,0.4279547325890096
-2.94725369244548,6.86087045914183,12.719463998309603,0.3465463160544243,0.4279547325890096
