brakePressureFL_bar,brakePressureFR_bar,brakePressureRL_bar,brakePressureRR_bar,engineTorque_Nm,roadWheelAngle_rad
16.0,16.0,16.0,16.0,2,0.010454755913989994
16.0,16.0,16.0,16.0,2,0.010454755913989994
16.0,16.0,16.0,16.0,2,0.010454755913989994
16.0,16.0,16.0,16.0,2,0.010454755913989994
16.0,16.0,16.0,16.0,2,0.010454755913989994
16.0,16.0,16.0,16.0,2,0.010454755913989994
16.0,16.0,16.0,16.0,2,0.010454755913989994
16.0,16.0,16.0,16.0,2,0.010454755913989994
16.0,16.0,16.0,16.0,2,0.010454755913989994
16.0,16.0,16.0,16.0,2,0.010454755913989994
16.0,16.0,16.0,16.0,2,0.010454755913989994
16.0,16.0,16.0,16.0,2,0.010454755913989994
16.0,16.0,16.0,16.0,2,0.010454755913989994
16.0,16.0,16.0,16.0,2,0.010454755913989994
16.0,16.0,16.0,16.0,2,0.010454755913989994
16.0,16.0,16.0,16.0,2,0.010454755913989994
16.0,16.0,16.0,16.0,2,0.010454755913989994
16.0,16.0,16.0,16.0,2,0.010454755913989994
16.0,16.0,16.0,16.0,2,0.010454755913989994
16.0,16.0,15.9,15.9,2,0.010454755913989994
16.0,16.0,15.9,15.9,2,0.010454755913989994
16.0,16.0,15.9,15.9,2,0.010454755913989994
16.0,16.0,15.9,15.9,2,0.010454755913989994
16.0,16.0,15.9,15.9,2,0.010454755913989994
16.0,16.0,16.0,16.0,2,0.010454755913989994
16.0,16.0,15.9,15.9,2,0.010454755913989994
16.0,16.0,16.0,16.0,2,0.010454755913989994
16.0,16.0,15.9,15.9,2,0.010454755913989994
16.0,16.0,15.9,15.9,2,0.010454755913989994
16.0,16.0,15.9,15.9,2,0.010454755913989994
16.0,16.0,15.9,15.9,2,0.010454755913989994
16.0,16.0,15.9,15.9,3,0.010454755913989994
16.0,16.0,16.0,16.0,3,0.010454755913989994
16.0,16.0,15.9,15.9,3,0.010454755913989994
16.0,16.0,15.9,15.9,3,0.010454755913989994
16.0,16.0,15.9,15.9,3,0.010454755913989994
16.0,16.0,15.9,15.9,3,0.010454755913989994
16.0,16.0,15.9,15.9,3,0.010454755913989994
16.0,16.0,16.0,16.0,3,0.010454755913989994
16.0,16.0,15.9,15.9,3,0.010454755913989994
16.0,16.0,16.0,16.0,3,0.010454755913989994
16.0,16.0,15.9,15.9,3,0.010454755913989994
16.0,16.0,15.9,15.9,3,0.010454755913989994
16.0,16.0,15.9,15.9,4,0.010454755913989994
16.0,16.0,15.9,15.9,4,0.010454755913989994
16.0,16.0,15.9,15.9,4,0.010454755913989994
16.0,16.0,15.9,15.9,4,0.010454755913989994
16.0,16.0,15.9,15.9,4,0.010454755913989994
16.0,16.0,16.0,16.0,4,0.010454755913989994
16.0,16.0,15.9,15.9,4,0.010454755913989994
16.0,16.0,15.9,15.9,4,0.010454755913989994
16.0,16.0,15.9,15.9,4,0.010454755913989994
16.0,16.0,15.9,15.9,4,0.010454755913989994
16.0,16.0,15.9,15.9,4,0.010454755913989994
16.0,16.0,15.9,15.9,4,0.010454755913989994
16.0,16.0,15.9,15.9,4,0.010454755913989994
16.0,16.0,15.9,15.9,4,0.010454755913989994
16.0,16.0,15.9,15.9,4,0.010454755913989994
16.0,16.0,15.9,15.9,4,0.010454755913989994
16.0,16.0,15.9,15.9,4,0.010454755913989994
16.0,16.0,15.9,15.9,4,0.010454755913989994
16.0,16.0,15.9,15.9,4,0.010454755913989994
16.0,16.0,15.9,15.9,4,0.010454755913989994
16.0,16.0,15.9,15.9,4,0.010454755913989994
16.0,16.0,15.9,15.9,4,0.010454755913989994
16.0,16.0,15.9,15.9,4,0.010454755913989994
16.0,16.0,15.9,15.9,4,0.010454755913989994
16.0,16.0,15.9,15.9,4,0.010454755913989994
16.0,16.0,15.9,15.9,4,0.010454755913989994
16.0,16.0,15.9,15.9,3,0.010454755913989994
16.0,16.0,15.9,15.9,3,0.010454755913989994
16.0,16.0,15.9,15.9,4,0.010454755913989994
16.0,16.0,15.9,15.9,4,0.010454755913989994
16.0,16.0,15.9,15.9,4,0.010454755913989994
16.0,16.0,15.9,15.9,4,0.010454755913989994
16.0,16.0,15.9,15.9,3,0.010454755913989994
16.0,16.0,15.9,15.9,3,0.010454755913989994
16.0,16.0,15.9,15.9,3,0.010454755913989994
16.0,16.0,15.9,15.9,3,0.010454755913989994
16.0,16.0,15.9,15.9,3,0.010454755913989994
16.0,16.0,15.9,15.9,3,0.010454755913989994
16.0,16.0,15.9,15.9,3,0.010454755913989994
16.0,16.0,15.9,15.9,3,0.010454755913989994
16.0,16.0,15.9,15.9,3,0.010454755913989994
16.0,16.0,16.0,16.0,3,0.010454755913989994
16.0,16.0,16.0,16.0,3,0.010454755913989994
16.0,16.0,16.0,16.0,3,0.010454755913989994
16.0,16.0,15.9,15.9,3,0.010454755913989994
16.0,16.0,15.9,15.9,3,0.010454755913989994
16.0,16.0,15.9,15.9,3,0.010454755913989994
16.0,16.0,15.9,15.9,3,0.010454755913989994
16.0,16.0,15.9,15.9,3,0.010454755913989994
16.0,16.0,15.9,15.9,3,0.010454755913989994
15.9,15.9,15.9,15.9,3,0.010454755913989994
15.9,15.9,15.9,15.9,3,0.010454755913989994
15.9,15.9,15.9,15.9,3,0.010454755913989994
15.9,15.9,15.9,15.9,3,0.010454755913989994
15.9,15.9,15.9,15.9,3,0.010454755913989994
16.0,16.0,15.9,15.9,3,0.010454755913989994
16.0,16.0,15.9,15.9,3,0.010454755913989994
16.0,16.0,15.9,15.9,3,0.010454755913989994
16.0,16.0,15.9,15.9,3,0.010454755913989994
16.0,16.0,15.9,15.9,3,0.010454755913989994
16.0,16.0,15.9,15.9,3,0.010454755913989994
15.9,15.9,15.9,15.9,3,0.010454755913989994
15.9,15.9,15.9,15.9,3,0.010454755913989994
15.9,15.9,15.9,15.9,3,0.010454755913989994
15.9,15.9,15.9,15.9,3,0.010454755913989994
15.9,15.9,15.9,15.9,3,0.010454755913989994
15.9,15.9,15.9,15.9,3,0.010454755913989994
15.9,15.9,15.9,15.9,3,0.010454755913989994
16.0,16.0,15.9,15.9,3,0.010454755913989994
16.0,16.0,15.9,15.9,3,0.010454755913989994
15.9,15.9,15.9,15.9,3,0.010454755913989994
15.9,15.9,15.9,15.9,3,0.010454755913989994
15.9,15.9,15.9,15.9,3,0.010454755913989994
15.9,15.9,15.9,15.9,3,0.010454755913989994
15.9,15.9,15.9,15.9,3,0.010454755913989994
15.9,15.9,15.9,15.9,3,0.010454755913989994
16.0,16.0,15.9,15.9,3,0.010454755913989994
16.0,16.0,15.9,15.9,3,0.010454755913989994
15.9,15.9,15.9,15.9,3,0.010454755913989994
16.0,16.0,15.9,15.9,3,0.010454755913989994
16.0,16.0,15.9,15.9,3,0.010454755913989994
16.0,16.0,15.9,15.9,3,0.010454755913989994
16.0,16.0,15.9,15.9,3,0.010454755913989994
16.0,16.0,15.9,15.9,3,0.010454755913989994
16.0,16.0,15.9,15.9,3,0.010454755913989994
16.0,16.0,15.9,15.9,3,0.010454755913989994
16.0,16.0,15.9,15.9,3,0.010454755913989994
16.0,16.0,15.9,15.9,3,0.010454755913989994
16.0,16.0,15.9,15.9,3,0.010454755913989994
16.0,16.0,15.9,15.9,3,0.010454755913989994
16.0,16.0,15.9,15.9,3,0.010454755913989994
16.0,16.0,15.9,15.9,3,0.010454755913989994
16.0,16.0,15.9,15.9,3,0.010454755913989994
16.0,16.0,15.9,15.9,3,0.010454755913989994
16.0,16.0,15.9,15.9,2,0.010454755913989994
16.0,16.0,15.9,15.9,3,0.010454755913989994
16.0,16.0,15.9,15.9,3,0.010454755913989994
16.0,16.0,15.9,15.9,3,0.010454755913989994
16.0,16.0,15.9,15.9,3,0.010454755913989994
16.0,16.0,15.9,15.9,3,0.010454755913989994
16.0,16.0,15.9,15.9,2,0.010454755913989994
16.0,16.0,15.9,15.9,2,0.010454755913989994
16.0,16.0,15.9,15.9,3,0.010454755913989994
15.9,15.9,15.9,15.9,3,0.010454755913989994
15.9,15.9,15.9,15.9,2,0.010454755913989994
15.9,15.9,15.9,15.9,2,0.010454755913989994
16.0,16.0,15.9,15.9,2,0.010454755913989994
16.0,16.0,15.9,15.9,2,0.010454755913989994
15.9,15.9,15.9,15.9,2,0.010454755913989994
15.9,15.9,15.9,15.9,2,0.010454755913989994
16.0,16.0,15.9,15.9,2,0.010454755913989994
16.0,16.0,15.9,15.9,2,0.010454755913989994
16.0,16.0,15.9,15.9,1,0.010454755913989994
16.0,16.0,16.0,16.0,1,0.010454755913989994
16.0,16.0,15.9,15.9,2,0.010454755913989994
16.0,16.0,15.9,15.9,1,0.010454755913989994
16.0,16.0,15.9,15.9,1,0.010454755913989994
16.0,16.0,15.9,15.9,1,0.010454755913989994
16.0,16.0,15.9,15.9,1,0.010454755913989994
16.0,16.0,15.9,15.9,1,0.010454755913989994
15.9,15.9,15.9,15.9,1,0.010454755913989994
15.9,15.9,15.9,15.9,1,0.010454755913989994
15.9,15.9,15.9,15.9,1,0.010454755913989994
16.0,16.0,15.9,15.9,1,0.010454755913989994
16.0,16.0,15.9,15.9,1,0.010454755913989994
15.9,15.9,15.9,15.9,1,0.010454755913989994
15.9,15.9,15.9,15.9,1,0.010454755913989994
15.9,15.9,15.9,15.9,1,0.010454755913989994
15.9,15.9,15.9,15.9,1,0.010454755913989994
16.0,16.0,15.9,15.9,1,0.010454755913989994
16.0,16.0,15.9,15.9,1,0.010454755913989994
15.9,15.9,15.9,15.9,1,0.010454755913989994
15.9,15.9,15.9,15.9,2,0.010454755913989994
15.9,15.9,15.9,15.9,2,0.010454755913989994
15.9,15.9,15.9,15.9,2,0.010454755913989994
15.9,15.9,15.9,15.9,2,0.010454755913989994
15.9,15.9,15.9,15.9,2,0.010454755913989994
15.9,15.9,15.9,15.9,2,0.010454755913989994
16.0,16.0,15.9,15.9,2,0.010454755913989994
16.0,16.0,15.9,15.9,2,0.010454755913989994
15.9,15.9,15.9,15.9,3,0.010454755913989994
15.9,15.9,15.9,15.9,3,0.010454755913989994
15.9,15.9,15.9,15.9,3,0.010454755913989994
15.9,15.9,15.9,15.9,3,0.010454755913989994
15.9,15.9,15.9,15.9,3,0.010454755913989994
15.9,15.9,15.9,15.9,3,0.010454755913989994
15.9,15.9,15.9,15.9,3,0.010454755913989994
15.9,15.9,15.9,15.9,3,0.010454755913989994
15.9,15.9,15.9,15.9,3,0.010454755913989994
15.9,15.9,15.9,15.9,2,0.010454755913989994
15.9,15.9,15.9,15.9,3,0.010454755913989994
15.9,15.9,15.9,15.9,3,0.010454755913989994
15.9,15.9,15.9,15.9,3,0.010454755913989994
15.9,15.9,15.9,15.9,3,0.010454755913989994
15.9,15.9,15.9,15.9,3,0.010454755913989994
15.9,15.9,15.9,15.9,3,0.010454755913989994
15.9,15.9,15.9,15.9,3,0.010454755913989994
15.9,15.9,15.9,15.9,3,0.010454755913989994
15.9,15.9,15.9,15.9,3,0.010454755913989994
16.0,16.0,15.9,15.9,3,0.010454755913989994
16.0,16.0,15.9,15.9,3,0.010454755913989994
15.9,15.9,15.9,15.9,3,0.010454755913989994
15.9,15.9,15.9,15.9,3,0.010454755913989994
15.9,15.9,15.9,15.9,3,0.010454755913989994
15.9,15.9,15.9,15.9,3,0.010454755913989994
15.9,15.9,15.9,15.9,3,0.010454755913989994
15.9,15.9,15.9,15.9,3,0.010454755913989994
15.9,15.9,15.9,15.9,3,0.010454755913989994
15.9,15.9,15.9,15.9,3,0.010454755913989994
15.9,15.9,15.9,15.9,3,0.010454755913989994
15.9,15.9,15.9,15.9,3,0.010454755913989994
15.9,15.9,15.9,15.9,3,0.010454755913989994
16.0,16.0,15.9,15.9,3,0.010454755913989994
16.0,16.0,16.0,16.0,3,0.010454755913989994
16.0,16.0,15.9,15.9,3,0.010454755913989994
16.0,16.0,15.9,15.9,3,0.010454755913989994
16.0,16.0,15.9,15.9,3,0.010454755913989994
16.0,16.0,15.9,15.9,3,0.010454755913989994
15.9,15.9,15.9,15.9,3,0.010454755913989994
15.9,15.9,15.9,15.9,3,0.010454755913989994
15.9,15.9,15.9,15.9,3,0.010454755913989994
15.9,15.9,15.9,15.9,3,0.010454755913989994
15.9,15.9,15.9,15.9,3,0.010454755913989994
16.0,16.0,15.9,15.9,3,0.010454755913989994
16.0,16.0,15.9,15.9,3,0.010454755913989994
15.9,15.9,15.9,15.9,3,0.010454755913989994
15.9,15.9,15.9,15.9,3,0.010454755913989994
15.9,15.9,15.9,15.9,3,0.010454755913989994
15.9,15.9,15.9,15.9,2,0.010454755913989994
15.9,15.9,15.9,15.9,3,0.010454755913989994
15.9,15.9,15.9,15.9,3,0.010454755913989994
15.9,15.9,15.9,15.9,3,0.010454755913989994
16.0,16.0,15.9,15.9,3,0.010454755913989994
16.0,16.0,16.0,16.0,2,0.010454755913989994
16.0,16.0,16.0,16.0,2,0.010454755913989994
16.0,16.0,16.0,16.0,2,0.010454755913989994
16.0,16.0,15.9,15.9,2,0.010454755913989994
16.0,16.0,15.9,15.9,2,0.010454755913989994
16.0,16.0,15.9,15.9,3,0.010454755913989994
16.0,16.0,15.9,15.9,2,0.010454755913989994
16.0,16.0,15.9,15.9,2,0.010454755913989994
16.0,16.0,15.9,15.9,2,0.010454755913989994
16.0,16.0,15.9,15.9,2,0.010454755913989994
16.0,16.0,15.9,15.9,2,0.010454755913989994
16.0,16.0,15.9,15.9,2,0.010454755913989994
15.9,15.9,15.9,15.9,2,0.010454755913989994
16.0,16.0,15.9,15.9,2,0.010454755913989994
16.0,16.0,16.0,16.0,2,0.010454755913989994
16.0,16.0,15.9,15.9,2,0.010454755913989994
16.0,16.0,15.9,15.9,2,0.010454755913989994
16.0,16.0,15.9,15.9,2,0.010454755913989994
16.0,16.0,15.9,15.9,2,0.010454755913989994
16.0,16.0,15.9,15.9,2,0.010454755913989994
16.0,16.0,15.9,15.9,2,0.010454755913989994
16.0,16.0,15.9,15.9,2,0.010454755913989994
16.0,16.0,15.9,15.9,2,0.010454755913989994
16.0,16.0,15.9,15.9,2,0.010454755913989994
16.0,16.0,15.9,15.9,2,0.010454755913989994
15.9,15.9,15.9,15.9,2,0.010454755913989994
15.9,15.9,15.9,15.9,2,0.010454755913989994
15.9,15.9,15.9,15.9,2,0.010454755913989994
15.9,15.9,15.9,15.9,2,0.010454755913989994
15.9,15.9,15.9,15.9,2,0.010454755913989994
16.0,16.0,15.9,15.9,2,0.010454755913989994
16.0,16.0,16.0,16.0,2,0.010454755913989994
16.0,16.0,15.9,15.9,2,0.010454755913989994
16.0,16.0,16.0,16.0,2,0.010454755913989994
16.0,16.0,15.9,15.9,2,0.010454755913989994
16.0,16.0,16.0,16.0,2,0.010454755913989994
16.0,16.0,16.0,16.0,2,0.010454755913989994
16.0,16.0,16.0,16.0,2,0.010454755913989994
16.0,16.0,16.0,16.0,2,0.010454755913989994
16.0,16.0,16.0,16.0,2,0.010454755913989994
16.0,16.0,16.0,16.0,2,0.010454755913989994
16.0,16.0,16.0,16.0,2,0.010454755913989994
16.0,16.0,16.0,16.0,2,0.010454755913989994
16.0,16.0,16.0,16.0,2,0.010454755913989994
16.0,16.0,16.0,16.0,2,0.010454755913989994
16.0,16.0,16.0,16.0,2,0.010454755913989994
16.0,16.0,16.0,16.0,2,0.010454755913989994
16.0,16.0,16.0,16.0,2,0.010454755913989994
16.0,16.0,16.0,16.0,2,0.010454755913989994
16.0,16.0,16.0,16.0,2,0.010454755913989994
16.0,16.0,16.0,16.0,2,0.010454755913989994
16.0,16.0,16.0,16.0,2,0.010454755913989994
16.0,16.0,16.0,16.0,2,0.010454755913989994
16.0,16.0,16.0,16.0,2,0.010454755913989994
16.0,16.0,16.0,16.0,2,0.010454755913989994
16.0,16.0,16.0,16.0,2,0.010454755913989994
16.0,16.0,16.0,16.0,2,0.010454755913989994
16.0,16.0,16.0,16.0,2,0.010454755913989994
16.0,16.0,16.0,16.0,2,0.010454755913989994
16.0,16.0,16.0,16.0,2,0.010454755913989994
16.0,16.0,16.0,16.0,2,0.010454755913989994
16.0,16.0,16.0,16.0,2,0.010454755913989994
16.1,16.1,16.0,16.0,2,0.010454755913989994
16.0,16.0,16.0,16.0,2,0.010454755913989994
16.1,16.1,16.0,16.0,2,0.010454755913989994
16.1,16.1,16.0,16.0,2,0.010454755913989994
16.1,16.1,16.0,16.0,2,0.010454755913989994
16.1,16.1,16.0,16.0,2,0.010454755913989994
16.1,16.1,16.1,16.1,2,0.010454755913989994
16.1,16.1,16.0,16.0,2,0.010454755913989994
16.1,16.1,16.1,16.1,2,0.010454755913989994
16.1,16.1,16.0,16.0,2,0.010454755913989994
16.1,16.1,16.1,16.1,2,0.010454755913989994
16.1,16.1,16.0,16.0,2,0.010454755913989994
16.1,16.1,16.0,16.0,2,0.010454755913989994
16.1,16.1,16.0,16.0,2,0.010454755913989994
16.1,16.1,16.1,16.1,3,0.010454755913989994
16.1,16.1,16.1,16.1,2,0.010454755913989994
16.1,16.1,16.1,16.1,2,0.010454755913989994
16.1,16.1,16.1,16.1,2,0.010454755913989994
16.1,16.1,16.1,16.1,2,0.010454755913989994
16.1,16.1,16.1,16.1,2,0.010454755913989994
16.1,16.1,16.1,16.1,2,0.010454755913989994
16.1,16.1,16.1,16.1,2,0.010454755913989994
16.1,16.1,16.1,16.1,2,0.010454755913989994
16.1,16.1,16.1,16.1,2,0.010454755913989994
16.1,16.1,16.1,16.1,2,0.010454755913989994
16.1,16.1,16.1,16.1,2,0.010454755913989994
16.1,16.1,16.1,16.1,2,0.010454755913989994
16.1,16.1,16.1,16.1,2,0.010454755913989994
16.1,16.1,16.1,16.1,2,0.010454755913989994
16.1,16.1,16.1,16.1,2,0.010454755913989994
16.1,16.1,16.1,16.1,2,0.010454755913989994
16.1,16.1,16.1,16.1,2,0.010454755913989994
16.1,16.1,16.1,16.1,2,0.010454755913989994
16.1,16.1,16.1,16.1,2,0.010454755913989994
16.1,16.1,16.1,16.1,2,0.010454755913989994
16.1,16.1,16.1,16.1,2,0.010454755913989994
16.1,16.1,16.1,16.1,2,0.010454755913989994
16.1,16.1,16.1,16.1,2,0.010454755913989994
16.1,16.1,16.1,16.1,2,0.010454755913989994
16.1,16.1,16.1,16.1,2,0.010454755913989994
16.1,16.1,16.1,16.1,2,0.010454755913989994
16.1,16.1,16.1,16.1,2,0.010454755913989994
16.1,16.1,16.1,16.1,2,0.010454755913989994
16.1,16.1,16.1,16.1,2,0.010454755913989994
16.1,16.1,16.1,16.1,2,0.010454755913989994
16.1,16.1,16.1,16.1,2,0.010454755913989994
16.1,16.1,16.1,16.1,2,0.010454755913989994
16.1,16.1,16.1,16.1,2,0.010454755913989994
16.1,16.1,16.1,16.1,2,0.010454755913989994
16.1,16.1,16.1,16.1,2,0.010454755913989994
16.1,16.1,16.1,16.1,2,0.010454755913989994
16.1,16.1,16.1,16.1,2,0.010454755913989994
16.1,16.1,16.1,16.1,2,0.010454755913989994
16.1,16.1,16.1,16.1,2,0.010454755913989994
16.1,16.1,16.1,16.1,2,0.010454755913989994
16.1,16.1,16.1,16.1,2,0.010454755913989994
16.1,16.1,16.1,16.1,2,0.010454755913989994
16.1,16.1,16.1,16.1,2,0.010454755913989994
16.1,16.1,16.1,16.1,3,0.010454755913989994
16.1,16.1,16.1,16.1,3,0.010454755913989994
16.1,16.1,16.1,16.1,3,0.010454755913989994
16.1,16.1,16.1,16.1,3,0.010454755913989994
16.1,16.1,16.1,16.1,3,0.010454755913989994
16.1,16.1,16.1,16.1,3,0.010454755913989994
16.1,16.1,16.1,16.1,3,0.010454755913989994
16.1,16.1,16.1,16.1,3,0.010454755913989994
16.1,16.1,16.1,16.1,3,0.010454755913989994
16.1,16.1,16.1,16.1,3,0.010454755913989994
16.1,16.1,16.1,16.1,3,0.010454755913989994
16.1,16.1,16.1,16.1,3,0.010454755913989994
16.1,16.1,16.1,16.1,3,0.010454755913989994
16.1,16.1,16.1,16.1,3,0.010454755913989994
16.1,16.1,16.1,16.1,3,0.010454755913989994
16.1,16.1,16.1,16.1,3,0.010454755913989994
16.1,16.1,16.1,16.1,3,0.010454755913989994
16.1,16.1,16.1,16.1,3,0.010454755913989994
16.1,16.1,16.1,16.1,3,0.010454755913989994
16.1,16.1,16.1,16.1,3,0.010454755913989994
16.1,16.1,16.1,16.1,3,0.010454755913989994
16.1,16.1,16.1,16.1,3,0.010454755913989994
16.1,16.1,16.1,16.1,3,0.010454755913989994
16.1,16.1,16.1,16.1,3,0.010454755913989994
16.1,16.1,16.1,16.1,3,0.010454755913989994
16.1,16.1,16.1,16.1,3,0.010454755913989994
16.1,16.1,16.1,16.1,3,0.010454755913989994
16.1,16.1,16.1,16.1,3,0.010454755913989994
16.1,16.1,16.1,16.1,3,0.010454755913989994
16.1,16.1,16.1,16.1,3,0.010454755913989994
16.1,16.1,16.1,16.1,3,0.010454755913989994
16.1,16.1,16.1,16.1,4,0.010454755913989994
16.1,16.1,16.1,16.1,4,0.010454755913989994
16.1,16.1,16.1,16.1,4,0.010454755913989994
16.1,16.1,16.1,16.1,4,0.010454755913989994
16.1,16.1,16.1,16.1,3,0.010454755913989994
16.1,16.1,16.1,16.1,3,0.010454755913989994
16.1,16.1,16.1,16.1,3,0.010454755913989994
16.1,16.1,16.1,16.1,3,0.010454755913989994
16.1,16.1,16.1,16.1,4,0.010454755913989994
16.1,16.1,16.1,16.1,4,0.010454755913989994
16.1,16.1,16.1,16.1,4,0.010454755913989994
16.1,16.1,16.1,16.1,4,0.010454755913989994
16.1,16.1,16.1,16.1,4,0.010454755913989994
16.1,16.1,16.1,16.1,4,0.010454755913989994
16.1,16.1,16.1,16.1,4,0.010454755913989994
16.1,16.1,16.1,16.1,3,0.010454755913989994
16.1,16.1,16.1,16.1,3,0.010454755913989994
16.1,16.1,16.1,16.1,3,0.010454755913989994
16.1,16.1,16.1,16.1,3,0.010454755913989994
16.1,16.1,16.1,16.1,3,0.010454755913989994
16.1,16.1,16.1,16.1,3,0.010454755913989994
16.1,16.1,16.1,16.1,3,0.010454755913989994
16.1,16.1,16.1,16.1,3,0.010454755913989994
16.1,16.1,16.1,16.1,3,0.010454755913989994
16.1,16.1,16.1,16.1,3,0.010454755913989994
16.1,16.1,16.1,16.1,3,0.010454755913989994
16.1,16.1,16.1,16.1,3,0.010454755913989994
16.1,16.1,16.1,16.1,3,0.010454755913989994
16.1,16.1,16.1,16.1,3,0.010454755913989994
16.1,16.1,16.1,16.1,3,0.010454755913989994
16.1,16.1,16.1,16.1,3,0.010454755913989994
16.1,16.1,16.1,16.1,3,0.010454755913989994
16.1,16.1,16.1,16.1,2,0.010454755913989994
16.1,16.1,16.1,16.1,2,0.010454755913989994
16.1,16.1,16.1,16.1,2,0.010454755913989994
16.1,16.1,16.1,16.1,2,0.010454755913989994
16.1,16.1,16.1,16.1,2,0.010454755913989994
16.1,16.1,16.1,16.1,2,0.010454755913989994
16.1,16.1,16.1,16.1,2,0.010454755913989994
16.1,16.1,16.1,16.1,2,0.010454755913989994
16.1,16.1,16.1,16.1,2,0.010454755913989994
16.1,16.1,16.1,16.1,2,0.010454755913989994
16.1,16.1,16.1,16.1,2,0.010454755913989994
16.1,16.1,16.1,16.1,2,0.010577753042389875
16.1,16.1,16.1,16.1,2,0.010577753042389875
16.1,16.1,16.1,16.1,2,0.010454755913989994
16.1,16.1,16.1,16.1,2,0.010454755913989994
16.1,16.1,16.1,16.1,2,0.010454755913989994
16.1,16.1,16.1,16.1,2,0.010454755913989994
16.1,16.1,16.1,16.1,2,0.010454755913989994
16.1,16.1,16.1,16.1,2,0.010454755913989994
16.1,16.1,16.1,16.1,2,0.010454755913989994
16.1,16.1,16.1,16.1,2,0.010454755913989994
16.1,16.1,16.1,16.1,2,0.010454755913989994
16.1,16.1,16.1,16.1,2,0.010454755913989994
16.1,16.1,16.1,16.1,2,0.010454755913989994
16.1,16.1,16.1,16.1,2,0.010454755913989994
16.1,16.1,16.1,16.1,2,0.010454755913989994
16.1,16.1,16.1,16.1,2,0.010454755913989994
16.1,16.1,16.1,16.1,2,0.010454755913989994
16.1,16.1,16.1,16.1,3,0.010454755913989994
16.1,16.1,16.1,16.1,3,0.010454755913989994
16.1,16.1,16.1,16.1,3,0.010454755913989994
16.1,16.1,16.1,16.1,3,0.010454755913989994
16.1,16.1,16.1,16.1,3,0.010454755913989994
16.1,16.1,16.1,16.1,2,0.010454755913989994
16.1,16.1,16.1,16.1,3,0.010454755913989994
16.1,16.1,16.1,16.1,3,0.010454755913989994
16.1,16.1,16.1,16.1,3,0.010454755913989994
16.1,16.1,16.1,16.1,3,0.010454755913989994
16.1,16.1,16.1,16.1,3,0.010454755913989994
16.1,16.1,16.1,16.1,3,0.010454755913989994
16.1,16.1,16.1,16.1,4,0.010454755913989994
16.1,16.1,16.1,16.1,4,0.010454755913989994
16.1,16.1,16.1,16.1,4,0.010454755913989994
16.1,16.1,16.1,16.1,4,0.010454755913989994
16.1,16.1,16.1,16.1,4,0.010454755913989994
16.1,16.1,16.1,16.1,4,0.010454755913989994
16.1,16.1,16.1,16.1,4,0.010454755913989994
16.1,16.1,16.1,16.1,4,0.010454755913989994
16.1,16.1,16.1,16.1,4,0.010454755913989994
16.1,16.1,16.1,16.1,4,0.010454755913989994
16.1,16.1,16.1,16.1,4,0.010454755913989994
16.1,16.1,16.1,16.1,3,0.010454755913989994
16.1,16.1,16.1,16.1,3,0.010454755913989994
16.1,16.1,16.1,16.1,3,0.010454755913989994
16.1,16.1,16.1,16.1,3,0.010454755913989994
16.1,16.1,16.1,16.1,3,0.010454755913989994
16.1,16.1,16.1,16.1,3,0.010454755913989994
16.1,16.1,16.1,16.1,3,0.010454755913989994
16.1,16.1,16.1,16.1,3,0.010454755913989994
16.1,16.1,16.1,16.1,3,0.010454755913989994
16.1,16.1,16.1,16.1,3,0.010454755913989994
16.1,16.1,16.1,16.1,3,0.010454755913989994
16.1,16.1,16.1,16.1,3,0.010454755913989994
16.1,16.1,16.1,16.1,3,0.010454755913989994
16.1,16.1,16.1,16.1,3,0.010454755913989994
16.1,16.1,16.1,16.1,2,0.010454755913989994
16.1,16.1,16.1,16.1,3,0.010454755913989994
16.1,16.1,16.1,16.1,3,0.010454755913989994
16.1,16.1,16.1,16.1,3,0.010454755913989994
16.1,16.1,16.1,16.1,3,0.010454755913989994
16.1,16.1,16.1,16.1,2,0.010454755913989994
16.1,16.1,16.1,16.1,2,0.010454755913989994
16.1,16.1,16.1,16.1,2,0.010454755913989994
16.1,16.1,16.1,16.1,2,0.010454755913989994
16.1,16.1,16.1,16.1,2,0.010454755913989994
16.1,16.1,16.1,16.1,2,0.010454755913989994
16.1,16.1,16.1,16.1,3,0.010454755913989994
16.1,16.1,16.1,16.1,2,0.010454755913989994
16.1,16.1,16.1,16.1,2,0.010454755913989994
16.1,16.1,16.1,16.1,2,0.010454755913989994
16.1,16.1,16.1,16.1,2,0.010454755913989994
16.1,16.1,16.1,16.1,2,0.010454755913989994
16.1,16.1,16.1,16.1,2,0.010454755913989994
16.1,16.1,16.1,16.1,2,0.010454755913989994
16.1,16.1,16.1,16.1,2,0.010454755913989994
16.1,16.1,16.1,16.1,2,0.010454755913989994
16.1,16.1,16.1,16.1,2,0.010454755913989994
16.1,16.1,16.1,16.1,2,0.010454755913989994
16.1,16.1,16.1,16.1,2,0.010454755913989994
16.1,16.1,16.1,16.1,2,0.010454755913989994
16.1,16.1,16.1,16.1,2,0.010454755913989994
16.1,16.1,16.1,16.1,2,0.010454755913989994
16.1,16.1,16.1,16.1,2,0.010454755913989994
16.1,16.1,16.1,16.1,2,0.010454755913989994
16.1,16.1,16.1,16.1,2,0.010454755913989994
16.1,16.1,16.1,16.1,2,0.010454755913989994
16.1,16.1,16.1,16.1,2,0.010454755913989994
16.1,16.1,16.1,16.1,2,0.010454755913989994
16.1,16.1,16.1,16.1,2,0.010454755913989994
16.1,16.1,16.1,16.1,2,0.010454755913989994
16.1,16.1,16.1,16.1,2,0.010454755913989994
16.1,16.1,16.1,16.1,2,0.010454755913989994
16.1,16.1,16.1,16.1,2,0.010454755913989994
16.1,16.1,16.1,16.1,2,0.010454755913989994
16.1,16.1,16.1,16.1,2,0.010454755913989994
16.1,16.1,16.1,16.1,2,0.010577753042389875
16.1,16.1,16.1,16.1,2,0.010577753042389875
16.1,16.1,16.1,16.1,2,0.010454755913989994
16.1,16.1,16.1,16.1,2,0.010454755913989994
16.1,16.1,16.1,16.1,2,0.010454755913989994
16.1,16.1,16.1,16.1,2,0.010454755913989994
16.1,16.1,16.1,16.1,2,0.010454755913989994
16.1,16.1,16.1,16.1,2,0.010454755913989994
16.1,16.1,16.1,16.1,2,0.010454755913989994
16.1,16.1,16.1,16.1,2,0.010454755913989994
16.1,16.1,16.1,16.1,2,0.010454755913989994
16.1,16.1,16.1,16.1,2,0.010454755913989994
16.1,16.1,16.1,16.1,2,0.010454755913989994
16.1,16.1,16.1,16.1,2,0.010454755913989994
16.1,16.1,16.1,16.1,2,0.010454755913989994
16.1,16.1,16.1,16.1,2,0.010454755913989994
16.1,16.1,16.1,16.1,2,0.010454755913989994
16.1,16.1,16.1,16.1,2,0.010454755913989994
16.1,16.1,16.1,16.1,2,0.010454755913989994
16.1,16.1,16.1,16.1,2,0.010454755913989994
16.1,16.1,16.1,16.1,2,0.010454755913989994
16.1,16.1,16.1,16.1,2,0.010454755913989994
16.1,16.1,16.1,16.1,2,0.010454755913989994
16.1,16.1,16.1,16.1,2,0.010454755913989994
16.1,16.1,16.1,16.1,2,0.010577753042389875
16.1,16.1,16.1,16.1,2,0.010577753042389875
16.1,16.1,16.1,16.1,2,0.010454755913989994
16.1,16.1,16.1,16.1,2,0.010454755913989994
16.1,16.1,16.1,16.1,2,0.010454755913989994
16.1,16.1,16.1,16.1,2,0.010454755913989994
16.1,16.1,16.1,16.1,1,0.010454755913989994
16.1,16.1,16.1,16.1,2,0.010454755913989994
16.1,16.1,16.1,16.1,2,0.010454755913989994
16.1,16.1,16.1,16.1,1,0.010454755913989994
16.1,16.1,16.1,16.1,2,0.010454755913989994
16.1,16.1,16.1,16.1,1,0.010454755913989994
16.1,16.1,16.1,16.1,1,0.010454755913989994
16.1,16.1,16.1,16.1,1,0.010454755913989994
16.1,16.1,16.1,16.1,1,0.010454755913989994
16.1,16.1,16.1,16.1,1,0.010454755913989994
16.1,16.1,16.1,16.1,1,0.010454755913989994
16.1,16.1,16.1,16.1,1,0.010454755913989994
16.1,16.1,16.1,16.1,1,0.010454755913989994
16.1,16.1,16.1,16.1,1,0.010454755913989994
16.1,16.1,16.1,16.1,1,0.010454755913989994
16.1,16.1,16.1,16.1,1,0.010454755913989994
16.1,16.1,16.1,16.1,2,0.010454755913989994
16.1,16.1,16.1,16.1,1,0.010454755913989994
16.1,16.1,16.1,16.1,2,0.010454755913989994
16.1,16.1,16.1,16.1,2,0.010454755913989994
16.1,16.1,16.1,16.1,2,0.010454755913989994
16.1,16.1,16.1,16.1,2,0.010454755913989994
16.1,16.1,16.1,16.1,1,0.010454755913989994
16.1,16.1,16.1,16.1,2,0.010454755913989994
16.1,16.1,16.1,16.1,2,0.010454755913989994
16.1,16.1,16.1,16.1,2,0.010454755913989994
16.1,16.1,16.1,16.1,2,0.010454755913989994
16.1,16.1,16.1,16.1,1,0.010454755913989994
16.1,16.1,16.1,16.1,2,0.010454755913989994
16.1,16.1,16.1,16.1,1,0.010454755913989994
16.1,16.1,16.1,16.1,1,0.010454755913989994
16.1,16.1,16.1,16.1,1,0.010454755913989994
16.1,16.1,16.1,16.1,1,0.010454755913989994
16.1,16.1,16.1,16.1,2,0.010454755913989994
16.1,16.1,16.1,16.1,2,0.010454755913989994
16.1,16.1,16.1,16.1,2,0.010454755913989994
16.1,16.1,16.1,16.1,2,0.010454755913989994
16.1,16.1,16.1,16.1,2,0.010454755913989994
16.1,16.1,16.1,16.1,2,0.010454755913989994
16.1,16.1,16.1,16.1,2,0.010454755913989994
16.1,16.1,16.1,16.1,2,0.010454755913989994
16.1,16.1,16.1,16.1,2,0.010454755913989994
16.1,16.1,16.1,16.1,2,0.010454755913989994
16.1,16.1,16.1,16.1,2,0.010454755913989994
16.1,16.1,16.1,16.1,2,0.010454755913989994
16.1,16.1,16.1,16.1,2,0.010454755913989994
16.1,16.1,16.1,16.1,2,0.010454755913989994
16.1,16.1,16.1,16.1,2,0.010454755913989994
16.1,16.1,16.1,16.1,2,0.010454755913989994
16.1,16.1,16.1,16.1,2,0.010454755913989994
16.1,16.1,16.1,16.1,2,0.010454755913989994
16.1,16.1,16.1,16.1,2,0.010454755913989994
16.1,16.1,16.1,16.1,2,0.010454755913989994
16.1,16.1,16.1,16.1,2,0.010454755913989994
16.1,16.1,16.1,16.1,2,0.010454755913989994
16.1,16.1,16.1,16.1,2,0.010454755913989994
16.1,16.1,16.1,16.1,2,0.010454755913989994
16.1,16.1,16.1,16.1,2,0.010454755913989994
16.1,16.1,16.1,16.1,2,0.010454755913989994
16.1,16.1,16.1,16.1,2,0.010454755913989994
16.1,16.1,16.1,16.1,2,0.010454755913989994
16.1,16.1,16.1,16.1,3,0.010454755913989994
16.1,16.1,16.1,16.1,2,0.010454755913989994
16.1,16.1,16.1,16.1,3,0.010454755913989994
16.1,16.1,16.1,16.1,3,0.010454755913989994
16.1,16.1,16.1,16.1,3,0.010454755913989994
16.1,16.1,16.1,16.1,3,0.010454755913989994
16.1,16.1,16.1,16.1,2,0.010454755913989994
16.1,16.1,16.1,16.1,2,0.010454755913989994
16.1,16.1,16.1,16.1,2,0.010454755913989994
16.1,16.1,16.1,16.1,3,0.010454755913989994
16.1,16.1,16.1,16.1,2,0.010454755913989994
16.1,16.1,16.1,16.1,2,0.010454755913989994
16.1,16.1,16.1,16.1,2,0.010454755913989994
16.1,16.1,16.1,16.1,2,0.010454755913989994
16.1,16.1,16.1,16.1,2,0.010454755913989994
16.1,16.1,16.1,16.1,2,0.010454755913989994
16.1,16.1,16.1,16.1,2,0.010454755913989994
16.1,16.1,16.1,16.1,2,0.010454755913989994
16.1,16.1,16.1,16.1,2,0.010454755913989994
16.1,16.1,16.1,16.1,2,0.010454755913989994
16.1,16.1,16.1,16.1,2,0.010454755913989994
16.1,16.1,16.1,16.1,2,0.010454755913989994
16.1,16.1,16.1,16.1,2,0.010454755913989994
16.1,16.1,16.1,16.1,2,0.010454755913989994
16.1,16.1,16.1,16.1,2,0.010454755913989994
16.1,16.1,16.1,16.1,2,0.010454755913989994
16.1,16.1,16.1,16.1,2,0.010454755913989994
16.1,16.1,16.1,16.1,2,0.010454755913989994
16.1,16.1,16.1,16.1,2,0.010454755913989994
16.1,16.1,16.1,16.1,2,0.010454755913989994
16.1,16.1,16.1,16.1,2,0.010454755913989994
16.1,16.1,16.1,16.1,2,0.010454755913989994
16.1,16.1,16.1,16.1,2,0.010454755913989994
16.1,16.1,16.1,16.1,2,0.010454755913989994
16.1,16.1,16.1,16.1,2,0.010454755913989994
16.1,16.1,16.1,16.1,2,0.010577753042389875
16.1,16.1,16.1,16.1,2,0.010577753042389875
16.1,16.1,16.1,16.1,2,0.010454755913989994
16.1,16.1,16.1,16.1,2,0.010454755913989994
16.1,16.1,16.1,16.1,2,0.010454755913989994
16.1,16.1,16.1,16.1,2,0.010454755913989994
16.1,16.1,16.1,16.1,2,0.010454755913989994
16.1,16.1,16.1,16.1,2,0.010454755913989994
16.1,16.1,16.1,16.1,2,0.010454755913989994
16.1,16.1,16.1,16.1,2,0.010454755913989994
16.1,16.1,16.1,16.1,2,0.010454755913989994
16.1,16.1,16.1,16.1,2,0.010454755913989994
16.1,16.1,16.1,16.1,2,0.010454755913989994
16.1,16.1,16.1,16.1,2,0.010454755913989994
16.1,16.1,16.1,16.1,2,0.010454755913989994
16.1,16.1,16.1,16.1,2,0.010454755913989994
16.1,16.1,16.1,16.1,2,0.010454755913989994
16.1,16.1,16.1,16.1,2,0.010454755913989994
16.1,16.1,16.1,16.1,2,0.010454755913989994
16.1,16.1,16.1,16.1,2,0.010454755913989994
16.1,16.1,16.1,16.1,2,0.010454755913989994
16.1,16.1,16.1,16.1,2,0.010454755913989994
16.1,16.1,16.1,16.1,2,0.010454755913989994
16.1,16.1,16.1,16.1,2,0.010454755913989994
16.1,16.1,16.1,16.1,3,0.010454755913989994
16.1,16.1,16.1,16.1,3,0.010454755913989994
16.1,16.1,16.1,16.1,3,0.010454755913989994
16.1,16.1,16.1,16.1,3,0.010454755913989994
16.1,16.1,16.1,16.1,3,0.010454755913989994
16.1,16.1,16.1,16.1,3,0.010454755913989994
16.1,16.1,16.1,16.1,3,0.010454755913989994
16.1,16.1,16.1,16.1,3,0.010454755913989994
16.1,16.1,16.1,16.1,3,0.010454755913989994
16.1,16.1,16.1,16.1,3,0.010454755913989994
16.1,16.1,16.1,16.1,3,0.010454755913989994
16.1,16.1,16.1,16.1,3,0.010454755913989994
16.1,16.1,16.1,16.1,3,0.010454755913989994
16.1,16.1,16.1,16.1,3,0.010454755913989994
16.1,16.1,16.1,16.1,3,0.010454755913989994
16.1,16.1,16.1,16.1,3,0.010454755913989994
16.1,16.1,16.1,16.1,3,0.010454755913989994
16.1,16.1,16.1,16.1,3,0.010454755913989994
16.1,16.1,16.1,16.1,3,0.010454755913989994
16.1,16.1,16.1,16.1,2,0.010454755913989994
16.1,16.1,16.1,16.1,2,0.010454755913989994
16.1,16.1,16.1,16.1,2,0.010454755913989994
16.1,16.1,16.1,16.1,2,0.010454755913989994
16.1,16.1,16.1,16.1,2,0.010454755913989994
16.1,16.1,16.1,16.1,2,0.010454755913989994
16.1,16.1,16.1,16.1,2,0.010454755913989994
16.1,16.1,16.1,16.1,2,0.010454755913989994
16.1,16.1,16.1,16.1,2,0.010454755913989994
16.1,16.1,16.1,16.1,2,0.010454755913989994
16.1,16.1,16.1,16.1,2,0.010454755913989994
16.1,16.1,16.1,16.1,2,0.010454755913989994
16.1,16.1,16.1,16.1,2,0.010454755913989994
16.1,16.1,16.1,16.1,2,0.010454755913989994
16.1,16.1,16.1,16.1,2,0.010454755913989994
16.1,16.1,16.1,16.1,2,0.010454755913989994
16.1,16.1,16.1,16.1,2,0.010454755913989994
16.1,16.1,16.1,16.1,2,0.010454755913989994
16.1,16.1,16.1,16.1,2,0.010454755913989994
16.1,16.1,16.1,16.1,2,0.010454755913989994
16.1,16.1,16.1,16.1,2,0.010454755913989994
16.1,16.1,16.1,16.1,2,0.010454755913989994
16.1,16.1,16.1,16.1,2,0.010454755913989994
16.1,16.1,16.1,16.1,2,0.010454755913989994
16.1,16.1,16.1,16.1,2,0.010454755913989994
16.1,16.1,16.1,16.1,2,0.010454755913989994
16.1,16.1,16.1,16.1,2,0.010454755913989994
16.1,16.1,16.1,16.1,2,0.010454755913989994
16.1,16.1,16.1,16.1,2,0.010454755913989994
16.1,16.1,16.1,16.1,2,0.010454755913989994
16.1,16.1,16.1,16.1,2,0.010454755913989994
16.1,16.1,16.1,16.1,1,0.010454755913989994
16.1,16.1,16.1,16.1,1,0.010454755913989994
16.1,16.1,16.1,16.1,1,0.010454755913989994
16.1,16.1,16.1,16.1,1,0.010454755913989994
16.1,16.1,16.1,16.1,1,0.010454755913989994
16.1,16.1,16.1,16.1,1,0.010454755913989994
16.1,16.1,16.1,16.1,1,0.010454755913989994
16.1,16.1,16.1,16.1,2,0.010454755913989994
16.1,16.1,16.1,16.1,2,0.010454755913989994
16.1,16.1,16.1,16.1,1,0.010454755913989994
16.1,16.1,16.1,16.1,1,0.010454755913989994
16.1,16.1,16.1,16.1,1,0.010454755913989994
16.1,16.1,16.1,16.1,1,0.010454755913989994
16.1,16.1,16.1,16.1,1,0.010454755913989994
16.1,16.1,16.1,16.1,2,0.010454755913989994
16.1,16.1,16.1,16.1,1,0.010454755913989994
16.1,16.1,16.1,16.1,1,0.010454755913989994
16.1,16.1,16.1,16.1,1,0.010454755913989994
16.1,16.1,16.1,16.1,1,0.010454755913989994
16.1,16.1,16.1,16.1,1,0.010454755913989994
16.1,16.1,16.1,16.1,1,0.010454755913989994
16.1,16.1,16.1,16.1,1,0.010454755913989994
16.1,16.1,16.1,16.1,1,0.010454755913989994
16.1,16.1,16.1,16.1,1,0.010454755913989994
16.1,16.1,16.1,16.1,1,0.010454755913989994
16.1,16.1,16.1,16.1,1,0.010454755913989994
16.1,16.1,16.1,16.1,1,0.010454755913989994
16.1,16.1,16.1,16.1,1,0.010454755913989994
16.1,16.1,16.1,16.1,1,0.010454755913989994
16.1,16.1,16.1,16.1,1,0.010454755913989994
16.1,16.1,16.1,16.1,1,0.010454755913989994
16.1,16.1,16.1,16.1,1,0.010454755913989994
16.1,16.1,16.1,16.1,1,0.010454755913989994
16.1,16.1,16.1,16.1,1,0.010454755913989994
16.1,16.1,16.1,16.1,2,0.010454755913989994
16.1,16.1,16.1,16.1,1,0.010454755913989994
16.1,16.1,16.1,16.1,2,0.010454755913989994
16.1,16.1,16.1,16.1,1,0.010454755913989994
16.1,16.1,16.1,16.1,1,0.010454755913989994
16.1,16.1,16.1,16.1,2,0.010454755913989994
16.1,16.1,16.1,16.1,2,0.010454755913989994
16.1,16.1,16.1,16.1,2,0.010454755913989994
16.1,16.1,16.1,16.1,2,0.010454755913989994
16.1,16.1,16.1,16.1,2,0.010454755913989994
16.1,16.1,16.1,16.1,2,0.010454755913989994
16.1,16.1,16.1,16.1,2,0.010454755913989994
16.1,16.1,16.1,16.1,2,0.010454755913989994
16.1,16.1,16.1,16.1,2,0.010454755913989994
16.1,16.1,16.1,16.1,2,0.010454755913989994
16.1,16.1,16.1,16.1,2,0.010454755913989994
16.1,16.1,16.1,16.1,2,0.010454755913989994
16.1,16.1,16.1,16.1,2,0.010454755913989994
16.1,16.1,16.1,16.1,2,0.010454755913989994
16.1,16.1,16.1,16.1,2,0.010454755913989994
16.1,16.1,16.1,16.1,2,0.010454755913989994
16.1,16.1,16.1,16.1,2,0.010454755913989994
16.1,16.1,16.1,16.1,2,0.010454755913989994
16.1,16.1,16.1,16.1,2,0.010454755913989994
16.1,16.1,16.1,16.1,2,0.010454755913989994
16.1,16.1,16.1,16.1,2,0.010454755913989994
16.1,16.1,16.1,16.1,2,0.010454755913989994
16.1,16.1,16.1,16.1,2,0.010454755913989994
16.1,16.1,16.1,16.1,2,0.010454755913989994
16.1,16.1,16.1,16.1,2,0.010454755913989994
16.1,16.1,16.1,16.1,2,0.010454755913989994
16.1,16.1,16.1,16.1,2,0.010454755913989994
16.1,16.1,16.1,16.1,2,0.010454755913989994
16.1,16.1,16.1,16.1,2,0.010454755913989994
16.1,16.1,16.1,16.1,2,0.010454755913989994
16.1,16.1,16.1,16.1,2,0.010454755913989994
16.1,16.1,16.1,16.1,2,0.010454755913989994
16.1,16.1,16.1,16.1,2,0.010454755913989994
16.2,16.2,16.1,16.1,2,0.010454755913989994
16.2,16.2,16.2,16.2,2,0.010454755913989994
16.2,16.2,16.2,16.2,2,0.010454755913989994
16.2,16.2,16.2,16.2,2,0.010454755913989994
16.2,16.2,16.2,16.2,1,0.010454755913989994
16.2,16.2,16.2,16.2,1,0.010454755913989994
16.2,16.2,16.2,16.2,2,0.010454755913989994
16.2,16.2,16.2,16.2,2,0.010454755913989994
16.2,16.2,16.2,16.2,1,0.010454755913989994
16.2,16.2,16.2,16.2,1,0.010454755913989994
16.3,16.3,16.2,16.2,1,0.010454755913989994
16.3,16.3,16.3,16.3,2,0.010454755913989994
16.3,16.3,16.3,16.3,1,0.010454755913989994
16.3,16.3,16.3,16.3,1,0.010454755913989994
16.3,16.3,16.3,16.3,1,0.010454755913989994
16.3,16.3,16.3,16.3,2,0.010454755913989994
16.400000000000002,16.400000000000002,16.3,16.3,2,0.010454755913989994
16.400000000000002,16.400000000000002,16.3,16.3,2,0.010454755913989994
16.400000000000002,16.400000000000002,16.400000000000002,16.400000000000002,2,0.010454755913989994
16.5,16.5,16.400000000000002,16.400000000000002,2,0.010454755913989994
16.5,16.5,16.400000000000002,16.400000000000002,2,0.010454755913989994
16.5,16.5,16.400000000000002,16.400000000000002,2,0.010454755913989994
16.5,16.5,16.5,16.5,2,0.010454755913989994
16.6,16.6,16.5,16.5,2,0.010454755913989994
16.6,16.6,16.5,16.5,2,0.010454755913989994
16.6,16.6,16.6,16.6,2,0.010454755913989994
16.7,16.7,16.6,16.6,2,0.010454755913989994
16.7,16.7,16.6,16.6,2,0.010454755913989994
16.7,16.7,16.7,16.7,1,0.010454755913989994
16.8,16.8,16.7,16.7,1,0.010454755913989994
16.8,16.8,16.7,16.7,2,0.010454755913989994
16.8,16.8,16.8,16.8,2,0.010454755913989994
16.900000000000002,16.900000000000002,16.8,16.8,2,0.010454755913989994
16.900000000000002,16.900000000000002,16.8,16.8,2,0.010454755913989994
16.900000000000002,16.900000000000002,16.8,16.8,2,0.010454755913989994
16.900000000000002,16.900000000000002,16.900000000000002,16.900000000000002,2,0.010454755913989994
17.0,17.0,16.900000000000002,16.900000000000002,1,0.010454755913989994
17.0,17.0,16.900000000000002,16.900000000000002,1,0.010454755913989994
17.0,17.0,16.900000000000002,16.900000000000002,2,0.010454755913989994
17.0,17.0,16.900000000000002,16.900000000000002,2,0.010454755913989994
17.0,17.0,17.0,17.0,1,0.010454755913989994
17.1,17.1,17.0,17.0,2,0.010454755913989994
17.1,17.1,17.0,17.0,2,0.010454755913989994
17.1,17.1,17.0,17.0,2,0.010454755913989994
17.1,17.1,17.1,17.1,2,0.010454755913989994
17.2,17.2,17.1,17.1,2,0.010454755913989994
17.2,17.2,17.1,17.1,2,0.010454755913989994
17.2,17.2,17.1,17.1,2,0.010454755913989994
17.2,17.2,17.1,17.1,2,0.010454755913989994
17.2,17.2,17.1,17.1,2,0.010454755913989994
17.2,17.2,17.2,17.2,2,0.010454755913989994
17.2,17.2,17.2,17.2,2,0.010454755913989994
17.2,17.2,17.2,17.2,2,0.010454755913989994
17.3,17.3,17.2,17.2,2,0.010454755913989994
17.3,17.3,17.2,17.2,2,0.010454755913989994
17.3,17.3,17.2,17.2,2,0.010454755913989994
17.3,17.3,17.3,17.3,2,0.010454755913989994
17.3,17.3,17.3,17.3,2,0.010454755913989994
17.3,17.3,17.3,17.3,2,0.010454755913989994
17.3,17.3,17.3,17.3,2,0.010454755913989994
17.3,17.3,17.3,17.3,2,0.010454755913989994
17.3,17.3,17.3,17.3,2,0.010454755913989994
17.3,17.3,17.3,17.3,2,0.010454755913989994
17.3,17.3,17.3,17.3,2,0.010454755913989994
17.400000000000002,17.400000000000002,17.3,17.3,2,0.010454755913989994
17.400000000000002,17.400000000000002,17.400000000000002,17.400000000000002,2,0.010454755913989994
17.400000000000002,17.400000000000002,17.400000000000002,17.400000000000002,2,0.010454755913989994
17.400000000000002,17.400000000000002,17.400000000000002,17.400000000000002,2,0.010454755913989994
17.400000000000002,17.400000000000002,17.400000000000002,17.400000000000002,2,0.010454755913989994
17.400000000000002,17.400000000000002,17.400000000000002,17.400000000000002,2,0.010454755913989994
17.400000000000002,17.400000000000002,17.400000000000002,17.400000000000002,2,0.010454755913989994
17.400000000000002,17.400000000000002,17.400000000000002,17.400000000000002,2,0.010454755913989994
17.400000000000002,17.400000000000002,17.400000000000002,17.400000000000002,2,0.010454755913989994
17.400000000000002,17.400000000000002,17.400000000000002,17.400000000000002,2,0.010454755913989994
17.400000000000002,17.400000000000002,17.400000000000002,17.400000000000002,2,0.010454755913989994
17.400000000000002,17.400000000000002,17.400000000000002,17.400000000000002,2,0.010454755913989994
17.400000000000002,17.400000000000002,17.400000000000002,17.400000000000002,2,0.010454755913989994
17.5,17.5,17.400000000000002,17.400000000000002,2,0.010454755913989994
17.5,17.5,17.5,17.5,2,0.010577753042389875
17.5,17.5,17.5,17.5,2,0.010577753042389875
17.5,17.5,17.5,17.5,2,0.010454755913989994
17.5,17.5,17.5,17.5,2,0.010454755913989994
17.5,17.5,17.5,17.5,2,0.010454755913989994
17.5,17.5,17.5,17.5,2,0.010454755913989994
17.5,17.5,17.5,17.5,2,0.010454755913989994
17.5,17.5,17.5,17.5,2,0.010454755913989994
17.5,17.5,17.5,17.5,2,0.010454755913989994
17.5,17.5,17.5,17.5,2,0.010454755913989994
17.5,17.5,17.5,17.5,2,0.010454755913989994
17.5,17.5,17.5,17.5,2,0.010454755913989994
17.5,17.5,17.5,17.5,2,0.010454755913989994
17.5,17.5,17.5,17.5,2,0.010454755913989994
17.6,17.6,17.5,17.5,2,0.010577753042389875
17.6,17.6,17.6,17.6,2,0.010577753042389875
17.6,17.6,17.6,17.6,2,0.010454755913989994
17.6,17.6,17.6,17.6,2,0.010454755913989994
17.6,17.6,17.6,17.6,2,0.010454755913989994
17.6,17.6,17.6,17.6,2,0.010454755913989994
17.6,17.6,17.6,17.6,2,0.010454755913989994
17.6,17.6,17.6,17.6,2,0.010454755913989994
17.6,17.6,17.6,17.6,3,0.010454755913989994
17.6,17.6,17.6,17.6,2,0.010454755913989994
17.6,17.6,17.6,17.6,2,0.010454755913989994
17.6,17.6,17.6,17.6,2,0.010454755913989994
17.6,17.6,17.6,17.6,2,0.010454755913989994
17.7,17.7,17.6,17.6,2,0.010454755913989994
17.6,17.6,17.6,17.6,2,0.010454755913989994
17.6,17.6,17.6,17.6,2,0.010454755913989994
17.7,17.7,17.6,17.6,2,0.010454755913989994
17.7,17.7,17.7,17.7,2,0.010454755913989994
17.7,17.7,17.7,17.7,2,0.010454755913989994
17.7,17.7,17.7,17.7,2,0.010454755913989994
17.8,17.8,17.7,17.7,2,0.010454755913989994
17.8,17.8,17.7,17.7,2,0.010454755913989994
17.8,17.8,17.7,17.7,2,0.010454755913989994
17.8,17.8,17.8,17.8,2,0.010454755913989994
17.8,17.8,17.8,17.8,2,0.010454755913989994
17.900000000000002,17.900000000000002,17.8,17.8,2,0.010454755913989994
17.900000000000002,17.900000000000002,17.8,17.8,2,0.010454755913989994
17.900000000000002,17.900000000000002,17.8,17.8,2,0.010454755913989994
17.900000000000002,17.900000000000002,17.900000000000002,17.900000000000002,2,0.010454755913989994
17.900000000000002,17.900000000000002,17.900000000000002,17.900000000000002,2,0.010454755913989994
17.900000000000002,17.900000000000002,17.900000000000002,17.900000000000002,2,0.010454755913989994
18.0,18.0,17.900000000000002,17.900000000000002,2,0.010454755913989994
18.0,18.0,17.900000000000002,17.900000000000002,2,0.010454755913989994
18.0,18.0,17.900000000000002,17.900000000000002,2,0.010454755913989994
18.0,18.0,18.0,18.0,1,0.010454755913989994
18.1,18.1,18.0,18.0,1,0.010454755913989994
18.1,18.1,18.0,18.0,1,0.010454755913989994
18.1,18.1,18.0,18.0,1,0.010454755913989994
18.1,18.1,18.0,18.0,1,0.010454755913989994
18.1,18.1,18.0,18.0,1,0.010454755913989994
18.1,18.1,18.1,18.1,1,0.010454755913989994
18.2,18.2,18.1,18.1,1,0.010454755913989994
18.2,18.2,18.1,18.1,1,0.010454755913989994
18.2,18.2,18.2,18.2,1,0.010454755913989994
18.3,18.3,18.2,18.2,1,0.010577753042389875
18.3,18.3,18.2,18.2,1,0.010577753042389875
18.3,18.3,18.2,18.2,1,0.010454755913989994
18.3,18.3,18.2,18.2,1,0.010454755913989994
18.3,18.3,18.3,18.3,1,0.010454755913989994
18.400000000000002,18.400000000000002,18.3,18.3,1,0.010454755913989994
18.400000000000002,18.400000000000002,18.3,18.3,1,0.010454755913989994
18.400000000000002,18.400000000000002,18.3,18.3,2,0.010454755913989994
18.400000000000002,18.400000000000002,18.400000000000002,18.400000000000002,2,0.010454755913989994
18.400000000000002,18.400000000000002,18.400000000000002,18.400000000000002,2,0.010454755913989994
18.5,18.5,18.400000000000002,18.400000000000002,2,0.010454755913989994
18.5,18.5,18.400000000000002,18.400000000000002,2,0.010454755913989994
18.5,18.5,18.400000000000002,18.400000000000002,2,0.010454755913989994
18.5,18.5,18.400000000000002,18.400000000000002,2,0.010454755913989994
18.5,18.5,18.5,18.5,2,0.010454755913989994
18.5,18.5,18.5,18.5,2,0.010454755913989994
18.5,18.5,18.5,18.5,2,0.010454755913989994
18.6,18.6,18.5,18.5,2,0.010454755913989994
18.6,18.6,18.5,18.5,2,0.010454755913989994
18.6,18.6,18.5,18.5,2,0.010454755913989994
18.6,18.6,18.6,18.6,2,0.010454755913989994
18.7,18.7,18.6,18.6,2,0.010454755913989994
18.7,18.7,18.6,18.6,2,0.010454755913989994
18.7,18.7,18.6,18.6,2,0.010454755913989994
18.7,18.7,18.6,18.6,2,0.010454755913989994
18.7,18.7,18.7,18.7,2,0.010454755913989994
18.8,18.8,18.7,18.7,2,0.010454755913989994
18.8,18.8,18.7,18.7,2,0.010454755913989994
18.8,18.8,18.7,18.7,2,0.010454755913989994
18.8,18.8,18.7,18.7,2,0.010454755913989994
18.8,18.8,18.8,18.8,2,0.010454755913989994
18.900000000000002,18.900000000000002,18.8,18.8,2,0.010454755913989994
18.900000000000002,18.900000000000002,18.8,18.8,2,0.010454755913989994
18.900000000000002,18.900000000000002,18.8,18.8,2,0.010454755913989994
18.900000000000002,18.900000000000002,18.8,18.8,2,0.010454755913989994
18.900000000000002,18.900000000000002,18.900000000000002,18.900000000000002,2,0.010454755913989994
18.900000000000002,18.900000000000002,18.900000000000002,18.900000000000002,2,0.010454755913989994
19.0,19.0,18.900000000000002,18.900000000000002,2,0.010454755913989994
19.0,19.0,18.900000000000002,18.900000000000002,2,0.010454755913989994
19.0,19.0,18.900000000000002,18.900000000000002,2,0.010454755913989994
19.0,19.0,19.0,19.0,2,0.010454755913989994
19.0,19.0,19.0,19.0,2,0.010454755913989994
19.1,19.1,19.0,19.0,2,0.010454755913989994
19.1,19.1,19.0,19.0,2,0.010454755913989994
19.1,19.1,19.0,19.0,2,0.010454755913989994
19.1,19.1,19.0,19.0,2,0.010454755913989994
19.1,19.1,19.1,19.1,2,0.010454755913989994
19.200000000000003,19.200000000000003,19.1,19.1,2,0.010454755913989994
19.200000000000003,19.200000000000003,19.1,19.1,2,0.010454755913989994
19.200000000000003,19.200000000000003,19.1,19.1,2,0.010454755913989994
19.200000000000003,19.200000000000003,19.1,19.1,2,0.010454755913989994
19.200000000000003,19.200000000000003,19.200000000000003,19.200000000000003,2,0.010454755913989994
19.3,19.3,19.200000000000003,19.200000000000003,2,0.010454755913989994
19.3,19.3,19.200000000000003,19.200000000000003,2,0.010454755913989994
19.3,19.3,19.200000000000003,19.200000000000003,2,0.010454755913989994
19.3,19.3,19.200000000000003,19.200000000000003,2,0.010454755913989994
19.3,19.3,19.3,19.3,2,0.010454755913989994
19.3,19.3,19.3,19.3,2,0.010454755913989994
19.400000000000002,19.400000000000002,19.3,19.3,2,0.010454755913989994
19.400000000000002,19.400000000000002,19.3,19.3,2,0.010454755913989994
19.400000000000002,19.400000000000002,19.3,19.3,2,0.010454755913989994
19.400000000000002,19.400000000000002,19.400000000000002,19.400000000000002,2,0.010454755913989994
19.400000000000002,19.400000000000002,19.400000000000002,19.400000000000002,2,0.010454755913989994
19.400000000000002,19.400000000000002,19.400000000000002,19.400000000000002,2,0.010454755913989994
19.400000000000002,19.400000000000002,19.400000000000002,19.400000000000002,2,0.010454755913989994
19.5,19.5,19.400000000000002,19.400000000000002,2,0.010454755913989994
19.5,19.5,19.400000000000002,19.400000000000002,2,0.010454755913989994
19.5,19.5,19.400000000000002,19.400000000000002,2,0.010454755913989994
19.5,19.5,19.5,19.5,2,0.010454755913989994
19.5,19.5,19.5,19.5,2,0.010454755913989994
19.5,19.5,19.5,19.5,2,0.010454755913989994
19.5,19.5,19.5,19.5,2,0.010454755913989994
19.6,19.6,19.5,19.5,2,0.010454755913989994
19.6,19.6,19.5,19.5,2,0.010454755913989994
19.6,19.6,19.5,19.5,2,0.010454755913989994
19.6,19.6,19.6,19.6,2,0.010454755913989994
19.6,19.6,19.6,19.6,2,0.010454755913989994
19.6,19.6,19.6,19.6,2,0.010454755913989994
19.6,19.6,19.6,19.6,2,0.010454755913989994
19.6,19.6,19.6,19.6,2,0.010454755913989994
19.700000000000003,19.700000000000003,19.6,19.6,2,0.010454755913989994
19.700000000000003,19.700000000000003,19.6,19.6,2,0.010454755913989994
19.700000000000003,19.700000000000003,19.700000000000003,19.700000000000003,2,0.010454755913989994
19.700000000000003,19.700000000000003,19.700000000000003,19.700000000000003,2,0.010454755913989994
19.700000000000003,19.700000000000003,19.700000000000003,19.700000000000003,2,0.010454755913989994
19.700000000000003,19.700000000000003,19.700000000000003,19.700000000000003,2,0.010454755913989994
19.8,19.8,19.700000000000003,19.700000000000003,1,0.010454755913989994
19.8,19.8,19.700000000000003,19.700000000000003,1,0.010454755913989994
19.8,19.8,19.700000000000003,19.700000000000003,2,0.010454755913989994
19.8,19.8,19.8,19.8,2,0.010454755913989994
19.8,19.8,19.8,19.8,2,0.010454755913989994
19.8,19.8,19.8,19.8,2,0.010454755913989994
19.8,19.8,19.8,19.8,2,0.010454755913989994
19.8,19.8,19.8,19.8,2,0.010454755913989994
19.900000000000002,19.900000000000002,19.8,19.8,2,0.010454755913989994
19.900000000000002,19.900000000000002,19.8,19.8,2,0.010454755913989994
19.900000000000002,19.900000000000002,19.900000000000002,19.900000000000002,2,0.010454755913989994
19.900000000000002,19.900000000000002,19.900000000000002,19.900000000000002,1,0.010454755913989994
19.900000000000002,19.900000000000002,19.900000000000002,19.900000000000002,1,0.010454755913989994
19.900000000000002,19.900000000000002,19.900000000000002,19.900000000000002,2,0.010454755913989994
19.900000000000002,19.900000000000002,19.900000000000002,19.900000000000002,2,0.010454755913989994
19.900000000000002,19.900000000000002,19.900000000000002,19.900000000000002,1,0.010454755913989994
19.900000000000002,19.900000000000002,19.900000000000002,19.900000000000002,1,0.010454755913989994
20.0,20.0,19.900000000000002,19.900000000000002,1,0.010454755913989994
20.0,20.0,20.0,20.0,1,0.010454755913989994
20.0,20.0,20.0,20.0,2,0.010454755913989994
20.0,20.0,20.0,20.0,2,0.010454755913989994
20.0,20.0,20.0,20.0,2,0.010454755913989994
20.0,20.0,20.0,20.0,2,0.010454755913989994
20.0,20.0,20.0,20.0,2,0.010454755913989994
20.1,20.1,20.1,20.1,2,0.010454755913989994
20.1,20.1,20.1,20.1,2,0.010454755913989994
20.1,20.1,20.1,20.1,2,0.010454755913989994
20.1,20.1,20.1,20.1,2,0.010454755913989994
20.200000000000003,20.200000000000003,20.1,20.1,2,0.010454755913989994
20.200000000000003,20.200000000000003,20.1,20.1,2,0.010454755913989994
20.200000000000003,20.200000000000003,20.200000000000003,20.200000000000003,2,0.010454755913989994
20.200000000000003,20.200000000000003,20.200000000000003,20.200000000000003,2,0.010454755913989994
20.200000000000003,20.200000000000003,20.200000000000003,20.200000000000003,2,0.010454755913989994
20.3,20.3,20.200000000000003,20.200000000000003,2,0.010454755913989994
20.3,20.3,20.200000000000003,20.200000000000003,2,0.010454755913989994
20.3,20.3,20.3,20.3,2,0.010454755913989994
20.3,20.3,20.3,20.3,2,0.010454755913989994
20.3,20.3,20.3,20.3,2,0.010454755913989994
20.400000000000002,20.400000000000002,20.3,20.3,3,0.010454755913989994
20.400000000000002,20.400000000000002,20.3,20.3,2,0.010454755913989994
20.400000000000002,20.400000000000002,20.400000000000002,20.400000000000002,2,0.010454755913989994
20.400000000000002,20.400000000000002,20.400000000000002,20.400000000000002,2,0.010454755913989994
20.400000000000002,20.400000000000002,20.400000000000002,20.400000000000002,2,0.010454755913989994
20.400000000000002,20.400000000000002,20.400000000000002,20.400000000000002,2,0.010454755913989994
20.400000000000002,20.400000000000002,20.400000000000002,20.400000000000002,2,0.010454755913989994
20.5,20.5,20.400000000000002,20.400000000000002,2,0.010454755913989994
20.5,20.5,20.5,20.5,3,0.010454755913989994
20.5,20.5,20.5,20.5,2,0.010454755913989994
20.5,20.5,20.5,20.5,2,0.010454755913989994
20.5,20.5,20.5,20.5,2,0.010454755913989994
20.5,20.5,20.5,20.5,2,0.010454755913989994
20.5,20.5,20.5,20.5,1,0.010454755913989994
20.5,20.5,20.5,20.5,2,0.010454755913989994
20.5,20.5,20.5,20.5,2,0.010454755913989994
20.5,20.5,20.5,20.5,3,0.010454755913989994
20.5,20.5,20.5,20.5,3,0.010454755913989994
20.5,20.5,20.5,20.5,8,0.010454755913989994
20.5,20.5,20.5,20.5,7,0.010454755913989994
20.6,20.6,20.5,20.5,7,0.010454755913989994
20.6,20.6,20.5,20.5,7,0.010454755913989994
20.5,20.5,20.5,20.5,8,0.010454755913989994
20.6,20.6,20.5,20.5,8,0.010454755913989994
20.6,20.6,20.6,20.6,8,0.010454755913989994
20.6,20.6,20.6,20.6,9,0.010454755913989994
20.6,20.6,20.6,20.6,10,0.010454755913989994
20.6,20.6,20.6,20.6,10,0.010454755913989994
20.6,20.6,20.6,20.6,11,0.010454755913989994
20.6,20.6,20.6,20.6,11,0.010454755913989994
20.6,20.6,20.6,20.6,12,0.010454755913989994
20.6,20.6,20.6,20.6,11,0.010454755913989994
20.6,20.6,20.6,20.6,11,0.010454755913989994
20.6,20.6,20.6,20.6,10,0.010454755913989994
20.6,20.6,20.6,20.6,10,0.010454755913989994
20.6,20.6,20.6,20.6,9,0.010454755913989994
20.6,20.6,20.6,20.6,9,0.010454755913989994
20.6,20.6,20.6,20.6,9,0.010454755913989994
20.6,20.6,20.6,20.6,8,0.010454755913989994
20.6,20.6,20.6,20.6,8,0.010454755913989994
20.6,20.6,20.6,20.6,7,0.010454755913989994
20.6,20.6,20.6,20.6,7,0.010454755913989994
20.6,20.6,20.6,20.6,7,0.010454755913989994
20.6,20.6,20.6,20.6,7,0.010454755913989994
20.6,20.6,20.6,20.6,7,0.010454755913989994
20.6,20.6,20.6,20.6,6,0.010454755913989994
20.6,20.6,20.6,20.6,6,0.010454755913989994
20.6,20.6,20.6,20.6,6,0.010454755913989994
20.6,20.6,20.6,20.6,6,0.010454755913989994
20.6,20.6,20.6,20.6,5,0.010454755913989994
20.6,20.6,20.6,20.6,5,0.010454755913989994
20.6,20.6,20.6,20.6,5,0.010454755913989994
20.6,20.6,20.6,20.6,5,0.010454755913989994
20.6,20.6,20.6,20.6,4,0.010454755913989994
20.6,20.6,20.6,20.6,4,0.010454755913989994
20.6,20.6,20.6,20.6,4,0.010454755913989994
20.6,20.6,20.6,20.6,3,0.010454755913989994
20.6,20.6,20.6,20.6,3,0.010454755913989994
20.6,20.6,20.6,20.6,3,0.010454755913989994
20.6,20.6,20.6,20.6,3,0.010454755913989994
20.6,20.6,20.6,20.6,2,0.010454755913989994
20.6,20.6,20.6,20.6,2,0.010454755913989994
20.6,20.6,20.6,20.6,2,0.010454755913989994
20.6,20.6,20.6,20.6,2,0.010454755913989994
20.6,20.6,20.6,20.6,2,0.010454755913989994
20.6,20.6,20.6,20.6,2,0.010454755913989994
20.6,20.6,20.6,20.6,3,0.010454755913989994
20.6,20.6,20.6,20.6,3,0.010454755913989994
20.6,20.6,20.6,20.6,3,0.010454755913989994
20.6,20.6,20.6,20.6,3,0.010454755913989994
20.6,20.6,20.6,20.6,3,0.010454755913989994
20.6,20.6,20.6,20.6,3,0.010454755913989994
20.6,20.6,20.6,20.6,3,0.010454755913989994
20.6,20.6,20.6,20.6,3,0.010454755913989994
20.6,20.6,20.6,20.6,2,0.010454755913989994
20.6,20.6,20.6,20.6,2,0.010454755913989994
20.6,20.6,20.6,20.6,2,0.010454755913989994
20.6,20.6,20.6,20.6,2,0.010454755913989994
20.6,20.6,20.6,20.6,3,0.010454755913989994
20.6,20.6,20.6,20.6,3,0.010454755913989994
20.6,20.6,20.6,20.6,3,0.010454755913989994
20.6,20.6,20.6,20.6,3,0.010454755913989994
20.6,20.6,20.6,20.6,4,0.010454755913989994
20.6,20.6,20.6,20.6,4,0.010454755913989994
20.6,20.6,20.6,20.6,4,0.010454755913989994
20.700000000000003,20.700000000000003,20.700000000000003,20.700000000000003,4,0.010454755913989994
20.700000000000003,20.700000000000003,20.6,20.6,5,0.010454755913989994
20.6,20.6,20.6,20.6,5,0.010454755913989994
20.6,20.6,20.6,20.6,5,0.010454755913989994
20.6,20.6,20.6,20.6,6,0.010454755913989994
20.700000000000003,20.700000000000003,20.700000000000003,20.700000000000003,6,0.010454755913989994
20.700000000000003,20.700000000000003,20.6,20.6,6,0.010454755913989994
20.6,20.6,20.6,20.6,7,0.010454755913989994
20.700000000000003,20.700000000000003,20.700000000000003,20.700000000000003,7,0.010454755913989994
20.700000000000003,20.700000000000003,20.6,20.6,7,0.010454755913989994
20.700000000000003,20.700000000000003,20.700000000000003,20.700000000000003,7,0.010454755913989994
20.700000000000003,20.700000000000003,20.700000000000003,20.700000000000003,7,0.010454755913989994
20.700000000000003,20.700000000000003,20.700000000000003,20.700000000000003,7,0.010454755913989994
20.700000000000003,20.700000000000003,20.700000000000003,20.700000000000003,7,0.010454755913989994
20.700000000000003,20.700000000000003,20.700000000000003,20.700000000000003,7,0.010454755913989994
20.700000000000003,20.700000000000003,20.700000000000003,20.700000000000003,7,0.010454755913989994
20.700000000000003,20.700000000000003,20.700000000000003,20.700000000000003,7,0.010454755913989994
20.700000000000003,20.700000000000003,20.700000000000003,20.700000000000003,7,0.010454755913989994
20.700000000000003,20.700000000000003,20.700000000000003,20.700000000000003,7,0.010454755913989994
20.700000000000003,20.700000000000003,20.700000000000003,20.700000000000003,7,0.010454755913989994
20.700000000000003,20.700000000000003,20.700000000000003,20.700000000000003,7,0.010454755913989994
20.700000000000003,20.700000000000003,20.700000000000003,20.700000000000003,7,0.010454755913989994
20.700000000000003,20.700000000000003,20.6,20.6,6,0.010454755913989994
20.700000000000003,20.700000000000003,20.6,20.6,7,0.010454755913989994
20.700000000000003,20.700000000000003,20.700000000000003,20.700000000000003,7,0.010454755913989994
20.700000000000003,20.700000000000003,20.6,20.6,7,0.010454755913989994
20.700000000000003,20.700000000000003,20.6,20.6,7,0.010454755913989994
20.700000000000003,20.700000000000003,20.6,20.6,7,0.010454755913989994
20.700000000000003,20.700000000000003,20.6,20.6,7,0.010454755913989994
20.700000000000003,20.700000000000003,20.6,20.6,6,0.010454755913989994
20.6,20.6,20.6,20.6,6,0.010454755913989994
20.6,20.6,20.6,20.6,6,0.010454755913989994
20.6,20.6,20.6,20.6,6,0.010454755913989994
20.6,20.6,20.6,20.6,6,0.010454755913989994
20.6,20.6,20.6,20.6,6,0.010454755913989994
20.6,20.6,20.6,20.6,6,0.010454755913989994
20.6,20.6,20.6,20.6,6,0.010454755913989994
20.6,20.6,20.6,20.6,6,0.010454755913989994
20.6,20.6,20.6,20.6,6,0.010454755913989994
20.6,20.6,20.6,20.6,6,0.010454755913989994
20.6,20.6,20.6,20.6,6,0.010454755913989994
20.6,20.6,20.6,20.6,5,0.010454755913989994
20.6,20.6,20.6,20.6,6,0.010454755913989994
20.6,20.6,20.6,20.6,6,0.010454755913989994
20.6,20.6,20.6,20.6,6,0.010454755913989994
20.6,20.6,20.6,20.6,6,0.010454755913989994
20.6,20.6,20.6,20.6,6,0.010454755913989994
20.6,20.6,20.6,20.6,6,0.010454755913989994
20.6,20.6,20.6,20.6,6,0.010454755913989994
20.6,20.6,20.6,20.6,8,0.010454755913989994
20.6,20.6,20.6,20.6,9,0.010454755913989994
20.6,20.6,20.6,20.6,11,0.010454755913989994
20.6,20.6,20.6,20.6,12,0.010454755913989994
20.6,20.6,20.6,20.6,12,0.010454755913989994
20.6,20.6,20.6,20.6,14,0.010454755913989994
20.6,20.6,20.6,20.6,14,0.010454755913989994
20.6,20.6,20.6,20.6,15,0.010454755913989994
20.6,20.6,20.6,20.6,16,0.010454755913989994
20.6,20.6,20.6,20.6,18,0.010454755913989994
20.6,20.6,20.6,20.6,18,0.010454755913989994
20.6,20.6,20.6,20.6,22,0.010454755913989994
20.6,20.6,20.6,20.6,22,0.010454755913989994
20.6,20.6,20.6,20.6,25,0.010454755913989994
20.6,20.6,20.6,20.6,25,0.010454755913989994
20.6,20.6,20.6,20.6,28,0.010454755913989994
20.6,20.6,20.6,20.6,28,0.010454755913989994
20.6,20.6,20.6,20.6,31,0.010454755913989994
20.6,20.6,20.6,20.6,31,0.010454755913989994
20.6,20.6,20.6,20.6,33,0.010454755913989994
20.6,20.6,20.6,20.6,35,0.010454755913989994
20.6,20.6,20.6,20.6,35,0.010454755913989994
20.6,20.6,20.6,20.6,38,0.010454755913989994
20.6,20.6,20.6,20.6,38,0.010454755913989994
20.6,20.6,20.6,20.6,40,0.010454755913989994
20.6,20.6,20.6,20.6,40,0.010454755913989994
20.6,20.6,20.6,20.6,42,0.010454755913989994
20.6,20.6,20.6,20.6,42,0.010454755913989994
20.6,20.6,20.6,20.6,44,0.010454755913989994
20.6,20.6,20.6,20.6,46,0.010454755913989994
20.6,20.6,20.6,20.6,46,0.010454755913989994
20.6,20.6,20.6,20.6,47,0.010454755913989994
20.6,20.6,20.6,20.6,49,0.010454755913989994
20.6,20.6,20.6,20.6,49,0.010454755913989994
20.6,20.6,20.6,20.6,48,0.010454755913989994
20.6,20.6,20.6,20.6,49,0.010454755913989994
20.6,20.6,20.6,20.6,47,0.010454755913989994
20.6,20.6,20.6,20.6,44,0.010454755913989994
20.6,20.6,20.6,20.6,41,0.010454755913989994
20.6,20.6,20.6,20.6,38,0.010454755913989994
20.6,20.6,20.6,20.6,35,0.010454755913989994
20.6,20.6,20.6,20.6,33,0.010454755913989994
20.6,20.6,20.6,20.6,30,0.010454755913989994
20.6,20.6,20.6,20.6,27,0.010454755913989994
20.6,20.6,20.6,20.6,25,0.010454755913989994
20.6,20.6,20.6,20.6,23,0.010454755913989994
20.6,20.6,20.6,20.6,22,0.010454755913989994
20.6,20.6,20.6,20.6,20,0.010454755913989994
20.6,20.6,20.6,20.6,19,0.010454755913989994
20.6,20.6,20.6,20.6,18,0.010454755913989994
20.6,20.6,20.6,20.6,16,0.010454755913989994
20.6,20.6,20.6,20.6,14,0.010454755913989994
20.6,20.6,20.6,20.6,13,0.010454755913989994
20.6,20.6,20.6,20.6,11,0.010454755913989994
20.6,20.6,20.6,20.6,9,0.010454755913989994
20.6,20.6,20.6,20.6,6,0.010454755913989994
20.6,20.6,20.6,20.6,4,0.010454755913989994
20.6,20.6,20.5,20.5,2,0.010454755913989994
20.6,20.6,20.5,20.5,0,0.010454755913989994
20.6,20.6,20.5,20.5,-2,0.010454755913989994
20.6,20.6,20.5,20.5,-3,0.010454755913989994
20.6,20.6,20.5,20.5,-3,0.010454755913989994
20.5,20.5,20.5,20.5,-3,0.010454755913989994
20.5,20.5,20.5,20.5,-4,0.010454755913989994
20.5,20.5,20.400000000000002,20.400000000000002,-5,0.010454755913989994
20.400000000000002,20.400000000000002,20.200000000000003,20.200000000000003,-5,0.010454755913989994
20.3,20.3,20.0,20.0,-7,0.010454755913989994
20.200000000000003,20.200000000000003,19.8,19.8,-8,0.010454755913989994
20.0,20.0,19.5,19.5,-10,0.010454755913989994
19.8,19.8,19.1,19.1,-9,0.010454755913989994
19.5,19.5,18.7,18.7,-9,0.010454755913989994
19.3,19.3,18.3,18.3,-10,0.010454755913989994
19.0,19.0,17.900000000000002,17.900000000000002,-9,0.010454755913989994
18.400000000000002,18.400000000000002,17.900000000000002,17.900000000000002,-8,0.010454755913989994
18.2,18.2,17.400000000000002,17.400000000000002,-7,0.010454755913989994
17.900000000000002,17.900000000000002,16.900000000000002,16.900000000000002,-6,0.010454755913989994
17.6,17.6,16.400000000000002,16.400000000000002,-5,0.010454755913989994
16.900000000000002,16.900000000000002,16.400000000000002,16.400000000000002,-3,0.010454755913989994
16.6,16.6,15.9,15.9,-2,0.010577753042389875
16.3,16.3,15.3,15.3,-1,0.010577753042389875
15.9,15.9,14.8,14.8,1,0.010454755913989994
15.200000000000001,15.200000000000001,14.8,14.8,2,0.010454755913989994
14.9,14.9,14.200000000000001,14.200000000000001,3,0.010454755913989994
14.600000000000001,14.600000000000001,13.700000000000001,13.700000000000001,4,0.010454755913989994
14.3,14.3,13.200000000000001,13.200000000000001,5,0.010454755913989994
13.600000000000001,13.600000000000001,13.200000000000001,13.200000000000001,5,0.010454755913989994
13.3,13.3,12.5,12.5,6,0.010454755913989994
12.9,12.9,11.9,11.9,7,0.010454755913989994
12.100000000000001,12.100000000000001,11.9,11.9,7,0.010454755913989994
11.700000000000001,11.700000000000001,11.0,11.0,8,0.010454755913989994
11.3,11.3,10.200000000000001,10.200000000000001,8,0.010454755913989994
10.3,10.3,10.200000000000001,10.200000000000001,9,0.010454755913989994
9.9,9.9,9.3,9.3,11,0.010454755913989994
9.5,9.5,8.5,8.5,12,0.010454755913989994
9.1,9.1,7.800000000000001,7.800000000000001,14,0.010454755913989994
8.200000000000001,8.200000000000001,7.800000000000001,7.800000000000001,15,0.010454755913989994
7.800000000000001,7.800000000000001,6.9,6.9,16,0.010454755913989994
7.4,7.4,6.1000000000000005,6.1000000000000005,16,0.010454755913989994
6.6000000000000005,6.6000000000000005,6.1000000000000005,6.1000000000000005,17,0.010454755913989994
6.2,6.2,5.2,5.2,17,0.010454755913989994
5.800000000000001,5.800000000000001,4.6000000000000005,4.6000000000000005,17,0.010454755913989994
5.0,5.0,4.6000000000000005,4.6000000000000005,17,0.010454755913989994
4.7,4.7,4.2,4.2,17,0.010454755913989994
4.5,4.5,3.7,3.7,18,0.010454755913989994
4.2,4.2,3.4000000000000004,3.4000000000000004,18,0.010454755913989994
4.0,4.0,3.0,3.0,18,0.010454755913989994
3.8000000000000003,3.8000000000000003,2.7,2.7,19,0.010454755913989994
3.4000000000000004,3.4000000000000004,2.7,2.7,19,0.010454755913989994
3.2,3.2,2.5,2.5,19,0.010454755913989994
3.1,3.1,2.2,2.2,19,0.010454755913989994
2.9000000000000004,2.9000000000000004,2.0,2.0,19,0.010454755913989994
2.8000000000000003,2.8000000000000003,1.8,1.8,19,0.010454755913989994
2.6,2.6,1.6,1.6,17,0.010454755913989994
2.5,2.5,1.5,1.5,16,0.010454755913989994
2.2,2.2,1.5,1.5,14,0.010454755913989994
2.1,2.1,1.4000000000000001,1.4000000000000001,13,0.010454755913989994
2.0,2.0,1.3,1.3,12,0.010454755913989994
1.9000000000000001,1.9000000000000001,1.3,1.3,11,0.010454755913989994
1.8,1.8,1.2000000000000002,1.2000000000000002,9,0.010454755913989994
1.7000000000000002,1.7000000000000002,1.1,1.1,9,0.010454755913989994
1.6,1.6,1.1,1.1,7,0.010577753042389875
1.5,1.5,1.0,1.0,5,0.010577753042389875
1.5,1.5,1.0,1.0,3,0.010454755913989994
1.4000000000000001,1.4000000000000001,0.9,0.9,1,0.010454755913989994
1.4000000000000001,1.4000000000000001,0.9,0.9,-2,0.010454755913989994
1.3,1.3,0.8,0.8,-4,0.010454755913989994
1.3,1.3,0.8,0.8,-4,0.010454755913989994
1.2000000000000002,1.2000000000000002,0.8,0.8,-3,0.010454755913989994
1.2000000000000002,1.2000000000000002,0.7000000000000001,0.7000000000000001,-4,0.010454755913989994
1.2000000000000002,1.2000000000000002,0.7000000000000001,0.7000000000000001,-4,0.010454755913989994
1.1,1.1,0.7000000000000001,0.7000000000000001,-5,0.010454755913989994
1.1,1.1,0.6000000000000001,0.6000000000000001,-4,0.010454755913989994
1.1,1.1,0.6000000000000001,0.6000000000000001,-2,0.010454755913989994
1.0,1.0,0.6000000000000001,0.6000000000000001,-1,0.010454755913989994
1.0,1.0,0.5,0.5,1,0.010454755913989994
1.0,1.0,0.5,0.5,2,0.010454755913989994
0.9,0.9,0.5,0.5,4,0.010454755913989994
0.9,0.9,0.5,0.5,5,0.010454755913989994
0.9,0.9,0.4,0.4,6,0.010454755913989994
0.9,0.9,0.4,0.4,7,0.010454755913989994
0.8,0.8,0.4,0.4,9,0.010454755913989994
0.8,0.8,0.4,0.4,10,0.010454755913989994
0.8,0.8,0.4,0.4,11,0.010454755913989994
0.8,0.8,0.30000000000000004,0.30000000000000004,13,0.010454755913989994
0.7000000000000001,0.7000000000000001,0.30000000000000004,0.30000000000000004,14,0.010454755913989994
0.7000000000000001,0.7000000000000001,0.30000000000000004,0.30000000000000004,15,0.010454755913989994
0.7000000000000001,0.7000000000000001,0.30000000000000004,0.30000000000000004,16,0.010454755913989994
0.7000000000000001,0.7000000000000001,0.30000000000000004,0.30000000000000004,17,0.010454755913989994
0.7000000000000001,0.7000000000000001,0.30000000000000004,0.30000000000000004,18,0.010454755913989994
0.6000000000000001,0.6000000000000001,0.2,0.2,18,0.010454755913989994
0.6000000000000001,0.6000000000000001,0.2,0.2,20,0.010454755913989994
0.6000000000000001,0.6000000000000001,0.2,0.2,21,0.010454755913989994
0.6000000000000001,0.6000000000000001,0.2,0.2,21,0.010454755913989994
0.6000000000000001,0.6000000000000001,0.2,0.2,23,0.010454755913989994
0.5,0.5,0.2,0.2,24,0.010454755913989994
0.5,0.5,0.2,0.2,26,0.010454755913989994
0.5,0.5,0.2,0.2,28,0.010454755913989994
0.5,0.5,0.2,0.2,29,0.010454755913989994
0.5,0.5,0.2,0.2,30,0.010454755913989994
0.5,0.5,0.1,0.1,30,0.010454755913989994
0.4,0.4,0.1,0.1,32,0.010454755913989994
0.4,0.4,0.1,0.1,33,0.010454755913989994
0.4,0.4,0.1,0.1,33,0.010454755913989994
0.4,0.4,0.1,0.1,34,0.010454755913989994
0.4,0.4,0.1,0.1,36,0.010454755913989994
0.4,0.4,0.1,0.1,38,0.010454755913989994
0.4,0.4,0.1,0.1,38,0.010454755913989994
0.4,0.4,0.1,0.1,40,0.010454755913989994
0.30000000000000004,0.30000000000000004,0.1,0.1,40,0.010454755913989994
0.30000000000000004,0.30000000000000004,0.1,0.1,41,0.010454755913989994
0.30000000000000004,0.30000000000000004,0.1,0.1,41,0.010454755913989994
0.30000000000000004,0.30000000000000004,0.1,0.1,42,0.010454755913989994
0.30000000000000004,0.30000000000000004,0.1,0.1,42,0.010454755913989994
0.30000000000000004,0.30000000000000004,0.1,0.1,42,0.010454755913989994
0.30000000000000004,0.30000000000000004,0.1,0.1,42,0.010454755913989994
0.30000000000000004,0.30000000000000004,0.1,0.1,42,0.010454755913989994
0.30000000000000004,0.30000000000000004,0.1,0.1,42,0.010454755913989994
0.30000000000000004,0.30000000000000004,0.1,0.1,43,0.010454755913989994
0.30000000000000004,0.30000000000000004,0.0,0.0,44,0.010454755913989994
0.2,0.2,0.0,0.0,44,0.010454755913989994
0.2,0.2,0.0,0.0,44,0.010454755913989994
0.2,0.2,0.0,0.0,45,0.010454755913989994
0.2,0.2,0.0,0.0,45,0.010454755913989994
0.2,0.2,0.0,0.0,44,0.010454755913989994
0.2,0.2,0.0,0.0,44,0.010454755913989994
0.2,0.2,0.0,0.0,43,0.010454755913989994
0.2,0.2,0.0,0.0,42,0.010454755913989994
0.2,0.2,0.0,0.0,41,0.010454755913989994
0.2,0.2,0.0,0.0,42,0.010454755913989994
0.2,0.2,0.0,0.0,41,0.010454755913989994
0.2,0.2,0.0,0.0,40,0.010454755913989994
0.2,0.2,0.0,0.0,39,0.010454755913989994
0.2,0.2,0.0,0.0,38,0.010454755913989994
0.2,0.2,0.0,0.0,38,0.010454755913989994
0.2,0.2,0.0,0.0,37,0.010454755913989994
0.1,0.1,0.0,0.0,36,0.010454755913989994
0.1,0.1,0.0,0.0,36,0.010454755913989994
0.1,0.1,0.0,0.0,36,0.010454755913989994
0.1,0.1,0.0,0.0,36,0.010454755913989994
0.1,0.1,0.0,0.0,35,0.010454755913989994
0.1,0.1,0.0,0.0,35,0.010454755913989994
0.1,0.1,0.0,0.0,35,0.010454755913989994
0.1,0.1,0.0,0.0,34,0.010454755913989994
0.1,0.1,0.0,0.0,35,0.010454755913989994
0.1,0.1,0.0,0.0,35,0.010454755913989994
0.1,0.1,0.0,0.0,34,0.010454755913989994
0.1,0.1,0.0,0.0,34,0.010454755913989994
0.1,0.1,0.0,0.0,34,0.010454755913989994
0.1,0.1,0.0,0.0,33,0.010454755913989994
0.1,0.1,0.0,0.0,35,0.010454755913989994
0.1,0.1,0.0,0.0,35,0.010454755913989994
0.1,0.1,0.0,0.0,35,0.010454755913989994
0.1,0.1,0.0,0.0,35,0.010454755913989994
0.1,0.1,0.0,0.0,35,0.010454755913989994
0.1,0.1,0.0,0.0,35,0.010454755913989994
0.1,0.1,0.0,0.0,35,0.010454755913989994
0.1,0.1,0.0,0.0,36,0.010454755913989994
0.1,0.1,0.0,0.0,36,0.010454755913989994
0.1,0.1,0.0,0.0,37,0.010454755913989994
0.1,0.1,0.0,0.0,37,0.010454755913989994
0.1,0.1,0.0,0.0,37,0.010454755913989994
0.1,0.1,0.0,0.0,37,0.010454755913989994
0.1,0.1,0.0,0.0,37,0.010454755913989994
0.1,0.1,0.0,0.0,37,0.010454755913989994
0.1,0.1,0.0,0.0,37,0.010454755913989994
0.1,0.1,0.0,0.0,38,0.010454755913989994
0.0,0.0,0.0,0.0,39,0.010454755913989994
0.0,0.0,0.0,0.0,39,0.010454755913989994
0.0,0.0,0.0,0.0,39,0.010454755913989994
0.0,0.0,0.0,0.0,40,0.010454755913989994
0.0,0.0,0.0,0.0,40,0.010454755913989994
0.0,0.0,0.0,0.0,40,0.010454755913989994
0.0,0.0,0.0,0.0,40,0.010454755913989994
0.0,0.0,0.0,0.0,40,0.010454755913989994
0.0,0.0,0.0,0.0,41,0.010454755913989994
0.0,0.0,0.0,0.0,41,0.010454755913989994
0.0,0.0,0.0,0.0,41,0.010454755913989994
0.0,0.0,0.0,0.0,40,0.010454755913989994
0.0,0.0,0.0,0.0,40,0.010454755913989994
0.0,0.0,0.0,0.0,41,0.010454755913989994
0.0,0.0,0.0,0.0,41,0.010454755913989994
0.0,0.0,0.0,0.0,41,0.010454755913989994
0.0,0.0,0.0,0.0,41,0.010454755913989994
0.0,0.0,0.0,0.0,41,0.010454755913989994
0.0,0.0,0.0,0.0,41,0.010454755913989994
0.0,0.0,0.0,0.0,41,0.010454755913989994
0.0,0.0,0.0,0.0,41,0.010454755913989994
0.0,0.0,0.0,0.0,41,0.010454755913989994
0.0,0.0,0.0,0.0,42,0.010454755913989994
0.0,0.0,0.0,0.0,41,0.010454755913989994
0.0,0.0,0.0,0.0,41,0.010454755913989994
0.0,0.0,0.0,0.0,41,0.010454755913989994
0.0,0.0,0.0,0.0,41,0.010454755913989994
0.0,0.0,0.0,0.0,41,0.010454755913989994
0.0,0.0,0.0,0.0,41,0.010454755913989994
0.0,0.0,0.0,0.0,41,0.010454755913989994
0.0,0.0,0.0,0.0,41,0.010454755913989994
0.0,0.0,0.0,0.0,41,0.010454755913989994
0.0,0.0,0.0,0.0,41,0.010454755913989994
0.0,0.0,0.0,0.0,41,0.010454755913989994
0.0,0.0,0.0,0.0,42,0.010454755913989994
0.0,0.0,0.0,0.0,43,0.010454755913989994
0.0,0.0,0.0,0.0,44,0.010454755913989994
0.0,0.0,0.0,0.0,44,0.010454755913989994
0.0,0.0,0.0,0.0,45,0.010454755913989994
0.0,0.0,0.0,0.0,46,0.010454755913989994
0.0,0.0,0.0,0.0,46,0.010454755913989994
0.0,0.0,0.0,0.0,47,0.010454755913989994
0.0,0.0,0.0,0.0,48,0.010454755913989994
0.0,0.0,0.0,0.0,48,0.010454755913989994
0.0,0.0,0.0,0.0,48,0.010454755913989994
0.0,0.0,0.0,0.0,49,0.010454755913989994
0.0,0.0,0.0,0.0,49,0.010454755913989994
0.0,0.0,0.0,0.0,50,0.010454755913989994
0.0,0.0,0.0,0.0,51,0.010454755913989994
0.0,0.0,0.0,0.0,51,0.010454755913989994
0.0,0.0,0.0,0.0,51,0.010454755913989994
0.0,0.0,0.0,0.0,52,0.010454755913989994
0.0,0.0,0.0,0.0,53,0.010454755913989994
0.0,0.0,0.0,0.0,52,0.010454755913989994
0.0,0.0,0.0,0.0,53,0.010454755913989994
0.0,0.0,0.0,0.0,52,0.010454755913989994
0.0,0.0,0.0,0.0,52,0.010454755913989994
0.0,0.0,0.0,0.0,53,0.010454755913989994
0.0,0.0,0.0,0.0,52,0.010577753042389875
0.0,0.0,0.0,0.0,54,0.010577753042389875
0.0,0.0,0.0,0.0,55,0.010454755913989994
0.0,0.0,0.0,0.0,55,0.010454755913989994
0.0,0.0,0.0,0.0,55,0.010454755913989994
0.0,0.0,0.0,0.0,55,0.010454755913989994
0.0,0.0,0.0,0.0,55,0.010454755913989994
0.0,0.0,0.0,0.0,54,0.010454755913989994
0.0,0.0,0.0,0.0,53,0.010454755913989994
0.0,0.0,0.0,0.0,52,0.010454755913989994
0.0,0.0,0.0,0.0,52,0.010454755913989994
0.0,0.0,0.0,0.0,52,0.010454755913989994
0.0,0.0,0.0,0.0,52,0.010454755913989994
0.0,0.0,0.0,0.0,52,0.010454755913989994
0.0,0.0,0.0,0.0,52,0.010454755913989994
0.0,0.0,0.0,0.0,53,0.010454755913989994
0.0,0.0,0.0,0.0,55,0.010454755913989994
0.0,0.0,0.0,0.0,55,0.010454755913989994
0.0,0.0,0.0,0.0,56,0.010454755913989994
0.0,0.0,0.0,0.0,57,0.010454755913989994
0.0,0.0,0.0,0.0,57,0.010454755913989994
0.0,0.0,0.0,0.0,58,0.010454755913989994
0.0,0.0,0.0,0.0,59,0.010454755913989994
0.0,0.0,0.0,0.0,60,0.010454755913989994
0.0,0.0,0.0,0.0,61,0.010454755913989994
0.0,0.0,0.0,0.0,61,0.010454755913989994
0.0,0.0,0.0,0.0,65,0.010454755913989994
0.0,0.0,0.0,0.0,65,0.010454755913989994
0.0,0.0,0.0,0.0,65,0.010454755913989994
0.0,0.0,0.0,0.0,65,0.010454755913989994
0.0,0.0,0.0,0.0,65,0.010454755913989994
0.0,0.0,0.0,0.0,66,0.010454755913989994
0.0,0.0,0.0,0.0,67,0.010454755913989994
0.0,0.0,0.0,0.0,69,0.010454755913989994
0.0,0.0,0.0,0.0,69,0.010454755913989994
0.0,0.0,0.0,0.0,71,0.010454755913989994
0.0,0.0,0.0,0.0,72,0.010454755913989994
0.0,0.0,0.0,0.0,73,0.010454755913989994
0.0,0.0,0.0,0.0,74,0.010454755913989994
0.0,0.0,0.0,0.0,76,0.010454755913989994
0.0,0.0,0.0,0.0,76,0.010454755913989994
0.0,0.0,0.0,0.0,76,0.010454755913989994
0.0,0.0,0.0,0.0,77,0.010454755913989994
0.0,0.0,0.0,0.0,79,0.010454755913989994
0.0,0.0,0.0,0.0,81,0.010454755913989994
0.0,0.0,0.0,0.0,83,0.010454755913989994
0.0,0.0,0.0,0.0,85,0.010454755913989994
0.0,0.0,0.0,0.0,87,0.010454755913989994
0.0,0.0,0.0,0.0,87,0.010454755913989994
0.0,0.0,0.0,0.0,89,0.010454755913989994
0.0,0.0,0.0,0.0,90,0.010454755913989994
0.0,0.0,0.0,0.0,91,0.010454755913989994
0.0,0.0,0.0,0.0,92,0.010454755913989994
0.0,0.0,0.0,0.0,93,0.010454755913989994
0.0,0.0,0.0,0.0,94,0.010454755913989994
0.0,0.0,0.0,0.0,95,0.010454755913989994
0.0,0.0,0.0,0.0,95,0.010454755913989994
0.0,0.0,0.0,0.0,95,0.010454755913989994
0.0,0.0,0.0,0.0,95,0.010454755913989994
0.0,0.0,0.0,0.0,94,0.010454755913989994
0.0,0.0,0.0,0.0,93,0.010454755913989994
0.0,0.0,0.0,0.0,93,0.010454755913989994
0.0,0.0,0.0,0.0,92,0.010454755913989994
0.0,0.0,0.0,0.0,91,0.010454755913989994
0.0,0.0,0.0,0.0,90,0.010454755913989994
0.0,0.0,0.0,0.0,90,0.010454755913989994
0.0,0.0,0.0,0.0,90,0.010454755913989994
0.0,0.0,0.0,0.0,89,0.010454755913989994
0.0,0.0,0.0,0.0,88,0.010454755913989994
0.0,0.0,0.0,0.0,88,0.010454755913989994
0.0,0.0,0.0,0.0,87,0.010454755913989994
0.0,0.0,0.0,0.0,86,0.010454755913989994
0.0,0.0,0.0,0.0,86,0.010454755913989994
0.0,0.0,0.0,0.0,85,0.010454755913989994
0.0,0.0,0.0,0.0,85,0.010454755913989994
0.0,0.0,0.0,0.0,85,0.010454755913989994
0.0,0.0,0.0,0.0,84,0.010454755913989994
0.0,0.0,0.0,0.0,84,0.010454755913989994
0.0,0.0,0.0,0.0,83,0.010454755913989994
0.0,0.0,0.0,0.0,83,0.010454755913989994
0.0,0.0,0.0,0.0,83,0.010454755913989994
0.0,0.0,0.0,0.0,83,0.010454755913989994
0.0,0.0,0.0,0.0,83,0.010454755913989994
0.0,0.0,0.0,0.0,82,0.010454755913989994
0.0,0.0,0.0,0.0,83,0.010454755913989994
0.0,0.0,0.0,0.0,83,0.010454755913989994
0.0,0.0,0.0,0.0,84,0.010454755913989994
0.0,0.0,0.0,0.0,85,0.010454755913989994
0.0,0.0,0.0,0.0,87,0.010454755913989994
0.0,0.0,0.0,0.0,88,0.010454755913989994
0.0,0.0,0.0,0.0,90,0.010454755913989994
0.0,0.0,0.0,0.0,91,0.010454755913989994
0.0,0.0,0.0,0.0,93,0.010454755913989994
0.0,0.0,0.0,0.0,93,0.010454755913989994
0.0,0.0,0.0,0.0,96,0.010454755913989994
0.0,0.0,0.0,0.0,97,0.010454755913989994
0.0,0.0,0.0,0.0,99,0.010577753042389875
0.0,0.0,0.0,0.0,100,0.010577753042389875
0.0,0.0,0.0,0.0,102,0.010454755913989994
0.0,0.0,0.0,0.0,104,0.010454755913989994
0.0,0.0,0.0,0.0,106,0.010454755913989994
0.0,0.0,0.0,0.0,108,0.010454755913989994
0.0,0.0,0.0,0.0,109,0.010454755913989994
0.0,0.0,0.0,0.0,110,0.010454755913989994
0.0,0.0,0.0,0.0,112,0.010454755913989994
0.0,0.0,0.0,0.0,114,0.010454755913989994
0.0,0.0,0.0,0.0,117,0.010454755913989994
0.0,0.0,0.0,0.0,119,0.010454755913989994
0.0,0.0,0.0,0.0,121,0.010454755913989994
0.0,0.0,0.0,0.0,123,0.010454755913989994
0.0,0.0,0.0,0.0,126,0.010454755913989994
0.0,0.0,0.0,0.0,127,0.010454755913989994
0.0,0.0,0.0,0.0,129,0.010454755913989994
0.0,0.0,0.0,0.0,130,0.010454755913989994
0.0,0.0,0.0,0.0,130,0.010454755913989994
0.0,0.0,0.0,0.0,130,0.010454755913989994
0.0,0.0,0.0,0.0,130,0.010454755913989994
0.0,0.0,0.0,0.0,131,0.010454755913989994
0.0,0.0,0.0,0.0,131,0.010454755913989994
0.0,0.0,0.0,0.0,132,0.010454755913989994
0.0,0.0,0.0,0.0,131,0.010454755913989994
0.0,0.0,0.0,0.0,131,0.010454755913989994
0.0,0.0,0.0,0.0,130,0.010454755913989994
0.0,0.0,0.0,0.0,129,0.010454755913989994
0.0,0.0,0.0,0.0,129,0.010454755913989994
0.0,0.0,0.0,0.0,129,0.010454755913989994
0.0,0.0,0.0,0.0,129,0.010454755913989994
0.0,0.0,0.0,0.0,128,0.010454755913989994
0.0,0.0,0.0,0.0,128,0.010454755913989994
0.0,0.0,0.0,0.0,127,0.010454755913989994
0.0,0.0,0.0,0.0,127,0.010454755913989994
0.0,0.0,0.0,0.0,127,0.010454755913989994
0.0,0.0,0.0,0.0,127,0.010454755913989994
0.0,0.0,0.0,0.0,126,0.010454755913989994
0.0,0.0,0.0,0.0,126,0.010454755913989994
0.0,0.0,0.0,0.0,126,0.010454755913989994
0.0,0.0,0.0,0.0,126,0.010454755913989994
0.0,0.0,0.0,0.0,126,0.010454755913989994
0.0,0.0,0.0,0.0,125,0.010454755913989994
0.0,0.0,0.0,0.0,125,0.010454755913989994
0.0,0.0,0.0,0.0,124,0.010454755913989994
0.0,0.0,0.0,0.0,123,0.010454755913989994
0.0,0.0,0.0,0.0,122,0.010454755913989994
0.0,0.0,0.0,0.0,120,0.010454755913989994
0.0,0.0,0.0,0.0,120,0.010454755913989994
0.0,0.0,0.0,0.0,120,0.010454755913989994
0.0,0.0,0.0,0.0,120,0.010454755913989994
0.0,0.0,0.0,0.0,120,0.010454755913989994
0.0,0.0,0.0,0.0,120,0.010454755913989994
0.0,0.0,0.0,0.0,120,0.010454755913989994
0.0,0.0,0.0,0.0,120,0.010454755913989994
0.0,0.0,0.0,0.0,120,0.010454755913989994
0.0,0.0,0.0,0.0,120,0.010454755913989994
0.0,0.0,0.0,0.0,120,0.010454755913989994
0.0,0.0,0.0,0.0,121,0.010454755913989994
0.0,0.0,0.0,0.0,120,0.010454755913989994
0.0,0.0,0.0,0.0,120,0.010454755913989994
0.0,0.0,0.0,0.0,121,0.010454755913989994
0.0,0.0,0.0,0.0,122,0.010454755913989994
0.0,0.0,0.0,0.0,123,0.010454755913989994
0.0,0.0,0.0,0.0,124,0.010454755913989994
0.0,0.0,0.0,0.0,126,0.010454755913989994
0.0,0.0,0.0,0.0,127,0.010454755913989994
0.0,0.0,0.0,0.0,129,0.010454755913989994
0.0,0.0,0.0,0.0,129,0.010454755913989994
0.0,0.0,0.0,0.0,130,0.010454755913989994
0.0,0.0,0.0,0.0,131,0.010454755913989994
0.0,0.0,0.0,0.0,132,0.010454755913989994
0.0,0.0,0.0,0.0,132,0.010454755913989994
0.0,0.0,0.0,0.0,133,0.010454755913989994
0.0,0.0,0.0,0.0,133,0.010454755913989994
0.0,0.0,0.0,0.0,133,0.010454755913989994
0.0,0.0,0.0,0.0,133,0.010454755913989994
0.0,0.0,0.0,0.0,134,0.010454755913989994
0.0,0.0,0.0,0.0,70,0.010454755913989994
0.0,0.0,0.0,0.0,70,0.010454755913989994
0.0,0.0,0.0,0.0,71,0.010454755913989994
0.0,0.0,0.0,0.0,70,0.010454755913989994
0.0,0.0,0.0,0.0,78,0.010454755913989994
0.0,0.0,0.0,0.0,82,0.010454755913989994
0.0,0.0,0.0,0.0,84,0.010454755913989994
0.0,0.0,0.0,0.0,88,0.010454755913989994
0.0,0.0,0.0,0.0,89,0.010454755913989994
0.0,0.0,0.0,0.0,96,0.010454755913989994
0.0,0.0,0.0,0.0,101,0.010454755913989994
0.0,0.0,0.0,0.0,106,0.010454755913989994
0.0,0.0,0.0,0.0,110,0.010454755913989994
0.0,0.0,0.0,0.0,114,0.010454755913989994
0.0,0.0,0.0,0.0,115,0.010454755913989994
0.0,0.0,0.0,0.0,121,0.010454755913989994
0.0,0.0,0.0,0.0,122,0.010454755913989994
0.0,0.0,0.0,0.0,125,0.010454755913989994
0.0,0.0,0.0,0.0,127,0.010454755913989994
0.0,0.0,0.0,0.0,130,0.010454755913989994
0.0,0.0,0.0,0.0,130,0.010454755913989994
0.0,0.0,0.0,0.0,132,0.010454755913989994
0.0,0.0,0.0,0.0,131,0.010454755913989994
0.0,0.0,0.0,0.0,134,0.010454755913989994
0.0,0.0,0.0,0.0,136,0.010454755913989994
0.0,0.0,0.0,0.0,137,0.010454755913989994
0.0,0.0,0.0,0.0,139,0.010454755913989994
0.0,0.0,0.0,0.0,138,0.010454755913989994
0.0,0.0,0.0,0.0,141,0.010454755913989994
0.0,0.0,0.0,0.0,146,0.010454755913989994
0.0,0.0,0.0,0.0,149,0.010454755913989994
0.0,0.0,0.0,0.0,148,0.010454755913989994
0.0,0.0,0.0,0.0,151,0.010577753042389875
0.0,0.0,0.0,0.0,151,0.010577753042389875
0.0,0.0,0.0,0.0,152,0.010454755913989994
0.0,0.0,0.0,0.0,152,0.010454755913989994
0.0,0.0,0.0,0.0,154,0.010454755913989994
0.0,0.0,0.0,0.0,154,0.010454755913989994
0.0,0.0,0.0,0.0,156,0.010454755913989994
0.0,0.0,0.0,0.0,156,0.010454755913989994
0.0,0.0,0.0,0.0,157,0.010577753042389875
0.0,0.0,0.0,0.0,156,0.010577753042389875
0.0,0.0,0.0,0.0,156,0.010454755913989994
0.0,0.0,0.0,0.0,159,0.010454755913989994
0.0,0.0,0.0,0.0,159,0.010454755913989994
0.0,0.0,0.0,0.0,159,0.010454755913989994
0.0,0.0,0.0,0.0,159,0.010454755913989994
0.0,0.0,0.0,0.0,159,0.010454755913989994
0.0,0.0,0.0,0.0,171,0.010454755913989994
0.0,0.0,0.0,0.0,170,0.010454755913989994
0.0,0.0,0.0,0.0,169,0.010454755913989994
0.0,0.0,0.0,0.0,169,0.010454755913989994
0.0,0.0,0.0,0.0,168,0.010454755913989994
0.0,0.0,0.0,0.0,169,0.010454755913989994
0.0,0.0,0.0,0.0,169,0.010454755913989994
0.0,0.0,0.0,0.0,170,0.010454755913989994
0.0,0.0,0.0,0.0,170,0.010454755913989994
0.0,0.0,0.0,0.0,169,0.010454755913989994
0.0,0.0,0.0,0.0,169,0.010454755913989994
0.0,0.0,0.0,0.0,169,0.010454755913989994
0.0,0.0,0.0,0.0,169,0.010454755913989994
0.0,0.0,0.0,0.0,169,0.010454755913989994
0.0,0.0,0.0,0.0,169,0.010454755913989994
0.0,0.0,0.0,0.0,169,0.010454755913989994
0.0,0.0,0.0,0.0,169,0.010454755913989994
0.0,0.0,0.0,0.0,169,0.010454755913989994
0.0,0.0,0.0,0.0,169,0.010454755913989994
0.0,0.0,0.0,0.0,169,0.010454755913989994
0.0,0.0,0.0,0.0,168,0.010454755913989994
0.0,0.0,0.0,0.0,168,0.010454755913989994
0.0,0.0,0.0,0.0,168,0.010454755913989994
0.0,0.0,0.0,0.0,168,0.010454755913989994
0.0,0.0,0.0,0.0,168,0.010454755913989994
0.0,0.0,0.0,0.0,168,0.010454755913989994
0.0,0.0,0.0,0.0,168,0.010454755913989994
0.0,0.0,0.0,0.0,168,0.010454755913989994
0.0,0.0,0.0,0.0,167,0.010454755913989994
0.0,0.0,0.0,0.0,167,0.010454755913989994
0.0,0.0,0.0,0.0,167,0.010454755913989994
0.0,0.0,0.0,0.0,167,0.010454755913989994
0.0,0.0,0.0,0.0,167,0.010454755913989994
0.0,0.0,0.0,0.0,168,0.010454755913989994
0.0,0.0,0.0,0.0,168,0.010454755913989994
0.0,0.0,0.0,0.0,168,0.010454755913989994
0.0,0.0,0.0,0.0,168,0.010454755913989994
0.0,0.0,0.0,0.0,169,0.010454755913989994
0.0,0.0,0.0,0.0,168,0.010454755913989994
0.0,0.0,0.0,0.0,168,0.010454755913989994
0.0,0.0,0.0,0.0,167,0.010454755913989994
0.0,0.0,0.0,0.0,168,0.010454755913989994
0.0,0.0,0.0,0.0,168,0.010454755913989994
0.0,0.0,0.0,0.0,168,0.010454755913989994
0.0,0.0,0.0,0.0,168,0.010454755913989994
0.0,0.0,0.0,0.0,167,0.010454755913989994
0.0,0.0,0.0,0.0,168,0.010454755913989994
0.0,0.0,0.0,0.0,168,0.010454755913989994
0.0,0.0,0.0,0.0,168,0.010577753042389875
0.0,0.0,0.0,0.0,167,0.010577753042389875
0.0,0.0,0.0,0.0,167,0.010454755913989994
0.0,0.0,0.0,0.0,166,0.010454755913989994
0.0,0.0,0.0,0.0,167,0.010454755913989994
0.0,0.0,0.0,0.0,166,0.010454755913989994
0.0,0.0,0.0,0.0,171,0.010454755913989994
0.0,0.0,0.0,0.0,178,0.010454755913989994
0.0,0.0,0.0,0.0,182,0.010454755913989994
0.0,0.0,0.0,0.0,182,0.010454755913989994
0.0,0.0,0.0,0.0,183,0.010454755913989994
0.0,0.0,0.0,0.0,184,0.010454755913989994
0.0,0.0,0.0,0.0,183,0.010454755913989994
0.0,0.0,0.0,0.0,185,0.010454755913989994
0.0,0.0,0.0,0.0,185,0.010454755913989994
0.0,0.0,0.0,0.0,186,0.010454755913989994
0.0,0.0,0.0,0.0,185,0.010454755913989994
0.0,0.0,0.0,0.0,186,0.010454755913989994
0.0,0.0,0.0,0.0,186,0.010454755913989994
0.0,0.0,0.0,0.0,188,0.010454755913989994
0.0,0.0,0.0,0.0,188,0.010454755913989994
0.0,0.0,0.0,0.0,191,0.010454755913989994
0.0,0.0,0.0,0.0,191,0.010454755913989994
0.0,0.0,0.0,0.0,190,0.010454755913989994
0.0,0.0,0.0,0.0,192,0.010454755913989994
0.0,0.0,0.0,0.0,191,0.010454755913989994
0.0,0.0,0.0,0.0,197,0.010454755913989994
0.0,0.0,0.0,0.0,199,0.010454755913989994
0.0,0.0,0.0,0.0,199,0.010454755913989994
0.0,0.0,0.0,0.0,198,0.010454755913989994
0.0,0.0,0.0,0.0,198,0.010454755913989994
0.0,0.0,0.0,0.0,199,0.010454755913989994
0.0,0.0,0.0,0.0,202,0.010454755913989994
0.0,0.0,0.0,0.0,202,0.010454755913989994
0.0,0.0,0.0,0.0,203,0.010454755913989994
0.0,0.0,0.0,0.0,207,0.010454755913989994
0.0,0.0,0.0,0.0,206,0.010454755913989994
0.0,0.0,0.0,0.0,207,0.010454755913989994
0.0,0.0,0.0,0.0,209,0.010454755913989994
0.0,0.0,0.0,0.0,209,0.010454755913989994
0.0,0.0,0.0,0.0,211,0.010454755913989994
0.0,0.0,0.0,0.0,213,0.010454755913989994
0.0,0.0,0.0,0.0,216,0.010454755913989994
0.0,0.0,0.0,0.0,216,0.010454755913989994
0.0,0.0,0.0,0.0,219,0.010454755913989994
0.0,0.0,0.0,0.0,220,0.010454755913989994
0.0,0.0,0.0,0.0,220,0.010454755913989994
0.0,0.0,0.0,0.0,222,0.010454755913989994
0.0,0.0,0.0,0.0,224,0.010454755913989994
0.0,0.0,0.0,0.0,226,0.010454755913989994
0.0,0.0,0.0,0.0,226,0.010454755913989994
0.0,0.0,0.0,0.0,227,0.010454755913989994
0.0,0.0,0.0,0.0,228,0.010454755913989994
0.0,0.0,0.0,0.0,231,0.010454755913989994
0.0,0.0,0.0,0.0,230,0.010454755913989994
0.0,0.0,0.0,0.0,232,0.010454755913989994
0.0,0.0,0.0,0.0,234,0.010454755913989994
0.0,0.0,0.0,0.0,235,0.010454755913989994
0.0,0.0,0.0,0.0,235,0.010454755913989994
0.0,0.0,0.0,0.0,237,0.010454755913989994
0.0,0.0,0.0,0.0,239,0.010454755913989994
0.0,0.0,0.0,0.0,240,0.010454755913989994
0.0,0.0,0.0,0.0,239,0.010454755913989994
0.0,0.0,0.0,0.0,241,0.010454755913989994
0.0,0.0,0.0,0.0,244,0.010454755913989994
0.0,0.0,0.0,0.0,247,0.010454755913989994
0.0,0.0,0.0,0.0,248,0.010454755913989994
0.0,0.0,0.0,0.0,247,0.010454755913989994
0.0,0.0,0.0,0.0,250,0.010454755913989994
0.0,0.0,0.0,0.0,251,0.010454755913989994
0.0,0.0,0.0,0.0,254,0.010454755913989994
0.0,0.0,0.0,0.0,256,0.010454755913989994
0.0,0.0,0.0,0.0,255,0.010454755913989994
0.0,0.0,0.0,0.0,257,0.010454755913989994
0.0,0.0,0.0,0.0,260,0.010454755913989994
0.0,0.0,0.0,0.0,262,0.010454755913989994
0.0,0.0,0.0,0.0,265,0.010454755913989994
0.0,0.0,0.0,0.0,264,0.010454755913989994
0.0,0.0,0.0,0.0,265,0.010454755913989994
0.0,0.0,0.0,0.0,270,0.010454755913989994
0.0,0.0,0.0,0.0,273,0.010454755913989994
0.0,0.0,0.0,0.0,276,0.010454755913989994
0.0,0.0,0.0,0.0,275,0.010454755913989994
0.0,0.0,0.0,0.0,277,0.010454755913989994
0.0,0.0,0.0,0.0,278,0.010454755913989994
0.0,0.0,0.0,0.0,280,0.010454755913989994
0.0,0.0,0.0,0.0,283,0.04130426776788588
0.0,0.0,0.0,0.0,282,0.04130426776788588
0.0,0.0,0.0,0.0,283,0.04130426776788588
0.0,0.0,0.0,0.0,283,0.04130426776788588
0.0,0.0,0.0,0.0,283,0.04130426776788588
0.0,0.0,0.0,0.0,284,0.04130426776788588
0.0,0.0,0.0,0.0,284,0.04130426776788588
0.0,0.0,0.0,0.0,285,0.04130426776788588
0.0,0.0,0.0,0.0,285,0.04130426776788588
0.0,0.0,0.0,0.0,285,0.04130426776788588
0.0,0.0,0.0,0.0,286,0.04130426776788588
0.0,0.0,0.0,0.0,286,0.04130426776788588
0.0,0.0,0.0,0.0,285,0.04130426776788588
0.0,0.0,0.0,0.0,285,0.04130426776788588
0.0,0.0,0.0,0.0,285,0.04130426776788588
0.0,0.0,0.0,0.0,286,0.04130426776788588
0.0,0.0,0.0,0.0,286,0.04130426776788588
0.0,0.0,0.0,0.0,286,0.04130426776788588
0.0,0.0,0.0,0.0,285,0.04130426776788588
0.0,0.0,0.0,0.0,286,0.04130426776788588
0.0,0.0,0.0,0.0,286,0.04130426776788588
0.0,0.0,0.0,0.0,285,0.04130426776788588
0.0,0.0,0.0,0.0,287,0.04130426776788588
0.0,0.0,0.0,0.0,287,0.04130426776788588
0.0,0.0,0.0,0.0,288,0.010699298277223449
0.0,0.0,0.0,0.0,288,0.010699298277223449
0.0,0.0,0.0,0.0,288,0.010699298277223449
0.0,0.0,0.0,0.0,289,0.010699298277223449
0.0,0.0,0.0,0.0,289,0.010699298277223449
0.0,0.0,0.0,0.0,289,0.010699298277223449
0.0,0.0,0.0,0.0,289,0.010699298277223449
0.0,0.0,0.0,0.0,289,0.010699298277223449
0.0,0.0,0.0,0.0,288,0.010699298277223449
0.0,0.0,0.0,0.0,290,0.010699298277223449
0.0,0.0,0.0,0.0,290,0.010699298277223449
0.0,0.0,0.0,0.0,289,0.010699298277223449
0.0,0.0,0.0,0.0,289,0.010699298277223449
0.0,0.0,0.0,0.0,290,0.010699298277223449
0.0,0.0,0.0,0.0,290,0.010699298277223449
0.0,0.0,0.0,0.0,290,0.010699298277223449
0.0,0.0,0.0,0.0,290,0.010699298277223449
0.0,0.0,0.0,0.0,290,0.010699298277223449
0.0,0.0,0.0,0.0,291,0.010699298277223449
0.0,0.0,0.0,0.0,291,0.010823708722307443
0.0,0.0,0.0,0.0,291,0.011196940057559423
0.0,0.0,0.0,0.0,291,0.0116945818378954
0.0,0.0,0.0,0.0,290,0.012316634063315367
0.0,0.0,0.0,0.0,290,0.013063096733819328
0.0,0.0,0.0,0.0,290,0.013933969849407283
0.0,0.0,0.0,0.0,290,0.014680432519911244
0.0,0.0,0.0,0.0,291,0.015800126525667188
0.0,0.0,0.0,0.0,292,0.01667099964125514
0.0,0.0,0.0,0.0,291,0.0175418727568431
0.0,0.0,0.0,0.0,292,0.01828833542734706
0.0,0.0,0.0,0.0,291,0.01891038765276703
0.0,0.0,0.0,0.0,291,0.019408029433103
0.0,0.0,0.0,0.0,293,0.019905671213438975
0.0,0.0,0.0,0.0,292,0.020154492103606963
0.0,0.0,0.0,0.0,291,0.020403312993774948
0.0,0.0,0.0,0.0,292,0.02065213388394294
0.0,0.0,0.0,0.0,292,0.02077654432902693
0.0,0.0,0.0,0.0,292,0.02102536521919492
0.0,0.0,0.0,0.0,292,0.021274186109362905
0.0,0.0,0.0,0.0,291,0.021523006999530893
0.0,0.0,0.0,0.0,293,0.02177182788969888
0.0,0.0,0.0,0.0,292,0.02202064877986687
0.0,0.0,0.0,0.0,292,0.022393880115118846
0.0,0.0,0.0,0.0,292,0.022642701005286835
0.0,0.0,0.0,0.0,292,0.022767111450370827
0.0,0.0,0.0,0.0,292,0.02289152189545482
0.0,0.0,0.0,0.0,293,0.02289152189545482
0.0,0.0,0.0,0.0,293,0.022767111450370827
0.0,0.0,0.0,0.0,294,0.022642701005286835
0.0,0.0,0.0,0.0,293,0.022518290560202842
0.0,0.0,0.0,0.0,294,0.022269469670034854
0.0,0.0,0.0,0.0,294,0.021896238334782877
0.0,0.0,0.0,0.0,296,0.021647417444614885
0.0,0.0,0.0,0.0,294,0.021274186109362905
0.0,0.0,0.0,0.0,295,0.02102536521919492
0.0,0.0,0.0,0.0,293,0.02077654432902693
0.0,0.0,0.0,0.0,295,0.020527723438858947
0.0,0.0,0.0,0.0,295,0.020403312993774948
0.0,0.0,0.0,0.0,296,0.020278902548690955
0.0,0.0,0.0,0.0,296,0.020278902548690955
0.0,0.0,0.0,0.0,295,0.020403312993774948
0.0,0.0,0.0,0.0,285,0.020527723438858947
0.0,0.0,0.0,0.0,283,0.02065213388394294
0.0,0.0,0.0,0.0,285,0.02077654432902693
0.0,0.0,0.0,0.0,284,0.02102536521919492
0.0,0.0,0.0,0.0,285,0.021149775664278912
0.0,0.0,0.0,0.0,284,0.021274186109362905
0.0,0.0,0.0,0.0,286,0.021523006999530893
0.0,0.0,0.0,0.0,287,0.021647417444614885
0.0,0.0,0.0,0.0,286,0.021647417444614885
0.0,0.0,0.0,0.0,287,0.02177182788969888
0.0,0.0,0.0,0.0,287,0.02177182788969888
0.0,0.0,0.0,0.0,287,0.02177182788969888
0.0,0.0,0.0,0.0,288,0.02177182788969888
0.0,0.0,0.0,0.0,288,0.02177182788969888
0.0,0.0,0.0,0.0,287,0.02177182788969888
0.0,0.0,0.0,0.0,287,0.02177182788969888
0.0,0.0,0.0,0.0,286,0.02177182788969888
0.0,0.0,0.0,0.0,287,0.02177182788969888
0.0,0.0,0.0,0.0,285,0.02177182788969888
0.0,0.0,0.0,0.0,288,0.02177182788969888
0.0,0.0,0.0,0.0,286,0.02177182788969888
0.0,0.0,0.0,0.0,287,0.02177182788969888
0.0,0.0,0.0,0.0,286,0.02177182788969888
0.0,0.0,0.0,0.0,286,0.02177182788969888
0.0,0.0,0.0,0.0,286,0.02177182788969888
0.0,0.0,0.0,0.0,286,0.02177182788969888
0.0,0.0,0.0,0.0,286,0.02177182788969888
0.0,0.0,0.0,0.0,285,0.02177182788969888
0.0,0.0,0.0,0.0,284,0.02177182788969888
0.0,0.0,0.0,0.0,285,0.02177182788969888
0.0,0.0,0.0,0.0,286,0.02177182788969888
0.0,0.0,0.0,0.0,286,0.02177182788969888
0.0,0.0,0.0,0.0,285,0.02177182788969888
0.0,0.0,0.0,0.0,282,0.02177182788969888
0.0,0.0,0.0,0.0,283,0.02177182788969888
0.0,0.0,0.0,0.0,284,0.02177182788969888
0.0,0.0,0.0,0.0,285,0.02177182788969888
0.0,0.0,0.0,0.0,282,0.02177182788969888
0.0,0.0,0.0,0.0,282,0.02177182788969888
0.0,0.0,0.0,0.0,292,0.02177182788969888
0.0,0.0,0.0,0.0,294,0.02177182788969888
0.0,0.0,0.0,0.0,294,0.02177182788969888
0.0,0.0,0.0,0.0,293,0.02177182788969888
0.0,0.0,0.0,0.0,295,0.02177182788969888
0.0,0.0,0.0,0.0,294,0.02177182788969888
0.0,0.0,0.0,0.0,295,0.02177182788969888
0.0,0.0,0.0,0.0,292,0.02177182788969888
0.0,0.0,0.0,0.0,293,0.02177182788969888
0.0,0.0,0.0,0.0,292,0.02177182788969888
0.0,0.0,0.0,0.0,293,0.02177182788969888
0.0,0.0,0.0,0.0,292,0.02177182788969888
0.0,0.0,0.0,0.0,291,0.02177182788969888
0.0,0.0,0.0,0.0,290,0.02177182788969888
0.0,0.0,0.0,0.0,290,0.02177182788969888
0.0,0.0,0.0,0.0,292,0.02177182788969888
0.0,0.0,0.0,0.0,290,0.02177182788969888
0.0,0.0,0.0,0.0,291,0.02177182788969888
0.0,0.0,0.0,0.0,290,0.02177182788969888
0.0,0.0,0.0,0.0,290,0.02177182788969888
0.0,0.0,0.0,0.0,289,0.02177182788969888
0.0,0.0,0.0,0.0,289,0.02177182788969888
0.0,0.0,0.0,0.0,288,0.02177182788969888
0.0,0.0,0.0,0.0,289,0.02177182788969888
0.0,0.0,0.0,0.0,289,0.02177182788969888
0.0,0.0,0.0,0.0,289,0.02177182788969888
0.0,0.0,0.0,0.0,287,0.02177182788969888
0.0,0.0,0.0,0.0,287,0.02177182788969888
0.0,0.0,0.0,0.0,287,0.02177182788969888
0.0,0.0,0.0,0.0,287,0.02177182788969888
0.0,0.0,0.0,0.0,286,0.02177182788969888
0.0,0.0,0.0,0.0,287,0.02177182788969888
0.0,0.0,0.0,0.0,288,0.02177182788969888
0.0,0.0,0.0,0.0,287,0.02177182788969888
0.0,0.0,0.0,0.0,288,0.02177182788969888
0.0,0.0,0.0,0.0,288,0.02177182788969888
0.0,0.0,0.0,0.0,287,0.02177182788969888
0.0,0.0,0.0,0.0,287,0.02177182788969888
0.0,0.0,0.0,0.0,286,0.02177182788969888
0.0,0.0,0.0,0.0,286,0.02177182788969888
0.0,0.0,0.0,0.0,285,0.02177182788969888
0.0,0.0,0.0,0.0,284,0.02177182788969888
0.0,0.0,0.0,0.0,285,0.02177182788969888
0.0,0.0,0.0,0.0,285,0.02177182788969888
0.0,0.0,0.0,0.0,284,0.02177182788969888
0.0,0.0,0.0,0.0,282,0.02177182788969888
0.0,0.0,0.0,0.0,282,0.02177182788969888
0.0,0.0,0.0,0.0,282,0.02177182788969888
0.0,0.0,0.0,0.0,282,0.02177182788969888
0.0,0.0,0.0,0.0,282,0.02177182788969888
0.0,0.0,0.0,0.0,282,0.02177182788969888
0.0,0.0,0.0,0.0,279,0.02177182788969888
0.0,0.0,0.0,0.0,280,0.02177182788969888
0.0,0.0,0.0,0.0,280,0.02177182788969888
0.0,0.0,0.0,0.0,280,0.02177182788969888
0.0,0.0,0.0,0.0,280,0.02177182788969888
0.0,0.0,0.0,0.0,280,0.02177182788969888
0.0,0.0,0.0,0.0,281,0.02177182788969888
0.0,0.0,0.0,0.0,280,0.02177182788969888
0.0,0.0,0.0,0.0,282,0.02177182788969888
0.0,0.0,0.0,0.0,282,0.02177182788969888
0.0,0.0,0.0,0.0,282,0.02177182788969888
0.0,0.0,0.0,0.0,281,0.02177182788969888
0.0,0.0,0.0,0.0,280,0.02177182788969888
0.0,0.0,0.0,0.0,280,0.02177182788969888
0.0,0.0,0.0,0.0,279,0.02177182788969888
0.0,0.0,0.0,0.0,280,0.02177182788969888
0.0,0.0,0.0,0.0,280,0.02177182788969888
0.0,0.0,0.0,0.0,279,0.02177182788969888
0.0,0.0,0.0,0.0,278,0.02177182788969888
0.0,0.0,0.0,0.0,279,0.02177182788969888
0.0,0.0,0.0,0.0,279,0.02177182788969888
0.0,0.0,0.0,0.0,281,0.02177182788969888
0.0,0.0,0.0,0.0,281,0.02177182788969888
0.0,0.0,0.0,0.0,281,0.02177182788969888
0.0,0.0,0.0,0.0,280,0.02177182788969888
0.0,0.0,0.0,0.0,280,0.02177182788969888
0.0,0.0,0.0,0.0,279,0.02177182788969888
0.0,0.0,0.0,0.0,278,0.02177182788969888
0.0,0.0,0.0,0.0,278,0.02177182788969888
0.0,0.0,0.0,0.0,278,0.02177182788969888
0.0,0.0,0.0,0.0,279,0.02177182788969888
0.0,0.0,0.0,0.0,279,0.02177182788969888
0.0,0.0,0.0,0.0,280,0.02177182788969888
0.0,0.0,0.0,0.0,279,0.02177182788969888
0.0,0.0,0.0,0.0,280,0.02177182788969888
0.0,0.0,0.0,0.0,279,0.02177182788969888
0.0,0.0,0.0,0.0,278,0.02177182788969888
0.0,0.0,0.0,0.0,278,0.02177182788969888
0.0,0.0,0.0,0.0,278,0.02177182788969888
0.0,0.0,0.0,0.0,278,0.02177182788969888
0.0,0.0,0.0,0.0,278,0.02177182788969888
0.0,0.0,0.0,0.0,277,0.02177182788969888
0.0,0.0,0.0,0.0,279,0.021896238334782877
0.0,0.0,0.0,0.0,278,0.02202064877986687
0.0,0.0,0.0,0.0,279,0.02214505922495086
0.0,0.0,0.0,0.0,281,0.022269469670034854
0.0,0.0,0.0,0.0,279,0.022393880115118846
0.0,0.0,0.0,0.0,282,0.022642701005286835
0.0,0.0,0.0,0.0,281,0.022767111450370827
0.0,0.0,0.0,0.0,281,0.023015932340538815
0.0,0.0,0.0,0.0,280,0.02314034278562281
0.0,0.0,0.0,0.0,281,0.0233891636757908
0.0,0.0,0.0,0.0,280,0.02351357412087479
0.0,0.0,0.0,0.0,280,0.023762395011042776
0.0,0.0,0.0,0.0,281,0.02388680545612677
0.0,0.0,0.0,0.0,279,0.024135626346294757
0.0,0.0,0.0,0.0,280,0.02426003679137875
0.0,0.0,0.0,0.0,280,0.02450885768154674
0.0,0.0,0.0,0.0,281,0.024633268126630734
0.0,0.0,0.0,0.0,280,0.02488208901679872
0.0,0.0,0.0,0.0,281,0.025006499461882714
0.0,0.0,0.0,0.0,281,0.0252553203520507
0.0,0.0,0.0,0.0,281,0.025504141242218687
0.0,0.0,0.0,0.0,281,0.02575296213238668
0.30000000000000004,0.30000000000000004,0.0,0.0,281,0.026001783022554664
0.6000000000000001,0.6000000000000001,0.0,0.0,281,0.02625060391272265
0.9,0.9,0.0,0.0,281,0.026499424802890637
1.2000000000000002,1.2000000000000002,0.0,0.0,281,0.02674824569305862
1.5,1.5,0.0,0.0,282,0.02699706658322661
2.1,2.1,0.0,0.0,280,0.0272458874733946
2.6,2.6,0.0,0.0,281,0.027494708363562586
3.1,3.1,0.0,0.0,280,0.027743529253730574
3.6,3.6,0.0,0.0,280,0.027867939698814567
4.1000000000000005,4.1000000000000005,0.0,0.0,280,0.02811676058898255
4.4,4.4,0.0,0.0,280,0.028241171034066544
4.800000000000001,4.800000000000001,0.0,0.0,279,0.028489991924234535
5.300000000000001,5.300000000000001,0.0,0.0,279,0.028738812814402524
5.6000000000000005,5.6000000000000005,0.0,0.0,279,0.028863223259486516
6.0,6.0,0.0,0.0,276,0.02898763370457051
6.4,6.4,0.0,0.0,272,0.0291120441496545
6.5,6.5,0.0,0.0,270,0.02936086503982249
6.4,6.4,0.0,0.0,261,0.02948527548490648
6.1000000000000005,6.1000000000000005,0.0,0.0,254,0.029734096375074473
5.800000000000001,5.800000000000001,0.0,0.0,250,0.029858506820158465
5.5,5.5,0.0,0.0,234,0.03010732771032645
5.300000000000001,5.300000000000001,0.0,0.0,187,0.030231738155410446
5.2,5.2,0.0,0.0,186,0.03048055904557843
5.1000000000000005,5.1000000000000005,0.0,0.0,188,0.03072937993574642
5.1000000000000005,5.1000000000000005,0.0,0.0,187,0.031102611270998403
5.1000000000000005,5.1000000000000005,0.0,0.0,187,0.03135143216116639
5.1000000000000005,5.1000000000000005,0.0,0.0,187,0.031600253051334376
5.0,5.0,0.0,0.0,185,0.03184907394150236
4.800000000000001,4.800000000000001,0.0,0.0,186,0.032097894831670346
4.7,4.7,0.0,0.0,184,0.03234671572183834
4.6000000000000005,4.6000000000000005,0.0,0.0,183,0.03259553661200632
4.4,4.4,0.0,0.0,178,0.032844357502174314
4.3,4.3,0.0,0.0,177,0.0330931783923423
4.1000000000000005,4.1000000000000005,0.0,0.0,170,0.03334199928251028
3.9000000000000004,3.9000000000000004,0.0,0.0,166,0.03359082017267827
3.7,3.7,0.0,0.0,165,0.03383964106284626
3.6,3.6,0.0,0.0,161,0.034088461953014244
3.4000000000000004,3.4000000000000004,0.0,0.0,159,0.034337282843182236
3.3000000000000003,3.3000000000000003,0.0,0.0,158,0.03458610373335022
3.1,3.1,0.0,0.0,159,0.034834924623518206
3.0,3.0,0.0,0.0,160,0.03520815595877019
2.9000000000000004,2.9000000000000004,0.0,0.0,158,0.03545697684893818
2.8000000000000003,2.8000000000000003,0.0,0.0,158,0.03570579773910616
2.7,2.7,0.0,0.0,160,0.03595461862927415
2.6,2.6,0.0,0.0,159,0.03620343951944213
2.4000000000000004,2.4000000000000004,0.0,0.0,160,0.036452260409610124
2.2,2.2,0.0,0.0,162,0.036701081299778116
2.1,2.1,0.0,0.0,161,0.0369499021899461
2.0,2.0,0.0,0.0,164,0.03707431263503009
1.9000000000000001,1.9000000000000001,0.0,0.0,170,0.03732313352519808
1.8,1.8,0.0,0.0,168,0.03744754397028207
1.6,1.6,0.0,0.0,166,0.037571954415366066
1.4000000000000001,1.4000000000000001,0.0,0.0,172,0.03782077530553406
1.2000000000000002,1.2000000000000002,0.0,0.0,173,0.037945185750618046
1.1,1.1,0.0,0.0,171,0.03806959619570204
0.9,0.9,0.0,0.0,177,0.03831841708587003
0.8,0.8,0.0,0.0,178,0.03844282753095402
0.8,0.8,0.0,0.0,178,0.03856723797603801
0.8,0.8,0.0,0.0,177,0.038816058866206
0.8,0.8,0.0,0.0,180,0.03894046931129
0.7000000000000001,0.7000000000000001,0.0,0.0,178,0.039064879756373995
0.7000000000000001,0.7000000000000001,0.0,0.0,177,0.03931370064654198
0.7000000000000001,0.7000000000000001,0.0,0.0,182,0.03943811109162597
0.7000000000000001,0.7000000000000001,0.0,0.0,193,0.03968693198179396
0.7000000000000001,0.7000000000000001,0.0,0.0,195,0.039935752871961945
0.6000000000000001,0.6000000000000001,0.0,0.0,195,0.040060163317045934
0.6000000000000001,0.6000000000000001,0.0,0.0,196,0.040308984207213926
0.6000000000000001,0.6000000000000001,0.0,0.0,197,0.04055780509738191
0.6000000000000001,0.6000000000000001,0.0,0.0,200,0.040806625987549895
0.6000000000000001,0.6000000000000001,0.0,0.0,133,0.04093103643263389
0.5,0.5,0.0,0.0,137,0.04117985732280188
0.5,0.5,0.0,0.0,139,0.04142867821296987
0.5,0.5,0.0,0.0,139,0.04155308865805386
0.5,0.5,0.0,0.0,143,0.04180190954822185
0.5,0.5,0.0,0.0,148,0.04205073043838984
0.5,0.5,0.0,0.0,150,0.042299551328557825
0.4,0.4,0.0,0.0,150,0.04254837221872581
0.4,0.4,0.0,0.0,155,0.042672782663809805
0.4,0.4,0.0,0.0,159,0.0429216035539778
0.4,0.4,0.0,0.0,160,0.04317042444414578
0.4,0.4,0.0,0.0,164,0.043419245334313766
0.4,0.4,0.0,0.0,165,0.04366806622448175
0.4,0.4,0.0,0.0,167,0.043792476669565754
0.4,0.4,0.0,0.0,169,0.04404129755973374
0.30000000000000004,0.30000000000000004,0.0,0.0,177,0.04416570800481773
0.30000000000000004,0.30000000000000004,0.0,0.0,183,0.04441452889498571
0.30000000000000004,0.30000000000000004,0.0,0.0,187,0.04453893934006971
0.30000000000000004,0.30000000000000004,0.0,0.0,191,0.04478776023023769
0.30000000000000004,0.30000000000000004,0.0,0.0,193,0.044912170675321696
0.30000000000000004,0.30000000000000004,0.0,0.0,205,0.045036581120405685
0.30000000000000004,0.30000000000000004,0.0,0.0,208,0.04516099156548968
0.30000000000000004,0.30000000000000004,0.0,0.0,216,0.04528540201057367
0.30000000000000004,0.30000000000000004,0.0,0.0,221,0.045409812455657665
0.30000000000000004,0.30000000000000004,0.0,0.0,229,0.045534222900741654
0.30000000000000004,0.30000000000000004,0.0,0.0,229,0.04565863334582565
0.2,0.2,0.0,0.0,230,0.04578304379090964
0.2,0.2,0.0,0.0,226,0.04590745423599364
0.2,0.2,0.0,0.0,231,0.04603186468107763
0.2,0.2,0.0,0.0,304,0.04628068557124562
0.2,0.2,0.0,0.0,310,0.04640509601632961
0.2,0.2,0.0,0.0,316,0.046653916906497596
0.2,0.2,0.0,0.0,320,0.0467783273515816
0.2,0.2,0.0,0.0,328,0.04702714824174958
0.2,0.2,0.0,0.0,339,0.04715155868683357
0.2,0.2,0.0,0.0,345,0.04740037957700156
0.2,0.2,0.0,0.0,349,0.047649200467169556
0.2,0.2,0.0,0.0,349,0.04789802135733754
0.2,0.2,0.0,0.0,347,0.04802243180242153
0.2,0.2,0.0,0.0,348,0.048271252692589514
0.2,0.2,0.0,0.0,348,0.04839566313767351
0.2,0.2,0.0,0.0,346,0.048644484027841495
0.1,0.1,0.0,0.0,347,0.048768894472925484
0.1,0.1,0.0,0.0,348,0.04901771536309348
0.1,0.1,0.0,0.0,353,0.04926653625326147
0.1,0.1,0.0,0.0,353,0.049390946698345456
0.1,0.1,0.0,0.0,352,0.04963976758851344
0.1,0.1,0.0,0.0,351,0.04976417803359744
0.1,0.1,0.0,0.0,352,0.05001299892376543
0.1,0.1,0.0,0.0,355,0.050137409368849424
0.1,0.1,0.0,0.0,358,0.05038623025901741
0.1,0.1,0.0,0.0,358,0.0505106407041014
0.1,0.1,0.0,0.0,357,0.05075946159426939
0.1,0.1,0.0,0.0,357,0.051008282484437374
0.1,0.1,0.0,0.0,357,0.05113269292952137
0.1,0.1,0.0,0.0,359,0.051381513819689355
0.1,0.1,0.0,0.0,358,0.051630334709857346
0.1,0.1,0.0,0.0,356,0.05175474515494134
0.1,0.1,0.0,0.0,358,0.05200356604510933
0.1,0.1,0.0,0.0,357,0.052127976490193316
0.1,0.1,0.0,0.0,358,0.05225238693527731
0.1,0.1,0.0,0.0,357,0.0523767973803613
0.1,0.1,0.0,0.0,359,0.0525012078254453
0.1,0.1,0.0,0.0,359,0.052625618270529285
0.1,0.1,0.0,0.0,360,0.05275002871561329
0.1,0.1,0.0,0.0,356,0.05275002871561329
0.1,0.1,0.0,0.0,361,0.052874439160697284
0.1,0.1,0.0,0.0,361,0.05299884960578127
0.1,0.1,0.0,0.0,359,0.05312326005086527
0.1,0.1,0.0,0.0,358,0.05324767049594926
0.1,0.1,0.0,0.0,360,0.05324767049594926
0.1,0.1,0.0,0.0,359,0.053372080941033254
0.1,0.1,0.0,0.0,359,0.05349649138611724
0.0,0.0,0.0,0.0,361,0.053745312276285234
0.0,0.0,0.0,0.0,360,0.05386972272136923
0.0,0.0,0.0,0.0,358,0.05399413316645322
0.0,0.0,0.0,0.0,362,0.054118543611537215
0.0,0.0,0.0,0.0,358,0.05424295405662121
0.0,0.0,0.0,0.0,358,0.0543673645017052
0.0,0.0,0.0,0.0,361,0.0543673645017052
0.0,0.0,0.0,0.0,359,0.0544917749467892
0.0,0.0,0.0,0.0,358,0.05461618539187319
0.0,0.0,0.0,0.0,358,0.05474059583695719
0.0,0.0,0.0,0.0,358,0.054865006282041176
0.0,0.0,0.0,0.0,357,0.05498941672712517
0.0,0.0,0.0,0.0,357,0.05511382717220916
0.0,0.0,0.0,0.0,359,0.055362648062377146
0.0,0.0,0.0,0.0,358,0.05548705850746115
0.0,0.0,0.0,0.0,359,0.055611468952545144
0.0,0.0,0.0,0.0,359,0.05586028984271313
0.0,0.0,0.0,0.0,358,0.05598470028779712
0.0,0.0,0.0,0.0,359,0.0562335211779651
0.0,0.0,0.0,0.0,358,0.0563579316230491
0.0,0.0,0.0,0.0,361,0.05660675251321709
0.0,0.0,0.0,0.0,360,0.056731162958301086
0.0,0.0,0.0,0.0,359,0.05697998384846907
0.0,0.0,0.0,0.0,358,0.057228804738637055
0.0,0.0,0.0,0.0,358,0.057353215183721044
0.0,0.0,0.0,0.0,357,0.05747762562880505
0.0,0.0,0.0,0.0,357,0.057602036073889036
0.0,0.0,0.0,0.0,361,0.05772644651897303
0.0,0.0,0.0,0.0,361,0.05785085696405702
0.0,0.0,0.0,0.0,360,0.05785085696405702
0.0,0.0,0.0,0.0,359,0.05797526740914102
0.0,0.0,0.0,0.0,359,0.05809967785422501
0.0,0.0,0.0,0.0,359,0.05809967785422501
0.0,0.0,0.0,0.0,359,0.058224088299309
0.0,0.0,0.0,0.0,358,0.058348498744393004
0.0,0.0,0.0,0.0,357,0.05847290918947699
0.0,0.0,0.0,0.0,357,0.05859731963456099
0.0,0.0,0.0,0.0,357,0.05872173007964498
0.0,0.0,0.0,0.0,357,0.058846140524728974
0.0,0.0,0.0,0.0,356,0.05897055096981296
0.0,0.0,0.0,0.0,356,0.05909496141489696
0.0,0.0,0.0,0.0,356,0.05934378230506495
0.0,0.0,0.0,0.0,356,0.059468192750148946
0.0,0.0,0.0,0.0,356,0.059592603195232935
0.0,0.0,0.0,0.0,356,0.05971701364031693
0.0,0.0,0.0,0.0,355,0.05984142408540092
0.0,0.0,0.0,0.0,362,0.059965834530484916
0.0,0.0,0.0,0.0,355,0.060090244975568904
0.0,0.0,0.0,0.0,355,0.0602146554206529
0.0,0.0,0.0,0.0,355,0.06033906586573689
0.0,0.0,0.0,0.0,356,0.06046347631082089
0.0,0.0,0.0,0.0,356,0.06058788675590488
0.0,0.0,0.0,0.0,356,0.06071229720098888
0.0,0.0,0.0,0.0,356,0.06096111809115686
0.0,0.0,0.0,0.0,356,0.06108552853624086
0.0,0.0,0.0,0.0,356,0.061209938981324846
0.0,0.0,0.0,0.0,356,0.06145875987149284
0.0,0.0,0.0,0.0,355,0.061583170316576834
0.0,0.0,0.0,0.0,355,0.06170758076166082
0.0,0.0,0.0,0.0,355,0.06183199120674482
0.0,0.0,0.0,0.0,358,0.06183199120674482
0.0,0.0,0.0,0.0,354,0.06195640165182881
0.0,0.0,0.0,0.0,361,0.0620808120969128
0.0,0.0,0.0,0.0,361,0.0620808120969128
0.0,0.0,0.0,0.0,360,0.0620808120969128
0.0,0.0,0.0,0.0,360,0.062205222541996806
0.0,0.0,0.0,0.0,360,0.062205222541996806
0.0,0.0,0.0,0.0,359,0.062205222541996806
0.0,0.0,0.0,0.0,360,0.062205222541996806
0.0,0.0,0.0,0.0,359,0.062205222541996806
0.0,0.0,0.0,0.0,360,0.062329632987080795
0.0,0.0,0.0,0.0,360,0.062329632987080795
0.0,0.0,0.0,0.0,360,0.062329632987080795
0.0,0.0,0.0,0.0,359,0.06245404343216479
0.0,0.0,0.0,0.0,359,0.06257845387724878
0.0,0.0,0.0,0.0,359,0.06270286432233278
0.0,0.0,0.0,0.0,359,0.06282727476741677
0.0,0.0,0.0,0.0,359,0.06295168521250076
0.0,0.0,0.0,0.0,358,0.06307609565758475
0.0,0.0,0.0,0.0,357,0.06307609565758475
0.0,0.0,0.0,0.0,356,0.06320050610266875
0.0,0.0,0.0,0.0,358,0.06332491654775274
0.0,0.0,0.0,0.0,358,0.06344932699283673
0.0,0.0,0.0,0.0,358,0.06357373743792073
0.0,0.0,0.0,0.0,357,0.06369814788300472
0.0,0.0,0.0,0.0,357,0.06382255832808872
0.0,0.0,0.0,0.0,356,0.06394696877317271
0.0,0.0,0.0,0.0,356,0.0640713792182567
0.0,0.0,0.0,0.0,357,0.06419578966334069
0.0,0.0,0.0,0.0,357,0.06444461055350868
0.0,0.0,0.0,0.0,357,0.06456902099859267
0.0,0.0,0.0,0.0,358,0.06469343144367667
0.0,0.0,0.0,0.0,358,0.06494225233384467
0.0,0.0,0.0,0.0,358,0.06506666277892866
0.0,0.0,0.0,0.0,358,0.06519107322401264
0.0,0.0,0.0,0.0,359,0.06531548366909663
0.0,0.0,0.0,0.0,357,0.06531548366909663
0.0,0.0,0.0,0.0,359,0.06543989411418064
0.0,0.0,0.0,0.0,357,0.06556430455926462
0.0,0.0,0.0,0.0,358,0.06556430455926462
0.0,0.0,0.0,0.0,357,0.06568871500434863
0.0,0.0,0.0,0.0,356,0.06568871500434863
0.0,0.0,0.0,0.0,358,0.06581312544943262
0.0,0.0,0.0,0.0,358,0.06581312544943262
0.0,0.0,0.0,0.0,357,0.06581312544943262
0.0,0.0,0.0,0.0,356,0.06581312544943262
0.0,0.0,0.0,0.0,354,0.0659375358945166
0.0,0.0,0.0,0.0,356,0.0659375358945166
0.0,0.0,0.0,0.0,354,0.0659375358945166
0.0,0.0,0.0,0.0,357,0.0659375358945166
0.0,0.0,0.0,0.0,356,0.0659375358945166
0.0,0.0,0.0,0.0,354,0.0659375358945166
0.0,0.0,0.0,0.0,354,0.0659375358945166
0.0,0.0,0.0,0.0,356,0.0659375358945166
0.0,0.0,0.0,0.0,356,0.0659375358945166
0.0,0.0,0.0,0.0,357,0.06606194633960061
0.0,0.0,0.0,0.0,355,0.06606194633960061
0.0,0.0,0.0,0.0,358,0.06606194633960061
0.0,0.0,0.0,0.0,358,0.0661863567846846
0.0,0.0,0.0,0.0,359,0.06631076722976859
0.0,0.0,0.0,0.0,357,0.06631076722976859
0.0,0.0,0.0,0.0,357,0.06655958811993658
0.0,0.0,0.0,0.0,355,0.06655958811993658
0.0,0.0,0.0,0.0,356,0.06680840901010457
0.0,0.0,0.0,0.0,357,0.06680840901010457
0.0,0.0,0.0,0.0,355,0.06693281945518856
0.0,0.0,0.0,0.0,355,0.06705722990027255
0.0,0.0,0.0,0.0,357,0.06718164034535654
0.0,0.0,0.0,0.0,357,0.06730605079044054
0.0,0.0,0.0,0.0,355,0.06730605079044054
0.0,0.0,0.0,0.0,357,0.06743046123552454
0.0,0.0,0.0,0.0,354,0.06743046123552454
0.0,0.0,0.0,0.0,356,0.06755487168060853
0.0,0.0,0.0,0.0,356,0.06767928212569252
0.0,0.0,0.0,0.0,356,0.06767928212569252
0.0,0.0,0.0,0.0,357,0.06780369257077651
0.0,0.0,0.0,0.0,359,0.06792810301586051
0.0,0.0,0.0,0.0,357,0.0680525134609445
0.0,0.0,0.0,0.0,358,0.06817692390602849
0.0,0.0,0.0,0.0,357,0.06830133435111248
0.0,0.0,0.0,0.0,357,0.06842574479619648
0.0,0.0,0.0,0.0,357,0.06855015524128047
0.0,0.0,0.0,0.0,356,0.06855015524128047
0.0,0.0,0.0,0.0,357,0.06867456568636447
0.0,0.0,0.0,0.0,360,0.06867456568636447
0.0,0.0,0.0,0.0,359,0.06879897613144846
0.0,0.0,0.0,0.0,359,0.06879897613144846
0.0,0.0,0.0,0.0,363,0.06879897613144846
0.0,0.0,0.0,0.0,361,0.06879897613144846
0.0,0.0,0.0,0.0,361,0.06879897613144846
0.0,0.0,0.0,0.0,361,0.06879897613144846
0.0,0.0,0.0,0.0,361,0.06879897613144846
0.0,0.0,0.0,0.0,360,0.06879897613144846
0.0,0.0,0.0,0.0,361,0.06879897613144846
0.0,0.0,0.0,0.0,360,0.06879897613144846
0.0,0.0,0.0,0.0,360,0.06892338657653245
0.0,0.0,0.0,0.0,360,0.06892338657653245
0.0,0.0,0.0,0.0,360,0.06904779702161645
0.0,0.0,0.0,0.0,361,0.06904779702161645
0.0,0.0,0.0,0.0,361,0.06917220746670044
0.0,0.0,0.0,0.0,360,0.06917220746670044
0.0,0.0,0.0,0.0,360,0.06929661791178443
0.0,0.0,0.0,0.0,360,0.06929661791178443
0.0,0.0,0.0,0.0,361,0.06942102835686842
0.0,0.0,0.0,0.0,361,0.06954543880195242
0.0,0.0,0.0,0.0,361,0.06954543880195242
0.0,0.0,0.0,0.0,360,0.06966984924703641
0.0,0.0,0.0,0.0,358,0.06966984924703641
0.0,0.0,0.0,0.0,359,0.06979425969212041
0.0,0.0,0.0,0.0,359,0.06979425969212041
0.0,0.0,0.0,0.0,361,0.06979425969212041
0.0,0.0,0.0,0.0,361,0.06979425969212041
0.0,0.0,0.0,0.0,362,0.06979425969212041
0.0,0.0,0.0,0.0,362,0.06979425969212041
0.0,0.0,0.0,0.0,362,0.0699186701372044
0.0,0.0,0.0,0.0,364,0.0699186701372044
0.0,0.0,0.0,0.0,364,0.0699186701372044
0.0,0.0,0.0,0.0,360,0.07004308058228839
0.0,0.0,0.0,0.0,360,0.07004308058228839
0.0,0.0,0.0,0.0,357,0.0701674910273724
0.0,0.0,0.0,0.0,362,0.0701674910273724
0.0,0.0,0.0,0.0,359,0.07029190147245638
0.0,0.0,0.0,0.0,358,0.07029190147245638
0.0,0.0,0.0,0.0,361,0.07029190147245638
0.0,0.0,0.0,0.0,361,0.07029190147245638
0.0,0.0,0.0,0.0,360,0.07029190147245638
0.0,0.0,0.0,0.0,361,0.07029190147245638
0.0,0.0,0.0,0.0,360,0.07029190147245638
0.0,0.0,0.0,0.0,361,0.07029190147245638
0.0,0.0,0.0,0.0,361,0.07029190147245638
0.0,0.0,0.0,0.0,361,0.07029190147245638
0.0,0.0,0.0,0.0,362,0.07029190147245638
0.0,0.0,0.0,0.0,362,0.07029190147245638
0.0,0.0,0.0,0.0,365,0.07029190147245638
0.0,0.0,0.0,0.0,364,0.07029190147245638
0.0,0.0,0.0,0.0,365,0.07029190147245638
0.0,0.0,0.0,0.0,366,0.07029190147245638
0.0,0.0,0.0,0.0,367,0.07029190147245638
0.1,0.1,0.0,0.0,364,0.07029190147245638
0.4,0.4,0.0,0.0,364,0.07029190147245638
0.6000000000000001,0.6000000000000001,0.0,0.0,364,0.07029190147245638
0.9,0.9,0.0,0.0,364,0.07041631191754039
1.1,1.1,0.0,0.0,364,0.07041631191754039
1.4000000000000001,1.4000000000000001,0.0,0.0,365,0.07041631191754039
1.7000000000000002,1.7000000000000002,0.0,0.0,368,0.07041631191754039
2.2,2.2,0.0,0.0,368,0.07041631191754039
2.5,2.5,0.0,0.0,367,0.07054072236262438
2.8000000000000003,2.8000000000000003,0.0,0.0,366,0.07054072236262438
3.1,3.1,0.0,0.0,365,0.07054072236262438
3.2,3.2,0.0,0.0,363,0.07054072236262438
3.2,3.2,0.0,0.0,359,0.07054072236262438
3.3000000000000003,3.3000000000000003,0.0,0.0,358,0.07054072236262438
3.3000000000000003,3.3000000000000003,0.0,0.0,361,0.07054072236262438
3.2,3.2,0.0,0.0,359,0.07054072236262438
3.2,3.2,0.0,0.0,355,0.07054072236262438
3.1,3.1,0.0,0.0,350,0.07054072236262438
3.2,3.2,0.0,0.0,353,0.07054072236262438
3.2,3.2,0.0,0.0,352,0.07066513280770836
3.2,3.2,0.0,0.0,354,0.07066513280770836
3.3000000000000003,3.3000000000000003,0.0,0.0,353,0.07066513280770836
3.2,3.2,0.0,0.0,352,0.07066513280770836
3.2,3.2,0.0,0.0,354,0.07066513280770836
3.2,3.2,0.0,0.0,353,0.07066513280770836
3.2,3.2,0.0,0.0,350,0.07078954325279235
3.2,3.2,0.0,0.0,350,0.07078954325279235
3.2,3.2,0.0,0.0,349,0.07078954325279235
3.2,3.2,0.0,0.0,348,0.07078954325279235
3.2,3.2,0.0,0.0,351,0.07078954325279235
3.2,3.2,0.0,0.0,349,0.07078954325279235
3.2,3.2,0.0,0.0,348,0.07091395369787636
3.2,3.2,0.0,0.0,346,0.07091395369787636
3.2,3.2,0.0,0.0,347,0.07091395369787636
3.2,3.2,0.0,0.0,342,0.07091395369787636
3.0,3.0,0.0,0.0,340,0.07091395369787636
2.8000000000000003,2.8000000000000003,0.0,0.0,340,0.07091395369787636
2.6,2.6,0.0,0.0,338,0.07091395369787636
2.5,2.5,0.0,0.0,335,0.07091395369787636
2.4000000000000004,2.4000000000000004,0.0,0.0,336,0.07091395369787636
2.3000000000000003,2.3000000000000003,0.0,0.0,333,0.07091395369787636
2.3000000000000003,2.3000000000000003,0.0,0.0,331,0.07091395369787636
2.2,2.2,0.0,0.0,328,0.07091395369787636
2.2,2.2,0.0,0.0,326,0.07091395369787636
2.2,2.2,0.0,0.0,326,0.07091395369787636
2.2,2.2,0.0,0.0,325,0.07091395369787636
2.2,2.2,0.0,0.0,322,0.07091395369787636
2.2,2.2,0.0,0.0,321,0.07091395369787636
2.2,2.2,0.0,0.0,321,0.07091395369787636
2.2,2.2,0.0,0.0,316,0.07091395369787636
2.2,2.2,0.0,0.0,315,0.07091395369787636
2.2,2.2,0.0,0.0,313,0.07091395369787636
2.2,2.2,0.0,0.0,312,0.07091395369787636
2.2,2.2,0.0,0.0,313,0.07091395369787636
2.2,2.2,0.0,0.0,311,0.07091395369787636
2.2,2.2,0.0,0.0,309,0.07091395369787636
2.2,2.2,0.0,0.0,308,0.07091395369787636
2.2,2.2,0.0,0.0,309,0.07091395369787636
2.2,2.2,0.0,0.0,308,0.07091395369787636
2.2,2.2,0.0,0.0,307,0.07091395369787636
2.2,2.2,0.0,0.0,305,0.07091395369787636
2.2,2.2,0.0,0.0,301,0.07091395369787636
2.2,2.2,0.0,0.0,304,0.07091395369787636
2.2,2.2,0.0,0.0,301,0.07091395369787636
2.2,2.2,0.0,0.0,304,0.07091395369787636
2.2,2.2,0.0,0.0,301,0.07091395369787636
2.2,2.2,0.0,0.0,302,0.07091395369787636
2.2,2.2,0.0,0.0,301,0.07091395369787636
2.1,2.1,0.0,0.0,300,0.07091395369787636
2.0,2.0,0.0,0.0,302,0.07091395369787636
1.8,1.8,0.0,0.0,300,0.07091395369787636
1.8,1.8,0.0,0.0,301,0.07091395369787636
1.7000000000000002,1.7000000000000002,0.0,0.0,300,0.07091395369787636
1.5,1.5,0.0,0.0,298,0.07091395369787636
1.5,1.5,0.0,0.0,297,0.07091395369787636
1.4000000000000001,1.4000000000000001,0.0,0.0,298,0.07091395369787636
1.3,1.3,0.0,0.0,297,0.07091395369787636
1.2000000000000002,1.2000000000000002,0.0,0.0,297,0.07091395369787636
1.1,1.1,0.0,0.0,297,0.07091395369787636
1.0,1.0,0.0,0.0,296,0.07091395369787636
0.9,0.9,0.0,0.0,298,0.07091395369787636
0.9,0.9,0.0,0.0,296,0.07091395369787636
0.8,0.8,0.0,0.0,297,0.07091395369787636
0.8,0.8,0.0,0.0,299,0.07091395369787636
0.7000000000000001,0.7000000000000001,0.0,0.0,296,0.07091395369787636
0.7000000000000001,0.7000000000000001,0.0,0.0,296,0.07091395369787636
0.6000000000000001,0.6000000000000001,0.0,0.0,299,0.07091395369787636
0.6000000000000001,0.6000000000000001,0.0,0.0,300,0.07091395369787636
0.5,0.5,0.0,0.0,301,0.07091395369787636
0.5,0.5,0.0,0.0,300,0.07091395369787636
0.4,0.4,0.0,0.0,298,0.07091395369787636
0.4,0.4,0.0,0.0,298,0.07091395369787636
0.4,0.4,0.0,0.0,300,0.07091395369787636
0.4,0.4,0.0,0.0,300,0.07091395369787636
0.4,0.4,0.0,0.0,298,0.07078954325279235
0.30000000000000004,0.30000000000000004,0.0,0.0,302,0.07078954325279235
0.30000000000000004,0.30000000000000004,0.0,0.0,301,0.07091395369787636
0.30000000000000004,0.30000000000000004,0.0,0.0,300,0.07091395369787636
0.30000000000000004,0.30000000000000004,0.0,0.0,301,0.07078954325279235
0.30000000000000004,0.30000000000000004,0.0,0.0,300,0.07091395369787636
0.30000000000000004,0.30000000000000004,0.0,0.0,299,0.07091395369787636
0.30000000000000004,0.30000000000000004,0.0,0.0,301,0.07078954325279235
0.30000000000000004,0.30000000000000004,0.0,0.0,299,0.07078954325279235
0.30000000000000004,0.30000000000000004,0.0,0.0,301,0.07091395369787636
0.30000000000000004,0.30000000000000004,0.0,0.0,303,0.07078954325279235
0.30000000000000004,0.30000000000000004,0.0,0.0,304,0.07078954325279235
0.2,0.2,0.0,0.0,305,0.07078954325279235
0.2,0.2,0.0,0.0,305,0.07078954325279235
0.2,0.2,0.0,0.0,305,0.07078954325279235
0.2,0.2,0.0,0.0,307,0.07078954325279235
0.2,0.2,0.0,0.0,306,0.07078954325279235
0.2,0.2,0.0,0.0,310,0.07078954325279235
0.2,0.2,0.0,0.0,309,0.07078954325279235
0.2,0.2,0.0,0.0,311,0.07078954325279235
0.30000000000000004,0.30000000000000004,0.0,0.0,310,0.07078954325279235
0.5,0.5,0.0,0.0,313,0.07078954325279235
0.6000000000000001,0.6000000000000001,0.0,0.0,313,0.07078954325279235
0.8,0.8,0.0,0.0,312,0.07078954325279235
1.0,1.0,0.0,0.0,312,0.07078954325279235
1.3,1.3,0.0,0.0,312,0.07078954325279235
1.5,1.5,0.0,0.0,313,0.07078954325279235
1.6,1.6,0.0,0.0,313,0.07078954325279235
1.6,1.6,0.0,0.0,312,0.07078954325279235
1.8,1.8,0.0,0.0,314,0.07078954325279235
1.9000000000000001,1.9000000000000001,0.0,0.0,315,0.07078954325279235
1.9000000000000001,1.9000000000000001,0.0,0.0,316,0.07078954325279235
1.9000000000000001,1.9000000000000001,0.0,0.0,315,0.07078954325279235
1.9000000000000001,1.9000000000000001,0.0,0.0,317,0.07078954325279235
1.9000000000000001,1.9000000000000001,0.0,0.0,316,0.07078954325279235
1.9000000000000001,1.9000000000000001,0.0,0.0,315,0.07078954325279235
2.0,2.0,0.0,0.0,318,0.07078954325279235
2.0,2.0,0.0,0.0,318,0.07078954325279235
2.0,2.0,0.0,0.0,317,0.07078954325279235
2.2,2.2,0.0,0.0,318,0.07078954325279235
2.2,2.2,0.0,0.0,320,0.07078954325279235
2.2,2.2,0.0,0.0,320,0.07078954325279235
2.3000000000000003,2.3000000000000003,0.0,0.0,320,0.07078954325279235
2.4000000000000004,2.4000000000000004,0.0,0.0,319,0.07078954325279235
2.5,2.5,0.0,0.0,318,0.07078954325279235
2.5,2.5,0.0,0.0,319,0.07078954325279235
2.4000000000000004,2.4000000000000004,0.0,0.0,319,0.07078954325279235
2.4000000000000004,2.4000000000000004,0.0,0.0,319,0.07078954325279235
2.4000000000000004,2.4000000000000004,0.0,0.0,318,0.07078954325279235
2.5,2.5,0.0,0.0,318,0.07078954325279235
2.5,2.5,0.0,0.0,316,0.07078954325279235
2.5,2.5,0.0,0.0,317,0.07078954325279235
2.5,2.5,0.0,0.0,315,0.07078954325279235
2.5,2.5,0.0,0.0,316,0.07078954325279235
2.5,2.5,0.0,0.0,314,0.07078954325279235
2.5,2.5,0.0,0.0,315,0.07078954325279235
2.6,2.6,0.0,0.0,316,0.07078954325279235
2.6,2.6,0.0,0.0,318,0.07078954325279235
2.6,2.6,0.0,0.0,317,0.07078954325279235
2.5,2.5,0.0,0.0,317,0.07078954325279235
2.5,2.5,0.0,0.0,318,0.07078954325279235
2.5,2.5,0.0,0.0,317,0.07078954325279235
2.5,2.5,0.0,0.0,317,0.07078954325279235
2.5,2.5,0.0,0.0,317,0.07078954325279235
2.5,2.5,0.0,0.0,316,0.07078954325279235
2.5,2.5,0.0,0.0,315,0.07078954325279235
2.5,2.5,0.0,0.0,315,0.07078954325279235
2.5,2.5,0.0,0.0,313,0.07078954325279235
2.5,2.5,0.0,0.0,315,0.07078954325279235
2.5,2.5,0.0,0.0,314,0.07078954325279235
2.5,2.5,0.0,0.0,312,0.07078954325279235
2.5,2.5,0.0,0.0,310,0.07078954325279235
2.5,2.5,0.0,0.0,310,0.07078954325279235
2.5,2.5,0.0,0.0,311,0.07078954325279235
2.5,2.5,0.0,0.0,310,0.07078954325279235
2.5,2.5,0.0,0.0,309,0.07078954325279235
2.5,2.5,0.0,0.0,308,0.07078954325279235
2.5,2.5,0.0,0.0,309,0.07078954325279235
2.5,2.5,0.0,0.0,310,0.07078954325279235
2.5,2.5,0.0,0.0,309,0.07078954325279235
2.5,2.5,0.0,0.0,309,0.07078954325279235
2.5,2.5,0.0,0.0,309,0.07078954325279235
2.5,2.5,0.0,0.0,308,0.07078954325279235
2.5,2.5,0.0,0.0,309,0.07078954325279235
2.5,2.5,0.0,0.0,308,0.07078954325279235
2.5,2.5,0.0,0.0,307,0.07078954325279235
2.5,2.5,0.0,0.0,306,0.07078954325279235
2.5,2.5,0.0,0.0,305,0.07078954325279235
2.5,2.5,0.0,0.0,305,0.07078954325279235
2.5,2.5,0.0,0.0,305,0.07078954325279235
2.5,2.5,0.0,0.0,304,0.07078954325279235
2.4000000000000004,2.4000000000000004,0.0,0.0,303,0.07078954325279235
2.4000000000000004,2.4000000000000004,0.0,0.0,302,0.07078954325279235
2.3000000000000003,2.3000000000000003,0.0,0.0,301,0.07078954325279235
2.3000000000000003,2.3000000000000003,0.0,0.0,300,0.07078954325279235
2.3000000000000003,2.3000000000000003,0.0,0.0,300,0.07078954325279235
2.3000000000000003,2.3000000000000003,0.0,0.0,299,0.07078954325279235
2.3000000000000003,2.3000000000000003,0.0,0.0,299,0.07078954325279235
2.3000000000000003,2.3000000000000003,0.0,0.0,298,0.07078954325279235
2.3000000000000003,2.3000000000000003,0.0,0.0,297,0.07078954325279235
2.3000000000000003,2.3000000000000003,0.0,0.0,297,0.07066513280770836
2.3000000000000003,2.3000000000000003,0.0,0.0,298,0.07066513280770836
2.3000000000000003,2.3000000000000003,0.0,0.0,296,0.07066513280770836
2.3000000000000003,2.3000000000000003,0.0,0.0,297,0.07066513280770836
2.3000000000000003,2.3000000000000003,0.0,0.0,296,0.07066513280770836
2.3000000000000003,2.3000000000000003,0.0,0.0,296,0.07066513280770836
2.3000000000000003,2.3000000000000003,0.0,0.0,295,0.07066513280770836
2.3000000000000003,2.3000000000000003,0.0,0.0,294,0.07066513280770836
2.3000000000000003,2.3000000000000003,0.0,0.0,294,0.07066513280770836
2.3000000000000003,2.3000000000000003,0.0,0.0,292,0.07066513280770836
2.3000000000000003,2.3000000000000003,0.0,0.0,293,0.07066513280770836
2.3000000000000003,2.3000000000000003,0.0,0.0,292,0.07066513280770836
2.3000000000000003,2.3000000000000003,0.0,0.0,293,0.07066513280770836
2.3000000000000003,2.3000000000000003,0.0,0.0,292,0.07066513280770836
2.3000000000000003,2.3000000000000003,0.0,0.0,292,0.07066513280770836
2.3000000000000003,2.3000000000000003,0.0,0.0,291,0.07066513280770836
2.3000000000000003,2.3000000000000003,0.0,0.0,289,0.07066513280770836
2.3000000000000003,2.3000000000000003,0.0,0.0,289,0.07066513280770836
2.3000000000000003,2.3000000000000003,0.0,0.0,288,0.07066513280770836
2.3000000000000003,2.3000000000000003,0.0,0.0,288,0.07066513280770836
2.3000000000000003,2.3000000000000003,0.0,0.0,288,0.07066513280770836
2.3000000000000003,2.3000000000000003,0.0,0.0,288,0.07066513280770836
2.3000000000000003,2.3000000000000003,0.0,0.0,286,0.07066513280770836
2.3000000000000003,2.3000000000000003,0.0,0.0,287,0.07066513280770836
2.3000000000000003,2.3000000000000003,0.0,0.0,287,0.07054072236262438
2.3000000000000003,2.3000000000000003,0.0,0.0,287,0.07054072236262438
2.3000000000000003,2.3000000000000003,0.0,0.0,287,0.07054072236262438
2.3000000000000003,2.3000000000000003,0.0,0.0,287,0.07041631191754039
2.3000000000000003,2.3000000000000003,0.0,0.0,287,0.07041631191754039
2.3000000000000003,2.3000000000000003,0.0,0.0,286,0.07029190147245638
2.3000000000000003,2.3000000000000003,0.0,0.0,286,0.07029190147245638
2.3000000000000003,2.3000000000000003,0.0,0.0,286,0.07029190147245638
2.3000000000000003,2.3000000000000003,0.0,0.0,285,0.0701674910273724
2.3000000000000003,2.3000000000000003,0.0,0.0,285,0.0701674910273724
2.3000000000000003,2.3000000000000003,0.0,0.0,283,0.0701674910273724
2.3000000000000003,2.3000000000000003,0.0,0.0,285,0.0701674910273724
2.3000000000000003,2.3000000000000003,0.0,0.0,283,0.0701674910273724
2.1,2.1,0.0,0.0,282,0.0701674910273724
1.9000000000000001,1.9000000000000001,0.0,0.0,281,0.0701674910273724
1.8,1.8,0.0,0.0,281,0.0701674910273724
1.8,1.8,0.0,0.0,281,0.0701674910273724
1.8,1.8,0.0,0.0,281,0.0701674910273724
1.7000000000000002,1.7000000000000002,0.0,0.0,282,0.0701674910273724
1.7000000000000002,1.7000000000000002,0.0,0.0,281,0.0701674910273724
1.6,1.6,0.0,0.0,281,0.0701674910273724
1.6,1.6,0.0,0.0,281,0.0701674910273724
1.5,1.5,0.0,0.0,281,0.0701674910273724
1.5,1.5,0.0,0.0,280,0.0701674910273724
1.5,1.5,0.0,0.0,280,0.0701674910273724
1.5,1.5,0.0,0.0,279,0.0701674910273724
1.5,1.5,0.0,0.0,280,0.0701674910273724
1.5,1.5,0.0,0.0,279,0.07004308058228839
1.5,1.5,0.0,0.0,278,0.07004308058228839
1.5,1.5,0.0,0.0,278,0.07004308058228839
1.5,1.5,0.0,0.0,277,0.07004308058228839
1.5,1.5,0.0,0.0,278,0.07004308058228839
1.5,1.5,0.0,0.0,277,0.0699186701372044
1.5,1.5,0.0,0.0,276,0.06979425969212041
1.5,1.5,0.0,0.0,275,0.06979425969212041
1.5,1.5,0.0,0.0,275,0.06979425969212041
1.5,1.5,0.0,0.0,275,0.06966984924703641
1.5,1.5,0.0,0.0,275,0.06966984924703641
1.5,1.5,0.0,0.0,274,0.06954543880195242
1.5,1.5,0.0,0.0,274,0.06954543880195242
1.5,1.5,0.0,0.0,275,0.06954543880195242
1.5,1.5,0.0,0.0,274,0.06954543880195242
1.5,1.5,0.0,0.0,275,0.06954543880195242
1.5,1.5,0.0,0.0,274,0.06954543880195242
1.5,1.5,0.0,0.0,274,0.06954543880195242
1.5,1.5,0.0,0.0,274,0.06954543880195242
1.5,1.5,0.0,0.0,275,0.06954543880195242
1.5,1.5,0.0,0.0,274,0.06954543880195242
1.5,1.5,0.0,0.0,274,0.06954543880195242
1.5,1.5,0.0,0.0,274,0.06954543880195242
1.5,1.5,0.0,0.0,274,0.06954543880195242
1.5,1.5,0.0,0.0,273,0.06954543880195242
1.5,1.5,0.0,0.0,274,0.06954543880195242
1.5,1.5,0.0,0.0,273,0.06954543880195242
1.5,1.5,0.0,0.0,273,0.06954543880195242
1.5,1.5,0.0,0.0,273,0.06954543880195242
1.5,1.5,0.0,0.0,273,0.06954543880195242
1.5,1.5,0.0,0.0,274,0.06954543880195242
1.5,1.5,0.0,0.0,272,0.06954543880195242
1.5,1.5,0.0,0.0,274,0.06954543880195242
1.5,1.5,0.0,0.0,273,0.06954543880195242
1.5,1.5,0.0,0.0,272,0.06954543880195242
1.5,1.5,0.0,0.0,272,0.06954543880195242
1.5,1.5,0.0,0.0,273,0.06954543880195242
1.5,1.5,0.0,0.0,271,0.06954543880195242
1.5,1.5,0.0,0.0,272,0.06954543880195242
1.5,1.5,0.0,0.0,273,0.06954543880195242
1.5,1.5,0.0,0.0,273,0.06954543880195242
1.5,1.5,0.0,0.0,273,0.06954543880195242
1.5,1.5,0.0,0.0,271,0.06954543880195242
1.5,1.5,0.0,0.0,273,0.06954543880195242
1.5,1.5,0.0,0.0,272,0.06942102835686842
1.5,1.5,0.0,0.0,271,0.06942102835686842
1.5,1.5,0.0,0.0,272,0.06942102835686842
1.5,1.5,0.0,0.0,271,0.06942102835686842
1.5,1.5,0.0,0.0,271,0.06942102835686842
1.5,1.5,0.0,0.0,270,0.06942102835686842
1.5,1.5,0.0,0.0,270,0.06942102835686842
1.5,1.5,0.0,0.0,272,0.06942102835686842
1.5,1.5,0.0,0.0,271,0.06942102835686842
1.5,1.5,0.0,0.0,272,0.06942102835686842
1.5,1.5,0.0,0.0,272,0.06942102835686842
1.5,1.5,0.0,0.0,272,0.06942102835686842
1.5,1.5,0.0,0.0,272,0.06942102835686842
1.5,1.5,0.0,0.0,273,0.06942102835686842
1.5,1.5,0.0,0.0,272,0.06942102835686842
1.5,1.5,0.0,0.0,272,0.06942102835686842
1.5,1.5,0.0,0.0,272,0.06942102835686842
1.5,1.5,0.0,0.0,271,0.06942102835686842
1.5,1.5,0.0,0.0,271,0.06942102835686842
1.5,1.5,0.0,0.0,271,0.06942102835686842
1.5,1.5,0.0,0.0,272,0.06942102835686842
1.5,1.5,0.0,0.0,271,0.06942102835686842
1.5,1.5,0.0,0.0,272,0.06942102835686842
1.5,1.5,0.0,0.0,272,0.06942102835686842
1.5,1.5,0.0,0.0,272,0.06942102835686842
1.5,1.5,0.0,0.0,272,0.06942102835686842
1.5,1.5,0.0,0.0,273,0.06942102835686842
1.5,1.5,0.0,0.0,272,0.06942102835686842
1.5,1.5,0.0,0.0,272,0.06942102835686842
1.5,1.5,0.0,0.0,274,0.06942102835686842
1.5,1.5,0.0,0.0,273,0.06942102835686842
1.5,1.5,0.0,0.0,274,0.06942102835686842
1.5,1.5,0.0,0.0,273,0.06942102835686842
1.5,1.5,0.0,0.0,273,0.06942102835686842
1.5,1.5,0.0,0.0,273,0.06942102835686842
1.5,1.5,0.0,0.0,272,0.06942102835686842
1.5,1.5,0.0,0.0,272,0.06942102835686842
1.5,1.5,0.0,0.0,273,0.06942102835686842
1.5,1.5,0.0,0.0,273,0.06942102835686842
1.5,1.5,0.0,0.0,273,0.06942102835686842
1.5,1.5,0.0,0.0,273,0.06942102835686842
1.5,1.5,0.0,0.0,275,0.06942102835686842
1.5,1.5,0.0,0.0,275,0.06942102835686842
1.5,1.5,0.0,0.0,275,0.06942102835686842
1.5,1.5,0.0,0.0,274,0.06942102835686842
1.5,1.5,0.0,0.0,274,0.06942102835686842
1.5,1.5,0.0,0.0,275,0.06942102835686842
1.5,1.5,0.0,0.0,276,0.06942102835686842
1.6,1.6,0.0,0.0,275,0.06942102835686842
1.7000000000000002,1.7000000000000002,0.0,0.0,275,0.06942102835686842
1.7000000000000002,1.7000000000000002,0.0,0.0,275,0.06942102835686842
1.9000000000000001,1.9000000000000001,0.0,0.0,275,0.06942102835686842
1.9000000000000001,1.9000000000000001,0.0,0.0,276,0.06942102835686842
1.9000000000000001,1.9000000000000001,0.0,0.0,277,0.06942102835686842
1.9000000000000001,1.9000000000000001,0.0,0.0,277,0.06942102835686842
1.9000000000000001,1.9000000000000001,0.0,0.0,275,0.06942102835686842
1.9000000000000001,1.9000000000000001,0.0,0.0,274,0.06942102835686842
1.9000000000000001,1.9000000000000001,0.0,0.0,276,0.06942102835686842
1.8,1.8,0.0,0.0,278,0.06942102835686842
1.8,1.8,0.0,0.0,276,0.06942102835686842
1.8,1.8,0.0,0.0,276,0.06942102835686842
1.8,1.8,0.0,0.0,278,0.06942102835686842
1.8,1.8,0.0,0.0,277,0.06942102835686842
1.8,1.8,0.0,0.0,277,0.06942102835686842
1.8,1.8,0.0,0.0,277,0.06942102835686842
1.8,1.8,0.0,0.0,276,0.06942102835686842
1.8,1.8,0.0,0.0,277,0.06942102835686842
1.8,1.8,0.0,0.0,277,0.06942102835686842
1.8,1.8,0.0,0.0,277,0.06942102835686842
1.8,1.8,0.0,0.0,279,0.06942102835686842
1.8,1.8,0.0,0.0,279,0.06942102835686842
1.8,1.8,0.0,0.0,278,0.06942102835686842
1.8,1.8,0.0,0.0,278,0.06942102835686842
1.8,1.8,0.0,0.0,278,0.06942102835686842
1.8,1.8,0.0,0.0,277,0.06942102835686842
1.8,1.8,0.0,0.0,277,0.06942102835686842
1.8,1.8,0.0,0.0,278,0.06942102835686842
1.8,1.8,0.0,0.0,277,0.06942102835686842
1.8,1.8,0.0,0.0,275,0.06942102835686842
1.8,1.8,0.0,0.0,277,0.06942102835686842
1.8,1.8,0.0,0.0,277,0.06942102835686842
1.6,1.6,0.0,0.0,277,0.06942102835686842
1.5,1.5,0.0,0.0,277,0.06942102835686842
1.4000000000000001,1.4000000000000001,0.0,0.0,276,0.06942102835686842
1.4000000000000001,1.4000000000000001,0.0,0.0,277,0.06954543880195242
1.6,1.6,0.0,0.0,277,0.06954543880195242
1.9000000000000001,1.9000000000000001,0.0,0.0,277,0.06954543880195242
2.2,2.2,0.0,0.0,278,0.06954543880195242
2.6,2.6,0.0,0.0,278,0.06954543880195242
2.9000000000000004,2.9000000000000004,0.0,0.0,279,0.06954543880195242
3.1,3.1,0.0,0.0,280,0.06954543880195242
3.8000000000000003,3.8000000000000003,0.0,0.0,279,0.06954543880195242
4.4,4.4,0.0,0.0,280,0.06954543880195242
5.2,5.2,0.0,0.0,279,0.06954543880195242
6.2,6.2,0.0,0.0,279,0.06954543880195242
7.2,7.2,0.0,0.0,278,0.06954543880195242
8.1,8.1,0.0,0.0,278,0.06954543880195242
9.1,9.1,0.0,0.0,278,0.06954543880195242
10.0,10.0,0.0,0.0,278,0.06954543880195242
11.100000000000001,11.100000000000001,0.0,0.0,277,0.06954543880195242
11.700000000000001,11.700000000000001,0.0,0.0,277,0.06954543880195242
11.700000000000001,11.700000000000001,0.0,0.0,277,0.06954543880195242
11.600000000000001,11.600000000000001,0.0,0.0,277,0.06954543880195242
11.3,11.3,0.0,0.0,275,0.06942102835686842
10.8,10.8,0.0,0.0,273,0.06942102835686842
10.3,10.3,0.0,0.0,274,0.06942102835686842
9.700000000000001,9.700000000000001,0.0,0.0,267,0.06942102835686842
9.200000000000001,9.200000000000001,0.0,0.0,256,0.06942102835686842
8.700000000000001,8.700000000000001,0.0,0.0,239,0.06942102835686842
8.200000000000001,8.200000000000001,0.0,0.0,209,0.06942102835686842
7.800000000000001,7.800000000000001,0.0,0.0,191,0.06942102835686842
7.300000000000001,7.300000000000001,0.0,0.0,171,0.06942102835686842
6.800000000000001,6.800000000000001,0.0,0.0,154,0.06929661791178443
6.2,6.2,0.0,0.0,147,0.06929661791178443
5.6000000000000005,5.6000000000000005,0.0,0.0,127,0.06929661791178443
5.1000000000000005,5.1000000000000005,0.0,0.0,108,0.06929661791178443
4.7,4.7,0.0,0.0,96,0.06929661791178443
4.7,4.7,0.0,0.0,93,0.06929661791178443
4.7,4.7,0.0,0.0,91,0.06929661791178443
4.7,4.7,0.0,0.0,84,0.06929661791178443
4.2,4.2,0.0,0.0,84,0.06929661791178443
3.8000000000000003,3.8000000000000003,0.0,0.0,79,0.06929661791178443
3.4000000000000004,3.4000000000000004,0.0,0.0,77,0.06929661791178443
3.2,3.2,0.0,0.0,73,0.06929661791178443
3.1,3.1,0.0,0.0,76,0.06917220746670044
2.9000000000000004,2.9000000000000004,0.0,0.0,79,0.06917220746670044
2.9000000000000004,2.9000000000000004,0.0,0.0,81,0.06904779702161645
2.8000000000000003,2.8000000000000003,0.0,0.0,78,0.06904779702161645
2.8000000000000003,2.8000000000000003,0.0,0.0,80,0.06904779702161645
2.8000000000000003,2.8000000000000003,0.0,0.0,79,0.06892338657653245
3.0,3.0,0.0,0.0,81,0.06892338657653245
3.2,3.2,0.0,0.0,81,0.06879897613144846
3.4000000000000004,3.4000000000000004,0.0,0.0,82,0.06879897613144846
3.5,3.5,0.0,0.0,81,0.06879897613144846
3.6,3.6,0.0,0.0,78,0.06879897613144846
3.6,3.6,0.0,0.0,72,0.06879897613144846
3.7,3.7,0.0,0.0,69,0.06879897613144846
3.9000000000000004,3.9000000000000004,0.0,0.0,67,0.06867456568636447
3.8000000000000003,3.8000000000000003,0.0,0.0,66,0.06867456568636447
3.6,3.6,0.0,0.0,64,0.06855015524128047
3.9000000000000004,3.9000000000000004,0.0,0.0,59,0.06842574479619648
4.1000000000000005,4.1000000000000005,0.0,0.0,54,0.06830133435111248
4.3,4.3,0.0,0.0,44,0.06830133435111248
4.5,4.5,0.0,0.0,35,0.06817692390602849
4.2,4.2,0.0,0.0,29,0.06817692390602849
4.4,4.4,0.0,0.0,25,0.06817692390602849
4.1000000000000005,4.1000000000000005,0.0,0.0,20,0.06817692390602849
3.8000000000000003,3.8000000000000003,0.0,0.0,16,0.0680525134609445
4.4,4.4,0.0,0.0,12,0.0680525134609445
5.300000000000001,5.300000000000001,0.2,0.2,8,0.0680525134609445
6.7,6.7,1.0,1.0,5,0.06792810301586051
6.6000000000000005,6.6000000000000005,2.4000000000000004,2.4000000000000004,3,0.06792810301586051
8.200000000000001,8.200000000000001,4.0,4.0,2,0.06780369257077651
8.200000000000001,8.200000000000001,6.300000000000001,6.300000000000001,0,0.06767928212569252
10.100000000000001,10.100000000000001,8.200000000000001,8.200000000000001,-1,0.06755487168060853
10.100000000000001,10.100000000000001,11.100000000000001,11.100000000000001,-2,0.06743046123552454
12.700000000000001,13.4,11.100000000000001,12.700000000000001,-3,0.06730605079044054
12.700000000000001,13.4,11.100000000000001,16.0,-4,0.06718164034535654
16.2,17.0,8.200000000000001,15.8,-5,0.06718164034535654
16.2,17.0,6.300000000000001,19.5,-5,0.06705722990027255
16.2,17.0,5.0,24.0,-6,0.06693281945518856
16.2,17.0,5.0,28.5,-6,0.06693281945518856
16.2,17.0,5.0,33.6,-6,0.06680840901010457
19.700000000000003,17.0,5.0,37.1,-7,0.06668399856502057
17.900000000000002,17.0,5.0,37.0,-7,0.06655958811993658
17.900000000000002,20.3,5.0,36.7,-7,0.06643517767485257
17.900000000000002,18.8,5.0,36.5,-7,0.06643517767485257
17.900000000000002,18.8,5.0,36.2,-7,0.06631076722976859
19.6,18.8,5.0,30.5,-8,0.0661863567846846
19.6,22.8,5.0,30.5,-9,0.0661863567846846
19.6,20.1,5.0,30.5,-8,0.06606194633960061
19.6,20.1,5.0,30.5,-9,0.06606194633960061
19.6,20.1,5.0,30.5,-9,0.0659375358945166
23.5,20.1,5.0,26.0,-9,0.06581312544943262
21.700000000000003,23.400000000000002,5.0,26.0,-10,0.06568871500434863
21.700000000000003,23.400000000000002,5.0,26.0,-10,0.06556430455926462
21.700000000000003,23.400000000000002,5.0,26.0,-10,0.06556430455926462
25.700000000000003,23.400000000000002,5.0,25.400000000000002,-11,0.06543989411418064
25.700000000000003,23.400000000000002,5.0,25.400000000000002,-11,0.06531548366909663
25.700000000000003,27.400000000000002,5.0,25.400000000000002,-11,0.06531548366909663
22.1,25.200000000000003,5.0,25.400000000000002,-11,0.06531548366909663
18.8,25.200000000000003,5.0,25.400000000000002,-12,0.06519107322401264
16.0,26.400000000000002,7.7,25.400000000000002,-12,0.06519107322401264
13.600000000000001,24.900000000000002,10.5,25.400000000000002,-13,0.06506666277892866
11.5,25.3,13.600000000000001,25.400000000000002,-13,0.06494225233384467
11.5,27.5,14.8,25.400000000000002,-13,0.06494225233384467
11.5,30.3,14.8,25.400000000000002,-13,0.06481784188876066
11.5,30.3,14.8,25.400000000000002,-14,0.06469343144367667
11.5,30.3,14.8,25.400000000000002,-14,0.06469343144367667
16.7,30.3,14.8,15.8,-15,0.06456902099859267
18.0,28.8,18.400000000000002,17.1,-15,0.06444461055350868
18.0,29.1,22.6,21.0,-15,0.0643202001084247
18.0,29.700000000000003,26.1,25.6,-15,0.06419578966334069
18.0,31.8,26.1,25.6,-15,0.0640713792182567
18.0,31.8,26.1,25.6,-16,0.06382255832808872
22.0,31.8,19.3,14.3,-16,0.06369814788300472
22.0,31.8,14.600000000000001,10.9,-16,0.06357373743792073
22.0,31.8,11.0,8.3,-16,0.06344932699283673
23.6,31.700000000000003,8.3,6.5,-16,0.06344932699283673
25.200000000000003,31.700000000000003,6.4,5.800000000000001,-16,0.06332491654775274
26.700000000000003,32.0,6.4,5.800000000000001,-16,0.06320050610266875
26.700000000000003,32.1,6.4,5.800000000000001,-16,0.06320050610266875
26.700000000000003,32.5,6.4,5.800000000000001,-16,0.06307609565758475
26.700000000000003,32.800000000000004,6.4,5.800000000000001,-16,0.06295168521250076
24.900000000000002,31.3,9.1,8.6,-17,0.06282727476741677
23.400000000000002,31.5,10.600000000000001,11.5,-16,0.06257845387724878
23.400000000000002,32.7,10.600000000000001,11.5,-16,0.06257845387724878
23.400000000000002,33.800000000000004,10.600000000000001,11.5,-16,0.06245404343216479
23.400000000000002,34.4,10.600000000000001,11.5,-16,0.062329632987080795
23.400000000000002,34.6,10.600000000000001,11.5,-17,0.062205222541996806
23.6,35.0,8.0,14.600000000000001,-16,0.0620808120969128
24.200000000000003,35.300000000000004,6.2,18.2,-16,0.06195640165182881
25.400000000000002,35.6,6.2,21.6,-16,0.06183199120674482
27.0,35.6,6.2,24.700000000000003,-16,0.06170758076166082
29.0,36.0,6.2,27.5,-16,0.061583170316576834
31.400000000000002,36.2,6.2,30.200000000000003,-16,0.06145875987149284
34.2,36.6,6.2,33.300000000000004,-16,0.06145875987149284
36.800000000000004,36.800000000000004,6.2,33.300000000000004,-16,0.06133434942640885
36.9,36.9,6.2,33.300000000000004,-20,0.061209938981324846
37.2,37.2,6.2,33.300000000000004,-20,0.061209938981324846
37.4,37.4,6.2,33.300000000000004,-21,0.06108552853624086
32.300000000000004,37.6,6.2,33.300000000000004,-17,0.06096111809115686
27.8,37.6,6.2,33.300000000000004,-16,0.06083670764607287
24.0,38.1,6.2,33.300000000000004,-17,0.06071229720098888
20.5,38.5,6.2,33.300000000000004,-16,0.06058788675590488
17.5,38.5,6.2,33.300000000000004,-16,0.06046347631082089
17.5,37.800000000000004,8.9,33.300000000000004,-16,0.06033906586573689
17.5,37.2,11.9,33.300000000000004,-16,0.0602146554206529
17.5,36.4,15.100000000000001,33.300000000000004,-16,0.060090244975568904
17.5,38.400000000000006,15.100000000000001,33.300000000000004,-17,0.059965834530484916
23.400000000000002,38.400000000000006,16.6,21.0,-16,0.05984142408540092
25.1,38.400000000000006,16.6,21.0,-16,0.05971701364031693
27.400000000000002,38.5,16.6,21.0,-16,0.059592603195232935
27.400000000000002,38.5,16.6,21.0,-17,0.059468192750148946
27.400000000000002,38.800000000000004,20.3,25.6,-17,0.05934378230506495
27.400000000000002,38.800000000000004,24.900000000000002,25.6,-17,0.05921937185998095
27.400000000000002,38.800000000000004,25.6,25.6,-16,0.05909496141489696
30.0,38.900000000000006,25.6,25.6,-17,0.05909496141489696
33.2,39.0,25.6,25.6,-17,0.058846140524728974
33.2,39.6,25.6,25.6,-17,0.058846140524728974
35.9,40.0,18.900000000000002,18.7,-17,0.05872173007964498
38.5,40.1,14.3,14.100000000000001,-18,0.05859731963456099
38.5,40.1,10.8,10.600000000000001,-18,0.05859731963456099
40.800000000000004,40.1,8.200000000000001,8.1,-18,0.05847290918947699
43.1,40.1,6.4,6.2,-18,0.058348498744393004
43.1,40.2,6.4,6.2,-18,0.058224088299309
42.400000000000006,40.2,6.4,6.2,-18,0.05809967785422501
40.0,38.0,9.3,9.200000000000001,-19,0.05785085696405702
41.400000000000006,39.300000000000004,10.100000000000001,10.0,-19,0.05772644651897303
43.0,39.7,10.100000000000001,10.0,-19,0.057602036073889036
44.5,39.800000000000004,10.100000000000001,10.0,-20,0.05747762562880505
43.400000000000006,40.0,10.100000000000001,10.0,-20,0.057228804738637055
42.6,40.2,10.100000000000001,10.0,-20,0.057228804738637055
40.400000000000006,38.1,13.200000000000001,13.3,-21,0.05710439429355306
38.400000000000006,36.300000000000004,16.6,16.5,-20,0.05697998384846907
36.800000000000004,37.2,16.6,20.200000000000003,-20,0.056855573403385075
35.4,38.0,16.6,24.8,-20,0.056855573403385075
34.9,39.5,16.6,28.900000000000002,-20,0.056731162958301086
35.0,40.0,16.6,32.1,-20,0.05660675251321709
35.6,40.0,16.6,34.1,-20,0.05648234206813309
36.2,39.900000000000006,16.6,35.4,-20,0.0563579316230491
36.800000000000004,39.900000000000006,16.6,36.4,-20,0.0562335211779651
37.9,39.800000000000004,16.6,36.4,-20,0.056109110732881114
39.0,39.800000000000004,16.6,36.4,-20,0.05598470028779712
39.800000000000004,39.800000000000004,16.6,36.4,-19,0.05586028984271313
39.800000000000004,39.800000000000004,16.6,36.4,-19,0.05573587939762913
39.800000000000004,39.800000000000004,16.6,36.4,-19,0.055611468952545144
39.800000000000004,39.800000000000004,16.6,36.4,-19,0.055611468952545144
39.7,39.7,16.6,36.4,-19,0.05548705850746115
39.7,39.7,16.6,36.4,-19,0.055362648062377146
39.6,39.6,16.6,36.4,-18,0.055362648062377146
39.6,39.6,16.6,36.4,-19,0.05523823761729316
39.7,39.6,16.6,36.4,-19,0.05523823761729316
39.800000000000004,39.6,16.6,36.4,-19,0.05523823761729316
39.800000000000004,39.6,16.6,36.4,-19,0.05511382717220916
39.800000000000004,39.6,16.6,36.4,-19,0.05511382717220916
39.800000000000004,39.6,16.6,36.4,-20,0.05498941672712517
39.800000000000004,39.6,16.6,36.4,-19,0.054865006282041176
39.800000000000004,39.6,16.6,36.4,-18,0.05474059583695719
39.800000000000004,39.6,16.6,36.4,-18,0.05461618539187319
39.800000000000004,39.6,16.6,36.4,-18,0.0543673645017052
39.800000000000004,39.6,16.6,36.4,-18,0.05424295405662121
39.800000000000004,39.6,16.6,36.4,-18,0.054118543611537215
39.800000000000004,39.6,16.6,36.4,-18,0.05399413316645322
39.800000000000004,39.6,16.6,36.4,-18,0.05399413316645322
39.800000000000004,39.6,16.6,36.4,-17,0.05386972272136923
39.800000000000004,39.6,16.6,36.4,-17,0.05386972272136923
39.800000000000004,39.6,16.6,36.4,-18,0.053745312276285234
39.800000000000004,39.6,16.6,36.4,-18,0.053745312276285234
39.800000000000004,39.6,16.6,36.4,-18,0.053620901831201245
39.800000000000004,39.6,16.6,36.4,-18,0.05349649138611724
39.800000000000004,39.6,16.6,36.4,-18,0.053372080941033254
39.800000000000004,39.6,16.6,36.4,-18,0.05324767049594926
39.800000000000004,39.6,16.6,36.4,-18,0.05324767049594926
39.800000000000004,39.6,16.6,36.4,-18,0.05312326005086527
39.800000000000004,39.6,16.6,36.4,-18,0.05299884960578127
39.800000000000004,39.6,16.6,36.4,-18,0.052874439160697284
39.800000000000004,39.6,16.6,36.4,-18,0.05275002871561329
39.800000000000004,39.6,16.6,36.4,-18,0.052625618270529285
39.800000000000004,39.6,16.6,36.4,-18,0.0525012078254453
39.800000000000004,39.6,16.6,36.4,-18,0.0525012078254453
39.800000000000004,39.6,16.6,36.4,-18,0.0523767973803613
39.800000000000004,39.6,16.6,36.4,-18,0.05225238693527731
39.800000000000004,39.6,16.6,36.4,-18,0.052127976490193316
39.800000000000004,39.6,16.6,36.4,-18,0.052127976490193316
39.800000000000004,39.6,16.6,36.4,-18,0.05200356604510933
39.800000000000004,39.6,16.6,36.4,-18,0.05187915560002533
39.800000000000004,39.6,16.6,36.4,-18,0.05187915560002533
39.800000000000004,39.6,16.6,36.4,-18,0.05175474515494134
39.800000000000004,39.6,16.6,36.4,-18,0.051630334709857346
39.800000000000004,39.6,16.6,36.4,-18,0.051381513819689355
39.800000000000004,39.6,16.6,36.4,-18,0.05125710337460536
39.800000000000004,39.6,16.6,36.4,-19,0.05113269292952137
39.800000000000004,39.6,16.6,36.4,-20,0.051008282484437374
39.800000000000004,39.6,16.6,36.4,-19,0.050883872039353385
39.800000000000004,39.6,16.6,36.4,-19,0.05075946159426939
39.400000000000006,39.300000000000004,16.6,36.4,-18,0.0506350511491854
39.1,39.0,16.6,36.4,-18,0.0506350511491854
39.1,39.0,16.6,36.4,-17,0.0505106407041014
39.1,39.0,16.6,36.4,-16,0.0505106407041014
39.1,39.0,16.6,36.4,-16,0.05038623025901741
39.1,39.0,16.6,36.4,-16,0.05026181981393341
39.1,39.0,16.6,36.4,-16,0.05026181981393341
38.7,38.6,16.6,36.4,-15,0.050137409368849424
38.300000000000004,38.2,16.6,36.4,-15,0.05001299892376543
38.0,37.9,16.6,36.4,-15,0.04988858847868143
37.6,37.6,16.6,36.4,-16,0.04976417803359744
37.4,37.300000000000004,16.6,36.4,-16,0.04963976758851344
37.2,37.1,16.6,36.4,-15,0.04951535714342945
37.1,36.9,16.6,36.4,-15,0.049390946698345456
37.1,36.9,16.6,36.4,-14,0.04926653625326147
37.1,36.9,16.6,36.4,-14,0.04926653625326147
37.1,36.9,16.6,36.4,-13,0.04914212580817747
37.0,36.6,16.6,36.300000000000004,-13,0.04901771536309348
36.800000000000004,36.300000000000004,16.6,36.2,-12,0.048893304918009486
36.6,36.1,16.6,36.1,-12,0.048768894472925484
36.6,36.1,16.6,36.1,-12,0.048768894472925484
36.6,36.1,16.6,36.1,-11,0.048644484027841495
36.6,36.1,16.6,36.1,-11,0.048644484027841495
36.6,36.1,16.6,36.1,-10,0.0485200735827575
36.6,36.1,16.6,36.1,-11,0.04839566313767351
36.5,36.1,16.6,36.300000000000004,-11,0.048271252692589514
36.300000000000004,35.7,16.6,36.1,-11,0.04802243180242153
36.1,35.4,16.6,35.9,-11,0.04789802135733754
35.9,35.4,16.6,35.7,-12,0.04789802135733754
35.800000000000004,35.4,16.6,35.7,-12,0.047649200467169556
35.800000000000004,35.4,16.6,35.800000000000004,-12,0.04752479002208555
35.800000000000004,35.4,16.6,35.800000000000004,-12,0.04740037957700156
35.800000000000004,35.4,16.6,35.800000000000004,-12,0.04727596913191757
35.800000000000004,35.4,16.6,35.800000000000004,-12,0.04715155868683357
35.800000000000004,35.0,16.6,35.800000000000004,-12,0.04702714824174958
35.800000000000004,34.6,16.6,35.800000000000004,-12,0.04690273779666559
35.5,34.6,16.6,35.5,-12,0.0467783273515816
35.2,34.6,16.6,35.2,-12,0.0467783273515816
34.9,34.6,16.6,34.9,-12,0.046653916906497596
34.9,32.5,20.200000000000003,34.9,-12,0.04652950646141361
34.9,32.9,20.6,34.9,-12,0.04640509601632961
34.9,32.9,21.8,34.9,-12,0.04628068557124562
34.9,32.800000000000004,21.8,34.9,-12,0.046156275126161626
34.9,32.800000000000004,21.8,34.9,-12,0.04603186468107763
34.6,32.7,21.8,34.6,-12,0.04603186468107763
34.4,32.6,21.8,34.300000000000004,-12,0.04590745423599364
34.1,32.5,21.8,34.1,-12,0.04578304379090964
34.1,32.5,21.8,34.1,-12,0.04565863334582565
34.1,32.4,21.8,34.1,-12,0.045534222900741654
34.1,32.4,21.8,34.1,-12,0.045409812455657665
34.1,32.300000000000004,21.8,34.1,-12,0.04528540201057367
34.1,32.2,21.8,34.1,-12,0.04528540201057367
34.1,32.1,21.8,34.1,-12,0.04516099156548968
34.1,32.0,21.8,34.1,-12,0.045036581120405685
34.1,32.0,21.8,34.1,-12,0.045036581120405685
34.1,31.900000000000002,21.8,34.1,-12,0.044912170675321696
33.800000000000004,31.8,21.8,33.800000000000004,-12,0.044912170675321696
30.0,31.700000000000003,21.8,33.5,-12,0.04478776023023769
30.0,31.6,21.8,33.5,-12,0.04478776023023769
30.0,31.6,21.8,33.5,-12,0.0446633497851537
30.0,31.6,21.8,33.5,-12,0.04453893934006971
30.0,29.3,21.8,33.5,-12,0.04453893934006971
30.0,29.3,21.8,33.7,-12,0.04441452889498571
30.0,29.3,21.8,33.0,-12,0.04441452889498571
30.0,29.3,21.8,32.4,-12,0.04429011844990172
30.0,29.3,21.8,32.0,-12,0.04416570800481773
30.0,29.3,21.8,31.6,-12,0.04404129755973374
30.0,29.3,21.8,31.3,-12,0.043916887114649736
30.0,29.3,21.8,31.1,-12,0.043916887114649736
28.0,29.3,21.8,30.900000000000002,-12,0.043792476669565754
28.0,29.3,21.8,30.700000000000003,-12,0.04366806622448175
28.0,29.3,21.8,30.5,-12,0.04354365577939776
28.0,29.3,21.8,30.400000000000002,-13,0.04354365577939776
28.0,27.3,21.8,30.3,-13,0.043419245334313766
28.0,27.3,21.8,30.200000000000003,-13,0.043419245334313766
28.0,27.3,21.8,30.1,-13,0.043419245334313766
28.0,27.3,21.8,30.0,-13,0.04329483488922977
28.0,27.3,21.8,29.900000000000002,-13,0.04317042444414578
28.0,27.3,21.8,29.8,-13,0.04317042444414578
28.0,27.3,21.8,29.8,-12,0.043046013999061786
28.0,27.3,21.8,29.700000000000003,-12,0.0429216035539778
28.0,27.3,21.8,29.6,-13,0.042797193108893794
28.0,27.3,21.8,29.6,-12,0.042672782663809805
26.1,27.3,21.8,29.5,-12,0.042672782663809805
26.1,27.3,21.8,29.400000000000002,-12,0.04254837221872581
26.1,27.3,21.8,29.400000000000002,-12,0.04242396177364182
26.1,27.3,21.8,29.3,-13,0.042299551328557825
26.1,25.5,21.8,29.200000000000003,-13,0.042299551328557825
26.1,25.5,21.8,29.200000000000003,-13,0.04217514088347383
26.1,25.5,21.8,29.1,-14,0.04205073043838984
26.1,25.5,21.8,29.0,-14,0.04205073043838984
26.1,25.5,21.8,29.0,-14,0.04205073043838984
26.1,25.5,21.8,28.900000000000002,-14,0.04205073043838984
26.1,25.5,21.8,28.8,-13,0.04192631999330584
26.1,25.5,21.8,28.8,-13,0.04180190954822185
26.1,25.5,21.8,28.700000000000003,-13,0.04180190954822185
26.1,25.5,21.8,28.700000000000003,2,0.04167749910313785
26.1,25.5,21.8,28.6,0,0.04167749910313785
24.200000000000003,25.5,21.8,28.5,2,0.04155308865805386
24.200000000000003,25.5,21.8,28.5,8,0.04142867821296987
24.200000000000003,25.5,21.8,28.400000000000002,30,0.04130426776788588
24.200000000000003,23.700000000000003,21.8,28.400000000000002,42,0.04130426776788588
24.200000000000003,23.700000000000003,21.8,28.3,69,0.04117985732280188
24.200000000000003,23.700000000000003,21.8,28.200000000000003,86,0.041055446877717894
24.200000000000003,23.700000000000003,21.8,28.200000000000003,99,0.041055446877717894
24.200000000000003,23.700000000000003,21.8,28.1,113,0.04093103643263389
24.200000000000003,23.700000000000003,21.8,28.1,116,0.040806625987549895
24.200000000000003,23.700000000000003,21.8,28.0,120,0.040806625987549895
24.200000000000003,23.700000000000003,21.8,28.0,119,0.040806625987549895
24.200000000000003,23.700000000000003,21.8,27.900000000000002,118,0.040682215542465906
24.200000000000003,23.700000000000003,21.8,27.900000000000002,117,0.040682215542465906
24.200000000000003,23.700000000000003,21.8,27.8,114,0.04055780509738191
24.200000000000003,23.700000000000003,21.8,27.8,112,0.04055780509738191
24.200000000000003,23.700000000000003,21.8,27.8,109,0.04043339465229792
24.200000000000003,23.700000000000003,21.8,27.700000000000003,105,0.040308984207213926
24.200000000000003,23.700000000000003,21.8,27.700000000000003,103,0.04018457376212993
22.400000000000002,23.700000000000003,21.8,27.700000000000003,97,0.040060163317045934
22.400000000000002,22.0,21.8,27.6,85,0.039935752871961945
22.400000000000002,22.0,21.8,27.5,72,0.03981134242687795
22.400000000000002,22.0,21.8,27.5,59,0.03981134242687795
22.400000000000002,22.0,21.8,27.400000000000002,56,0.03968693198179396
22.400000000000002,22.0,21.8,27.400000000000002,48,0.03968693198179396
22.400000000000002,22.0,21.8,27.3,37,0.039562521536709964
22.400000000000002,22.0,21.8,27.3,19,0.039562521536709964
22.400000000000002,22.0,21.8,27.200000000000003,12,0.03943811109162597
22.400000000000002,22.0,21.8,27.200000000000003,-1,0.03943811109162597
22.400000000000002,22.0,21.8,27.1,-2,0.03931370064654198
20.700000000000003,22.0,21.8,27.1,-6,0.03931370064654198
20.700000000000003,22.0,21.8,27.0,-5,0.039189290201457984
20.700000000000003,22.0,21.8,27.0,-8,0.039064879756373995
20.700000000000003,22.0,21.8,26.900000000000002,-10,0.03894046931129
20.700000000000003,22.0,21.8,26.900000000000002,-10,0.038816058866206
20.700000000000003,20.3,21.8,26.8,-11,0.038816058866206
20.700000000000003,20.3,21.8,26.8,-11,0.03869164842112201
20.700000000000003,20.3,21.8,26.700000000000003,-11,0.03856723797603801
20.700000000000003,20.3,21.8,26.700000000000003,-12,0.03856723797603801
20.700000000000003,20.3,21.8,26.700000000000003,-14,0.03844282753095402
20.700000000000003,20.3,21.8,26.6,-18,0.03844282753095402
20.700000000000003,20.3,21.8,26.6,-17,0.03831841708587003
20.700000000000003,20.3,21.8,26.5,-16,0.03831841708587003
20.700000000000003,20.3,21.8,26.5,-18,0.03819400664078604
20.700000000000003,20.3,21.8,26.400000000000002,-19,0.03806959619570204
20.700000000000003,20.3,21.8,26.400000000000002,-19,0.037945185750618046
20.700000000000003,20.3,21.8,26.400000000000002,-18,0.03782077530553406
20.700000000000003,20.3,21.8,26.3,-18,0.03769636486045006
19.1,20.3,21.8,26.3,-19,0.037571954415366066
19.1,20.3,21.8,26.200000000000003,-19,0.03744754397028207
19.1,18.8,21.8,26.200000000000003,-18,0.03732313352519808
19.1,18.8,21.8,26.1,-19,0.037198723080114085
19.1,18.8,21.8,26.1,-18,0.03707431263503009
19.1,18.8,21.8,26.0,-17,0.0369499021899461
19.1,18.8,21.8,26.0,-19,0.036825491744862104
19.1,18.8,21.8,26.0,-19,0.036701081299778116
19.1,18.8,21.8,25.900000000000002,-19,0.036701081299778116
19.1,18.8,21.8,25.900000000000002,-19,0.03657667085469412
19.1,18.8,21.8,25.8,-19,0.03657667085469412
19.1,18.8,21.8,25.8,-20,0.036452260409610124
19.1,18.8,21.8,25.700000000000003,-20,0.036452260409610124
17.6,18.8,21.8,25.700000000000003,-19,0.036327849964526135
17.6,17.400000000000002,21.8,25.6,-20,0.03620343951944213
17.6,17.400000000000002,21.8,25.6,-19,0.03607902907435814
17.6,17.400000000000002,21.8,25.5,-19,0.03607902907435814
17.6,17.400000000000002,21.8,25.5,-20,0.03607902907435814
17.6,17.400000000000002,21.8,25.400000000000002,-19,0.03595461862927415
17.6,17.400000000000002,21.8,25.400000000000002,-19,0.03595461862927415
17.6,17.400000000000002,21.8,25.400000000000002,-18,0.03595461862927415
17.6,17.400000000000002,21.8,25.400000000000002,-18,0.03583020818419016
17.6,17.400000000000002,21.8,25.400000000000002,-16,0.03583020818419016
17.6,17.400000000000002,21.8,25.3,-17,0.03570579773910616
17.6,17.400000000000002,21.8,25.3,-17,0.03570579773910616
17.6,17.400000000000002,21.8,25.3,-16,0.03558138729402217
17.6,17.400000000000002,23.200000000000003,25.200000000000003,-16,0.03545697684893818
16.2,17.400000000000002,23.200000000000003,25.200000000000003,-14,0.03545697684893818
16.2,17.400000000000002,23.200000000000003,25.200000000000003,-15,0.03533256640385418
16.2,16.0,23.200000000000003,25.1,-14,0.03533256640385418
16.2,16.0,23.200000000000003,25.1,-10,0.03533256640385418
16.2,16.0,23.200000000000003,25.0,-10,0.03520815595877019
16.2,16.0,23.200000000000003,25.0,-9,0.03520815595877019
16.2,16.0,23.200000000000003,25.0,-10,0.0350837455136862
16.2,16.0,23.200000000000003,24.900000000000002,-9,0.0350837455136862
16.2,16.0,23.200000000000003,24.900000000000002,-7,0.0349593350686022
16.2,16.0,23.200000000000003,24.8,-7,0.034834924623518206
14.8,16.0,23.200000000000003,24.8,-7,0.03471051417843421
14.8,14.700000000000001,23.200000000000003,24.8,-7,0.03458610373335022
14.8,14.700000000000001,23.200000000000003,24.700000000000003,-7,0.034461693288266225
14.8,14.700000000000001,23.200000000000003,24.700000000000003,-8,0.03421287239809824
14.8,14.700000000000001,23.200000000000003,24.700000000000003,-7,0.034088461953014244
14.8,14.700000000000001,23.200000000000003,24.6,-8,0.033964051507930255
14.8,14.700000000000001,23.200000000000003,24.6,-8,0.03383964106284626
14.8,14.700000000000001,23.200000000000003,24.6,-8,0.03371523061776227
13.700000000000001,13.700000000000001,23.200000000000003,24.5,-8,0.03359082017267827
13.700000000000001,13.700000000000001,23.200000000000003,24.5,-9,0.03346640972759428
13.700000000000001,13.700000000000001,23.200000000000003,24.5,-8,0.03346640972759428
13.700000000000001,13.700000000000001,23.200000000000003,24.400000000000002,-8,0.03346640972759428
13.700000000000001,13.700000000000001,23.200000000000003,24.400000000000002,-7,0.03346640972759428
13.700000000000001,13.700000000000001,23.200000000000003,24.400000000000002,-8,0.03334199928251028
13.700000000000001,13.700000000000001,23.200000000000003,24.400000000000002,-12,0.03334199928251028
13.700000000000001,13.700000000000001,23.200000000000003,24.400000000000002,-12,0.03334199928251028
12.600000000000001,12.600000000000001,23.200000000000003,24.400000000000002,-12,0.03334199928251028
12.600000000000001,12.600000000000001,23.200000000000003,24.3,-12,0.03334199928251028
12.600000000000001,12.600000000000001,23.200000000000003,24.3,-12,0.03334199928251028
12.600000000000001,12.600000000000001,17.3,24.200000000000003,-12,0.03334199928251028
12.600000000000001,11.700000000000001,13.100000000000001,24.200000000000003,-12,0.03321758883742629
12.600000000000001,11.700000000000001,9.8,24.1,-12,0.03321758883742629
11.5,11.700000000000001,9.8,24.1,-13,0.03321758883742629
11.5,11.700000000000001,9.8,24.1,-13,0.03321758883742629
11.5,11.700000000000001,9.8,24.1,-13,0.03321758883742629
11.5,11.700000000000001,9.8,24.1,-13,0.03321758883742629
11.5,10.700000000000001,9.8,24.1,-13,0.0330931783923423
11.5,10.700000000000001,9.8,24.1,-13,0.0330931783923423
10.5,10.700000000000001,9.8,24.1,-13,0.0329687679472583
10.5,10.700000000000001,9.8,24.1,-13,0.0329687679472583
10.5,10.700000000000001,9.8,24.1,-13,0.0329687679472583
10.5,10.700000000000001,9.8,24.1,-13,0.0329687679472583
10.5,10.700000000000001,9.8,24.1,-13,0.0329687679472583
10.5,9.700000000000001,9.8,24.1,-13,0.0329687679472583
9.3,9.700000000000001,9.8,24.0,-13,0.0329687679472583
9.3,9.700000000000001,9.8,24.0,-13,0.032844357502174314
9.3,9.1,9.8,24.0,-13,0.032844357502174314
9.3,9.1,9.8,24.0,-13,0.032844357502174314
9.3,9.1,9.8,23.900000000000002,-14,0.03271994705709032
9.3,9.1,9.8,23.900000000000002,-14,0.03271994705709032
8.6,9.1,9.8,24.0,-14,0.03271994705709032
8.6,8.4,9.8,24.0,-15,0.03259553661200632
8.6,8.4,9.8,24.0,-15,0.03259553661200632
8.6,8.4,9.8,24.0,-15,0.03247112616692233
8.0,8.4,9.8,24.0,-15,0.03247112616692233
8.0,7.9,9.8,24.0,-15,0.03247112616692233
8.0,7.9,9.8,24.1,2,0.03247112616692233
7.300000000000001,7.300000000000001,9.8,24.1,2,0.03247112616692233
6.800000000000001,6.800000000000001,9.8,24.1,1,0.03247112616692233
6.800000000000001,6.800000000000001,9.8,24.1,6,0.03234671572183834
6.1000000000000005,6.1000000000000005,9.8,24.1,11,0.03234671572183834
5.7,5.7,9.8,24.1,25,0.03222230527675434
5.4,5.4,13.0,24.0,30,0.03222230527675434
5.1000000000000005,5.1000000000000005,16.3,24.1,45,0.03222230527675434
4.800000000000001,4.800000000000001,20.0,24.1,52,0.03222230527675434
4.6000000000000005,4.6000000000000005,20.0,24.1,59,0.03222230527675434
4.6000000000000005,4.6000000000000005,20.0,24.1,70,0.03222230527675434
4.6000000000000005,4.6000000000000005,20.0,24.1,75,0.032097894831670346
4.6000000000000005,4.6000000000000005,15.100000000000001,24.1,84,0.032097894831670346
4.6000000000000005,4.6000000000000005,15.100000000000001,24.1,88,0.032097894831670346
4.4,4.4,15.100000000000001,24.1,93,0.032097894831670346
4.2,4.3,15.100000000000001,24.1,95,0.032097894831670346
4.1000000000000005,4.1000000000000005,15.100000000000001,24.1,96,0.03197348438658636
3.9000000000000004,3.9000000000000004,15.100000000000001,24.1,100,0.03197348438658636
3.7,3.8000000000000003,15.100000000000001,24.1,100,0.03197348438658636
3.6,3.6,15.100000000000001,24.1,101,0.03184907394150236
3.4000000000000004,3.5,15.100000000000001,24.1,99,0.03184907394150236
3.3000000000000003,3.4000000000000004,15.100000000000001,24.1,99,0.031724663496418365
3.2,3.3000000000000003,15.100000000000001,24.1,99,0.031724663496418365
3.1,3.2,15.100000000000001,24.200000000000003,99,0.031600253051334376
3.0,3.1,15.100000000000001,24.200000000000003,100,0.031600253051334376
2.9000000000000004,3.0,15.100000000000001,24.3,99,0.031600253051334376
2.8000000000000003,2.9000000000000004,15.100000000000001,24.3,98,0.03147584260625038
2.7,2.8000000000000003,15.100000000000001,24.3,97,0.03147584260625038
2.6,2.7,15.100000000000001,24.400000000000002,96,0.03147584260625038
2.5,2.7,15.100000000000001,24.5,95,0.03147584260625038
2.4000000000000004,2.6,15.100000000000001,24.700000000000003,94,0.03147584260625038
2.4000000000000004,2.5,15.100000000000001,25.0,92,0.03147584260625038
2.3000000000000003,2.5,15.100000000000001,25.0,89,0.03147584260625038
2.3000000000000003,2.4000000000000004,15.100000000000001,25.0,86,0.03147584260625038
2.2,2.4000000000000004,15.100000000000001,25.1,84,0.03147584260625038
2.1,2.3000000000000003,15.100000000000001,25.3,81,0.03147584260625038
2.1,2.3000000000000003,15.100000000000001,25.3,79,0.03147584260625038
2.0,2.2,15.100000000000001,25.3,74,0.03147584260625038
2.0,2.2,15.100000000000001,25.3,64,0.03147584260625038
2.0,2.2,15.100000000000001,25.3,57,0.03135143216116639
1.9000000000000001,2.1,15.100000000000001,25.400000000000002,52,0.03135143216116639
1.9000000000000001,2.1,15.100000000000001,25.6,46,0.031227021716082395
1.9000000000000001,2.1,11.5,25.6,38,0.031102611270998403
1.8,2.0,8.700000000000001,25.700000000000003,31,0.031102611270998403
1.8,2.0,6.800000000000001,25.700000000000003,15,0.031102611270998403
1.8,2.0,6.800000000000001,25.8,7,0.030978200825914404
1.8,2.0,6.800000000000001,26.1,1,0.030978200825914404
1.7000000000000002,1.9000000000000001,6.800000000000001,26.3,-1,0.030978200825914404
1.7000000000000002,1.9000000000000001,6.800000000000001,26.8,-3,0.030978200825914404
1.7000000000000002,1.8,6.800000000000001,27.0,-3,0.030978200825914404
1.7000000000000002,1.8,6.800000000000001,27.0,-5,0.030978200825914404
1.7000000000000002,1.8,6.800000000000001,27.400000000000002,-5,0.030978200825914404
1.6,1.7000000000000002,6.800000000000001,27.400000000000002,-5,0.030978200825914404
1.6,1.7000000000000002,6.800000000000001,27.400000000000002,-4,0.030978200825914404
1.6,1.7000000000000002,6.800000000000001,27.6,-2,0.030978200825914404
1.6,1.7000000000000002,6.800000000000001,27.6,-1,0.03085379038083041
1.6,1.6,6.800000000000001,27.8,0,0.03085379038083041
1.6,1.6,6.800000000000001,27.8,0,0.03085379038083041
1.6,1.6,6.800000000000001,27.8,1,0.03085379038083041
1.5,1.6,6.800000000000001,27.8,2,0.03072937993574642
1.5,1.6,6.800000000000001,28.0,3,0.03072937993574642
1.5,1.6,6.800000000000001,27.900000000000002,4,0.03072937993574642
1.5,1.5,6.800000000000001,28.0,5,0.03072937993574642
1.5,1.5,6.800000000000001,28.0,6,0.03072937993574642
1.5,1.5,6.800000000000001,28.1,7,0.030604969490662423
1.5,1.5,6.800000000000001,28.400000000000002,8,0.030604969490662423
1.5,1.5,6.800000000000001,28.400000000000002,8,0.030604969490662423
1.5,1.5,6.800000000000001,28.3,9,0.030604969490662423
1.5,1.5,6.800000000000001,28.3,10,0.030604969490662423
1.5,1.4000000000000001,6.800000000000001,28.3,11,0.030604969490662423
1.5,1.4000000000000001,6.800000000000001,28.5,12,0.030604969490662423
1.5,1.4000000000000001,6.800000000000001,28.5,13,0.03048055904557843
1.5,1.4000000000000001,6.800000000000001,28.5,14,0.03048055904557843
1.5,1.4000000000000001,6.800000000000001,28.5,15,0.03035614860049444
1.5,1.4000000000000001,6.800000000000001,28.6,15,0.030231738155410446
1.5,1.4000000000000001,6.800000000000001,28.6,16,0.030231738155410446
1.4000000000000001,1.4000000000000001,5.4,28.6,17,0.03010732771032645
1.4000000000000001,1.4000000000000001,4.9,28.6,18,0.03010732771032645
1.4000000000000001,1.4000000000000001,4.9,28.8,19,0.029982917265242458
1.4000000000000001,1.4000000000000001,4.9,28.8,19,0.029982917265242458
1.4000000000000001,1.4000000000000001,4.9,29.0,20,0.029858506820158465
1.4000000000000001,1.4000000000000001,4.9,29.0,21,0.029858506820158465
1.4000000000000001,1.4000000000000001,4.9,29.1,22,0.029734096375074473
1.4000000000000001,1.4000000000000001,4.9,29.1,22,0.029609685929990474
1.4000000000000001,1.4000000000000001,4.9,29.1,23,0.02948527548490648
1.4000000000000001,1.4000000000000001,4.9,29.0,25,0.02948527548490648
1.4000000000000001,1.4000000000000001,4.9,29.0,26,0.02936086503982249
1.4000000000000001,1.4000000000000001,4.9,29.0,28,0.029236454594738497
1.4000000000000001,1.4000000000000001,4.9,28.900000000000002,29,0.029236454594738497
1.4000000000000001,1.4000000000000001,4.9,28.8,31,0.0291120441496545
1.4000000000000001,1.4000000000000001,4.9,28.700000000000003,32,0.02898763370457051
1.4000000000000001,1.4000000000000001,4.9,28.6,34,0.02898763370457051
1.4000000000000001,1.4000000000000001,4.9,28.400000000000002,35,0.028863223259486516
1.4000000000000001,1.4000000000000001,4.9,28.3,37,0.028863223259486516
1.4000000000000001,1.4000000000000001,4.9,27.8,39,0.028738812814402524
1.4000000000000001,1.3,4.9,27.3,41,0.028738812814402524
1.4000000000000001,1.3,4.9,26.6,43,0.028738812814402524
1.4000000000000001,1.3,4.9,25.8,45,0.028614402369318528
1.4000000000000001,1.3,4.9,24.900000000000002,48,0.028489991924234535
1.4000000000000001,1.3,4.5,24.0,50,0.028365581479150543
1.4000000000000001,1.3,4.3,23.1,52,0.028241171034066544
1.4000000000000001,1.3,4.0,22.1,54,0.02811676058898255
1.4000000000000001,1.3,3.8000000000000003,21.1,56,0.02799235014389856
1.4000000000000001,1.3,3.6,20.1,58,0.02799235014389856
1.4000000000000001,1.3,3.4000000000000004,19.1,61,0.02799235014389856
1.4000000000000001,1.3,3.2,18.2,63,0.02799235014389856
1.4000000000000001,1.3,3.0,17.2,64,0.02799235014389856
1.4000000000000001,1.3,2.9000000000000004,16.3,64,0.02799235014389856
1.4000000000000001,1.3,2.7,15.3,64,0.02799235014389856
1.4000000000000001,1.3,2.6,14.4,67,0.027867939698814567
1.4000000000000001,1.3,2.5,13.5,72,0.027867939698814567
1.3,1.3,2.4000000000000004,12.5,76,0.027867939698814567
1.3,1.3,2.3000000000000003,12.8,78,0.027867939698814567
1.3,1.3,2.2,12.8,83,0.027867939698814567
1.3,1.3,2.1,11.5,86,0.027743529253730574
1.3,1.3,2.0,10.200000000000001,87,0.02761911880864658
1.2000000000000002,1.3,2.0,9.1,89,0.02761911880864658
1.2000000000000002,1.3,2.0,8.1,90,0.027494708363562586
1.2000000000000002,1.3,2.0,7.1000000000000005,90,0.027370297918478594
1.2000000000000002,1.3,1.9000000000000001,6.1000000000000005,90,0.027370297918478594
1.2000000000000002,1.3,1.9000000000000001,6.300000000000001,91,0.0272458874733946
1.2000000000000002,1.3,1.9000000000000001,6.300000000000001,92,0.0272458874733946
1.9000000000000001,1.2000000000000002,1.7000000000000002,4.0,93,0.027121477028310605
1.9000000000000001,1.2000000000000002,1.5,3.2,94,0.027121477028310605
1.9000000000000001,1.1,1.4000000000000001,2.6,96,0.027121477028310605
1.8,1.1,1.3,2.3000000000000003,97,0.02699706658322661
1.7000000000000002,1.1,1.3,2.1,97,0.02699706658322661
1.6,1.0,1.2000000000000002,1.9000000000000001,99,0.02699706658322661
1.5,1.0,1.1,1.7000000000000002,99,0.026872656138142617
1.4000000000000001,1.0,1.1,1.5,99,0.026872656138142617
1.4000000000000001,0.9,1.0,1.4000000000000001,100,0.026872656138142617
1.4000000000000001,0.9,0.9,1.4000000000000001,100,0.026872656138142617
1.3,0.9,0.9,1.3,100,0.026872656138142617
1.3,0.9,0.9,1.2000000000000002,101,0.026872656138142617
1.2000000000000002,0.8,0.8,1.2000000000000002,104,0.026872656138142617
1.2000000000000002,0.8,0.7000000000000001,1.1,105,0.02674824569305862
1.2000000000000002,0.8,0.7000000000000001,1.0,106,0.02674824569305862
1.1,0.8,0.6000000000000001,1.0,107,0.02662383524797463
1.1,0.7000000000000001,0.6000000000000001,1.0,107,0.02662383524797463
1.1,0.7000000000000001,0.6000000000000001,0.9,107,0.026499424802890637
1.0,0.7000000000000001,0.5,0.9,107,0.026499424802890637
1.0,0.7000000000000001,0.5,0.8,107,0.026375014357806644
1.0,0.7000000000000001,0.5,0.8,107,0.026375014357806644
0.9,0.6000000000000001,0.4,0.7000000000000001,108,0.026375014357806644
0.9,0.6000000000000001,0.4,0.7000000000000001,108,0.026375014357806644
0.9,0.6000000000000001,0.4,0.7000000000000001,108,0.026375014357806644
0.9,0.6000000000000001,0.4,0.6000000000000001,110,0.026375014357806644
0.8,0.6000000000000001,0.4,0.6000000000000001,113,0.026375014357806644
0.8,0.5,0.30000000000000004,0.6000000000000001,116,0.026375014357806644
0.8,0.5,0.30000000000000004,0.5,117,0.026375014357806644
0.8,0.5,0.30000000000000004,0.5,120,0.026375014357806644
0.7000000000000001,0.5,0.30000000000000004,0.5,121,0.026375014357806644
0.7000000000000001,0.5,0.30000000000000004,0.5,122,0.026375014357806644
0.7000000000000001,0.5,0.30000000000000004,0.4,123,0.026375014357806644
0.7000000000000001,0.4,0.30000000000000004,0.4,122,0.02625060391272265
0.6000000000000001,0.4,0.2,0.4,122,0.02625060391272265
0.6000000000000001,0.4,0.2,0.4,122,0.02625060391272265
0.6000000000000001,0.4,0.2,0.4,121,0.026126193467638656
0.6000000000000001,0.4,0.2,0.30000000000000004,121,0.026126193467638656
0.6000000000000001,0.4,0.2,0.30000000000000004,122,0.026126193467638656
0.6000000000000001,0.4,0.2,0.30000000000000004,122,0.026001783022554664
0.5,0.4,0.2,0.30000000000000004,123,0.026001783022554664
0.5,0.30000000000000004,0.2,0.30000000000000004,126,0.026001783022554664
0.5,0.30000000000000004,0.2,0.30000000000000004,129,0.02587737257747067
0.5,0.30000000000000004,0.2,0.30000000000000004,132,0.02587737257747067
0.5,0.30000000000000004,0.1,0.2,133,0.02575296213238668
0.5,0.30000000000000004,0.1,0.2,135,0.02575296213238668
0.4,0.30000000000000004,0.1,0.2,135,0.02575296213238668
0.4,0.30000000000000004,0.1,0.2,135,0.02575296213238668
0.4,0.30000000000000004,0.1,0.2,136,0.02575296213238668
0.4,0.30000000000000004,0.1,0.2,136,0.02575296213238668
0.4,0.30000000000000004,0.1,0.2,136,0.02575296213238668
0.4,0.30000000000000004,0.1,0.2,137,0.02562855168730268
0.4,0.2,0.1,0.2,137,0.02562855168730268
0.4,0.2,0.1,0.1,138,0.025504141242218687
0.30000000000000004,0.2,0.1,0.1,138,0.025504141242218687
0.30000000000000004,0.2,0.1,0.1,139,0.025504141242218687
0.30000000000000004,0.2,0.1,0.1,139,0.025504141242218687
0.30000000000000004,0.2,0.1,0.1,139,0.025504141242218687
0.30000000000000004,0.2,0.1,0.1,140,0.025504141242218687
0.30000000000000004,0.2,0.1,0.1,140,0.025504141242218687
0.30000000000000004,0.2,0.1,0.1,140,0.025379730797134695
0.30000000000000004,0.2,0.1,0.1,142,0.025379730797134695
0.30000000000000004,0.2,0.1,0.1,144,0.0252553203520507
0.30000000000000004,0.2,0.0,0.1,144,0.0252553203520507
0.30000000000000004,0.2,0.0,0.1,144,0.025130909906966706
0.2,0.2,0.0,0.1,144,0.025130909906966706
0.2,0.2,0.0,0.1,145,0.025006499461882714
0.2,0.2,0.0,0.1,146,0.025006499461882714
0.2,0.1,0.0,0.1,146,0.025006499461882714
0.2,0.1,0.0,0.1,147,0.025006499461882714
0.2,0.1,0.0,0.1,149,0.025006499461882714
0.2,0.1,0.0,0.1,150,0.025006499461882714
0.2,0.1,0.0,0.1,156,0.02488208901679872
0.2,0.1,0.0,0.0,161,0.02488208901679872
0.2,0.1,0.0,0.0,163,0.02488208901679872
0.2,0.1,0.0,0.0,164,0.024757678571714726
0.2,0.1,0.0,0.0,165,0.024757678571714726
0.2,0.1,0.0,0.0,167,0.024757678571714726
0.2,0.1,0.0,0.0,168,0.024757678571714726
0.2,0.1,0.0,0.0,168,0.024757678571714726
0.2,0.1,0.0,0.0,167,0.024757678571714726
0.1,0.1,0.0,0.0,165,0.024757678571714726
0.1,0.1,0.0,0.0,166,0.024757678571714726
0.1,0.1,0.0,0.0,170,0.024633268126630734
0.1,0.1,0.0,0.0,171,0.024633268126630734
0.1,0.1,0.0,0.0,171,0.024633268126630734
0.1,0.1,0.0,0.0,172,0.02450885768154674
0.1,0.1,0.0,0.0,173,0.024384447236462742
0.1,0.1,0.0,0.0,173,0.024384447236462742
0.1,0.1,0.0,0.0,173,0.024384447236462742
0.1,0.1,0.0,0.0,173,0.024384447236462742
0.1,0.1,0.0,0.0,173,0.024384447236462742
0.1,0.1,0.0,0.0,164,0.024384447236462742
0.1,0.1,0.0,0.0,164,0.024384447236462742
0.1,0.1,0.0,0.0,165,0.024384447236462742
0.1,0.1,0.0,0.0,166,0.024384447236462742
0.1,0.1,0.0,0.0,168,0.024384447236462742
0.1,0.1,0.0,0.0,168,0.024384447236462742
0.1,0.1,0.0,0.0,169,0.024384447236462742
0.1,0.0,0.0,0.0,169,0.024384447236462742
0.1,0.0,0.0,0.0,170,0.024384447236462742
0.1,0.0,0.0,0.0,171,0.02426003679137875
0.1,0.0,0.0,0.0,171,0.02426003679137875
0.1,0.0,0.0,0.0,172,0.02426003679137875
0.1,0.0,0.0,0.0,172,0.02426003679137875
0.1,0.0,0.0,0.0,173,0.02426003679137875
0.1,0.0,0.0,0.0,174,0.02426003679137875
0.1,0.0,0.0,0.0,174,0.02426003679137875
0.1,0.0,0.0,0.0,175,0.02426003679137875
0.1,0.0,0.0,0.0,175,0.02426003679137875
0.1,0.0,0.0,0.0,176,0.02426003679137875
0.1,0.0,0.0,0.0,176,0.02426003679137875
0.0,0.0,0.0,0.0,178,0.024135626346294757
0.0,0.0,0.0,0.0,179,0.024135626346294757
0.0,0.0,0.0,0.0,182,0.024135626346294757
0.0,0.0,0.0,0.0,185,0.024135626346294757
0.0,0.0,0.0,0.0,187,0.024135626346294757
0.0,0.0,0.0,0.0,190,0.024135626346294757
0.0,0.0,0.0,0.0,193,0.024135626346294757
0.0,0.0,0.0,0.0,195,0.024135626346294757
0.0,0.0,0.0,0.0,199,0.024135626346294757
0.0,0.0,0.0,0.0,202,0.024011215901210765
0.0,0.0,0.0,0.0,205,0.024011215901210765
0.0,0.0,0.0,0.0,208,0.02388680545612677
0.0,0.0,0.0,0.0,212,0.02388680545612677
0.0,0.0,0.0,0.0,214,0.023762395011042776
0.2,0.1,0.0,0.0,214,0.023762395011042776
0.30000000000000004,0.30000000000000004,0.0,0.0,214,0.023762395011042776
0.4,0.4,0.0,0.0,217,0.023762395011042776
0.4,0.4,0.0,0.0,217,0.023762395011042776
0.4,0.4,0.0,0.0,217,0.023762395011042776
0.5,0.5,0.0,0.0,217,0.023637984565958784
0.7000000000000001,0.7000000000000001,0.0,0.0,218,0.023637984565958784
0.9,0.9,0.0,0.0,217,0.023637984565958784
1.2000000000000002,1.2000000000000002,0.0,0.0,219,0.023637984565958784
1.4000000000000001,1.4000000000000001,0.0,0.0,219,0.023637984565958784
1.6,1.6,0.0,0.0,220,0.023637984565958784
1.8,1.8,0.0,0.0,220,0.023637984565958784
2.2,2.2,0.0,0.0,220,0.023637984565958784
2.2,2.2,0.0,0.0,221,0.02351357412087479
2.3000000000000003,2.3000000000000003,0.0,0.0,220,0.02351357412087479
2.3000000000000003,2.3000000000000003,0.0,0.0,221,0.02351357412087479
2.3000000000000003,2.3000000000000003,0.0,0.0,221,0.0233891636757908
2.5,2.5,0.0,0.0,222,0.0233891636757908
2.5,2.5,0.0,0.0,222,0.0233891636757908
2.6,2.6,0.0,0.0,222,0.023264753230706803
2.6,2.6,0.0,0.0,223,0.023264753230706803
2.6,2.6,0.0,0.0,222,0.023264753230706803
2.6,2.6,0.0,0.0,225,0.023264753230706803
2.6,2.6,0.0,0.0,225,0.023264753230706803
2.9000000000000004,2.9000000000000004,0.0,0.0,224,0.023264753230706803
2.9000000000000004,2.9000000000000004,0.0,0.0,225,0.023264753230706803
2.9000000000000004,2.9000000000000004,0.0,0.0,225,0.02314034278562281
2.9000000000000004,2.9000000000000004,0.0,0.0,226,0.02314034278562281
3.0,3.0,0.0,0.0,226,0.02314034278562281
3.2,3.2,0.0,0.0,226,0.02314034278562281
3.3000000000000003,3.3000000000000003,0.0,0.0,226,0.02314034278562281
3.3000000000000003,3.3000000000000003,0.0,0.0,226,0.02314034278562281
3.4000000000000004,3.4000000000000004,0.0,0.0,226,0.02314034278562281
3.4000000000000004,3.4000000000000004,0.0,0.0,226,0.02314034278562281
3.6,3.6,0.0,0.0,226,0.02314034278562281
3.5,3.5,0.0,0.0,227,0.023015932340538815
3.4000000000000004,3.4000000000000004,0.0,0.0,226,0.023015932340538815
3.4000000000000004,3.4000000000000004,0.0,0.0,227,0.02289152189545482
3.3000000000000003,3.3000000000000003,0.0,0.0,228,0.02289152189545482
3.3000000000000003,3.3000000000000003,0.0,0.0,227,0.02289152189545482
3.3000000000000003,3.3000000000000003,0.0,0.0,227,0.02289152189545482
3.3000000000000003,3.3000000000000003,0.0,0.0,228,0.02289152189545482
3.3000000000000003,3.3000000000000003,0.0,0.0,229,0.02289152189545482
3.3000000000000003,3.3000000000000003,0.0,0.0,229,0.02289152189545482
3.3000000000000003,3.3000000000000003,0.0,0.0,229,0.02289152189545482
3.3000000000000003,3.3000000000000003,0.0,0.0,228,0.02289152189545482
3.3000000000000003,3.3000000000000003,0.0,0.0,227,0.02289152189545482
3.3000000000000003,3.3000000000000003,0.0,0.0,230,0.02289152189545482
3.3000000000000003,3.3000000000000003,0.0,0.0,229,0.02289152189545482
3.3000000000000003,3.3000000000000003,0.0,0.0,229,0.02289152189545482
3.3000000000000003,3.3000000000000003,0.0,0.0,229,0.02289152189545482
3.3000000000000003,3.3000000000000003,0.0,0.0,230,0.02289152189545482
3.3000000000000003,3.3000000000000003,0.0,0.0,229,0.02289152189545482
3.1,3.1,0.0,0.0,228,0.022767111450370827
3.0,3.0,0.0,0.0,230,0.022767111450370827
2.9000000000000004,2.9000000000000004,0.0,0.0,230,0.022767111450370827
2.8000000000000003,2.8000000000000003,0.0,0.0,231,0.022767111450370827
2.7,2.7,0.0,0.0,231,0.022767111450370827
2.6,2.6,0.0,0.0,230,0.022767111450370827
2.5,2.5,0.0,0.0,232,0.022767111450370827
2.4000000000000004,2.4000000000000004,0.0,0.0,231,0.022767111450370827
2.3000000000000003,2.3000000000000003,0.0,0.0,232,0.022767111450370827
2.3000000000000003,2.3000000000000003,0.0,0.0,232,0.022767111450370827
2.2,2.2,0.0,0.0,231,0.022767111450370827
2.0,2.0,0.0,0.0,231,0.022642701005286835
1.9000000000000001,1.9000000000000001,0.0,0.0,232,0.022642701005286835
1.8,1.8,0.0,0.0,232,0.022642701005286835
1.7000000000000002,1.7000000000000002,0.0,0.0,231,0.022642701005286835
1.6,1.6,0.0,0.0,231,0.022642701005286835
1.5,1.5,0.0,0.0,232,0.022642701005286835
1.5,1.5,0.0,0.0,232,0.022642701005286835
1.4000000000000001,1.4000000000000001,0.0,0.0,231,0.022642701005286835
1.3,1.3,0.0,0.0,231,0.022642701005286835
1.2000000000000002,1.2000000000000002,0.0,0.0,232,0.022642701005286835
1.1,1.1,0.0,0.0,232,0.022642701005286835
1.0,1.0,0.0,0.0,232,0.022642701005286835
1.0,1.0,0.0,0.0,234,0.022642701005286835
0.9,0.9,0.0,0.0,233,0.022642701005286835
0.9,0.9,0.0,0.0,235,0.022642701005286835
0.9,0.9,0.0,0.0,234,0.022642701005286835
0.9,0.9,0.0,0.0,234,0.022642701005286835
0.8,0.8,0.0,0.0,235,0.022642701005286835
0.8,0.8,0.0,0.0,236,0.022642701005286835
0.7000000000000001,0.7000000000000001,0.0,0.0,235,0.022642701005286835
0.7000000000000001,0.7000000000000001,0.0,0.0,236,0.022642701005286835
0.7000000000000001,0.7000000000000001,0.0,0.0,237,0.022642701005286835
0.7000000000000001,0.7000000000000001,0.0,0.0,237,0.022642701005286835
0.7000000000000001,0.7000000000000001,0.0,0.0,237,0.022642701005286835
0.6000000000000001,0.6000000000000001,0.0,0.0,238,0.022642701005286835
0.6000000000000001,0.6000000000000001,0.0,0.0,240,0.022642701005286835
0.6000000000000001,0.6000000000000001,0.0,0.0,241,0.022518290560202842
0.6000000000000001,0.6000000000000001,0.0,0.0,241,0.022518290560202842
0.6000000000000001,0.6000000000000001,0.0,0.0,240,0.022518290560202842
0.7000000000000001,0.7000000000000001,0.0,0.0,241,0.022518290560202842
0.7000000000000001,0.7000000000000001,0.0,0.0,241,0.022518290560202842
0.7000000000000001,0.7000000000000001,0.0,0.0,241,0.022518290560202842
0.7000000000000001,0.7000000000000001,0.0,0.0,245,0.022518290560202842
0.8,0.8,0.0,0.0,244,0.022518290560202842
0.9,0.9,0.0,0.0,244,0.022518290560202842
0.9,0.9,0.0,0.0,245,0.022518290560202842
1.0,1.0,0.0,0.0,246,0.022518290560202842
1.1,1.1,0.0,0.0,246,0.022518290560202842
1.1,1.1,0.0,0.0,246,0.022518290560202842
1.2000000000000002,1.2000000000000002,0.0,0.0,247,0.022518290560202842
1.3,1.3,0.0,0.0,248,0.022518290560202842
1.4000000000000001,1.4000000000000001,0.0,0.0,250,0.022518290560202842
1.7000000000000002,1.7000000000000002,0.0,0.0,248,0.022518290560202842
2.1,2.1,0.0,0.0,248,0.022518290560202842
2.5,2.5,0.0,0.0,248,0.022518290560202842
2.5,2.5,0.0,0.0,248,0.022518290560202842
2.6,2.6,0.0,0.0,249,0.022518290560202842
2.6,2.6,0.0,0.0,248,0.022518290560202842
2.6,2.6,0.0,0.0,249,0.022518290560202842
2.6,2.6,0.0,0.0,249,0.022518290560202842
2.5,2.5,0.0,0.0,250,0.022518290560202842
2.5,2.5,0.0,0.0,251,0.022518290560202842
2.5,2.5,0.0,0.0,251,0.022518290560202842
2.4000000000000004,2.4000000000000004,0.0,0.0,251,0.022518290560202842
2.4000000000000004,2.4000000000000004,0.0,0.0,250,0.022518290560202842
2.5,2.5,0.0,0.0,250,0.022518290560202842
2.5,2.5,0.0,0.0,251,0.022518290560202842
2.4000000000000004,2.4000000000000004,0.0,0.0,251,0.022518290560202842
2.3000000000000003,2.3000000000000003,0.0,0.0,251,0.022518290560202842
2.3000000000000003,2.3000000000000003,0.0,0.0,252,0.022518290560202842
2.3000000000000003,2.3000000000000003,0.0,0.0,251,0.022518290560202842
2.3000000000000003,2.3000000000000003,0.0,0.0,251,0.022518290560202842
2.3000000000000003,2.3000000000000003,0.0,0.0,253,0.022518290560202842
2.3000000000000003,2.3000000000000003,0.0,0.0,253,0.022518290560202842
2.3000000000000003,2.3000000000000003,0.0,0.0,252,0.022518290560202842
2.3000000000000003,2.3000000000000003,0.0,0.0,254,0.022518290560202842
2.3000000000000003,2.3000000000000003,0.0,0.0,254,0.022518290560202842
2.3000000000000003,2.3000000000000003,0.0,0.0,253,0.022518290560202842
2.3000000000000003,2.3000000000000003,0.0,0.0,252,0.022518290560202842
2.3000000000000003,2.3000000000000003,0.0,0.0,253,0.022518290560202842
2.3000000000000003,2.3000000000000003,0.0,0.0,252,0.022518290560202842
2.3000000000000003,2.3000000000000003,0.0,0.0,253,0.022518290560202842
2.3000000000000003,2.3000000000000003,0.0,0.0,253,0.022518290560202842
2.3000000000000003,2.3000000000000003,0.0,0.0,253,0.022518290560202842
2.3000000000000003,2.3000000000000003,0.0,0.0,252,0.022518290560202842
2.3000000000000003,2.3000000000000003,0.0,0.0,253,0.022518290560202842
2.3000000000000003,2.3000000000000003,0.0,0.0,252,0.022518290560202842
2.3000000000000003,2.3000000000000003,0.0,0.0,255,0.022518290560202842
2.3000000000000003,2.3000000000000003,0.0,0.0,255,0.022518290560202842
2.3000000000000003,2.3000000000000003,0.0,0.0,253,0.022518290560202842
2.3000000000000003,2.3000000000000003,0.0,0.0,256,0.022518290560202842
2.3000000000000003,2.3000000000000003,0.0,0.0,256,0.022518290560202842
2.3000000000000003,2.3000000000000003,0.0,0.0,255,0.022518290560202842
2.3000000000000003,2.3000000000000003,0.0,0.0,256,0.022518290560202842
2.3000000000000003,2.3000000000000003,0.0,0.0,255,0.022518290560202842
2.3000000000000003,2.3000000000000003,0.0,0.0,257,0.022518290560202842
2.3000000000000003,2.3000000000000003,0.0,0.0,256,0.022518290560202842
2.3000000000000003,2.3000000000000003,0.0,0.0,257,0.022518290560202842
2.3000000000000003,2.3000000000000003,0.0,0.0,257,0.022518290560202842
2.3000000000000003,2.3000000000000003,0.0,0.0,256,0.022518290560202842
2.3000000000000003,2.3000000000000003,0.0,0.0,257,0.022518290560202842
2.3000000000000003,2.3000000000000003,0.0,0.0,257,0.022518290560202842
2.3000000000000003,2.3000000000000003,0.0,0.0,256,0.022518290560202842
2.3000000000000003,2.3000000000000003,0.0,0.0,257,0.022518290560202842
2.3000000000000003,2.3000000000000003,0.0,0.0,257,0.022518290560202842
2.3000000000000003,2.3000000000000003,0.0,0.0,257,0.022518290560202842
2.3000000000000003,2.3000000000000003,0.0,0.0,257,0.022518290560202842
2.3000000000000003,2.3000000000000003,0.0,0.0,256,0.022518290560202842
2.3000000000000003,2.3000000000000003,0.0,0.0,257,0.022518290560202842
2.3000000000000003,2.3000000000000003,0.0,0.0,256,0.022518290560202842
2.3000000000000003,2.3000000000000003,0.0,0.0,257,0.022518290560202842
2.3000000000000003,2.3000000000000003,0.0,0.0,258,0.022518290560202842
2.3000000000000003,2.3000000000000003,0.0,0.0,258,0.022518290560202842
2.3000000000000003,2.3000000000000003,0.0,0.0,258,0.022518290560202842
2.3000000000000003,2.3000000000000003,0.0,0.0,258,0.022518290560202842
2.3000000000000003,2.3000000000000003,0.0,0.0,258,0.022518290560202842
2.3000000000000003,2.3000000000000003,0.0,0.0,258,0.022518290560202842
2.3000000000000003,2.3000000000000003,0.0,0.0,259,0.022518290560202842
2.3000000000000003,2.3000000000000003,0.0,0.0,259,0.022518290560202842
2.3000000000000003,2.3000000000000003,0.0,0.0,258,0.022518290560202842
2.3000000000000003,2.3000000000000003,0.0,0.0,259,0.022518290560202842
2.3000000000000003,2.3000000000000003,0.0,0.0,259,0.022518290560202842
2.3000000000000003,2.3000000000000003,0.0,0.0,259,0.022518290560202842
2.3000000000000003,2.3000000000000003,0.0,0.0,260,0.022518290560202842
2.3000000000000003,2.3000000000000003,0.0,0.0,260,0.022518290560202842
2.3000000000000003,2.3000000000000003,0.0,0.0,262,0.022518290560202842
2.3000000000000003,2.3000000000000003,0.0,0.0,262,0.022518290560202842
2.3000000000000003,2.3000000000000003,0.0,0.0,262,0.022518290560202842
2.3000000000000003,2.3000000000000003,0.0,0.0,263,0.022518290560202842
2.3000000000000003,2.3000000000000003,0.0,0.0,263,0.022518290560202842
2.3000000000000003,2.3000000000000003,0.0,0.0,264,0.022518290560202842
2.3000000000000003,2.3000000000000003,0.0,0.0,264,0.022518290560202842
2.3000000000000003,2.3000000000000003,0.0,0.0,265,0.022518290560202842
2.3000000000000003,2.3000000000000003,0.0,0.0,265,0.022518290560202842
2.3000000000000003,2.3000000000000003,0.0,0.0,266,0.022518290560202842
2.3000000000000003,2.3000000000000003,0.0,0.0,266,0.022518290560202842
2.3000000000000003,2.3000000000000003,0.0,0.0,267,0.022518290560202842
2.3000000000000003,2.3000000000000003,0.0,0.0,268,0.022518290560202842
2.3000000000000003,2.3000000000000003,0.0,0.0,268,0.022518290560202842
2.3000000000000003,2.3000000000000003,0.0,0.0,267,0.022518290560202842
2.3000000000000003,2.3000000000000003,0.0,0.0,267,0.022518290560202842
2.1,2.1,0.0,0.0,268,0.022518290560202842
2.0,2.0,0.0,0.0,267,0.022518290560202842
1.8,1.8,0.0,0.0,267,0.022518290560202842
1.6,1.6,0.0,0.0,267,0.022518290560202842
1.4000000000000001,1.4000000000000001,0.0,0.0,267,0.022518290560202842
1.3,1.3,0.0,0.0,267,0.022518290560202842
1.3,1.3,0.0,0.0,268,0.022518290560202842
1.2000000000000002,1.2000000000000002,0.0,0.0,269,0.022518290560202842
1.1,1.1,0.0,0.0,270,0.022518290560202842
1.0,1.0,0.0,0.0,272,0.022518290560202842
1.0,1.0,0.0,0.0,272,0.022518290560202842
0.9,0.9,0.0,0.0,272,0.022518290560202842
0.9,0.9,0.0,0.0,273,0.022518290560202842
0.9,0.9,0.0,0.0,276,0.022518290560202842
0.8,0.8,0.0,0.0,277,0.022518290560202842
0.8,0.8,0.0,0.0,280,0.022518290560202842
0.8,0.8,0.0,0.0,283,0.022518290560202842
0.8,0.8,0.0,0.0,283,0.022518290560202842
0.7000000000000001,0.7000000000000001,0.0,0.0,289,0.022642701005286835
0.7000000000000001,0.7000000000000001,0.0,0.0,293,0.022642701005286835
0.7000000000000001,0.7000000000000001,0.0,0.0,296,0.022642701005286835
0.7000000000000001,0.7000000000000001,0.0,0.0,295,0.022642701005286835
0.6000000000000001,0.6000000000000001,0.0,0.0,303,0.022642701005286835
0.6000000000000001,0.6000000000000001,0.0,0.0,306,0.022642701005286835
0.6000000000000001,0.6000000000000001,0.0,0.0,311,0.022642701005286835
0.6000000000000001,0.6000000000000001,0.0,0.0,310,0.022642701005286835
0.6000000000000001,0.6000000000000001,0.0,0.0,316,0.022642701005286835
0.6000000000000001,0.6000000000000001,0.0,0.0,323,0.022642701005286835
0.5,0.5,0.0,0.0,326,0.022642701005286835
0.5,0.5,0.0,0.0,332,0.022642701005286835
0.5,0.5,0.0,0.0,338,0.022767111450370827
0.5,0.5,0.0,0.0,340,0.022767111450370827
0.5,0.5,0.0,0.0,345,0.022767111450370827
0.5,0.5,0.0,0.0,342,0.022767111450370827
0.7000000000000001,0.7000000000000001,0.0,0.0,345,0.022767111450370827
1.0,1.0,0.0,0.0,346,0.022767111450370827
1.3,1.3,0.0,0.0,348,0.022767111450370827
1.8,1.8,0.0,0.0,350,0.022767111450370827
2.2,2.2,0.0,0.0,348,0.022767111450370827
2.6,2.6,0.0,0.0,348,0.02289152189545482
3.1,3.1,0.0,0.0,346,0.02289152189545482
3.5,3.5,0.0,0.0,346,0.02289152189545482
3.6,3.6,0.0,0.0,343,0.023015932340538815
3.9000000000000004,3.9000000000000004,0.0,0.0,345,0.02314034278562281
4.1000000000000005,4.1000000000000005,0.0,0.0,345,0.02314034278562281
4.1000000000000005,4.1000000000000005,0.0,0.0,342,0.0233891636757908
4.1000000000000005,4.1000000000000005,0.0,0.0,338,0.0233891636757908
4.1000000000000005,4.1000000000000005,0.0,0.0,338,0.02351357412087479
4.0,4.0,0.0,0.0,336,0.023762395011042776
3.9000000000000004,3.9000000000000004,0.0,0.0,332,0.02388680545612677
3.9000000000000004,3.9000000000000004,0.0,0.0,330,0.024011215901210765
4.0,4.0,0.0,0.0,328,0.024135626346294757
4.0,4.0,0.0,0.0,324,0.02426003679137875
4.0,4.0,0.0,0.0,323,0.024384447236462742
3.9000000000000004,3.9000000000000004,0.0,0.0,322,0.024384447236462742
3.9000000000000004,3.9000000000000004,0.0,0.0,322,0.02450885768154674
3.8000000000000003,3.8000000000000003,0.0,0.0,320,0.024633268126630734
3.8000000000000003,3.8000000000000003,0.0,0.0,260,0.024757678571714726
3.8000000000000003,3.8000000000000003,0.0,0.0,260,0.024757678571714726
3.8000000000000003,3.8000000000000003,0.0,0.0,260,0.02488208901679872
3.8000000000000003,3.8000000000000003,0.0,0.0,260,0.025006499461882714
3.8000000000000003,3.8000000000000003,0.0,0.0,256,0.0252553203520507
3.8000000000000003,3.8000000000000003,0.0,0.0,257,0.025379730797134695
3.8000000000000003,3.8000000000000003,0.0,0.0,258,0.02562855168730268
3.8000000000000003,3.8000000000000003,0.0,0.0,258,0.02575296213238668
3.8000000000000003,3.8000000000000003,0.0,0.0,260,0.026001783022554664
3.8000000000000003,3.8000000000000003,0.0,0.0,257,0.026126193467638656
3.8000000000000003,3.8000000000000003,0.0,0.0,255,0.02625060391272265
3.7,3.7,0.0,0.0,248,0.026375014357806644
3.5,3.5,0.0,0.0,247,0.026375014357806644
3.3000000000000003,3.3000000000000003,0.0,0.0,245,0.026499424802890637
3.1,3.1,0.0,0.0,241,0.026499424802890637
2.9000000000000004,2.9000000000000004,0.0,0.0,241,0.026499424802890637
2.7,2.7,0.0,0.0,245,0.026499424802890637
2.5,2.5,0.0,0.0,245,0.026499424802890637
2.5,2.5,0.0,0.0,245,0.026499424802890637
2.4000000000000004,2.4000000000000004,0.0,0.0,248,0.026499424802890637
2.4000000000000004,2.4000000000000004,0.0,0.0,253,0.026499424802890637
2.4000000000000004,2.4000000000000004,0.0,0.0,253,0.026499424802890637
2.5,2.5,0.0,0.0,255,0.026499424802890637
2.6,2.6,0.0,0.0,253,0.02662383524797463
2.8000000000000003,2.8000000000000003,0.0,0.0,254,0.02674824569305862
3.0,3.0,0.0,0.0,253,0.026872656138142617
3.2,3.2,0.0,0.0,254,0.02699706658322661
3.4000000000000004,3.4000000000000004,0.0,0.0,252,0.02699706658322661
3.5,3.5,0.0,0.0,253,0.027121477028310605
3.9000000000000004,3.9000000000000004,0.0,0.0,253,0.0272458874733946
4.1000000000000005,4.1000000000000005,0.0,0.0,254,0.0272458874733946
4.1000000000000005,4.1000000000000005,0.0,0.0,255,0.0272458874733946
4.3,4.3,0.0,0.0,248,0.027370297918478594
4.3,4.3,0.0,0.0,248,0.027370297918478594
4.3,4.3,0.0,0.0,247,0.027370297918478594
4.2,4.2,0.0,0.0,249,0.027370297918478594
4.1000000000000005,4.1000000000000005,0.0,0.0,240,0.027370297918478594
4.1000000000000005,4.1000000000000005,0.0,0.0,238,0.027370297918478594
4.0,4.0,0.0,0.0,236,0.027370297918478594
3.9000000000000004,3.9000000000000004,0.0,0.0,234,0.027370297918478594
3.7,3.7,0.0,0.0,232,0.027494708363562586
3.5,3.5,0.0,0.0,231,0.02761911880864658
3.2,3.2,0.0,0.0,227,0.027867939698814567
3.2,3.2,0.0,0.0,227,0.02799235014389856
3.2,3.2,0.0,0.0,220,0.028241171034066544
3.2,3.2,0.0,0.0,218,0.028365581479150543
2.7,2.7,0.0,0.0,218,0.028489991924234535
2.2,2.2,0.0,0.0,219,0.028614402369318528
1.8,1.8,0.0,0.0,213,0.028738812814402524
1.4000000000000001,1.4000000000000001,0.0,0.0,221,0.028738812814402524
1.3,1.3,0.0,0.0,219,0.028863223259486516
1.2000000000000002,1.2000000000000002,0.0,0.0,209,0.02898763370457051
1.2000000000000002,1.2000000000000002,0.0,0.0,211,0.0291120441496545
1.1,1.1,0.0,0.0,218,0.029236454594738497
1.0,1.0,0.0,0.0,219,0.029236454594738497
1.0,1.0,0.0,0.0,205,0.02936086503982249
0.9,0.9,0.0,0.0,215,0.02948527548490648
0.9,0.9,0.0,0.0,220,0.029609685929990474
0.9,0.9,0.0,0.0,215,0.029734096375074473
0.8,0.8,0.0,0.0,216,0.029858506820158465
0.8,0.8,0.0,0.0,217,0.029982917265242458
0.8,0.8,0.0,0.0,216,0.03010732771032645
0.8,0.8,0.0,0.0,204,0.030231738155410446
0.7000000000000001,0.7000000000000001,0.0,0.0,215,0.03035614860049444
0.7000000000000001,0.7000000000000001,0.0,0.0,216,0.03048055904557843
0.7000000000000001,0.7000000000000001,0.0,0.0,215,0.03048055904557843
0.7000000000000001,0.7000000000000001,0.0,0.0,204,0.030604969490662423
0.6000000000000001,0.6000000000000001,0.0,0.0,217,0.030604969490662423
0.6000000000000001,0.6000000000000001,0.0,0.0,223,0.03072937993574642
0.6000000000000001,0.6000000000000001,0.0,0.0,219,0.03085379038083041
0.6000000000000001,0.6000000000000001,0.0,0.0,218,0.031102611270998403
0.6000000000000001,0.6000000000000001,0.0,0.0,222,0.03147584260625038
0.6000000000000001,0.6000000000000001,0.0,0.0,222,0.03184907394150236
0.5,0.5,0.0,0.0,225,0.03234671572183834
0.5,0.5,0.0,0.0,228,0.03271994705709032
0.5,0.5,0.0,0.0,234,0.03321758883742629
0.5,0.5,0.0,0.0,237,0.03359082017267827
0.5,0.5,0.0,0.0,243,0.03383964106284626
0.5,0.5,0.0,0.0,247,0.033964051507930255
0.4,0.4,0.0,0.0,253,0.033964051507930255
0.4,0.4,0.0,0.0,255,0.033964051507930255
0.4,0.4,0.0,0.0,201,0.033964051507930255
0.4,0.4,0.0,0.0,203,0.034088461953014244
0.4,0.4,0.0,0.0,202,0.03421287239809824
0.4,0.4,0.0,0.0,204,0.034337282843182236
0.4,0.4,0.0,0.0,208,0.034337282843182236
0.4,0.4,0.0,0.0,205,0.034337282843182236
0.30000000000000004,0.30000000000000004,0.0,0.0,210,0.034337282843182236
0.30000000000000004,0.30000000000000004,0.0,0.0,210,0.034337282843182236
0.30000000000000004,0.30000000000000004,0.0,0.0,216,0.034337282843182236
0.30000000000000004,0.30000000000000004,0.0,0.0,217,0.034337282843182236
0.30000000000000004,0.30000000000000004,0.0,0.0,216,0.034461693288266225
0.30000000000000004,0.30000000000000004,0.0,0.0,224,0.03458610373335022
0.30000000000000004,0.30000000000000004,0.0,0.0,231,0.034834924623518206
0.30000000000000004,0.30000000000000004,0.0,0.0,232,0.0349593350686022
0.30000000000000004,0.30000000000000004,0.0,0.0,238,0.0350837455136862
0.30000000000000004,0.30000000000000004,0.0,0.0,242,0.03520815595877019
0.2,0.2,0.0,0.0,240,0.03520815595877019
0.2,0.2,0.0,0.0,246,0.0350837455136862
0.2,0.2,0.0,0.0,252,0.0350837455136862
0.2,0.2,0.0,0.0,250,0.0349593350686022
0.2,0.2,0.0,0.0,252,0.034834924623518206
0.2,0.2,0.0,0.0,256,0.034834924623518206
0.2,0.2,0.0,0.0,256,0.0349593350686022
0.2,0.2,0.0,0.0,257,0.0349593350686022
0.2,0.2,0.0,0.0,305,0.0350837455136862
0.2,0.2,0.0,0.0,305,0.0350837455136862
0.2,0.2,0.0,0.0,301,0.0350837455136862
0.2,0.2,0.0,0.0,300,0.0349593350686022
0.2,0.2,0.0,0.0,304,0.0349593350686022
0.2,0.2,0.0,0.0,316,0.0349593350686022
0.2,0.2,0.0,0.0,328,0.0349593350686022
0.2,0.2,0.0,0.0,331,0.0349593350686022
0.1,0.1,0.0,0.0,326,0.0349593350686022
0.1,0.1,0.0,0.0,328,0.0349593350686022
0.1,0.1,0.0,0.0,329,0.0349593350686022
0.30000000000000004,0.30000000000000004,0.0,0.0,330,0.0349593350686022
0.4,0.4,0.0,0.0,328,0.0349593350686022
0.5,0.5,0.0,0.0,329,0.0349593350686022
0.6000000000000001,0.6000000000000001,0.0,0.0,331,0.0349593350686022
0.5,0.5,0.0,0.0,329,0.034834924623518206
0.6000000000000001,0.6000000000000001,0.0,0.0,332,0.034834924623518206
0.7000000000000001,0.7000000000000001,0.0,0.0,329,0.034834924623518206
0.9,0.9,0.0,0.0,331,0.0349593350686022
1.0,1.0,0.0,0.0,334,0.0349593350686022
1.0,1.0,0.0,0.0,332,0.0349593350686022
1.0,1.0,0.0,0.0,330,0.0349593350686022
1.0,1.0,0.0,0.0,329,0.0349593350686022
1.0,1.0,0.0,0.0,329,0.034834924623518206
1.0,1.0,0.0,0.0,330,0.034834924623518206
1.0,1.0,0.0,0.0,327,0.03471051417843421
1.0,1.0,0.0,0.0,329,0.03471051417843421
1.0,1.0,0.0,0.0,328,0.03471051417843421
1.0,1.0,0.0,0.0,328,0.034834924623518206
1.0,1.0,0.0,0.0,330,0.034834924623518206
1.0,1.0,0.0,0.0,328,0.034834924623518206
1.0,1.0,0.0,0.0,329,0.03471051417843421
0.9,0.9,0.0,0.0,327,0.03471051417843421
0.9,0.9,0.0,0.0,331,0.034461693288266225
0.9,0.9,0.0,0.0,329,0.034337282843182236
0.9,0.9,0.0,0.0,328,0.034337282843182236
0.9,0.9,0.0,0.0,329,0.034337282843182236
0.8,0.8,0.0,0.0,328,0.034337282843182236
0.8,0.8,0.0,0.0,328,0.034337282843182236
0.8,0.8,0.0,0.0,329,0.034337282843182236
0.8,0.8,0.0,0.0,328,0.034337282843182236
0.7000000000000001,0.7000000000000001,0.0,0.0,329,0.034337282843182236
0.7000000000000001,0.7000000000000001,0.0,0.0,328,0.034337282843182236
0.7000000000000001,0.7000000000000001,0.0,0.0,328,0.034337282843182236
0.6000000000000001,0.6000000000000001,0.0,0.0,330,0.034337282843182236
0.6000000000000001,0.6000000000000001,0.0,0.0,327,0.034337282843182236
0.6000000000000001,0.6000000000000001,0.0,0.0,327,0.034337282843182236
0.5,0.5,0.0,0.0,325,0.034461693288266225
0.5,0.5,0.0,0.0,326,0.03458610373335022
0.4,0.4,0.0,0.0,324,0.03458610373335022
0.4,0.4,0.0,0.0,325,0.03458610373335022
0.4,0.4,0.0,0.0,324,0.034337282843182236
0.4,0.4,0.0,0.0,324,0.03421287239809824
0.4,0.4,0.0,0.0,322,0.034088461953014244
0.4,0.4,0.0,0.0,322,0.034088461953014244
0.30000000000000004,0.30000000000000004,0.0,0.0,321,0.034088461953014244
0.30000000000000004,0.30000000000000004,0.0,0.0,321,0.03421287239809824
0.30000000000000004,0.30000000000000004,0.0,0.0,320,0.03421287239809824
0.30000000000000004,0.30000000000000004,0.0,0.0,320,0.03421287239809824
0.30000000000000004,0.30000000000000004,0.0,0.0,319,0.034088461953014244
0.30000000000000004,0.30000000000000004,0.0,0.0,318,0.03383964106284626
0.30000000000000004,0.30000000000000004,0.0,0.0,316,0.03371523061776227
0.30000000000000004,0.30000000000000004,0.0,0.0,317,0.03359082017267827
0.30000000000000004,0.30000000000000004,0.0,0.0,317,0.03346640972759428
0.30000000000000004,0.30000000000000004,0.0,0.0,317,0.03346640972759428
0.30000000000000004,0.30000000000000004,0.0,0.0,316,0.03359082017267827
0.2,0.2,0.0,0.0,315,0.03359082017267827
0.2,0.2,0.0,0.0,317,0.03359082017267827
0.2,0.2,0.0,0.0,315,0.03359082017267827
0.2,0.2,0.0,0.0,315,0.03346640972759428
0.2,0.2,0.0,0.0,315,0.03321758883742629
0.2,0.2,0.0,0.0,316,0.0329687679472583
0.2,0.2,0.0,0.0,317,0.032844357502174314
0.2,0.2,0.0,0.0,318,0.032844357502174314
0.2,0.2,0.0,0.0,318,0.032844357502174314
0.2,0.2,0.0,0.0,318,0.0329687679472583
0.2,0.2,0.0,0.0,318,0.0329687679472583
0.2,0.2,0.0,0.0,316,0.0330931783923423
0.2,0.2,0.0,0.0,318,0.0330931783923423
0.2,0.2,0.0,0.0,319,0.0329687679472583
0.2,0.2,0.0,0.0,319,0.0329687679472583
0.2,0.2,0.0,0.0,320,0.032844357502174314
0.1,0.1,0.0,0.0,320,0.03271994705709032
0.1,0.1,0.0,0.0,317,0.03247112616692233
0.1,0.1,0.0,0.0,318,0.03247112616692233
0.1,0.1,0.0,0.0,320,0.03247112616692233
0.1,0.1,0.0,0.0,320,0.03259553661200632
0.1,0.1,0.0,0.0,321,0.03271994705709032
0.1,0.1,0.0,0.0,323,0.032844357502174314
0.1,0.1,0.0,0.0,324,0.032844357502174314
0.1,0.1,0.0,0.0,324,0.032844357502174314
0.1,0.1,0.0,0.0,328,0.03271994705709032
0.1,0.1,0.0,0.0,327,0.032844357502174314
0.1,0.1,0.0,0.0,328,0.0329687679472583
0.1,0.1,0.0,0.0,326,0.0330931783923423
0.1,0.1,0.0,0.0,329,0.03321758883742629
0.1,0.1,0.0,0.0,328,0.0330931783923423
0.1,0.1,0.0,0.0,329,0.0329687679472583
0.1,0.1,0.0,0.0,329,0.03271994705709032
0.1,0.1,0.0,0.0,332,0.03234671572183834
0.1,0.1,0.0,0.0,326,0.032097894831670346
0.1,0.1,0.0,0.0,329,0.03197348438658636
0.1,0.1,0.0,0.0,330,0.03197348438658636
0.1,0.1,0.0,0.0,331,0.03197348438658636
0.1,0.1,0.0,0.0,333,0.032097894831670346
0.1,0.1,0.0,0.0,333,0.032097894831670346
0.1,0.1,0.0,0.0,333,0.03197348438658636
0.1,0.1,0.0,0.0,335,0.03197348438658636
0.1,0.1,0.0,0.0,337,0.03197348438658636
0.1,0.1,0.0,0.0,334,0.03197348438658636
0.1,0.1,0.0,0.0,337,0.032097894831670346
0.1,0.1,0.0,0.0,338,0.03222230527675434
0.1,0.1,0.0,0.0,339,0.03247112616692233
0.0,0.0,0.0,0.0,341,0.03259553661200632
0.0,0.0,0.0,0.0,345,0.03247112616692233
0.0,0.0,0.0,0.0,344,0.03222230527675434
0.0,0.0,0.0,0.0,347,0.03184907394150236
0.0,0.0,0.0,0.0,347,0.031600253051334376
0.0,0.0,0.0,0.0,349,0.03147584260625038
0.0,0.0,0.0,0.0,350,0.03147584260625038
0.0,0.0,0.0,0.0,351,0.031600253051334376
0.0,0.0,0.0,0.0,352,0.031600253051334376
0.0,0.0,0.0,0.0,353,0.031600253051334376
0.0,0.0,0.0,0.0,353,0.03147584260625038
0.0,0.0,0.0,0.0,352,0.03135143216116639
0.0,0.0,0.0,0.0,352,0.031227021716082395
0.0,0.0,0.0,0.0,350,0.031102611270998403
0.0,0.0,0.0,0.0,353,0.030978200825914404
0.0,0.0,0.0,0.0,359,0.030978200825914404
0.0,0.0,0.0,0.0,354,0.030978200825914404
0.0,0.0,0.0,0.0,355,0.030978200825914404
0.0,0.0,0.0,0.0,355,0.030978200825914404
0.2,0.2,0.0,0.0,355,0.03085379038083041
0.30000000000000004,0.30000000000000004,0.0,0.0,355,0.03085379038083041
0.4,0.4,0.0,0.0,355,0.03072937993574642
0.6000000000000001,0.6000000000000001,0.0,0.0,356,0.030604969490662423
0.8,0.8,0.0,0.0,356,0.03048055904557843
1.1,1.1,0.0,0.0,355,0.03048055904557843
1.3,1.3,0.0,0.0,357,0.03035614860049444
1.6,1.6,0.0,0.0,358,0.03035614860049444
1.7000000000000002,1.7000000000000002,0.0,0.0,356,0.03035614860049444
1.7000000000000002,1.7000000000000002,0.0,0.0,360,0.03035614860049444
1.8,1.8,0.0,0.0,360,0.030231738155410446
1.9000000000000001,1.9000000000000001,0.0,0.0,360,0.03010732771032645
2.0,2.0,0.0,0.0,359,0.029982917265242458
2.0,2.0,0.0,0.0,360,0.029982917265242458
2.0,2.0,0.0,0.0,359,0.029982917265242458
2.2,2.2,0.0,0.0,359,0.029982917265242458
2.3000000000000003,2.3000000000000003,0.0,0.0,358,0.029982917265242458
2.6,2.6,0.0,0.0,358,0.029982917265242458
2.6,2.6,0.0,0.0,358,0.029982917265242458
2.6,2.6,0.0,0.0,358,0.029858506820158465
2.6,2.6,0.0,0.0,358,0.029858506820158465
2.6,2.6,0.0,0.0,359,0.029858506820158465
2.7,2.7,0.0,0.0,358,0.029734096375074473
2.7,2.7,0.0,0.0,362,0.029734096375074473
2.7,2.7,0.0,0.0,362,0.029734096375074473
2.7,2.7,0.0,0.0,362,0.029734096375074473
2.9000000000000004,2.9000000000000004,0.0,0.0,361,0.029734096375074473
2.9000000000000004,2.9000000000000004,0.0,0.0,362,0.029734096375074473
2.8000000000000003,2.8000000000000003,0.0,0.0,362,0.029734096375074473
2.9000000000000004,2.9000000000000004,0.0,0.0,361,0.029734096375074473
3.0,3.0,0.0,0.0,361,0.029734096375074473
3.0,3.0,0.0,0.0,361,0.029734096375074473
3.0,3.0,0.0,0.0,357,0.029734096375074473
2.9000000000000004,2.9000000000000004,0.0,0.0,356,0.029734096375074473
2.9000000000000004,2.9000000000000004,0.0,0.0,356,0.029734096375074473
3.0,3.0,0.0,0.0,357,0.029734096375074473
3.0,3.0,0.0,0.0,356,0.029734096375074473
3.0,3.0,0.0,0.0,354,0.029734096375074473
3.0,3.0,0.0,0.0,357,0.029734096375074473
3.0,3.0,0.0,0.0,355,0.029734096375074473
3.0,3.0,0.0,0.0,354,0.029734096375074473
3.0,3.0,0.0,0.0,353,0.029858506820158465
3.0,3.0,0.0,0.0,352,0.029858506820158465
3.0,3.0,0.0,0.0,354,0.029858506820158465
3.0,3.0,0.0,0.0,353,0.029858506820158465
3.0,3.0,0.0,0.0,348,0.029858506820158465
3.0,3.0,0.0,0.0,348,0.029858506820158465
3.0,3.0,0.0,0.0,351,0.029858506820158465
3.0,3.0,0.0,0.0,350,0.029858506820158465
3.0,3.0,0.0,0.0,349,0.029858506820158465
3.0,3.0,0.0,0.0,349,0.029982917265242458
3.0,3.0,0.0,0.0,348,0.029982917265242458
3.0,3.0,0.0,0.0,348,0.029982917265242458
3.0,3.0,0.0,0.0,347,0.029982917265242458
3.0,3.0,0.0,0.0,346,0.029982917265242458
3.0,3.0,0.0,0.0,348,0.029982917265242458
3.0,3.0,0.0,0.0,348,0.03010732771032645
3.0,3.0,0.0,0.0,347,0.03010732771032645
3.0,3.0,0.0,0.0,346,0.030231738155410446
3.0,3.0,0.0,0.0,346,0.03035614860049444
3.0,3.0,0.0,0.0,345,0.03035614860049444
3.0,3.0,0.0,0.0,343,0.03048055904557843
3.0,3.0,0.0,0.0,341,0.030604969490662423
2.9000000000000004,2.9000000000000004,0.0,0.0,341,0.03072937993574642
2.8000000000000003,2.8000000000000003,0.0,0.0,339,0.030978200825914404
2.6,2.6,0.0,0.0,338,0.031227021716082395
2.5,2.5,0.0,0.0,335,0.03147584260625038
2.5,2.5,0.0,0.0,334,0.031600253051334376
2.4000000000000004,2.4000000000000004,0.0,0.0,330,0.031724663496418365
2.4000000000000004,2.4000000000000004,0.0,0.0,329,0.03197348438658636
2.4000000000000004,2.4000000000000004,0.0,0.0,330,0.03197348438658636
2.4000000000000004,2.4000000000000004,0.0,0.0,329,0.032097894831670346
2.4000000000000004,2.4000000000000004,0.0,0.0,328,0.032097894831670346
2.4000000000000004,2.4000000000000004,0.0,0.0,326,0.03222230527675434
2.4000000000000004,2.4000000000000004,0.0,0.0,326,0.03222230527675434
2.4000000000000004,2.4000000000000004,0.0,0.0,324,0.03247112616692233
2.4000000000000004,2.4000000000000004,0.0,0.0,324,0.03259553661200632
2.4000000000000004,2.4000000000000004,0.0,0.0,323,0.0329687679472583
2.4000000000000004,2.4000000000000004,0.0,0.0,326,0.03334199928251028
2.4000000000000004,2.4000000000000004,0.0,0.0,326,0.03383964106284626
2.4000000000000004,2.4000000000000004,0.0,0.0,326,0.034337282843182236
2.4000000000000004,2.4000000000000004,0.0,0.0,325,0.0350837455136862
2.4000000000000004,2.4000000000000004,0.0,0.0,326,0.03558138729402217
2.4000000000000004,2.4000000000000004,0.0,0.0,326,0.03620343951944213
2.4000000000000004,2.4000000000000004,0.0,0.0,324,0.03657667085469412
2.4000000000000004,2.4000000000000004,0.0,0.0,326,0.036701081299778116
2.4000000000000004,2.4000000000000004,0.0,0.0,324,0.036825491744862104
2.4000000000000004,2.4000000000000004,0.0,0.0,324,0.036825491744862104
2.4000000000000004,2.4000000000000004,0.0,0.0,323,0.0369499021899461
2.4000000000000004,2.4000000000000004,0.0,0.0,323,0.037198723080114085
2.4000000000000004,2.4000000000000004,0.0,0.0,324,0.03744754397028207
2.4000000000000004,2.4000000000000004,0.0,0.0,324,0.03806959619570204
2.4000000000000004,2.4000000000000004,0.0,0.0,323,0.03856723797603801
2.4000000000000004,2.4000000000000004,0.0,0.0,323,0.039064879756373995
2.4000000000000004,2.4000000000000004,0.0,0.0,323,0.03943811109162597
2.4000000000000004,2.4000000000000004,0.0,0.0,322,0.039935752871961945
2.4000000000000004,2.4000000000000004,0.0,0.0,321,0.04018457376212993
2.4000000000000004,2.4000000000000004,0.0,0.0,319,0.04055780509738191
2.4000000000000004,2.4000000000000004,0.0,0.0,320,0.040806625987549895
2.4000000000000004,2.4000000000000004,0.0,0.0,319,0.041055446877717894
2.4000000000000004,2.4000000000000004,0.0,0.0,320,0.04117985732280188
2.4000000000000004,2.4000000000000004,0.0,0.0,319,0.04130426776788588
2.4000000000000004,2.4000000000000004,0.0,0.0,319,0.04155308865805386
2.4000000000000004,2.4000000000000004,0.0,0.0,318,0.04180190954822185
2.4000000000000004,2.4000000000000004,0.0,0.0,318,0.04205073043838984
2.4000000000000004,2.4000000000000004,0.0,0.0,320,0.042299551328557825
2.4000000000000004,2.4000000000000004,0.0,0.0,319,0.042672782663809805
2.4000000000000004,2.4000000000000004,0.0,0.0,320,0.042797193108893794
2.4000000000000004,2.4000000000000004,0.0,0.0,319,0.042672782663809805
2.4000000000000004,2.4000000000000004,0.0,0.0,319,0.04254837221872581
2.4000000000000004,2.4000000000000004,0.0,0.0,318,0.042299551328557825
2.4000000000000004,2.4000000000000004,0.0,0.0,318,0.04192631999330584
2.4000000000000004,2.4000000000000004,0.0,0.0,319,0.04180190954822185
2.2,2.2,0.0,0.0,318,0.04192631999330584
1.9000000000000001,1.9000000000000001,0.0,0.0,319,0.04217514088347383
1.7000000000000002,1.7000000000000002,0.0,0.0,320,0.042672782663809805
1.4000000000000001,1.4000000000000001,0.0,0.0,321,0.04317042444414578
1.3,1.3,0.0,0.0,319,0.04366806622448175
1.2000000000000002,1.2000000000000002,0.0,0.0,320,0.04404129755973374
1.1,1.1,0.0,0.0,318,0.04404129755973374
1.1,1.1,0.0,0.0,318,0.04404129755973374
1.0,1.0,0.0,0.0,319,0.043916887114649736
0.9,0.9,0.0,0.0,320,0.043792476669565754
0.9,0.9,0.0,0.0,321,0.04366806622448175
0.9,0.9,0.0,0.0,324,0.04366806622448175
0.9,0.9,0.0,0.0,324,0.04366806622448175
0.8,0.8,0.0,0.0,323,0.04366806622448175
0.8,0.8,0.0,0.0,325,0.04366806622448175
0.8,0.8,0.0,0.0,328,0.04354365577939776
0.8,0.8,0.0,0.0,328,0.043419245334313766
0.7000000000000001,0.7000000000000001,0.0,0.0,331,0.043419245334313766
0.7000000000000001,0.7000000000000001,0.0,0.0,331,0.04317042444414578
0.7000000000000001,0.7000000000000001,0.0,0.0,260,0.04317042444414578
0.7000000000000001,0.7000000000000001,0.0,0.0,264,0.04317042444414578
0.6000000000000001,0.6000000000000001,0.0,0.0,274,0.04317042444414578
0.6000000000000001,0.6000000000000001,0.0,0.0,278,0.043419245334313766
0.6000000000000001,0.6000000000000001,0.0,0.0,351,0.04354365577939776
0.6000000000000001,0.6000000000000001,0.0,0.0,357,0.04366806622448175
0.6000000000000001,0.6000000000000001,0.0,0.0,355,0.04366806622448175
0.6000000000000001,0.6000000000000001,0.0,0.0,356,0.04366806622448175
0.5,0.5,0.0,0.0,357,0.04354365577939776
0.5,0.5,0.0,0.0,354,0.043419245334313766
0.5,0.5,0.0,0.0,355,0.04329483488922977
0.5,0.5,0.0,0.0,355,0.043419245334313766
0.5,0.5,0.0,0.0,355,0.043419245334313766
0.5,0.5,0.0,0.0,355,0.04354365577939776
0.4,0.4,0.0,0.0,356,0.04354365577939776
0.4,0.4,0.0,0.0,352,0.04354365577939776
0.4,0.4,0.0,0.0,357,0.043419245334313766
0.4,0.4,0.0,0.0,357,0.043419245334313766
0.4,0.4,0.0,0.0,360,0.04329483488922977
0.4,0.4,0.0,0.0,358,0.043046013999061786
0.4,0.4,0.0,0.0,358,0.0429216035539778
0.4,0.4,0.0,0.0,355,0.042672782663809805
0.30000000000000004,0.30000000000000004,0.0,0.0,354,0.042672782663809805
0.30000000000000004,0.30000000000000004,0.0,0.0,355,0.042797193108893794
0.30000000000000004,0.30000000000000004,0.0,0.0,356,0.043046013999061786
0.30000000000000004,0.30000000000000004,0.0,0.0,354,0.043419245334313766
0.30000000000000004,0.30000000000000004,0.0,0.0,356,0.043916887114649736
0.30000000000000004,0.30000000000000004,0.0,0.0,356,0.04429011844990172
0.30000000000000004,0.30000000000000004,0.0,0.0,356,0.0446633497851537
0.30000000000000004,0.30000000000000004,0.0,0.0,356,0.04516099156548968
0.30000000000000004,0.30000000000000004,0.0,0.0,356,0.04565863334582565
0.30000000000000004,0.30000000000000004,0.0,0.0,356,0.04628068557124562
0.30000000000000004,0.30000000000000004,0.0,0.0,356,0.0467783273515816
0.2,0.2,0.0,0.0,354,0.04727596913191757
0.2,0.2,0.0,0.0,354,0.047649200467169556
0.2,0.2,0.0,0.0,354,0.047649200467169556
0.2,0.2,0.0,0.0,351,0.04740037957700156
0.2,0.2,0.0,0.0,352,0.04715155868683357
0.2,0.2,0.0,0.0,350,0.04702714824174958
0.2,0.2,0.0,0.0,351,0.04690273779666559
0.2,0.2,0.0,0.0,350,0.04715155868683357
0.2,0.2,0.0,0.0,349,0.04740037957700156
0.2,0.2,0.0,0.0,352,0.047649200467169556
0.2,0.2,0.0,0.0,349,0.047649200467169556
0.2,0.2,0.0,0.0,349,0.04752479002208555
0.2,0.2,0.0,0.0,351,0.04727596913191757
0.2,0.2,0.0,0.0,352,0.04702714824174958
0.2,0.2,0.0,0.0,350,0.04690273779666559
0.2,0.2,0.0,0.0,350,0.04715155868683357
0.1,0.1,0.0,0.0,350,0.04740037957700156
0.1,0.1,0.0,0.0,349,0.047649200467169556
0.1,0.1,0.0,0.0,351,0.04789802135733754
0.1,0.1,0.0,0.0,351,0.04777361091225354
0.1,0.1,0.0,0.0,352,0.04752479002208555
0.1,0.1,0.0,0.0,351,0.04727596913191757
0.1,0.1,0.0,0.0,353,0.04715155868683357
0.1,0.1,0.0,0.0,351,0.04690273779666559
0.1,0.1,0.0,0.0,352,0.0467783273515816
0.1,0.1,0.0,0.0,350,0.046653916906497596
0.1,0.1,0.0,0.0,352,0.04652950646141361
0.1,0.1,0.0,0.0,349,0.04640509601632961
0.1,0.1,0.0,0.0,349,0.04640509601632961
0.1,0.1,0.0,0.0,347,0.04652950646141361
0.1,0.1,0.0,0.0,345,0.04640509601632961
0.1,0.1,0.0,0.0,347,0.04628068557124562
0.1,0.1,0.0,0.0,346,0.046156275126161626
0.1,0.1,0.0,0.0,346,0.04603186468107763
0.1,0.1,0.0,0.0,348,0.04603186468107763
0.2,0.2,0.0,0.0,346,0.04590745423599364
0.4,0.4,0.0,0.0,348,0.04565863334582565
0.5,0.5,0.0,0.0,347,0.04528540201057367
0.7000000000000001,0.7000000000000001,0.0,0.0,346,0.0446633497851537
0.9,0.9,0.0,0.0,347,0.043792476669565754
1.2000000000000002,1.2000000000000002,0.0,0.0,347,0.0429216035539778
1.4000000000000001,1.4000000000000001,0.0,0.0,347,0.04205073043838984
1.7000000000000002,1.7000000000000002,0.0,0.0,345,0.041055446877717894
1.8,1.8,0.0,0.0,344,0.040308984207213926
1.8,1.8,0.0,0.0,343,0.039562521536709964
2.2,2.2,0.0,0.0,343,0.03894046931129
2.2,2.2,0.0,0.0,345,0.03831841708587003
2.3000000000000003,2.3000000000000003,0.0,0.0,344,0.03782077530553406
2.3000000000000003,2.3000000000000003,0.0,0.0,344,0.03744754397028207
2.3000000000000003,2.3000000000000003,0.0,0.0,343,0.03707431263503009
2.4000000000000004,2.4000000000000004,0.0,0.0,343,0.03657667085469412
2.5,2.5,0.0,0.0,343,0.03607902907435814
2.6,2.6,0.0,0.0,344,0.03545697684893818
2.6,2.6,0.0,0.0,346,0.0349593350686022
2.9000000000000004,2.9000000000000004,0.0,0.0,346,0.034337282843182236
2.9000000000000004,2.9000000000000004,0.0,0.0,345,0.033964051507930255
2.8000000000000003,2.8000000000000003,0.0,0.0,345,0.03346640972759428
2.9000000000000004,2.9000000000000004,0.0,0.0,346,0.0329687679472583
2.8000000000000003,2.8000000000000003,0.0,0.0,346,0.03271994705709032
2.9000000000000004,2.9000000000000004,0.0,0.0,346,0.03247112616692233
2.8000000000000003,2.8000000000000003,0.0,0.0,346,0.03222230527675434
2.9000000000000004,2.9000000000000004,0.0,0.0,346,0.03222230527675434
2.8000000000000003,2.8000000000000003,0.0,0.0,345,0.032097894831670346
2.8000000000000003,2.8000000000000003,0.0,0.0,343,0.032097894831670346
2.8000000000000003,2.8000000000000003,0.0,0.0,343,0.032097894831670346
2.7,2.7,0.0,0.0,343,0.032097894831670346
2.7,2.7,0.0,0.0,342,0.032097894831670346
2.7,2.7,0.0,0.0,341,0.032097894831670346
2.6,2.6,0.0,0.0,340,0.032097894831670346
2.6,2.6,0.0,0.0,339,0.032097894831670346
2.6,2.6,0.0,0.0,339,0.032097894831670346
2.6,2.6,0.0,0.0,340,0.032097894831670346
2.6,2.6,0.0,0.0,339,0.032097894831670346
2.6,2.6,0.0,0.0,338,0.032097894831670346
2.6,2.6,0.0,0.0,337,0.032097894831670346
2.6,2.6,0.0,0.0,335,0.032097894831670346
2.6,2.6,0.0,0.0,333,0.032097894831670346
2.6,2.6,0.0,0.0,333,0.032097894831670346
2.6,2.6,0.0,0.0,332,0.032097894831670346
2.6,2.6,0.0,0.0,332,0.032097894831670346
2.5,2.5,0.0,0.0,330,0.032097894831670346
2.4000000000000004,2.4000000000000004,0.0,0.0,334,0.032097894831670346
2.3000000000000003,2.3000000000000003,0.0,0.0,332,0.032097894831670346
2.2,2.2,0.0,0.0,330,0.032097894831670346
2.2,2.2,0.0,0.0,329,0.032097894831670346
2.2,2.2,0.0,0.0,328,0.032097894831670346
2.2,2.2,0.0,0.0,328,0.03222230527675434
2.2,2.2,0.0,0.0,327,0.03222230527675434
2.2,2.2,0.0,0.0,327,0.03222230527675434
2.2,2.2,0.0,0.0,324,0.03247112616692233
2.2,2.2,0.0,0.0,324,0.03259553661200632
2.2,2.2,0.0,0.0,323,0.032844357502174314
2.2,2.2,0.0,0.0,321,0.0330931783923423
2.2,2.2,0.0,0.0,320,0.03334199928251028
2.2,2.2,0.0,0.0,320,0.03359082017267827
2.2,2.2,0.0,0.0,319,0.03371523061776227
2.2,2.2,0.0,0.0,318,0.03383964106284626
2.2,2.2,0.0,0.0,317,0.033964051507930255
2.2,2.2,0.0,0.0,316,0.034088461953014244
2.2,2.2,0.0,0.0,317,0.03421287239809824
2.2,2.2,0.0,0.0,317,0.034461693288266225
2.2,2.2,0.0,0.0,317,0.03458610373335022
2.2,2.2,0.0,0.0,316,0.03471051417843421
2.2,2.2,0.0,0.0,315,0.034834924623518206
2.2,2.2,0.0,0.0,315,0.0349593350686022
2.2,2.2,0.0,0.0,317,0.0350837455136862
2.2,2.2,0.0,0.0,315,0.03533256640385418
2.2,2.2,0.0,0.0,315,0.03545697684893818
2.2,2.2,0.0,0.0,314,0.03570579773910616
2.2,2.2,0.0,0.0,314,0.03607902907435814
2.2,2.2,0.0,0.0,313,0.036452260409610124
2.2,2.2,0.0,0.0,314,0.036825491744862104
2.2,2.2,0.0,0.0,313,0.037198723080114085
2.2,2.2,0.0,0.0,314,0.03769636486045006
2.2,2.2,0.0,0.0,312,0.03806959619570204
2.2,2.2,0.0,0.0,312,0.03831841708587003
2.2,2.2,0.0,0.0,311,0.03844282753095402
2.2,2.2,0.0,0.0,311,0.03856723797603801
2.2,2.2,0.0,0.0,311,0.03869164842112201
2.2,2.2,0.0,0.0,311,0.038816058866206
2.2,2.2,0.0,0.0,310,0.039064879756373995
2.2,2.2,0.0,0.0,311,0.03931370064654198
2.2,2.2,0.0,0.0,311,0.039562521536709964
2.2,2.2,0.0,0.0,309,0.03981134242687795
2.2,2.2,0.0,0.0,308,0.039935752871961945
2.2,2.2,0.0,0.0,308,0.04018457376212993
2.3000000000000003,2.3000000000000003,0.0,0.0,308,0.04043339465229792
2.4000000000000004,2.4000000000000004,0.0,0.0,307,0.040806625987549895
2.4000000000000004,2.4000000000000004,0.0,0.0,306,0.041055446877717894
2.4000000000000004,2.4000000000000004,0.0,0.0,306,0.04142867821296987
2.6,2.6,0.0,0.0,307,0.04167749910313785
2.7,2.7,0.0,0.0,305,0.04205073043838984
2.8000000000000003,2.8000000000000003,0.0,0.0,304,0.042299551328557825
2.9000000000000004,2.9000000000000004,0.0,0.0,302,0.042672782663809805
2.9000000000000004,2.9000000000000004,0.0,0.0,300,0.04317042444414578
2.9000000000000004,2.9000000000000004,0.0,0.0,298,0.04354365577939776
2.8000000000000003,2.8000000000000003,0.0,0.0,297,0.04404129755973374
2.7,2.7,0.0,0.0,297,0.04453893934006971
2.9000000000000004,2.9000000000000004,0.0,0.0,295,0.044912170675321696
2.9000000000000004,2.9000000000000004,0.0,0.0,295,0.04516099156548968
3.1,3.1,0.0,0.0,294,0.045409812455657665
3.3000000000000003,3.3000000000000003,0.0,0.0,293,0.04565863334582565
3.5,3.5,0.0,0.0,292,0.04603186468107763
3.7,3.7,0.0,0.0,293,0.04628068557124562
3.8000000000000003,3.8000000000000003,0.0,0.0,291,0.0467783273515816
4.2,4.2,0.0,0.0,290,0.04702714824174958
4.2,4.2,0.0,0.0,289,0.04752479002208555
4.3,4.3,0.0,0.0,289,0.04789802135733754
4.6000000000000005,4.6000000000000005,0.0,0.0,288,0.04839566313767351
4.7,4.7,0.0,0.0,286,0.048768894472925484
4.7,4.7,0.0,0.0,285,0.04926653625326147
5.0,5.0,0.0,0.0,285,0.04976417803359744
5.0,5.0,0.0,0.0,282,0.05038623025901741
5.0,5.0,0.0,0.0,282,0.050883872039353385
5.0,5.0,0.0,0.0,279,0.05150592426477336
5.0,5.0,0.0,0.0,277,0.05187915560002533
5.0,5.0,0.0,0.0,275,0.0523767973803613
5.0,5.0,0.0,0.0,276,0.0525012078254453
5.0,5.0,0.0,0.0,273,0.0525012078254453
4.9,4.9,0.0,0.0,270,0.052625618270529285
4.7,4.7,0.0,0.0,268,0.052874439160697284
4.6000000000000005,4.6000000000000005,0.0,0.0,264,0.053372080941033254
4.5,4.5,0.0,0.0,258,0.05399413316645322
4.5,4.5,0.0,0.0,255,0.05461618539187319
4.5,4.5,0.0,0.0,242,0.05523823761729316
4.5,4.5,0.0,0.0,230,0.05573587939762913
4.5,4.5,0.0,0.0,230,0.0563579316230491
4.5,4.5,0.0,0.0,223,0.056731162958301086
4.5,4.5,0.0,0.0,217,0.057228804738637055
4.5,4.5,0.0,0.0,203,0.057602036073889036
4.5,4.5,0.0,0.0,199,0.05797526740914102
4.5,4.5,0.0,0.0,189,0.058224088299309
4.5,4.5,0.0,0.0,180,0.05847290918947699
4.5,4.5,0.0,0.0,175,0.05872173007964498
4.5,4.5,0.0,0.0,167,0.05897055096981296
4.1000000000000005,4.1000000000000005,0.0,0.0,158,0.05909496141489696
3.8000000000000003,3.8000000000000003,0.0,0.0,155,0.05909496141489696
3.6,3.6,0.0,0.0,148,0.05909496141489696
3.3000000000000003,3.3000000000000003,0.0,0.0,140,0.05921937185998095
3.1,3.1,0.0,0.0,138,0.05921937185998095
2.9000000000000004,2.9000000000000004,0.0,0.0,133,0.059468192750148946
2.8000000000000003,2.8000000000000003,0.0,0.0,131,0.05971701364031693
2.6,2.6,0.0,0.0,129,0.0602146554206529
2.5,2.5,0.0,0.0,129,0.06071229720098888
2.3000000000000003,2.3000000000000003,0.0,0.0,128,0.06133434942640885
2.2,2.2,0.0,0.0,127,0.06170758076166082
2.2,2.2,0.0,0.0,128,0.06245404343216479
2.1,2.1,0.0,0.0,126,0.06295168521250076
2.0,2.0,0.0,0.0,126,0.06357373743792073
2.0,2.0,0.0,0.0,126,0.06419578966334069
2.0,2.0,0.0,0.0,127,0.06481784188876066
2.0,2.0,0.0,0.0,126,0.06556430455926462
2.0,2.0,0.0,0.0,126,0.0661863567846846
2.0,2.0,0.0,0.0,125,0.06680840901010457
2.0,2.0,0.0,0.0,123,0.06743046123552454
2.0,2.0,0.0,0.0,123,0.06792810301586051
2.0,2.0,0.0,0.0,122,0.06867456568636447
2.0,2.0,0.0,0.0,121,0.06917220746670044
2.0,2.0,0.0,0.0,119,0.06979425969212041
2.0,2.0,0.0,0.0,119,0.07041631191754039
2.0,2.0,0.0,0.0,117,0.07091395369787636
2.0,2.0,0.0,0.0,116,0.07141159547821233
2.0,2.0,0.0,0.0,116,0.0719092372585483
2.0,2.0,0.0,0.0,114,0.07240687903888426
2.0,2.0,0.0,0.0,113,0.07290452081922025
2.1,2.1,0.0,0.0,112,0.07315334170938824
2.2,2.2,0.0,0.0,111,0.07340216259955623
2.3000000000000003,2.3000000000000003,0.0,0.0,111,0.07340216259955623
2.4000000000000004,2.4000000000000004,0.0,0.0,109,0.07340216259955623
2.5,2.5,0.0,0.0,109,0.07340216259955623
2.6,2.6,0.0,0.0,105,0.07340216259955623
2.6,2.6,0.0,0.0,103,0.07340216259955623
2.6,2.6,0.0,0.0,102,0.07327775215447223
2.5,2.5,0.0,0.0,100,0.07327775215447223
2.5,2.5,0.0,0.0,99,0.07327775215447223
2.4000000000000004,2.4000000000000004,0.0,0.0,99,0.07315334170938824
2.4000000000000004,2.4000000000000004,0.0,0.0,97,0.07315334170938824
2.4000000000000004,2.4000000000000004,0.0,0.0,94,0.07315334170938824
2.4000000000000004,2.4000000000000004,0.0,0.0,94,0.07302893126430424
2.3000000000000003,2.3000000000000003,0.0,0.0,93,0.07265569992905227
2.3000000000000003,2.3000000000000003,0.0,0.0,91,0.07240687903888426
2.2,2.2,0.0,0.0,91,0.0720336477036323
2.2,2.2,0.0,0.0,90,0.07166041636838032
2.1,2.1,0.0,0.0,89,0.07128718503312834
2.1,2.1,0.0,0.0,89,0.07103836414296034
2.0,2.0,0.0,0.0,87,0.07066513280770836
2.0,2.0,0.0,0.0,88,0.07029190147245638
2.0,2.0,0.0,0.0,87,0.06979425969212041
2.0,2.0,0.0,0.0,86,0.06942102835686842
2.0,2.0,0.0,0.0,86,0.06917220746670044
2.0,2.0,0.0,0.0,86,0.06892338657653245
2.0,2.0,0.0,0.0,86,0.06892338657653245
2.0,2.0,0.0,0.0,85,0.06892338657653245
2.0,2.0,0.0,0.0,86,0.06892338657653245
2.0,2.0,0.0,0.0,87,0.06892338657653245
2.0,2.0,0.0,0.0,87,0.06892338657653245
2.0,2.0,0.0,0.0,86,0.06892338657653245
2.0,2.0,0.0,0.0,86,0.06879897613144846
2.0,2.0,0.0,0.0,86,0.06867456568636447
2.0,2.0,0.0,0.0,84,0.06855015524128047
2.0,2.0,0.0,0.0,84,0.06830133435111248
2.0,2.0,0.0,0.0,83,0.0680525134609445
2.0,2.0,0.0,0.0,81,0.06792810301586051
2.0,2.0,0.0,0.0,81,0.06767928212569252
2.0,2.0,0.0,0.0,80,0.06730605079044054
2.0,2.0,0.0,0.0,80,0.06705722990027255
2.0,2.0,0.0,0.0,80,0.06680840901010457
2.0,2.0,0.0,0.0,79,0.06655958811993658
2.0,2.0,0.0,0.0,79,0.06655958811993658
2.0,2.0,0.0,0.0,79,0.06655958811993658
2.0,2.0,0.0,0.0,79,0.06655958811993658
2.0,2.0,0.0,0.0,78,0.06655958811993658
2.0,2.0,0.0,0.0,78,0.06655958811993658
2.0,2.0,0.0,0.0,77,0.06643517767485257
2.0,2.0,0.0,0.0,77,0.06631076722976859
2.0,2.0,0.0,0.0,77,0.06606194633960061
2.0,2.0,0.0,0.0,76,0.06581312544943262
2.0,2.0,0.0,0.0,79,0.06556430455926462
2.0,2.0,0.0,0.0,79,0.06506666277892866
2.0,2.0,0.0,0.0,81,0.06481784188876066
2.0,2.0,0.0,0.0,80,0.0643202001084247
2.0,2.0,0.0,0.0,80,0.06394696877317271
2.0,2.0,0.0,0.0,81,0.06332491654775274
2.0,2.0,0.0,0.0,80,0.06257845387724878
2.0,2.0,0.0,0.0,79,0.06170758076166082
2.0,2.0,0.0,0.0,79,0.06108552853624086
2.0,2.0,0.0,0.0,79,0.0602146554206529
2.0,2.0,0.0,0.0,79,0.059592603195232935
2.0,2.0,0.0,0.0,79,0.05921937185998095
2.0,2.0,0.0,0.0,80,0.05872173007964498
2.0,2.0,0.0,0.0,80,0.058348498744393004
2.0,2.0,0.0,0.0,80,0.05797526740914102
2.0,2.0,0.0,0.0,80,0.05747762562880505
2.0,2.0,0.0,0.0,80,0.05697998384846907
2.0,2.0,0.0,0.0,81,0.05648234206813309
2.0,2.0,0.0,0.0,81,0.05598470028779712
2.0,2.0,0.0,0.0,81,0.05548705850746115
2.0,2.0,0.0,0.0,81,0.054865006282041176
2.0,2.0,0.0,0.0,81,0.0543673645017052
2.0,2.0,0.0,0.0,81,0.05386972272136923
2.0,2.0,0.0,0.0,82,0.05312326005086527
2.0,2.0,0.0,0.0,82,0.0523767973803613
1.9000000000000001,1.9000000000000001,0.0,0.0,81,0.051381513819689355
1.8,1.8,0.0,0.0,82,0.0505106407041014
1.7000000000000002,1.7000000000000002,0.0,0.0,82,0.04951535714342945
1.6,1.6,0.0,0.0,82,0.048893304918009486
1.5,1.5,0.0,0.0,84,0.048271252692589514
1.5,1.5,0.0,0.0,85,0.04789802135733754
1.4000000000000001,1.4000000000000001,0.0,0.0,85,0.04789802135733754
1.4000000000000001,1.4000000000000001,0.0,0.0,85,0.04789802135733754
1.3,1.3,0.0,0.0,85,0.04789802135733754
1.3,1.3,0.0,0.0,86,0.04789802135733754
1.3,1.3,0.0,0.0,88,0.04777361091225354
1.3,1.3,0.0,0.0,88,0.047649200467169556
1.3,1.3,0.0,0.0,88,0.04740037957700156
1.3,1.3,0.0,0.0,88,0.04715155868683357
1.3,1.3,0.0,0.0,89,0.04702714824174958
1.3,1.3,0.0,0.0,89,0.04715155868683357
1.3,1.3,0.0,0.0,90,0.04715155868683357
1.3,1.3,0.0,0.0,91,0.04727596913191757
1.3,1.3,0.0,0.0,92,0.04715155868683357
1.3,1.3,0.0,0.0,93,0.04702714824174958
1.3,1.3,0.0,0.0,93,0.0467783273515816
1.3,1.3,0.0,0.0,94,0.04652950646141361
1.3,1.3,0.0,0.0,94,0.04628068557124562
1.3,1.3,0.0,0.0,94,0.04628068557124562
1.3,1.3,0.0,0.0,94,0.04628068557124562
1.3,1.3,0.0,0.0,94,0.04652950646141361
1.3,1.3,0.0,0.0,95,0.0467783273515816
1.3,1.3,0.0,0.0,96,0.04702714824174958
1.3,1.3,0.0,0.0,95,0.04715155868683357
1.3,1.3,0.0,0.0,95,0.04690273779666559
1.3,1.3,0.0,0.0,97,0.04640509601632961
1.3,1.3,0.0,0.0,97,0.04578304379090964
1.3,1.3,0.0,0.0,99,0.045036581120405685
1.3,1.3,0.0,0.0,100,0.04441452889498571
1.3,1.3,0.0,0.0,100,0.04366806622448175
1.3,1.3,0.0,0.0,101,0.04329483488922977
1.3,1.3,0.0,0.0,101,0.042797193108893794
1.3,1.3,0.0,0.0,102,0.042299551328557825
1.3,1.3,0.0,0.0,102,0.04180190954822185
1.3,1.3,0.0,0.0,102,0.04130426776788588
1.3,1.3,0.0,0.0,103,0.040682215542465906
1.3,1.3,0.0,0.0,103,0.04018457376212993
1.3,1.3,0.0,0.0,105,0.03981134242687795
1.3,1.3,0.0,0.0,105,0.03968693198179396
1.3,1.3,0.0,0.0,105,0.03943811109162597
1.3,1.3,0.0,0.0,107,0.03931370064654198
1.3,1.3,0.0,0.0,108,0.039064879756373995
1.3,1.3,0.0,0.0,109,0.038816058866206
1.3,1.3,0.0,0.0,109,0.03844282753095402
1.3,1.3,0.0,0.0,108,0.03806959619570204
1.3,1.3,0.0,0.0,109,0.03769636486045006
1.3,1.3,0.0,0.0,111,0.03732313352519808
1.3,1.3,0.0,0.0,111,0.037198723080114085
1.3,1.3,0.0,0.0,111,0.03707431263503009
1.3,1.3,0.0,0.0,112,0.03707431263503009
1.3,1.3,0.0,0.0,112,0.0369499021899461
1.3,1.3,0.0,0.0,113,0.0369499021899461
1.3,1.3,0.0,0.0,113,0.0369499021899461
1.3,1.3,0.0,0.0,113,0.0369499021899461
1.3,1.3,0.0,0.0,115,0.03707431263503009
1.3,1.3,0.0,0.0,116,0.037198723080114085
1.3,1.3,0.0,0.0,114,0.037571954415366066
1.3,1.3,0.0,0.0,116,0.037945185750618046
1.3,1.3,0.0,0.0,116,0.03819400664078604
1.3,1.3,0.0,0.0,114,0.03844282753095402
1.3,1.3,0.0,0.0,116,0.03844282753095402
1.3,1.3,0.0,0.0,116,0.03831841708587003
1.3,1.3,0.0,0.0,115,0.03831841708587003
1.3,1.3,0.0,0.0,118,0.03844282753095402
1.3,1.3,0.0,0.0,118,0.03869164842112201
1.2000000000000002,1.2000000000000002,0.0,0.0,117,0.039064879756373995
1.2000000000000002,1.2000000000000002,0.0,0.0,119,0.039562521536709964
1.2000000000000002,1.2000000000000002,0.0,0.0,120,0.040060163317045934
1.2000000000000002,1.2000000000000002,0.0,0.0,120,0.04043339465229792
1.1,1.1,0.0,0.0,122,0.040682215542465906
1.0,1.0,0.0,0.0,123,0.040682215542465906
1.0,1.0,0.0,0.0,123,0.040682215542465906
1.0,1.0,0.0,0.0,125,0.040682215542465906
1.0,1.0,0.0,0.0,125,0.040806625987549895
1.0,1.0,0.0,0.0,126,0.04093103643263389
1.0,1.0,0.0,0.0,128,0.041055446877717894
1.0,1.0,0.0,0.0,128,0.04130426776788588
1.0,1.0,0.0,0.0,127,0.04130426776788588
1.0,1.0,0.0,0.0,128,0.04130426776788588
1.0,1.0,0.0,0.0,127,0.04117985732280188
1.0,1.0,0.0,0.0,126,0.041055446877717894
1.1,1.1,0.0,0.0,127,0.04093103643263389
1.2000000000000002,1.2000000000000002,0.0,0.0,127,0.040806625987549895
1.2000000000000002,1.2000000000000002,0.0,0.0,128,0.040806625987549895
1.3,1.3,0.0,0.0,129,0.040806625987549895
1.3,1.3,0.0,0.0,128,0.04093103643263389
1.3,1.3,0.0,0.0,128,0.04093103643263389
1.3,1.3,0.0,0.0,127,0.04093103643263389
1.3,1.3,0.0,0.0,123,0.04093103643263389
1.3,1.3,0.0,0.0,124,0.04093103643263389
1.2000000000000002,1.2000000000000002,0.0,0.0,121,0.04093103643263389
1.2000000000000002,1.2000000000000002,0.0,0.0,116,0.04093103643263389
1.1,1.1,0.0,0.0,118,0.04093103643263389
0.9,0.9,0.0,0.0,118,0.04093103643263389
0.9,0.9,0.0,0.0,115,0.04093103643263389
0.8,0.8,0.0,0.0,118,0.040806625987549895
0.7000000000000001,0.7000000000000001,0.0,0.0,117,0.040682215542465906
0.6000000000000001,0.6000000000000001,0.0,0.0,113,0.04018457376212993
0.6000000000000001,0.6000000000000001,0.0,0.0,117,0.03981134242687795
0.6000000000000001,0.6000000000000001,0.0,0.0,116,0.03931370064654198
0.5,0.5,0.0,0.0,118,0.039064879756373995
0.5,0.5,0.0,0.0,121,0.03894046931129
0.5,0.5,0.0,0.0,116,0.03894046931129
0.5,0.5,0.0,0.0,114,0.03894046931129
0.5,0.5,0.0,0.0,118,0.038816058866206
0.5,0.5,0.0,0.0,113,0.03869164842112201
0.4,0.4,0.0,0.0,113,0.03856723797603801
0.4,0.4,0.0,0.0,120,0.03844282753095402
0.4,0.4,0.0,0.0,112,0.03844282753095402
0.4,0.4,0.0,0.0,112,0.03844282753095402
0.4,0.4,0.0,0.0,121,0.03844282753095402
0.4,0.4,0.0,0.0,124,0.03844282753095402
0.4,0.4,0.0,0.0,125,0.03844282753095402
0.4,0.4,0.0,0.0,132,0.03844282753095402
0.30000000000000004,0.30000000000000004,0.0,0.0,135,0.03844282753095402
0.30000000000000004,0.30000000000000004,0.0,0.0,137,0.03844282753095402
0.30000000000000004,0.30000000000000004,0.0,0.0,141,0.03844282753095402
0.30000000000000004,0.30000000000000004,0.0,0.0,142,0.03844282753095402
0.30000000000000004,0.30000000000000004,0.0,0.0,142,0.03844282753095402
0.30000000000000004,0.30000000000000004,0.0,0.0,145,0.03844282753095402
0.30000000000000004,0.30000000000000004,0.0,0.0,144,0.03844282753095402
0.30000000000000004,0.30000000000000004,0.0,0.0,145,0.03844282753095402
0.30000000000000004,0.30000000000000004,0.0,0.0,146,0.03844282753095402
0.30000000000000004,0.30000000000000004,0.0,0.0,145,0.03844282753095402
0.2,0.2,0.0,0.0,147,0.03844282753095402
0.2,0.2,0.0,0.0,147,0.03844282753095402
0.2,0.2,0.0,0.0,148,0.03856723797603801
0.2,0.2,0.0,0.0,147,0.03869164842112201
0.2,0.2,0.0,0.0,148,0.038816058866206
0.30000000000000004,0.30000000000000004,0.0,0.0,148,0.039064879756373995
0.4,0.4,0.0,0.0,148,0.039064879756373995
0.6000000000000001,0.6000000000000001,0.0,0.0,148,0.03894046931129
0.9,0.9,0.0,0.0,147,0.03894046931129
0.8,0.8,0.0,0.0,148,0.039064879756373995
0.9,0.9,0.0,0.0,148,0.03931370064654198
1.0,1.0,0.0,0.0,148,0.03968693198179396
1.0,1.0,0.0,0.0,150,0.04018457376212993
0.9,0.9,0.0,0.0,150,0.040682215542465906
0.8,0.8,0.0,0.0,150,0.04093103643263389
0.8,0.8,0.0,0.0,149,0.04117985732280188
0.8,0.8,0.0,0.0,150,0.04130426776788588
0.8,0.8,0.0,0.0,151,0.04130426776788588
0.7000000000000001,0.7000000000000001,0.0,0.0,151,0.04142867821296987
0.7000000000000001,0.7000000000000001,0.0,0.0,151,0.04180190954822185
0.7000000000000001,0.7000000000000001,0.0,0.0,152,0.04217514088347383
0.7000000000000001,0.7000000000000001,0.0,0.0,153,0.042672782663809805
0.6000000000000001,0.6000000000000001,0.0,0.0,153,0.04329483488922977
0.6000000000000001,0.6000000000000001,0.0,0.0,154,0.04366806622448175
0.6000000000000001,0.6000000000000001,0.0,0.0,154,0.043916887114649736
0.5,0.5,0.0,0.0,154,0.04404129755973374
0.5,0.5,0.0,0.0,153,0.043916887114649736
0.5,0.5,0.0,0.0,154,0.043916887114649736
0.4,0.4,0.0,0.0,155,0.043916887114649736
0.4,0.4,0.0,0.0,155,0.04404129755973374
0.30000000000000004,0.30000000000000004,0.0,0.0,155,0.04416570800481773
0.30000000000000004,0.30000000000000004,0.0,0.0,157,0.04453893934006971
0.30000000000000004,0.30000000000000004,0.0,0.0,157,0.044912170675321696
0.30000000000000004,0.30000000000000004,0.0,0.0,158,0.04528540201057367
0.30000000000000004,0.30000000000000004,0.0,0.0,159,0.045534222900741654
0.30000000000000004,0.30000000000000004,0.0,0.0,159,0.04578304379090964
0.30000000000000004,0.30000000000000004,0.0,0.0,158,0.04590745423599364
0.30000000000000004,0.30000000000000004,0.0,0.0,158,0.04603186468107763
0.30000000000000004,0.30000000000000004,0.0,0.0,161,0.04628068557124562
0.2,0.2,0.0,0.0,162,0.0467783273515816
0.2,0.2,0.0,0.0,163,0.04740037957700156
0.2,0.2,0.0,0.0,164,0.048146842247505525
0.2,0.2,0.0,0.0,164,0.048768894472925484
0.2,0.2,0.0,0.0,164,0.04926653625326147
0.2,0.2,0.0,0.0,165,0.04951535714342945
0.2,0.2,0.0,0.0,167,0.04976417803359744
0.2,0.2,0.0,0.0,166,0.04976417803359744
0.2,0.2,0.0,0.0,169,0.04976417803359744
0.2,0.2,0.0,0.0,168,0.04976417803359744
0.2,0.2,0.0,0.0,169,0.04976417803359744
0.2,0.2,0.0,0.0,170,0.04976417803359744
0.2,0.2,0.0,0.0,172,0.04976417803359744
0.2,0.2,0.0,0.0,175,0.04988858847868143
0.2,0.2,0.0,0.0,175,0.050137409368849424
0.1,0.1,0.0,0.0,178,0.05038623025901741
0.1,0.1,0.0,0.0,178,0.051008282484437374
0.1,0.1,0.0,0.0,182,0.051381513819689355
0.1,0.1,0.0,0.0,184,0.051630334709857346
0.1,0.1,0.0,0.0,183,0.051630334709857346
0.1,0.1,0.0,0.0,183,0.051630334709857346
0.1,0.1,0.0,0.0,187,0.05150592426477336
0.1,0.1,0.0,0.0,185,0.051381513819689355
0.1,0.1,0.0,0.0,186,0.051381513819689355
0.1,0.1,0.0,0.0,186,0.051381513819689355
0.1,0.1,0.0,0.0,190,0.051381513819689355
0.1,0.1,0.0,0.0,189,0.051381513819689355
0.1,0.1,0.0,0.0,190,0.051381513819689355
0.1,0.1,0.0,0.0,193,0.05125710337460536
0.1,0.1,0.0,0.0,192,0.05125710337460536
0.1,0.1,0.0,0.0,192,0.05125710337460536
0.1,0.1,0.0,0.0,194,0.05125710337460536
0.1,0.1,0.0,0.0,195,0.05125710337460536
0.1,0.1,0.0,0.0,195,0.05125710337460536
0.1,0.1,0.0,0.0,196,0.05125710337460536
0.1,0.1,0.0,0.0,198,0.05125710337460536
0.1,0.1,0.0,0.0,201,0.05125710337460536
0.1,0.1,0.0,0.0,204,0.05113269292952137
0.1,0.1,0.0,0.0,204,0.05113269292952137
0.1,0.1,0.0,0.0,203,0.051008282484437374
0.1,0.1,0.0,0.0,204,0.050883872039353385
0.1,0.1,0.0,0.0,205,0.0506350511491854
0.1,0.1,0.0,0.0,205,0.0505106407041014
0.1,0.1,0.0,0.0,207,0.05026181981393341
0.1,0.1,0.0,0.0,207,0.050137409368849424
0.1,0.1,0.0,0.0,207,0.05001299892376543
0.0,0.0,0.0,0.0,209,0.04976417803359744
0.0,0.0,0.0,0.0,210,0.04976417803359744
0.0,0.0,0.0,0.0,210,0.04963976758851344
0.0,0.0,0.0,0.0,210,0.04963976758851344
0.0,0.0,0.0,0.0,213,0.04951535714342945
0.0,0.0,0.0,0.0,212,0.049390946698345456
0.0,0.0,0.0,0.0,215,0.04926653625326147
0.0,0.0,0.0,0.0,214,0.04901771536309348
0.0,0.0,0.0,0.0,216,0.048893304918009486
0.0,0.0,0.0,0.0,217,0.048644484027841495
0.0,0.0,0.0,0.0,220,0.048644484027841495
0.0,0.0,0.0,0.0,219,0.048644484027841495
0.0,0.0,0.0,0.0,220,0.048644484027841495
0.0,0.0,0.0,0.0,222,0.0485200735827575
0.0,0.0,0.0,0.0,222,0.04839566313767351
0.0,0.0,0.0,0.0,224,0.048146842247505525
0.0,0.0,0.0,0.0,226,0.04802243180242153
0.0,0.0,0.0,0.0,227,0.04789802135733754
0.0,0.0,0.0,0.0,229,0.04789802135733754
0.0,0.0,0.0,0.0,233,0.04789802135733754
0.0,0.0,0.0,0.0,233,0.04789802135733754
0.0,0.0,0.0,0.0,234,0.04789802135733754
0.0,0.0,0.0,0.0,238,0.04789802135733754
0.0,0.0,0.0,0.0,237,0.04789802135733754
0.0,0.0,0.0,0.0,241,0.04789802135733754
0.0,0.0,0.0,0.0,242,0.04777361091225354
0.0,0.0,0.0,0.0,246,0.047649200467169556
0.0,0.0,0.0,0.0,246,0.04740037957700156
0.0,0.0,0.0,0.0,249,0.04715155868683357
0.0,0.0,0.0,0.0,250,0.04690273779666559
0.0,0.0,0.0,0.0,252,0.04652950646141361
0.0,0.0,0.0,0.0,253,0.04628068557124562
0.30000000000000004,0.30000000000000004,0.0,0.0,255,0.04603186468107763
0.7000000000000001,0.7000000000000001,0.0,0.0,258,0.045534222900741654
1.2000000000000002,1.2000000000000002,0.0,0.0,258,0.04516099156548968
1.7000000000000002,1.7000000000000002,0.0,0.0,259,0.044912170675321696
2.2,2.2,0.0,0.0,259,0.04453893934006971
2.6,2.6,0.0,0.0,195,0.04441452889498571
3.0,3.0,0.0,0.0,185,0.04441452889498571
3.2,3.2,0.0,0.0,180,0.04441452889498571
4.800000000000001,4.800000000000001,0.0,0.0,174,0.04441452889498571
7.5,7.5,0.0,0.0,157,0.04441452889498571
10.200000000000001,10.200000000000001,0.0,0.0,144,0.04441452889498571
13.600000000000001,13.600000000000001,0.0,0.0,139,0.04441452889498571
15.200000000000001,15.200000000000001,0.0,0.0,122,0.04441452889498571
17.0,17.0,0.0,0.0,104,0.04441452889498571
19.0,19.0,0.0,0.0,84,0.04441452889498571
21.200000000000003,21.200000000000003,0.0,0.0,89,0.04441452889498571
23.200000000000003,23.200000000000003,0.0,0.0,88,0.04429011844990172
25.400000000000002,25.400000000000002,0.0,0.0,86,0.04416570800481773
27.200000000000003,27.200000000000003,0.0,0.0,74,0.043792476669565754
29.6,29.6,0.0,0.0,66,0.04366806622448175
31.8,31.8,0.0,0.0,53,0.04354365577939776
34.0,34.0,0.0,0.0,44,0.04354365577939776
36.0,36.0,0.0,0.0,37,0.04354365577939776
38.0,38.0,0.0,0.0,34,0.04354365577939776
40.400000000000006,40.400000000000006,0.0,0.0,27,0.04354365577939776
42.6,42.6,0.0,0.0,22,0.043419245334313766
44.800000000000004,44.800000000000004,0.0,0.0,20,0.04329483488922977
43.2,43.2,0.0,0.0,16,0.043046013999061786
41.300000000000004,41.300000000000004,0.0,0.0,11,0.042797193108893794
39.7,39.7,0.2,0.2,9,0.04254837221872581
41.2,41.2,0.7000000000000001,0.8,7,0.042299551328557825
42.800000000000004,42.7,1.4000000000000001,1.5,4,0.04205073043838984
44.400000000000006,44.400000000000006,2.5,2.5,2,0.04205073043838984
44.400000000000006,44.400000000000006,3.6,3.7,1,0.042299551328557825
42.800000000000004,42.800000000000004,5.1000000000000005,5.2,-1,0.04242396177364182
44.0,44.0,6.800000000000001,7.0,-2,0.04254837221872581
44.0,44.0,8.8,8.9,-4,0.042672782663809805
42.400000000000006,42.400000000000006,10.9,11.100000000000001,-5,0.04254837221872581
43.6,43.6,13.4,13.600000000000001,-6,0.04242396177364182
43.7,43.7,16.1,16.3,-6,0.042299551328557825
41.900000000000006,41.900000000000006,19.3,19.6,-7,0.04205073043838984
42.800000000000004,42.800000000000004,23.1,23.400000000000002,-7,0.04205073043838984
42.800000000000004,42.800000000000004,25.5,25.8,-7,0.04205073043838984
42.800000000000004,42.800000000000004,25.5,25.8,-8,0.04205073043838984
42.800000000000004,42.800000000000004,25.5,25.8,-8,0.04192631999330584
42.800000000000004,42.800000000000004,25.5,25.8,-9,0.04180190954822185
42.800000000000004,42.800000000000004,25.5,25.8,-9,0.04155308865805386
43.2,43.2,25.5,25.8,-9,0.04117985732280188
43.1,43.1,25.5,25.8,-10,0.040682215542465906
43.400000000000006,43.400000000000006,25.5,25.8,-10,0.04043339465229792
43.7,43.7,25.5,25.8,-11,0.04018457376212993
44.2,44.2,25.5,25.8,-10,0.040308984207213926
44.800000000000004,44.800000000000004,25.5,18.900000000000002,-11,0.04043339465229792
45.2,45.2,25.5,18.0,-11,0.040682215542465906
45.5,45.5,25.5,18.0,-11,0.040806625987549895
45.5,45.5,25.5,18.0,-11,0.040806625987549895
45.5,45.5,25.5,18.0,-11,0.040682215542465906
45.7,45.7,25.5,18.0,-11,0.04055780509738191
46.5,46.5,25.5,18.0,-11,0.04043339465229792
46.800000000000004,46.800000000000004,25.5,18.0,-12,0.04018457376212993
46.800000000000004,46.800000000000004,25.5,18.0,-12,0.040060163317045934
46.900000000000006,46.900000000000006,25.5,18.0,-12,0.039935752871961945
46.900000000000006,46.900000000000006,25.5,18.0,-13,0.03981134242687795
47.0,47.0,25.5,18.0,-13,0.03968693198179396
47.0,47.0,25.5,18.0,-13,0.03943811109162597
47.0,47.0,25.5,18.0,-13,0.039189290201457984
46.900000000000006,46.900000000000006,25.5,18.0,-13,0.03894046931129
47.2,47.2,25.5,18.0,-13,0.038816058866206
47.800000000000004,47.800000000000004,25.5,18.0,-13,0.03856723797603801
47.7,47.7,25.5,18.0,-13,0.03856723797603801
47.6,47.6,25.5,18.0,-13,0.03844282753095402
47.400000000000006,47.400000000000006,25.5,18.0,-13,0.03831841708587003
47.400000000000006,47.400000000000006,25.5,18.0,-13,0.03819400664078604
47.400000000000006,47.400000000000006,25.5,18.0,-14,0.03782077530553406
47.400000000000006,47.400000000000006,25.5,18.0,-14,0.03744754397028207
47.400000000000006,47.400000000000006,25.5,18.0,-14,0.036825491744862104
47.400000000000006,47.400000000000006,25.5,18.0,-14,0.03620343951944213
47.400000000000006,47.400000000000006,25.5,18.0,-14,0.03583020818419016
47.400000000000006,47.400000000000006,25.5,18.0,-14,0.03520815595877019
47.400000000000006,47.400000000000006,25.5,18.0,-14,0.03471051417843421
47.400000000000006,47.400000000000006,25.5,18.0,-14,0.034337282843182236
47.400000000000006,47.400000000000006,25.5,18.0,-14,0.03421287239809824
47.400000000000006,47.400000000000006,25.5,18.0,-14,0.034088461953014244
47.400000000000006,47.400000000000006,25.5,18.0,-15,0.033964051507930255
47.400000000000006,47.400000000000006,25.5,18.0,-15,0.033964051507930255
47.400000000000006,47.400000000000006,25.5,18.0,-15,0.03383964106284626
47.400000000000006,47.400000000000006,25.5,18.0,-15,0.03359082017267827
47.400000000000006,47.400000000000006,25.5,18.0,-15,0.03334199928251028
47.400000000000006,47.400000000000006,25.5,18.0,-15,0.0329687679472583
47.400000000000006,47.400000000000006,25.5,18.0,-15,0.03259553661200632
47.400000000000006,47.400000000000006,25.5,18.0,-15,0.03222230527675434
47.5,47.5,25.5,18.0,-16,0.03184907394150236
47.5,47.5,25.5,18.0,-15,0.031600253051334376
47.5,47.5,25.5,18.0,-15,0.031227021716082395
47.800000000000004,47.800000000000004,25.5,18.0,-15,0.030978200825914404
48.1,48.1,25.5,18.0,-16,0.03072937993574642
48.400000000000006,48.400000000000006,25.5,18.0,-15,0.030604969490662423
48.400000000000006,48.400000000000006,25.5,18.0,-15,0.030604969490662423
48.5,46.2,30.1,18.0,-15,0.03085379038083041
46.400000000000006,46.2,30.1,22.1,-15,0.030978200825914404
46.900000000000006,46.7,30.1,22.1,-15,0.031102611270998403
47.400000000000006,47.300000000000004,30.1,22.1,-15,0.031227021716082395
47.400000000000006,47.300000000000004,30.1,22.1,-15,0.031227021716082395
47.400000000000006,47.300000000000004,30.1,22.1,-15,0.031227021716082395
47.400000000000006,47.300000000000004,30.1,22.1,-15,0.031227021716082395
47.400000000000006,47.300000000000004,30.1,22.1,-15,0.031227021716082395
47.400000000000006,47.300000000000004,30.1,22.1,-15,0.031227021716082395
47.400000000000006,47.300000000000004,30.1,22.1,-15,0.031227021716082395
47.0,46.900000000000006,30.1,22.1,-15,0.031227021716082395
46.7,46.6,30.1,22.1,-15,0.031227021716082395
46.300000000000004,46.2,30.1,22.1,-15,0.031227021716082395
46.0,46.0,30.1,22.1,-15,0.031227021716082395
45.7,45.6,30.1,22.1,-15,0.03135143216116639
45.300000000000004,45.300000000000004,30.1,22.1,-15,0.03135143216116639
45.0,45.0,30.1,22.1,-15,0.03147584260625038
44.7,44.6,30.1,22.1,-15,0.03147584260625038
44.400000000000006,44.400000000000006,30.1,22.1,-15,0.03147584260625038
44.0,44.0,30.1,22.1,-14,0.03147584260625038
43.800000000000004,43.800000000000004,30.1,22.1,-15,0.03135143216116639
43.5,43.5,30.1,22.1,-15,0.031227021716082395
43.2,43.2,30.1,22.1,-15,0.031102611270998403
42.900000000000006,42.900000000000006,30.1,22.1,-15,0.030978200825914404
42.7,42.7,30.1,22.1,-15,0.031102611270998403
42.400000000000006,42.400000000000006,30.1,22.1,-15,0.03135143216116639
42.2,42.2,30.1,22.1,-15,0.031600253051334376
41.900000000000006,41.900000000000006,30.1,22.1,-15,0.03197348438658636
41.7,41.7,30.1,16.3,-15,0.03234671572183834
41.5,41.5,30.1,15.0,-15,0.03259553661200632
41.400000000000006,40.2,33.4,15.0,-15,0.0329687679472583
41.2,39.6,35.0,15.0,-15,0.03346640972759428
41.2,39.6,35.0,15.0,-15,0.03383964106284626
41.2,39.6,35.0,15.0,-15,0.034337282843182236
41.2,39.6,35.0,15.0,-15,0.03471051417843421
41.2,39.6,35.0,15.0,-15,0.0349593350686022
41.2,39.6,35.0,15.0,-15,0.0350837455136862
41.2,39.6,35.0,15.0,-15,0.034834924623518206
41.2,39.6,35.0,15.0,-15,0.03471051417843421
40.900000000000006,39.6,35.0,15.0,-15,0.034337282843182236
40.6,39.6,35.0,15.0,-15,0.034088461953014244
40.6,39.6,35.0,15.0,-15,0.03383964106284626
40.6,39.6,35.0,15.0,-15,0.03371523061776227
40.6,39.6,35.0,15.0,-15,0.03371523061776227
40.6,39.6,35.0,15.0,-15,0.03371523061776227
40.6,39.6,35.0,15.0,-15,0.03383964106284626
40.6,39.6,35.0,15.0,-15,0.03383964106284626
40.6,39.6,35.0,11.3,-15,0.03383964106284626
40.1,39.400000000000006,35.0,8.4,-15,0.03383964106284626
39.7,39.2,35.0,7.1000000000000005,-15,0.03371523061776227
39.400000000000006,38.900000000000006,35.0,7.1000000000000005,-15,0.03371523061776227
39.1,38.800000000000004,35.0,7.1000000000000005,-15,0.03359082017267827
39.1,38.800000000000004,35.0,7.1000000000000005,-15,0.03359082017267827
39.1,38.800000000000004,35.0,7.1000000000000005,-15,0.03359082017267827
39.1,38.800000000000004,35.0,7.1000000000000005,-15,0.03346640972759428
39.1,38.800000000000004,35.0,7.1000000000000005,-15,0.03321758883742629
39.1,38.800000000000004,35.0,7.1000000000000005,-15,0.032844357502174314
39.1,38.800000000000004,35.0,7.1000000000000005,-15,0.03247112616692233
39.1,38.800000000000004,35.0,7.1000000000000005,-15,0.03197348438658636
39.1,38.800000000000004,35.0,7.1000000000000005,-15,0.031724663496418365
39.1,38.800000000000004,35.0,7.1000000000000005,-15,0.031600253051334376
39.1,38.800000000000004,35.0,7.1000000000000005,-15,0.031600253051334376
39.1,38.800000000000004,35.0,7.1000000000000005,-15,0.031600253051334376
39.1,38.800000000000004,35.0,7.1000000000000005,-15,0.031724663496418365
39.1,38.400000000000006,36.0,7.1000000000000005,-14,0.03184907394150236
39.1,38.400000000000006,36.0,7.1000000000000005,-14,0.03184907394150236
39.1,38.400000000000006,36.0,7.1000000000000005,-15,0.031724663496418365
39.1,38.400000000000006,36.0,7.1000000000000005,-15,0.031724663496418365
39.1,38.400000000000006,36.0,7.1000000000000005,-15,0.031600253051334376
39.1,38.400000000000006,36.0,7.1000000000000005,-15,0.031600253051334376
39.1,38.400000000000006,36.0,7.1000000000000005,-16,0.031600253051334376
39.1,38.400000000000006,36.0,7.1000000000000005,-16,0.031600253051334376
39.1,38.400000000000006,36.0,7.1000000000000005,-16,0.031600253051334376
39.1,38.400000000000006,36.0,7.1000000000000005,-16,0.031600253051334376
39.1,38.400000000000006,36.0,7.1000000000000005,-16,0.031600253051334376
39.1,38.400000000000006,36.0,7.1000000000000005,-16,0.031724663496418365
39.1,38.400000000000006,36.0,7.1000000000000005,-16,0.03184907394150236
36.300000000000004,38.400000000000006,36.0,9.8,-16,0.03197348438658636
35.5,38.1,36.0,11.3,-16,0.03197348438658636
36.0,37.9,36.0,11.3,-16,0.03197348438658636
36.4,37.800000000000004,36.0,11.3,-16,0.03197348438658636
36.800000000000004,37.6,36.0,11.3,-16,0.03184907394150236
37.0,37.5,36.0,11.3,-16,0.031724663496418365
37.0,37.300000000000004,36.0,11.3,-16,0.031724663496418365
37.0,37.2,36.0,11.3,-16,0.031724663496418365
36.800000000000004,37.0,36.0,11.3,-16,0.03184907394150236
36.7,36.9,36.0,11.3,-16,0.031724663496418365
36.5,36.800000000000004,36.0,11.3,-16,0.031724663496418365
36.300000000000004,36.6,36.0,11.3,-16,0.031600253051334376
36.1,36.5,35.9,11.3,-16,0.03135143216116639
36.0,36.4,35.9,11.3,-16,0.031102611270998403
35.7,36.2,35.800000000000004,11.3,-16,0.03072937993574642
35.5,36.0,35.6,11.3,-16,0.03035614860049444
35.2,35.800000000000004,35.5,11.3,-16,0.029982917265242458
35.0,35.6,35.4,11.3,-16,0.029609685929990474
35.0,35.6,35.5,11.3,-17,0.029236454594738497
35.0,35.6,35.5,11.3,-17,0.028738812814402524
35.0,35.6,35.5,11.3,-17,0.028241171034066544
34.6,35.300000000000004,35.300000000000004,11.3,-17,0.02761911880864658
34.300000000000004,35.1,35.0,11.3,-17,0.027121477028310605
34.1,34.9,34.800000000000004,11.3,-17,0.02625060391272265
33.800000000000004,34.7,34.6,11.3,-17,0.025504141242218687
33.6,34.4,34.4,11.3,-18,0.024757678571714726
31.700000000000003,34.2,34.2,14.0,-17,0.02388680545612677
30.1,31.5,34.0,16.7,-17,0.023264753230706803
30.1,31.5,33.6,16.7,-17,0.022767111450370827
30.1,31.5,33.2,16.7,-17,0.022269469670034854
30.1,31.5,32.9,16.7,-17,0.021896238334782877
30.1,31.5,32.6,16.7,-17,0.021398596554446897
30.1,31.5,32.4,16.7,-17,0.020900954774110924
30.1,31.5,32.300000000000004,16.7,-17,0.020278902548690955
30.1,31.5,32.2,16.7,-17,0.019532439878186997
30.1,31.400000000000002,32.1,16.7,-17,0.01891038765276703
30.1,31.400000000000002,32.0,16.7,-18,0.018163924982263067
30.1,31.400000000000002,32.0,16.7,-17,0.0175418727568431
30.1,29.1,32.0,16.7,-18,0.017044230976507122
30.1,29.1,32.0,16.7,-18,0.01654658919617115
30.1,29.1,32.0,16.7,-18,0.01592453697075118
30.1,29.1,32.0,16.7,-18,0.015551305635499202
28.1,29.1,32.0,16.7,-18,0.01517807430024722
28.1,29.1,32.0,16.7,-18,0.014804842964995237
28.1,29.1,32.0,16.7,-18,0.014680432519911244
28.1,29.1,31.6,16.7,-18,0.01455602207482725
28.1,27.200000000000003,31.200000000000003,16.7,-18,0.01455602207482725
28.1,27.200000000000003,31.200000000000003,16.7,-18,0.01455602207482725
28.1,27.200000000000003,31.200000000000003,16.7,-18,0.01455602207482725
28.1,27.200000000000003,31.200000000000003,16.7,-17,0.01455602207482725
28.1,27.200000000000003,31.200000000000003,16.7,-17,0.01455602207482725
28.1,27.200000000000003,31.200000000000003,16.7,-17,0.01455602207482725
26.1,27.200000000000003,31.200000000000003,16.7,-17,0.01455602207482725
26.1,27.200000000000003,31.200000000000003,16.7,-17,0.014431611629743258
26.1,27.200000000000003,31.200000000000003,16.7,-18,0.014307201184659264
26.1,27.200000000000003,31.200000000000003,16.7,-18,0.014182790739575271
26.1,25.3,30.700000000000003,16.7,-18,0.014058380294491276
26.1,25.3,30.400000000000002,16.7,-18,0.014058380294491276
26.1,25.3,30.400000000000002,16.7,-17,0.014058380294491276
26.1,25.3,30.400000000000002,16.7,-17,0.014058380294491276
26.1,25.3,30.400000000000002,16.7,-17,0.014058380294491276
26.1,25.3,30.400000000000002,16.7,-17,0.014058380294491276
24.3,25.3,30.400000000000002,16.7,-17,0.014058380294491276
24.3,25.3,30.400000000000002,16.7,-17,0.013933969849407283
24.3,25.3,30.400000000000002,16.7,-17,0.013933969849407283
24.3,25.3,30.400000000000002,16.7,-17,0.013933969849407283
24.3,25.3,30.400000000000002,16.7,-17,0.014058380294491276
24.3,25.3,30.400000000000002,16.7,-17,0.014058380294491276
24.3,25.3,29.900000000000002,16.7,-17,0.014058380294491276
24.3,23.400000000000002,29.5,16.7,-17,0.014058380294491276
24.3,23.400000000000002,29.5,16.7,-17,0.014058380294491276
24.3,23.400000000000002,29.5,16.7,-17,0.014058380294491276
22.5,23.400000000000002,29.5,16.7,-17,0.014058380294491276
22.5,23.400000000000002,29.5,16.7,-17,0.014058380294491276
22.5,23.400000000000002,29.5,16.7,-17,0.014182790739575271
22.5,23.400000000000002,29.5,16.7,-17,0.014307201184659264
22.5,23.400000000000002,29.5,16.7,-17,0.014307201184659264
22.5,23.400000000000002,29.5,16.7,-18,0.014431611629743258
22.5,21.700000000000003,29.5,16.7,-18,0.014431611629743258
22.5,21.700000000000003,29.5,16.7,-18,0.014431611629743258
22.5,21.700000000000003,29.5,16.7,-18,0.014431611629743258
22.5,21.700000000000003,29.0,16.7,-18,0.01455602207482725
22.5,21.700000000000003,28.6,16.7,-18,0.01455602207482725
20.8,21.700000000000003,28.6,16.7,-18,0.014680432519911244
20.8,21.700000000000003,28.6,16.7,-18,0.014804842964995237
20.8,21.700000000000003,28.6,16.7,-17,0.014929253410079233
20.8,21.700000000000003,28.6,16.7,-17,0.014929253410079233
20.8,21.700000000000003,28.6,16.7,-17,0.015053663855163225
20.8,20.0,28.6,16.7,-18,0.01517807430024722
20.8,20.0,28.6,16.7,-17,0.015426895190415206
20.8,20.0,28.6,16.7,-17,0.015551305635499202
19.1,20.0,28.6,16.7,-17,0.015800126525667188
19.1,20.0,28.1,16.7,-16,0.01592453697075118
19.1,20.0,27.700000000000003,16.7,-17,0.016048947415835173
19.1,18.5,27.700000000000003,16.7,-17,0.016048947415835173
19.1,18.5,27.700000000000003,16.7,-15,0.016048947415835173
18.900000000000002,18.5,28.3,17.7,-15,0.016048947415835173
18.8,18.5,27.8,18.3,-14,0.01617335786091917
17.3,18.5,27.400000000000002,18.7,-14,0.01629776830600316
17.3,17.0,27.1,19.3,-14,0.01654658919617115
17.3,17.0,26.8,19.8,-13,0.01667099964125514
17.3,17.0,26.6,20.3,-13,0.016795410086339134
17.3,17.0,26.400000000000002,20.700000000000003,-13,0.017044230976507122
16.0,17.0,26.3,22.1,-13,0.017417462311759103
16.0,17.0,26.1,22.1,-12,0.017790693647011083
16.0,17.0,26.0,22.1,-12,0.01803951453717907
16.0,15.600000000000001,25.900000000000002,22.1,-12,0.018163924982263067
16.0,15.600000000000001,25.8,22.1,-12,0.01828833542734706
16.0,15.600000000000001,25.700000000000003,16.5,-12,0.01828833542734706
14.700000000000001,15.600000000000001,25.6,14.4,-12,0.01828833542734706
14.700000000000001,14.4,25.5,14.4,-13,0.01828833542734706
14.700000000000001,14.4,25.400000000000002,14.4,-12,0.01828833542734706
14.700000000000001,14.4,25.3,14.4,-13,0.01828833542734706
14.700000000000001,14.4,25.200000000000003,14.4,-14,0.01828833542734706
14.700000000000001,14.4,25.200000000000003,14.4,-14,0.01828833542734706
13.4,13.4,25.200000000000003,14.4,-14,0.01828833542734706
13.4,13.4,25.200000000000003,14.4,-13,0.01828833542734706
13.4,13.4,25.200000000000003,14.4,-14,0.018412745872431052
13.4,13.4,25.200000000000003,14.4,-14,0.018412745872431052
12.3,12.3,25.200000000000003,14.4,-14,0.018537156317515045
12.3,12.3,25.200000000000003,14.4,-14,0.01866156676259904
12.3,12.3,25.200000000000003,14.4,-14,0.01866156676259904
12.3,12.3,25.200000000000003,14.4,-14,0.018537156317515045
12.3,12.3,25.200000000000003,14.4,-14,0.018537156317515045
11.3,11.200000000000001,25.200000000000003,14.4,-14,0.018537156317515045
11.3,11.200000000000001,25.200000000000003,14.4,-14,0.018537156317515045
11.3,11.200000000000001,25.200000000000003,14.4,-14,0.018412745872431052
11.3,11.200000000000001,25.200000000000003,14.4,-14,0.018412745872431052
10.100000000000001,10.200000000000001,25.200000000000003,14.4,-14,0.018412745872431052
10.100000000000001,10.200000000000001,25.200000000000003,14.4,-14,0.018412745872431052
10.100000000000001,10.200000000000001,24.900000000000002,14.4,-14,0.018412745872431052
10.100000000000001,9.4,24.700000000000003,14.4,-14,0.018412745872431052
9.0,9.4,24.700000000000003,14.4,-13,0.018412745872431052
9.0,9.4,24.700000000000003,14.4,-13,0.018412745872431052
9.0,8.700000000000001,24.700000000000003,14.4,-13,0.018412745872431052
8.3,8.700000000000001,24.700000000000003,14.4,-13,0.01828833542734706
8.3,8.700000000000001,24.700000000000003,14.4,-13,0.01803951453717907
8.3,8.0,24.700000000000003,14.4,-13,0.017790693647011083
8.3,8.0,24.700000000000003,14.4,-13,0.0175418727568431
7.5,8.0,24.700000000000003,14.4,-13,0.017417462311759103
7.5,7.2,24.700000000000003,14.4,-13,0.01729305186667511
7.5,7.2,24.700000000000003,14.4,-13,0.01729305186667511
6.9,7.2,24.700000000000003,14.4,-13,0.01729305186667511
6.9,6.7,24.700000000000003,14.4,-13,0.01729305186667511
6.9,6.7,24.3,14.4,-13,0.01729305186667511
6.300000000000001,6.7,24.1,14.4,-13,0.017417462311759103
6.300000000000001,6.0,24.1,14.4,-13,0.017417462311759103
5.7,6.0,24.1,14.4,-13,0.017417462311759103
5.2,5.2,24.1,14.4,3,0.01766628320192709
4.6000000000000005,4.6000000000000005,24.1,14.4,1,0.017790693647011083
4.3,4.3,24.1,14.4,3,0.01791510409209508
4.0,4.0,24.1,14.4,8,0.01791510409209508
3.8000000000000003,3.8000000000000003,24.1,14.4,20,0.017790693647011083
3.6,3.6,24.1,14.4,28,0.017790693647011083
3.3000000000000003,3.3000000000000003,24.1,14.4,44,0.017790693647011083
3.1,3.1,24.1,14.4,60,0.017790693647011083
3.0,2.9000000000000004,24.1,14.4,68,0.017790693647011083
2.9000000000000004,2.9000000000000004,24.1,14.4,81,0.017790693647011083
2.8000000000000003,2.8000000000000003,24.1,14.5,87,0.017790693647011083
2.6,2.6,24.1,14.5,99,0.017790693647011083
2.5,2.5,24.1,14.5,107,0.017790693647011083
2.4000000000000004,2.5,24.1,14.5,113,0.017790693647011083
2.3000000000000003,2.3000000000000003,24.1,14.5,115,0.017790693647011083
2.2,2.2,24.1,10.8,116,0.017790693647011083
2.2,2.2,24.1,8.1,116,0.017790693647011083
2.2,2.2,24.1,6.300000000000001,115,0.017790693647011083
2.2,2.2,24.1,6.300000000000001,115,0.0175418727568431
2.2,2.2,24.1,6.300000000000001,118,0.017417462311759103
2.2,2.2,24.1,6.300000000000001,120,0.01729305186667511
2.2,2.2,24.1,6.300000000000001,119,0.01729305186667511
2.1,2.1,24.1,6.300000000000001,117,0.01729305186667511
2.0,2.0,24.1,6.300000000000001,115,0.01729305186667511
1.8,1.8,24.1,6.300000000000001,113,0.01729305186667511
1.8,1.8,24.1,6.300000000000001,109,0.017168641421591118
1.7000000000000002,1.7000000000000002,24.1,6.300000000000001,107,0.017044230976507122
1.6,1.6,24.1,6.300000000000001,104,0.017044230976507122
1.5,1.5,24.1,6.300000000000001,101,0.017044230976507122
1.4000000000000001,1.4000000000000001,24.1,6.300000000000001,97,0.01691982053142313
1.4000000000000001,1.4000000000000001,24.1,6.300000000000001,95,0.01667099964125514
1.3,1.3,24.1,6.300000000000001,91,0.01629776830600316
1.3,1.3,24.1,6.300000000000001,87,0.015800126525667188
1.2000000000000002,1.2000000000000002,24.1,6.300000000000001,84,0.01517807430024722
1.2000000000000002,1.2000000000000002,24.6,6.300000000000001,79,0.014804842964995237
1.2000000000000002,1.2000000000000002,24.6,6.300000000000001,76,0.014182790739575271
1.2000000000000002,1.2000000000000002,24.700000000000003,6.300000000000001,72,0.013685148959239297
1.2000000000000002,1.2000000000000002,24.700000000000003,6.300000000000001,69,0.013187507178903322
1.2000000000000002,1.2000000000000002,24.8,6.300000000000001,61,0.01281427584365134
1.2000000000000002,1.2000000000000002,24.8,6.300000000000001,54,0.01244104450839936
1.2000000000000002,1.2000000000000002,25.0,6.300000000000001,47,0.012067813173147379
1.2000000000000002,1.2000000000000002,25.1,6.300000000000001,36,0.011818992282979392
1.2000000000000002,1.2000000000000002,25.200000000000003,6.300000000000001,28,0.0116945818378954
1.2000000000000002,1.2000000000000002,25.400000000000002,6.300000000000001,11,0.0116945818378954
1.2000000000000002,1.2000000000000002,25.400000000000002,6.300000000000001,2,0.011570171392811406
1.2000000000000002,1.2000000000000002,25.5,6.300000000000001,-6,0.01144576094772741
1.2000000000000002,1.2000000000000002,25.700000000000003,6.300000000000001,-6,0.011196940057559423
1.2000000000000002,1.2000000000000002,26.0,6.300000000000001,-5,0.010948119167391438
1.2000000000000002,1.2000000000000002,26.0,6.300000000000001,-7,0.010574887832139456
1.2000000000000002,1.2000000000000002,26.3,6.300000000000001,-6,0.01032606694197147
1.2000000000000002,1.2000000000000002,26.5,6.300000000000001,-4,0.009952835606719487
1.2000000000000002,1.2000000000000002,27.0,6.300000000000001,-4,0.009579604271467507
1.2000000000000002,1.2000000000000002,27.1,6.300000000000001,-3,0.009081962491131534
1.2000000000000002,1.2000000000000002,27.200000000000003,6.300000000000001,-3,0.008708731155879551
1.2000000000000002,1.2000000000000002,27.6,6.300000000000001,-2,0.008211089375543578
1.2000000000000002,1.2000000000000002,27.700000000000003,6.300000000000001,-2,0.007837858040291598
1.2000000000000002,1.2000000000000002,28.0,6.300000000000001,-2,0.00758903715012361
1.2000000000000002,1.2000000000000002,28.0,6.300000000000001,-1,0.007464626705039616
1.2000000000000002,1.2000000000000002,28.400000000000002,6.300000000000001,0,0.007340216259955622
1.2000000000000002,1.2000000000000002,28.6,6.300000000000001,1,0.007215805814871629
1.2000000000000002,1.2000000000000002,28.5,6.300000000000001,2,0.006966984924703642
1.2000000000000002,1.2000000000000002,28.400000000000002,6.300000000000001,3,0.006593753589451661
1.2000000000000002,1.2000000000000002,28.3,6.300000000000001,3,0.006344932699283674
1.2000000000000002,1.2000000000000002,28.3,6.300000000000001,4,0.005971701364031692
1.2000000000000002,1.2000000000000002,28.5,6.300000000000001,4,0.005598470028779712
1.2000000000000002,1.2000000000000002,28.5,6.300000000000001,5,0.005349649138611724
1.2000000000000002,1.2000000000000002,28.6,6.300000000000001,6,0.005100828248443737
1.2000000000000002,1.2000000000000002,28.6,6.300000000000001,8,0.00485200735827575
1.2000000000000002,1.2000000000000002,28.8,6.300000000000001,9,0.004603186468107763
1.2000000000000002,1.2000000000000002,29.0,6.300000000000001,10,0.004354365577939776
1.2000000000000002,1.2000000000000002,29.1,6.300000000000001,11,0.004105544687771789
1.2000000000000002,1.2000000000000002,29.0,6.300000000000001,12,0.003981134242687795
1.2000000000000002,1.2000000000000002,28.8,6.300000000000001,12,0.003981134242687795
1.2000000000000002,1.2000000000000002,28.5,6.300000000000001,13,0.0038567237976038014
1.2000000000000002,1.2000000000000002,28.5,6.300000000000001,14,0.003732313352519808
1.1,1.1,28.5,6.300000000000001,15,0.0036079029074358145
1.1,1.1,28.5,6.300000000000001,17,0.003359082017267827
1.0,1.0,27.6,6.300000000000001,18,0.00311026112709984
1.0,1.0,26.8,6.300000000000001,19,0.0028614402369318524
1.0,1.0,26.1,6.300000000000001,19,0.0026126193467638655
0.9,0.9,25.400000000000002,6.300000000000001,20,0.0023637984565958786
0.9,0.9,24.8,6.300000000000001,21,0.0021149775664278912
0.9,0.9,24.1,6.300000000000001,22,0.001866156676259904
0.8,0.8,23.5,4.7,22,0.001617335786091917
0.8,0.8,22.8,4.3,24,0.0013685148959239298
0.8,0.8,22.200000000000003,3.9000000000000004,26,0.0011196940057559425
0.7000000000000001,0.7000000000000001,21.700000000000003,3.9000000000000004,27,0.0009952835606719488
0.7000000000000001,0.7000000000000001,21.1,3.9000000000000004,28,0.0007464626705039615
0.7000000000000001,0.7000000000000001,20.5,3.9000000000000004,29,0.00037323133525198076
0.7000000000000001,0.7000000000000001,20.0,3.9000000000000004,30,0.0
0.6000000000000001,0.6000000000000001,19.5,3.9000000000000004,32,-0.0004976417803359744
0.6000000000000001,0.6000000000000001,19.0,3.9000000000000004,34,-0.0008708731155879552
0.6000000000000001,0.6000000000000001,18.400000000000002,3.9000000000000004,35,-0.0011196940057559425
0.6000000000000001,0.6000000000000001,17.900000000000002,3.9000000000000004,37,-0.0013685148959239298
0.6000000000000001,0.6000000000000001,17.400000000000002,3.9000000000000004,38,-0.0017417462311759104
0.5,0.5,16.900000000000002,3.9000000000000004,41,-0.0019905671213438975
0.5,0.5,16.400000000000002,3.9000000000000004,43,-0.0021149775664278912
0.5,0.5,15.8,3.9000000000000004,45,-0.002239388011511885
0.5,0.5,15.3,3.9000000000000004,47,-0.0023637984565958786
0.5,0.5,14.700000000000001,3.9000000000000004,49,-0.002488208901679872
0.4,0.4,14.200000000000001,3.9000000000000004,51,-0.002488208901679872
0.4,0.4,13.700000000000001,3.9000000000000004,53,-0.0027370297918478596
0.4,0.4,13.100000000000001,3.9000000000000004,55,-0.00311026112709984
0.4,0.4,12.600000000000001,3.9000000000000004,57,-0.003483492462351821
0.4,0.4,12.100000000000001,3.9000000000000004,59,-0.003981134242687795
0.4,0.4,11.600000000000001,3.9000000000000004,61,-0.00447877602302377
0.4,0.4,11.100000000000001,3.9000000000000004,62,-0.004976417803359744
0.30000000000000004,0.30000000000000004,10.600000000000001,3.9000000000000004,66,-0.005349649138611724
0.30000000000000004,0.30000000000000004,10.200000000000001,3.9000000000000004,70,-0.0058472909189477
0.30000000000000004,0.30000000000000004,9.8,3.9000000000000004,73,-0.0060961118091156855
0.30000000000000004,0.30000000000000004,9.4,3.9000000000000004,75,-0.006469343144367668
0.30000000000000004,0.30000000000000004,9.0,3.9000000000000004,77,-0.006718164034535654
0.30000000000000004,0.30000000000000004,8.5,3.9000000000000004,79,-0.006842574479619648
0.30000000000000004,0.30000000000000004,8.200000000000001,3.9000000000000004,79,-0.006966984924703642
0.30000000000000004,0.30000000000000004,7.800000000000001,3.9000000000000004,80,-0.007091395369787636
0.30000000000000004,0.30000000000000004,7.4,3.9000000000000004,81,-0.007340216259955622
0.2,0.2,7.0,3.6,82,-0.007713447595207603
0.2,0.2,6.6000000000000005,3.3000000000000003,83,-0.008086678930459584
0.2,0.2,6.2,3.0,86,-0.008584320710795559
0.2,0.2,5.9,2.7,88,-0.00895755204604754
0.2,0.2,5.5,2.7,89,-0.009455193826383514
0.2,0.2,5.1000000000000005,2.7,92,-0.009828425161635495
0.2,0.2,4.800000000000001,2.7,95,-0.010201656496887474
0.2,0.2,4.4,2.7,96,-0.010450477387055462
0.2,0.2,4.1000000000000005,2.7,99,-0.010823708722307443
0.2,0.2,3.7,2.7,101,-0.01107252961247543
0.2,0.2,3.4000000000000004,2.6,101,-0.011196940057559423
0.2,0.2,3.0,2.5,100,-0.01144576094772741
0.2,0.2,2.6,2.2,100,-0.011570171392811406
0.1,0.1,2.3000000000000003,1.8,100,-0.011818992282979392
0.1,0.4,1.5,1.4000000000000001,100,-0.012067813173147379
0.1,0.4,1.3,1.1,100,-0.01244104450839936
0.1,0.4,1.2000000000000002,1.0,101,-0.01281427584365134
0.1,0.30000000000000004,1.1,0.9,104,-0.013311917623987314
0.1,0.30000000000000004,1.0,0.8,106,-0.013685148959239297
0.1,0.30000000000000004,1.0,0.8,109,-0.013933969849407283
0.1,0.30000000000000004,0.9,0.8,111,-0.014307201184659264
0.1,0.30000000000000004,0.9,0.7000000000000001,114,-0.01455602207482725
0.1,0.30000000000000004,0.9,0.7000000000000001,114,-0.014929253410079233
0.1,0.30000000000000004,0.8,0.7000000000000001,113,-0.015053663855163225
0.1,0.30000000000000004,0.8,0.6000000000000001,112,-0.01517807430024722
0.1,0.30000000000000004,0.7000000000000001,0.6000000000000001,113,-0.01517807430024722
0.1,0.30000000000000004,0.7000000000000001,0.6000000000000001,114,-0.01517807430024722
0.1,0.30000000000000004,0.7000000000000001,0.5,114,-0.015302484745331212
0.1,0.2,0.6000000000000001,0.5,116,-0.015426895190415206
0.1,0.2,0.6000000000000001,0.5,116,-0.015675716080583196
0.1,0.2,0.6000000000000001,0.5,118,-0.01592453697075118
0.1,0.2,0.5,0.4,120,-0.016048947415835173
0.1,0.2,0.5,0.4,123,-0.01617335786091917
0.1,0.2,0.5,0.4,124,-0.01629776830600316
0.1,0.2,0.5,0.4,126,-0.01629776830600316
0.1,0.2,0.4,0.4,127,-0.01629776830600316
0.1,0.2,0.4,0.30000000000000004,127,-0.01629776830600316
0.1,0.2,0.4,0.30000000000000004,126,-0.01629776830600316
0.1,0.2,0.4,0.30000000000000004,127,-0.01629776830600316
0.1,0.2,0.4,0.30000000000000004,127,-0.01629776830600316
0.1,0.2,0.30000000000000004,0.30000000000000004,125,-0.01629776830600316
0.1,0.2,0.30000000000000004,0.30000000000000004,124,-0.01629776830600316
0.1,0.2,0.30000000000000004,0.2,125,-0.01629776830600316
0.1,0.1,0.30000000000000004,0.2,128,-0.01629776830600316
0.1,0.1,0.30000000000000004,0.2,131,-0.01629776830600316
0.1,0.1,0.30000000000000004,0.2,133,-0.01617335786091917
0.0,0.1,0.30000000000000004,0.2,134,-0.016048947415835173
0.0,0.1,0.2,0.2,134,-0.016048947415835173
0.0,0.1,0.2,0.2,134,-0.016048947415835173
0.0,0.1,0.2,0.2,134,-0.01592453697075118
0.0,0.1,0.2,0.2,133,-0.01592453697075118
0.0,0.1,0.2,0.2,133,-0.015800126525667188
0.0,0.1,0.2,0.1,136,-0.015675716080583196
0.0,0.1,0.2,0.1,137,-0.015675716080583196
0.0,0.1,0.2,0.1,140,-0.015551305635499202
0.0,0.1,0.2,0.1,143,-0.015551305635499202
0.0,0.1,0.1,0.1,144,-0.015551305635499202
0.0,0.1,0.1,0.1,145,-0.015551305635499202
0.0,0.1,0.1,0.1,146,-0.015551305635499202
0.0,0.1,0.1,0.1,145,-0.015551305635499202
0.0,0.1,0.1,0.1,145,-0.015551305635499202
0.0,0.1,0.1,0.1,145,-0.015551305635499202
0.0,0.1,0.1,0.1,144,-0.015551305635499202
0.0,0.1,0.1,0.1,145,-0.015551305635499202
0.0,0.1,0.1,0.1,147,-0.015551305635499202
0.0,0.1,0.1,0.1,151,-0.015551305635499202
0.0,0.1,0.1,0.1,157,-0.015551305635499202
0.0,0.1,0.1,0.1,158,-0.015551305635499202
0.0,0.1,0.1,0.1,155,-0.015675716080583196
0.0,0.1,0.1,0.1,152,-0.015800126525667188
0.0,0.1,0.1,0.1,153,-0.01592453697075118
0.0,0.1,0.1,0.0,157,-0.01592453697075118
0.0,0.1,0.1,0.0,161,-0.01592453697075118
0.0,0.1,0.1,0.0,165,-0.01592453697075118
0.0,0.0,0.1,0.0,168,-0.01592453697075118
0.0,0.0,0.0,0.0,173,-0.01592453697075118
0.0,0.0,0.0,0.0,173,-0.01592453697075118
0.1,0.2,0.1,0.1,171,-0.01592453697075118
0.2,0.30000000000000004,0.2,0.2,172,-0.01592453697075118
0.30000000000000004,0.4,0.2,0.2,173,-0.01592453697075118
0.5,0.5,0.30000000000000004,0.30000000000000004,173,-0.016048947415835173
0.5,0.5,0.30000000000000004,0.30000000000000004,167,-0.016048947415835173
0.6000000000000001,0.7000000000000001,0.4,0.4,166,-0.01617335786091917
0.7000000000000001,0.7000000000000001,0.5,0.5,164,-0.01617335786091917
0.7000000000000001,0.7000000000000001,0.5,0.5,167,-0.01617335786091917
0.7000000000000001,0.7000000000000001,0.5,0.5,166,-0.01617335786091917
0.7000000000000001,0.7000000000000001,0.5,0.5,169,-0.01617335786091917
0.7000000000000001,0.7000000000000001,0.5,0.5,168,-0.01617335786091917
0.7000000000000001,0.7000000000000001,0.6000000000000001,0.6000000000000001,172,-0.01617335786091917
0.7000000000000001,0.7000000000000001,0.6000000000000001,0.6000000000000001,172,-0.01617335786091917
0.7000000000000001,0.7000000000000001,0.6000000000000001,0.5,175,-0.01617335786091917
0.6000000000000001,0.6000000000000001,0.5,0.5,177,-0.01617335786091917
0.5,0.5,0.4,0.4,173,-0.01617335786091917
0.5,0.5,0.4,0.4,171,-0.01617335786091917
0.4,0.4,0.4,0.4,172,-0.01617335786091917
0.4,0.4,0.4,0.30000000000000004,172,-0.01617335786091917
0.4,0.4,0.30000000000000004,0.30000000000000004,174,-0.01617335786091917
0.4,0.4,0.30000000000000004,0.30000000000000004,175,-0.01617335786091917
0.30000000000000004,0.30000000000000004,0.30000000000000004,0.30000000000000004,174,-0.016048947415835173
0.30000000000000004,0.30000000000000004,0.30000000000000004,0.30000000000000004,172,-0.016048947415835173
0.30000000000000004,0.30000000000000004,0.2,0.2,174,-0.016048947415835173
0.30000000000000004,0.30000000000000004,0.2,0.2,175,-0.016048947415835173
0.2,0.2,0.2,0.2,175,-0.016048947415835173
0.2,0.2,0.2,0.2,177,-0.016048947415835173
0.2,0.2,0.2,0.2,178,-0.016048947415835173
0.2,0.2,0.2,0.2,178,-0.01592453697075118
0.2,0.2,0.2,0.2,178,-0.015800126525667188
0.2,0.2,0.2,0.2,178,-0.015800126525667188
0.2,0.2,0.2,0.1,178,-0.015800126525667188
0.2,0.2,0.1,0.1,179,-0.015800126525667188
0.2,0.2,0.1,0.1,181,-0.015800126525667188
0.2,0.2,0.1,0.1,180,-0.015800126525667188
0.2,0.2,0.1,0.1,181,-0.015800126525667188
0.2,0.2,0.1,0.1,181,-0.015800126525667188
0.2,0.2,0.1,0.1,182,-0.015800126525667188
0.2,0.2,0.1,0.1,182,-0.015800126525667188
0.2,0.2,0.1,0.1,185,-0.015800126525667188
0.2,0.2,0.1,0.1,184,-0.015800126525667188
0.1,0.1,0.1,0.1,185,-0.01592453697075118
0.1,0.1,0.1,0.1,184,-0.01592453697075118
0.1,0.1,0.1,0.1,186,-0.01592453697075118
0.1,0.1,0.1,0.1,186,-0.01592453697075118
0.1,0.1,0.1,0.1,187,-0.01592453697075118
0.1,0.1,0.1,0.1,186,-0.016048947415835173
0.1,0.1,0.1,0.1,186,-0.016048947415835173
0.1,0.1,0.1,0.1,187,-0.01629776830600316
0.1,0.1,0.1,0.1,188,-0.01654658919617115
0.1,0.1,0.1,0.1,189,-0.01691982053142313
0.1,0.1,0.0,0.0,191,-0.017417462311759103
0.1,0.1,0.0,0.0,193,-0.01791510409209508
0.1,0.1,0.0,0.0,194,-0.018412745872431052
0.1,0.1,0.0,0.0,195,-0.01866156676259904
0.1,0.1,0.0,0.0,194,-0.01891038765276703
0.1,0.1,0.0,0.0,196,-0.01891038765276703
0.1,0.1,0.0,0.0,196,-0.01891038765276703
0.1,0.1,0.0,0.0,196,-0.01891038765276703
0.1,0.1,0.0,0.0,197,-0.01891038765276703
0.1,0.1,0.0,0.0,198,-0.01891038765276703
0.1,0.1,0.0,0.0,199,-0.01891038765276703
0.1,0.1,0.0,0.0,198,-0.01891038765276703
0.1,0.1,0.0,0.0,199,-0.01891038765276703
0.1,0.1,0.0,0.0,199,-0.01891038765276703
0.1,0.1,0.0,0.0,200,-0.01891038765276703
0.1,0.1,0.0,0.0,200,-0.01891038765276703
0.1,0.1,0.0,0.0,200,-0.01891038765276703
0.1,0.1,0.0,0.0,200,-0.01891038765276703
0.1,0.1,0.0,0.0,201,-0.01891038765276703
0.1,0.1,0.0,0.0,202,-0.01891038765276703
0.1,0.1,0.0,0.0,202,-0.01891038765276703
0.0,0.0,0.0,0.0,203,-0.01891038765276703
0.0,0.0,0.0,0.0,203,-0.01891038765276703
0.0,0.0,0.0,0.0,204,-0.018785977207683033
0.0,0.0,0.0,0.0,202,-0.01866156676259904
0.0,0.0,0.0,0.0,203,-0.018412745872431052
0.0,0.0,0.0,0.0,203,-0.018412745872431052
0.0,0.0,0.0,0.0,204,-0.01828833542734706
0.0,0.0,0.0,0.0,205,-0.018163924982263067
0.0,0.0,0.0,0.0,205,-0.018163924982263067
0.0,0.0,0.0,0.0,205,-0.018163924982263067
0.0,0.0,0.0,0.0,208,-0.01803951453717907
0.0,0.0,0.0,0.0,207,-0.01803951453717907
0.0,0.0,0.0,0.0,207,-0.01791510409209508
0.0,0.0,0.0,0.0,209,-0.017790693647011083
0.0,0.0,0.0,0.0,209,-0.01766628320192709
0.0,0.0,0.0,0.0,210,-0.01729305186667511
0.0,0.0,0.0,0.0,212,-0.017044230976507122
0.0,0.0,0.0,0.0,212,-0.016795410086339134
0.0,0.0,0.0,0.0,214,-0.016422178751087157
0.0,0.0,0.0,0.0,214,-0.016048947415835173
0.0,0.0,0.0,0.0,213,-0.015551305635499202
0.0,0.0,0.0,0.0,214,-0.014929253410079233
0.0,0.0,0.0,0.0,215,-0.014307201184659264
0.0,0.0,0.0,0.0,215,-0.013685148959239297
0.0,0.0,0.0,0.0,216,-0.013187507178903322
0.0,0.0,0.0,0.0,216,-0.01281427584365134
0.0,0.0,0.0,0.0,217,-0.012565454953483353
0.0,0.0,0.0,0.0,217,-0.012316634063315367
0.0,0.0,0.0,0.0,217,-0.012192223618231371
0.1,0.1,0.0,0.0,219,-0.012067813173147379
0.2,0.2,0.0,0.0,219,-0.011943402728063384
0.2,0.2,0.0,0.0,219,-0.011570171392811406
0.30000000000000004,0.30000000000000004,0.0,0.0,219,-0.011196940057559423
0.4,0.4,0.0,0.0,220,-0.010699298277223449
0.5,0.5,0.0,0.0,220,-0.010077246051803481
0.6000000000000001,0.6000000000000001,0.0,0.0,220,-0.009579604271467507
0.6000000000000001,0.6000000000000001,0.0,0.0,221,-0.009081962491131534
0.6000000000000001,0.6000000000000001,0.0,0.0,222,-0.008833141600963546
0.6000000000000001,0.6000000000000001,0.0,0.0,220,-0.008459910265711565
0.6000000000000001,0.6000000000000001,0.0,0.0,221,-0.008211089375543578
0.6000000000000001,0.6000000000000001,0.0,0.0,220,-0.007837858040291598
0.6000000000000001,0.6000000000000001,0.0,0.0,221,-0.007464626705039616
0.6000000000000001,0.6000000000000001,0.0,0.0,220,-0.007091395369787636
0.6000000000000001,0.6000000000000001,0.0,0.0,222,-0.006842574479619648
0.6000000000000001,0.6000000000000001,0.0,0.0,223,-0.006593753589451661
0.5,0.5,0.0,0.0,222,-0.006469343144367668
0.5,0.5,0.0,0.0,223,-0.006469343144367668
0.5,0.5,0.0,0.0,222,-0.006593753589451661
0.6000000000000001,0.6000000000000001,0.0,0.0,223,-0.006593753589451661
0.6000000000000001,0.6000000000000001,0.0,0.0,225,-0.006593753589451661
0.6000000000000001,0.6000000000000001,0.0,0.0,226,-0.006593753589451661
0.6000000000000001,0.6000000000000001,0.0,0.0,225,-0.006593753589451661
0.7000000000000001,0.7000000000000001,0.0,0.0,227,-0.006593753589451661
0.7000000000000001,0.7000000000000001,0.0,0.0,229,-0.006593753589451661
0.8,0.8,0.0,0.0,230,-0.006593753589451661
0.9,0.9,0.0,0.0,230,-0.006593753589451661
0.9,0.9,0.0,0.0,230,-0.006593753589451661
0.9,0.9,0.0,0.0,228,-0.006593753589451661
0.9,0.9,0.0,0.0,230,-0.006593753589451661
0.9,0.9,0.0,0.0,231,-0.006593753589451661
1.0,1.0,0.0,0.0,230,-0.006593753589451661
1.0,1.0,0.0,0.0,230,-0.006593753589451661
1.0,1.0,0.0,0.0,232,-0.006718164034535654
0.9,0.9,0.0,0.0,231,-0.006718164034535654
0.9,0.9,0.0,0.0,232,-0.006966984924703642
0.9,0.9,0.0,0.0,233,-0.007215805814871629
0.9,0.9,0.0,0.0,233,-0.007464626705039616
1.0,1.0,0.0,0.0,233,-0.00758903715012361
1.0,1.0,0.0,0.0,233,-0.00758903715012361
1.0,1.0,0.0,0.0,234,-0.00758903715012361
0.9,0.9,0.0,0.0,234,-0.00758903715012361
0.9,0.9,0.0,0.0,234,-0.00758903715012361
0.9,0.9,0.0,0.0,234,-0.00758903715012361
0.9,0.9,0.0,0.0,235,-0.007713447595207603
0.8,0.8,0.0,0.0,236,-0.007837858040291598
0.8,0.8,0.0,0.0,236,-0.00796226848537559
0.8,0.8,0.0,0.0,238,-0.008086678930459584
0.8,0.8,0.0,0.0,238,-0.008211089375543578
0.7000000000000001,0.7000000000000001,0.0,0.0,241,-0.008211089375543578
0.9,0.9,0.0,0.0,242,-0.00833549982062757
0.9,0.9,0.0,0.0,241,-0.00833549982062757
0.9,0.9,0.0,0.0,244,-0.00833549982062757
0.9,0.9,0.0,0.0,244,-0.00833549982062757
1.1,1.1,0.0,0.0,245,-0.00833549982062757
1.0,1.0,0.0,0.0,246,-0.00833549982062757
1.2000000000000002,1.2000000000000002,0.0,0.0,245,-0.00833549982062757
1.3,1.3,0.0,0.0,246,-0.00833549982062757
1.3,1.3,0.0,0.0,247,-0.008584320710795559
1.3,1.3,0.0,0.0,249,-0.008708731155879551
1.4000000000000001,1.4000000000000001,0.0,0.0,248,-0.008833141600963546
1.5,1.5,0.0,0.0,250,-0.00895755204604754
1.5,1.5,0.0,0.0,249,-0.009081962491131534
1.6,1.6,0.0,0.0,252,-0.009081962491131534
1.6,1.6,0.0,0.0,253,-0.009206372936215526
1.6,1.6,0.0,0.0,252,-0.009206372936215526
1.8,1.8,0.0,0.0,253,-0.009206372936215526
1.8,1.8,0.0,0.0,253,-0.009081962491131534
1.9000000000000001,1.9000000000000001,0.0,0.0,253,-0.009206372936215526
1.9000000000000001,1.9000000000000001,0.0,0.0,253,-0.009206372936215526
1.9000000000000001,1.9000000000000001,0.0,0.0,252,-0.00933078338129952
1.9000000000000001,1.9000000000000001,0.0,0.0,253,-0.009455193826383514
1.9000000000000001,1.9000000000000001,0.0,0.0,254,-0.009579604271467507
1.9000000000000001,1.9000000000000001,0.0,0.0,253,-0.0097040147165515
1.9000000000000001,1.9000000000000001,0.0,0.0,253,-0.0097040147165515
1.9000000000000001,1.9000000000000001,0.0,0.0,255,-0.0097040147165515
1.9000000000000001,1.9000000000000001,0.0,0.0,256,-0.0097040147165515
1.9000000000000001,1.9000000000000001,0.0,0.0,255,-0.009828425161635495
1.9000000000000001,1.9000000000000001,0.0,0.0,256,-0.009828425161635495
1.9000000000000001,1.9000000000000001,0.0,0.0,256,-0.009828425161635495
1.9000000000000001,1.9000000000000001,0.0,0.0,255,-0.009828425161635495
1.9000000000000001,1.9000000000000001,0.0,0.0,257,-0.009952835606719487
1.9000000000000001,1.9000000000000001,0.0,0.0,258,-0.010077246051803481
1.9000000000000001,1.9000000000000001,0.0,0.0,258,-0.01032606694197147
1.9000000000000001,1.9000000000000001,0.0,0.0,259,-0.010699298277223449
1.9000000000000001,1.9000000000000001,0.0,0.0,259,-0.010948119167391438
1.9000000000000001,1.9000000000000001,0.0,0.0,259,-0.011196940057559423
1.9000000000000001,1.9000000000000001,0.0,0.0,259,-0.01144576094772741
1.9000000000000001,1.9000000000000001,0.0,0.0,260,-0.011570171392811406
1.9000000000000001,1.9000000000000001,0.0,0.0,261,-0.0116945818378954
1.9000000000000001,1.9000000000000001,0.0,0.0,260,-0.0116945818378954
1.9000000000000001,1.9000000000000001,0.0,0.0,260,-0.0116945818378954
1.9000000000000001,1.9000000000000001,0.0,0.0,261,-0.0116945818378954
1.9000000000000001,1.9000000000000001,0.0,0.0,261,-0.0116945818378954
2.0,2.0,0.0,0.0,263,-0.011818992282979392
2.1,2.1,0.0,0.0,263,-0.012067813173147379
2.2,2.2,0.0,0.0,264,-0.01244104450839936
2.3000000000000003,2.3000000000000003,0.0,0.0,264,-0.012689865398567347
2.4000000000000004,2.4000000000000004,0.0,0.0,265,-0.01281427584365134
2.5,2.5,0.0,0.0,264,-0.012938686288735336
2.5,2.5,0.0,0.0,263,-0.012938686288735336
2.3000000000000003,2.3000000000000003,0.0,0.0,264,-0.013063096733819328
1.9000000000000001,1.9000000000000001,0.0,0.0,264,-0.013063096733819328
1.5,1.5,0.0,0.0,265,-0.013063096733819328
1.4000000000000001,1.4000000000000001,0.0,0.0,264,-0.013187507178903322
1.3,1.3,0.0,0.0,265,-0.013187507178903322
1.2000000000000002,1.2000000000000002,0.0,0.0,266,-0.013187507178903322
1.1,1.1,0.0,0.0,265,-0.013436328069071309
1.1,1.1,0.0,0.0,268,-0.013560738514155303
1.0,1.0,0.0,0.0,267,-0.01380955940432329
0.9,0.9,0.0,0.0,267,-0.013933969849407283
0.9,0.9,0.0,0.0,268,-0.014058380294491276
0.9,0.9,0.0,0.0,267,-0.013933969849407283
0.9,0.9,0.0,0.0,268,-0.013933969849407283
0.8,0.8,0.0,0.0,270,-0.013933969849407283
0.8,0.8,0.0,0.0,271,-0.013933969849407283
0.8,0.8,0.0,0.0,274,-0.013933969849407283
0.8,0.8,0.0,0.0,275,-0.013933969849407283
0.7000000000000001,0.7000000000000001,0.0,0.0,279,-0.013933969849407283
0.7000000000000001,0.7000000000000001,0.0,0.0,282,-0.013933969849407283
0.7000000000000001,0.7000000000000001,0.0,0.0,201,-0.013933969849407283
0.7000000000000001,0.7000000000000001,0.0,0.0,201,-0.013933969849407283
0.7000000000000001,0.7000000000000001,0.0,0.0,208,-0.013933969849407283
0.6000000000000001,0.6000000000000001,0.0,0.0,209,-0.013933969849407283
0.6000000000000001,0.6000000000000001,0.0,0.0,217,-0.013933969849407283
0.6000000000000001,0.6000000000000001,0.0,0.0,228,-0.01380955940432329
0.6000000000000001,0.6000000000000001,0.0,0.0,315,-0.01380955940432329
0.6000000000000001,0.6000000000000001,0.0,0.0,316,-0.013685148959239297
0.5,0.5,0.0,0.0,319,-0.013685148959239297
0.5,0.5,0.0,0.0,325,-0.013436328069071309
0.5,0.5,0.0,0.0,330,-0.013311917623987314
0.5,0.5,0.0,0.0,331,-0.013311917623987314
0.5,0.5,0.0,0.0,331,-0.013311917623987314
0.5,0.5,0.0,0.0,340,-0.013311917623987314
0.4,0.4,0.0,0.0,342,-0.013311917623987314
0.4,0.4,0.0,0.0,340,-0.013311917623987314
0.4,0.4,0.0,0.0,343,-0.013311917623987314
0.4,0.4,0.0,0.0,344,-0.013187507178903322
0.4,0.4,0.0,0.0,346,-0.013063096733819328
0.4,0.4,0.0,0.0,348,-0.013063096733819328
0.4,0.4,0.0,0.0,354,-0.012938686288735336
0.4,0.4,0.0,0.0,355,-0.012938686288735336
0.30000000000000004,0.30000000000000004,0.0,0.0,357,-0.012938686288735336
0.30000000000000004,0.30000000000000004,0.0,0.0,358,-0.012938686288735336
0.30000000000000004,0.30000000000000004,0.0,0.0,359,-0.012938686288735336
0.30000000000000004,0.30000000000000004,0.0,0.0,360,-0.012938686288735336
0.30000000000000004,0.30000000000000004,0.0,0.0,357,-0.012938686288735336
0.30000000000000004,0.30000000000000004,0.0,0.0,358,-0.012938686288735336
0.30000000000000004,0.30000000000000004,0.0,0.0,358,-0.01281427584365134
0.30000000000000004,0.30000000000000004,0.0,0.0,358,-0.01281427584365134
0.30000000000000004,0.30000000000000004,0.0,0.0,359,-0.01281427584365134
0.30000000000000004,0.30000000000000004,0.0,0.0,358,-0.012689865398567347
0.30000000000000004,0.30000000000000004,0.0,0.0,358,-0.012689865398567347
0.2,0.2,0.0,0.0,357,-0.012689865398567347
0.2,0.2,0.0,0.0,357,-0.012689865398567347
0.2,0.2,0.0,0.0,357,-0.012689865398567347
0.2,0.2,0.0,0.0,356,-0.012689865398567347
0.2,0.2,0.0,0.0,359,-0.012689865398567347
0.2,0.2,0.0,0.0,359,-0.012689865398567347
0.2,0.2,0.0,0.0,358,-0.012689865398567347
0.2,0.2,0.0,0.0,358,-0.012689865398567347
0.2,0.2,0.0,0.0,357,-0.012689865398567347
0.2,0.2,0.0,0.0,359,-0.012689865398567347
0.2,0.2,0.0,0.0,358,-0.012689865398567347
0.2,0.2,0.0,0.0,357,-0.012689865398567347
0.2,0.2,0.0,0.0,357,-0.012689865398567347
0.2,0.2,0.0,0.0,357,-0.012689865398567347
0.2,0.2,0.0,0.0,357,-0.012689865398567347
0.2,0.2,0.0,0.0,358,-0.01281427584365134
0.1,0.1,0.0,0.0,358,-0.012938686288735336
0.1,0.1,0.0,0.0,357,-0.013063096733819328
0.1,0.1,0.0,0.0,357,-0.013063096733819328
0.1,0.1,0.0,0.0,361,-0.013063096733819328
0.1,0.1,0.0,0.0,358,-0.013063096733819328
0.1,0.1,0.0,0.0,359,-0.013063096733819328
0.1,0.1,0.0,0.0,360,-0.013063096733819328
0.1,0.1,0.0,0.0,358,-0.013063096733819328
0.1,0.1,0.0,0.0,358,-0.013063096733819328
0.1,0.1,0.0,0.0,357,-0.013063096733819328
0.1,0.1,0.0,0.0,357,-0.013063096733819328
0.1,0.1,0.0,0.0,359,-0.013063096733819328
0.1,0.1,0.0,0.0,359,-0.013187507178903322
0.1,0.1,0.0,0.0,361,-0.013187507178903322
0.1,0.1,0.0,0.0,360,-0.013187507178903322
0.1,0.1,0.0,0.0,359,-0.013187507178903322
0.30000000000000004,0.30000000000000004,0.0,0.0,358,-0.013063096733819328
0.6000000000000001,0.6000000000000001,0.0,0.0,356,-0.013063096733819328
0.8,0.8,0.0,0.0,354,-0.013063096733819328
1.1,1.1,0.0,0.0,355,-0.012938686288735336
1.4000000000000001,1.4000000000000001,0.0,0.0,354,-0.01281427584365134
1.8,1.8,0.0,0.0,355,-0.012689865398567347
2.3000000000000003,2.3000000000000003,0.0,0.0,353,-0.012565454953483353
2.6,2.6,0.0,0.0,350,-0.01244104450839936
2.9000000000000004,2.9000000000000004,0.0,0.0,346,-0.012316634063315367
2.8000000000000003,2.8000000000000003,0.0,0.0,342,-0.012192223618231371
2.7,2.7,0.0,0.0,338,-0.011943402728063384
2.6,2.6,0.0,0.0,337,-0.0116945818378954
2.6,2.6,0.0,0.0,337,-0.01144576094772741
2.6,2.6,0.0,0.0,334,-0.01107252961247543
2.7,2.7,0.0,0.0,331,-0.010699298277223449
2.9000000000000004,2.9000000000000004,0.0,0.0,325,-0.010201656496887474
3.1,3.1,0.0,0.0,325,-0.0097040147165515
3.3000000000000003,3.3000000000000003,0.0,0.0,324,-0.00933078338129952
3.4000000000000004,3.4000000000000004,0.0,0.0,322,-0.009081962491131534
3.7,3.7,0.0,0.0,318,-0.008833141600963546
3.8000000000000003,3.8000000000000003,0.0,0.0,315,-0.008708731155879551
3.9000000000000004,3.9000000000000004,0.0,0.0,311,-0.008708731155879551
4.1000000000000005,4.1000000000000005,0.0,0.0,312,-0.008584320710795559
4.5,4.5,0.0,0.0,308,-0.008584320710795559
4.800000000000001,4.800000000000001,0.0,0.0,309,-0.008459910265711565
5.1000000000000005,5.1000000000000005,0.0,0.0,307,-0.00833549982062757
5.1000000000000005,5.1000000000000005,0.0,0.0,305,-0.008086678930459584
5.1000000000000005,5.1000000000000005,0.0,0.0,304,-0.00796226848537559
5.4,5.4,0.0,0.0,300,-0.007713447595207603
5.7,5.7,0.0,0.0,300,-0.007464626705039616
6.2,6.2,0.0,0.0,297,-0.006966984924703642
6.300000000000001,6.300000000000001,0.0,0.0,296,-0.006593753589451661
6.7,6.7,0.0,0.0,296,-0.00622052225419968
7.0,7.0,0.0,0.0,295,-0.0058472909189477
7.0,7.0,0.0,0.0,295,-0.005474059583695719
7.1000000000000005,7.1000000000000005,0.0,0.0,293,-0.005100828248443737
7.2,7.2,0.0,0.0,291,-0.00447877602302377
7.6000000000000005,7.6000000000000005,0.0,0.0,290,-0.003981134242687795
7.9,7.9,0.0,0.0,292,-0.0036079029074358145
8.200000000000001,8.200000000000001,0.0,0.0,290,-0.003234671572183834
8.5,8.5,0.0,0.0,290,-0.0028614402369318524
8.9,8.9,0.0,0.0,290,-0.0026126193467638655
9.200000000000001,9.200000000000001,0.0,0.0,291,-0.0023637984565958786
9.600000000000001,9.600000000000001,0.0,0.0,291,-0.002239388011511885
9.600000000000001,9.600000000000001,0.0,0.0,289,-0.0021149775664278912
9.9,9.9,0.0,0.0,290,-0.0019905671213438975
10.3,10.3,0.0,0.0,288,-0.001866156676259904
10.700000000000001,10.700000000000001,0.0,0.0,288,-0.0017417462311759104
10.700000000000001,10.700000000000001,0.0,0.0,288,-0.001492925341007923
11.0,11.0,0.0,0.0,287,-0.0011196940057559425
11.600000000000001,11.600000000000001,0.0,0.0,290,-0.000622052225419968
11.8,11.8,0.0,0.0,289,-0.0002488208901679872
11.700000000000001,11.700000000000001,0.0,0.0,290,0.0002488208901679872
11.5,11.5,0.0,0.0,289,0.0007464626705039615
12.0,12.0,0.0,0.0,290,0.001244104450839936
12.4,12.4,0.0,0.0,291,0.001617335786091917
12.3,12.3,0.0,0.0,292,0.001866156676259904
12.100000000000001,12.100000000000001,0.0,0.0,291,0.0021149775664278912
12.0,12.0,0.0,0.0,291,0.002239388011511885
11.9,11.9,0.0,0.0,290,0.0023637984565958786
11.8,11.8,0.0,0.0,289,0.002488208901679872
11.600000000000001,11.600000000000001,0.0,0.0,288,0.0027370297918478596
11.4,11.4,0.0,0.0,286,0.002985850682015846
11.200000000000001,11.200000000000001,0.0,0.0,287,0.003234671572183834
11.0,11.0,0.0,0.0,285,0.0036079029074358145
10.8,10.8,0.0,0.0,284,0.003981134242687795
10.700000000000001,10.700000000000001,0.0,0.0,280,0.0042299551328557825
10.600000000000001,10.600000000000001,0.0,0.0,278,0.004603186468107763
10.600000000000001,10.600000000000001,0.0,0.0,275,0.004976417803359744
10.600000000000001,10.600000000000001,0.0,0.0,275,0.005349649138611724
10.600000000000001,10.600000000000001,0.0,0.0,274,0.005722880473863705
10.600000000000001,10.600000000000001,0.0,0.0,271,0.0060961118091156855
10.600000000000001,10.600000000000001,0.0,0.0,270,0.006593753589451661
10.600000000000001,10.600000000000001,0.0,0.0,267,0.007091395369787636
10.600000000000001,10.600000000000001,0.0,0.0,267,0.007713447595207603
10.600000000000001,10.600000000000001,0.0,0.0,267,0.00833549982062757
10.700000000000001,10.700000000000001,0.0,0.0,263,0.009081962491131534
10.700000000000001,10.700000000000001,0.0,0.0,263,0.009579604271467507
10.8,10.8,0.0,0.0,262,0.010077246051803481
10.9,10.9,0.0,0.0,260,0.010450477387055462
11.5,11.5,0.0,0.0,261,0.010699298277223449
11.3,11.3,0.0,0.0,225,0.010948119167391438
11.3,11.3,0.0,0.0,236,0.011321350502643417
11.200000000000001,11.200000000000001,0.0,0.0,237,0.011570171392811406
11.4,11.4,0.0,0.0,236,0.011943402728063384
11.4,11.4,0.0,0.0,237,0.012565454953483353
11.0,11.0,0.0,0.0,236,0.013187507178903322
10.700000000000001,10.700000000000001,0.0,0.0,237,0.013933969849407283
10.5,10.5,0.0,0.0,237,0.01455602207482725
10.200000000000001,10.200000000000001,0.0,0.0,236,0.01517807430024722
10.0,10.0,0.0,0.0,237,0.015675716080583196
9.600000000000001,9.600000000000001,0.0,0.0,236,0.01617335786091917
9.0,9.0,0.0,0.0,242,0.01654658919617115
8.5,8.5,0.0,0.0,244,0.01691982053142313
8.5,8.5,0.0,0.0,244,0.017417462311759103
8.5,8.5,0.0,0.0,245,0.01791510409209508
8.5,8.5,0.0,0.0,253,0.018537156317515045
7.6000000000000005,7.6000000000000005,0.0,0.0,252,0.019159208542935013
6.9,6.9,0.0,0.0,254,0.019781260768354982
6.2,6.2,0.0,0.0,253,0.020403312993774948
5.7,5.7,0.0,0.0,252,0.020900954774110924
5.300000000000001,5.300000000000001,0.0,0.0,251,0.021398596554446897
4.9,4.9,0.0,0.0,251,0.02177182788969888
4.6000000000000005,4.6000000000000005,0.0,0.0,250,0.02202064877986687
4.3,4.3,0.0,0.0,185,0.022269469670034854
4.1000000000000005,4.1000000000000005,0.0,0.0,185,0.022642701005286835
3.5,3.5,0.0,0.0,186,0.02289152189545482
2.9000000000000004,2.9000000000000004,0.0,0.0,185,0.023264753230706803
2.3000000000000003,2.3000000000000003,0.0,0.0,188,0.023762395011042776
1.8,1.8,0.0,0.0,189,0.02426003679137875
1.3,1.3,0.0,0.0,189,0.024757678571714726
1.2000000000000002,1.2000000000000002,0.0,0.0,192,0.0252553203520507
1.2000000000000002,1.2000000000000002,0.0,0.0,190,0.02575296213238668
1.1,1.1,0.0,0.0,194,0.026126193467638656
0.9,0.9,0.0,0.0,195,0.026375014357806644
0.9,0.9,0.0,0.0,195,0.02662383524797463
0.9,0.9,0.0,0.0,195,0.02662383524797463
1.1,1.1,0.0,0.0,194,0.02662383524797463
1.2000000000000002,1.2000000000000002,0.0,0.0,187,0.02662383524797463
1.4000000000000001,1.4000000000000001,0.0,0.0,175,0.02662383524797463
1.7000000000000002,1.7000000000000002,0.0,0.0,160,0.02674824569305862
2.1,2.1,0.0,0.0,158,0.02674824569305862
2.4000000000000004,2.4000000000000004,0.0,0.0,146,0.026872656138142617
2.4000000000000004,2.4000000000000004,0.0,0.0,142,0.026872656138142617
2.3000000000000003,2.3000000000000003,0.0,0.0,141,0.02699706658322661
2.2,2.2,0.0,0.0,137,0.02699706658322661
2.1,2.1,0.0,0.0,135,0.027121477028310605
2.0,2.0,0.0,0.0,129,0.027121477028310605
2.0,2.0,0.0,0.0,127,0.027121477028310605
2.0,2.0,0.0,0.0,118,0.027121477028310605
1.9000000000000001,1.9000000000000001,0.0,0.0,116,0.027121477028310605
1.9000000000000001,1.9000000000000001,0.0,0.0,109,0.0272458874733946
1.8,1.8,0.0,0.0,105,0.0272458874733946
1.8,1.8,0.0,0.0,90,0.0272458874733946
1.7000000000000002,1.7000000000000002,0.0,0.0,86,0.027370297918478594
1.6,1.6,0.0,0.0,71,0.027370297918478594
1.5,1.5,0.0,0.0,62,0.027494708363562586
1.3,1.3,0.0,0.0,56,0.02761911880864658
1.3,1.3,0.0,0.0,51,0.027743529253730574
1.2000000000000002,1.2000000000000002,0.0,0.0,48,0.02799235014389856
1.1,1.1,0.0,0.0,38,0.028241171034066544
1.0,1.0,0.0,0.0,36,0.028614402369318528
1.0,1.0,0.0,0.0,36,0.0291120441496545
0.9,0.9,0.0,0.0,34,0.029609685929990474
0.9,0.9,0.0,0.0,36,0.029982917265242458
0.9,0.9,0.0,0.0,46,0.03035614860049444
0.8,0.8,0.0,0.0,50,0.03085379038083041
0.8,0.8,0.0,0.0,44,0.031102611270998403
0.8,0.8,0.0,0.0,51,0.03147584260625038
0.7000000000000001,0.7000000000000001,0.0,0.0,54,0.03184907394150236
0.8,0.8,0.0,0.0,53,0.03222230527675434
0.9,0.9,0.0,0.0,46,0.03271994705709032
0.9,0.9,0.0,0.0,45,0.03334199928251028
1.2000000000000002,1.2000000000000002,0.0,0.0,47,0.03383964106284626
1.5,1.5,0.0,0.0,45,0.034461693288266225
1.9000000000000001,1.9000000000000001,0.0,0.0,46,0.0349593350686022
1.9000000000000001,1.9000000000000001,0.0,0.0,46,0.03595461862927415
1.9000000000000001,1.9000000000000001,0.0,0.0,46,0.036701081299778116
1.9000000000000001,1.9000000000000001,0.0,0.0,46,0.037571954415366066
1.9000000000000001,1.9000000000000001,0.0,0.0,46,0.03856723797603801
1.9000000000000001,1.9000000000000001,0.0,0.0,46,0.03943811109162597
1.9000000000000001,1.9000000000000001,0.0,0.0,43,0.04018457376212993
1.9000000000000001,1.9000000000000001,0.0,0.0,42,0.040682215542465906
1.8,1.8,0.0,0.0,40,0.041055446877717894
1.7000000000000002,1.7000000000000002,0.0,0.0,39,0.04117985732280188
1.7000000000000002,1.7000000000000002,0.0,0.0,35,0.04130426776788588
1.6,1.6,0.0,0.0,33,0.04142867821296987
1.5,1.5,0.0,0.0,31,0.04142867821296987
1.6,1.6,0.0,0.0,29,0.04155308865805386
1.6,1.6,0.0,0.0,28,0.04180190954822185
1.6,1.6,0.0,0.0,25,0.04192631999330584
1.7000000000000002,1.7000000000000002,0.0,0.0,24,0.04205073043838984
1.7000000000000002,1.7000000000000002,0.0,0.0,24,0.04242396177364182
1.6,1.6,0.0,0.0,23,0.042672782663809805
1.6,1.6,0.0,0.0,22,0.0429216035539778
1.6,1.6,0.0,0.0,21,0.04317042444414578
1.6,1.6,0.0,0.0,18,0.043419245334313766
1.5,1.5,0.0,0.0,17,0.04354365577939776
1.4000000000000001,1.4000000000000001,0.0,0.0,15,0.043792476669565754
1.3,1.3,0.0,0.0,12,0.04429011844990172
1.2000000000000002,1.2000000000000002,0.0,0.0,10,0.04478776023023769
1.1,1.1,0.0,0.0,8,0.04516099156548968
1.1,1.1,0.0,0.0,7,0.045534222900741654
1.0,1.0,0.0,0.0,7,0.04578304379090964
1.0,1.0,0.5,0.5,5,0.04603186468107763
1.0,1.0,1.3,1.3,3,0.046156275126161626
1.0,1.0,3.0,3.0,2,0.04628068557124562
1.0,1.0,4.800000000000001,4.800000000000001,2,0.04640509601632961
1.0,1.0,7.4,7.4,2,0.046653916906497596
1.0,1.0,10.200000000000001,10.200000000000001,1,0.04690273779666559
1.0,1.0,13.3,13.3,1,0.04715155868683357
1.0,1.0,16.7,16.7,1,0.047649200467169556
1.0,1.0,20.5,20.5,0,0.04802243180242153
1.0,1.0,25.1,25.1,0,0.0485200735827575
1.0,1.0,29.0,29.0,0,0.04901771536309348
1.0,1.0,30.6,30.6,-1,0.04951535714342945
3.1,3.1,22.1,25.6,-1,0.050137409368849424
3.0,3.0,16.5,30.200000000000003,-1,0.0506350511491854
2.9000000000000004,2.9000000000000004,14.8,35.6,-2,0.051008282484437374
2.8000000000000003,2.8000000000000003,14.8,37.5,-2,0.05125710337460536
2.8000000000000003,2.8000000000000003,14.8,42.300000000000004,-2,0.05150592426477336
2.7,2.7,14.8,42.2,-2,0.051630334709857346
2.6,2.6,14.8,42.0,-3,0.05175474515494134
2.5,2.5,14.8,41.400000000000006,-3,0.05200356604510933
2.5,2.5,14.8,40.800000000000004,-3,0.052127976490193316
2.4000000000000004,2.4000000000000004,14.8,40.0,-3,0.05225238693527731
2.3000000000000003,2.3000000000000003,11.200000000000001,39.2,-4,0.0523767973803613
2.3000000000000003,2.3000000000000003,8.4,38.6,-4,0.0523767973803613
2.2,2.2,6.5,38.5,-4,0.0523767973803613
2.1,2.1,6.5,39.800000000000004,-5,0.0523767973803613
2.1,2.1,6.5,40.900000000000006,-5,0.0523767973803613
2.0,2.0,6.5,40.7,-5,0.0523767973803613
2.0,2.0,6.5,40.2,-5,0.0523767973803613
1.9000000000000001,1.9000000000000001,6.5,39.7,-6,0.0523767973803613
1.9000000000000001,1.9000000000000001,6.5,39.0,-6,0.0523767973803613
1.9000000000000001,1.9000000000000001,6.5,38.300000000000004,-6,0.0523767973803613
1.9000000000000001,1.9000000000000001,6.5,37.5,-7,0.0523767973803613
1.9000000000000001,1.9000000000000001,6.5,36.800000000000004,-7,0.0523767973803613
1.9000000000000001,1.9000000000000001,6.5,35.9,-7,0.0523767973803613
1.9000000000000001,1.9000000000000001,6.5,35.0,-8,0.0523767973803613
1.9000000000000001,1.9000000000000001,6.5,34.2,-8,0.0523767973803613
1.9000000000000001,1.9000000000000001,6.5,33.4,-8,0.0523767973803613
1.9000000000000001,1.9000000000000001,6.5,32.5,-8,0.0523767973803613
1.9000000000000001,1.9000000000000001,6.5,31.700000000000003,-9,0.0523767973803613
3.1,4.6000000000000005,5.0,25.200000000000003,-9,0.0523767973803613
3.1,4.4,5.0,27.5,-9,0.0523767973803613
3.1,4.2,5.0,27.3,-9,0.0523767973803613
3.1,4.0,5.0,26.900000000000002,-10,0.0523767973803613
4.3,4.0,5.0,21.400000000000002,-10,0.0523767973803613
4.3,4.0,5.0,24.0,-11,0.0523767973803613
4.3,4.0,5.0,23.8,-11,0.05225238693527731
4.3,4.0,5.0,23.400000000000002,-11,0.05200356604510933
4.3,6.300000000000001,5.0,22.8,-11,0.05187915560002533
5.300000000000001,5.9,4.7,18.400000000000002,-12,0.051630334709857346
5.300000000000001,5.7,4.4,20.5,-12,0.051381513819689355
5.300000000000001,5.7,4.1000000000000005,20.5,-12,0.05113269292952137
5.300000000000001,5.7,3.9000000000000004,20.5,-12,0.051008282484437374
5.300000000000001,5.7,3.7,20.400000000000002,-13,0.050883872039353385
8.1,5.7,3.5,19.400000000000002,-13,0.050883872039353385
7.1000000000000005,8.5,3.3000000000000003,20.400000000000002,-14,0.050883872039353385
7.1000000000000005,7.4,3.1,20.400000000000002,-14,0.050883872039353385
7.1000000000000005,7.4,3.0,20.400000000000002,-14,0.050883872039353385
7.1000000000000005,7.4,2.9000000000000004,20.400000000000002,-14,0.050883872039353385
7.1000000000000005,7.4,2.8000000000000003,20.400000000000002,-15,0.050883872039353385
10.5,7.4,2.8000000000000003,18.5,-15,0.0506350511491854
9.0,10.3,2.8000000000000003,20.400000000000002,-15,0.0505106407041014
8.8,9.0,2.8000000000000003,20.400000000000002,-16,0.05001299892376543
8.8,9.0,2.8000000000000003,20.400000000000002,-16,0.04951535714342945
8.8,9.0,2.8000000000000003,20.400000000000002,-16,0.04901771536309348
8.8,9.0,2.8000000000000003,20.400000000000002,-16,0.048644484027841495
8.8,9.0,2.8000000000000003,20.5,-17,0.04839566313767351
8.8,9.0,2.8000000000000003,20.6,-17,0.048146842247505525
8.8,9.0,2.8000000000000003,20.6,-17,0.048146842247505525
12.100000000000001,9.0,2.8000000000000003,18.2,-18,0.04802243180242153
10.200000000000001,11.3,2.8000000000000003,21.0,-18,0.04802243180242153
10.200000000000001,11.3,2.8000000000000003,21.1,-18,0.04802243180242153
10.200000000000001,11.3,2.8000000000000003,21.200000000000003,-18,0.04802243180242153
10.200000000000001,11.3,2.8000000000000003,21.3,-18,0.04802243180242153
10.200000000000001,11.3,2.8000000000000003,21.400000000000002,-18,0.04789802135733754
10.200000000000001,11.3,2.8000000000000003,21.400000000000002,-18,0.047649200467169556
10.200000000000001,11.3,2.8000000000000003,21.6,-18,0.04740037957700156
10.200000000000001,11.3,2.8000000000000003,21.6,-18,0.04715155868683357
12.8,11.3,2.8000000000000003,19.5,-18,0.04702714824174958
11.4,11.3,2.8000000000000003,21.8,-18,0.04702714824174958
11.4,11.3,2.8000000000000003,22.0,-18,0.04715155868683357
11.4,11.3,2.8000000000000003,22.1,-18,0.04715155868683357
11.4,11.3,2.8000000000000003,22.3,-18,0.04715155868683357
11.4,10.5,3.8000000000000003,22.400000000000002,-18,0.04702714824174958
11.4,13.4,3.8000000000000003,22.5,-18,0.04690273779666559
11.4,12.0,3.8000000000000003,22.6,-18,0.0467783273515816
11.4,12.0,3.8000000000000003,22.8,-18,0.0467783273515816
11.4,12.0,3.8000000000000003,23.0,-18,0.0467783273515816
11.4,12.0,3.8000000000000003,23.0,-18,0.0467783273515816
14.0,12.0,3.8000000000000003,20.8,-18,0.0467783273515816
14.0,12.0,3.8000000000000003,23.3,-18,0.0467783273515816
14.0,12.0,3.8000000000000003,23.3,-18,0.04690273779666559
14.0,12.0,3.8000000000000003,23.5,-18,0.04702714824174958
14.0,12.3,5.800000000000001,23.700000000000003,-18,0.04702714824174958
14.0,12.3,5.800000000000001,23.700000000000003,-18,0.04702714824174958
14.0,12.3,5.800000000000001,24.0,-18,0.04702714824174958
14.0,12.3,5.800000000000001,24.1,-18,0.04702714824174958
14.0,12.3,5.800000000000001,24.200000000000003,-18,0.04702714824174958
14.0,12.3,5.800000000000001,24.200000000000003,-19,0.04702714824174958
14.0,12.3,5.800000000000001,24.3,-18,0.04715155868683357
14.0,12.3,5.800000000000001,24.6,-19,0.04740037957700156
14.0,12.3,5.800000000000001,24.6,-18,0.04789802135733754
14.0,13.5,5.800000000000001,24.8,-18,0.04839566313767351
14.0,13.5,5.800000000000001,24.8,-18,0.048893304918009486
14.0,13.5,5.800000000000001,24.8,-18,0.04926653625326147
14.0,13.5,5.800000000000001,25.0,-19,0.04976417803359744
14.0,13.5,5.800000000000001,25.0,-19,0.0506350511491854
14.0,13.5,5.800000000000001,25.1,-19,0.05175474515494134
14.0,13.5,5.800000000000001,25.3,-19,0.05299884960578127
14.0,13.5,5.800000000000001,25.3,-19,0.054118543611537215
14.0,13.5,5.800000000000001,25.400000000000002,-19,0.05511382717220916
14.0,13.5,5.800000000000001,25.6,-19,0.05586028984271313
14.0,13.5,5.800000000000001,25.700000000000003,-19,0.05660675251321709
14.0,13.5,5.800000000000001,25.8,-19,0.057602036073889036
14.0,13.5,5.800000000000001,26.1,-19,0.05872173007964498
14.0,13.5,5.800000000000001,26.3,-19,0.059965834530484916
14.0,13.5,5.800000000000001,26.3,-19,0.06108552853624086
14.0,13.5,5.800000000000001,26.400000000000002,-19,0.061583170316576834
14.0,13.5,5.800000000000001,26.5,-19,0.061583170316576834
14.0,13.5,5.800000000000001,26.6,-19,0.061209938981324846
14.0,13.5,5.800000000000001,26.700000000000003,-19,0.06071229720098888
14.0,13.5,5.800000000000001,26.8,-18,0.05984142408540092
14.0,13.5,5.800000000000001,27.0,-18,0.05897055096981296
14.0,13.5,5.800000000000001,27.0,-18,0.05809967785422501
14.0,13.5,5.800000000000001,27.1,-18,0.057353215183721044
14.0,13.5,5.800000000000001,27.1,-17,0.05697998384846907
14.0,13.5,5.800000000000001,27.200000000000003,-18,0.05697998384846907
14.0,13.5,5.800000000000001,27.3,-18,0.057228804738637055
14.0,13.5,5.800000000000001,27.400000000000002,-18,0.057602036073889036
14.0,13.5,5.800000000000001,27.400000000000002,-18,0.057602036073889036
14.0,13.8,5.800000000000001,27.5,-18,0.05747762562880505
14.0,13.8,5.800000000000001,27.6,-18,0.05710439429355306
14.0,13.8,5.800000000000001,27.700000000000003,-18,0.0563579316230491
14.0,13.8,5.800000000000001,27.8,-18,0.05598470028779712
14.0,13.8,5.800000000000001,28.0,-18,0.05586028984271313
14.0,13.8,5.800000000000001,28.0,-18,0.05598470028779712
14.0,13.8,5.800000000000001,28.1,-19,0.0562335211779651
14.0,13.0,7.800000000000001,28.1,-19,0.0563579316230491
14.0,12.600000000000001,8.9,28.200000000000003,-19,0.0563579316230491
14.0,13.4,10.5,28.3,-18,0.056109110732881114
14.0,15.3,10.5,28.400000000000002,-18,0.05586028984271313
14.0,15.3,10.5,28.5,-18,0.05573587939762913
14.0,14.200000000000001,10.5,28.6,-18,0.055611468952545144
14.0,14.200000000000001,10.5,28.700000000000003,-18,0.055611468952545144
14.0,14.200000000000001,10.5,28.8,-18,0.05573587939762913
14.0,14.200000000000001,10.5,29.0,-18,0.05573587939762913
14.0,14.200000000000001,10.5,28.900000000000002,-18,0.05573587939762913
14.0,14.200000000000001,10.5,29.0,-18,0.05573587939762913
14.0,14.200000000000001,10.5,29.0,-18,0.05573587939762913
14.0,14.200000000000001,10.5,29.0,-18,0.05573587939762913
14.0,14.200000000000001,10.5,29.0,-17,0.05573587939762913
14.0,14.200000000000001,10.5,29.0,-17,0.05573587939762913
14.0,14.200000000000001,10.5,29.0,-17,0.05573587939762913
14.0,14.200000000000001,10.5,29.0,-17,0.05573587939762913
14.0,14.200000000000001,10.5,29.0,-17,0.055611468952545144
14.0,14.200000000000001,10.5,29.0,-17,0.05548705850746115
14.0,14.200000000000001,10.5,29.0,-17,0.05511382717220916
14.0,14.200000000000001,10.5,29.0,-17,0.05461618539187319
14.0,13.100000000000001,10.5,29.0,-17,0.05399413316645322
12.9,13.100000000000001,10.5,29.0,-17,0.05312326005086527
12.9,13.100000000000001,10.5,28.900000000000002,-17,0.0523767973803613
12.9,13.100000000000001,10.5,29.0,-17,0.05125710337460536
12.9,13.100000000000001,10.5,29.0,-18,0.0505106407041014
12.9,13.100000000000001,10.5,29.0,-18,0.04976417803359744
12.9,13.100000000000001,10.5,29.0,-18,0.04901771536309348
12.9,12.100000000000001,10.5,29.0,-18,0.04839566313767351
11.9,12.100000000000001,10.5,29.0,-18,0.047649200467169556
11.9,12.100000000000001,10.5,29.0,-18,0.04690273779666559
11.9,12.100000000000001,10.5,29.0,-18,0.04628068557124562
11.9,12.100000000000001,10.5,29.0,-18,0.04590745423599364
11.0,10.9,10.5,29.0,-19,0.045534222900741654
11.0,10.9,10.5,29.0,-18,0.04516099156548968
11.0,10.9,10.5,29.0,-19,0.04453893934006971
11.0,10.9,10.5,29.0,-19,0.04354365577939776
11.0,10.9,10.5,29.0,-19,0.04242396177364182
11.0,10.9,10.5,28.900000000000002,-20,0.041055446877717894
11.0,10.9,10.5,28.900000000000002,-21,0.040060163317045934
10.100000000000001,10.0,10.5,29.0,-21,0.039064879756373995
10.100000000000001,10.0,10.5,29.0,-22,0.03831841708587003
10.100000000000001,10.0,10.5,29.0,-22,0.03744754397028207
10.100000000000001,10.0,10.5,29.0,-21,0.036452260409610124
10.100000000000001,10.0,10.5,29.0,-21,0.03533256640385418
9.4,10.0,10.5,29.0,-22,0.03421287239809824
9.4,9.200000000000001,10.5,29.0,-22,0.03321758883742629
9.4,9.200000000000001,10.5,29.1,-21,0.03271994705709032
8.700000000000001,9.200000000000001,10.5,29.1,-21,0.03259553661200632
8.700000000000001,8.5,10.5,29.1,-21,0.03271994705709032
8.700000000000001,8.5,10.5,29.1,-20,0.032844357502174314
8.1,8.5,10.5,29.1,-20,0.032844357502174314
8.1,8.0,10.5,29.1,-20,0.032844357502174314
8.1,8.0,10.5,29.1,-19,0.032844357502174314
8.1,8.0,10.5,29.1,-19,0.0329687679472583
8.1,8.0,10.5,29.1,-19,0.0329687679472583
8.1,8.0,10.5,29.1,-18,0.0329687679472583
7.5,7.5,10.5,29.0,-18,0.0329687679472583
7.5,7.5,10.5,29.0,-17,0.0329687679472583
6.9,6.9,10.5,28.900000000000002,-17,0.0329687679472583
6.5,6.9,10.5,28.8,-17,0.0329687679472583
6.5,6.300000000000001,10.5,28.8,-16,0.0329687679472583
6.300000000000001,6.300000000000001,10.5,28.8,-16,0.0329687679472583
6.1000000000000005,5.800000000000001,10.5,28.700000000000003,-16,0.032844357502174314
5.9,5.800000000000001,10.5,28.700000000000003,-16,0.032844357502174314
5.9,5.800000000000001,10.5,28.6,-16,0.03259553661200632
5.6000000000000005,5.6000000000000005,10.5,28.6,-16,0.03234671572183834
5.5,5.4,10.5,28.5,-15,0.032097894831670346
5.5,5.4,10.5,28.6,-15,0.03197348438658636
5.0,5.2,10.5,28.6,-15,0.031724663496418365
5.0,5.2,10.5,28.8,-16,0.03147584260625038
4.9,5.0,10.5,29.0,-15,0.031227021716082395
4.800000000000001,4.800000000000001,10.5,29.200000000000003,-15,0.030978200825914404
4.7,4.6000000000000005,10.5,29.3,-15,0.03085379038083041
4.5,4.5,10.5,29.700000000000003,-15,0.03085379038083041
4.4,4.4,10.5,29.8,-16,0.03085379038083041
4.3,4.3,10.5,30.0,-16,0.03085379038083041
4.3,4.3,10.5,30.1,-16,0.03085379038083041
4.2,4.2,10.5,30.3,-16,0.03048055904557843
4.1000000000000005,4.1000000000000005,10.5,30.5,-15,0.029858506820158465
4.0,4.0,10.5,30.700000000000003,-15,0.0291120441496545
3.9000000000000004,3.9000000000000004,10.5,30.900000000000002,-15,0.028365581479150543
3.7,3.7,10.5,30.900000000000002,-15,0.027743529253730574
3.6,3.6,10.5,31.1,-15,0.027370297918478594
3.5,3.5,10.5,31.1,-15,0.0272458874733946
3.4000000000000004,3.4000000000000004,10.5,31.1,-15,0.02699706658322661
3.3000000000000003,3.3000000000000003,10.5,31.5,-15,0.026872656138142617
3.2,3.2,10.5,31.5,-15,0.02662383524797463
3.0,3.1,10.5,31.6,-15,0.02662383524797463
2.9000000000000004,3.0,10.5,31.700000000000003,-15,0.02662383524797463
2.8000000000000003,2.9000000000000004,10.5,31.900000000000002,-15,0.02662383524797463
2.7,2.8000000000000003,10.5,32.0,-15,0.02662383524797463
2.6,2.7,10.5,32.1,-15,0.02662383524797463
2.6,2.7,10.5,32.2,-15,0.026499424802890637
2.5,2.6,10.5,32.6,-15,0.026375014357806644
2.4000000000000004,2.5,10.5,32.7,-14,0.026375014357806644
2.3000000000000003,2.5,10.5,33.0,-14,0.026375014357806644
2.3000000000000003,2.4000000000000004,10.5,33.0,-15,0.026375014357806644
2.2,2.4000000000000004,10.5,33.2,-15,0.026375014357806644
2.2,2.3000000000000003,10.5,33.4,-15,0.026375014357806644
2.1,2.3000000000000003,10.5,33.9,-15,0.02625060391272265
2.1,2.2,10.5,34.0,-15,0.026375014357806644
2.0,2.2,10.5,34.300000000000004,-14,0.02625060391272265
2.0,2.2,10.5,34.5,-15,0.02625060391272265
1.9000000000000001,2.1,10.5,34.7,-15,0.02625060391272265
1.9000000000000001,2.1,10.5,35.0,-15,0.026126193467638656
1.9000000000000001,2.1,10.5,35.2,-15,0.026001783022554664
1.8,2.0,10.5,35.5,-15,0.02587737257747067
1.8,2.0,10.5,35.800000000000004,-15,0.02587737257747067
1.8,2.0,10.5,36.0,-15,0.02587737257747067
1.7000000000000002,2.0,10.5,36.300000000000004,-13,0.02587737257747067
1.7000000000000002,1.9000000000000001,10.5,36.7,-13,0.02587737257747067
1.7000000000000002,1.9000000000000001,10.5,36.7,-13,0.02587737257747067
1.7000000000000002,1.9000000000000001,10.5,36.800000000000004,-12,0.02587737257747067
1.6,1.9000000000000001,10.5,37.2,-10,0.02587737257747067
1.6,1.9000000000000001,10.5,37.300000000000004,-7,0.02587737257747067
1.6,1.8,10.5,37.300000000000004,-8,0.02587737257747067
1.6,1.8,10.5,37.6,-7,0.02575296213238668
1.6,1.8,10.5,37.6,-7,0.0252553203520507
1.5,1.8,10.5,37.800000000000004,-7,0.02450885768154674
1.5,1.8,10.5,37.800000000000004,-4,0.023637984565958784
1.5,1.8,10.5,37.800000000000004,-3,0.022518290560202842
1.5,1.8,10.5,38.0,-1,0.021523006999530893
1.5,1.8,10.5,38.0,-1,0.02065213388394294
1.5,1.8,10.5,38.1,0,0.020030081658522967
1.5,1.7000000000000002,10.5,38.1,0,0.019781260768354982
1.4000000000000001,1.7000000000000002,10.5,38.1,0,0.01965685032327099
1.4000000000000001,1.7000000000000002,10.5,38.2,1,0.019781260768354982
1.4000000000000001,1.7000000000000002,10.5,38.5,2,0.019781260768354982
1.4000000000000001,1.7000000000000002,10.5,38.5,2,0.01965685032327099
1.4000000000000001,1.7000000000000002,10.5,38.6,3,0.01965685032327099
1.4000000000000001,1.7000000000000002,10.5,38.800000000000004,3,0.01965685032327099
1.4000000000000001,1.7000000000000002,10.5,38.800000000000004,4,0.019532439878186997
1.4000000000000001,1.7000000000000002,10.5,39.1,5,0.019408029433103
1.4000000000000001,1.7000000000000002,10.5,39.2,6,0.019283618988019006
1.4000000000000001,1.7000000000000002,10.5,39.300000000000004,7,0.019159208542935013
1.4000000000000001,1.7000000000000002,10.5,39.300000000000004,8,0.01903479809785102
1.4000000000000001,1.7000000000000002,10.5,39.300000000000004,9,0.01891038765276703
1.4000000000000001,1.7000000000000002,10.5,39.300000000000004,11,0.01891038765276703
1.4000000000000001,1.7000000000000002,10.5,39.6,11,0.018785977207683033
1.4000000000000001,1.7000000000000002,10.5,39.6,13,0.018785977207683033
1.4000000000000001,1.7000000000000002,10.5,39.6,13,0.018785977207683033
1.4000000000000001,1.7000000000000002,10.5,39.6,13,0.018785977207683033
1.4000000000000001,1.7000000000000002,10.5,39.400000000000006,15,0.01891038765276703
1.4000000000000001,1.7000000000000002,10.5,39.2,16,0.01891038765276703
1.4000000000000001,1.7000000000000002,10.5,39.1,16,0.01903479809785102
1.4000000000000001,1.7000000000000002,10.5,39.0,17,0.019159208542935013
1.4000000000000001,1.6,10.5,39.0,18,0.019159208542935013
1.4000000000000001,1.6,10.5,39.0,18,0.019159208542935013
1.4000000000000001,1.6,10.5,39.0,19,0.019159208542935013
1.4000000000000001,1.6,10.5,39.0,20,0.01903479809785102
1.4000000000000001,1.6,10.5,38.900000000000006,19,0.01891038765276703
1.3,1.6,10.5,38.900000000000006,20,0.01891038765276703
1.3,1.6,10.5,38.800000000000004,21,0.018785977207683033
1.3,1.6,10.5,38.7,22,0.01866156676259904
1.3,1.6,10.5,38.2,22,0.018537156317515045
1.3,1.6,10.5,37.5,23,0.018412745872431052
1.3,1.6,10.5,36.6,23,0.01828833542734706
1.3,1.6,10.5,35.6,24,0.01828833542734706
1.3,1.6,10.5,34.4,26,0.018163924982263067
1.3,1.6,10.5,33.1,26,0.01803951453717907
1.3,1.6,10.5,31.8,28,0.01791510409209508
1.3,1.6,10.5,30.5,29,0.017790693647011083
1.3,1.6,10.5,29.1,31,0.0175418727568431
1.3,1.6,10.5,27.700000000000003,34,0.01729305186667511
1.3,1.6,10.5,26.3,34,0.017044230976507122
1.3,1.6,10.5,24.900000000000002,35,0.01691982053142313
1.3,1.6,10.5,23.5,35,0.01691982053142313
1.3,1.6,10.5,22.0,37,0.01691982053142313
1.3,1.6,10.5,20.6,40,0.01691982053142313
1.3,1.6,10.5,19.1,40,0.01691982053142313
1.3,1.6,10.5,17.7,41,0.01691982053142313
1.3,1.6,10.5,16.3,42,0.01691982053142313
1.3,1.6,10.5,14.8,47,0.01691982053142313
1.2000000000000002,1.6,10.5,13.5,50,0.017044230976507122
1.2000000000000002,1.6,10.5,13.700000000000001,53,0.017168641421591118
1.2000000000000002,1.6,9.5,13.700000000000001,54,0.01729305186667511
1.2000000000000002,1.6,8.5,11.600000000000001,55,0.01729305186667511
1.1,1.6,7.4,9.8,57,0.01729305186667511
1.1,1.6,6.300000000000001,9.9,58,0.01729305186667511
1.1,1.6,5.1000000000000005,9.9,60,0.01729305186667511
2.5,2.2,3.8000000000000003,5.2,61,0.01729305186667511
2.5,2.2,3.1,4.1000000000000005,60,0.01729305186667511
2.5,2.1,2.8000000000000003,3.3000000000000003,63,0.01729305186667511
2.4000000000000004,2.0,2.5,3.0,65,0.017417462311759103
2.2,1.9000000000000001,2.2,2.7,66,0.017417462311759103
2.1,1.8,2.0,2.4000000000000004,69,0.017417462311759103
2.0,1.7000000000000002,1.8,2.2,74,0.017417462311759103
1.9000000000000001,1.6,1.6,2.0,77,0.017417462311759103
1.8,1.5,1.5,1.8,83,0.0175418727568431
1.7000000000000002,1.5,1.4000000000000001,1.6,87,0.017790693647011083
1.6,1.4000000000000001,1.3,1.4000000000000001,88,0.01803951453717907
1.5,1.4000000000000001,1.3,1.4000000000000001,90,0.018412745872431052
1.5,1.3,1.2000000000000002,1.3,90,0.01866156676259904
1.4000000000000001,1.3,1.1,1.2000000000000002,91,0.018785977207683033
1.4000000000000001,1.2000000000000002,1.1,1.2000000000000002,92,0.01891038765276703
1.3,1.2000000000000002,1.0,1.1,93,0.01903479809785102
1.3,1.2000000000000002,1.0,1.1,95,0.019159208542935013
1.2000000000000002,1.1,0.9,1.0,94,0.019283618988019006
1.2000000000000002,1.1,0.9,1.0,93,0.019408029433103
1.2000000000000002,1.1,0.8,0.9,92,0.019532439878186997
1.1,1.0,0.8,0.9,91,0.01965685032327099
1.1,1.0,0.8,0.8,92,0.019781260768354982
1.1,1.0,0.7000000000000001,0.8,94,0.019905671213438975
1.0,0.9,0.7000000000000001,0.8,96,0.020154492103606963
1.0,0.9,0.7000000000000001,0.7000000000000001,98,0.020403312993774948
1.0,0.9,0.6000000000000001,0.7000000000000001,100,0.02065213388394294
0.9,0.9,0.6000000000000001,0.6000000000000001,103,0.02102536521919492
0.9,0.8,0.6000000000000001,0.6000000000000001,105,0.021274186109362905
0.9,0.8,0.5,0.6000000000000001,106,0.021523006999530893
0.9,0.8,0.5,0.6000000000000001,108,0.021647417444614885
0.8,0.8,0.5,0.5,109,0.021647417444614885
0.8,0.7000000000000001,0.5,0.5,110,0.021647417444614885
0.8,0.7000000000000001,0.4,0.5,117,0.021647417444614885
0.8,0.7000000000000001,0.4,0.5,131,0.02177182788969888
0.7000000000000001,0.7000000000000001,0.4,0.4,135,0.021896238334782877
0.7000000000000001,0.7000000000000001,0.4,0.4,138,0.022269469670034854
0.7000000000000001,0.6000000000000001,0.4,0.4,145,0.022642701005286835
0.7000000000000001,0.6000000000000001,0.30000000000000004,0.4,152,0.02289152189545482
0.7000000000000001,0.6000000000000001,0.30000000000000004,0.4,154,0.02314034278562281
0.6000000000000001,0.6000000000000001,0.30000000000000004,0.30000000000000004,159,0.0233891636757908
0.6000000000000001,0.6000000000000001,0.30000000000000004,0.30000000000000004,162,0.023637984565958784
0.6000000000000001,0.5,0.30000000000000004,0.30000000000000004,163,0.02388680545612677
0.6000000000000001,0.5,0.30000000000000004,0.30000000000000004,164,0.024384447236462742
0.6000000000000001,0.5,0.2,0.30000000000000004,159,0.025006499461882714
0.5,0.5,0.2,0.30000000000000004,160,0.02575296213238668
0.5,0.5,0.2,0.2,160,0.026375014357806644
0.5,0.5,0.2,0.2,160,0.02674824569305862
0.5,0.4,0.2,0.2,161,0.026872656138142617
0.5,0.4,0.2,0.2,161,0.02674824569305862
0.5,0.4,0.2,0.2,162,0.026499424802890637
0.4,0.4,0.2,0.2,161,0.026375014357806644
0.4,0.4,0.2,0.2,163,0.026375014357806644
0.4,0.4,0.2,0.2,162,0.026375014357806644
0.4,0.4,0.1,0.2,163,0.026375014357806644
0.4,0.4,0.1,0.2,164,0.026375014357806644
0.4,0.30000000000000004,0.1,0.1,153,0.026375014357806644
0.4,0.30000000000000004,0.1,0.1,153,0.026375014357806644
0.4,0.30000000000000004,0.1,0.1,153,0.026375014357806644
0.30000000000000004,0.30000000000000004,0.1,0.1,156,0.026375014357806644
0.30000000000000004,0.30000000000000004,0.1,0.1,159,0.026375014357806644
0.30000000000000004,0.30000000000000004,0.1,0.1,178,0.026375014357806644
0.30000000000000004,0.30000000000000004,0.1,0.1,184,0.026375014357806644
0.30000000000000004,0.30000000000000004,0.1,0.1,189,0.026375014357806644
0.30000000000000004,0.30000000000000004,0.1,0.1,191,0.026375014357806644
0.30000000000000004,0.30000000000000004,0.1,0.1,192,0.026375014357806644
0.5,0.5,0.1,0.1,194,0.026375014357806644
0.7000000000000001,0.7000000000000001,0.1,0.1,193,0.026375014357806644
0.8,0.8,0.1,0.1,194,0.026375014357806644
0.8,0.7000000000000001,0.1,0.1,194,0.026375014357806644
0.7000000000000001,0.7000000000000001,0.1,0.1,162,0.026375014357806644
0.8,0.8,0.2,0.2,165,0.026375014357806644
1.1,1.1,0.2,0.2,167,0.026375014357806644
1.3,1.3,0.2,0.2,168,0.026375014357806644
1.7000000000000002,1.6,0.2,0.2,168,0.026375014357806644
2.1,2.1,0.2,0.2,167,0.026375014357806644
2.2,2.2,0.2,0.2,169,0.026499424802890637
2.0,2.0,0.2,0.2,168,0.026499424802890637
1.9000000000000001,1.9000000000000001,0.2,0.2,168,0.02662383524797463
1.8,1.8,0.2,0.2,158,0.02662383524797463
1.7000000000000002,1.7000000000000002,0.2,0.2,156,0.02662383524797463
1.5,1.5,0.2,0.2,156,0.02662383524797463
1.4000000000000001,1.4000000000000001,0.2,0.2,153,0.02662383524797463
1.3,1.3,0.2,0.2,147,0.02662383524797463
1.2000000000000002,1.2000000000000002,0.2,0.2,147,0.02674824569305862
1.1,1.0,0.2,0.2,149,0.02674824569305862
1.1,1.0,0.2,0.2,149,0.026872656138142617
1.0,0.9,0.2,0.2,144,0.026872656138142617
1.0,0.9,0.2,0.2,147,0.026872656138142617
0.9,0.9,0.2,0.2,151,0.026872656138142617
0.9,0.8,0.2,0.2,148,0.026872656138142617
0.8,0.8,0.2,0.2,144,0.026872656138142617
0.8,0.8,0.2,0.2,148,0.026872656138142617
0.8,0.7000000000000001,0.30000000000000004,0.30000000000000004,149,0.026872656138142617
0.8,0.7000000000000001,0.30000000000000004,0.30000000000000004,145,0.026872656138142617
0.7000000000000001,0.7000000000000001,0.30000000000000004,0.30000000000000004,143,0.026872656138142617
0.7000000000000001,0.7000000000000001,0.30000000000000004,0.4,146,0.026872656138142617
0.7000000000000001,0.7000000000000001,0.4,0.4,145,0.026872656138142617
0.7000000000000001,0.6000000000000001,0.30000000000000004,0.4,145,0.026872656138142617
0.6000000000000001,0.6000000000000001,0.30000000000000004,0.30000000000000004,146,0.026872656138142617
0.6000000000000001,0.6000000000000001,0.30000000000000004,0.30000000000000004,147,0.026872656138142617
0.6000000000000001,0.6000000000000001,0.30000000000000004,0.30000000000000004,149,0.026872656138142617
0.6000000000000001,0.6000000000000001,0.30000000000000004,0.30000000000000004,149,0.026872656138142617
0.6000000000000001,0.5,0.30000000000000004,0.30000000000000004,147,0.026872656138142617
0.5,0.5,0.30000000000000004,0.30000000000000004,150,0.026872656138142617
0.5,0.5,0.2,0.30000000000000004,150,0.026872656138142617
0.5,0.5,0.2,0.2,146,0.026872656138142617
0.5,0.5,0.2,0.2,149,0.026872656138142617
0.5,0.5,0.2,0.2,151,0.026872656138142617
0.5,0.4,0.2,0.2,151,0.026872656138142617
0.4,0.4,0.2,0.2,153,0.026872656138142617
0.4,0.4,0.2,0.2,155,0.026872656138142617
0.4,0.4,0.2,0.2,158,0.026872656138142617
0.4,0.4,0.2,0.2,158,0.027121477028310605
0.4,0.4,0.2,0.2,157,0.0272458874733946
0.4,0.4,0.1,0.1,158,0.027494708363562586
0.4,0.4,0.1,0.1,158,0.02761911880864658
0.4,0.30000000000000004,0.1,0.1,157,0.02761911880864658
0.30000000000000004,0.30000000000000004,0.1,0.1,159,0.027743529253730574
0.30000000000000004,0.30000000000000004,0.1,0.1,158,0.027743529253730574
0.30000000000000004,0.30000000000000004,0.1,0.1,158,0.02799235014389856
0.30000000000000004,0.30000000000000004,0.1,0.1,159,0.028241171034066544
0.30000000000000004,0.30000000000000004,0.1,0.1,159,0.028614402369318528
0.30000000000000004,0.30000000000000004,0.1,0.1,158,0.02898763370457051
0.30000000000000004,0.30000000000000004,0.1,0.1,157,0.02936086503982249
0.30000000000000004,0.30000000000000004,0.1,0.1,158,0.029734096375074473
0.30000000000000004,0.30000000000000004,0.1,0.1,157,0.03010732771032645
0.30000000000000004,0.30000000000000004,0.1,0.1,158,0.03035614860049444
0.30000000000000004,0.2,0.1,0.1,158,0.03048055904557843
0.2,0.2,0.1,0.1,157,0.030604969490662423
0.2,0.2,0.1,0.1,158,0.03072937993574642
0.2,0.2,0.1,0.1,158,0.03085379038083041
0.2,0.2,0.1,0.1,158,0.031227021716082395
0.2,0.2,0.1,0.1,156,0.031600253051334376
0.2,0.2,0.0,0.1,158,0.03197348438658636
0.2,0.2,0.0,0.0,157,0.03247112616692233
0.2,0.2,0.0,0.0,158,0.03271994705709032
0.2,0.2,0.0,0.0,157,0.032844357502174314
0.2,0.2,0.0,0.0,158,0.0329687679472583
0.2,0.2,0.0,0.0,158,0.0330931783923423
0.2,0.2,0.0,0.0,158,0.03321758883742629
0.2,0.2,0.0,0.0,161,0.03334199928251028
0.2,0.2,0.0,0.0,160,0.03346640972759428
0.2,0.1,0.0,0.0,164,0.03346640972759428
0.2,0.1,0.0,0.0,164,0.03346640972759428
0.1,0.1,0.0,0.0,168,0.03346640972759428
0.1,0.1,0.0,0.0,166,0.03346640972759428
0.1,0.1,0.0,0.0,170,0.03346640972759428
0.1,0.1,0.0,0.0,168,0.03346640972759428
0.1,0.1,0.0,0.0,171,0.03346640972759428
0.1,0.1,0.0,0.0,171,0.03346640972759428
0.1,0.1,0.0,0.0,170,0.03346640972759428
0.1,0.1,0.0,0.0,172,0.03346640972759428
0.1,0.1,0.0,0.0,172,0.03346640972759428
0.1,0.1,0.0,0.0,171,0.03346640972759428
0.1,0.1,0.0,0.0,173,0.03346640972759428
0.1,0.1,0.0,0.0,173,0.03346640972759428
0.1,0.1,0.0,0.0,172,0.03346640972759428
0.1,0.1,0.0,0.0,172,0.03346640972759428
0.1,0.1,0.0,0.0,173,0.03346640972759428
0.1,0.1,0.0,0.0,175,0.03346640972759428
0.1,0.1,0.0,0.0,173,0.03346640972759428
0.1,0.1,0.0,0.0,176,0.03346640972759428
0.1,0.1,0.0,0.0,174,0.03346640972759428
0.1,0.1,0.0,0.0,176,0.03346640972759428
0.1,0.1,0.0,0.0,176,0.03359082017267827
0.1,0.1,0.0,0.0,178,0.03359082017267827
0.1,0.1,0.0,0.0,177,0.03359082017267827
0.1,0.1,0.0,0.0,179,0.03383964106284626
0.1,0.1,0.0,0.0,179,0.034088461953014244
0.1,0.1,0.0,0.0,179,0.034461693288266225
0.1,0.1,0.0,0.0,181,0.0349593350686022
0.1,0.1,0.0,0.0,180,0.03545697684893818
0.1,0.1,0.0,0.0,182,0.03583020818419016
0.1,0.0,0.0,0.0,183,0.03595461862927415
0.1,0.0,0.0,0.0,185,0.03595461862927415
0.0,0.0,0.0,0.0,184,0.03595461862927415
0.0,0.0,0.0,0.0,184,0.03607902907435814
0.0,0.0,0.0,0.0,186,0.03607902907435814
0.0,0.0,0.0,0.0,186,0.03607902907435814
0.0,0.0,0.0,0.0,189,0.03620343951944213
0.0,0.0,0.0,0.0,187,0.036452260409610124
0.2,0.2,0.0,0.0,189,0.036701081299778116
0.30000000000000004,0.30000000000000004,0.0,0.0,189,0.0369499021899461
0.4,0.30000000000000004,0.0,0.0,190,0.03732313352519808
0.30000000000000004,0.30000000000000004,0.0,0.0,191,0.03744754397028207
0.4,0.4,0.0,0.0,190,0.037571954415366066
0.6000000000000001,0.6000000000000001,0.0,0.0,191,0.037571954415366066
0.6000000000000001,0.6000000000000001,0.0,0.0,193,0.037571954415366066
0.7000000000000001,0.7000000000000001,0.0,0.0,191,0.03769636486045006
0.9,0.9,0.0,0.0,192,0.03806959619570204
0.9,0.9,0.0,0.0,192,0.03844282753095402
0.9,0.9,0.0,0.0,192,0.03894046931129
0.9,0.9,0.0,0.0,192,0.039562521536709964
0.9,0.9,0.0,0.0,195,0.040060163317045934
0.9,0.9,0.0,0.0,194,0.04043339465229792
0.9,0.9,0.0,0.0,194,0.040806625987549895
0.9,0.9,0.0,0.0,196,0.04093103643263389
1.0,1.0,0.0,0.0,197,0.041055446877717894
1.0,1.0,0.0,0.0,196,0.041055446877717894
1.2000000000000002,1.2000000000000002,0.0,0.0,197,0.04117985732280188
1.2000000000000002,1.2000000000000002,0.0,0.0,198,0.04155308865805386
1.3,1.3,0.0,0.0,198,0.04205073043838984
1.3,1.3,0.0,0.0,199,0.04242396177364182
1.3,1.3,0.0,0.0,199,0.0429216035539778
1.4000000000000001,1.4000000000000001,0.0,0.0,199,0.043419245334313766
1.5,1.5,0.0,0.0,200,0.043916887114649736
1.5,1.5,0.0,0.0,200,0.04453893934006971
1.4000000000000001,1.4000000000000001,0.0,0.0,200,0.04516099156548968
1.5,1.5,0.0,0.0,200,0.04565863334582565
1.4000000000000001,1.4000000000000001,0.0,0.0,200,0.04603186468107763
1.5,1.5,0.0,0.0,200,0.04640509601632961
1.4000000000000001,1.4000000000000001,0.0,0.0,200,0.04652950646141361
1.3,1.3,0.0,0.0,201,0.046653916906497596
1.3,1.3,0.0,0.0,201,0.046653916906497596
1.3,1.3,0.0,0.0,201,0.0467783273515816
1.2000000000000002,1.2000000000000002,0.0,0.0,203,0.0467783273515816
1.2000000000000002,1.2000000000000002,0.0,0.0,203,0.04690273779666559
1.2000000000000002,1.2000000000000002,0.0,0.0,203,0.04702714824174958
1.2000000000000002,1.2000000000000002,0.0,0.0,203,0.04702714824174958
1.2000000000000002,1.2000000000000002,0.0,0.0,204,0.04702714824174958
1.2000000000000002,1.2000000000000002,0.0,0.0,204,0.04702714824174958
1.2000000000000002,1.2000000000000002,0.0,0.0,204,0.04715155868683357
1.2000000000000002,1.2000000000000002,0.0,0.0,205,0.04727596913191757
1.2000000000000002,1.2000000000000002,0.0,0.0,206,0.04740037957700156
1.2000000000000002,1.2000000000000002,0.0,0.0,205,0.04740037957700156
1.2000000000000002,1.2000000000000002,0.0,0.0,206,0.04740037957700156
1.2000000000000002,1.2000000000000002,0.0,0.0,205,0.04740037957700156
1.2000000000000002,1.2000000000000002,0.0,0.0,205,0.04740037957700156
1.2000000000000002,1.2000000000000002,0.0,0.0,206,0.04740037957700156
1.2000000000000002,1.2000000000000002,0.0,0.0,206,0.04752479002208555
1.1,1.1,0.0,0.0,206,0.047649200467169556
1.1,1.1,0.0,0.0,207,0.04777361091225354
1.0,1.0,0.0,0.0,208,0.04789802135733754
1.0,1.0,0.0,0.0,207,0.048271252692589514
0.9,0.9,0.0,0.0,208,0.048644484027841495
0.9,0.9,0.0,0.0,208,0.04901771536309348
0.9,0.9,0.0,0.0,208,0.04951535714342945
0.8,0.8,0.0,0.0,208,0.05001299892376543
0.8,0.8,0.0,0.0,208,0.05038623025901741
0.7000000000000001,0.7000000000000001,0.0,0.0,209,0.050883872039353385
0.7000000000000001,0.7000000000000001,0.0,0.0,209,0.051381513819689355
0.7000000000000001,0.7000000000000001,0.0,0.0,209,0.05187915560002533
0.6000000000000001,0.6000000000000001,0.0,0.0,210,0.0523767973803613
0.6000000000000001,0.6000000000000001,0.0,0.0,210,0.05299884960578127
0.6000000000000001,0.6000000000000001,0.0,0.0,211,0.053745312276285234
0.6000000000000001,0.6000000000000001,0.0,0.0,210,0.0543673645017052
0.6000000000000001,0.6000000000000001,0.0,0.0,211,0.054865006282041176
0.5,0.5,0.0,0.0,212,0.05523823761729316
0.5,0.5,0.0,0.0,214,0.05548705850746115
0.5,0.5,0.0,0.0,214,0.05573587939762913
0.5,0.5,0.0,0.0,214,0.05598470028779712
0.5,0.5,0.0,0.0,214,0.0562335211779651
0.5,0.5,0.0,0.0,214,0.05660675251321709
0.4,0.4,0.0,0.0,214,0.05697998384846907
0.4,0.4,0.0,0.0,216,0.057353215183721044
0.4,0.4,0.0,0.0,215,0.05747762562880505
0.4,0.4,0.0,0.0,216,0.05747762562880505
0.4,0.4,0.0,0.0,215,0.05747762562880505
0.4,0.4,0.0,0.0,217,0.057602036073889036
0.30000000000000004,0.30000000000000004,0.0,0.0,216,0.05772644651897303
0.30000000000000004,0.30000000000000004,0.0,0.0,216,0.05785085696405702
0.30000000000000004,0.30000000000000004,0.0,0.0,216,0.05785085696405702
0.4,0.4,0.0,0.0,216,0.05797526740914102
0.5,0.5,0.0,0.0,218,0.05797526740914102
0.5,0.5,0.0,0.0,219,0.05797526740914102
0.6000000000000001,0.6000000000000001,0.0,0.0,218,0.05797526740914102
0.7000000000000001,0.7000000000000001,0.0,0.0,219,0.05797526740914102
0.8,0.8,0.0,0.0,220,0.05797526740914102
1.0,1.0,0.0,0.0,221,0.05797526740914102
1.1,1.1,0.0,0.0,222,0.05797526740914102
1.2000000000000002,1.2000000000000002,0.0,0.0,221,0.05809967785422501
1.2000000000000002,1.2000000000000002,0.0,0.0,221,0.058348498744393004
1.2000000000000002,1.2000000000000002,0.0,0.0,223,0.05859731963456099
1.2000000000000002,1.2000000000000002,0.0,0.0,222,0.058846140524728974
1.2000000000000002,1.2000000000000002,0.0,0.0,223,0.05897055096981296
1.1,1.1,0.0,0.0,224,0.05897055096981296
1.1,1.1,0.0,0.0,223,0.05909496141489696
1.1,1.1,0.0,0.0,225,0.05909496141489696
1.0,1.0,0.0,0.0,227,0.05921937185998095
1.1,1.1,0.0,0.0,227,0.059592603195232935
1.1,1.1,0.0,0.0,227,0.059965834530484916
1.1,1.1,0.0,0.0,229,0.06033906586573689
1.0,1.0,0.0,0.0,228,0.06071229720098888
1.0,1.0,0.0,0.0,227,0.061209938981324846
0.9,0.9,0.0,0.0,216,0.06170758076166082
0.9,0.9,0.0,0.0,204,0.062205222541996806
0.9,0.9,0.0,0.0,194,0.06257845387724878
0.8,0.8,0.0,0.0,179,0.06295168521250076
0.8,0.8,0.0,0.0,169,0.06307609565758475
0.8,0.8,0.0,0.0,155,0.06332491654775274
0.8,0.8,0.0,0.0,144,0.06332491654775274
0.7000000000000001,0.7000000000000001,0.0,0.0,132,0.06332491654775274
0.7000000000000001,0.7000000000000001,0.0,0.0,119,0.06332491654775274
0.7000000000000001,0.7000000000000001,0.0,0.0,112,0.06332491654775274
0.7000000000000001,0.7000000000000001,0.0,0.0,94,0.06344932699283673
0.7000000000000001,0.7000000000000001,0.0,0.0,88,0.06369814788300472
0.6000000000000001,0.6000000000000001,0.0,0.0,72,0.0640713792182567
0.6000000000000001,0.6000000000000001,0.0,0.0,65,0.06444461055350868
0.6000000000000001,0.6000000000000001,0.0,0.0,48,0.06456902099859267
0.6000000000000001,0.6000000000000001,0.0,0.0,42,0.06469343144367667
0.6000000000000001,0.6000000000000001,0.0,0.0,25,0.06469343144367667
0.5,0.5,0.0,0.0,28,0.06469343144367667
0.5,0.5,0.0,0.0,22,0.06481784188876066
0.5,0.5,0.0,0.0,22,0.06494225233384467
0.5,0.5,0.0,0.0,19,0.06506666277892866
0.5,0.5,0.0,0.0,16,0.06506666277892866
0.5,0.5,0.0,0.0,13,0.06519107322401264
0.4,0.4,0.0,0.0,11,0.06531548366909663
0.4,0.4,0.0,0.0,6,0.06531548366909663
0.4,0.4,0.0,0.0,3,0.06531548366909663
0.4,0.4,0.0,0.0,2,0.06531548366909663
0.4,0.4,0.0,0.0,-1,0.06531548366909663
0.4,0.4,0.0,0.0,0,0.06531548366909663
0.4,0.4,0.0,0.0,-1,0.06531548366909663
0.4,0.4,0.0,0.0,-1,0.06543989411418064
0.30000000000000004,0.30000000000000004,0.0,0.0,-1,0.06543989411418064
0.30000000000000004,0.30000000000000004,0.0,0.0,-3,0.06543989411418064
0.30000000000000004,0.30000000000000004,0.0,0.0,-4,0.06568871500434863
0.30000000000000004,0.30000000000000004,0.0,0.0,-4,0.06581312544943262
0.30000000000000004,0.30000000000000004,0.0,0.0,-5,0.0659375358945166
0.30000000000000004,0.30000000000000004,0.0,0.0,-5,0.0659375358945166
0.30000000000000004,0.30000000000000004,0.0,0.0,-5,0.0659375358945166
0.30000000000000004,0.30000000000000004,0.0,0.0,-7,0.0659375358945166
0.30000000000000004,0.30000000000000004,0.0,0.0,-7,0.0659375358945166
0.30000000000000004,0.30000000000000004,0.0,0.0,-8,0.06606194633960061
0.30000000000000004,0.30000000000000004,0.0,0.0,-8,0.06631076722976859
0.2,0.2,0.0,0.0,-8,0.06643517767485257
0.2,0.2,0.0,0.0,-9,0.06668399856502057
0.2,0.2,0.0,0.0,-9,0.06693281945518856
0.2,0.2,0.0,0.0,-10,0.06730605079044054
0.2,0.2,0.0,0.0,-10,0.06767928212569252
0.2,0.2,0.0,0.0,-10,0.06792810301586051
0.2,0.2,0.0,0.0,-10,0.06830133435111248
0.2,0.2,0.0,0.0,-10,0.06879897613144846
0.2,0.2,0.0,0.0,-10,0.06929661791178443
0.2,0.2,0.0,0.0,-10,0.06979425969212041
0.2,0.2,0.0,0.0,-10,0.07029190147245638
0.2,0.2,0.0,0.0,-10,0.07066513280770836
0.2,0.2,0.0,0.0,-10,0.07091395369787636
0.2,0.2,0.0,0.0,-10,0.07116277458804433
0.2,0.2,0.0,0.0,-10,0.07153600592329633
0.2,0.2,0.0,0.0,-10,0.0719092372585483
0.1,0.1,0.0,0.0,-10,0.07228246859380028
0.1,0.1,0.0,0.0,-11,0.07253128948396827
0.1,0.1,0.0,0.0,-11,0.07290452081922025
0.1,0.1,0.0,0.0,-11,0.07327775215447223
0.1,0.1,0.0,0.0,-11,0.07365098348972421
0.1,0.1,0.0,0.0,-11,0.0737753939348082
0.1,0.1,0.0,0.0,-11,0.0738998043798922
0.1,0.1,0.0,0.0,-12,0.0738998043798922
0.1,0.1,0.0,0.0,-12,0.0738998043798922
0.1,0.1,0.0,0.0,-12,0.07402421482497619
0.1,0.1,0.0,0.0,-12,0.07427303571514418
0.1,0.1,0.0,0.0,-17,0.07452185660531217
0.1,0.1,0.0,0.0,-17,0.07489508794056414
0.1,0.1,0.0,0.0,-18,0.07539272972090012
0.1,0.1,0.0,0.0,-18,0.07589037150123609
0.1,0.1,0.0,0.0,-23,0.07613919239140408
0.1,0.1,0.0,0.0,-23,0.07626360283648807
0.1,0.1,0.0,0.0,-27,0.07638801328157208
0.1,0.1,0.0,0.0,-27,0.07651242372665606
0.1,0.1,0.0,0.0,-27,0.07676124461682406
0.1,0.1,0.0,0.0,-27,0.07676124461682406
0.1,0.1,0.0,0.0,-31,0.07688565506190805
0.1,0.1,0.0,0.0,-31,0.07701006550699203
0.1,0.1,0.0,0.0,-31,0.07713447595207602
0.1,0.1,0.0,0.0,-31,0.07750770728732802
0.1,0.1,0.0,0.0,-31,0.077756528177496
0.1,0.1,0.0,0.0,-31,0.07825416995783198
0.1,0.1,0.0,0.0,-31,0.07862740129308396
0.1,0.1,0.0,0.0,-31,0.07924945351850393
0.1,0.1,0.0,0.0,-30,0.08012032663409187
0.1,0.1,0.0,0.0,-30,0.08099119974967983
0.0,0.0,0.0,0.0,-30,0.0817376624201838
0.0,0.0,0.0,0.0,-30,0.08235971464560377
0.0,0.0,0.0,0.0,-30,0.08298176687102372
0.0,0.0,0.0,0.0,-30,0.08347940865135971
0.0,0.0,0.0,0.0,-30,0.08397705043169569
0.0,0.0,0.0,0.0,-30,0.08447469221203166
0.0,0.0,0.0,0.0,-30,0.08497233399236763
0.0,0.0,0.0,0.0,-30,0.08559438621778759
0.0,0.0,0.0,0.0,-30,0.08609202799812357
0.0,0.0,0.0,0.0,-30,0.08671408022354354
0.0,0.0,0.0,0.0,-30,0.08721172200387951
0.0,0.0,0.0,0.0,-30,0.0877093637842155
0.0,0.0,0.0,0.0,-30,0.08820700556455147
0.0,0.0,0.0,0.0,-30,0.08870464734488744
0.0,0.0,0.0,0.0,-30,0.08907787868013942
0.0,0.0,0.0,0.0,-30,0.0894511100153914
0.0,0.0,0.0,0.0,-30,0.08994875179572738
0.0,0.0,0.0,0.0,-30,0.09044639357606335
0.0,0.0,0.0,0.0,-30,0.09081962491131533
0.0,0.0,0.0,0.0,-30,0.09119285624656731
0.0,0.0,0.0,0.0,-30,0.09144167713673529
0.0,0.0,0.0,0.0,-30,0.0916904980269033
0.0,0.0,0.0,0.0,-30,0.09181490847198728
0.0,0.0,0.0,0.0,-30,0.09193931891707127
0.0,0.0,0.0,0.0,-30,0.09193931891707127
0.0,0.0,0.0,0.0,-30,0.09193931891707127
0.0,0.0,0.0,0.0,-30,0.09193931891707127
0.0,0.0,0.0,0.0,-30,0.09206372936215526
0.0,0.0,0.0,0.0,-30,0.09218813980723926
0.0,0.0,0.0,0.0,-30,0.09218813980723926
0.0,0.0,0.0,0.0,-30,0.09231255025232325
0.0,0.0,0.0,0.0,-30,0.09231255025232325
0.0,0.0,0.0,0.0,-30,0.09231255025232325
0.0,0.0,0.0,0.0,-30,0.09256137114249124
0.0,0.0,0.0,0.0,-30,0.09281019203265922
0.0,0.0,0.0,0.0,-30,0.0931834233679112
0.0,0.0,0.0,0.0,-30,0.09368106514824719
0.0,0.0,0.0,0.0,-30,0.09417870692858316
0.0,0.0,0.0,0.0,-30,0.09455193826383514
0.0,0.0,0.0,0.0,-30,0.09492516959908712
0.0,0.0,0.0,0.0,-30,0.0954228113794231
0.0,0.0,0.0,0.0,-30,0.09592045315975907
0.0,0.0,0.0,0.0,-30,0.09641809494009504
0.0,0.0,0.0,0.0,-30,0.09679132627534702
0.0,0.0,0.0,0.0,-30,0.09728896805568299
0.0,0.0,0.0,0.0,-30,0.09778660983601897
0.0,0.0,0.0,0.0,-30,0.09853307250652293
0.0,0.0,0.0,0.0,-30,0.09927953517702688
0.0,0.0,0.0,0.0,-30,0.09990158740244687
0.0,0.0,0.0,0.0,-29,0.10052363962786683
0.0,0.0,0.0,0.0,-30,0.10114569185328678
0.0,0.0,0.0,0.0,-30,0.10176774407870677
0.0,0.0,0.0,0.0,-30,0.10226538585904274
0.0,0.0,0.0,0.0,-30,0.1028874380844627
0.0,0.0,0.0,0.0,-30,0.10363390075496667
0.0,0.0,0.0,0.0,-29,0.10438036342547063
0.0,0.0,0.0,0.0,-30,0.1048780052058066
0.0,0.0,0.0,0.0,-29,0.10537564698614259
0.0,0.0,0.0,0.0,-29,0.10587328876647856
0.0,0.0,0.0,0.0,-29,0.10624652010173054
0.0,0.0,0.0,0.0,-29,0.10649534099189852
0.0,0.0,0.0,0.0,-29,0.1066197514369825
0.0,0.0,0.0,0.0,-29,0.10674416188206651
0.0,0.0,0.0,0.0,-29,0.1068685723271505
0.0,0.0,0.0,0.0,-29,0.10699298277223449
0.0,0.0,0.0,0.0,-29,0.10724180366240249
0.0,0.0,0.0,0.0,-29,0.10749062455257047
0.0,0.0,0.0,0.0,-29,0.10786385588782245
0.0,0.0,0.0,0.0,-29,0.10823708722307443
0.0,0.0,0.0,0.0,-29,0.10848590811324242
0.0,0.0,0.0,0.0,-29,0.1087347290034104
0.0,0.0,0.0,0.0,-29,0.1091079603386624
0.0,0.0,0.0,0.0,-29,0.10935678122883037
0.0,0.0,0.0,0.0,-29,0.10960560211899836
0.0,0.0,0.0,0.0,-29,0.10960560211899836
0.0,0.0,0.0,0.0,-29,0.10960560211899836
0.0,0.0,0.0,0.0,-29,0.10973001256408235
0.0,0.0,0.0,0.0,-29,0.10960560211899836
0.0,0.0,0.0,0.0,-29,0.10960560211899836
0.0,0.0,0.0,0.0,-29,0.10973001256408235
0.0,0.0,0.0,0.0,-29,0.10973001256408235
0.0,0.0,0.0,0.0,-29,0.10973001256408235
0.0,0.0,0.0,0.0,-29,0.10985442300916635
0.0,0.0,0.0,0.0,-29,0.10997883345425034
0.0,0.0,0.0,0.0,-29,0.11010324389933433
0.0,0.0,0.0,0.0,-29,0.11035206478950232
0.0,0.0,0.0,0.0,-29,0.11072529612475429
0.0,0.0,0.0,0.0,-29,0.1109741170149223
0.0,0.0,0.0,0.0,-29,0.11122293790509029
0.0,0.0,0.0,0.0,-29,0.11147175879525827
0.0,0.0,0.0,0.0,-29,0.11184499013051025
0.0,0.0,0.0,0.0,-29,0.11209381102067824
0.0,0.0,0.0,0.0,-29,0.1124670423559302
0.0,0.0,0.0,0.0,-29,0.11284027369118219
0.0,0.0,0.0,0.0,-29,0.11321350502643418
0.0,0.0,0.0,0.0,-29,0.11346232591660217
0.0,0.0,0.0,0.0,-29,0.11383555725185414
0.0,0.0,0.0,0.0,-29,0.11433319903219011
0.0,0.0,0.0,0.0,-29,0.1148308408125261
0.0,0.0,0.0,0.0,-29,0.11545289303794606
0.0,0.0,0.0,0.0,-29,0.11595053481828203
0.0,0.0,0.0,0.0,-29,0.11669699748878601
0.0,0.0,0.0,0.0,-29,0.11744346015928996
0.0,0.0,0.0,0.0,-29,0.1183143332748779
0.0,0.0,0.0,0.0,-29,0.11930961683554986
0.0,0.0,0.0,0.0,-29,0.12018048995113781
0.0,0.0,0.0,0.0,-29,0.12117577351180976
