{
    "mean_data": [
        0.3000076413154602,
        1.0240789651870728,
        9.719673156738281,
        -0.008824889548122883,
        0.000988914049230516,
        -0.004391218535602093,
        0.0006529276142828166,
        -0.0050836899317801,
        17.62998390197754,
        -0.10123859345912933,
        -2.9664242267608643,
        0.06222377344965935,
        17.807735443115234,
        17.49786949157715,
        17.939376831054688,
        17.601276397705078,
        11.594388961791992,
        12.455862998962402,
        8.64892864227295,
        9.445399284362793,
        145.23294067382812,
        1753.1082763671875,
        0.39032334089279175
    ],
    "std_dev_data": [
        3.1172330379486084,
        6.735044002532959,
        4.562675476074219,
        0.021496590226888657,
        0.03383836895227432,
        0.023976439610123634,
        0.03328339383006096,
        0.02353319153189659,
        11.157190322875977,
        0.644655704498291,
        1.7241778373718262,
        0.2907348871231079,
        11.27015209197998,
        11.112403869628906,
        11.290651321411133,
        11.09957504272461,
        20.598285675048828,
        21.588027954101562,
        17.068607330322266,
        17.59204864501953,
        145.69728088378906,
        51.99899673461914,
        1.0692498683929443
    ],
    "mean_labels": [
        17.809934616088867,
        17.499624252319336,
        17.94162940979004,
        17.60335350036621,
        11.588674545288086,
        12.453740119934082,
        8.646756172180176,
        9.444249153137207,
        145.2629852294922,
        1753.1104736328125,
        0.3902057707309723
    ],
    "std_dev_labels": [
        11.267963409423828,
        11.110376358032227,
        11.288509368896484,
        11.097346305847168,
        20.59333038330078,
        21.590007781982422,
        17.064538955688477,
        17.586071014404297,
        145.775146484375,
        51.99998474121094,
        1.0691795349121094
    ]
}