{
    "mean_data": [
        0.29846349358558655,
        1.0880604982376099,
        9.783820152282715,
        -0.008860778994858265,
        0.0008327168179675937,
        -754.2725830078125,
        -443.83197021484375,
        -0.8199416399002075,
        -0.004500878509134054,
        0.0012641596840694547,
        -0.004894887562841177,
        17.589946746826172,
        -0.09805099666118622,
        -2.9757888317108154,
        0.06545937806367874,
        17.774690628051758,
        17.455930709838867,
        17.898054122924805,
        17.56600570678711,
        11.54531478881836,
        12.387513160705566,
        8.581390380859375,
        9.378287315368652,
        144.91749572753906,
        1753.1307373046875,
        0.4032707214355469
    ],
    "std_dev_data": [
        3.1104750633239746,
        6.748510837554932,
        4.56997013092041,
        0.021505676209926605,
        0.03343777731060982,
        88.11494445800781,
        96.49080657958984,
        2.623453378677368,
        0.02395252138376236,
        0.03371104598045349,
        0.02347075752913952,
        11.147665977478027,
        0.6436204314231873,
        1.7314343452453613,
        0.289583295583725,
        11.263880729675293,
        11.103727340698242,
        11.281216621398926,
        11.090978622436523,
        20.552513122558594,
        21.510208129882812,
        16.981603622436523,
        17.498828887939453,
        145.82168579101562,
        51.93433380126953,
        1.0613975524902344
    ],
    "mean_labels": [
        17.776710510253906,
        17.45850372314453,
        17.90022850036621,
        17.56836700439453,
        11.547211647033691,
        12.380781173706055,
        8.579401969909668,
        9.374015808105469,
        144.94956970214844,
        1753.12841796875,
        0.4029833674430847
    ],
    "std_dev_labels": [
        11.262191772460938,
        11.10241985321045,
        11.279084205627441,
        11.08874225616455,
        20.553255081176758,
        21.501693725585938,
        16.97677230834961,
        17.491024017333984,
        145.81626892089844,
        51.933349609375,
        1.0613231658935547
    ]
}