{
    "mean_data": [
        0.010434502735733986,
        0.5033355355262756,
        9.771845817565918,
        -0.012801626697182655,
        0.0024215460289269686,
        0.004748848732560873,
        0.0006657207268290222,
        -0.0033240336924791336,
        11.84870433807373,
        -0.0569632388651371,
        -3.088197708129883,
        0.0532495342195034,
        12.342601776123047,
        12.137505531311035,
        12.402569770812988,
        12.24021053314209,
        2.0864875316619873,
        1.706339955329895,
        1.9787839651107788,
        2.0672171115875244,
        69.04523468017578,
        1993.407470703125,
        0.24514400959014893
    ],
    "std_dev_data": [
        0.8248544931411743,
        4.619779109954834,
        4.964073181152344,
        0.003605457255616784,
        0.020229287445545197,
        0.016739198938012123,
        0.02315557561814785,
        0.013792110607028008,
        3.4483911991119385,
        0.15423955023288727,
        1.745902180671692,
        0.14490096271038055,
        3.628878355026245,
        3.5367352962493896,
        3.5676052570343018,
        3.4854555130004883,
        4.292233943939209,
        4.022782802581787,
        4.587367057800293,
        4.8179097175598145,
        75.3058090209961,
        14.578743934631348,
        0.6007054448127747
    ],
    "mean_labels": [
        12.342687606811523,
        12.13770866394043,
        12.402762413024902,
        12.240426063537598,
        2.086101770401001,
        1.7061958312988281,
        1.9787003993988037,
        2.067357301712036,
        69.04327392578125,
        1993.407470703125,
        0.2451411932706833
    ],
    "std_dev_labels": [
        3.6284751892089844,
        3.5366086959838867,
        3.567380428314209,
        3.4850852489471436,
        4.291660785675049,
        4.023141860961914,
        4.586709976196289,
        4.8182854652404785,
        75.30381774902344,
        14.578743934631348,
        0.6007149815559387
    ]
}