{
    "mean_data": [
        0.010768554173409939,
        0.4946136772632599,
        9.776423454284668,
        -0.012804104015231133,
        0.002430254127830267,
        118.46870422363281,
        -34.82963562011719,
        0.07318231463432312,
        0.004791802726686001,
        0.0006594373262487352,
        -0.003362030955031514,
        11.851156234741211,
        -0.05758828669786453,
        -3.0958986282348633,
        0.0532425120472908,
        12.342436790466309,
        12.13707160949707,
        12.40275764465332,
        12.240144729614258,
        2.0840725898742676,
        1.7061983346939087,
        1.9682453870773315,
        2.061389923095703,
        69.26351165771484,
        1993.4224853515625,
        0.24569527804851532
    ],
    "std_dev_data": [
        0.8239796757698059,
        4.603329658508301,
        4.957195281982422,
        0.0036053552757948637,
        0.02019873447716236,
        125.98352813720703,
        136.31312561035156,
        0.04303468391299248,
        0.01674152910709381,
        0.023173287510871887,
        0.013813956640660763,
        3.4518537521362305,
        0.15450705587863922,
        1.7441463470458984,
        0.1449359953403473,
        3.628429889678955,
        3.53558349609375,
        3.5678551197052,
        3.4849979877471924,
        4.281356334686279,
        4.0103559494018555,
        4.566299915313721,
        4.804755210876465,
        75.3817367553711,
        14.585529327392578,
        0.5998663306236267
    ],
    "mean_labels": [
        12.34260368347168,
        12.137306213378906,
        12.402971267700195,
        12.240418434143066,
        2.084001064300537,
        1.7063606977462769,
        1.9683983325958252,
        2.0609724521636963,
        69.2624282836914,
        1993.4224853515625,
        0.245700404047966
    ],
    "std_dev_labels": [
        3.6280508041381836,
        3.5354578495025635,
        3.567483425140381,
        3.4847748279571533,
        4.281124114990234,
        4.010570526123047,
        4.566201686859131,
        4.803865909576416,
        75.38970947265625,
        14.585529327392578,
        0.5998727679252625
    ]
}