{
    "mean_data": [
        0.2950519323348999,
        1.0308104753494263,
        9.769680976867676,
        -0.008823361247777939,
        0.0007050626445561647,
        -0.00450125802308321,
        0.0006184196681715548,
        -0.005013739224523306,
        17.619441986083984,
        -0.10070747882127762,
        -2.967540740966797,
        0.06521863490343094,
        17.790996551513672,
        17.484766006469727,
        17.923500061035156,
        17.592117309570312,
        11.526074409484863,
        12.383406639099121,
        8.518671989440918,
        9.331985473632812,
        144.44915771484375,
        1753.164306640625,
        0.38680917024612427
    ],
    "std_dev_data": [
        3.1163649559020996,
        6.7274956703186035,
        4.580552577972412,
        0.021361904218792915,
        0.03363034129142761,
        0.02398328110575676,
        0.0336407795548439,
        0.023573288694024086,
        11.151053428649902,
        0.6482760310173035,
        1.7323704957962036,
        0.28790658712387085,
        11.258689880371094,
        11.106548309326172,
        11.280557632446289,
        11.091012954711914,
        20.498125076293945,
        21.500577926635742,
        16.88496971130371,
        17.41790771484375,
        145.85110473632812,
        51.89939880371094,
        1.0705012083053589
    ],
    "mean_labels": [
        17.792837142944336,
        17.48741340637207,
        17.925561904907227,
        17.59455680847168,
        11.525654792785645,
        12.383353233337402,
        8.51891040802002,
        9.328429222106934,
        144.4600830078125,
        1753.164306640625,
        0.38658228516578674
    ],
    "std_dev_labels": [
        11.25644588470459,
        11.104630470275879,
        11.278340339660645,
        11.089096069335938,
        20.492603302001953,
        21.498327255249023,
        16.87956428527832,
        17.407163619995117,
        145.86715698242188,
        51.89939880371094,
        1.0703529119491577
    ]
}