{
    "mean_data": [
        0.011464767158031464,
        0.48771950602531433,
        9.762785911560059,
        -0.012807007879018784,
        0.0024425541050732136,
        0.004780256655067205,
        0.0006894748657941818,
        -0.0033132419921457767,
        11.851346015930176,
        -0.05692803114652634,
        -3.0936086177825928,
        0.05341833829879761,
        12.355769157409668,
        12.150323867797852,
        12.415628433227539,
        12.252449035644531,
        2.0714809894561768,
        1.6980900764465332,
        1.9716441631317139,
        2.0579473972320557,
        69.16665649414062,
        1993.37353515625,
        0.24356324970722198
    ],
    "std_dev_data": [
        0.8230045437812805,
        4.614560604095459,
        4.972696304321289,
        0.0035989051684737206,
        0.020220432430505753,
        0.016775203868746758,
        0.023203371092677116,
        0.013774000108242035,
        3.449895143508911,
        0.153696671128273,
        1.7455425262451172,
        0.1450478434562683,
        3.6281239986419678,
        3.535717248916626,
        3.5670464038848877,
        3.4840633869171143,
        4.272894859313965,
        4.004499912261963,
        4.569067478179932,
        4.795611381530762,
        75.53465270996094,
        14.56338119506836,
        0.5994014143943787
    ],
    "mean_labels": [
        12.355962753295898,
        12.150534629821777,
        12.415865898132324,
        12.252656936645508,
        2.0717263221740723,
        1.6983646154403687,
        1.971206545829773,
        2.057971715927124,
        69.16674041748047,
        1993.37353515625,
        0.24356289207935333
    ],
    "std_dev_labels": [
        3.6277916431427,
        3.5355865955352783,
        3.566697835922241,
        3.4838061332702637,
        4.273041725158691,
        4.0046610832214355,
        4.567540168762207,
        4.795680999755859,
        75.53822326660156,
        14.56338119506836,
        0.599402904510498
    ]
}