{
    "mean_data": [
        0.22609423100948334,
        0.9757875800132751,
        9.799739837646484,
        -0.004969567060470581,
        -0.0015399911208078265,
        -0.019054029136896133,
        0.0011435773922130466,
        0.004535142797976732,
        14.54115104675293,
        0.05761957913637161,
        -2.964240074157715,
        0.0652960017323494,
        16.00383186340332,
        15.689690589904785,
        16.061904907226562,
        15.761903762817383,
        7.733370304107666,
        7.834695339202881,
        6.981197834014893,
        7.612122535705566,
        138.28504943847656,
        1802.9583740234375,
        0.3482111692428589
    ],
    "std_dev_data": [
        2.695488452911377,
        4.003941059112549,
        1.5272201299667358,
        0.022723080590367317,
        0.029415486380457878,
        0.02442922256886959,
        0.029181424528360367,
        0.017090342938899994,
        10.94510555267334,
        0.270190566778183,
        1.5552815198898315,
        0.23654180765151978,
        10.478432655334473,
        10.313230514526367,
        10.474703788757324,
        10.268669128417969,
        11.275276184082031,
        11.315004348754883,
        10.528202056884766,
        11.137215614318848,
        139.47959899902344,
        65.74781036376953,
        0.906848132610321
    ],
    "mean_labels": [
        16.00645637512207,
        15.691821098327637,
        16.063316345214844,
        15.76410961151123,
        7.730319976806641,
        7.829579830169678,
        6.976649284362793,
        7.609986305236816,
        138.296630859375,
        1802.9583740234375,
        0.34817540645599365
    ],
    "std_dev_labels": [
        10.476849555969238,
        10.311552047729492,
        10.473342895507812,
        10.267083168029785,
        11.273271560668945,
        11.308721542358398,
        10.5263671875,
        11.137975692749023,
        139.53590393066406,
        65.74781036376953,
        0.9068939089775085
    ]
}