{
    "mean_data": [
        0.24590326845645905,
        0.9994767904281616,
        9.818446159362793,
        -0.004860125947743654,
        -0.0017085945000872016,
        -0.019135765731334686,
        0.0007807319052517414,
        0.004436217248439789,
        14.509156227111816,
        0.05457865819334984,
        -2.9672348499298096,
        0.06553127616643906,
        16.006336212158203,
        15.696488380432129,
        16.06760597229004,
        15.771332740783691,
        7.610823154449463,
        7.71235466003418,
        6.804111480712891,
        7.494852542877197,
        138.74673461914062,
        1802.8594970703125,
        0.3511805534362793
    ],
    "std_dev_data": [
        2.681997537612915,
        3.9935033321380615,
        1.5323216915130615,
        0.02249988541007042,
        0.02923736907541752,
        0.024339275434613228,
        0.02949504554271698,
        0.016748866066336632,
        10.929622650146484,
        0.26749855279922485,
        1.5473517179489136,
        0.23551800847053528,
        10.447046279907227,
        10.287747383117676,
        10.451820373535156,
        10.246600151062012,
        11.084507942199707,
        11.204316139221191,
        10.31362247467041,
        11.013396263122559,
        139.8242950439453,
        65.58963775634766,
        0.8988149166107178
    ],
    "mean_labels": [
        16.008991241455078,
        15.699151039123535,
        16.070083618164062,
        15.77338981628418,
        7.608951091766357,
        7.709259033203125,
        6.7978057861328125,
        7.4877610206604,
        138.72769165039062,
        1802.8594970703125,
        0.351119726896286
    ],
    "std_dev_labels": [
        10.445253372192383,
        10.286395072937012,
        10.450348854064941,
        10.244803428649902,
        11.085225105285645,
        11.20003890991211,
        10.306673049926758,
        11.009114265441895,
        139.84779357910156,
        65.58963775634766,
        0.8988165259361267
    ]
}