{
    "mean_data": [
        0.25547462701797485,
        0.9425757527351379,
        9.81270694732666,
        -0.0048865401186048985,
        -0.0018741764361038804,
        -771.8319091796875,
        -459.6012878417969,
        -1.5667332410812378,
        -0.019196242094039917,
        0.0008505181176587939,
        0.0044386982917785645,
        14.503999710083008,
        0.05444685369729996,
        -2.9715819358825684,
        0.06309568881988525,
        16.015390396118164,
        15.698617935180664,
        16.070707321166992,
        15.770566940307617,
        7.616607189178467,
        7.733941555023193,
        6.90625524520874,
        7.539778709411621,
        139.2323455810547,
        1802.746337890625,
        0.34940963983535767
    ],
    "std_dev_data": [
        2.6864609718322754,
        3.9881370067596436,
        1.5127131938934326,
        0.02263667806982994,
        0.029613371938467026,
        92.32242584228516,
        90.42627716064453,
        2.5477609634399414,
        0.02435365691781044,
        0.02914341352880001,
        0.01690630428493023,
        10.958415031433105,
        0.270468533039093,
        1.5507723093032837,
        0.23463286459445953,
        10.476746559143066,
        10.310494422912598,
        10.473626136779785,
        10.26611042022705,
        11.13610553741455,
        11.21053695678711,
        10.482848167419434,
        11.0199556350708,
        139.49008178710938,
        65.57463073730469,
        0.9015586972236633
    ],
    "mean_labels": [
        16.017736434936523,
        15.701108932495117,
        16.07235336303711,
        15.772764205932617,
        7.617154598236084,
        7.734496116638184,
        6.9052886962890625,
        7.53403902053833,
        139.21002197265625,
        1802.746337890625,
        0.34943875670433044
    ],
    "std_dev_labels": [
        10.474431991577148,
        10.30917739868164,
        10.471545219421387,
        10.264674186706543,
        11.139626502990723,
        11.21720027923584,
        10.488994598388672,
        11.01417350769043,
        139.4683074951172,
        65.57463073730469,
        0.9015492796897888
    ]
}