{
    "mean_data": [
        0.285792738199234,
        0.9968734383583069,
        9.763055801391602,
        -0.008639526553452015,
        0.0005595859256573021,
        -0.00435359263792634,
        0.0008031350444070995,
        -0.004766978323459625,
        17.5643310546875,
        -0.09327772259712219,
        -2.952577829360962,
        0.06534100323915482,
        17.736669540405273,
        17.429092407226562,
        17.870107650756836,
        17.535959243774414,
        11.428182601928711,
        12.260282516479492,
        8.454202651977539,
        9.288409233093262,
        144.39102172851562,
        1753.722412109375,
        0.39086130261421204
    ],
    "std_dev_data": [
        3.118967294692993,
        6.718508243560791,
        4.571366786956787,
        0.021391676738858223,
        0.03363502398133278,
        0.024027623236179352,
        0.03374995291233063,
        0.023638194426894188,
        11.132328987121582,
        0.6487805843353271,
        1.7361377477645874,
        0.29048165678977966,
        11.24792194366455,
        11.091355323791504,
        11.266033172607422,
        11.07362174987793,
        20.36949348449707,
        21.306068420410156,
        16.738445281982422,
        17.298856735229492,
        145.77651977539062,
        51.68547058105469,
        1.070257544517517
    ],
    "mean_labels": [
        17.739259719848633,
        17.431638717651367,
        17.87320327758789,
        17.537885665893555,
        11.425107955932617,
        12.256190299987793,
        8.453222274780273,
        9.283541679382324,
        144.3811492919922,
        1753.724609375,
        0.39063969254493713
    ],
    "std_dev_labels": [
        11.245701789855957,
        11.089603424072266,
        11.264357566833496,
        11.07129955291748,
        20.365755081176758,
        21.300376892089844,
        16.73462677001953,
        17.291988372802734,
        145.8480987548828,
        51.68643569946289,
        1.0701173543930054
    ]
}