{
    "mean_data": [
        0.009839994832873344,
        0.49999919533729553,
        9.776144027709961,
        -0.01280522532761097,
        0.0024187734816223383,
        0.004790768027305603,
        0.0006976677686907351,
        -0.0033525186590850353,
        11.853697776794434,
        -0.05741986632347107,
        -3.0959324836730957,
        0.05343800038099289,
        12.350833892822266,
        12.144990921020508,
        12.411149978637695,
        12.247714042663574,
        2.0826640129089355,
        1.70125412940979,
        1.9737530946731567,
        2.065476417541504,
        69.10202026367188,
        1993.3944091796875,
        0.24569861590862274
    ],
    "std_dev_data": [
        0.8251540660858154,
        4.609532833099365,
        4.9572272300720215,
        0.0036004085559397936,
        0.020264802500605583,
        0.016757488250732422,
        0.023192796856164932,
        0.013786790892481804,
        3.4496119022369385,
        0.15339946746826172,
        1.743587851524353,
        0.14507105946540833,
        3.6273884773254395,
        3.534785270690918,
        3.5659823417663574,
        3.482879161834717,
        4.269913673400879,
        3.9959447383880615,
        4.562158584594727,
        4.799219131469727,
        75.48211669921875,
        14.572864532470703,
        0.6012940406799316
    ],
    "mean_labels": [
        12.35112476348877,
        12.145203590393066,
        12.411442756652832,
        12.24791431427002,
        2.08286714553833,
        1.70107102394104,
        1.973575472831726,
        2.0654444694519043,
        69.1043930053711,
        1993.3944091796875,
        0.24569755792617798
    ],
    "std_dev_labels": [
        3.6270878314971924,
        3.5344042778015137,
        3.5655341148376465,
        3.482617139816284,
        4.270082473754883,
        3.995734453201294,
        4.561302661895752,
        4.799151420593262,
        75.48221588134766,
        14.572864532470703,
        0.6013017296791077
    ]
}