{
    "mean_data": [
        0.22356940805912018,
        0.9666774868965149,
        9.81452751159668,
        -0.004945455119013786,
        -0.0017841305816546082,
        -0.019259175285696983,
        0.0010247814934700727,
        0.004373413976281881,
        14.495224952697754,
        0.05421403422951698,
        -2.969895601272583,
        0.06335831433534622,
        15.984696388244629,
        15.676283836364746,
        16.047607421875,
        15.747097969055176,
        7.760793685913086,
        7.86299467086792,
        6.982465744018555,
        7.648677825927734,
        138.50820922851562,
        1803.1416015625,
        0.3411926329135895
    ],
    "std_dev_data": [
        2.6993777751922607,
        4.009334564208984,
        1.498055100440979,
        0.022675786167383194,
        0.02954927273094654,
        0.024435266852378845,
        0.029061436653137207,
        0.01684664748609066,
        10.965655326843262,
        0.27248427271842957,
        1.5465667247772217,
        0.23614837229251862,
        10.475923538208008,
        10.315220832824707,
        10.481680870056152,
        10.273496627807617,
        11.167171478271484,
        11.280031204223633,
        10.511606216430664,
        11.137369155883789,
        139.73672485351562,
        65.74958038330078,
        0.9010763764381409
    ],
    "mean_labels": [
        15.986932754516602,
        15.67866039276123,
        16.04944610595703,
        15.749430656433105,
        7.758381366729736,
        7.861990928649902,
        6.981944561004639,
        7.6473002433776855,
        138.5221710205078,
        1803.1416015625,
        0.3412076532840729
    ],
    "std_dev_labels": [
        10.474200248718262,
        10.313597679138184,
        10.479872703552246,
        10.27203369140625,
        11.166438102722168,
        11.283994674682617,
        10.514606475830078,
        11.135662078857422,
        139.76199340820312,
        65.74958038330078,
        0.9009996652603149
    ]
}